Thana,District,Accident_Severity,Month,Year,Time,Junction_Type,Traffic_Control,Movement,Divider,Weather,Light,Road_Geometry,Surface_Condition,Surface_Type,Surface_Quality,Road_Class,Road_Feature,Location_Type,Vehicle_Type,Vehicle_Movement,Vehicle_Loading,Vehicle_Defect,Vehicle_Driver_Age,Vehicle_Alcohol,Vehicle_Seat_Belt
1,47,4,1,2001,4,2,2,2,2,1,2,1,1,1,1,2,1,2,6,6,1,1,32,2,2
4,47,4,1,2001,2,1,1,2,2,1,1,3,1,1,1,3,1,1,14,6,1,1,42,2,2
12,47,3,1,2001,3,1,1,2,2,1,1,1,1,1,1,1,1,2,9,6,1,1,25,2,2
1,39,4,1,2001,3,1,1,2,2,1,1,1,1,1,1,1,1,2,9,6,1,1,35,2,2
1,48,4,1,2001,2,1,1,2,2,1,1,1,1,1,1,3,1,2,14,6,1,1,,2,2
6,48,4,1,2001,3,1,1,2,2,1,1,1,1,1,1,3,1,2,14,6,1,1,,2,2
7,50,3,1,2001,4,1,1,2,2,4,4,1,1,1,1,2,1,2,12,6,1,1,26,2,2
9,50,3,1,2001,3,1,1,2,2,1,1,1,1,1,1,3,1,2,14,6,1,1,,2,2
11,50,4,1,2001,2,1,1,2,2,1,1,1,1,1,1,2,1,2,14,6,1,1,,2,2
11,50,3,1,2001,4,1,1,2,2,1,4,1,1,1,1,2,1,2,14,6,1,1,,2,2
13,50,3,1,2001,2,1,1,2,2,1,1,1,1,1,1,2,1,1,9,6,1,1,,2,2
9,52,4,1,2001,3,1,1,2,2,1,1,1,1,1,1,3,1,2,9,6,1,1,,2,2
2,46,4,1,2001,4,1,1,2,2,1,2,1,1,1,1,1,1,2,9,6,1,1,,2,2
5,46,4,1,2001,2,1,1,2,2,1,1,1,1,1,1,1,1,2,8,6,1,1,,2,2
1,35,3,1,2001,2,1,1,2,2,1,1,1,1,1,1,2,1,2,14,6,1,1,,2,2
2,35,4,1,2001,3,1,1,2,2,1,1,1,1,1,1,2,1,2,9,6,1,1,,2,2
5,44,4,1,2001,2,1,1,2,2,1,1,1,1,1,1,1,1,2,14,6,1,1,40,2,2
1,45,4,1,2001,2,1,1,2,2,1,1,1,1,1,1,1,1,2,14,6,1,1,,2,2
1,48,4,1,2001,1,1,1,2,2,4,2,1,1,1,1,1,1,2,10,6,1,1,25,2,2
1,50,2,2,2001,2,1,1,2,2,1,1,1,1,1,1,1,1,1,6,6,1,1,,2,2
11,50,4,1,2001,2,1,1,2,2,1,1,1,1,1,1,2,1,2,14,6,1,1,,2,2
1,35,1,2,2001,2,1,1,2,2,1,1,2,1,1,1,2,1,2,9,6,1,1,,2,2
2,35,3,2,2001,3,1,1,2,2,1,1,1,1,1,1,3,1,2,9,6,1,1,24,2,2
7,38,3,2,2001,2,1,1,2,2,1,1,1,1,1,1,3,1,2,6,6,1,1,,2,2
1,48,1,3,2001,3,1,1,2,2,1,1,1,1,1,1,1,1,2,6,6,1,1,25,2,2
1,35,1,3,2001,2,1,1,2,2,1,1,1,1,1,1,3,1,2,10,6,1,1,,2,2
1,35,3,3,2001,3,1,1,2,2,1,1,1,1,1,1,2,1,2,14,6,1,1,39,2,2
1,47,3,3,2001,3,1,1,2,2,1,1,1,1,1,1,1,1,1,14,6,1,1,40,2,2
2,47,4,3,2001,2,1,1,2,2,1,1,1,1,1,1,3,1,2,14,6,1,1,,2,2
2,45,4,3,2001,2,1,1,2,2,1,1,1,1,1,1,1,1,2,12,6,1,1,,2,2
4,44,4,2,2001,1,1,1,2,2,1,4,2,1,1,2,3,1,2,14,6,1,1,30,2,2
6,51,4,3,2001,4,1,1,2,2,1,2,1,1,1,1,3,1,2,6,6,1,1,25,2,2
1,40,4,4,2001,4,1,1,2,2,1,4,2,1,1,1,1,1,2,14,10,1,1,,2,2
1,36,3,4,2001,4,1,1,2,2,1,4,1,1,1,1,3,1,2,4,6,1,1,,2,2
5,41,4,2,2001,2,1,1,2,2,1,1,1,1,1,1,1,1,2,9,6,1,1,,2,2
5,41,2,3,2001,1,1,1,2,2,1,4,1,1,1,1,1,1,2,7,6,1,1,,2,2
1,47,3,4,2001,3,1,1,2,2,1,1,1,1,1,1,1,1,1,9,6,1,1,40,2,2
9,47,3,4,2001,3,1,2,2,2,1,1,1,1,1,1,1,1,2,9,6,1,1,,2,2
12,47,1,4,2001,2,1,1,2,2,1,2,1,1,1,1,1,1,2,14,6,1,1,,2,2
1,51,4,3,2001,2,1,1,2,2,1,1,1,1,1,1,2,1,2,9,6,1,1,,2,2
4,51,3,4,2001,3,1,1,2,2,1,1,3,1,2,2,1,1,2,14,6,1,1,,2,2
8,51,3,3,2001,1,1,2,2,1,1,4,1,1,1,1,2,1,2,14,6,1,1,,2,2
3,45,3,4,2001,4,1,1,2,2,1,4,1,1,1,1,3,1,2,6,6,1,1,,2,2
1,35,4,4,2001,3,1,1,2,2,1,2,1,1,1,1,2,1,2,9,6,1,1,,2,2
6,40,2,5,2001,2,1,1,2,2,1,1,1,1,1,1,1,1,2,12,6,1,1,,2,2
6,40,4,5,2001,3,1,1,2,2,1,1,1,1,1,1,1,1,2,14,6,1,1,,2,2
7,40,4,5,2001,3,1,1,2,2,1,1,2,1,1,2,3,1,2,14,6,1,1,,2,2
1,44,4,3,2001,3,1,1,2,2,1,1,2,1,1,1,2,1,1,14,6,1,1,,2,2
6,44,2,3,2001,3,1,1,2,2,1,1,1,1,1,1,1,1,2,5,5,1,1,,2,2
1,50,4,5,2001,4,1,1,2,2,1,3,1,1,1,1,1,1,2,9,6,1,1,,2,2
1,47,4,5,2001,3,1,1,2,2,1,1,1,1,1,1,1,1,2,,6,1,1,,2,2
7,47,3,5,2001,2,1,1,2,2,1,1,1,1,1,1,1,1,1,12,6,1,1,,2,2
9,47,4,5,2001,1,1,1,2,2,1,4,1,1,1,1,1,1,2,9,6,1,1,,2,2
3,39,4,5,2001,3,1,1,2,2,1,1,1,1,1,1,1,1,2,9,6,1,1,,2,2
2,43,4,5,2001,1,1,1,2,2,2,2,1,1,1,1,1,1,2,12,6,1,1,25,2,2
5,37,4,5,2001,2,1,1,2,2,1,1,1,1,1,1,3,1,2,14,6,1,1,,2,2
1,45,4,5,2001,4,1,1,2,2,1,2,1,1,1,1,1,1,2,9,6,1,1,,2,2
3,36,4,5,2001,3,1,1,2,2,1,1,1,1,1,1,3,1,2,7,6,1,1,21,2,2
1,38,3,5,2001,2,1,1,2,2,1,1,1,1,1,1,1,1,2,9,6,1,1,40,2,2
5,38,4,2,2001,2,1,1,2,2,1,1,2,1,2,1,3,1,2,4,6,1,1,,2,2
6,38,4,5,2001,1,1,1,2,2,1,4,2,1,1,1,1,1,2,10,10,1,1,30,2,2
1,38,3,6,2001,4,1,1,2,2,1,2,1,1,1,1,3,1,2,6,6,1,1,28,2,2
1,50,3,7,2001,2,1,1,2,2,1,1,1,1,1,1,1,1,1,14,5,1,1,,2,2
10,50,4,7,2001,4,1,1,2,2,1,3,1,1,1,1,1,1,2,6,6,1,1,,2,2
1,40,4,8,2001,3,1,1,2,2,1,1,2,1,1,1,3,1,2,5,6,1,1,,2,2
3,40,4,8,2001,2,1,1,2,2,1,1,1,1,1,1,1,1,2,9,6,1,1,,2,2
3,40,4,8,2001,3,1,1,2,2,1,1,1,1,1,1,1,1,2,9,6,1,1,,2,2
1,45,4,6,2001,4,1,1,2,2,1,4,1,1,1,1,3,1,1,8,6,1,1,,2,2
2,45,3,6,2001,2,1,1,2,2,1,1,1,1,1,1,1,1,2,14,6,1,1,40,2,2
6,45,3,6,2001,2,1,1,2,2,2,1,1,2,1,1,1,1,2,9,6,1,1,,2,2
1,35,3,5,2001,2,1,1,2,2,1,2,2,1,1,1,2,1,2,14,6,1,1,25,2,2
1,35,3,5,2001,2,1,1,2,2,1,1,1,1,1,1,2,1,2,7,6,1,1,,2,2
2,35,4,5,2001,3,1,1,2,2,1,1,1,1,1,1,3,1,2,14,6,1,1,,2,2
4,35,1,5,2001,2,1,1,2,2,2,1,1,2,1,1,1,2,2,9,6,1,1,,2,2
1,35,4,6,2001,3,1,1,2,2,1,1,1,1,1,1,2,1,2,9,6,1,1,,2,2
1,39,4,7,2001,2,1,1,2,2,1,1,1,1,1,1,1,1,2,9,6,1,1,,2,2
1,47,4,7,2001,2,1,1,2,2,1,1,1,1,1,1,1,3,2,14,6,1,1,,2,2
8,47,3,7,2001,3,1,1,2,2,1,1,1,1,1,1,3,1,2,10,6,1,1,,2,2
8,47,3,7,2001,2,1,1,2,2,1,1,1,1,1,1,1,1,2,14,6,1,1,,2,2
9,47,4,7,2001,2,1,1,2,2,1,1,1,1,1,1,1,1,1,13,6,1,1,,2,2
12,50,4,8,2001,4,1,1,2,2,1,4,1,1,1,1,1,1,1,14,6,1,1,45,2,2
1,43,4,8,2001,4,1,1,2,2,1,4,1,1,1,1,3,1,2,14,6,1,1,,2,2
5,47,3,8,2001,3,1,1,2,2,1,2,1,1,1,1,1,1,2,9,6,1,1,,2,2
5,47,3,8,2001,3,1,1,2,2,1,1,1,1,1,1,1,1,2,9,6,1,1,32,2,2
2,45,3,7,2001,4,1,1,2,2,1,2,1,1,1,1,3,1,2,14,6,1,1,,2,2
1,35,2,8,2001,2,1,1,2,2,1,1,1,1,1,1,2,1,1,8,6,1,1,,2,2
4,35,2,9,2001,4,1,1,2,2,1,4,1,1,1,1,1,1,2,14,6,1,1,,2,2
5,41,4,4,2001,1,1,1,2,1,1,4,1,1,1,1,2,1,1,14,6,1,1,,2,2
2,35,4,10,2001,2,1,1,2,2,1,1,1,1,1,1,3,1,2,14,6,1,1,,2,2
1,38,4,10,2001,3,1,1,2,2,1,1,1,1,1,1,1,1,2,9,6,1,1,,2,2
1,45,4,10,2001,3,1,1,2,2,1,1,1,1,1,1,2,1,2,8,6,1,1,25,2,2
2,36,3,10,2001,3,1,1,2,2,1,1,1,1,1,1,1,1,2,7,6,1,1,,2,2
1,38,4,11,2001,3,1,1,2,2,1,1,1,1,1,1,1,1,2,9,6,1,1,,2,2
1,45,3,11,2001,2,1,1,2,2,1,1,1,1,1,1,1,1,2,9,6,1,1,,2,2
6,45,4,11,2001,3,1,1,2,2,1,1,1,1,1,1,1,1,2,8,6,1,1,,2,2
8,47,4,11,2001,2,1,1,2,2,1,1,1,1,1,1,1,1,2,14,6,1,1,,2,2
8,47,4,11,2001,3,1,1,2,2,1,2,1,1,1,1,1,1,2,9,6,1,1,,2,2
9,47,4,11,2001,3,1,1,2,2,1,1,1,1,1,1,1,1,2,9,6,1,1,,2,2
1,38,4,12,2001,4,1,1,2,2,1,4,1,1,1,1,1,1,2,9,6,1,1,45,2,2
1,38,4,12,2001,3,1,1,2,2,1,1,1,1,1,1,1,1,2,9,6,1,1,,2,2
3,38,4,12,2001,2,1,1,2,2,4,1,1,1,1,1,3,1,2,9,6,1,1,35,2,2
6,38,3,12,2001,3,1,1,2,2,1,1,1,1,1,1,1,1,2,14,6,1,1,,2,2
1,36,4,12,2001,2,1,1,2,2,1,1,1,1,1,1,3,1,2,9,6,1,1,,2,2
4,36,4,12,2001,2,1,1,2,2,1,1,2,1,1,1,1,1,2,14,6,1,1,,2,2
3,39,4,11,2001,3,1,1,2,2,1,1,1,1,1,1,1,1,2,9,6,1,1,,2,2
3,39,4,11,2001,4,1,1,2,2,1,4,1,1,1,1,1,1,2,9,6,1,1,,2,2
4,35,4,10,2001,3,1,1,2,2,1,2,1,1,1,1,2,1,2,9,6,1,1,,2,2
1,35,4,12,2001,3,1,1,2,2,1,1,1,1,1,1,2,1,2,9,6,1,1,27,2,2
1,49,4,6,2001,4,1,1,2,2,1,2,1,1,1,1,2,1,2,6,6,1,1,,2,2
2,49,4,7,2001,3,1,1,2,2,1,1,1,1,1,1,3,1,2,14,6,1,1,,2,2
3,40,3,11,2001,3,1,1,2,2,1,1,1,1,1,1,1,1,2,9,6,1,1,,2,2
3,40,3,10,2001,4,1,1,2,2,1,4,2,1,1,1,1,1,2,14,6,1,1,,2,2
6,40,3,12,2001,2,1,1,2,2,1,2,1,1,1,1,1,1,2,9,6,1,1,,2,2
1,52,4,12,2001,3,1,1,2,2,1,2,1,1,1,1,3,1,2,9,6,1,1,,2,2
1,50,4,10,2001,2,1,1,2,2,1,1,1,1,1,1,1,1,1,8,6,1,1,,2,2
1,50,4,11,2001,3,1,1,2,2,1,1,1,1,1,1,1,1,1,9,6,1,1,,2,2
1,50,3,11,2001,2,1,1,2,2,1,1,1,1,1,1,1,1,1,14,6,1,1,,2,2
9,50,1,11,2001,2,1,1,2,2,1,1,1,1,1,1,3,1,2,19,6,1,1,,2,2
1,50,4,12,2001,4,1,1,2,2,1,3,1,1,1,1,1,1,2,7,6,1,1,,2,2
1,50,4,12,2001,3,1,1,2,2,1,1,1,1,1,1,1,1,2,8,6,1,1,24,2,2
4,45,3,12,2001,2,1,1,2,2,1,1,1,1,1,1,3,1,2,8,6,1,1,,2,2
3,46,4,5,2001,2,1,1,2,2,1,1,1,1,1,1,3,1,2,14,6,1,1,,2,2
5,46,4,3,2001,2,1,1,2,2,1,1,1,1,1,1,1,1,2,9,6,1,1,,2,2
5,46,2,10,2001,3,1,1,2,2,1,1,1,1,1,1,1,1,2,7,6,1,1,,2,2
6,47,4,12,2001,3,1,1,2,2,1,1,1,1,1,1,3,1,2,9,6,1,1,,2,2
7,47,4,12,2001,2,1,1,2,2,1,1,1,1,1,1,1,1,2,8,6,1,1,,2,2
12,47,4,12,2001,2,1,1,2,2,1,2,1,1,1,1,1,1,1,12,6,1,1,,2,2
4,51,2,12,2001,3,1,1,2,2,1,1,3,1,1,2,2,1,2,14,6,1,1,,2,2
7,51,3,6,2001,2,1,1,2,2,1,1,1,1,1,1,3,1,2,14,6,1,1,,2,2
9,51,4,5,2001,4,1,1,2,2,1,4,1,1,1,1,3,1,2,14,6,1,1,,2,2
2,44,3,4,2001,3,1,1,2,2,1,1,1,1,1,1,1,1,2,7,6,1,1,,2,2
4,44,4,5,2001,2,1,1,2,2,1,2,1,1,1,1,2,1,2,14,6,1,1,,2,2
7,44,4,4,2001,3,1,1,2,2,1,2,1,1,1,1,3,1,2,14,6,1,1,,2,2
21,42,4,1,2001,3,1,1,2,1,1,1,1,1,1,1,5,1,1,14,6,1,,,2,2
21,42,4,2,2001,4,3,1,2,2,1,3,1,1,1,1,5,1,1,14,6,1,1,,2,2
3,42,4,1,2001,2,1,1,2,1,1,1,1,1,1,1,5,1,1,6,6,1,1,,2,2
4,42,4,1,2001,2,1,1,1,2,1,1,1,1,1,1,5,1,1,14,6,,,,,2
4,42,4,2,2001,3,1,1,2,1,1,1,1,1,1,1,5,1,1,9,6,,,,2,2
14,42,4,1,2001,4,2,4,2,1,1,3,1,1,1,1,5,1,1,14,6,,,,1,2
9,42,3,1,2001,3,5,6,2,1,1,1,1,1,1,1,5,1,1,5,6,,,,2,2
9,42,3,2,2001,4,1,1,2,2,1,3,1,1,1,1,5,1,1,10,6,,1,40,2,2
16,42,3,3,2001,4,2,5,1,1,1,3,1,1,1,1,5,1,1,14,6,,,,2,2
18,42,3,1,2001,3,1,1,2,1,1,1,1,1,1,1,5,1,1,7,6,,,,,2
18,42,3,3,2001,2,1,2,1,1,1,1,1,1,1,1,5,1,1,14,6,,1,35,2,2
18,42,3,3,2001,4,6,4,2,1,1,3,1,1,1,1,5,1,1,7,6,1,,25,2,2
21,42,3,3,2001,4,1,1,2,2,1,3,1,1,1,1,5,1,1,8,6,2,,,2,2
21,42,4,3,2001,3,1,4,2,1,1,2,1,1,1,1,5,1,1,14,6,,,,2,2
21,42,4,3,2001,2,1,1,2,1,1,1,1,1,1,1,5,1,1,9,6,,,,2,2
21,42,4,4,2001,2,1,1,2,1,1,1,1,1,1,1,5,1,1,14,6,,,,2,2
14,42,4,2,2001,3,3,4,2,1,1,1,1,1,1,1,5,1,1,9,6,1,1,23,2,2
14,42,3,3,2001,4,3,4,2,1,1,3,1,1,1,1,5,1,1,14,6,,,,2,2
14,42,3,3,2001,2,1,,2,1,1,1,1,1,1,1,5,1,1,9,6,,,,2,2
2,42,3,4,2001,3,1,1,1,1,1,1,1,1,1,1,5,1,1,4,6,1,1,,,
6,42,4,1,2001,3,1,1,2,2,1,1,1,1,1,1,5,1,1,9,6,,,,,2
6,42,4,1,2001,2,1,1,1,1,1,1,1,1,1,1,5,1,1,9,6,,,,,2
9,42,4,3,2001,3,1,1,2,1,1,2,1,1,1,1,5,1,1,8,6,1,,,1,2
15,42,4,1,2001,2,1,1,1,1,1,1,1,1,1,1,5,1,1,8,6,1,1,,2,2
10,42,4,1,2001,4,1,1,2,1,1,3,1,1,1,1,5,1,1,14,6,1,1,,2,2
10,42,3,1,2001,3,3,8,2,1,1,1,1,1,1,1,5,1,1,6,6,2,,25,2,2
3,42,1,5,2001,1,1,1,2,1,1,3,1,1,1,1,5,1,1,6,5,1,1,,2,2
12,42,4,3,2001,3,1,1,2,1,1,1,1,1,1,1,5,1,1,16,6,,,,2,2
12,42,4,4,2001,2,3,4,2,2,1,2,1,1,1,1,5,1,1,14,6,,,35,2,2
12,42,3,4,2001,3,3,1,2,2,1,1,1,1,1,1,5,1,1,7,6,,,,,
16,42,4,4,2001,2,2,4,2,1,1,1,1,1,1,1,5,1,1,9,6,1,7,,2,2
16,42,4,4,2001,3,3,5,2,1,1,1,1,1,1,1,5,1,1,6,6,1,1,,1,2
11,42,3,3,2001,2,1,1,2,1,1,1,1,1,1,1,5,1,1,9,6,,,,2,2
11,42,4,4,2001,2,1,1,2,1,1,2,1,1,1,1,5,1,1,14,6,,,,2,2
16,42,3,6,2001,4,7,5,2,1,1,3,1,1,1,1,5,1,1,10,6,1,1,,1,2
16,42,3,6,2001,1,1,5,2,1,1,3,1,1,1,1,5,1,1,9,6,1,7,,1,2
21,42,4,6,2001,2,1,1,2,1,1,1,1,1,1,1,5,1,1,14,6,,,,1,2
1,42,4,3,2001,2,1,1,2,1,1,1,1,1,1,1,5,1,1,8,6,1,1,,2,2
1,42,4,4,2001,2,3,6,2,1,1,2,1,1,1,1,5,1,1,19,6,,,,2,2
1,42,3,5,2001,2,6,4,2,1,1,1,1,1,1,1,5,1,1,16,1,1,1,,2,2
5,42,3,6,2001,4,1,1,2,2,1,3,1,1,1,1,5,1,1,14,7,1,1,,2,2
5,42,3,6,2001,4,3,4,2,2,1,3,1,1,1,1,5,1,1,14,6,,,25,2,2
1,42,3,6,2001,2,2,6,2,1,1,1,1,1,1,1,5,1,1,14,6,2,7,,2,2
14,42,4,5,2001,2,3,4,2,1,1,1,1,1,1,1,5,1,1,14,6,,,,,
14,42,4,6,2001,4,1,1,2,1,1,3,1,1,1,1,5,1,1,14,6,2,7,28,1,2
14,42,4,7,2001,1,3,1,2,1,1,3,1,1,1,1,5,1,1,9,6,2,7,,1,2
12,42,4,5,2001,4,1,1,2,1,1,3,1,1,1,1,5,1,1,14,6,,,,,
12,42,4,7,2001,2,6,4,2,1,1,1,1,1,1,1,5,1,1,9,6,2,7,,,2
12,42,4,8,2001,2,1,1,2,1,1,2,1,1,1,1,5,1,1,19,6,,,,,2
17,42,3,2,2001,3,2,1,2,1,1,2,1,1,1,1,5,1,1,5,6,1,7,,,2
17,42,3,7,2001,1,1,1,2,1,1,2,1,1,1,1,5,1,1,8,6,,,,,2
6,42,3,3,2001,2,1,1,2,1,1,1,1,1,1,1,5,1,1,14,6,,,,,2
6,42,4,4,2001,4,1,1,2,2,1,4,1,1,1,1,5,1,1,14,,,,,,2
6,42,4,5,2001,,1,1,2,2,1,,1,1,1,1,5,1,1,2,6,,,,,2
6,42,4,6,2001,4,1,1,2,1,1,3,1,1,1,1,5,1,1,14,6,,,,2,2
16,42,4,9,2001,3,,5,2,1,1,1,1,1,1,1,5,1,1,16,6,1,,,,
16,42,3,10,2001,2,7,5,2,1,1,2,1,1,1,1,5,1,1,19,6,,,,1,2
2,42,3,5,2001,1,2,4,2,1,1,2,1,1,1,1,5,1,1,14,6,,7,,,2
2,42,3,7,2001,2,1,1,2,1,1,1,1,1,1,1,5,1,1,6,6,,7,20,2,2
2,42,4,7,2001,4,1,1,2,1,1,2,1,1,1,1,5,1,1,9,6,1,7,,,2
21,42,3,7,2001,1,1,1,2,2,1,4,1,1,1,1,5,1,1,14,6,,,,,2
21,42,4,8,2001,2,1,1,2,2,1,1,1,1,1,1,5,1,1,8,6,2,,,2,2
21,42,3,9,2001,4,1,1,2,2,1,3,1,1,1,1,5,1,1,14,6,2,7,,1,2
21,42,3,9,2001,1,1,1,2,2,1,2,1,1,1,1,5,1,1,14,6,,7,,,2
9,42,4,10,2001,1,1,1,2,1,1,2,1,1,1,1,5,1,1,14,6,,,,,2
14,42,4,8,2001,2,3,1,2,1,1,1,1,1,1,1,5,1,1,13,6,,,,,2
14,42,3,8,2001,1,1,1,2,1,1,3,1,1,1,1,5,1,1,14,6,,2,35,1,2
14,42,3,8,2001,2,3,4,2,1,1,1,1,1,1,1,5,1,1,9,6,,,,,
14,42,3,8,2001,3,3,4,2,1,1,1,2,1,1,1,5,1,1,10,6,1,,,2,2
14,42,3,9,2001,4,1,4,2,1,1,2,1,1,1,1,5,1,1,14,6,,,,1,2
1,42,3,9,2001,3,1,1,2,1,1,1,1,1,1,1,5,1,1,10,6,,,,,2
5,42,4,11,2001,2,1,1,2,2,1,1,1,1,1,1,5,1,1,14,6,1,7,,2,2
21,42,3,12,2001,2,1,1,2,2,1,1,1,1,1,1,5,1,1,14,6,1,,,1,2
10,42,3,5,2001,4,1,1,2,1,1,1,1,1,1,1,5,1,1,14,6,,,,,2
10,42,4,8,2001,3,3,6,2,1,1,1,1,1,1,1,5,1,1,8,6,,,,2,2
10,42,3,9,2001,4,1,1,2,1,1,3,1,1,1,1,5,1,1,10,6,,,,,2
7,42,3,7,2001,2,1,1,2,1,1,1,1,1,1,1,5,1,1,6,6,2,1,,2,2
17,42,4,9,2001,1,1,1,2,1,1,3,1,1,1,1,5,1,1,7,6,1,,,2,2
17,42,4,11,2001,2,1,1,2,2,1,1,1,1,1,1,5,1,1,10,6,1,1,,2,2
17,42,3,12,2001,4,1,1,2,1,1,3,1,1,1,1,5,1,1,9,6,,,,2,2
11,42,3,6,2001,1,1,1,2,1,1,3,1,1,1,1,5,1,1,14,6,1,1,,,2
11,42,4,6,2001,2,3,2,2,1,1,1,1,1,1,1,5,1,1,8,6,,,30,2,2
11,42,4,7,2001,3,5,6,2,1,1,1,1,1,1,1,5,1,1,8,6,1,1,,,2
11,42,4,7,2001,2,1,1,2,1,1,1,1,1,1,1,5,1,1,7,6,,,,,2
11,42,3,9,2001,3,1,1,2,1,1,1,1,1,1,1,5,1,1,6,6,,,,2,2
11,42,3,9,2001,2,1,1,2,1,1,1,1,1,1,1,5,1,1,19,6,,,,,2
11,42,4,10,2001,2,1,1,2,1,1,2,1,1,1,1,5,1,1,14,6,1,1,,2,2
11,42,3,11,2001,2,1,1,2,1,1,1,1,1,1,1,5,1,1,14,6,,,,,2
22,42,4,8,2001,3,1,5,2,1,1,1,1,1,1,1,5,1,1,10,6,1,1,,,
22,42,4,8,2001,4,1,5,1,1,1,3,1,1,1,1,5,1,1,14,6,,,,,
15,42,4,5,2001,3,1,1,2,1,1,1,1,1,1,1,5,1,1,8,6,1,7,28,1,2
4,42,3,6,2001,2,2,8,2,1,1,2,1,1,1,1,5,1,1,8,6,,,,1,2
4,42,4,7,2001,2,1,1,2,1,1,1,1,1,1,1,5,1,1,9,6,2,,,2,2
4,42,3,8,2001,3,1,8,1,1,1,1,1,1,1,1,5,1,1,9,6,2,,35,2,2
4,42,3,9,2001,2,1,1,2,1,1,1,1,1,1,1,5,1,1,9,6,,,,,2
4,42,4,10,2001,1,1,1,2,2,1,3,1,1,1,1,5,1,1,14,6,2,,,2,2
1,54,4,1,2001,2,1,3,2,2,1,1,1,1,1,1,3,1,2,9,6,1,1,30,2,2
5,54,4,1,2001,3,1,1,2,2,1,1,1,1,3,1,4,1,2,19,4,1,1,,2,2
2,54,3,1,2001,3,1,1,2,2,1,1,1,1,1,1,1,1,2,8,6,1,1,38,2,2
7,54,1,1,2001,3,1,1,2,2,1,1,1,1,1,1,3,1,2,7,6,1,1,25,2,2
3,54,1,1,2001,3,1,1,2,2,1,1,1,1,1,1,3,1,2,8,6,1,,,2,2
8,56,4,2,2001,4,7,1,2,2,1,4,2,1,1,1,4,1,2,17,4,1,7,,,
6,55,4,1,2001,3,3,1,2,2,1,1,1,1,1,1,3,1,2,4,6,1,,,1,2
9,54,4,2,2001,2,1,8,2,2,1,2,1,1,1,1,1,1,2,14,6,1,1,,,
1,55,1,3,2001,2,1,4,2,2,1,1,1,1,1,1,5,1,1,7,6,1,1,27,2,2
1,55,3,3,2001,3,1,1,2,2,1,1,1,1,1,1,1,1,1,14,6,1,1,35,2,2
8,54,4,3,2001,2,1,1,2,2,1,1,1,1,3,1,4,1,,19,6,,,,2,2
1,56,3,4,2001,2,3,1,2,2,1,1,2,1,1,1,5,1,1,17,1,1,1,35,2,2
1,55,4,4,2001,1,2,1,2,2,1,3,1,1,1,1,5,1,1,13,1,1,1,35,1,2
1,54,4,4,2001,3,1,1,2,2,1,1,3,1,1,1,5,1,1,14,5,1,,,2,2
3,53,3,5,2001,4,7,1,2,2,1,2,1,1,1,1,4,1,2,13,6,1,1,,,
8,56,4,6,2001,2,3,1,2,2,1,1,3,1,1,1,4,1,2,13,6,1,1,32,2,2
9,54,4,6,2001,2,1,1,2,2,1,1,2,1,1,1,1,3,2,14,5,,,,1,2
13,54,3,6,2001,3,1,1,2,2,2,1,2,2,1,1,3,1,2,14,6,1,1,,2,2
12,54,4,7,2001,2,1,1,2,2,1,1,1,1,1,2,1,1,1,8,5,1,1,35,2,2
2,55,4,7,2001,3,7,8,1,2,1,1,3,1,1,1,4,1,1,13,11,1,1,35,2,2
1,55,4,8,2001,2,1,1,2,2,1,1,2,1,1,2,1,1,1,8,6,1,7,30,2,2
1,54,3,8,2001,2,3,1,2,2,1,1,1,1,1,1,1,1,2,13,6,1,1,28,2,2
6,54,3,8,2001,3,1,1,2,2,1,1,1,1,1,1,3,1,2,9,6,,,,,
12,54,4,8,2001,2,1,1,2,2,1,1,1,1,1,1,3,1,2,8,5,,,,,
6,55,4,9,2001,3,1,1,2,2,1,1,1,1,1,1,4,2,2,14,6,1,1,,2,2
1,54,4,9,2001,3,1,1,2,2,1,1,1,1,1,1,1,1,1,14,6,,,,,
12,54,1,9,2001,3,1,1,2,2,1,1,1,1,1,1,3,1,2,8,6,1,1,30,2,2
1,54,3,10,2001,1,1,1,2,2,1,,5,1,1,1,4,1,2,6,6,,,35,2,2
5,54,3,10,2001,2,3,1,2,2,1,1,3,1,1,1,4,4,2,13,7,,,,,
3,53,3,11,2001,3,7,1,2,2,1,1,1,,,,,,2,6,9,2,6,30,,
5,56,4,11,2001,3,1,8,2,2,1,1,1,1,1,1,1,1,2,14,11,2,7,,1,2
1,54,4,11,2001,3,1,1,2,2,1,1,1,1,1,1,5,1,2,4,6,,,,,
1,54,2,11,2001,4,7,8,2,2,1,4,1,1,1,2,4,1,2,10,6,1,7,27,2,2
5,54,4,11,2001,3,3,1,2,2,1,1,1,1,1,1,4,4,2,17,6,1,1,,2,2
1,55,4,12,2001,2,7,1,2,2,4,2,1,2,1,3,3,1,1,13,6,1,1,,,
1,53,1,12,2001,3,1,1,2,2,1,2,1,1,1,1,2,1,2,8,5,1,1,40,2,2
1,54,3,12,2001,3,3,1,2,2,1,1,1,1,1,1,2,1,1,14,6,1,7,45,2,2
1,54,3,12,2001,4,1,1,2,2,1,4,1,1,1,1,1,1,1,13,6,1,1,35,1,2
1,54,2,12,2001,4,1,1,2,2,1,2,2,1,1,2,5,1,1,10,11,1,,,2,2