Thana,District,Accident_Severity,Month,Year,Time,Junction_Type,Traffic_Control,Movement,Divider,Weather,Light,Road_Geometry,Surface_Condition,Surface_Type,Surface_Quality,Road_Class,Road_Feature,Location_Type,Vehicle_Type,Vehicle_Movement,Vehicle_Loading,Vehicle_Defect,Vehicle_Driver_Age,Vehicle_Alcohol,Vehicle_Seat_Belt
5,50,3,1,2001,4,1,1,2,2,1,2,2,1,1,1,2,1,2,9,6,1,1,30,2,2
1,38,3,1,2001,4,1,1,2,2,1,2,1,1,1,1,1,1,2,10,6,1,1,42,2,2
5,46,4,1,2001,4,1,1,2,2,1,4,1,1,1,1,3,1,2,8,6,1,1,35,2,2
1,45,3,2,2001,3,1,1,2,2,1,1,2,1,1,1,2,1,2,8,6,1,1,,2,2
3,40,4,3,2001,2,1,1,2,2,1,1,1,1,1,1,1,1,2,7,6,1,1,,2,2
1,47,4,3,2001,3,1,1,2,2,1,1,1,1,1,1,1,1,1,14,6,1,1,40,2,2
5,45,3,3,2001,2,1,1,2,2,1,1,1,1,1,1,1,2,2,14,6,1,1,35,2,2
2,43,3,3,2001,2,1,1,2,2,1,1,1,1,1,1,1,1,2,9,6,1,1,,2,2
1,35,3,10,2001,3,1,1,2,2,1,1,1,1,1,1,1,1,2,9,6,1,1,,2,2
5,46,4,12,2001,3,1,1,2,2,1,2,1,1,1,1,1,1,2,14,6,1,1,,2,2
3,53,4,1,2001,2,7,1,2,2,1,1,2,1,1,1,3,1,2,14,6,1,5,32,2,2
1,56,3,2,2001,3,7,1,2,2,1,1,1,2,1,3,1,1,,7,6,1,1,,2,2
1,55,4,2,2001,2,,1,2,2,4,2,1,1,1,1,3,1,2,8,6,1,1,,2,2
12,54,4,2,2001,3,1,1,2,2,1,1,1,1,1,1,3,1,2,14,6,,,,,
12,54,4,3,2001,4,1,1,2,2,1,4,1,1,1,1,1,1,2,9,6,1,1,35,2,2
1,54,4,3,2001,3,4,1,2,1,2,1,1,1,1,1,5,1,1,9,6,1,7,,2,2
3,56,4,3,2001,2,1,8,2,2,1,1,1,1,1,1,1,1,2,9,4,1,7,,,
1,55,4,4,2001,4,1,1,2,2,1,3,1,1,1,1,1,1,1,14,6,1,1,30,1,2
12,54,4,4,2001,3,1,1,2,2,1,1,1,1,1,1,1,1,2,13,6,1,1,28,2,2
7,56,4,4,2001,4,1,1,2,2,2,4,1,2,1,1,1,1,2,14,6,,1,35,2,2
10,54,4,5,2001,2,1,1,2,2,1,1,1,1,1,1,3,1,2,9,6,1,1,35,2,2
1,55,1,6,2001,1,1,1,2,2,1,4,1,1,1,1,4,1,2,13,6,,,,2,2
3,56,4,7,2001,3,7,8,2,2,2,1,2,2,1,1,1,1,2,14,2,2,7,,2,2
1,55,3,7,2001,3,1,1,2,2,1,1,1,1,1,1,1,1,2,7,11,1,7,,1,2
1,56,3,9,2001,2,7,1,1,2,1,1,1,1,1,1,4,1,2,19,5,1,7,25,2,2
3,54,3,10,2001,2,7,1,2,2,1,1,1,1,1,1,3,1,2,7,6,1,7,,2,2
4,59,1,3,2001,3,7,1,2,2,1,1,1,1,1,1,4,1,2,9,6,1,1,,2,2
5,59,3,1,2001,4,1,1,2,2,1,2,1,1,1,1,2,1,2,12,6,1,1,32,2,2
1,57,2,3,2001,2,1,1,1,2,1,1,1,1,1,1,5,1,1,6,6,1,1,18,2,2
1,65,3,3,2001,4,1,1,2,2,1,3,1,1,1,1,1,1,1,14,6,1,1,,2,2
7,63,4,1,2001,2,1,1,1,2,1,1,1,1,1,1,1,1,2,9,11,1,7,42,2,2
7,63,4,1,2001,2,1,1,1,2,1,1,1,1,1,1,1,1,2,9,11,1,1,50,2,2
8,63,1,4,2001,4,1,1,2,2,1,2,1,1,1,1,1,1,2,9,6,1,1,35,2,2
10,63,3,1,2001,4,1,1,2,2,1,2,1,1,1,1,5,1,2,11,6,1,1,25,2,2
10,63,3,1,2001,3,1,1,2,2,1,1,1,1,1,1,5,1,1,6,6,1,1,28,2,2
14,63,4,1,2001,4,1,1,2,2,1,4,1,1,1,1,1,1,2,14,6,1,1,,2,2
14,63,4,1,2001,1,1,1,2,2,1,3,1,1,1,1,1,1,2,14,5,2,1,,1,2
14,63,4,3,2001,2,1,1,1,2,1,1,1,1,1,1,1,1,2,14,6,1,1,35,1,2
14,63,4,3,2001,2,1,1,1,2,1,1,1,1,1,1,1,1,2,8,6,1,1,32,1,2
14,63,3,3,2001,3,1,1,2,2,1,1,1,1,1,1,1,1,2,9,6,1,1,42,2,2
2,67,4,3,2001,3,1,1,2,2,1,1,1,1,1,1,4,1,2,14,6,1,1,,1,2
7,67,4,2,2001,4,4,1,2,2,1,2,2,1,1,2,1,1,2,14,4,2,1,40,2,2
14,63,1,4,2001,2,1,1,2,2,1,1,1,1,1,1,1,1,2,14,4,1,3,,1,2
14,63,4,4,2001,4,1,1,2,2,1,4,1,1,1,1,1,1,1,9,6,1,1,38,2,2
14,63,1,4,2001,3,1,1,2,2,1,1,1,1,1,1,1,1,2,9,6,1,1,,2,2
1,67,3,3,2001,2,7,1,2,2,1,1,1,1,1,1,1,1,1,5,2,1,1,45,2,2
12,64,1,5,2001,2,1,4,2,2,1,1,1,1,1,1,5,1,1,8,6,1,1,,1,2
5,63,4,5,2001,2,1,1,2,2,1,1,1,1,1,1,1,1,2,14,6,1,1,,2,2
2,65,4,5,2001,3,3,1,2,2,1,1,1,1,1,1,1,1,2,14,6,1,1,,2,2
6,65,3,5,2001,3,1,1,2,2,2,1,2,2,1,1,2,1,2,10,2,1,1,,2,2
1,65,4,7,2001,3,1,2,2,2,1,1,1,1,1,1,1,1,2,9,6,1,1,35,2,2
14,63,4,5,2001,2,1,1,2,2,1,1,1,1,1,1,1,1,2,9,6,1,1,32,2,2
14,63,1,5,2001,2,3,2,2,2,1,1,1,1,1,1,1,1,2,14,11,2,1,,1,2
14,63,4,6,2001,4,1,1,1,2,1,4,1,1,1,1,1,1,2,14,6,1,1,,1,2
14,63,3,7,2001,2,3,1,2,2,1,1,1,1,1,1,1,1,2,15,6,1,1,38,2,2
6,63,1,6,2001,2,1,1,2,2,1,1,1,1,1,1,1,1,2,14,6,1,1,50,2,2
6,63,4,8,2001,4,1,1,2,2,1,2,1,1,1,1,1,1,2,5,6,1,1,,2,2
6,63,4,7,2001,1,1,1,2,2,1,2,1,1,1,1,1,1,2,9,6,1,1,45,2,2
8,63,4,8,2001,2,1,1,2,2,2,1,1,2,1,1,1,1,2,9,5,1,1,42,2,2
13,63,4,9,2001,4,1,1,2,2,1,2,1,1,1,1,1,1,2,14,6,1,1,,2,2
8,63,4,11,2001,1,1,1,2,2,2,2,1,2,1,1,1,1,2,9,2,1,1,38,2,2
8,63,1,10,2001,2,1,1,2,2,1,1,1,2,1,1,1,1,2,14,2,1,1,,2,2
3,63,4,8,2001,4,1,1,2,2,1,3,1,1,1,1,2,1,2,14,6,1,1,,2,2
4,59,4,12,2001,2,1,1,2,2,4,2,1,1,1,1,2,1,1,7,6,1,1,,2,2
3,57,4,7,2001,4,1,1,2,2,1,4,1,1,1,1,1,1,2,14,6,1,7,45,2,2
2,57,3,6,2001,3,1,1,2,2,1,1,1,1,1,1,2,1,2,6,11,2,7,42,2,2
1,61,3,9,2001,1,1,1,2,2,1,4,1,1,1,1,1,1,2,14,6,1,1,35,1,2
1,61,4,9,2001,1,3,1,2,1,1,1,1,1,1,1,1,1,2,9,6,1,1,40,1,2
1,61,3,11,2001,2,1,1,2,2,1,2,1,1,1,1,1,1,2,14,6,1,1,34,2,2
1,61,3,11,2001,1,1,1,2,2,1,2,1,1,1,1,1,1,2,14,1,1,1,30,1,2
1,68,2,11,2001,3,1,4,2,2,2,1,2,2,1,1,2,1,1,14,6,1,1,25,2,2
3,68,4,12,2001,3,4,1,2,2,1,2,4,1,1,1,2,1,2,14,1,1,1,65,2,2
8,63,4,12,2001,1,1,2,2,2,4,2,1,1,1,1,1,1,2,14,2,1,1,32,2,2
5,64,1,8,2001,2,1,1,2,2,1,1,1,1,1,1,5,1,1,9,6,1,1,,2,2
5,64,2,11,2001,3,1,1,2,2,1,1,1,1,1,1,5,1,1,14,6,1,1,,2,2
10,64,3,9,2001,4,1,1,2,2,1,3,1,1,1,1,5,1,1,9,6,1,1,46,2,2
10,64,3,11,2001,3,1,1,2,2,1,2,1,1,1,1,5,1,1,9,6,1,1,39,2,2
11,64,3,10,2001,2,1,1,2,2,1,1,1,1,1,1,5,1,1,12,4,1,1,25,2,2
13,63,1,1,2001,3,1,1,2,2,1,1,4,1,1,2,2,1,2,14,6,1,1,,1,2
8,56,3,2,2001,2,2,2,2,2,3,3,5,3,3,2,4,4,2,13,6,1,1,30,2,2
1,55,1,3,2001,3,7,1,2,2,1,1,1,1,1,1,1,1,2,14,5,1,1,25,2,2
1,55,1,4,2001,3,7,1,2,2,1,1,1,1,1,1,1,1,2,14,1,2,1,35,1,2
1,54,3,6,2001,1,1,8,2,2,2,3,1,2,1,1,5,1,1,6,6,1,7,32,2,2
5,56,4,12,2001,1,,8,2,2,4,2,1,1,1,1,2,1,2,17,10,,,,,
1,65,4,4,2001,3,7,4,2,2,1,1,1,1,1,1,1,1,2,5,6,1,1,30,2,2
14,63,1,5,2001,3,1,1,2,2,1,1,1,1,1,1,1,1,2,12,6,1,1,,2,2
14,63,3,7,2001,3,1,1,2,2,1,1,1,1,1,1,1,1,2,14,6,1,1,35,2,2
3,64,4,10,2001,4,1,4,2,2,1,3,1,1,1,1,5,1,1,14,6,1,6,,1,2
3,57,1,8,2001,4,1,1,2,2,1,4,1,1,1,1,1,1,2,14,10,1,1,48,2,2
8,57,3,8,2001,3,1,4,2,2,1,1,1,1,1,1,1,1,2,9,6,1,1,35,2,2
3,61,4,11,2001,2,1,1,2,2,1,1,2,1,1,1,2,1,2,9,6,1,1,35,2,2
3,63,3,11,2001,4,1,2,2,2,1,2,1,1,1,1,2,2,1,14,9,1,6,32,2,2
3,63,4,12,2001,2,1,2,2,2,1,1,1,1,1,1,2,1,2,9,6,1,1,30,2,2
6,63,4,10,2001,1,1,1,2,2,1,2,1,1,1,1,2,1,2,9,6,1,1,,2,2
6,63,4,8,2001,3,1,1,2,2,1,1,1,1,1,1,2,1,2,9,5,1,1,32,2,2
8,63,1,12,2001,2,1,2,2,2,1,1,1,1,1,1,1,1,2,14,6,1,1,35,2,2
1,66,4,12,2001,4,3,1,2,2,1,3,1,1,1,1,2,1,1,11,6,1,1,,2,2
5,64,3,2,2001,2,1,1,2,2,1,1,1,1,1,1,5,1,1,12,9,1,1,42,2,2
5,64,3,12,2001,3,1,1,2,2,1,1,1,1,1,1,5,1,1,12,6,1,1,,2,2
11,64,3,3,2001,3,1,1,2,1,1,1,1,1,1,1,5,1,1,1,6,1,1,30,2,2
11,64,3,10,2001,3,1,1,2,2,1,1,1,1,1,1,5,1,1,5,5,1,1,30,2,2
2,46,3,1,2001,2,1,1,2,2,1,1,1,1,1,1,1,1,2,14,6,1,1,35,2,2
1,35,4,1,2001,3,1,1,2,2,1,1,1,1,1,1,2,1,2,9,6,1,1,,2,2
1,47,4,2,2001,3,1,1,2,2,1,1,1,1,1,1,1,1,1,9,6,1,1,35,2,2
5,44,4,2,2001,2,1,1,2,2,1,2,1,1,1,1,1,1,2,8,6,1,1,,2,2
2,50,4,3,2001,4,1,1,2,2,1,2,1,1,1,1,1,1,2,9,6,1,1,30,2,2
5,41,3,3,2001,2,1,1,2,2,1,1,1,1,1,1,1,1,2,7,6,1,1,,2,2
5,41,4,3,2001,1,1,1,2,2,1,2,1,1,1,1,2,1,2,7,6,1,1,35,2,2
4,38,4,4,2001,3,1,1,2,2,1,1,2,1,1,1,3,1,2,14,6,1,1,35,2,2
6,38,4,4,2001,3,1,1,2,2,1,1,1,1,1,1,1,1,2,9,6,1,1,35,2,2
6,40,3,5,2001,3,1,1,2,2,1,1,1,1,1,1,1,1,2,10,6,1,1,,2,2
3,44,4,3,2001,3,1,1,2,2,3,1,2,1,1,2,2,2,2,9,6,1,1,,2,2
2,50,4,5,2001,2,1,1,2,2,1,1,1,1,1,1,1,1,2,9,6,1,1,27,2,2
1,47,3,5,2001,3,1,1,2,2,1,1,1,1,1,1,1,1,2,14,6,1,1,40,2,2
2,43,1,5,2001,1,1,1,2,2,1,2,1,1,1,1,1,1,2,9,6,1,1,,2,2
1,38,1,5,2001,3,1,1,2,2,2,1,1,2,1,1,1,1,2,14,6,1,1,45,2,2
6,38,4,5,2001,1,1,1,2,2,1,4,1,1,1,1,1,1,2,9,6,1,1,,2,2
7,38,4,6,2001,2,1,1,2,2,1,1,1,1,1,1,1,1,2,14,6,1,1,35,2,2
7,38,1,6,2001,3,1,1,2,2,2,1,2,2,1,1,1,1,2,14,6,1,1,,2,2
13,50,4,6,2001,3,1,1,2,2,1,1,1,1,1,1,1,1,2,9,6,1,1,31,2,2
1,50,3,7,2001,2,1,1,2,2,1,1,2,1,1,1,1,1,2,8,4,1,1,35,2,2
13,50,3,7,2001,4,1,1,2,2,2,2,2,2,1,1,1,1,2,9,6,1,1,,2,2
2,43,1,7,2001,4,1,1,2,2,1,2,1,1,1,1,1,1,2,14,6,1,1,,2,2
2,43,3,8,2001,2,1,1,2,2,1,1,1,1,1,1,1,1,2,9,6,1,1,35,2,2
2,43,4,8,2001,2,1,1,2,2,1,1,1,1,1,1,1,1,2,9,6,1,1,,2,2
1,35,3,7,2001,2,1,1,2,2,2,1,2,2,1,1,2,1,2,9,6,1,1,,2,2
1,45,3,7,2001,3,1,1,2,2,1,1,1,1,1,1,1,1,2,9,6,1,1,,2,2
3,39,4,9,2001,4,1,1,2,2,1,2,1,1,1,1,1,1,2,9,6,1,1,,2,2
5,41,3,4,2001,3,1,1,2,2,1,1,1,1,1,1,1,1,1,4,6,1,1,,2,2
2,45,3,9,2001,3,1,1,2,2,1,1,1,1,1,1,1,1,2,9,6,1,1,,2,2
2,43,4,11,2001,1,1,1,2,2,4,4,2,1,1,1,1,1,2,9,6,1,1,45,2,2
2,35,3,12,2001,2,1,1,2,2,1,1,1,1,1,1,3,1,2,8,6,1,1,,2,2
1,40,4,10,2001,4,1,1,2,2,1,4,1,1,1,1,1,1,2,9,6,1,1,,2,2
1,52,4,11,2001,3,1,1,2,2,1,1,1,1,1,1,2,1,2,9,6,1,1,,2,2
9,50,4,11,2001,2,1,1,2,2,1,1,1,1,1,2,2,1,2,9,6,1,1,,2,2
1,48,4,12,2001,4,1,1,2,2,1,4,1,1,1,1,1,1,2,14,6,1,1,35,2,2
1,48,3,12,2001,2,1,1,2,2,1,1,1,1,1,1,1,1,2,10,6,1,1,,2,2
1,40,1,11,2001,1,1,1,2,2,1,2,1,1,1,1,1,1,2,7,6,1,1,,2,2
1,4,4,1,2001,3,1,1,2,2,1,1,1,1,1,1,2,1,2,8,6,1,1,33,2,2
3,15,4,1,2001,2,1,1,2,2,1,1,2,1,1,1,1,1,2,9,2,1,1,,2,2
5,12,4,3,2001,4,1,1,2,2,1,4,1,1,1,1,3,1,2,14,6,1,1,,2,2
5,12,4,3,2001,2,1,1,2,2,1,1,2,1,1,1,3,1,2,14,2,1,1,,2,2
4,15,1,3,2001,2,1,1,2,2,1,1,1,1,1,1,3,1,2,8,6,1,1,25,2,2
5,13,4,6,2001,3,1,1,2,2,1,1,1,1,1,1,2,1,2,9,6,1,1,,1,2
5,13,4,7,2001,3,7,1,2,2,1,1,2,1,1,1,2,1,2,8,6,1,1,45,2,2
1,4,3,7,2001,2,1,1,2,2,1,1,1,1,1,1,2,1,2,7,6,1,1,32,2,2
9,3,3,6,2001,3,7,1,2,2,1,1,2,1,1,1,3,1,2,4,1,1,1,25,2,2
2,14,4,8,2001,2,1,1,2,2,1,1,2,1,1,1,1,1,2,14,6,1,1,50,2,2
3,10,4,3,2001,2,1,1,2,2,1,4,1,1,1,1,2,1,2,13,6,2,1,,1,2
4,12,4,11,2001,2,1,8,2,2,1,1,1,1,1,1,3,1,2,8,11,1,1,38,2,2
3,2,3,9,2001,4,1,1,2,2,1,1,1,1,1,1,3,1,2,7,6,1,1,40,1,2
6,11,3,9,2001,3,1,1,2,2,1,1,1,1,1,1,2,1,2,9,6,1,1,,2,2
1,1,3,11,2001,3,1,1,2,2,1,1,1,1,1,1,3,1,1,11,6,1,1,38,2,2
3,15,4,12,2001,3,1,1,2,2,1,1,1,1,1,1,1,1,2,9,6,1,1,32,2,2
5,15,4,12,2001,3,1,1,2,2,1,1,1,1,1,1,1,1,2,14,6,1,1,42,2,2
1,15,3,6,2001,1,1,1,2,2,1,2,1,1,1,1,1,1,2,14,10,1,1,38,2,2
1,15,1,7,2001,1,1,1,2,2,1,2,3,1,1,1,1,1,2,14,10,1,1,,2,2
1,14,3,9,2001,3,1,1,2,2,1,1,1,1,1,1,1,1,1,9,6,1,1,,2,2
5,13,4,9,2001,4,1,1,2,2,1,4,1,1,1,1,2,1,2,14,11,1,1,35,2,2
1,6,4,8,2001,3,1,1,2,1,1,1,1,1,1,1,1,1,2,9,6,1,1,,2,2
8,17,1,9,2001,2,1,1,2,2,1,1,1,1,1,1,1,1,2,16,5,1,1,35,2,2
12,54,3,6,2001,3,1,1,2,2,1,1,1,1,1,1,1,1,2,14,5,1,1,40,2,2
3,29,4,6,2001,2,1,1,1,2,2,2,1,2,1,1,1,1,1,9,6,1,1,,2,2
9,24,4,8,2001,2,1,4,2,2,1,2,1,1,1,1,2,1,2,14,6,1,1,,1,2
3,8,4,9,2001,1,1,1,2,2,1,4,1,1,1,1,1,1,2,9,5,1,1,,2,2
9,3,1,12,2001,3,1,1,2,2,1,1,1,1,1,1,3,1,2,14,6,1,1,32,2,2
6,40,3,1,2001,2,1,1,2,2,1,1,1,1,1,1,1,1,2,9,6,1,1,37,2,2
5,44,4,1,2001,4,1,1,2,2,1,4,1,1,1,1,1,1,2,8,6,1,1,31,2,2
2,43,3,2,2001,2,1,1,2,2,4,2,1,1,1,1,1,1,2,14,6,1,1,30,2,2
1,46,4,2,2001,2,1,1,2,2,1,2,1,1,1,1,1,1,1,14,6,1,1,,2,2
2,44,4,2,2001,2,1,1,2,2,1,1,1,1,1,1,1,1,2,8,6,1,1,,2,2
4,51,3,3,2001,2,1,1,2,2,1,1,1,1,1,1,1,1,2,9,6,1,1,,2,2
7,44,3,3,2001,3,1,1,2,2,1,1,1,1,1,1,1,1,2,9,6,1,1,,2,2
2,43,4,5,2001,2,1,1,2,2,1,1,1,1,1,1,1,1,2,10,6,1,1,,2,2
13,47,3,7,2001,3,1,1,2,2,2,1,2,2,1,1,3,1,2,14,6,1,1,23,2,2
2,43,3,9,2001,3,1,1,2,2,1,1,1,1,1,1,1,1,2,9,6,1,1,42,2,2
3,43,4,9,2001,3,1,1,2,2,1,1,2,1,1,1,1,1,2,9,6,1,1,,2,2
3,38,4,11,2001,4,1,1,2,2,1,4,1,1,1,1,1,1,2,14,10,1,1,,2,2
1,46,4,11,2001,3,1,1,2,2,1,1,1,1,1,1,1,1,2,9,6,1,1,,2,2
11,42,3,10,2001,3,1,1,2,1,1,1,1,1,1,1,5,1,1,14,6,,,,1,2
12,54,4,1,2001,4,1,1,2,2,4,4,1,1,1,1,3,1,2,13,5,1,1,,2,2
12,54,4,1,2001,4,1,1,2,2,1,4,1,1,1,1,3,1,2,14,6,1,1,,2,2
1,56,1,2,2001,4,1,4,1,1,3,1,1,1,1,1,5,1,1,14,11,1,7,32,2,2
12,54,1,3,2001,4,1,1,2,2,1,4,1,1,1,1,4,1,2,14,6,1,1,40,2,2
1,55,4,4,2001,4,1,1,2,2,1,4,3,1,1,1,1,1,2,14,11,2,7,,2,2
1,56,1,9,2001,3,1,1,2,2,1,1,1,1,1,1,2,1,2,12,6,2,6,,2,2
12,54,3,9,2001,3,1,1,2,2,1,1,4,1,1,1,1,2,2,14,1,1,,40,2,2
13,54,4,11,2001,2,1,1,2,2,4,1,2,1,1,1,1,1,2,9,1,1,1,35,2,2
4,4,4,2,2001,2,7,1,2,2,4,2,1,1,1,1,3,1,2,9,6,1,2,59,2,2
4,3,3,9,2001,4,7,1,2,2,1,2,2,1,1,1,1,1,2,14,2,1,1,,1,2
5,12,4,9,2001,2,1,1,2,2,1,1,2,1,1,1,3,1,2,14,3,1,1,,2,2
1,32,4,12,2001,2,1,1,1,2,1,1,2,1,1,1,3,2,2,8,6,1,2,35,2,2
3,21,4,12,2001,3,1,1,2,2,1,1,1,1,1,1,1,1,2,9,5,1,1,50,2,2
1,21,4,12,2001,1,1,1,2,2,4,4,2,1,1,1,1,1,2,14,6,1,1,30,2,2
1,21,4,9,2001,3,1,1,2,2,1,1,1,1,1,1,1,1,1,9,6,1,1,42,2,2
1,30,3,9,2001,3,7,8,2,2,2,1,1,1,2,1,3,1,2,4,9,1,1,24,2,2
1,34,3,4,2001,3,7,2,1,2,1,1,1,1,1,1,1,1,1,7,6,1,7,23,2,2
1,34,4,5,2001,2,1,2,2,2,1,1,1,1,1,1,2,1,1,14,6,1,1,25,2,2
1,34,4,5,2001,3,1,4,2,2,1,1,1,1,1,1,1,1,1,8,1,1,1,42,2,2
1,24,4,6,2001,3,1,1,2,2,1,1,1,1,1,1,1,1,2,7,6,1,1,,1,2
1,24,3,7,2001,4,1,1,2,2,1,1,1,1,1,1,1,1,1,14,4,1,1,42,1,2
2,24,3,6,2001,2,1,1,2,1,1,1,1,1,1,1,1,1,2,13,1,1,1,45,1,2
2,26,3,9,2001,2,1,2,2,2,1,1,1,1,1,1,5,1,1,14,6,1,1,45,2,2
4,26,3,8,2001,2,1,1,2,2,1,1,1,1,1,1,1,1,1,14,2,1,1,,1,2
3,21,4,8,2001,2,1,1,2,2,1,1,1,1,1,1,2,1,2,8,6,1,1,42,1,2
1,23,3,9,2001,2,7,1,2,2,1,1,2,1,1,2,4,1,2,4,3,1,1,45,2,1
3,22,4,6,2001,4,1,2,2,1,1,1,1,1,1,1,4,1,2,14,5,2,1,32,1,2
1,28,4,5,2001,2,7,1,2,2,1,1,1,1,1,1,5,1,1,2,7,1,7,,1,2
1,54,4,12,2001,4,1,1,2,2,1,3,1,1,1,1,1,1,2,5,11,1,1,,,
1,55,1,1,2001,3,1,1,2,2,1,1,1,1,1,1,1,1,2,13,6,1,1,32,2,2
1,55,4,6,2001,3,1,1,2,2,1,1,1,1,1,1,2,1,2,14,6,1,1,38,2,2
8,54,4,2,2001,2,1,8,2,2,2,1,4,2,1,2,4,1,2,14,5,,,,,
10,42,2,11,2001,2,1,1,2,1,1,1,1,1,1,1,5,1,1,8,6,,,,2,2
14,42,2,9,2001,3,1,1,2,1,1,1,1,1,1,1,5,1,1,19,6,2,,,2,2
9,42,2,8,2001,2,3,6,2,1,1,1,1,1,1,1,5,1,1,8,6,2,1,,2,2
21,42,4,1,2001,3,1,1,2,1,1,1,1,1,1,1,5,1,1,19,6,1,1,45,2,2
2,43,3,11,2001,3,1,1,2,2,1,1,1,1,1,1,1,2,1,9,6,1,1,35,2,2
2,50,3,7,2001,2,1,1,2,2,1,4,1,1,1,1,1,1,2,12,10,1,1,,2,2
2,44,4,3,2001,4,1,1,2,2,1,4,1,1,1,1,1,1,2,12,6,1,1,,2,2
12,47,4,1,2001,4,1,2,1,2,4,4,1,1,1,1,1,2,2,14,6,1,1,35,2,2
4,44,4,1,2001,2,1,1,2,2,1,2,1,1,1,1,2,1,1,6,6,1,1,30,2,2
3,46,4,3,2001,2,1,1,2,2,1,1,1,1,1,1,3,1,2,7,6,1,1,30,2,2
3,38,1,3,2001,2,1,1,2,2,1,1,1,1,1,1,1,1,2,9,6,1,1,35,2,2
16,42,4,1,2002,4,1,5,1,1,1,3,1,1,1,1,5,1,1,14,6,,,,1,2
16,42,4,3,2002,3,1,1,2,1,1,2,1,1,1,1,5,1,1,10,6,1,1,,2,2
16,42,3,3,2002,4,1,1,2,1,1,3,1,1,1,1,5,1,1,8,6,1,1,,2,2
11,42,3,3,2002,4,3,1,2,1,1,3,2,1,1,2,5,1,1,13,6,1,1,40,1,2
10,42,3,1,2002,4,7,8,2,1,1,3,1,1,1,1,5,1,1,8,6,1,1,,1,2
10,42,4,3,2002,1,2,6,2,1,1,3,1,1,1,1,5,1,1,14,6,,,,,
10,42,3,4,2002,2,7,6,2,1,1,1,1,1,1,1,5,1,1,14,6,1,1,28,,
10,42,1,4,2002,4,3,6,1,1,1,3,1,1,1,1,5,1,1,14,6,1,1,20,2,2
16,42,3,4,2002,4,1,1,2,1,1,3,1,1,1,1,5,1,1,10,6,1,1,,,2
16,42,2,4,2002,4,1,5,2,1,1,3,1,1,1,1,5,1,1,14,6,,,,2,2
4,42,4,2,2002,4,3,4,1,1,1,3,1,1,1,1,5,1,1,19,6,,,,,
4,42,2,5,2002,2,1,1,1,1,1,2,1,1,1,1,5,1,1,5,6,,,,,2
3,42,1,1,2002,3,1,1,2,1,1,1,1,1,1,1,5,1,1,14,6,1,1,,1,2
2,42,4,1,2002,3,2,6,2,1,1,1,1,1,1,1,5,1,1,6,6,,,,2,2
2,42,4,2,2002,3,4,6,2,1,1,2,1,1,1,1,5,1,1,9,6,,,30,2,2
2,42,3,2,2002,3,1,1,2,1,1,1,1,1,1,1,5,1,1,9,6,,,,,2
18,42,3,1,2002,1,2,4,2,1,1,2,1,1,1,1,5,1,1,14,6,,,,,2
18,42,4,4,2002,2,1,1,2,2,1,1,1,1,1,1,5,1,1,5,6,,,,2,2
18,42,4,4,2002,1,1,2,2,1,1,3,1,1,1,1,5,1,1,14,6,,,,2,2
1,42,3,1,2002,4,1,4,2,1,1,3,1,1,1,1,5,1,1,5,6,,,,2,2
1,42,2,2,2002,2,2,5,2,1,1,2,1,1,1,1,5,1,1,9,5,,,,2,2
19,42,4,4,2002,4,1,1,2,1,1,4,1,1,1,1,5,1,1,14,6,,,,1,
4,42,1,5,2002,2,1,1,2,1,1,2,1,1,1,1,5,1,1,5,6,1,1,,2,2
4,42,3,5,2002,4,1,1,1,1,1,3,1,1,1,1,5,1,1,9,6,,,35,,2
9,42,2,5,2002,3,7,4,2,1,1,1,1,1,1,1,5,1,1,,,,,,1,2
16,42,2,5,2002,2,1,1,1,1,1,1,1,1,1,1,5,1,1,8,6,,,,1,2
16,42,3,5,2002,4,1,,2,1,1,3,1,1,1,1,5,1,1,14,6,1,1,,1,2
16,42,2,5,2002,4,1,1,2,1,1,1,1,1,1,1,5,1,1,8,6,,,,1,2
16,42,2,5,2002,4,,,2,1,1,3,1,1,1,1,5,1,1,12,6,1,1,,2,2
10,42,3,6,2002,1,2,6,2,1,1,3,1,1,1,1,5,1,1,9,6,1,1,,2,2
12,42,3,1,2002,2,1,2,2,1,1,1,1,1,1,1,5,1,1,8,6,,,,2,2
12,42,4,2,2002,3,1,1,2,1,1,1,1,1,1,1,5,1,1,8,6,,,,,2
12,42,2,2,2002,3,1,1,2,1,1,1,1,1,1,1,5,1,1,19,6,1,1,,2,2
14,42,4,1,2002,3,3,1,2,1,1,1,1,1,1,1,5,1,1,19,6,,,,2,2
14,42,3,2,2002,1,1,1,2,1,1,3,1,1,1,1,5,1,1,10,6,,,,2,2
14,42,3,2,2002,4,3,1,2,1,1,3,1,1,1,1,5,1,1,14,6,1,1,25,2,2
14,42,4,3,2002,2,1,1,2,1,1,1,1,1,1,1,5,1,1,8,6,1,1,,,2
8,42,3,4,2002,3,1,4,2,1,1,1,1,1,1,1,5,1,1,8,6,,,,2,2
8,42,4,5,2002,2,1,1,2,1,1,1,1,1,1,1,5,1,1,9,6,,,,2,2
8,42,3,5,2002,3,1,1,2,1,1,1,1,1,1,1,5,1,1,10,6,,,,2,2
8,42,3,6,2002,4,3,1,2,1,1,3,1,1,1,1,5,1,1,10,6,,1,,2,2