Thana,District,Accident_Severity,Month,Year,Time,Junction_Type,Traffic_Control,Movement,Divider,Weather,Light,Road_Geometry,Surface_Condition,Surface_Type,Surface_Quality,Road_Class,Road_Feature,Location_Type,Vehicle_Type,Vehicle_Movement,Vehicle_Loading,Vehicle_Defect,Vehicle_Driver_Age,Vehicle_Alcohol,Vehicle_Seat_Belt
11,42,2,7,2002,,2,6,2,1,1,1,1,1,1,1,5,1,1,10,5,1,1,,1,2
11,42,3,7,2002,2,4,2,2,1,2,1,1,1,1,1,5,1,1,8,6,1,1,,1,2
11,42,3,7,2002,4,1,1,1,2,1,3,1,1,1,1,5,1,1,8,6,,,,2,2
11,42,1,8,2002,1,1,1,1,1,1,2,1,1,1,1,5,1,1,8,2,1,1,35,2,2
11,42,3,10,2002,2,7,8,1,1,1,1,1,1,1,1,5,1,1,8,5,1,1,,2,2
11,42,4,10,2002,4,1,1,2,2,1,3,1,1,1,1,5,1,1,14,6,1,1,35,2,2
5,42,3,9,2002,3,3,4,2,1,1,1,1,1,1,1,5,1,1,14,6,1,1,,2,2
7,42,3,4,2002,2,7,8,2,2,1,1,1,1,1,1,5,1,1,14,6,,,,,
7,42,3,5,2002,2,1,1,2,2,2,1,1,2,1,1,5,1,1,7,5,,,30,2,2
8,42,2,7,2002,4,3,1,2,2,1,3,1,1,1,1,5,1,1,8,6,1,1,,2,2
8,42,3,8,2002,3,2,4,2,1,1,1,1,1,1,1,5,1,1,9,6,1,1,,2,2
8,42,3,8,2002,1,3,4,2,1,1,3,1,1,1,1,5,1,1,10,6,1,1,,2,2
8,42,3,10,2002,2,3,4,2,1,1,1,1,1,1,1,5,1,1,8,6,1,1,,1,2
8,42,2,11,2002,4,4,6,2,1,1,3,1,1,1,1,5,1,1,19,6,,,,2,2
1,42,2,4,2002,2,5,6,2,1,1,1,1,1,1,1,5,1,1,8,6,1,1,,2,2
1,42,3,7,2002,2,1,1,2,1,1,1,1,1,1,1,5,1,1,5,6,1,1,,2,2
1,42,3,7,2002,3,3,4,2,1,1,1,1,1,1,1,5,1,1,8,6,1,,,2,2
1,42,3,8,2002,3,3,6,2,1,1,3,1,1,1,1,5,1,1,8,6,1,1,35,2,2
1,42,3,9,2002,2,1,1,2,1,1,1,1,1,1,1,5,1,1,10,6,1,1,,2,2
1,42,4,10,2002,3,2,6,2,1,1,1,1,1,1,1,5,1,1,9,6,1,1,,2,2
1,42,2,10,2002,1,6,,2,1,1,3,1,1,1,1,5,1,1,9,6,1,1,,2,2
18,42,2,8,2002,2,1,1,1,1,1,1,1,1,1,1,5,1,1,11,6,1,1,,,2
18,42,4,8,2002,4,1,1,1,1,1,3,1,1,1,1,5,1,1,13,6,1,1,,2,2
3,42,3,7,2002,3,1,1,2,1,1,1,1,1,1,1,5,1,1,7,6,1,1,30,2,2
4,42,4,6,2002,1,1,1,2,2,1,3,1,1,1,1,5,1,1,14,6,,,,2,2
4,42,4,10,2002,3,1,1,2,1,1,1,1,1,1,1,5,1,1,9,6,,,,2,2
4,42,4,10,2002,3,1,1,2,2,1,1,1,1,1,1,5,1,1,9,6,,,,2,2
21,42,3,1,2002,3,1,1,2,1,1,1,1,1,1,1,5,1,1,10,6,1,1,,2,2
21,42,3,2,2002,3,1,4,2,1,1,1,1,1,1,1,5,1,1,10,6,1,1,,2,2
21,42,4,2,2002,2,1,1,2,2,1,1,1,1,1,1,5,1,1,9,6,1,1,,2,2
21,42,4,3,2002,3,1,1,2,1,1,1,1,1,1,1,5,1,1,14,6,1,1,,2,2
6,42,4,1,2002,4,3,1,2,2,1,1,1,1,1,1,5,1,1,8,6,1,1,,2,2
6,42,3,1,2002,1,5,1,2,1,1,3,1,1,1,1,5,1,1,9,6,,,,1,2
6,42,4,1,2002,4,7,1,2,1,1,2,1,1,1,1,5,1,1,14,6,,,,,2
6,42,3,3,2002,3,2,6,2,1,1,1,1,1,1,1,5,1,1,9,6,1,1,,1,2
6,42,4,6,2002,1,7,2,1,1,1,1,1,1,1,1,5,1,1,7,6,,,,2,2
6,42,4,7,2002,1,1,1,2,1,1,1,1,1,1,1,5,1,1,8,6,1,1,,1,2
6,42,4,10,2002,3,1,1,1,1,1,1,1,1,1,1,5,1,1,8,6,1,1,,2,2
11,42,3,12,2002,3,7,1,1,1,1,1,1,1,1,1,5,1,1,8,6,,,25,2,2
11,42,3,12,2002,3,1,1,1,1,1,1,1,1,1,1,5,1,1,10,6,1,1,,2,2
15,42,3,5,2002,2,1,1,2,1,1,1,1,1,1,1,5,1,1,9,6,,,,2,2
2,42,2,3,2002,3,1,1,2,2,1,1,1,1,1,1,5,1,1,9,5,1,1,,2,2
2,42,2,3,2002,2,1,1,1,2,1,1,1,1,1,1,5,1,1,9,6,1,1,,2,2
2,42,1,3,2002,2,5,6,2,1,1,1,1,1,1,1,5,1,1,9,6,2,7,,2,2
2,42,2,3,2002,3,5,4,2,2,1,1,1,1,1,1,5,1,1,12,6,1,1,,2,2
2,42,2,3,2002,3,7,1,1,2,1,1,1,1,1,1,5,1,1,9,6,1,1,,2,2
2,42,2,4,2002,3,5,6,2,1,1,1,1,1,1,1,5,1,1,9,5,1,1,,2,2
2,42,4,5,2002,3,5,8,1,2,1,1,2,1,1,1,5,1,1,9,6,1,1,,2,2
2,42,3,7,2002,2,2,1,2,1,1,1,1,1,1,1,5,1,1,8,6,,,,,2
2,42,3,9,2002,2,3,4,2,1,1,1,1,1,1,1,5,1,1,8,6,,,,2,2
2,42,3,10,2002,2,3,6,2,1,1,1,1,1,1,1,5,1,1,8,6,1,1,,2,2
9,42,3,7,2002,3,1,1,2,1,1,1,1,1,1,1,5,1,1,8,6,,,36,2,2
9,42,3,9,2002,4,3,6,2,2,1,3,1,1,1,1,5,1,1,14,6,1,1,,2,2
9,42,4,9,2002,4,7,6,2,1,1,3,1,1,1,1,5,1,1,8,6,,,,2,2
9,42,3,10,2002,3,3,6,2,1,1,1,1,1,1,1,5,1,1,19,6,,,,2,2
9,42,3,10,2002,2,1,1,2,1,1,1,1,1,1,1,5,1,1,9,6,,,,2,2
9,42,3,11,2002,3,3,6,2,1,1,1,1,1,1,1,5,1,1,9,6,2,1,,2,2
9,42,3,12,2002,2,3,6,2,1,1,1,1,1,1,1,5,1,1,13,6,,,,2,2
9,42,4,12,2002,4,3,6,2,1,1,2,1,1,1,1,5,1,1,8,6,2,1,,2,2
9,42,3,12,2002,1,1,1,2,1,1,2,1,1,1,1,5,1,1,8,6,1,1,,2,2
21,42,2,11,2002,3,1,1,2,2,1,1,1,1,1,1,5,1,1,14,6,1,1,,2,2
4,42,2,11,2002,3,1,2,1,1,1,1,1,1,1,1,5,1,1,8,5,,,,2,2
3,42,3,12,2002,1,2,1,2,2,1,1,1,1,1,1,5,1,1,14,6,,,,2,2
15,42,4,12,2002,2,3,1,2,2,1,1,1,1,1,1,5,1,1,8,6,1,1,,2,2
7,42,4,12,2002,2,1,1,1,2,1,2,1,1,1,1,5,1,1,14,6,,,,,2
1,42,3,11,2002,2,1,1,2,1,1,1,1,1,1,1,5,1,1,12,6,1,1,,2,2
1,42,2,11,2002,4,5,6,2,1,1,3,1,1,1,1,5,1,1,10,6,1,1,,2,2
1,42,3,12,2002,4,1,1,2,1,1,2,1,1,1,1,5,1,1,9,6,1,1,,2,2
9,42,3,9,2002,4,1,1,2,1,1,3,1,1,1,1,5,1,1,10,6,1,1,,2,2
9,42,3,9,2002,2,1,1,2,1,1,1,1,1,1,1,5,1,1,10,6,,,,2,2
9,42,4,10,2002,2,1,1,2,1,1,1,1,1,1,1,5,1,1,9,6,,,,2,2
9,42,2,10,2002,2,1,1,2,1,1,1,1,1,1,1,5,1,1,8,6,,,,2,2
9,42,3,10,2002,2,3,4,2,1,1,1,1,1,1,1,5,1,1,8,6,1,1,,2,2
9,42,3,2,2002,1,1,1,2,1,1,2,1,1,1,1,5,1,1,9,6,1,1,,2,2
9,42,4,2,2002,1,3,6,2,1,1,3,1,1,1,1,5,1,1,14,6,1,1,,2,2
9,42,4,3,2002,4,5,6,2,1,1,3,1,1,1,1,5,1,1,8,6,1,1,,2,2
9,42,4,3,2002,2,3,4,2,1,1,1,1,1,1,1,5,1,1,10,6,,,,2,2
9,42,4,4,2002,1,1,1,2,1,1,3,1,1,1,1,5,1,1,14,6,1,1,,2,2
9,42,4,12,2002,2,1,1,2,1,1,1,1,1,1,1,5,1,1,8,6,1,1,25,2,2
9,42,3,12,2002,3,1,1,2,1,1,1,1,1,1,1,5,1,1,8,6,1,1,,2,2
9,42,3,12,2002,4,1,1,2,1,1,3,1,1,1,1,5,1,1,8,6,1,1,,2,2
16,42,2,7,2002,1,1,1,2,1,1,3,1,1,1,1,5,1,1,12,6,,1,,2,2
16,42,3,7,2002,1,1,1,2,1,1,2,1,1,1,1,5,1,1,10,6,,,,2,2
16,42,4,9,2002,1,1,1,2,1,1,3,1,1,1,1,5,1,1,14,6,,,,,2
16,42,3,9,2002,2,3,6,2,1,1,1,1,1,1,1,5,1,1,10,6,1,1,,2,2
16,42,4,10,2002,4,1,1,2,1,1,3,1,1,1,1,5,1,1,14,6,,,,2,2
16,42,2,10,2002,2,1,1,2,1,1,1,1,1,1,1,5,1,1,9,6,1,1,,2,2
16,42,4,10,2002,1,1,1,2,1,1,3,1,1,1,1,5,2,1,14,6,1,1,,2,2
22,42,4,12,2002,4,1,1,2,1,1,3,1,1,1,1,5,1,1,14,6,1,1,,2,2
22,42,3,12,2002,2,1,1,2,1,1,2,1,1,1,1,5,1,1,14,5,1,1,,2,2
12,42,2,9,2002,2,1,1,2,2,1,1,1,1,1,1,5,1,1,10,6,1,1,,2,2
12,42,4,10,2002,2,5,6,2,1,1,1,1,1,1,1,5,1,1,10,6,1,1,,2,2
12,42,3,10,2002,2,3,6,2,1,1,1,1,1,1,1,5,1,1,8,6,1,1,,2,2
17,42,4,2,2002,2,1,1,2,1,1,1,1,1,1,1,5,1,1,12,5,1,1,,2,2
17,42,4,4,2002,4,1,1,2,1,1,3,1,1,1,1,5,1,1,14,6,1,1,,2,2
17,42,3,8,2002,2,3,4,2,1,1,1,1,1,1,1,5,1,1,8,6,1,1,,2,2
17,42,3,9,2002,2,1,4,2,1,1,1,1,1,1,1,5,1,1,12,6,1,1,,2,2
17,42,4,10,2002,3,1,1,2,1,1,1,1,1,1,1,5,1,1,8,6,1,1,,2,2
17,42,3,11,2002,2,1,1,2,1,1,2,1,1,1,1,5,1,1,8,6,1,1,,2,2
14,42,3,4,2002,3,3,4,2,1,1,1,1,1,1,1,5,1,1,15,6,,,,2,2
14,42,3,4,2002,4,1,4,2,1,1,1,1,1,1,1,5,1,1,7,6,1,1,,2,2
14,42,4,4,2002,3,3,4,2,1,1,1,1,1,1,1,5,1,1,14,3,1,1,,2,2
14,42,4,4,2002,2,3,4,2,1,1,1,1,1,1,1,5,1,1,9,6,1,1,,2,2
14,42,3,5,2002,3,1,1,2,1,1,1,1,1,1,1,5,1,1,10,6,1,1,,2,2
14,42,3,9,2002,4,6,1,2,2,1,3,1,1,1,1,5,1,1,14,6,1,1,,2,2
14,42,4,10,2002,4,1,4,2,1,1,3,1,1,1,1,5,1,1,8,6,,,,2,2
14,42,4,10,2002,4,3,4,2,1,1,3,1,1,1,1,5,1,1,9,6,,,55,2,2
14,42,4,12,2002,2,1,1,2,2,1,2,1,1,1,1,2,1,2,8,6,,,,2,2
1,64,1,1,2002,3,1,1,2,2,1,1,1,1,1,1,5,1,1,5,6,1,1,,2,2
1,61,3,1,2002,2,1,1,2,2,1,1,1,1,1,1,2,1,2,9,1,1,1,30,1,2
1,57,4,1,2002,2,1,1,2,2,4,2,1,1,1,1,2,1,2,6,6,1,1,22,2,2
1,61,3,3,2002,3,1,1,2,2,1,1,1,1,1,1,1,1,2,9,1,1,1,40,1,2
1,63,3,3,2002,4,1,1,2,2,1,1,1,1,1,1,4,1,2,11,6,1,1,,2,2
5,65,4,3,2002,3,1,1,2,2,1,1,1,1,1,1,2,1,2,11,6,1,1,25,2,2
7,65,2,3,2002,2,1,2,2,2,1,1,1,1,1,1,1,1,2,14,6,1,1,35,2,2
1,57,3,3,2002,3,1,1,2,2,1,1,1,1,1,1,2,1,2,6,6,2,1,,2,2
6,57,3,3,2002,2,1,1,2,2,1,1,1,1,1,1,2,1,2,12,6,1,1,35,2,2
1,61,4,4,2002,3,1,1,2,2,1,1,1,1,1,1,1,1,2,14,1,1,1,35,1,2
1,61,4,4,2002,3,1,1,2,2,1,1,1,1,1,1,1,1,2,7,1,1,1,40,1,2
4,63,1,2,2002,2,1,1,2,2,4,2,2,1,1,1,1,1,2,8,6,1,1,39,2,2
6,63,4,1,2002,4,1,1,2,2,1,4,1,1,1,1,2,1,2,9,6,1,1,34,2,2
6,63,4,4,2002,4,1,1,2,2,1,2,1,1,1,1,2,1,2,7,6,1,1,,2,2
11,64,4,3,2002,2,1,1,2,2,1,1,1,1,1,1,5,1,1,12,6,1,1,42,2,2
5,65,4,4,2002,3,1,1,2,2,1,1,1,1,1,1,1,1,2,9,6,1,1,40,2,2
1,58,4,1,2002,3,1,1,2,2,1,1,1,1,1,1,2,1,2,14,6,1,1,45,2,2
1,58,3,1,2002,4,1,1,2,2,1,2,1,1,1,1,2,1,1,7,6,1,1,30,2,2
1,58,4,2,2002,4,1,1,2,2,1,4,1,1,1,1,2,1,2,9,6,1,1,40,2,2
1,58,4,3,2002,4,1,1,2,2,1,4,1,1,1,1,1,1,2,4,6,1,1,23,2,2
1,58,4,4,2002,2,1,1,2,2,1,1,1,1,1,1,2,1,2,17,6,1,1,45,2,2
1,58,4,5,2002,2,1,1,2,2,2,1,1,2,1,1,2,1,2,9,6,1,1,,2,2
3,58,2,4,2002,2,1,1,2,2,1,1,1,1,1,1,2,1,2,9,6,1,1,,2,2
5,58,4,1,2002,2,1,1,2,2,1,1,1,1,1,1,1,1,2,14,6,1,1,,1,2
6,58,4,5,2002,1,1,2,2,1,1,4,1,1,1,1,1,1,1,14,6,1,1,30,2,2
7,58,3,1,2002,3,1,1,2,2,1,2,1,1,1,1,1,1,2,9,6,1,1,45,2,2
7,58,2,5,2002,2,1,1,2,2,1,1,2,1,1,1,1,1,2,11,2,1,1,,2,2
8,58,1,1,2002,3,1,1,2,2,1,1,1,1,1,1,2,1,2,15,6,1,1,,2,2
8,58,4,5,2002,4,1,1,2,2,1,4,1,1,1,1,2,1,2,7,6,1,1,,1,2
10,58,4,4,2002,3,1,1,2,2,1,1,1,1,1,1,2,1,2,9,6,1,1,40,2,2
12,58,3,4,2002,3,1,1,2,2,1,1,1,1,1,1,2,1,2,4,6,1,1,40,2,2
7,59,3,5,2002,3,1,1,2,2,1,1,1,1,1,1,2,1,2,10,6,1,1,,2,2
14,63,1,2,2002,3,1,1,2,2,1,1,1,1,1,1,1,1,2,13,6,1,1,,2,2
1,61,3,8,2002,2,1,1,2,2,1,1,1,1,1,1,1,1,2,9,1,1,1,35,1,2
4,62,1,3,2002,3,1,8,2,2,1,1,1,1,1,1,2,1,2,4,6,1,1,35,2,1
4,62,4,8,2002,3,1,1,2,2,1,1,1,1,1,1,2,1,2,14,5,1,1,,1,2
4,62,4,10,2002,3,1,8,2,2,1,1,1,1,1,1,2,1,2,12,5,1,1,28,2,2
1,61,4,10,2002,3,1,1,2,2,1,1,1,1,1,1,1,1,2,9,6,1,1,,2,2
1,62,3,10,2002,2,1,8,2,2,1,1,1,1,1,1,4,1,2,14,5,1,1,40,1,2
11,63,4,8,2002,4,1,1,2,2,1,3,1,1,1,1,2,1,2,,,,,,,
1,65,4,10,2002,3,1,1,2,2,1,1,3,1,1,1,1,1,2,9,6,1,1,35,1,2
7,65,4,10,2002,3,1,1,2,2,1,1,1,1,1,1,1,1,2,11,6,1,1,,1,2
5,64,4,6,2002,4,1,1,2,2,1,3,1,1,1,1,5,1,1,12,6,1,1,41,2,2
6,64,3,1,2002,4,2,6,2,2,1,3,1,1,1,1,5,1,1,14,6,1,1,42,2,2
6,64,3,2,2002,4,1,6,2,2,1,3,1,1,1,1,5,1,1,9,6,1,1,,2,2
6,64,3,3,2002,4,1,1,2,2,1,3,1,1,1,1,5,1,1,7,6,1,1,,2,2
6,64,1,6,2002,3,1,8,2,2,1,1,1,1,1,1,5,1,1,7,5,1,1,28,2,2
6,64,4,10,2002,4,1,1,2,2,1,2,1,1,1,1,5,1,1,14,6,1,1,42,2,2
7,64,4,9,2002,4,1,1,2,2,2,3,1,2,1,1,5,1,1,6,6,1,1,,2,2
11,64,4,7,2002,1,3,1,2,2,1,1,1,1,1,1,5,1,1,10,6,1,1,,2,2
2,64,4,2,2002,3,1,1,2,2,1,1,1,1,1,1,5,1,1,14,6,1,1,35,1,2
2,64,3,5,2002,3,1,1,2,2,1,1,1,1,1,1,5,1,1,8,6,1,1,,2,2
2,64,1,6,2002,1,1,1,2,2,1,3,1,1,1,1,5,1,1,8,6,1,1,,2,2
2,64,3,8,2002,1,1,1,2,2,1,3,1,1,1,1,5,1,1,10,6,1,1,,1,2
2,64,3,10,2002,4,2,4,2,2,1,3,1,1,1,1,5,1,1,14,6,1,1,,2,2
4,64,4,7,2002,2,3,6,2,2,1,1,1,1,1,1,5,1,1,14,2,1,1,35,1,2
4,64,4,9,2002,1,2,6,2,1,1,3,1,1,1,1,5,1,1,14,6,1,1,30,2,2
4,64,3,12,2002,4,3,1,2,2,1,1,1,1,1,1,5,1,1,9,6,1,1,35,1,2
8,64,4,1,2002,4,2,1,2,2,1,2,1,1,1,1,5,1,1,9,6,1,1,,2,2
9,64,3,7,2002,3,1,1,2,2,1,1,1,1,1,1,5,1,1,14,6,1,1,,2,2
9,64,4,12,2002,2,1,1,2,2,1,1,1,1,1,1,5,1,1,9,6,1,1,30,2,2
4,44,3,3,2002,3,1,1,1,1,1,1,1,1,1,2,1,1,,14,6,1,1,,2,2
11,47,4,8,2002,2,1,1,2,2,1,4,1,1,1,1,3,1,2,14,6,1,1,,2,2
7,51,3,7,2002,4,1,1,2,2,1,4,1,1,1,1,3,1,2,6,6,1,1,,2,2
12,51,4,7,2002,4,1,1,2,2,1,4,1,1,1,1,3,1,2,6,6,1,1,,2,2
5,41,4,1,2002,3,1,1,2,2,1,1,1,1,1,1,1,1,2,14,6,1,1,,2,2
5,41,4,1,2002,3,1,1,2,2,1,1,1,1,1,1,1,1,2,8,6,1,1,,2,2
5,41,4,6,2002,3,1,1,2,2,1,1,1,1,1,1,1,1,2,9,6,1,1,,2,2
5,41,4,9,2002,4,1,1,2,2,1,3,1,1,1,1,2,1,2,19,6,1,1,,2,2
1,47,3,8,2002,3,1,1,2,2,1,1,1,1,1,1,1,1,2,8,6,1,1,,2,2
2,47,4,10,2002,3,1,1,2,2,1,1,1,1,1,1,1,1,2,9,6,1,1,37,2,2
2,47,4,12,2002,3,1,1,2,2,1,1,1,1,1,1,1,1,2,8,6,1,1,32,2,2
6,47,4,12,2002,4,1,1,2,2,1,2,1,1,1,1,3,1,2,14,6,1,1,,2,2
11,47,3,9,2002,3,1,1,2,2,1,1,1,1,1,1,3,1,2,7,6,1,1,,2,2
12,47,4,8,2002,3,1,1,2,2,1,1,1,1,1,1,1,1,2,14,6,1,1,,2,2
12,47,1,11,2002,2,1,1,2,2,1,2,1,1,1,1,1,1,2,9,6,1,1,,2,2
1,50,4,11,2002,3,1,1,2,2,1,1,1,1,1,1,1,1,2,9,6,1,1,55,2,2
2,50,4,12,2002,3,1,1,2,2,1,1,1,1,1,1,1,1,2,9,6,1,1,38,2,2
7,50,4,8,2002,3,1,1,2,2,1,1,1,1,1,1,3,1,2,7,6,1,1,,2,2
13,50,4,9,2002,4,1,1,2,1,1,2,1,1,1,1,2,1,2,9,6,1,1,,2,2
13,50,4,12,2002,3,1,1,2,2,1,1,1,1,1,1,1,1,2,9,6,1,1,,2,2
6,52,3,10,2002,3,1,1,2,2,1,1,1,1,1,1,3,1,2,14,6,1,1,28,2,2
1,40,3,11,2002,2,1,1,2,2,1,1,1,1,1,1,1,1,2,9,6,1,1,,2,2
1,40,4,11,2002,3,1,1,2,2,1,1,1,1,1,1,1,1,2,14,6,1,1,,2,2
5,40,3,12,2002,2,1,1,2,2,1,1,1,1,1,1,1,1,2,9,6,1,1,,2,2
3,51,3,11,2002,3,1,1,2,2,1,1,1,1,1,1,2,1,2,8,6,1,1,35,2,2
4,51,3,12,2002,3,1,1,2,2,1,1,1,1,1,1,2,1,2,8,6,1,1,,2,2
12,51,4,12,2002,2,1,1,2,2,1,1,1,1,1,1,3,1,2,14,6,1,1,,2,2
1,45,4,9,2002,2,1,1,2,2,1,1,1,1,1,1,1,1,2,9,6,1,1,,2,2
1,45,4,10,2002,4,1,1,2,2,1,4,1,1,1,1,1,1,2,9,6,1,1,,2,2
4,45,3,7,2002,4,1,1,2,2,1,4,1,1,1,1,3,1,2,9,6,1,1,,2,2
4,45,4,9,2002,3,1,1,2,2,1,2,1,1,1,1,3,1,2,14,6,1,1,32,2,2
4,45,4,10,2002,2,1,1,2,2,1,1,1,1,1,1,3,1,2,14,6,1,1,30,2,2
6,45,4,11,2002,2,1,1,2,2,4,2,1,1,1,1,3,1,2,8,6,1,1,,2,2
6,45,4,12,2002,4,1,1,2,2,1,4,1,1,1,1,1,1,2,9,6,1,1,,2,2
4,44,4,9,2002,3,1,1,2,2,1,1,1,1,1,1,3,1,2,9,6,1,1,,2,2
5,44,3,9,2002,3,1,1,2,2,1,1,1,1,1,1,1,1,2,12,6,1,1,,2,2
7,44,4,8,2002,3,1,1,2,2,1,1,1,1,1,1,1,1,2,14,6,1,1,22,2,2
2,43,1,9,2002,4,1,1,2,2,1,1,1,1,1,1,1,1,2,9,6,1,1,,2,2
2,43,3,12,2002,4,1,1,2,2,1,4,1,1,1,1,1,1,2,14,6,1,1,,2,2
4,43,3,9,2002,2,1,1,2,2,1,1,1,1,1,1,1,1,2,12,6,1,1,,2,2
6,43,3,11,2002,2,1,1,2,2,1,1,1,1,1,1,3,1,2,6,6,1,1,,2,2
1,38,3,8,2002,1,1,1,2,2,1,1,1,1,1,1,1,1,2,9,6,1,1,,2,2
1,38,4,9,2002,1,1,1,2,2,1,4,1,1,1,1,1,1,2,14,6,1,1,,2,2
1,38,4,10,2002,2,1,1,2,2,1,1,1,1,1,1,1,1,1,9,6,1,1,,2,2
1,38,1,11,2002,3,1,1,2,2,1,1,1,1,1,1,1,1,2,14,6,1,1,,2,2
1,38,2,11,2002,3,1,1,2,2,1,1,1,1,1,1,1,1,2,14,6,1,1,,2,2
1,38,4,11,2002,3,1,1,2,2,1,1,1,1,1,1,1,1,2,9,6,1,1,,2,2
3,38,4,7,2002,3,1,1,2,2,1,1,1,1,1,1,1,1,2,9,6,1,1,,2,2
6,38,1,12,2002,1,1,1,2,2,1,4,1,1,1,1,1,1,2,10,6,1,1,,2,2
7,38,4,8,2002,4,1,1,2,2,1,2,1,1,1,1,1,1,2,14,6,1,1,,2,2
1,38,3,7,2002,3,1,1,2,2,1,1,1,1,1,1,1,1,2,9,6,1,1,,2,2
1,38,3,7,2002,4,1,1,2,2,1,4,1,1,1,1,1,1,2,14,6,1,1,,2,2
3,37,3,8,2002,2,1,1,2,2,1,1,1,1,1,1,3,1,2,14,6,1,1,,2,2
6,37,3,12,2002,2,1,1,2,2,1,1,1,1,1,1,3,1,2,14,6,1,1,,2,2
1,41,3,10,2002,2,1,1,2,2,1,1,1,1,1,1,1,1,2,14,6,1,1,,2,2
3,41,4,10,2002,4,1,1,2,2,1,4,1,1,1,1,1,1,2,14,6,1,1,,2,2
3,41,4,10,2002,2,1,1,2,2,1,1,1,1,1,1,1,1,2,9,6,1,1,,2,2
3,41,4,11,2002,2,1,1,2,2,1,1,1,1,1,1,1,1,2,8,6,1,1,,2,2
3,41,4,11,2002,2,1,1,2,2,1,1,1,1,1,1,1,2,2,10,6,1,1,,2,2
5,41,4,12,2002,4,1,1,2,2,1,3,1,1,1,1,1,1,2,10,6,1,1,,2,2
1,35,4,10,2002,4,1,1,2,2,1,4,1,1,1,1,1,1,2,14,6,1,1,,2,2
1,35,3,10,2002,3,1,1,2,2,2,2,1,1,1,1,1,1,2,7,6,1,1,,2,2
1,35,3,12,2002,3,1,1,2,2,1,1,1,1,1,1,2,1,2,12,6,1,1,,2,2
1,35,3,12,2002,2,1,1,2,2,1,1,1,1,1,1,1,1,2,9,6,1,1,,2,2
1,35,3,12,2002,2,1,1,2,2,1,1,1,1,1,1,2,1,2,8,6,1,1,,2,2
4,35,4,12,2002,3,1,1,2,2,1,1,1,1,1,1,1,1,2,8,6,1,1,,2,2
5,35,4,12,2002,3,1,1,2,2,1,1,1,1,1,1,3,1,2,9,6,1,1,,2,2
1,36,4,12,2002,2,1,1,2,2,1,1,1,1,1,1,3,1,2,9,6,1,1,,2,2
1,39,4,11,2002,2,1,1,2,2,1,1,1,1,1,1,1,1,2,8,6,1,1,,2,2
3,39,4,7,2002,1,1,1,2,2,1,2,1,1,1,1,1,1,2,12,6,1,1,,2,2
4,39,4,11,2002,2,1,1,2,2,1,1,1,1,1,1,3,1,2,8,6,1,1,,2,2
7,44,4,11,2002,4,1,1,2,2,1,4,1,1,1,1,1,1,2,7,6,1,1,,2,2
7,44,4,12,2002,4,1,1,2,2,1,4,1,1,1,1,1,1,2,9,6,1,1,,2,2
7,44,4,12,2002,3,1,1,2,2,1,1,1,1,1,1,1,1,2,9,6,1,1,,2,2
7,44,4,12,2002,3,1,1,2,2,1,1,1,1,1,1,1,1,1,12,6,1,1,,2,2
7,44,4,12,2002,3,1,1,2,2,1,1,1,1,1,1,1,1,2,5,6,1,1,,2,2
6,48,4,6,2002,4,1,1,2,2,1,4,1,1,1,1,3,1,2,8,6,1,1,35,2,2
1,49,4,10,2002,4,1,1,2,2,1,4,1,1,1,1,2,1,2,19,6,1,1,,2,2
2,49,3,11,2002,3,1,1,2,2,1,1,1,1,1,1,3,1,2,8,10,1,1,,2,2
2,43,3,1,2002,2,1,1,2,2,1,1,1,1,1,1,1,1,2,8,6,1,1,,2,2
1,51,4,1,2002,3,1,1,2,2,1,1,1,1,1,1,1,1,2,17,6,1,1,,2,2
8,51,4,1,2002,3,1,1,2,2,1,1,1,1,1,1,3,1,2,17,6,1,1,,2,2
8,51,4,1,2002,4,1,1,2,2,1,4,2,1,1,1,3,1,2,14,6,1,1,,2,2
8,51,4,1,2002,3,1,1,2,2,1,1,1,1,1,2,2,1,2,9,6,1,1,,2,2
2,46,3,1,2002,3,1,1,2,2,1,1,1,1,1,1,1,1,2,13,6,1,1,,2,2
5,46,4,1,2002,4,1,1,2,2,1,2,1,1,1,1,3,1,2,14,6,1,1,,2,2
1,50,4,1,2002,4,1,1,2,2,1,3,1,1,1,1,1,1,1,12,6,1,1,,2,2
2,50,4,1,2002,2,1,1,2,2,1,1,1,1,1,1,1,1,2,9,6,1,1,,2,2
2,50,4,1,2002,1,1,1,2,2,4,4,1,1,1,1,1,1,2,7,6,1,1,26,2,2
11,50,3,1,2002,3,1,1,2,2,1,1,1,1,1,1,2,1,2,9,6,1,1,32,2,2
12,50,3,1,2002,3,1,1,2,2,1,1,1,1,1,1,1,1,2,9,6,1,1,30,2,2
4,35,4,1,2002,2,1,1,2,2,1,1,1,1,1,1,3,1,2,9,6,1,1,,2,2
5,35,3,1,2002,3,1,1,2,2,1,1,1,1,1,1,3,1,2,6,6,1,1,,2,2
1,45,4,1,2002,4,1,1,2,2,1,2,1,1,1,1,3,1,2,6,6,1,1,,2,2
1,43,3,2,2002,4,1,1,2,2,1,2,1,1,1,1,3,1,2,11,6,1,1,,2,2
11,50,1,2,2002,2,1,1,2,2,1,1,1,1,1,1,2,1,2,9,6,1,1,,2,2