Thana,District,Accident_Severity,Month,Year,Time,Junction_Type,Traffic_Control,Movement,Divider,Weather,Light,Road_Geometry,Surface_Condition,Surface_Type,Surface_Quality,Road_Class,Road_Feature,Location_Type,Vehicle_Type,Vehicle_Movement,Vehicle_Loading,Vehicle_Defect,Vehicle_Driver_Age,Vehicle_Alcohol,Vehicle_Seat_Belt
4,37,3,2,2002,2,1,1,2,2,1,1,1,1,1,1,3,1,2,12,6,1,1,,2,2
1,47,4,2,2002,2,1,1,2,2,1,1,1,1,1,1,1,1,1,14,6,1,1,35,2,2
5,47,1,2,2002,4,1,1,2,2,1,4,1,1,1,1,1,1,2,9,6,1,1,,2,2
8,47,4,2,2002,3,1,1,2,2,1,1,1,1,1,1,1,1,1,9,6,1,1,,2,2
9,47,3,2,2002,3,1,1,2,2,1,1,1,1,1,1,1,1,2,14,6,1,1,,2,2
1,45,4,2,2002,4,1,1,2,2,1,2,1,1,1,1,3,1,2,8,6,1,1,,2,2
2,45,1,2,2002,3,1,1,2,2,1,1,1,1,1,1,1,1,2,6,6,1,1,40,2,2
6,40,4,2,2002,3,1,1,2,2,1,1,1,1,1,1,1,1,2,9,6,1,1,,2,2
1,51,3,1,2002,3,1,1,2,2,1,1,1,1,1,1,3,1,2,9,6,1,1,,2,2
8,51,4,2,2002,4,1,1,2,2,1,2,1,1,1,1,3,1,2,16,6,1,1,,2,2
1,50,3,3,2002,2,1,1,2,2,1,1,1,1,1,1,1,2,2,9,6,1,1,,2,2
11,50,3,2,2002,2,1,1,2,2,1,1,1,1,1,1,2,1,2,9,6,1,1,,2,2
6,45,3,3,2002,2,1,1,2,2,1,1,1,1,1,1,1,1,2,9,6,1,1,,2,2
1,46,4,2,2002,3,1,1,2,2,1,1,1,1,1,1,3,1,2,14,6,1,1,,2,2
1,46,4,2,2002,4,1,1,2,2,1,4,1,1,1,1,2,1,2,14,6,1,1,,2,2
1,47,3,3,2002,1,1,1,2,2,1,4,1,1,1,1,1,1,2,9,6,1,1,,2,2
4,39,4,3,2002,2,1,1,2,2,1,1,1,1,1,1,3,1,2,8,6,1,1,,2,2
6,52,3,3,2002,4,1,1,2,2,1,4,1,1,1,1,3,2,2,10,6,1,1,,2,2
1,35,1,3,2002,2,1,1,2,2,1,2,1,1,1,1,2,1,2,14,6,1,1,,2,2
1,35,4,3,2002,2,1,1,2,2,1,1,1,1,1,1,2,1,2,9,6,1,1,,2,2
1,48,3,3,2002,2,1,1,2,2,1,2,1,1,1,1,1,1,2,9,6,1,1,,2,2
1,38,4,3,2002,4,1,1,2,2,1,4,1,1,1,1,1,1,2,9,6,1,1,,2,2
4,38,4,3,2002,3,1,1,2,2,1,1,1,1,1,1,3,1,2,14,6,1,1,,2,2
4,51,4,2,2002,3,1,1,2,2,1,1,1,1,1,1,1,1,2,14,6,1,1,,2,2
2,36,3,4,2002,4,1,1,2,2,1,4,1,1,1,1,3,1,2,14,6,1,1,40,2,2
5,37,4,4,2002,2,1,1,2,2,1,1,1,1,1,2,3,1,2,14,6,1,1,,2,2
1,38,4,4,2002,2,1,1,2,2,1,1,1,1,1,1,1,1,2,9,6,1,1,,2,2
6,38,4,4,2002,2,1,1,2,2,1,1,1,1,1,1,1,1,2,12,6,1,1,27,2,2
7,38,4,4,2002,3,1,1,2,2,1,1,1,1,1,1,1,1,2,5,6,1,1,,2,2
1,47,3,4,2002,2,1,1,2,2,1,1,1,1,1,1,1,1,2,9,6,1,1,,2,2
1,47,3,4,2002,4,1,1,2,2,1,3,1,1,1,1,1,1,2,9,6,1,1,,2,2
8,47,3,4,2002,4,1,1,2,2,1,4,1,1,1,1,1,1,2,6,6,1,1,,2,2
9,47,3,4,2002,3,1,1,2,2,1,1,1,1,1,1,1,1,2,14,6,1,1,35,2,2
5,35,4,4,2002,3,1,1,2,2,1,1,1,1,1,1,3,1,2,8,6,1,1,,2,2
1,45,4,4,2002,4,1,1,2,2,1,4,1,1,1,1,1,1,1,8,6,1,1,,2,2
1,50,4,4,2002,2,1,1,2,1,1,1,1,1,1,1,1,1,2,19,6,1,1,,2,2
6,50,3,4,2002,4,1,1,2,2,1,2,1,1,1,1,3,1,2,14,6,1,1,,2,2
5,49,4,4,2002,2,1,1,2,2,1,1,1,1,1,1,3,1,2,14,6,1,1,,2,2
2,43,3,4,2002,3,1,1,2,2,1,1,1,1,1,1,1,1,2,9,6,1,1,35,2,2
1,40,4,4,2002,2,1,1,2,2,1,1,1,1,1,1,1,1,2,9,6,1,1,38,2,2
1,40,4,5,2002,1,1,1,2,2,1,2,1,1,1,1,1,1,2,14,6,1,1,,2,2
3,40,2,5,2002,2,1,1,2,2,1,1,1,1,1,1,3,1,2,14,6,1,1,,2,2
1,47,4,4,2002,4,1,1,2,2,1,2,1,1,1,1,3,1,1,14,6,1,1,38,2,2
10,47,3,5,2002,3,1,1,2,2,1,1,1,1,1,1,3,1,2,9,6,1,1,,2,2
1,38,4,5,2002,3,1,1,2,2,1,1,1,1,1,1,1,1,1,9,6,1,1,,2,2
3,38,3,5,2002,4,1,1,2,2,2,4,1,2,1,1,1,1,2,9,6,1,1,,2,2
7,38,3,5,2002,2,1,1,2,2,1,1,1,1,1,1,1,1,1,9,6,1,1,,2,2
1,35,1,5,2002,3,1,1,2,2,1,1,1,1,1,1,1,1,1,12,6,1,1,,2,2
1,35,4,5,2002,1,1,1,2,2,1,2,1,1,1,1,1,1,1,12,6,1,1,,2,2
1,50,4,5,2002,3,1,1,2,2,1,1,1,1,1,1,1,1,2,10,6,1,1,,2,2
2,50,3,4,2002,3,1,1,2,2,1,1,1,1,1,1,1,1,2,9,6,1,1,,2,2
5,50,4,5,2002,4,1,1,2,2,1,2,1,1,1,1,3,1,2,9,6,1,1,,2,2
1,51,3,2,2002,3,1,1,2,2,1,1,1,1,1,1,2,1,2,9,6,1,1,35,2,2
6,51,3,5,2002,3,1,1,2,2,1,1,1,1,1,1,3,1,2,15,6,1,1,,2,2
8,51,4,5,2002,3,1,1,2,2,1,1,1,1,1,1,2,1,2,7,6,1,1,,2,2
1,38,4,6,2002,3,1,1,2,2,1,1,1,1,1,1,1,1,2,4,6,1,1,,2,2
1,46,3,4,2002,2,1,1,2,2,1,1,1,1,1,1,1,1,1,8,6,1,1,,2,2
2,46,4,4,2002,4,1,1,2,2,1,2,1,1,1,1,1,1,2,14,6,1,1,,2,2
5,46,4,4,2002,3,1,1,2,2,1,1,1,1,1,1,3,1,2,14,6,1,1,,2,2
2,46,4,5,2002,4,1,1,2,2,1,1,1,1,1,3,1,1,2,9,6,1,1,,2,2
5,40,3,6,2002,3,1,1,2,1,1,1,1,1,1,1,1,1,2,14,6,1,1,,2,2
1,47,3,6,2002,3,1,1,2,2,1,1,1,1,1,1,1,1,1,9,6,1,1,,2,2
7,44,1,5,2002,2,1,1,2,2,1,1,1,1,1,1,1,1,2,13,6,1,1,,2,2
5,44,3,6,2002,2,1,1,2,2,1,2,1,1,1,1,3,1,2,14,6,1,1,30,2,2
5,44,4,6,2002,3,1,1,2,2,1,1,1,1,1,1,3,1,2,8,6,1,1,30,2,2
1,40,1,7,2002,2,1,1,2,2,1,1,1,1,1,1,1,1,2,10,6,1,1,,2,2
3,40,4,7,2002,2,1,1,2,2,1,1,1,1,1,1,1,1,2,9,6,1,1,,2,2
5,40,3,7,2002,2,1,1,2,2,2,1,1,2,1,1,1,1,2,8,6,1,1,,2,2
6,40,3,7,2002,3,1,1,2,2,1,1,1,1,1,1,3,1,2,9,6,1,1,,2,2
1,46,4,7,2002,3,1,1,2,2,1,1,1,1,1,1,1,1,2,14,6,1,1,,2,2
1,46,4,10,2002,3,1,1,2,2,1,1,1,1,1,1,1,1,2,14,6,1,1,,2,2
2,46,3,12,2002,4,1,1,2,2,1,4,1,1,1,1,1,1,2,14,6,1,1,,2,2
3,46,4,12,2002,1,1,1,2,2,1,3,1,1,1,1,3,1,2,14,6,1,1,,2,2
4,48,4,1,2002,3,1,1,2,2,1,1,1,1,1,1,3,1,2,14,6,1,1,,2,2
1,52,4,11,2002,3,1,1,2,2,1,1,1,1,1,1,2,1,2,6,6,1,1,,2,2
1,47,3,5,2002,3,1,1,2,2,1,1,1,1,1,2,3,1,2,9,6,1,1,,2,2
6,47,4,12,2002,4,1,1,2,2,1,2,1,1,1,1,3,1,2,14,6,1,1,,2,2
2,47,4,10,2002,3,1,1,2,2,1,1,1,1,1,1,1,1,2,9,6,1,1,,2,2
2,47,4,12,2002,3,1,1,2,2,1,1,1,1,1,1,1,1,2,8,6,1,1,,2,2
5,46,4,7,2002,3,1,1,2,2,1,1,1,1,1,1,3,1,2,4,6,1,1,,2,2
5,46,4,11,2002,3,1,1,2,2,1,1,1,1,1,1,1,1,2,9,6,1,1,,2,2
4,41,3,3,2002,3,1,1,2,2,1,1,1,1,1,1,3,1,2,9,6,1,1,,2,2
3,51,4,8,2002,3,1,1,2,2,1,1,1,1,1,1,1,1,2,8,6,1,1,,2,2
4,51,2,6,2002,3,1,1,2,2,1,1,1,1,1,1,1,1,2,14,6,1,1,,2,2
7,56,4,1,2002,3,1,1,2,2,1,1,1,1,1,1,4,1,2,17,6,1,1,28,2,2
11,54,3,1,2002,2,1,2,2,2,1,1,1,1,1,1,3,1,2,17,6,2,7,22,2,2
3,54,4,1,2002,3,,8,2,2,1,1,4,1,1,1,3,1,2,7,6,,,,2,2
9,54,3,2,2002,3,3,1,2,2,1,1,2,1,1,1,1,3,2,14,2,2,7,,,
7,53,4,2,2002,3,7,1,2,2,1,1,1,1,1,1,3,1,2,7,6,,7,25,2,2
1,56,4,2,2002,3,7,1,2,2,1,1,1,1,1,2,4,,2,9,6,,,,,
1,54,4,3,2002,3,1,1,2,2,1,1,2,1,1,1,3,1,1,8,6,1,1,45,2,1
5,54,4,3,2002,4,1,1,2,2,1,4,1,1,1,3,3,1,2,14,5,1,7,,2,2
10,54,3,3,2002,2,1,1,2,2,1,1,2,1,1,1,4,4,2,4,1,1,1,40,2,2
7,54,4,3,2002,4,1,1,2,2,3,4,1,2,1,2,3,1,2,5,6,1,1,,1,2
1,56,4,3,2002,1,3,1,2,2,1,2,2,1,1,1,2,1,1,17,6,,,,,
8,56,4,3,2002,3,1,1,2,2,1,1,1,1,1,1,3,1,2,6,6,1,,35,,
2,55,4,3,2002,3,7,1,2,2,1,1,1,1,1,1,3,1,2,19,6,,,,,
1,54,4,4,2002,3,1,1,2,2,2,1,2,2,1,1,1,1,1,9,1,2,7,,1,2
13,54,4,4,2002,2,1,1,2,2,2,1,1,2,1,3,1,1,2,9,5,,,,1,2
8,56,1,4,2002,4,1,1,2,2,1,2,2,1,2,2,4,1,2,10,6,1,,40,2,2
3,54,3,5,2002,4,7,1,2,2,1,4,1,1,1,1,3,1,2,10,6,1,1,,2,2
3,56,4,5,2002,1,1,1,2,2,2,4,1,2,1,2,1,1,2,14,5,1,7,,1,2
6,55,4,5,2002,3,1,,2,2,1,1,1,1,1,1,1,1,1,11,6,,7,,,2
5,55,1,5,2002,3,4,8,2,2,1,1,2,1,1,1,4,1,2,11,1,1,1,,2,2
6,55,4,6,2002,2,1,1,2,2,2,1,1,2,1,1,1,1,2,10,6,1,1,29,2,2
4,56,4,6,2002,3,1,1,2,2,1,1,1,1,1,1,3,1,2,11,6,1,1,,2,2
9,54,4,6,2002,3,1,1,2,2,1,1,1,1,1,1,1,1,2,6,6,1,7,25,2,2
1,55,4,7,2002,2,3,1,2,2,1,1,1,1,1,1,1,1,2,8,2,1,1,30,2,2
4,55,4,7,2002,2,1,1,2,2,1,1,1,1,1,1,4,1,2,7,11,1,1,20,2,2
1,54,1,7,2002,2,1,1,2,2,1,1,1,1,1,1,1,1,2,5,6,1,,35,2,2
9,56,4,8,2002,2,1,1,2,2,1,1,1,1,1,1,3,1,1,9,6,1,1,44,1,2
1,53,4,9,2002,2,7,1,2,2,1,1,1,1,1,1,2,1,2,4,6,1,1,,,2
1,54,3,11,2002,2,1,1,2,2,1,1,1,1,1,1,5,2,1,6,6,,,,2,2
1,56,4,11,2002,1,4,2,2,1,3,1,1,1,1,1,3,1,1,2,6,,,45,,
1,54,2,11,2002,2,1,1,2,2,1,1,1,1,1,1,4,1,2,8,5,1,1,40,2,2
1,54,4,10,2002,3,2,8,2,2,1,1,1,1,1,1,1,3,2,4,4,,,,,
3,54,4,11,2002,3,1,1,2,2,1,1,1,1,1,1,3,1,2,8,6,1,1,,2,2
1,53,4,11,2002,2,7,1,2,2,1,1,1,1,1,1,5,1,1,11,6,1,7,23,2,2
1,54,3,12,2002,4,7,4,2,2,1,3,1,1,1,1,5,1,1,7,6,1,1,26,2,2
1,54,3,12,2002,3,7,1,2,2,1,1,1,1,1,1,1,2,2,19,6,,,,2,2
1,54,4,12,2002,3,1,1,2,1,1,1,1,1,1,1,3,3,2,8,4,1,1,20,1,2
1,54,4,12,2002,4,1,1,2,2,1,4,1,1,1,1,1,1,2,14,6,,,,,
3,28,4,1,2002,4,1,1,2,2,1,4,1,1,1,1,1,1,1,9,6,1,1,,2,2
4,28,3,1,2002,3,1,1,2,2,2,1,2,2,1,1,1,1,1,5,6,1,1,36,2,2
5,28,3,1,2002,2,1,1,2,2,1,1,1,1,1,3,5,1,1,9,6,1,1,42,2,2
2,28,4,2,2002,3,3,1,2,1,1,1,1,1,1,1,1,1,1,11,6,1,1,,2,2
3,21,4,1,2002,1,1,1,1,2,4,2,1,1,1,1,1,1,2,14,6,2,1,35,1,2
1,24,4,2,2002,3,1,1,2,2,1,1,1,1,1,1,1,1,2,7,1,1,1,,1,2
1,24,1,2,2002,2,1,1,2,1,1,1,1,1,1,1,1,1,1,11,6,1,1,,1,2
1,24,4,2,2002,2,1,1,2,2,1,1,1,1,2,1,4,1,2,13,6,1,1,,1,2
1,28,4,2,2002,2,1,1,2,2,1,1,1,1,2,1,3,1,2,14,6,1,1,,2,2
5,24,4,2,2002,4,4,1,2,2,1,1,1,1,1,1,2,1,2,9,6,1,7,,1,2
8,24,4,2,2002,3,1,1,2,2,1,1,1,1,1,1,1,1,2,9,6,1,1,,1,2
2,18,4,2,2002,3,1,1,2,2,1,1,1,1,1,1,4,1,2,17,5,1,7,25,2,2
3,29,4,2,2002,3,1,1,2,2,1,1,1,1,1,1,1,1,1,14,6,1,1,25,2,2
5,28,3,3,2002,2,1,4,2,2,1,1,1,1,1,1,5,1,1,9,6,1,1,,2,2
4,28,4,3,2002,4,6,4,1,2,1,1,1,1,1,1,1,1,1,14,6,1,1,,1,1
1,24,4,3,2002,3,1,1,2,2,1,1,1,1,1,1,1,1,2,14,6,1,1,,1,2
1,24,4,3,2002,,7,1,2,2,1,1,1,1,1,1,5,1,1,9,5,1,1,32,2,2
1,18,4,3,2002,2,1,1,2,2,1,1,1,1,1,1,1,1,2,9,6,1,1,,1,2
2,18,4,3,2002,3,1,2,2,2,1,1,1,1,1,1,4,1,2,14,5,1,1,,2,2
4,28,4,4,2002,3,3,8,2,2,1,1,1,1,1,1,1,1,1,14,6,1,1,35,2,2
1,22,4,4,2002,3,3,2,2,2,1,1,1,1,1,1,1,1,2,9,6,1,1,,2,2
4,32,3,1,2002,4,7,1,2,2,2,4,1,2,1,1,3,2,2,8,6,1,1,22,2,2
2,24,4,4,2002,2,1,1,2,2,1,1,1,1,1,1,1,1,1,9,5,1,1,40,1,2
6,25,1,4,2002,2,1,1,2,2,1,1,1,1,1,1,3,1,2,9,6,1,1,40,2,2
1,25,4,4,2002,3,7,3,2,2,1,1,1,1,1,1,3,1,2,14,6,1,1,,1,2
1,21,4,4,2002,4,1,1,2,1,1,1,1,1,1,1,1,1,2,9,11,1,1,50,2,2
1,21,4,4,2002,1,7,8,2,2,1,1,1,1,1,1,1,1,2,14,6,1,1,,1,2
2,21,3,4,2002,2,1,8,2,2,1,1,1,1,1,1,4,1,2,4,11,1,1,28,1,2
5,28,3,5,2002,3,1,8,2,2,1,1,1,1,1,1,5,1,1,14,6,1,1,,2,2
3,28,4,5,2002,3,7,1,2,2,1,1,1,1,1,1,5,1,1,14,6,2,7,,1,2
4,18,4,4,2002,2,7,1,2,2,1,2,1,1,1,1,2,1,1,14,6,1,1,,1,2
2,18,4,4,2002,2,1,1,1,2,1,1,1,1,1,1,3,1,1,14,11,1,1,38,2,2
1,26,3,3,2002,4,4,8,2,2,1,4,1,1,1,1,2,1,2,9,5,1,7,,1,2
1,21,3,5,2002,3,1,1,1,2,1,1,1,1,1,1,3,1,2,6,6,1,7,,1,2
3,18,4,5,2002,3,1,1,2,1,1,1,1,1,2,2,3,1,2,10,6,1,1,,2,2
1,24,3,6,2002,3,1,1,2,2,1,1,2,1,1,1,1,1,2,9,6,1,1,,2,2
1,19,4,7,2002,3,3,1,2,2,1,1,1,1,1,1,2,1,2,2,6,1,1,,2,2
1,20,1,6,2002,3,1,1,2,2,1,2,1,1,1,1,2,1,2,9,6,1,1,32,1,2
1,24,4,7,2002,3,4,1,2,2,1,1,2,1,1,1,1,1,2,9,6,1,1,,2,2
3,25,4,7,2002,,1,1,2,2,1,1,1,1,1,1,3,1,2,9,6,1,1,,1,2
3,25,4,6,2002,3,7,8,1,2,1,1,1,1,1,1,3,1,2,9,6,1,1,34,1,2
3,25,4,5,2002,2,7,1,1,2,1,2,1,1,1,1,3,1,2,14,6,1,1,,2,2
3,28,3,8,2002,2,1,1,2,2,1,2,1,1,1,1,5,1,1,14,6,1,1,,2,2
1,24,4,1,2002,3,1,1,2,2,1,1,1,1,1,1,1,1,1,14,6,1,1,,1,2
1,24,4,2,2002,2,1,1,2,2,1,1,1,1,2,1,3,1,2,14,6,1,1,,2,2
1,21,4,7,2002,4,1,1,2,2,1,4,1,1,1,1,2,1,2,5,6,1,1,,2,2
1,24,4,8,2002,2,2,1,2,2,1,1,1,1,1,1,1,1,2,9,6,1,1,35,1,2
9,24,4,8,2002,2,7,1,2,2,1,1,1,1,1,1,1,1,2,8,5,1,7,30,2,2
6,21,4,5,2002,3,3,1,2,2,1,1,2,1,1,1,1,2,2,9,6,1,1,,2,2
6,21,4,6,2002,2,1,1,2,2,1,1,1,1,1,1,4,1,2,7,6,2,1,32,2,2
1,22,4,9,2002,4,7,8,1,2,1,2,1,1,1,1,3,1,2,4,6,1,1,,2,2
1,24,4,9,2002,3,3,1,1,2,1,1,1,1,1,1,1,1,1,9,5,1,1,,1,2
3,21,4,9,2002,2,1,1,2,2,2,1,1,2,1,1,1,2,2,14,6,1,1,28,2,2
4,21,4,9,2002,4,1,1,1,2,1,3,1,1,1,1,3,1,1,8,11,1,1,,2,2
2,28,3,10,2002,3,7,1,1,2,1,1,1,1,1,1,1,1,1,5,6,1,1,,1,2
1,28,4,10,2002,3,7,2,2,1,1,1,1,1,1,1,5,1,1,16,6,1,1,,1,2
1,27,4,11,2002,2,3,8,1,2,4,2,1,1,1,1,3,1,2,11,6,1,7,43,1,1
2,27,4,10,2002,3,1,1,2,2,1,1,1,1,1,1,2,1,2,9,5,1,7,,2,2
4,28,1,11,2002,4,1,1,2,2,1,3,1,1,1,1,5,1,1,9,6,1,1,35,2,1
9,24,3,11,2002,1,1,8,2,1,1,1,1,1,1,1,1,1,1,14,8,1,1,,2,2
7,18,3,7,2002,3,5,8,2,2,1,1,2,1,1,1,4,1,2,9,1,1,7,38,2,2
1,24,3,12,2002,3,1,6,1,2,1,1,1,1,1,1,1,1,1,9,10,1,1,,1,2
1,24,4,12,2002,2,1,1,2,2,1,1,1,1,1,1,1,1,2,9,6,1,1,,2,2
1,25,3,2,2002,2,1,1,2,2,1,1,1,1,1,2,2,1,2,14,6,1,1,,2,2
1,25,4,12,2002,2,1,1,2,2,1,1,1,1,1,1,2,1,2,12,6,1,1,,1,2
1,25,3,10,2002,2,1,1,2,2,1,1,1,1,1,1,3,1,2,12,6,1,1,,1,2
4,25,4,12,2002,2,7,1,2,2,1,1,1,1,1,1,2,1,2,8,6,2,1,32,1,2
1,32,4,5,2002,3,1,1,1,2,1,1,2,1,1,1,1,1,2,9,3,1,7,,2,2
1,32,4,9,2002,2,1,1,1,2,1,1,2,1,1,1,3,1,2,9,3,1,7,50,2,2
3,29,4,7,2002,2,1,1,2,2,1,1,1,1,1,1,1,1,2,9,6,1,1,,2,2
1,29,3,5,2002,3,7,1,1,2,1,1,4,1,1,1,2,1,2,14,1,1,7,45,2,2
1,29,4,7,2002,2,1,8,2,2,1,1,1,1,1,1,2,1,2,8,11,1,1,,2,2
2,19,4,12,2002,3,3,1,2,2,1,1,1,1,1,1,2,1,2,17,11,1,1,43,2,2
1,21,4,12,2002,3,1,1,2,2,1,1,1,1,1,1,2,2,2,9,6,1,1,38,2,2
1,21,4,12,2002,2,7,1,2,2,1,1,1,1,1,1,1,1,2,14,6,1,1,35,2,2
2,21,3,12,2002,3,1,1,2,2,1,1,1,1,1,1,4,1,1,4,5,1,7,,2,2
1,33,4,1,2002,2,1,1,2,2,1,1,1,1,1,1,3,1,2,9,6,1,3,40,2,2
5,33,4,3,2002,3,1,8,2,2,1,1,1,1,1,1,2,1,2,9,6,1,1,,2,2
3,33,4,7,2002,2,5,1,2,2,2,1,2,2,1,1,3,1,2,9,2,1,1,40,2,2
3,33,4,10,2002,3,1,1,2,2,1,1,1,1,1,2,3,1,2,4,6,1,1,50,2,2
5,33,3,10,2002,2,1,1,2,2,1,1,1,1,1,1,4,1,2,4,6,1,1,50,2,2
1,33,4,10,2002,4,1,1,2,1,1,2,1,1,1,1,3,1,2,5,5,1,6,,2,2
3,13,4,1,2002,2,7,1,2,2,1,1,1,1,1,1,4,1,2,14,6,1,1,,1,2
5,12,4,1,2002,2,7,1,2,2,1,1,1,1,1,1,3,1,2,14,6,1,1,,2,2
1,12,4,1,2002,2,1,1,2,2,4,2,1,2,1,1,3,1,1,13,6,1,1,,1,2
3,5,2,1,2002,1,1,1,2,2,4,4,1,1,1,1,1,1,2,14,10,1,1,,2,2
3,14,4,1,2002,3,3,1,2,2,1,1,1,1,1,1,5,1,1,14,6,1,1,,1,2
3,14,4,1,2002,3,3,1,1,2,1,1,1,1,1,1,5,1,1,14,6,1,1,,2,2
1,14,3,1,2002,4,4,1,2,2,1,3,1,1,1,1,5,1,1,5,6,1,1,22,2,2
1,14,4,1,2002,3,1,1,2,2,1,1,1,1,1,1,5,1,1,9,6,1,1,,2,2
1,14,4,1,2002,3,1,1,2,1,1,1,1,1,1,1,5,1,1,9,5,1,1,35,2,2
8,5,4,1,2002,3,7,8,2,2,1,1,1,1,1,1,1,1,2,14,7,1,7,,2,2
1,1,4,1,2002,3,1,1,2,2,1,1,1,1,1,1,1,1,1,14,4,1,1,28,2,2
6,15,4,1,2002,4,1,1,2,2,1,2,1,1,1,1,1,1,2,9,6,1,1,,2,2
6,13,3,2,2002,3,3,1,2,2,1,1,1,1,1,1,2,1,2,9,6,1,1,,2,2
6,13,3,4,2002,2,1,1,2,2,1,1,1,1,1,1,2,1,2,7,6,1,1,,2,2
6,13,3,5,2002,4,1,1,2,2,1,1,1,1,1,1,2,1,2,7,6,1,1,,1,2
3,13,3,5,2002,2,1,1,2,2,1,1,1,1,1,1,3,1,2,9,6,1,1,,2,2
8,13,3,5,2002,4,1,1,2,2,1,2,2,1,1,1,1,1,2,4,6,1,1,24,2,2
5,13,4,2,2002,3,1,1,2,2,1,1,1,1,1,1,2,1,2,16,1,1,1,,2,2
1,15,4,2,2002,2,3,1,2,2,1,2,1,1,1,1,1,1,2,14,5,1,1,,2,2
1,13,3,3,2002,2,1,1,2,2,1,1,1,1,2,1,4,1,2,17,6,1,1,32,2,2
7,13,2,2,2002,2,2,4,2,2,1,1,1,1,1,1,2,1,2,17,6,1,1,28,2,2
7,13,1,3,2002,2,1,1,2,2,1,1,1,1,1,1,3,1,2,14,6,1,1,,2,2
5,15,4,2,2002,4,1,1,2,2,1,2,1,1,1,1,4,1,2,17,6,1,1,,2,2
1,2,4,1,2002,4,1,1,2,2,1,1,1,1,1,1,4,1,2,14,6,1,1,,1,2
5,8,4,3,2002,3,1,1,2,2,1,1,1,1,1,1,3,1,1,14,6,1,1,,2,2
1,15,4,4,2002,2,1,1,2,2,1,1,1,1,1,1,1,1,2,9,6,1,1,,2,2
6,15,4,5,2002,2,1,1,2,2,1,1,1,1,1,1,1,1,2,13,6,1,1,,2,2
6,15,1,5,2002,4,1,1,2,2,1,2,1,1,1,1,1,1,2,10,6,1,1,,2,2
3,15,4,4,2002,2,1,1,2,2,1,1,1,1,1,1,1,1,2,14,6,1,1,51,2,2
1,12,3,3,2002,2,1,1,2,2,1,1,1,1,1,1,3,1,1,8,6,1,1,,2,2
1,12,4,5,2002,3,1,1,2,2,1,1,1,1,1,1,3,1,2,14,6,1,1,38,2,2
5,12,4,2,2002,4,1,1,2,2,1,1,1,1,1,1,3,1,2,14,6,1,1,,2,2
5,12,4,3,2002,2,1,1,2,2,1,2,2,1,1,1,3,1,2,14,6,1,1,,2,2
4,17,4,1,2002,3,1,1,2,2,1,1,1,1,1,1,5,1,1,14,6,2,1,25,2,2
5,9,4,1,2002,3,1,1,2,2,1,1,2,1,1,1,2,1,2,13,6,1,1,45,2,2
8,17,1,1,2002,3,1,1,2,2,1,1,1,1,1,1,4,1,1,13,6,1,1,31,2,2
3,8,4,3,2002,2,1,1,2,2,1,1,1,1,1,1,1,1,2,14,6,2,1,,2,2
5,8,4,3,2002,2,1,1,2,2,1,2,1,1,1,1,1,1,2,7,6,1,1,,2,2
1,3,4,4,2002,2,3,1,2,2,1,1,1,1,1,1,2,1,2,14,6,2,1,,1,2
1,3,4,2,2002,2,1,1,2,2,1,1,1,1,1,1,5,1,2,9,6,1,1,,1,2
3,3,3,1,2002,3,1,1,2,2,1,1,1,1,1,1,2,1,2,9,6,1,1,,1,2
6,3,4,3,2002,4,1,2,2,2,1,2,1,1,1,1,1,1,2,9,6,1,1,,1,2
8,3,4,3,2002,2,3,1,2,2,3,1,2,2,1,1,2,1,2,9,6,1,1,,2,2
9,3,4,2,2002,3,1,1,2,2,1,1,1,1,1,1,2,1,2,8,6,1,1,,2,2
9,3,4,2,2002,2,1,1,2,2,1,1,1,1,1,1,3,1,2,4,6,1,1,25,2,2
13,3,4,1,2002,3,1,1,2,2,1,1,1,1,1,1,3,1,2,8,6,1,1,,2,2
1,4,1,5,2002,4,1,1,2,2,1,2,1,1,1,1,2,1,2,14,6,1,1,,1,2
1,4,3,6,2002,3,1,1,2,2,1,1,1,1,1,1,5,1,2,14,6,1,1,45,2,2
4,4,3,2,2002,4,1,1,2,2,1,2,1,1,1,1,3,1,2,14,6,1,1,32,2,2
5,4,1,5,2002,3,1,1,2,2,1,1,1,1,1,1,4,1,2,14,6,1,1,,2,2
6,4,4,3,2002,2,1,1,2,2,1,2,1,1,1,1,1,1,1,14,6,1,1,,2,2
1,14,3,5,2002,2,1,1,2,2,1,1,1,1,1,1,5,1,2,14,6,1,1,,2,2
1,15,4,6,2002,3,5,4,2,2,1,1,2,1,1,1,1,1,1,8,6,1,1,,2,2
5,15,4,1,2002,3,1,1,2,2,1,1,1,1,1,1,3,1,2,14,6,1,1,,2,2
3,1,4,7,2002,3,1,1,2,2,1,1,1,1,1,1,1,1,2,14,6,1,1,,2,2
5,1,1,7,2002,3,1,1,2,2,1,1,1,1,1,1,4,1,2,4,6,1,1,25,2,1
2,7,3,7,2002,3,1,1,2,2,1,1,1,1,1,1,3,1,2,7,6,1,1,40,2,2
4,8,4,7,2002,2,1,1,2,2,1,2,1,1,1,1,1,1,1,14,6,1,1,38,2,2
4,8,4,7,2002,4,1,1,2,2,1,2,1,1,1,1,2,1,1,14,6,1,1,,1,2
1,14,3,7,2002,4,1,2,2,2,1,2,1,1,1,1,2,1,2,9,6,1,1,40,1,2
4,14,4,7,2002,2,1,1,2,2,1,1,1,1,1,1,2,1,1,9,6,1,1,35,2,2
1,14,4,2,2002,3,1,1,2,2,1,1,1,1,1,1,5,1,1,8,6,1,1,,2,2
1,14,4,3,2002,4,2,6,1,1,1,2,1,1,1,1,5,1,1,14,6,1,1,40,2,2