Thana,District,Accident_Severity,Month,Year,Time,Junction_Type,Traffic_Control,Movement,Divider,Weather,Light,Road_Geometry,Surface_Condition,Surface_Type,Surface_Quality,Road_Class,Road_Feature,Location_Type,Vehicle_Type,Vehicle_Movement,Vehicle_Loading,Vehicle_Defect,Vehicle_Driver_Age,Vehicle_Alcohol,Vehicle_Seat_Belt
1,14,4,3,2002,3,1,1,2,1,1,1,1,1,1,1,5,1,1,9,1,1,1,30,2,2
1,14,3,4,2002,2,1,1,1,1,1,1,1,1,1,1,5,1,1,8,6,1,1,38,1,2
3,14,4,3,2002,4,2,1,2,2,1,2,1,1,1,1,5,4,1,9,6,1,1,,2,2
2,14,4,4,2002,2,3,1,2,2,1,1,1,1,1,1,5,1,1,9,6,1,1,,2,2
4,14,1,6,2002,4,1,1,2,2,1,1,2,1,1,1,5,1,1,4,2,1,1,28,2,2
5,13,3,7,2002,2,1,1,2,2,1,1,1,1,1,1,2,1,2,14,6,1,1,30,2,2
8,13,4,7,2002,3,3,1,2,2,1,1,1,1,1,1,1,1,2,9,6,1,1,,1,2
5,12,4,8,2002,3,1,1,2,2,1,1,2,1,1,1,3,1,2,10,6,1,1,,2,2
3,14,3,8,2002,1,4,1,2,1,1,1,2,1,1,1,5,1,1,14,3,1,1,25,2,2
2,14,4,8,2002,2,3,1,2,2,1,1,2,1,1,1,1,1,1,9,6,1,1,2,2,2
9,13,3,8,2002,4,3,1,2,2,1,2,1,1,1,1,3,1,2,4,6,1,1,,2,2
9,13,3,8,2002,4,1,1,2,2,1,2,1,1,1,1,3,1,2,8,6,1,1,,2,2
2,13,4,8,2002,2,1,1,2,2,2,1,1,2,1,1,3,1,2,14,6,1,1,35,2,2
1,2,4,5,2002,3,1,1,2,2,1,1,1,1,1,1,1,1,2,14,6,1,1,34,2,2
1,2,4,6,2002,3,1,1,1,1,1,1,1,1,1,1,3,1,1,8,6,1,1,,2,2
1,2,4,6,2002,3,1,1,2,2,1,1,1,1,1,1,1,1,2,6,2,1,1,,2,2
3,4,4,8,2002,4,1,1,2,2,2,2,1,2,1,1,3,1,2,8,6,1,1,,2,2
13,3,4,8,2002,3,1,1,2,2,1,1,1,1,1,1,3,1,2,14,6,1,1,,2,2
1,3,1,8,2002,2,1,1,2,2,1,1,1,1,1,1,5,1,1,4,6,1,1,20,2,2
1,2,4,4,2002,2,1,1,2,2,1,1,1,1,1,1,1,1,2,8,6,1,1,40,2,2
5,2,4,4,2002,2,1,1,2,2,1,1,1,1,1,1,3,1,2,19,6,1,1,,2,2
4,2,4,7,2002,3,1,1,2,2,1,1,1,2,1,1,3,1,2,8,6,2,1,,2,2
12,3,4,6,2002,4,1,1,2,2,1,4,1,1,1,1,2,1,2,14,6,1,1,45,2,2
1,3,1,7,2002,4,1,1,2,2,1,2,1,1,1,1,5,1,2,10,6,1,1,,1,2
3,2,3,9,2002,2,1,1,2,2,1,1,1,1,1,1,3,1,2,17,6,1,1,25,2,2
1,8,4,9,2002,4,1,2,2,1,2,1,1,1,1,1,2,1,2,14,6,1,1,,2,2
1,15,3,8,2002,3,1,1,2,2,1,1,1,1,1,1,1,1,2,10,6,1,1,,2,2
6,15,3,8,2002,2,1,1,2,2,1,1,1,1,1,1,1,1,2,14,6,1,1,,2,2
1,15,1,9,2002,2,1,1,2,2,1,1,1,1,1,1,1,1,1,17,6,1,1,22,2,2
6,15,3,10,2002,2,1,1,2,2,1,1,1,1,1,1,1,1,1,13,6,1,1,,2,2
1,12,4,10,2002,4,1,1,2,2,1,4,2,1,1,1,2,1,1,6,1,1,1,,2,2
4,12,4,10,2002,3,1,1,2,2,1,1,2,1,1,1,3,1,2,14,11,1,1,30,2,2
4,7,4,10,2002,2,1,1,2,2,1,1,1,1,1,1,3,1,2,13,6,1,1,32,1,2
3,15,3,10,2002,2,1,1,2,2,1,1,1,1,1,1,3,1,2,8,6,1,1,,2,2
5,15,3,9,2002,3,1,1,2,2,1,1,1,1,1,1,3,1,2,9,1,1,1,,2,2
6,15,4,7,2002,3,1,1,2,2,1,1,2,1,1,1,1,1,2,9,6,1,1,,2,2
11,3,4,9,2002,3,1,1,2,2,1,1,1,1,1,1,3,1,2,14,6,1,1,48,2,2
4,13,2,9,2002,3,1,1,2,2,1,1,1,2,3,2,3,1,2,12,6,1,1,,2,2
8,13,4,10,2002,3,1,1,2,2,1,1,2,1,1,1,1,1,2,14,6,1,1,,1,2
3,12,4,11,2002,3,1,1,2,2,1,1,1,1,1,1,3,1,2,8,6,1,1,35,2,2
5,3,3,10,2002,2,1,1,2,2,1,1,1,1,1,1,3,1,2,17,6,1,2,,2,2
4,8,4,10,2002,2,1,1,2,2,1,2,1,1,1,1,2,1,2,7,6,1,1,,1,2
1,3,4,10,2002,4,1,1,2,2,1,2,1,1,1,1,2,1,2,8,6,2,1,,2,2
3,8,3,10,2002,3,1,1,2,2,1,1,1,1,1,1,1,1,2,12,6,1,1,38,2,2
2,14,4,11,2002,3,3,1,2,2,1,1,1,1,1,1,5,1,2,9,6,1,1,,2,2
5,13,4,11,2002,2,1,1,2,2,1,1,1,1,1,1,3,1,2,14,6,1,1,,2,2
5,13,4,11,2002,3,1,1,2,2,1,1,1,1,1,1,2,1,2,8,6,1,1,,2,2
3,13,4,11,2002,3,1,1,2,2,1,1,1,1,1,1,3,1,2,14,6,2,1,,1,2
5,10,4,6,2002,2,1,1,2,2,1,3,2,1,1,1,3,1,2,7,6,1,1,,2,2
1,10,4,5,2002,2,1,1,2,1,1,1,1,1,1,1,3,1,2,14,6,1,1,40,2,2
1,10,4,11,2002,3,1,1,2,2,1,1,1,1,1,1,2,1,2,8,6,1,1,40,2,
5,13,4,11,2002,4,1,1,2,2,1,2,2,1,1,1,2,1,2,8,6,1,1,37,1,2
3,10,4,6,2002,3,1,1,2,2,1,1,1,1,1,1,2,1,2,14,6,1,1,,2,2
5,13,2,11,2002,,1,1,2,2,1,2,2,1,2,1,2,1,2,9,6,1,1,27,1,2
11,9,3,9,2002,1,1,1,2,2,2,4,4,2,1,1,1,1,2,14,6,1,1,,1,2
7,9,4,5,2002,4,3,1,2,2,4,4,1,1,1,1,1,1,2,13,6,1,1,,1,2
1,17,4,10,2002,2,3,2,2,2,1,1,1,1,1,1,1,1,2,9,6,1,1,,2,2
7,17,4,9,2002,2,5,4,2,1,1,1,2,1,1,1,1,1,1,14,6,1,1,35,1,2
1,17,4,5,2002,2,2,1,2,2,1,1,2,1,1,1,5,1,1,14,1,1,1,35,2,2
1,17,4,5,2002,3,3,1,2,2,1,1,1,1,1,1,1,1,2,9,6,1,1,,2,2
9,17,4,9,2002,2,1,1,2,1,1,1,1,1,1,1,1,1,2,8,6,1,1,,1,2
1,17,4,7,2002,4,1,1,2,2,1,2,1,1,1,1,1,4,2,8,6,1,1,25,2,2
5,17,4,5,2002,3,1,1,2,2,2,1,1,2,1,1,4,1,2,8,6,2,1,25,2,2
8,17,4,3,2002,3,1,1,2,2,1,1,1,1,1,1,1,2,2,17,6,2,1,32,1,2
8,17,4,10,2002,4,1,1,2,2,1,4,1,1,1,1,1,1,2,9,6,1,1,,1,2
10,17,4,3,2002,2,1,1,2,2,1,1,1,1,1,1,1,1,2,9,6,1,1,,2,2
10,17,4,3,2002,2,1,1,2,2,1,1,1,1,1,1,1,2,,14,6,1,1,,2,2
10,17,4,4,2002,2,1,1,2,2,1,1,1,1,1,1,1,1,2,16,6,1,1,,2,2
10,17,1,8,2002,3,1,1,1,2,1,1,1,1,1,1,1,1,2,9,6,1,1,35,2,2
3,17,3,7,2002,1,1,1,1,2,1,1,1,1,1,1,1,1,2,10,6,1,1,30,2,2
3,17,4,8,2002,2,1,1,1,2,1,1,1,1,1,1,1,1,2,14,6,1,1,,2,2
3,17,3,10,2002,3,1,1,2,2,1,2,1,1,1,1,3,1,2,8,6,1,1,32,2,2
1,2,4,12,2002,2,2,1,2,2,1,1,1,1,1,1,3,1,2,8,6,1,1,,2,2
7,3,3,11,2002,3,1,1,2,2,1,1,1,1,1,1,2,1,1,8,6,1,7,35,2,2
1,3,4,11,2002,2,1,1,2,2,1,1,1,1,1,1,1,1,2,8,6,1,1,,2,2
4,3,4,11,2002,3,3,1,2,2,1,1,1,1,1,1,1,1,1,9,1,1,1,,2,2
2,9,4,8,2002,3,1,1,2,2,1,1,1,1,1,1,2,1,2,14,6,1,1,,1,2
9,9,4,3,2002,2,1,1,2,2,1,1,1,1,1,1,3,1,2,14,6,1,1,,2,2
7,7,4,12,2002,3,1,1,2,2,1,1,1,1,1,1,3,1,1,14,6,1,1,,1,2
4,9,4,8,2002,3,1,1,2,2,1,1,1,1,1,1,3,1,2,9,6,1,1,,2,2
3,8,4,12,2002,4,3,1,2,2,4,2,2,1,1,1,2,1,2,19,6,1,1,,2,2
3,8,1,12,2002,2,3,1,2,2,1,2,1,1,1,1,1,1,1,7,5,1,1,35,1,2
2,13,4,12,2002,3,3,1,2,1,1,1,1,1,1,1,3,1,2,14,5,1,1,38,2,2
2,9,3,3,2002,3,3,1,2,2,1,1,1,1,1,1,2,1,2,14,6,1,1,,2,2
6,5,4,2,2002,2,1,1,2,2,4,2,1,1,1,1,1,1,2,7,6,1,1,30,2,2
6,5,4,5,2002,2,1,1,2,2,1,1,1,1,1,2,1,1,2,14,5,1,1,,2,2
6,5,4,8,2002,3,1,1,2,2,1,1,1,1,1,1,1,1,2,9,6,1,1,40,2,2
6,5,4,9,2002,1,1,1,2,2,1,3,1,1,1,1,1,1,2,7,6,1,1,28,2,1
5,5,3,6,2002,2,1,1,2,1,1,1,1,1,1,1,1,1,2,14,6,1,1,,2,2
5,5,4,9,2002,2,3,1,2,1,1,1,1,1,1,1,1,1,2,7,6,1,1,,2,2
5,5,3,12,2002,3,1,1,2,2,1,1,1,1,1,1,3,1,2,14,6,1,1,3,2,2
7,3,4,12,2002,1,1,1,2,2,1,4,1,1,1,1,2,1,2,14,6,1,1,,2,2
7,3,4,12,2002,2,1,1,2,2,4,1,1,1,1,1,1,1,2,14,6,1,1,,2,2
3,5,1,3,2002,3,1,1,2,2,1,1,1,2,1,1,2,1,2,7,6,1,1,,2,2
3,5,3,8,2002,2,1,1,2,2,1,1,1,1,1,1,1,1,2,8,6,1,1,,2,2
1,3,4,12,2002,2,2,1,2,2,1,1,1,1,1,1,3,1,2,9,6,1,1,40,2,2
1,5,4,3,2002,3,1,1,2,2,1,1,1,1,1,1,1,1,2,14,6,1,1,45,2,2
1,5,4,3,2002,2,1,1,2,2,1,1,1,1,1,1,1,1,1,9,6,1,1,,1,2
1,5,3,5,2002,2,1,1,2,2,1,1,1,1,1,1,5,1,1,13,6,1,1,30,2,2
1,5,4,10,2002,2,1,1,2,2,1,2,1,1,1,1,1,1,2,14,6,1,1,,2,2
1,5,1,10,2002,2,1,1,2,2,1,1,1,1,1,1,2,1,1,12,6,1,1,,2,2
3,10,4,12,2002,2,1,1,2,2,1,1,1,1,1,1,2,1,2,4,6,1,1,,2,2
1,4,2,12,2002,3,1,4,2,2,1,1,1,1,1,1,5,1,1,14,6,1,1,40,1,2
8,5,4,3,2002,3,1,1,2,2,1,1,1,1,1,1,1,1,2,10,6,1,1,,2,2
8,5,3,6,2002,3,1,1,2,1,1,1,1,1,1,1,4,2,2,14,6,1,1,,2,2
8,5,4,7,2002,1,1,1,2,2,1,4,1,1,1,1,1,1,2,14,6,1,1,,2,2
8,5,4,7,2002,2,1,1,2,2,1,1,1,1,1,1,1,1,2,13,1,1,1,,2,2
8,5,4,10,2002,4,1,1,2,2,1,1,1,1,1,1,1,1,2,9,2,1,1,,2,2
8,5,2,10,2002,4,1,1,2,2,1,4,1,2,1,1,1,1,2,14,6,1,1,,2,2
8,5,2,11,2002,2,1,1,2,2,4,1,4,2,1,1,1,1,2,14,6,1,1,,2,2
8,5,3,12,2002,3,1,1,2,2,1,1,1,1,1,1,1,1,2,9,6,1,1,,2,2
8,5,4,12,2002,3,1,1,2,2,1,1,1,1,1,1,1,1,2,14,6,1,1,,2,2
1,15,4,12,2002,3,1,1,2,2,1,2,1,1,1,1,1,1,2,14,6,1,1,27,2,2
6,15,2,12,2002,3,1,1,2,2,1,1,1,1,1,1,1,1,2,9,6,1,1,,2,2
3,15,4,12,2002,3,1,1,2,2,1,1,1,1,1,1,3,1,2,8,6,1,1,,2,2
1,15,1,11,2002,3,1,1,2,2,1,1,1,1,1,1,1,1,1,13,6,1,1,40,2,2
6,15,4,11,2002,4,1,1,1,2,1,2,2,5,1,1,4,1,2,9,5,1,1,,2,2
2,15,3,11,2002,3,3,1,2,2,1,1,1,1,1,1,3,1,2,10,2,1,1,,2,2
5,15,4,11,2002,2,1,1,2,2,1,1,1,1,1,1,3,1,2,14,6,1,1,40,2,2
10,9,3,10,2002,2,1,1,2,2,1,1,1,1,1,1,1,1,2,9,4,1,6,38,2,2
10,9,4,11,2002,2,1,1,2,2,4,1,2,1,1,1,3,4,2,14,6,1,1,,2,2
10,9,4,4,2002,1,1,1,2,2,1,2,1,1,1,1,1,1,2,14,6,1,1,52,2,2
10,9,4,9,2002,4,1,1,2,2,1,4,1,1,1,1,1,1,2,,6,1,1,,2,2
6,9,4,9,2002,2,1,1,2,2,1,1,1,1,1,1,2,1,2,14,6,1,1,,2,2
6,9,3,11,2002,2,1,1,2,2,1,1,1,1,1,1,2,1,2,14,6,1,1,,1,2
2,6,3,1,2002,3,1,1,2,2,1,1,1,1,1,1,1,1,2,12,6,1,1,,2,2
10,16,4,4,2002,1,1,1,2,1,4,1,1,1,1,1,3,2,,14,4,1,3,,2,2
10,16,1,6,2002,3,2,1,2,2,1,1,1,1,1,1,1,1,2,14,6,1,1,45,2,2
10,16,4,6,2002,3,2,3,2,2,1,1,1,1,1,1,1,3,2,9,4,1,7,,2,2
10,16,1,7,2002,2,1,5,2,2,1,1,1,1,1,1,1,1,2,14,1,1,1,,2,2
10,16,4,10,2002,4,1,1,2,2,1,1,1,1,1,1,1,1,2,2,6,1,1,,2,2
5,16,4,3,2002,2,1,1,2,2,1,1,1,1,1,1,3,1,2,8,6,1,1,36,2,2
4,16,3,10,2002,3,1,1,2,2,1,1,1,1,1,1,3,1,2,9,6,1,1,,2,2
2,16,3,5,2002,3,3,1,2,2,1,1,1,1,1,2,3,4,2,11,6,1,1,,2,2
9,16,4,4,2002,2,1,1,2,2,1,1,1,1,1,1,1,1,2,6,6,1,1,,2,2
9,16,4,10,2002,4,1,1,2,2,1,3,1,1,1,1,5,1,1,14,6,1,1,38,2,2
6,16,4,2,2002,2,1,1,2,2,1,2,1,1,1,1,1,1,2,14,10,1,1,,2,2
11,16,4,3,2002,2,1,1,2,2,1,2,1,1,1,1,1,1,2,14,6,1,1,,1,2
11,16,4,8,2002,3,1,1,2,2,1,3,1,1,1,1,1,1,2,10,6,1,1,,2,2
11,16,4,11,2002,4,1,1,2,2,1,4,1,1,1,1,1,1,2,14,6,1,1,,2,2
11,16,4,11,2002,1,1,1,2,2,4,2,1,2,1,1,1,1,2,14,6,1,1,,2,2
11,16,4,12,2002,3,1,1,2,2,1,1,2,1,1,1,1,1,2,9,6,1,1,,2,2
11,16,4,12,2002,3,1,1,2,2,1,1,1,1,1,1,1,1,2,19,5,1,1,,2,2
10,9,4,1,2002,2,3,1,2,2,1,1,1,1,1,1,1,1,1,4,5,1,1,42,2,2
4,11,4,7,2002,3,1,8,2,2,1,1,1,5,1,1,4,1,2,8,6,1,1,,2,2
7,11,4,9,2002,3,1,1,2,2,1,1,2,1,1,1,2,1,2,9,6,1,1,30,2,2
2,11,4,8,2002,3,1,8,2,2,1,1,1,1,1,1,3,1,2,14,5,2,1,35,2,2
6,11,4,10,2002,3,1,1,2,2,1,1,1,1,1,1,1,1,2,9,6,1,1,,2,2
6,11,4,7,2002,4,1,1,2,2,1,4,1,1,1,1,1,1,2,7,6,1,1,30,2,2
5,11,4,9,2002,2,1,1,2,2,1,2,1,1,1,1,1,1,2,14,6,1,1,,1,2
5,11,4,11,2002,2,1,2,2,2,1,1,1,1,1,1,1,1,2,10,6,1,1,,2,2
3,8,1,11,2002,1,1,1,2,2,1,2,2,1,1,1,1,1,1,9,2,1,1,35,2,2
1,11,4,3,2002,2,1,1,1,2,1,1,1,1,1,1,1,1,2,14,6,1,1,,2,2
1,11,4,1,2002,3,1,1,2,2,1,1,3,1,1,1,5,1,1,13,9,1,3,38,2,2
1,11,4,4,2002,3,1,8,2,2,1,1,1,1,1,1,5,1,2,9,5,1,1,,2,2
1,11,4,12,2002,3,1,8,2,2,4,1,1,1,1,1,2,1,1,9,6,1,7,,1,2
1,11,4,8,2002,4,1,2,2,2,1,1,1,1,1,1,5,1,1,9,6,1,1,35,2,2
1,11,4,8,2002,3,1,1,1,2,1,1,1,1,1,1,2,1,1,14,6,1,1,,2,2
22,42,2,4,2002,2,1,8,2,1,1,1,1,1,1,1,5,1,1,10,6,1,,,1,2
16,42,3,4,2002,3,1,1,2,1,1,1,1,1,1,1,5,1,1,5,6,1,1,,2,2
2,42,4,1,2002,4,1,1,2,1,1,3,1,1,1,1,5,1,1,14,6,,,,1,2
18,42,3,1,2002,1,3,4,2,1,1,3,1,1,1,1,5,1,1,14,6,1,1,20,1,2
19,42,3,3,2002,3,3,1,2,2,1,1,1,1,1,1,5,1,1,6,6,1,1,25,2,2
14,42,3,2,2002,1,1,1,2,2,1,3,1,1,1,1,5,1,1,14,6,,,,,2
9,42,2,6,2002,3,3,4,1,1,1,3,1,1,1,1,5,1,1,14,6,1,1,,2,2
9,42,2,6,2002,4,1,1,2,1,1,3,1,1,1,1,5,1,1,10,6,1,1,31,2,2
11,42,3,6,2002,2,3,2,2,2,1,1,1,1,1,1,5,1,1,8,2,1,2,40,1,2
10,42,3,10,2002,3,7,8,2,2,1,1,1,1,1,1,5,1,1,19,6,1,1,30,2,2
1,42,3,5,2002,2,,,,,1,1,1,1,1,1,5,1,1,9,6,1,1,,2,2
1,42,2,7,2002,2,2,4,2,2,1,1,1,1,1,1,5,1,1,7,6,1,1,,2,2
1,42,2,7,2002,3,4,6,2,1,1,1,1,1,1,1,5,1,1,8,6,1,1,,2,2
18,42,1,8,2002,3,,1,2,1,1,1,1,1,1,1,5,1,1,14,6,1,1,40,2,2
3,42,1,10,2002,3,1,1,2,1,1,1,1,1,1,1,5,1,1,8,6,1,1,29,2,2
6,42,3,7,2002,4,1,1,2,2,1,3,1,1,1,1,5,1,1,8,6,1,1,,,2
13,42,3,5,2002,3,1,1,2,1,1,1,1,1,1,1,5,1,1,9,6,,,,2,2
9,42,2,7,2002,1,1,1,2,1,1,3,1,1,1,1,5,1,1,13,6,,,,2,2
9,42,3,12,2002,2,1,1,2,1,1,2,1,1,1,1,5,1,1,14,6,,,,2,2
21,42,4,11,2002,3,1,1,2,2,1,1,1,1,1,1,5,1,1,8,6,1,1,,2,2
1,42,3,12,2002,1,1,1,2,1,1,3,1,1,1,1,5,1,1,14,6,1,1,,2,2
9,42,3,8,2002,2,3,6,2,1,1,1,1,1,1,1,5,1,1,8,6,1,1,30,2,2
12,42,4,5,2002,2,1,1,1,1,1,1,1,1,1,1,5,1,1,14,6,1,1,,2,2
17,42,3,1,2002,3,1,1,2,1,1,1,1,1,1,1,5,1,1,10,6,1,1,32,2,2
7,44,4,7,2002,1,1,1,2,2,1,4,1,1,1,1,1,1,2,14,6,1,1,,2,2
1,41,3,5,2002,3,1,1,2,2,1,1,1,1,1,1,1,1,2,9,6,1,1,32,2,2
1,41,4,7,2002,1,1,1,2,2,1,4,1,1,1,1,1,1,2,9,6,1,1,,2,2
1,41,4,8,2002,2,1,1,1,1,1,1,1,1,1,1,1,1,2,9,6,1,1,,2,2
3,41,3,6,2002,2,1,1,2,2,1,1,1,1,1,1,1,1,2,14,6,1,1,,2,2
4,41,3,3,2002,3,1,1,2,2,1,1,1,1,1,1,3,1,2,10,6,1,1,,2,2
5,41,4,2,2002,4,1,1,2,2,1,4,1,1,1,1,1,1,2,9,6,1,1,40,2,2
1,47,4,8,2002,3,1,1,2,2,1,1,1,1,1,1,1,1,2,9,6,1,1,26,2,2
8,47,4,11,2002,2,1,1,2,2,1,1,1,1,1,1,1,1,2,14,6,1,1,,2,2
1,50,4,7,2002,4,1,1,2,2,2,4,1,2,1,1,1,3,2,9,6,1,1,37,2,2
1,50,4,9,2002,2,1,1,2,2,1,1,1,1,1,1,1,1,2,9,6,1,1,,2,2
2,50,1,11,2002,4,1,1,2,2,1,4,1,1,1,1,1,1,2,7,6,1,1,,2,2
2,50,4,12,2002,2,1,1,2,2,1,1,1,1,1,1,1,1,2,9,6,1,1,40,2,2
12,50,4,12,2002,2,1,1,2,2,4,2,1,1,1,1,1,1,2,14,6,1,1,,2,2
13,50,4,8,2002,2,1,1,2,2,1,1,1,1,1,1,3,1,2,9,6,1,1,,2,2
13,50,3,9,2002,4,1,1,2,2,1,4,1,1,1,1,1,1,2,9,6,1,1,,2,2
13,50,4,9,2002,2,1,1,2,2,1,1,1,1,1,1,1,1,2,9,6,1,1,,2,2
1,40,1,8,2002,2,1,1,2,2,2,1,2,2,1,1,1,1,2,14,6,1,1,40,2,2
1,40,3,9,2002,3,1,1,2,2,1,1,1,1,1,1,1,1,2,14,6,1,1,,2,2
1,40,3,9,2002,2,1,1,2,2,1,1,1,1,1,1,1,1,2,8,6,1,1,,2,2
3,40,3,9,2002,4,1,1,2,2,1,4,1,1,1,1,1,1,2,9,6,1,1,,2,2
5,40,3,9,2002,2,1,1,2,2,1,1,1,1,1,1,1,1,2,9,6,1,1,37,2,2
1,51,3,12,2002,2,1,1,2,2,4,1,2,1,1,1,2,1,2,9,6,1,1,,2,2
1,45,4,12,2002,2,1,1,2,2,1,1,1,1,1,1,1,1,2,9,6,1,1,42,2,2
1,45,4,12,2002,3,1,1,2,2,1,1,1,1,1,1,3,1,2,5,6,1,1,,2,2
2,44,4,10,2002,3,1,1,2,2,1,1,1,1,1,1,1,1,2,14,6,1,1,,2,2
3,44,4,8,2002,1,1,1,2,2,1,4,1,1,1,1,1,1,2,14,6,1,1,,2,2
3,44,4,9,2002,3,1,1,2,2,1,1,1,1,1,1,1,1,2,10,6,1,1,,2,2
3,38,4,9,2002,1,1,1,2,2,2,1,2,2,1,1,1,1,2,14,6,1,1,,2,2
3,38,4,9,2002,3,1,1,2,2,1,1,2,1,1,1,1,1,2,14,6,1,1,,2,2
6,38,4,8,2002,4,1,1,2,2,1,4,1,1,1,1,1,1,2,9,6,1,1,,2,2
6,38,1,12,2002,4,1,1,2,2,1,2,1,1,1,1,1,1,2,9,6,1,1,50,2,2
1,41,4,11,2002,4,1,1,2,2,1,4,1,1,1,1,1,1,2,14,6,1,1,,2,2
1,35,4,8,2002,3,1,1,2,2,2,1,2,2,1,1,2,1,2,14,6,1,1,,2,2
1,39,4,12,2002,1,1,1,2,2,1,2,1,1,1,1,3,1,2,9,6,1,1,,2,2
3,44,4,11,2002,1,1,1,2,2,2,2,1,2,1,1,1,3,2,14,6,1,1,,2,2
3,44,4,11,2002,2,1,1,2,2,1,1,1,1,1,1,1,1,2,14,6,1,1,,2,2
4,44,4,11,2002,2,1,1,2,2,1,1,1,1,1,1,2,1,2,14,6,1,1,,2,2
5,44,1,11,2002,1,1,1,2,2,4,4,1,1,1,1,1,1,2,14,6,1,1,,2,2
7,44,4,12,2002,3,1,1,2,2,1,1,1,1,1,1,3,1,1,6,6,1,1,,2,2
8,47,4,1,2002,2,1,1,2,2,4,2,1,1,1,1,1,1,2,14,6,1,1,,2,2
2,43,3,1,2002,3,1,1,2,2,1,1,1,1,1,1,1,1,2,9,6,1,1,,2,2
3,39,4,1,2002,2,1,1,2,2,2,1,1,2,1,1,1,1,2,14,6,1,1,,2,2
1,46,4,1,2002,3,1,1,2,2,1,1,1,1,1,1,2,1,2,14,6,1,1,35,2,2
12,50,4,1,2002,2,1,1,2,2,1,1,1,1,1,1,1,1,2,9,6,1,1,,2,2
1,40,3,1,2002,2,1,1,2,2,1,1,2,1,1,1,1,1,2,8,6,1,1,,2,2
1,47,4,2,2002,1,1,1,2,2,1,4,1,1,1,1,1,1,2,14,6,1,1,,2,2
5,44,1,2,2002,1,1,1,2,2,1,4,1,1,1,1,1,1,2,14,6,1,1,,2,2
2,43,4,3,2002,2,1,1,2,2,1,1,1,1,1,1,1,1,2,9,6,1,1,42,2,2
3,43,3,3,2002,3,1,1,2,2,1,1,1,1,1,1,1,1,2,9,6,1,1,,2,2
1,46,4,1,2002,4,1,1,2,2,1,3,1,1,1,1,2,1,1,8,6,1,1,27,2,2
1,46,4,2,2002,3,1,1,2,2,1,1,1,1,1,1,1,1,2,14,6,1,1,,2,2
1,35,3,3,2002,3,1,1,2,2,1,1,1,1,1,1,2,1,2,14,6,1,1,,2,2
3,44,4,3,2002,4,1,1,2,2,1,2,1,1,1,1,1,1,2,9,6,1,1,,2,2
3,38,1,4,2002,3,1,1,2,2,1,1,1,1,1,1,1,1,2,14,6,1,1,,2,2
1,47,4,4,2002,1,1,1,2,2,1,4,1,1,1,1,1,1,1,14,6,1,1,35,2,2
1,45,4,4,2002,3,1,1,2,2,1,1,1,1,1,1,1,1,2,14,6,1,1,,2,2
1,49,3,4,2002,2,1,1,2,2,1,1,1,1,1,1,3,1,2,9,6,1,1,,2,2
5,43,4,5,2002,2,1,1,2,2,1,1,1,1,1,1,1,1,2,8,6,1,1,,2,2
6,38,4,5,2002,3,1,1,2,2,1,1,1,1,1,1,1,1,2,9,6,1,1,,2,2
1,35,3,5,2002,3,1,1,2,2,1,1,1,1,1,1,3,1,2,14,6,1,1,,2,2
1,50,4,5,2002,3,1,1,2,2,1,1,1,1,1,1,1,1,2,9,6,1,1,,2,2
1,46,4,2,2002,4,1,1,2,2,1,3,1,1,1,1,1,1,1,8,6,1,1,45,2,2
1,46,3,4,2002,3,1,1,2,2,1,1,1,1,1,1,1,1,1,14,6,1,1,42,2,2
1,46,4,5,2002,3,1,1,2,2,1,1,1,1,1,1,2,1,2,14,6,1,1,,2,2
1,40,4,6,2002,1,1,1,2,2,1,2,1,1,1,1,1,1,2,14,6,1,1,,2,2
1,50,3,6,2002,3,1,1,2,2,2,1,1,2,1,1,1,1,2,10,6,1,1,,2,2
5,50,4,6,2002,1,1,1,2,2,1,1,2,1,1,1,3,1,2,7,6,1,1,,2,2
2,47,4,6,2002,1,1,1,2,2,2,4,1,2,1,1,1,1,2,9,6,1,1,36,2,2
1,46,1,6,2002,2,1,1,2,2,1,1,1,1,1,1,1,1,2,15,6,1,1,,2,2
1,46,3,7,2002,2,1,1,2,2,1,1,1,1,1,1,1,1,2,14,6,1,1,,2,2
1,46,3,7,2002,4,1,1,2,2,1,2,1,1,1,1,1,1,2,9,6,1,1,,2,2
1,46,4,8,2002,1,1,1,2,2,1,2,1,1,1,1,1,1,2,12,6,1,1,,2,2
1,46,3,11,2002,3,1,1,2,2,1,1,1,1,1,1,1,1,2,10,6,1,1,,2,2
1,46,4,12,2002,2,1,1,2,2,1,1,1,1,1,1,1,1,2,12,6,1,1,,2,2
5,41,4,2,2002,4,1,1,2,2,1,2,1,1,1,1,1,1,2,8,6,1,1,,2,2
5,41,4,12,2002,2,1,1,2,2,1,1,1,1,1,1,2,1,2,8,6,1,1,,2,2
5,41,3,12,2002,3,1,1,2,2,1,1,1,1,1,1,1,1,2,8,6,1,1,,2,2
1,55,4,7,2002,1,1,1,2,2,1,2,2,1,1,1,1,1,2,9,1,1,1,45,2,2
1,54,3,7,2002,2,1,1,2,2,2,1,1,2,1,1,5,1,1,6,6,1,7,,2,2
3,21,4,5,2002,2,1,1,2,2,1,1,1,1,1,1,1,1,2,8,6,2,1,38,1,2
3,28,4,8,2002,2,1,1,2,2,1,1,1,1,1,1,1,1,1,9,6,1,1,,1,2
3,8,4,1,2002,3,1,1,2,2,1,1,1,1,1,1,1,1,2,6,5,1,7,30,2,2