Thana,District,Accident_Severity,Month,Year,Time,Junction_Type,Traffic_Control,Movement,Divider,Weather,Light,Road_Geometry,Surface_Condition,Surface_Type,Surface_Quality,Road_Class,Road_Feature,Location_Type,Vehicle_Type,Vehicle_Movement,Vehicle_Loading,Vehicle_Defect,Vehicle_Driver_Age,Vehicle_Alcohol,Vehicle_Seat_Belt
5,13,4,1,2002,4,1,1,2,2,1,4,1,1,1,1,2,1,2,14,6,1,1,,1,2
2,10,1,1,2002,2,1,1,2,2,1,1,1,1,1,1,3,1,2,8,6,1,1,35,2,2
8,13,1,2,2002,1,1,1,2,2,1,4,1,1,1,1,1,1,2,17,6,1,1,,2,2
1,15,4,4,2002,1,1,1,2,2,1,4,1,1,1,1,1,1,2,14,6,1,1,35,1,2
7,7,3,1,2002,2,1,1,2,2,1,1,1,1,1,1,3,1,2,8,6,1,1,32,2,2
10,7,4,2,2002,3,1,1,2,2,1,1,1,1,1,1,3,1,2,14,6,1,1,45,2,2
4,4,1,2,2002,2,1,1,2,2,4,2,2,1,1,1,3,1,2,9,6,1,1,42,2,2
1,14,4,3,2002,3,2,4,2,2,3,1,1,2,1,1,5,4,1,9,6,1,1,30,1,2
8,13,4,8,2002,3,1,1,2,2,1,1,2,1,1,1,1,1,2,9,6,1,1,35,1,2
2,14,3,8,2002,2,2,1,2,2,1,2,1,1,1,1,1,1,1,9,6,1,1,39,2,2
8,13,3,8,2002,2,1,1,2,2,2,1,1,2,1,1,1,1,2,9,6,1,1,45,2,2
5,4,4,8,2002,3,2,1,2,2,1,1,1,1,1,1,3,1,2,14,1,1,1,35,2,2
1,2,3,4,2002,2,1,1,2,2,1,1,1,1,1,1,1,1,2,14,4,1,1,40,2,2
8,13,3,8,2002,2,1,1,2,2,1,1,1,1,1,1,1,1,2,14,6,1,1,38,2,2
3,15,4,8,2002,2,1,1,2,2,1,1,1,1,1,1,1,1,2,8,6,1,1,35,2,2
3,8,4,11,2002,1,1,1,2,2,1,2,2,1,1,1,1,1,1,10,6,1,1,30,1,2
2,14,3,11,2002,3,4,1,2,2,1,1,1,1,1,1,5,1,1,9,6,1,1,,2,2
1,10,4,6,2002,3,1,1,2,2,1,1,1,1,1,1,,1,2,14,6,1,1,35,2,2
9,17,4,8,2002,2,1,1,2,2,2,1,1,2,1,1,1,1,2,9,6,1,1,,1,2
7,17,4,9,2002,3,1,1,2,2,2,1,1,2,1,1,1,1,2,9,6,1,1,22,1,2
1,17,3,6,2002,3,1,1,2,2,1,1,1,1,1,1,1,4,2,9,6,1,1,27,2,2
1,17,3,6,2002,2,1,1,2,2,1,1,1,1,1,1,1,1,2,9,1,1,1,38,1,2
10,17,4,6,2002,4,1,1,2,2,1,4,1,1,1,1,1,1,2,14,6,1,1,38,1,2
3,17,4,10,2002,2,1,1,2,2,1,1,1,1,1,1,3,1,2,14,6,1,1,30,2,2
3,1,4,12,2002,4,1,1,2,2,1,2,1,1,1,1,1,1,2,8,6,1,1,35,2,2
6,5,4,12,2002,3,1,1,2,2,1,4,1,1,1,1,1,1,2,9,5,1,1,32,2,2
5,5,4,8,2002,4,1,1,2,1,1,4,1,1,1,1,1,1,2,9,6,1,1,,2,2
5,5,4,10,2002,3,1,1,2,2,1,1,1,1,1,1,1,1,2,8,6,1,1,,2,2
5,5,4,12,2002,2,3,1,2,2,1,1,1,1,1,1,1,1,2,9,6,1,1,,2,2
1,5,4,5,2002,3,1,1,2,2,1,1,1,1,1,1,1,1,2,13,6,1,1,30,2,2
1,15,4,11,2002,2,1,1,2,2,1,1,1,1,1,1,1,1,1,14,6,1,1,35,2,2
10,9,4,3,2002,1,1,1,2,2,1,4,2,1,1,1,1,1,2,14,11,1,1,35,2,1
10,9,4,5,2002,2,1,1,2,2,1,1,4,1,1,1,1,1,2,9,4,1,1,45,2,2
10,9,4,5,2002,3,2,1,2,2,2,1,1,2,1,1,1,1,2,9,6,1,1,45,2,2
10,9,4,5,2002,3,1,1,2,2,3,1,2,2,1,1,1,1,2,7,5,1,1,31,2,2
10,9,4,2,2002,1,1,1,2,2,1,3,1,1,1,1,1,1,2,14,6,1,1,32,2,2
10,17,4,11,2002,1,1,1,1,2,1,4,1,1,1,1,1,1,2,14,6,2,1,35,2,2
1,17,4,11,2002,3,1,1,2,2,1,2,1,1,1,1,1,1,2,11,6,1,1,47,2,2
10,16,4,2,2002,1,1,1,2,2,1,2,3,1,1,1,1,1,2,14,6,1,1,,2,2
10,16,3,7,2002,1,2,1,2,2,1,3,4,1,1,1,1,1,2,4,2,2,1,,2,2
6,16,1,2,2002,2,1,1,1,2,1,1,1,1,1,1,1,1,2,16,6,1,1,35,2,2
6,16,1,9,2002,2,1,2,1,2,1,1,1,1,1,1,1,2,2,14,6,2,1,42,2,2
9,11,4,2,2002,3,1,1,1,2,1,1,2,1,1,1,2,1,2,14,1,1,1,25,2,2
5,41,3,6,2002,2,1,1,2,2,1,1,1,1,1,1,1,1,2,14,6,1,1,,2,2
9,47,3,10,2002,3,1,1,2,2,1,1,1,1,1,1,1,1,2,6,6,1,1,40,2,2
9,47,4,10,2002,1,1,1,2,2,1,4,2,1,1,1,1,1,2,9,6,1,1,,2,2
2,50,3,12,2002,3,1,1,2,2,1,1,1,1,1,1,1,1,2,9,6,1,1,,2,2
4,45,3,9,2002,3,1,1,2,2,1,1,1,1,1,1,3,1,2,9,6,1,1,,2,2
6,38,3,10,2002,3,1,1,2,2,1,1,1,1,1,1,1,1,2,9,6,1,1,,2,2
1,38,4,1,2002,2,1,1,2,2,1,1,1,1,1,1,1,1,2,14,6,1,1,,2,2
5,45,3,2,2002,3,1,1,2,2,1,1,1,1,1,1,1,1,2,14,6,1,1,40,2,2
4,47,3,5,2002,3,1,1,2,2,1,1,1,1,1,1,3,3,2,14,6,1,1,,2,2
5,44,4,6,2002,3,1,1,2,2,1,1,1,1,1,1,1,1,2,16,6,1,1,,2,2
1,35,3,7,2002,2,1,1,2,2,1,1,1,1,1,1,1,1,1,12,6,1,1,,2,2
1,46,4,7,2002,4,1,1,2,2,1,1,1,1,1,1,2,1,2,14,6,1,1,,2,2
9,51,3,10,2002,4,1,1,2,2,1,4,1,1,1,1,2,1,2,7,6,1,1,,2,2
5,56,4,2,2002,1,7,7,2,2,1,4,1,1,1,1,1,1,2,14,4,,,,,
1,54,1,4,2002,3,3,1,1,2,1,1,1,1,1,1,3,1,2,14,6,1,,,1,2
6,55,3,7,2002,3,,8,2,2,1,1,1,1,1,1,1,1,2,7,6,,1,,2,2
3,56,3,7,2002,1,1,1,2,2,2,4,4,2,1,2,1,4,2,9,2,1,1,40,2,2
1,54,4,7,2002,3,1,1,2,2,1,1,1,1,1,1,5,1,1,14,6,1,1,29,2,2
12,54,4,7,2002,3,1,1,2,2,2,1,2,2,1,1,3,1,2,14,4,1,1,32,2,2
10,54,3,8,2002,3,1,1,2,2,1,1,1,1,1,1,3,1,2,7,6,,,,,
9,54,4,8,2002,3,1,1,2,2,1,1,1,1,1,1,1,1,2,14,4,2,1,35,1,2
3,54,4,9,2002,2,1,1,2,2,1,1,1,1,1,1,3,1,2,8,6,1,1,35,2,2
7,56,4,9,2002,4,1,1,2,2,1,1,1,1,1,1,1,1,2,9,6,,,,,
1,17,4,1,2002,3,1,1,2,2,1,1,1,1,1,1,3,1,2,8,6,1,1,34,2,2
8,3,3,6,2002,3,3,1,2,2,1,1,2,1,1,1,1,1,2,7,6,1,1,26,2,2
1,2,4,1,2002,3,1,1,2,2,1,1,1,1,1,1,3,1,2,14,6,1,1,40,2,2
4,1,4,7,2002,3,1,1,2,2,1,1,1,1,1,1,3,1,2,17,4,1,1,40,2,2
1,14,3,2,2002,2,3,1,2,2,1,1,1,1,1,1,5,1,1,9,6,1,1,,2,2
5,4,4,7,2002,2,2,1,2,2,1,1,1,1,1,1,3,1,2,9,6,1,1,56,2,2
7,3,4,8,2002,4,1,1,2,2,1,4,1,1,1,1,4,1,2,8,6,1,1,,2,2
4,8,4,8,2002,2,1,1,2,2,1,2,1,1,1,1,2,1,2,8,6,1,1,,1,2
6,15,3,10,2002,3,1,8,2,2,1,1,1,1,1,1,1,1,2,9,6,1,1,,2,2
1,14,3,10,2002,2,1,1,2,2,1,1,1,1,1,1,5,1,1,14,6,1,1,24,2,2
1,3,4,9,2002,3,1,1,2,2,1,1,1,1,1,1,1,1,2,8,6,2,1,,1,2
3,13,1,9,2002,2,1,1,2,2,2,1,2,2,1,1,3,1,2,8,6,1,1,35,2,2
5,13,4,10,2002,2,1,1,2,2,1,3,1,1,1,1,2,1,2,14,6,1,1,42,2,2
6,3,4,10,2002,2,1,1,2,2,1,1,1,1,1,1,3,1,2,17,4,1,1,32,2,2
2,10,4,5,2002,4,1,1,2,2,1,4,1,1,1,1,3,4,2,14,4,2,1,34,1,2
2,10,4,10,2002,2,2,1,2,2,1,1,1,1,1,1,3,2,2,19,4,1,1,,2,2
3,13,4,12,2002,1,1,1,2,2,4,2,1,1,1,1,3,1,2,14,5,2,1,,1,2
7,13,4,12,2002,2,1,3,2,2,1,1,1,1,1,1,1,1,2,8,6,1,1,,2,2
1,2,4,12,2002,3,1,1,2,2,4,4,1,1,1,1,1,1,2,14,6,1,1,40,1,2
5,5,4,12,2002,3,1,1,2,2,1,1,1,1,1,1,1,1,2,7,6,1,1,35,2,2
10,9,3,6,2002,2,1,1,2,2,1,1,2,1,1,1,1,1,2,9,6,1,7,45,2,1
10,9,3,10,2002,2,1,1,2,2,2,2,1,2,1,1,1,1,2,12,6,1,1,,2,2
6,11,4,3,2002,3,1,1,2,2,1,1,1,1,1,1,3,1,2,14,6,1,1,28,2,2
3,54,4,1,2002,3,7,8,2,2,1,1,1,,,,4,,,14,,1,1,,,
3,56,1,4,2002,3,7,1,2,2,1,1,1,1,1,1,1,1,2,9,5,1,1,42,2,2
9,54,4,3,2002,1,1,8,2,2,1,4,1,1,1,1,1,1,2,14,6,,,,,
12,54,4,5,2002,4,1,1,2,2,1,4,1,1,1,1,1,1,2,14,9,1,1,30,2,2
6,55,4,6,2002,2,1,1,2,2,2,1,1,2,1,1,1,1,2,13,7,1,1,31,2,2
6,55,4,6,2002,3,1,1,2,2,1,1,1,1,1,1,4,1,1,11,6,1,1,42,2,2
6,55,4,5,2002,4,1,1,2,2,1,2,1,1,1,1,1,1,2,14,6,1,1,35,2,2
7,56,4,8,2002,2,1,1,2,2,1,1,1,1,1,1,4,1,2,17,6,1,1,,2,2
3,56,3,11,2002,2,4,1,2,2,1,1,2,1,1,1,1,1,2,14,1,1,1,30,2,2
9,54,4,12,2002,3,1,1,2,2,1,1,1,1,1,1,3,1,2,5,6,,,,,
4,8,2,10,2002,1,1,2,2,1,1,1,1,1,1,1,1,1,2,7,5,1,1,,2,2
1,17,1,11,2002,3,1,8,1,1,1,1,1,1,1,1,1,4,2,6,6,1,1,38,2,2
1,17,4,7,2002,1,1,1,2,2,1,1,1,1,1,1,1,1,2,14,6,2,1,35,2,2
2,52,4,3,2002,2,1,1,2,2,1,1,1,1,1,1,3,1,2,8,6,1,1,33,2,2
1,38,4,5,2002,3,1,1,2,2,1,1,1,1,1,1,1,1,2,6,6,1,1,,2,2
2,35,3,5,2002,2,1,1,2,2,1,1,1,1,1,1,3,1,2,8,6,1,1,,2,2
6,13,4,1,2002,2,1,1,2,2,1,1,1,1,1,1,2,1,2,9,5,1,1,30,2,2
3,13,4,4,2002,3,2,1,2,2,1,1,1,1,1,1,3,1,2,14,6,1,1,25,2,2
7,17,3,6,2002,4,1,2,2,2,1,4,1,1,1,1,1,1,2,14,4,1,1,,2,2
6,11,3,12,2002,2,1,1,2,2,1,1,1,1,1,1,2,1,2,14,4,1,1,,2,2
11,9,3,10,2002,2,1,8,2,2,1,1,1,1,1,1,1,1,2,9,2,1,1,,2,2
1,47,4,5,2002,1,1,1,2,2,1,4,1,1,1,1,1,1,2,14,6,1,1,40,2,2
1,54,4,2,2002,3,1,1,2,2,1,1,2,1,1,1,3,1,1,6,11,1,1,20,2,2
1,55,4,2,2002,2,1,1,2,1,1,1,1,1,1,1,1,1,2,14,6,1,7,30,1,2
1,54,3,3,2002,1,7,1,2,2,1,4,1,1,1,1,5,2,1,13,6,1,1,35,2,2
5,56,4,3,2002,3,7,8,2,2,1,1,1,1,1,1,1,1,2,14,11,2,1,45,2,2
12,54,4,4,2002,4,1,1,2,2,1,4,1,1,1,1,3,1,2,14,6,1,1,30,2,2
1,55,3,4,2002,3,7,1,2,2,1,1,2,1,1,1,4,1,2,13,1,,,,,
13,54,3,5,2002,3,1,1,2,2,2,1,1,2,1,3,1,1,2,13,6,,,,1,2
1,55,3,6,2002,3,1,1,2,2,1,1,1,1,1,1,3,1,2,8,6,1,1,,2,2
3,56,4,6,2002,3,1,1,2,2,1,1,1,1,1,1,1,1,2,9,6,1,1,27,1,2
1,54,1,6,2002,3,7,8,2,2,1,1,1,1,1,1,2,1,2,7,5,1,1,25,2,2
1,55,3,7,2002,3,1,1,2,2,1,1,1,1,1,1,1,1,,8,6,,,30,,
3,56,1,7,2002,3,1,1,2,2,1,1,2,1,1,1,1,1,2,14,2,1,1,38,2,2
3,56,3,7,2002,3,4,1,2,2,2,4,4,2,1,2,1,4,2,9,2,1,1,38,2,2
1,54,4,7,2002,2,1,1,2,2,1,1,1,1,1,1,2,1,2,8,4,1,1,,1,2
1,53,4,7,2002,3,1,1,2,2,1,1,1,1,1,1,2,1,2,7,6,1,1,,2,2
1,55,3,8,2002,4,7,1,2,2,1,4,1,1,1,1,1,1,1,14,4,1,1,32,2,2
1,53,4,8,2002,2,1,1,2,2,1,1,1,1,1,1,4,1,2,5,11,2,,35,2,2
5,54,4,8,2002,3,1,1,2,2,1,1,1,1,1,1,3,1,2,14,5,1,4,35,2,2
4,54,4,9,2002,2,1,1,2,2,1,1,1,1,1,1,2,1,2,8,6,1,1,29,1,2
7,54,3,7,2002,3,1,1,2,2,1,1,1,5,1,2,3,1,2,8,6,2,1,32,1,2
1,54,1,8,2002,2,1,1,2,2,1,1,1,1,1,1,5,1,1,1,6,1,1,,2,2
5,54,4,9,2002,1,1,1,2,2,1,1,1,1,1,1,4,1,2,13,6,1,1,25,2,2
12,54,3,8,2002,2,1,1,2,2,1,1,1,1,1,1,1,1,2,8,6,1,1,,2,2
1,55,4,9,2002,2,1,1,2,2,1,1,1,1,1,1,3,1,2,7,6,1,,35,1,2
1,54,3,10,2002,4,1,1,2,2,1,4,1,1,1,1,2,1,2,14,6,2,7,,2,2
3,56,3,11,2002,2,1,8,2,2,1,1,3,1,1,1,1,1,2,9,6,2,7,,,
1,54,4,11,2002,3,7,1,2,2,1,1,1,1,1,1,1,3,1,14,6,1,1,,2,2
12,54,4,10,2002,4,1,1,2,2,1,4,1,1,1,1,3,1,2,14,6,1,1,,2,2
7,54,3,12,2002,2,1,1,2,2,1,1,1,1,1,1,3,1,2,4,6,1,1,,2,1
5,56,3,12,2002,4,1,1,2,2,1,4,1,1,1,1,1,1,2,7,6,1,1,32,1,2
2,24,4,6,2002,4,1,1,2,2,1,1,1,1,1,1,1,1,2,14,6,1,1,,1,2
6,16,1,1,2002,1,1,1,2,2,4,2,1,1,1,1,1,1,2,14,6,1,1,35,2,2
2,14,1,7,2002,2,3,1,2,2,1,1,1,1,1,1,5,1,1,7,6,1,1,26,2,2
1,14,4,6,2002,2,1,1,2,2,1,1,1,1,1,1,5,1,1,4,6,1,1,36,2,2
9,13,2,7,2002,3,1,1,2,2,1,1,3,3,1,1,3,2,2,9,6,1,1,,2,2
6,15,3,9,2002,2,1,1,2,2,1,1,1,1,1,1,1,1,2,7,5,1,7,,2,2
2,9,1,4,2002,,1,1,2,2,1,1,1,1,1,1,2,1,2,14,5,1,1,42,1,2
6,5,3,7,2002,3,1,1,2,2,1,1,1,1,1,1,1,2,2,8,5,1,1,45,2,2
3,5,4,1,2002,2,1,1,2,2,4,2,1,1,1,1,1,1,2,9,6,1,1,,2,2
8,5,3,3,2002,1,1,1,2,2,2,1,1,1,1,1,1,1,2,14,6,1,1,,2,2
16,42,2,1,2002,4,,5,2,1,1,3,1,1,1,1,5,1,1,14,6,,,,1,
16,42,2,2,2002,2,,8,2,1,1,1,1,1,1,1,5,1,1,9,6,,,,,
22,42,3,4,2002,3,3,1,2,1,1,1,1,1,1,1,5,1,1,8,6,1,,,,2
22,42,3,4,2002,2,1,2,1,1,1,1,1,1,1,1,5,1,1,10,6,1,1,,1,2
10,42,2,4,2002,4,3,6,2,1,1,3,1,1,1,1,5,1,1,19,6,1,1,24,2,2
15,42,2,2,2002,4,1,1,2,1,1,2,1,1,1,1,5,1,1,11,5,1,1,35,1,2
2,42,3,1,2002,4,2,5,2,1,1,3,1,1,1,1,5,1,1,14,6,1,,32,2,2
1,42,2,1,2002,1,2,5,2,1,1,3,1,1,1,1,5,1,1,8,6,1,1,,2,2
1,42,2,1,2002,2,3,6,2,1,1,1,1,1,1,1,5,1,1,8,6,,,,2,2
1,42,2,2,2002,2,1,1,2,1,1,1,1,1,1,1,5,1,1,19,6,1,1,,2,2
1,42,2,2,2002,2,3,6,2,1,1,2,1,1,1,1,5,1,1,9,6,,,,2,2
1,42,2,2,2002,3,1,1,1,1,1,1,1,1,1,1,5,1,1,9,6,,,,2,2
9,42,2,3,2002,3,6,1,1,1,1,1,1,1,1,1,5,1,1,10,6,,,,2,2
9,42,3,5,2002,3,6,1,1,1,1,1,1,1,1,1,5,1,1,19,6,1,1,,2,2
9,42,2,5,2002,1,3,8,2,1,1,3,1,1,1,1,5,1,1,10,6,,,,2,2
9,42,2,5,2002,4,5,3,1,1,1,3,1,1,1,1,5,1,1,14,6,,,,1,2
9,42,1,5,2002,3,1,,1,1,1,1,1,1,1,1,5,1,1,7,6,1,1,,2,2
16,42,2,5,2002,3,1,1,2,1,1,1,1,1,1,1,5,1,1,9,6,,,,1,2
12,42,2,3,2002,4,3,4,2,1,1,3,1,1,1,1,5,1,1,19,6,,,,2,2
12,42,2,4,2002,3,1,1,1,1,1,1,1,1,1,1,5,1,1,9,6,,,,2,2
12,42,2,4,2002,1,3,1,2,1,1,2,1,1,1,1,5,1,1,9,6,,,,2,2
14,42,3,2,2002,1,1,1,2,1,1,3,1,1,1,1,5,1,1,14,9,,,,2,2
9,42,2,6,2002,2,3,4,1,1,1,1,1,1,1,1,5,1,1,9,6,1,1,40,2,2
9,42,2,6,2002,4,5,4,2,1,1,3,1,1,1,1,5,1,1,9,6,1,1,,2,2
9,42,1,6,2002,3,7,8,1,1,1,1,1,1,1,1,5,1,1,8,6,1,1,,2,2
11,42,3,6,2002,,1,1,1,1,1,1,1,1,1,1,5,1,1,8,6,1,1,,2,2
10,42,3,10,2002,4,3,6,2,1,1,3,1,1,1,1,5,1,1,8,6,1,1,,2,2
11,42,1,8,2002,3,1,1,2,2,1,1,1,1,1,1,5,1,1,8,6,1,1,32,2,2
5,42,4,1,2002,2,3,4,2,1,1,1,1,1,1,1,5,1,1,9,6,1,1,,2,2
5,42,4,10,2002,4,1,1,2,1,1,2,1,1,1,1,5,1,1,9,6,1,1,,2,2
8,42,2,9,2002,2,1,4,2,1,1,1,1,1,1,1,5,1,1,9,6,,,,2,2
1,42,3,3,2002,3,1,1,2,1,1,1,1,1,1,1,5,1,1,8,6,2,1,,2,2
1,42,2,3,2002,4,3,4,2,1,1,3,1,1,1,1,5,1,1,5,6,1,1,,2,2
1,42,2,5,2002,4,5,6,2,1,1,3,1,1,1,1,5,1,1,8,6,1,1,,2,2
1,42,2,5,2002,4,5,6,2,1,1,3,1,1,1,1,5,1,1,8,6,,,,2,2
1,42,4,5,2002,3,1,1,2,1,1,1,1,1,1,1,5,1,1,19,6,,,,,
1,42,2,6,2002,2,5,6,2,1,1,1,1,1,1,1,5,1,1,8,6,1,1,,2,2
1,42,2,6,2002,4,3,6,2,1,1,3,1,1,1,1,5,1,1,14,6,1,1,,2,2
1,42,2,6,2002,4,5,6,1,1,1,3,1,1,1,1,5,1,1,9,6,1,1,,2,2
1,42,2,6,2002,3,1,1,2,1,1,1,1,1,1,1,5,1,1,10,6,1,1,,2,2
1,42,2,6,2002,2,5,6,2,1,1,1,1,1,1,1,5,1,1,9,6,,,,2,2
1,42,2,7,2002,3,5,6,2,1,1,1,1,1,1,1,5,1,1,9,6,1,1,,2,2
1,42,2,7,2002,4,3,4,2,1,1,3,1,1,1,1,5,1,1,13,6,1,1,,2,2
1,42,2,8,2002,4,3,6,2,1,1,3,1,1,1,1,5,1,1,19,6,1,1,,2,2
1,42,2,9,2002,3,1,1,2,1,1,1,1,1,1,1,5,1,1,8,6,1,1,,2,2
1,42,2,10,2002,1,5,6,2,1,1,3,1,1,1,1,5,1,1,14,6,1,1,,2,2
1,42,2,10,2002,2,1,8,1,1,1,1,1,1,1,1,5,1,1,9,6,1,1,,2,2
1,42,2,10,2002,3,1,1,2,1,1,1,1,1,1,1,5,1,1,9,6,,,,2,2
18,42,3,6,2002,2,1,1,1,2,1,1,1,1,1,1,5,1,1,10,6,1,1,30,2,2
18,42,2,7,2002,2,1,4,2,1,1,1,1,1,1,1,5,1,1,16,6,1,1,,2,2
4,42,2,10,2002,2,1,1,2,1,1,3,1,1,1,1,5,1,1,9,6,,,,2,2
21,42,3,4,2002,1,1,2,2,1,1,3,1,1,1,1,5,1,1,14,6,,,,2,2
13,42,4,3,2002,3,1,1,2,1,1,1,1,1,1,1,5,1,1,14,6,,,,2,2
13,42,3,5,2002,4,1,1,2,1,1,1,1,1,1,1,5,1,1,14,6,,,,2,2
13,42,3,6,2002,2,1,1,2,1,1,1,1,1,1,1,5,1,1,8,6,,,,2,2
13,42,3,10,2002,3,1,1,2,1,1,1,1,1,1,1,5,1,1,9,6,,,28,2,2
13,42,4,10,2002,4,1,1,2,1,1,3,1,1,1,1,5,1,1,14,6,,,,2,2
13,42,2,12,2002,2,1,1,2,1,1,1,1,1,1,1,5,1,1,9,6,,,22,2,2
10,42,2,12,2002,4,4,1,2,1,1,3,1,1,1,1,5,1,1,14,6,1,1,,2,2
10,42,2,12,2002,3,7,6,2,1,1,1,1,1,1,1,5,1,1,8,6,1,1,,2,2
2,42,2,4,2002,3,3,4,2,1,1,1,1,1,1,1,5,1,1,8,6,1,1,25,2,2
2,42,4,4,2002,1,5,1,2,1,1,3,1,1,1,1,5,1,1,7,6,1,1,28,2,2
2,42,2,4,2002,3,5,4,2,2,1,1,1,1,1,1,5,1,1,9,6,1,1,,2,2
2,42,2,4,2002,3,3,8,2,1,1,1,1,1,1,1,5,1,1,9,6,,1,,2,2
2,42,4,6,2002,2,2,1,2,1,1,1,1,1,1,1,5,1,1,8,6,1,1,,1,2
2,42,2,6,2002,4,7,8,1,1,1,3,1,1,1,1,5,1,1,14,6,1,1,,2,2
2,42,2,12,2002,3,5,4,2,1,1,1,1,1,1,1,5,1,1,8,6,1,1,,2,2
9,42,2,7,2002,2,7,4,2,2,1,1,1,1,1,1,5,1,1,9,6,1,1,,2,2
9,42,4,7,2002,3,1,1,2,1,1,1,1,1,1,1,5,1,1,10,6,1,1,,2,2
9,42,2,7,2002,3,3,6,2,1,1,1,1,1,1,1,5,1,1,19,6,1,1,,2,2
9,42,3,8,2002,3,7,6,2,1,1,1,1,1,1,1,5,1,1,9,6,,,,2,2
9,42,2,8,2002,4,5,6,2,1,1,3,1,1,1,1,5,1,1,19,6,,,,2,2
9,42,2,8,2002,2,5,2,1,1,1,1,1,1,1,1,5,1,1,8,6,,,,2,2
9,42,2,3,2002,3,7,1,2,1,1,1,1,1,1,1,5,1,1,19,6,,,,2,2
9,42,2,8,2002,3,1,1,2,1,1,1,1,1,1,1,5,1,1,5,6,1,1,32,2,2
9,42,2,9,2002,4,5,6,2,2,1,3,1,1,1,1,5,1,1,14,6,,,,2,2
9,42,2,10,2002,3,3,6,2,1,1,1,1,1,1,1,5,1,1,8,6,1,7,,2,2
9,42,2,11,2002,1,7,6,2,2,1,3,1,1,1,1,5,1,1,11,6,,,,2,2
8,42,2,12,2002,3,3,4,2,2,1,1,1,1,1,1,5,1,1,5,6,1,1,,2,2
1,42,2,11,2002,3,1,1,1,1,1,1,1,1,1,1,5,1,1,8,6,,,,2,2
1,42,4,11,2002,2,1,1,2,1,1,1,1,1,1,1,5,1,1,8,6,1,7,,2,2
1,42,2,11,2002,2,2,6,2,1,1,1,1,1,1,1,5,1,1,8,6,1,1,,2,2
1,42,2,11,2002,2,1,1,2,1,1,1,1,1,1,1,5,1,1,10,6,1,1,,2,2
1,42,2,12,2002,4,5,4,2,1,1,3,1,1,1,1,5,1,1,7,6,1,7,,2,2
1,42,2,12,2002,3,1,1,2,1,1,1,1,1,1,1,5,1,1,8,6,,1,,2,2
9,42,2,8,2002,2,5,2,1,1,1,1,1,1,1,1,5,1,1,8,6,1,1,,2,2
9,42,1,8,2002,4,3,6,2,1,1,3,1,1,1,1,5,1,1,14,6,1,1,,2,2
9,42,4,9,2002,4,3,1,2,1,1,3,1,1,1,1,5,1,1,8,6,,,,2,2
9,42,2,9,2002,2,1,1,2,1,1,1,1,1,1,1,5,1,1,8,6,1,1,,2,2
9,42,1,10,2002,4,1,1,2,1,1,3,1,1,1,1,5,1,1,10,6,1,1,,,2
9,42,1,10,2002,4,1,1,2,1,1,3,1,1,1,1,5,1,1,14,6,,,30,2,2
9,42,2,10,2002,3,1,1,2,1,1,1,1,1,1,1,5,1,1,14,6,1,1,,2,2
9,42,2,1,2002,3,3,6,2,1,1,1,1,1,1,1,5,1,1,10,6,1,1,,2,2
9,42,2,2,2002,1,5,6,2,1,1,3,1,1,1,1,5,1,1,14,6,,,,2,2
9,42,2,3,2002,3,5,6,2,1,1,1,1,1,1,1,5,1,1,9,6,1,1,,2,2
9,42,2,3,2002,2,1,1,2,1,1,1,1,1,1,1,5,1,1,8,6,1,1,,2,2
9,42,2,4,2002,2,,3,2,2,1,1,1,1,1,1,5,1,1,8,6,1,1,,2,2
9,42,3,6,2002,1,2,6,2,1,1,2,1,1,1,1,5,1,1,8,6,,,,2,2
9,42,3,6,2002,3,1,1,2,1,1,1,1,1,1,1,5,1,1,7,6,,,,2,2
9,42,2,11,2002,2,1,1,2,1,1,1,1,1,1,1,5,1,1,8,6,1,1,,2,2
9,42,2,11,2002,4,5,6,2,1,1,3,1,1,1,1,5,1,1,14,6,1,1,,2,2
9,42,2,11,2002,3,5,6,2,1,1,1,1,1,1,1,5,1,1,8,6,1,1,,2,2
9,42,2,11,2002,4,2,6,2,1,1,3,1,1,1,1,5,1,1,14,6,,,,2,2
9,42,2,11,2002,3,2,6,1,1,1,1,1,1,1,1,5,1,1,19,6,1,1,,2,2
9,42,4,12,2002,2,2,6,2,1,1,1,1,1,1,1,5,1,1,8,6,1,1,,2,2
9,42,2,12,2002,3,1,1,2,1,1,1,1,1,1,1,5,1,1,10,6,1,1,,2,2
9,42,2,12,2002,4,1,1,2,1,1,3,1,1,1,1,5,1,1,12,6,1,1,,2,2
9,42,2,12,2002,2,2,6,2,1,1,1,1,1,1,1,5,1,1,9,6,1,1,,2,2
9,42,1,12,2002,3,3,6,2,1,1,1,1,1,1,1,5,1,1,5,6,1,1,,2,2
9,42,2,12,2002,2,6,1,2,1,1,1,1,1,1,1,5,1,1,9,6,1,1,,2,2
12,42,3,6,2002,2,3,4,2,1,1,1,1,1,1,1,5,1,1,9,6,1,1,,2,2
12,42,2,6,2002,4,3,6,2,1,1,3,1,1,1,1,5,1,1,9,6,1,1,,2,2
16,42,3,9,2002,1,1,1,2,2,1,3,1,1,1,1,5,1,1,10,6,1,1,,2,2
16,42,2,10,2002,4,1,1,2,1,1,3,1,1,1,1,5,1,1,12,6,1,1,,2,2
22,42,3,5,2002,3,1,1,1,2,1,1,1,1,1,1,5,1,1,9,6,1,1,,2,2