Thana,District,Accident_Severity,Month,Year,Time,Junction_Type,Traffic_Control,Movement,Divider,Weather,Light,Road_Geometry,Surface_Condition,Surface_Type,Surface_Quality,Road_Class,Road_Feature,Location_Type,Vehicle_Type,Vehicle_Movement,Vehicle_Loading,Vehicle_Defect,Vehicle_Driver_Age,Vehicle_Alcohol,Vehicle_Seat_Belt
22,42,2,5,2002,2,5,4,1,1,1,1,1,1,1,1,5,1,1,9,6,1,1,,,
22,42,3,11,2002,4,1,1,2,1,1,3,1,1,1,1,5,1,1,9,6,1,1,28,2,2
12,42,2,7,2002,3,3,4,2,1,1,1,1,1,1,1,5,1,1,9,6,1,1,,2,2
12,42,2,7,2002,2,7,8,1,1,1,1,1,1,1,1,5,1,1,9,6,1,1,,,2
12,42,4,7,2002,4,1,1,2,1,1,3,1,1,1,1,5,1,1,10,6,,,,2,2
12,42,2,7,2002,4,1,1,2,1,1,3,1,1,1,1,5,1,1,19,6,,,,2,2
12,42,2,9,2002,2,1,1,2,1,1,1,1,1,1,1,5,1,1,4,6,1,1,,2,2
12,42,2,9,2002,3,3,4,2,1,1,1,1,1,1,1,5,1,1,9,6,1,1,,2,2
12,42,2,10,2002,3,5,6,2,1,1,1,1,1,1,1,5,1,1,12,6,1,1,,2,2
12,42,2,10,2002,2,1,4,2,1,1,1,1,1,1,1,5,1,1,14,6,1,1,,2,2
12,42,4,10,2002,2,3,1,2,1,1,1,1,1,1,1,5,1,1,9,6,1,1,,2,2
12,42,3,10,2002,2,1,1,2,1,1,1,1,1,1,1,5,1,1,9,6,1,1,,2,2
12,42,2,10,2002,3,3,6,2,1,1,1,1,1,1,1,5,1,1,9,6,1,1,,2,2
12,42,2,10,2002,4,3,1,2,1,1,3,1,1,1,1,5,1,1,14,6,1,1,,2,2
12,42,2,11,2002,2,1,1,2,1,1,1,1,1,1,1,5,1,1,8,6,1,1,,2,2
12,42,3,12,2002,3,1,1,2,1,1,1,1,1,1,1,5,1,1,8,6,1,1,,2,2
12,42,2,12,2002,1,1,2,1,1,1,3,1,1,1,1,5,1,1,11,6,1,1,,2,2
12,42,3,12,2002,2,1,1,2,1,1,2,1,1,1,1,5,1,1,14,6,1,1,,2,2
17,42,3,3,2002,3,1,1,2,1,1,1,1,1,1,1,5,1,1,5,6,1,1,,2,2
17,42,4,5,2002,3,1,1,2,1,1,1,1,1,1,1,5,1,1,12,6,1,1,,2,2
17,42,3,5,2002,4,1,1,2,1,1,2,1,1,1,1,5,1,1,9,6,1,1,,,2
14,42,2,5,2002,1,2,4,2,1,1,3,1,1,1,1,5,1,1,7,6,1,1,,2,2
14,42,2,6,2002,1,3,4,2,1,1,3,1,1,1,1,5,1,1,12,6,1,1,,2,2
14,42,3,7,2002,3,3,4,2,1,1,1,1,1,1,1,5,1,1,9,6,1,1,,2,2
14,42,2,7,2002,2,3,3,2,1,1,1,1,1,1,1,5,1,1,12,6,1,1,,2,2
7,13,2,1,2002,2,3,1,2,2,1,1,1,1,1,1,2,1,2,14,2,1,7,30,2,2
1,9,4,1,2002,3,1,1,2,2,1,1,1,1,1,1,1,1,2,9,6,1,1,52,2,2
8,13,2,5,2002,2,1,1,2,2,2,1,1,2,1,1,1,1,2,14,10,1,1,45,2,2
5,13,1,7,2002,3,1,1,2,2,1,1,1,1,1,1,2,1,2,14,6,1,1,40,2,2
5,5,1,2,2002,2,3,1,2,1,1,2,1,1,1,1,1,1,2,14,2,1,1,,2,2
1,22,4,1,2002,2,1,1,2,2,2,4,1,2,1,1,1,1,2,14,10,1,7,35,2,2
1,24,4,3,2002,,1,1,2,2,1,1,1,1,1,1,1,1,2,14,6,1,1,25,2,2
2,24,4,5,2002,2,1,1,2,2,1,1,1,1,1,1,1,1,2,8,6,2,1,,2,2
4,28,2,7,2002,2,6,1,1,2,1,1,3,1,1,1,1,5,1,14,5,1,1,,2,2
3,28,4,8,2002,2,3,5,2,2,1,2,2,2,1,1,5,1,1,14,1,1,1,30,1,2
1,22,4,8,2002,4,7,8,2,2,1,4,1,1,1,1,1,1,2,14,6,1,5,,1,2
1,21,4,8,2002,4,1,2,2,2,1,1,1,1,1,1,1,1,2,14,10,1,7,,2,2
2,18,4,10,2002,4,1,1,2,2,1,2,1,1,1,2,2,1,2,8,6,1,1,,2,2
1,18,4,9,2002,3,2,1,2,2,1,1,1,1,1,2,2,1,1,4,4,2,1,24,2,2
1,34,4,8,2002,2,1,1,2,2,1,1,1,1,1,1,1,1,2,9,6,1,1,30,2,2
1,21,1,12,2002,3,3,1,2,2,1,1,1,1,1,1,1,1,1,14,6,1,1,35,2,2
3,29,4,1,2002,2,1,1,2,2,1,1,1,1,1,1,2,1,2,8,6,1,1,33,2,2
1,24,3,3,2002,4,1,1,1,2,1,3,1,1,1,1,1,1,2,11,6,1,1,,1,2
2,28,3,4,2002,3,2,4,2,1,1,1,1,1,1,1,1,1,1,14,7,1,1,30,2,2
1,24,2,4,2002,3,7,1,2,2,1,1,1,1,1,1,1,1,2,9,6,1,1,35,1,2
7,24,3,4,2002,3,1,1,1,2,1,1,1,1,1,1,4,1,2,9,11,1,1,,2,2
3,21,4,5,2002,4,1,1,2,2,1,4,1,1,1,1,3,1,2,9,6,1,1,33,1,2
1,24,2,6,2002,4,1,1,2,2,1,4,1,1,1,1,1,1,2,14,6,1,1,,1,2
5,24,4,6,2002,2,1,1,2,2,1,1,1,1,1,1,1,1,2,8,6,1,1,,2,2
6,21,3,8,2002,3,4,1,1,2,1,1,2,1,1,1,4,1,2,5,2,2,1,35,2,2
2,24,3,10,2002,3,1,1,2,2,1,1,2,1,1,1,1,1,2,9,1,1,1,40,2,2
1,29,4,6,2002,3,1,1,2,2,1,4,1,1,1,1,1,1,2,7,6,2,1,,2,2
1,29,1,8,2002,2,1,1,2,1,1,1,1,1,1,2,1,2,2,8,6,2,1,38,2,2
1,29,4,9,2002,3,7,1,1,2,1,1,4,1,1,1,2,1,2,9,1,2,7,35,2,2
1,34,3,5,2002,4,1,1,2,2,1,2,1,1,1,1,1,1,2,14,11,1,1,,2,2
6,34,3,6,2002,3,1,1,2,2,1,1,1,1,1,1,1,1,2,9,5,1,1,40,1,2
4,28,1,10,2002,2,3,1,2,2,1,1,1,1,1,1,1,1,1,7,9,1,1,29,2,1
5,28,2,10,2002,2,2,5,2,1,1,1,1,1,1,1,5,1,1,14,1,1,1,20,2,2
7,28,4,9,2002,2,1,1,2,2,1,1,1,1,1,1,2,1,2,6,6,1,1,,2,2
1,21,3,5,2002,3,1,1,2,2,1,1,1,1,1,1,2,1,2,8,6,1,1,,1,2
1,24,2,3,2002,1,4,4,2,1,1,3,2,1,1,1,1,1,1,14,2,1,1,,1,2
3,54,4,11,2002,3,1,1,2,2,1,1,1,1,1,1,3,1,2,6,6,,1,25,2,2
4,54,3,12,2002,3,1,1,2,2,1,1,1,1,1,1,3,1,2,7,6,1,,55,1,2
1,54,4,9,2002,3,1,1,2,2,2,1,1,2,1,1,1,1,2,14,6,1,,,2,2
8,63,4,2,2002,2,4,1,2,2,1,1,1,1,1,1,1,1,2,14,5,1,1,28,2,2
7,63,4,1,2002,3,3,1,2,2,1,1,2,1,1,1,1,1,2,14,6,1,1,34,1,2
7,63,1,4,2002,3,1,1,2,2,1,1,1,1,1,1,1,1,2,7,6,1,1,30,2,2
9,63,4,1,2002,3,1,1,2,2,1,1,1,1,1,1,1,1,2,10,6,1,1,34,2,2
11,63,4,1,2002,3,1,1,2,2,1,1,1,1,1,1,2,1,2,14,6,1,3,50,1,2
1,58,4,5,2002,2,1,1,2,2,1,1,1,1,1,1,1,1,2,9,6,1,1,,2,2
1,58,4,5,2002,2,1,1,2,2,1,1,1,1,1,1,1,1,2,14,6,1,1,32,2,2
1,58,4,5,2002,3,1,1,2,2,1,1,1,1,1,1,1,1,2,9,6,1,1,50,2,2
6,58,4,2,2002,3,1,1,2,2,1,1,1,1,1,1,1,1,1,9,6,1,1,,1,2
11,63,4,1,2002,3,1,8,2,2,1,1,1,1,1,1,2,1,2,14,6,1,3,,2,2
4,62,1,1,2002,2,1,1,2,2,1,1,1,1,1,1,2,1,2,4,6,1,1,,2,2
3,61,4,9,2002,4,3,1,2,2,1,4,1,1,1,1,2,1,2,9,6,1,1,45,2,2
6,64,3,1,2002,4,1,1,2,2,1,3,1,1,1,1,5,1,1,12,6,1,1,38,2,2
6,64,3,8,2002,1,2,6,2,2,1,2,1,1,1,1,5,1,1,14,6,1,1,47,2,2
6,64,4,12,2002,1,1,1,2,2,1,3,1,1,1,1,5,1,1,14,6,1,1,45,2,2
7,64,1,8,2002,3,2,4,2,2,1,1,1,1,1,1,5,1,1,9,6,1,1,25,2,2
7,64,3,10,2002,2,2,6,2,2,1,3,1,1,1,1,5,1,1,12,6,1,1,,2,2
7,59,4,11,2002,2,1,2,2,2,1,1,1,1,1,1,2,1,2,9,5,1,1,36,2,2
4,54,4,3,2002,2,1,1,2,2,1,1,1,1,1,1,4,1,2,6,6,1,,,2,2
3,64,4,1,2002,2,1,1,2,2,4,2,1,2,1,1,5,1,1,14,6,1,1,,2,2
1,65,4,1,2002,2,1,1,2,2,1,1,1,1,1,1,1,1,2,14,6,1,1,39,2,2
1,61,3,1,2002,3,1,1,2,2,1,1,1,2,1,1,1,1,2,6,1,1,1,35,1,2
1,61,3,3,2002,1,3,1,2,2,1,4,2,1,1,1,1,1,2,14,1,1,1,35,1,2
8,63,4,1,2002,3,2,1,2,2,1,1,1,1,1,1,1,1,2,14,6,1,1,28,2,2
8,63,4,2,2002,3,1,1,2,2,2,1,1,2,1,1,1,1,2,14,6,1,1,27,1,2
8,63,4,3,2002,2,3,1,2,2,1,1,1,1,1,1,1,1,2,14,6,1,1,,1,2
11,63,4,2,2002,4,1,1,2,2,1,3,3,1,1,1,2,1,1,7,8,1,1,40,2,2
3,57,3,3,2002,3,1,1,2,2,1,1,3,1,1,1,2,1,2,7,6,1,1,32,2,2
1,61,4,4,2002,1,1,1,2,2,1,4,1,1,1,1,1,1,2,14,1,1,1,32,1,2
6,63,3,1,2002,1,4,1,2,2,1,1,1,1,1,1,2,1,2,11,6,1,1,,2,2
11,63,4,1,2002,3,1,1,2,2,1,1,3,1,1,1,2,2,2,14,6,1,1,,1,2
11,63,3,2,2002,2,1,1,2,2,1,1,1,1,1,1,2,1,2,13,6,1,1,,1,2
11,64,4,2,2002,2,1,1,2,2,1,1,1,1,1,1,5,1,1,5,6,2,1,30,2,2
8,64,3,3,2002,4,1,1,2,2,1,3,1,1,1,1,5,1,1,9,6,1,1,,1,2
8,64,4,3,2002,3,3,1,2,2,1,1,1,1,1,1,5,1,1,14,6,1,1,,1,2
8,64,3,5,2002,2,1,1,2,2,1,1,1,1,1,1,5,1,1,14,6,1,1,,1,2
1,65,4,5,2002,3,1,2,2,2,1,1,1,1,1,1,1,1,1,6,5,1,1,,2,2
1,58,4,1,2002,2,1,1,2,2,4,2,1,1,1,1,1,1,2,15,4,1,1,38,2,2
1,58,4,2,2002,2,1,1,2,2,1,2,1,1,1,1,1,1,2,14,6,1,1,,2,2
1,58,4,5,2002,1,1,1,2,2,2,3,1,2,1,1,1,1,2,14,6,1,1,40,2,2
1,58,4,5,2002,1,1,1,2,2,1,2,2,1,1,1,1,1,2,14,6,1,1,40,2,2
5,58,4,1,2002,3,2,1,2,2,1,1,1,1,1,1,1,1,2,9,6,1,1,,2,2
5,58,4,2,2002,2,1,1,2,2,1,1,1,1,1,1,1,1,2,9,6,1,1,,1,2
5,58,3,5,2002,3,3,1,2,2,1,1,1,1,1,1,1,1,2,14,6,1,1,,1,2
5,58,4,5,2002,2,1,1,2,2,1,1,1,1,1,1,1,1,2,14,6,1,1,39,1,2
6,58,4,1,2002,3,1,1,2,2,1,1,1,1,1,1,1,1,2,14,6,1,1,26,1,2
6,58,4,3,2002,2,1,1,2,2,1,1,2,1,1,1,1,1,2,8,6,1,1,38,2,2
7,58,4,1,2002,2,1,1,2,2,1,1,1,1,1,1,1,1,2,15,4,1,1,38,2,2
7,58,4,5,2002,2,1,1,2,2,1,1,2,1,1,1,1,1,2,7,6,1,1,35,2,2
14,63,3,3,2002,1,1,1,2,2,1,2,1,1,1,1,1,1,2,15,6,1,1,,2,2
14,63,3,3,2002,2,1,1,2,2,1,2,1,1,1,1,1,1,2,14,6,1,1,,2,2
14,63,4,4,2002,2,1,1,2,2,1,1,1,1,1,1,1,1,2,12,6,1,1,,2,2
2,61,4,4,2002,1,1,1,2,2,1,4,1,1,1,1,1,1,2,14,6,1,1,30,2,2
2,61,1,5,2002,2,1,1,2,2,1,2,1,1,1,1,1,1,2,14,6,1,6,,2,2
14,63,1,2,2002,2,1,1,2,2,1,1,1,1,1,1,1,1,2,9,6,1,1,,2,2
1,61,1,7,2002,3,1,1,2,2,1,1,1,1,1,1,1,1,2,14,6,1,1,32,2,2
2,65,4,7,2002,3,1,1,2,2,2,1,1,2,1,1,1,1,2,9,6,1,1,,2,2
4,59,3,8,2002,3,1,8,2,2,1,1,1,1,1,1,2,1,2,12,6,1,1,,2,2
5,59,4,8,2002,4,1,1,2,2,1,4,2,1,1,1,4,1,2,6,6,1,2,,2,2
2,61,3,8,2002,3,1,1,2,2,1,1,1,1,1,1,1,1,2,14,6,1,1,,2,2
1,63,1,8,2002,3,3,8,2,2,1,1,2,1,1,1,4,1,2,9,2,1,2,,2,2
11,63,4,1,2002,3,1,8,2,2,1,1,1,1,1,1,2,1,2,14,6,1,1,,1,2
7,60,4,10,2002,2,1,8,2,2,1,1,1,1,1,1,2,1,2,9,6,1,1,30,2,2
4,62,4,1,2002,2,1,1,2,2,1,1,1,1,1,1,2,1,2,1,6,1,1,16,2,2
7,59,3,10,2002,3,1,2,2,2,1,1,2,1,1,1,2,1,2,9,2,1,6,27,2,2
1,61,4,9,2002,2,1,1,2,2,1,2,1,1,1,1,1,1,2,14,6,1,1,35,1,2
14,63,1,7,2002,3,1,8,2,2,1,1,1,1,1,1,1,1,2,14,6,1,1,30,2,2
14,63,4,8,2002,2,1,1,2,2,2,1,1,2,1,1,1,1,2,14,6,1,1,,2,2
7,65,4,9,2002,3,1,1,2,2,1,1,2,1,1,1,4,1,2,14,6,2,1,,1,2
5,64,3,1,2002,3,1,1,2,2,1,2,1,1,1,1,5,1,1,14,6,1,1,39,2,2
5,64,3,1,2002,2,1,1,2,2,1,1,1,1,1,1,5,1,1,15,6,1,1,48,2,2
5,64,3,1,2002,3,1,1,2,2,1,1,1,1,1,1,5,1,1,12,6,1,1,38,2,2
5,64,3,7,2002,2,1,1,2,2,1,1,1,1,1,1,5,1,1,12,6,1,1,37,2,2
5,64,3,12,2002,2,1,1,2,2,1,1,1,1,1,1,5,1,1,14,6,1,1,46,2,2
11,64,4,10,2002,3,1,1,2,2,1,1,1,1,1,1,5,1,1,5,6,1,1,30,2,2
12,64,4,11,2002,3,1,1,2,2,1,1,1,1,1,1,5,1,1,12,6,1,1,32,2,2
12,64,1,12,2002,2,1,1,2,2,4,1,1,2,1,1,5,1,1,8,6,1,1,,2,2
1,67,4,9,2002,2,1,1,2,2,1,2,1,1,1,2,2,1,1,14,6,1,1,32,2,2
5,67,4,10,2002,2,1,1,2,2,1,1,1,1,1,2,4,1,2,11,6,1,1,30,2,2
2,64,4,4,2002,2,1,1,2,2,1,1,1,1,1,1,5,1,1,14,6,1,1,37,1,2
2,64,4,4,2002,3,1,1,2,2,1,1,1,1,1,1,5,1,1,14,6,1,1,,2,2
2,64,4,7,2002,3,1,1,2,2,1,1,1,1,1,1,5,2,1,15,6,1,1,,2,2
2,64,3,7,2002,4,2,6,2,2,1,1,1,1,1,1,5,1,1,14,6,1,1,,2,2
2,64,1,8,2002,2,1,1,2,2,1,1,1,1,1,1,5,1,1,14,6,1,1,,2,2
2,64,2,11,2002,3,3,1,2,2,1,1,1,1,1,1,5,1,1,14,6,1,1,,2,2
8,64,1,3,2002,4,1,1,2,2,1,2,1,1,1,1,5,1,1,12,6,1,1,42,2,2
8,64,3,7,2002,2,1,1,2,2,1,1,1,1,1,1,5,1,1,7,6,1,1,34,2,2
1,56,1,3,2002,2,3,1,2,2,1,1,1,1,1,1,2,1,1,14,6,1,,27,2,2
12,54,2,4,2002,4,1,1,2,2,1,4,1,1,1,1,3,1,2,10,6,1,1,22,2,2
5,41,3,5,2002,3,1,1,2,2,1,1,1,1,1,1,1,1,2,4,6,1,1,,2,2
3,41,4,11,2002,3,1,1,2,2,1,1,1,1,1,1,1,1,2,9,6,1,1,,2,2
12,47,1,2,2002,3,1,1,2,2,1,1,1,1,1,1,1,2,2,14,6,1,1,,2,2
4,35,4,5,2002,2,1,1,2,2,1,1,1,1,1,1,2,1,2,9,6,1,1,,2,2
5,55,3,2,2002,3,7,8,2,2,1,1,1,1,1,1,3,1,2,4,11,1,7,45,2,1
22,42,3,1,2002,2,5,4,2,1,1,1,1,1,1,1,5,1,1,8,6,1,1,,2,2
15,42,2,1,2002,2,1,2,2,1,1,1,1,1,1,1,5,1,1,8,6,1,1,40,1,2
18,42,2,1,2002,1,3,1,2,1,1,3,1,1,1,1,5,1,1,14,6,1,1,,1,2
1,42,2,1,2002,3,4,6,1,1,1,1,1,1,1,1,5,1,1,5,6,1,1,,2,2
12,42,2,4,2002,3,3,1,2,1,1,1,1,1,1,1,5,1,1,9,6,1,1,,2,2
8,42,3,1,2002,1,3,1,2,1,1,3,1,1,1,1,5,1,1,14,6,,,,,2
8,42,2,9,2002,2,2,4,2,1,1,1,1,1,1,1,5,1,1,8,6,1,1,,2,2
1,42,2,4,2002,3,3,6,2,1,1,1,1,1,1,1,5,1,1,5,6,1,1,,2,2
1,42,2,7,2002,3,5,6,2,1,1,1,1,1,1,1,5,1,1,9,6,,,,2,2
1,42,3,8,2002,4,2,6,1,1,1,3,1,1,1,1,5,1,1,9,6,1,1,,2,2
1,42,2,9,2002,1,5,6,2,1,1,2,1,1,1,1,5,1,1,14,6,1,1,,2,2
1,42,2,10,2002,2,5,6,2,1,1,1,1,1,1,1,5,1,1,9,6,1,1,,2,2
1,42,2,10,2002,4,5,6,2,1,1,3,1,1,1,1,5,1,1,14,6,1,1,,2,2
13,42,2,8,2002,2,6,8,1,1,1,1,1,1,1,1,5,1,1,10,6,1,1,,2,2
13,42,3,8,2002,2,1,1,2,1,1,2,1,1,1,1,5,1,1,9,6,,,,2,2
15,42,3,11,2002,3,1,1,1,1,1,1,1,1,1,1,5,1,1,9,3,1,1,40,2,2
2,42,3,12,2002,2,2,6,2,1,1,1,1,1,1,1,5,1,1,8,6,1,1,,2,2
9,42,2,7,2002,4,3,6,2,1,1,3,1,1,1,1,5,1,1,10,6,,,,2,2
9,42,3,7,2002,4,2,6,2,2,1,3,1,1,1,1,5,1,1,14,6,,,,2,2
9,42,2,7,2002,3,5,4,2,1,1,1,1,1,1,1,5,1,1,9,6,,,,2,2
9,42,2,8,2002,1,3,6,2,1,1,2,1,1,1,1,5,1,1,14,,,,25,2,2
9,42,2,8,2002,1,5,6,2,1,1,3,1,1,1,1,5,1,1,14,6,,,,2,2
9,42,2,10,2002,4,1,1,2,1,1,3,1,1,1,1,5,1,1,14,6,,7,,2,2
15,42,2,10,2002,2,7,8,2,1,1,1,1,1,1,1,5,1,1,8,7,1,1,,2,2
1,42,2,11,2002,2,2,4,2,2,1,1,1,1,1,1,5,1,1,9,6,1,1,,2,2
9,42,2,8,2002,4,5,4,2,1,1,3,1,1,1,1,5,1,1,10,6,,,,2,2
9,42,3,10,2002,2,5,4,2,1,1,1,1,1,1,1,5,1,1,8,6,1,1,,2,2
9,42,4,2,2002,2,2,6,2,1,1,1,1,1,1,1,5,1,1,8,6,,1,,2,2
9,42,4,3,2002,3,2,6,2,1,1,1,1,1,1,1,5,1,1,9,6,1,1,42,2,2
9,42,2,12,2002,2,5,5,2,1,1,1,1,1,1,1,5,1,1,14,6,1,1,,2,2
12,42,4,7,2002,1,3,4,2,1,1,3,1,1,1,1,5,1,1,14,6,1,1,,2,2
12,42,2,10,2002,4,6,6,2,1,1,3,1,1,1,1,5,1,1,19,6,1,1,,2,2
17,42,3,6,2002,3,3,4,2,1,1,1,1,1,1,1,5,1,1,7,6,1,1,,2,2
17,42,4,12,2002,2,1,1,2,1,1,1,1,1,1,1,5,1,1,8,6,1,1,,2,2
14,42,3,4,2002,2,3,4,2,1,1,2,1,1,1,1,5,1,1,14,6,1,1,,2,2
14,42,2,7,2002,3,1,4,2,1,1,1,1,1,1,1,5,1,1,16,6,1,1,,2,2
14,42,2,7,2002,3,3,1,2,1,1,1,1,1,1,1,5,1,1,10,6,1,1,,2,2
14,42,2,7,2002,3,3,4,2,1,1,1,1,1,1,1,5,1,1,10,6,1,1,,2,2
14,42,3,8,2002,3,3,4,2,1,1,1,1,1,1,1,5,1,1,9,6,1,1,,2,2
14,42,2,9,2002,4,3,4,2,1,1,3,1,1,1,1,5,1,1,10,6,1,1,,2,2
5,64,3,12,2002,2,1,1,2,2,1,1,1,1,1,1,5,1,1,15,6,1,1,46,2,2
3,44,4,7,2002,1,1,1,2,2,1,4,1,1,1,1,1,1,2,13,6,1,1,,2,2
1,47,4,7,2002,4,1,1,2,2,1,2,1,1,1,1,1,1,2,9,6,1,1,,2,2
5,41,4,2,2002,1,1,1,2,2,4,2,1,1,1,1,2,1,2,9,6,1,1,,2,2
5,41,4,2,2002,3,1,1,2,2,1,1,1,1,1,1,1,1,2,10,6,1,1,,2,2
1,40,1,8,2002,2,1,1,2,2,1,1,1,1,1,1,1,1,2,9,6,1,1,,2,2
6,40,4,12,2002,1,1,1,2,2,4,2,1,2,1,1,1,1,2,14,6,1,1,31,2,2
6,45,3,7,2002,2,1,1,2,2,2,1,1,2,1,1,3,1,2,14,6,1,1,40,2,2
6,44,3,10,2002,3,1,1,2,2,1,1,1,1,1,1,1,1,2,8,6,1,1,,2,2
6,44,3,10,2002,3,1,1,2,2,1,1,1,1,1,1,1,1,2,9,6,1,1,,2,2
7,44,3,8,2002,3,1,1,2,2,1,1,1,1,1,1,1,1,2,14,6,1,1,,2,2
1,35,3,8,2002,4,1,1,2,2,1,4,1,1,1,1,2,1,2,14,6,1,1,,2,2
2,43,4,1,2002,2,1,1,2,2,1,2,1,1,1,1,1,1,2,14,6,1,1,,2,2
2,46,1,1,2002,3,1,1,2,2,1,1,1,1,1,1,1,1,2,12,6,1,1,,2,2
1,40,3,1,2002,1,1,1,2,2,1,2,1,1,1,1,1,1,2,14,6,1,1,,2,2
2,50,4,2,2002,2,1,1,2,2,1,1,1,1,1,1,1,1,2,9,6,1,1,,2,2
3,44,1,2,2002,2,1,1,2,2,1,1,1,1,1,1,1,1,2,8,10,1,1,,2,2
1,50,3,3,2002,3,1,1,2,2,1,1,1,1,1,1,1,1,2,19,6,2,1,,2,2
8,50,4,3,2002,2,1,1,2,2,1,1,1,1,1,1,2,1,2,9,6,1,1,,2,2
5,46,4,2,2002,3,1,1,2,2,1,1,1,1,1,1,3,1,2,6,6,1,1,,2,2
9,47,4,3,2002,4,1,1,2,2,1,4,1,1,1,1,1,1,2,9,6,1,1,,2,2
12,51,3,1,2002,2,1,1,2,2,1,1,1,1,1,1,2,1,2,9,6,1,1,,2,2
9,47,4,5,2002,3,1,1,2,2,1,1,1,1,1,1,1,1,2,9,6,1,1,,2,2
1,38,3,6,2002,1,1,1,2,2,1,4,1,1,1,1,1,1,2,14,6,1,1,,2,2
6,46,3,5,2002,2,1,1,2,2,1,1,1,1,1,1,1,1,1,9,6,1,1,,2,2
1,47,3,6,2002,3,1,1,2,2,1,1,1,1,1,1,1,1,2,14,6,1,1,,2,2
9,47,4,6,2002,3,1,1,2,2,1,1,1,1,1,1,1,1,2,8,6,1,1,,2,2
9,47,4,6,2002,2,1,1,2,2,2,1,1,2,1,1,1,1,2,9,6,1,1,,2,2
2,43,4,7,2002,3,1,1,2,2,2,1,1,2,1,1,1,1,2,9,6,1,1,,2,2
1,40,4,12,2002,2,1,1,2,2,1,1,1,1,1,1,1,1,2,14,6,1,1,,2,2
5,46,4,7,2002,3,1,1,2,2,1,1,1,1,1,1,3,1,2,8,6,1,1,,2,2
1,2,4,6,2002,2,2,1,2,2,1,1,1,1,1,1,1,1,2,14,6,1,1,32,2,2
3,8,3,8,2002,2,1,1,2,2,1,2,1,1,1,1,1,1,2,14,6,1,1,,2,2
6,5,3,5,2002,1,1,1,2,2,1,4,1,1,1,1,1,1,2,7,5,1,1,,2,2
5,12,4,12,2002,3,1,3,2,2,1,1,1,1,1,1,3,1,2,14,6,1,1,,2,2
1,5,3,2,2002,4,1,1,2,2,1,3,1,1,1,1,5,1,1,14,4,1,1,35,2,2
1,5,1,3,2002,1,2,1,2,2,1,3,1,1,1,1,5,1,1,13,5,1,1,,2,2
1,5,4,5,2002,4,2,1,2,2,1,1,1,1,1,1,1,1,1,8,5,1,1,35,2,2
1,10,4,12,2002,4,1,1,2,2,1,2,1,2,1,1,2,1,2,13,6,1,1,45,2,2
1,4,4,12,2002,3,1,1,2,2,4,2,1,1,1,1,3,1,2,8,9,1,1,51,2,2
4,14,4,12,2002,4,1,1,2,2,1,1,1,1,1,1,5,1,1,17,5,1,1,40,2,2
3,15,4,11,2002,1,1,1,2,2,1,4,1,1,1,1,1,1,2,14,10,1,1,35,2,2
10,9,4,3,2002,1,1,1,2,2,1,4,1,1,1,1,1,1,2,14,6,1,1,,2,2
10,9,4,4,2002,1,1,1,2,2,1,4,1,1,1,1,1,1,2,14,11,1,1,35,2,1
7,17,4,11,2002,2,1,1,2,2,1,1,1,1,1,1,1,1,2,14,5,1,1,38,2,2
6,16,3,8,2002,4,1,1,1,2,1,4,1,1,1,1,1,1,2,14,2,2,3,,1,2
4,11,4,6,2002,3,1,1,2,2,1,1,1,5,1,1,4,1,2,14,7,1,1,,2,2
1,11,3,4,2002,2,2,1,2,2,1,1,1,1,1,1,2,1,1,13,6,1,1,40,1,2
1,47,1,9,2002,2,1,1,2,2,1,1,1,1,1,1,1,1,2,10,6,1,1,,2,2
6,45,4,6,2002,3,1,1,2,2,1,1,2,1,1,3,1,1,2,16,6,1,1,55,2,2
6,65,3,9,2002,2,1,1,2,2,1,1,1,1,1,1,2,1,2,12,6,1,1,28,2,2
5,64,2,6,2002,4,1,1,2,2,1,3,1,1,1,1,5,1,1,14,6,1,1,45,2,2
5,64,2,6,2002,3,1,3,2,1,1,1,1,1,1,1,5,1,1,14,6,1,1,42,2,2
2,64,1,6,2002,2,1,1,2,2,1,3,1,1,1,1,5,1,1,14,6,1,1,,2,2
4,64,3,12,2002,3,1,1,2,2,1,1,1,1,1,1,5,1,1,14,2,1,1,52,2,2
14,42,3,7,2002,2,1,1,2,2,1,1,1,1,1,1,2,1,2,9,6,,,,2,2
1,61,4,4,2002,2,1,1,2,2,1,1,1,1,1,1,1,1,2,9,6,1,1,,2,2
1,61,4,4,2002,3,1,1,2,2,2,1,4,2,1,1,1,1,2,8,6,1,1,,2,2
10,9,4,10,2002,1,1,8,2,1,2,1,1,1,2,1,1,2,,9,10,2,1,57,2,2
4,22,4,1,2003,3,1,1,2,2,1,1,1,1,1,1,1,2,1,12,6,2,7,35,1,2
1,22,4,2,2003,3,1,8,1,2,2,1,1,2,1,1,1,1,2,9,11,1,1,,2,2
1,24,3,1,2003,3,1,1,1,2,1,1,1,1,1,1,1,1,2,16,6,2,6,,1,2
1,24,4,2,2003,2,2,8,2,2,1,1,1,1,1,1,1,1,2,9,6,1,1,,1,2
1,24,4,2,2003,2,3,1,2,2,1,1,1,1,1,1,2,1,2,14,4,2,6,,1,2
3,24,3,2,2003,2,1,2,2,2,1,1,1,1,1,1,3,1,2,9,6,1,1,,1,2