Thana,District,Accident_Severity,Month,Year,Time,Junction_Type,Traffic_Control,Movement,Divider,Weather,Light,Road_Geometry,Surface_Condition,Surface_Type,Surface_Quality,Road_Class,Road_Feature,Location_Type,Vehicle_Type,Vehicle_Movement,Vehicle_Loading,Vehicle_Defect,Vehicle_Driver_Age,Vehicle_Alcohol,Vehicle_Seat_Belt
7,24,3,1,2003,3,1,1,1,1,1,1,1,1,1,1,1,1,2,14,4,1,1,,2,2
2,19,4,1,2003,2,1,1,2,2,1,1,1,1,1,1,4,1,2,14,6,2,1,,1,2
1,18,4,1,2003,3,1,1,2,2,1,1,1,1,1,2,1,1,1,17,6,1,1,50,2,2
7,18,3,2,2003,1,1,1,1,2,1,3,1,1,1,1,1,1,2,14,11,1,1,,2,2
1,24,3,3,2003,2,1,1,2,2,1,1,1,1,1,1,1,1,2,14,6,1,7,,1,2
1,24,4,3,2003,3,1,1,2,2,1,1,2,1,1,1,1,1,2,14,6,1,7,,2,2
4,24,4,3,2003,4,1,1,2,2,1,2,1,1,1,2,2,1,2,14,5,2,7,,1,2
2,24,2,3,2003,2,1,1,2,2,1,1,1,1,1,1,1,1,2,16,6,1,6,,1,2
2,24,3,3,2003,3,1,1,1,2,1,1,1,1,1,1,1,1,1,9,6,2,6,,1,2
3,20,4,2,2003,3,1,1,2,2,1,1,1,1,1,1,4,1,2,14,6,1,6,45,1,2
1,25,3,3,2003,3,7,7,2,2,1,1,1,1,1,1,2,1,2,14,6,1,6,,2,2
4,26,4,5,2003,2,7,8,2,2,1,2,2,1,1,1,2,1,2,12,2,1,6,,1,2
2,24,4,6,2003,3,1,1,2,2,1,1,1,1,1,1,1,1,2,14,6,2,1,32,2,2
4,20,4,5,2003,3,4,1,2,2,2,1,2,2,1,1,4,1,2,14,2,1,1,,1,2
1,21,4,5,2003,3,1,1,2,2,1,1,1,1,1,1,4,1,2,6,5,1,1,,1,2
3,21,3,5,2003,2,4,1,2,2,1,1,2,1,1,1,4,1,2,14,2,2,3,38,2,2
6,18,3,6,2003,4,1,6,2,2,1,2,1,1,1,1,2,1,2,10,6,1,1,,2,2
3,22,4,7,2003,,7,1,1,2,1,2,2,1,1,1,4,1,2,9,6,1,7,,2,2
9,24,4,7,2003,2,7,1,1,2,1,1,1,1,1,1,1,1,1,14,6,2,7,,1,2
1,24,4,7,2003,1,1,1,2,2,1,1,1,1,1,1,1,1,1,14,6,1,7,,1,2
3,24,4,7,2003,4,4,1,1,2,1,2,1,1,1,1,1,1,2,7,6,1,7,40,2,2
1,25,4,7,2003,3,7,1,1,2,1,1,1,1,1,1,1,1,1,9,6,1,7,,1,2
1,21,4,8,2003,2,1,1,2,2,2,1,1,2,1,1,1,1,1,8,6,1,1,38,1,2
3,20,4,8,2003,2,1,1,2,2,1,1,1,1,1,1,2,1,2,14,6,1,1,29,1,2
9,24,4,9,2003,3,3,1,1,2,1,1,1,1,1,1,1,1,1,14,11,1,7,,1,2
6,21,4,6,2003,1,7,1,2,2,2,2,1,2,1,1,1,1,2,14,6,1,1,,2,2
3,21,4,6,2003,2,1,1,1,2,1,1,2,1,1,1,1,1,1,14,6,1,7,36,1,2
1,29,4,2,2003,4,1,1,1,1,1,2,1,1,1,1,2,1,2,9,5,1,7,35,2,2
1,29,3,5,2003,2,7,1,1,2,1,1,1,1,1,1,2,1,2,12,6,1,1,30,2,2
1,29,4,2,2003,1,7,1,2,2,1,1,1,1,1,1,2,1,2,8,6,1,1,38,1,2
2,29,4,4,2003,3,1,1,1,2,1,2,1,1,1,1,4,3,2,9,5,1,1,,2,2
7,25,4,5,2003,3,1,1,2,2,1,1,1,1,1,1,2,1,2,9,6,1,1,,1,2
1,25,3,6,2003,2,1,1,1,2,1,1,1,1,1,1,2,1,1,9,11,1,7,,1,2
1,25,4,6,2003,4,1,1,1,2,1,1,1,1,1,1,4,1,2,14,6,2,7,,1,2
7,25,4,6,2003,2,4,1,2,2,1,2,1,1,1,1,2,1,2,14,6,1,1,45,2,2
1,19,3,11,2003,2,1,1,2,2,1,1,1,1,1,1,4,1,2,14,6,1,7,30,1,2
1,20,4,6,2003,3,1,1,1,2,1,1,1,1,1,1,2,1,1,9,11,1,1,42,2,2
2,18,3,11,2003,2,7,1,1,1,1,1,3,1,1,1,2,1,2,8,11,1,7,,2,2
4,21,4,11,2003,2,1,1,2,2,1,4,1,1,1,1,4,1,2,14,6,1,1,,1,2
5,21,4,11,2003,1,1,1,2,2,1,2,4,1,1,1,4,1,2,14,11,1,1,35,2,2
3,24,4,11,2003,3,1,1,2,2,1,1,1,1,1,2,2,1,2,9,6,1,1,,2,2
5,24,4,11,2003,1,1,2,2,1,1,1,1,1,1,1,2,2,1,14,6,2,7,,1,2
1,24,4,11,2003,1,3,1,2,2,1,2,1,1,1,1,1,1,1,9,4,1,1,,2,2
1,24,4,11,2003,2,1,1,2,2,1,1,1,1,1,1,1,1,1,14,6,2,7,,1,2
2,25,3,12,2003,2,1,1,2,2,1,1,1,1,1,1,4,1,2,4,6,1,7,28,2,2
1,24,4,12,2003,3,1,1,1,2,4,1,1,1,1,1,1,1,1,14,6,1,7,,1,2
1,24,3,10,2003,2,1,5,2,2,1,1,1,1,1,1,1,1,1,14,6,2,7,,1,2
3,24,4,12,2003,4,1,4,2,2,1,2,1,1,1,1,2,1,2,14,6,1,7,,1,2
4,24,4,12,2003,2,1,1,2,2,1,1,1,1,1,1,4,1,2,14,6,2,7,,1,2
3,20,4,7,2003,4,1,1,2,2,1,4,1,1,1,1,4,1,2,16,6,1,1,42,2,2
6,21,3,12,2003,3,1,1,2,2,1,1,1,1,1,1,1,1,2,14,6,1,1,36,1,2
5,13,4,1,2003,2,2,1,2,1,1,2,1,1,1,1,2,1,2,14,6,1,1,23,2,2
4,4,3,1,2003,2,1,1,2,2,4,2,2,1,1,3,3,1,2,14,6,1,1,,2,2
3,4,4,1,2003,2,1,1,2,2,1,2,1,1,1,1,3,1,2,9,6,1,1,35,2,2
3,3,4,1,2003,4,1,2,2,2,4,2,1,4,1,1,3,1,2,17,6,1,1,35,2,2
4,8,3,2,2003,3,1,1,1,2,1,1,1,1,1,1,4,1,2,9,6,1,1,,1,2
1,8,3,2,2003,3,1,1,2,2,1,1,1,1,1,1,1,1,2,9,6,1,1,,1,2
1,2,4,2,2003,1,1,1,2,2,1,1,1,1,1,1,1,1,2,9,6,1,1,,2,2
1,14,4,2,2003,3,2,4,2,1,1,1,1,1,1,1,1,1,1,14,6,2,1,45,2,2
1,15,4,1,2003,3,1,1,1,2,1,1,1,1,1,1,1,1,2,7,6,1,1,,2,2
6,15,4,1,2003,3,1,2,2,2,1,1,1,1,1,1,1,1,2,9,11,1,1,,2,2
6,15,4,1,2003,3,1,1,2,2,1,1,1,1,1,1,1,1,2,10,11,1,1,,2,2
3,14,3,1,2003,3,2,1,2,2,1,1,1,1,1,1,1,1,2,9,2,1,1,,2,2
1,15,3,2,2003,4,1,1,2,2,1,2,1,1,1,1,1,1,1,9,6,1,1,,2,2
1,15,4,2,2003,2,2,1,2,1,1,1,1,1,1,1,1,1,1,14,4,1,1,,2,2
4,9,4,3,2003,2,1,1,2,2,1,2,2,1,1,1,2,1,1,14,5,1,1,,2,2
11,9,4,2,2003,4,1,1,2,2,1,2,1,1,1,1,1,1,2,9,6,1,1,,2,2
11,9,4,3,2003,3,1,1,2,2,1,1,1,1,1,1,2,1,2,9,6,1,1,,2,2
5,10,4,2,2003,3,1,1,2,2,1,1,1,1,1,1,4,1,1,6,6,1,1,,2,2
5,6,4,2,2003,3,1,1,2,2,1,1,1,1,1,1,4,1,2,14,6,1,1,45,2,2
4,8,3,3,2003,3,1,1,2,2,1,1,1,1,1,1,2,1,2,4,5,2,1,32,2,2
3,12,4,3,2003,4,1,1,2,2,1,2,1,1,1,1,3,1,2,14,6,1,1,,2,2
4,12,1,3,2003,2,1,1,1,2,1,1,1,1,1,1,3,1,2,12,5,1,1,42,2,2
1,17,4,1,2003,3,1,1,2,2,1,2,1,1,1,1,1,4,2,8,6,1,1,,2,2
1,17,4,2,2003,2,1,8,2,2,1,1,1,1,1,1,3,1,2,9,5,1,1,,2,2
1,17,3,2,2003,3,1,3,2,2,1,1,1,1,1,1,1,1,1,9,6,1,1,,2,2
8,17,4,1,2003,2,1,1,2,2,1,1,1,1,1,1,1,1,2,14,6,1,1,,2,2
8,17,4,1,2003,2,1,1,2,2,1,1,1,1,1,1,1,1,2,9,6,1,1,27,2,2
3,4,4,3,2003,4,1,1,2,2,1,2,1,1,1,1,3,1,1,14,6,1,1,,2,2
5,6,4,4,2003,4,1,1,2,2,1,1,1,1,1,1,1,1,2,14,6,1,1,,2,2
1,4,4,3,2003,3,1,1,2,2,1,1,1,1,1,1,3,1,2,8,4,1,1,32,1,2
4,8,4,5,2003,3,1,3,2,2,1,1,1,1,1,1,2,1,2,9,5,1,1,34,2,2
4,1,4,5,2003,4,1,1,2,2,1,2,1,1,1,1,3,1,2,14,6,2,1,28,2,2
3,8,4,5,2003,3,1,1,2,2,1,1,2,1,1,1,2,1,2,14,6,1,1,,2,2
1,1,4,4,2003,1,1,1,2,2,2,1,1,1,1,1,1,1,2,14,5,1,1,35,1,2
1,2,4,5,2003,2,1,1,2,2,1,1,1,1,1,1,1,1,2,14,6,1,1,,2,2
2,14,4,4,2003,3,1,1,2,2,1,1,1,1,1,1,5,1,1,14,6,1,1,,2,2
1,3,4,3,2003,3,1,1,2,2,1,1,2,1,1,1,5,1,1,14,1,1,1,,2,2
1,7,4,4,2003,2,1,1,2,2,1,1,1,1,1,1,1,1,1,13,6,1,1,,1,2
3,8,3,4,2003,4,1,1,2,2,1,4,1,1,1,1,1,1,2,8,6,1,1,32,2,2
3,8,4,4,2003,4,1,1,2,1,4,1,1,1,1,1,1,2,,2,6,1,1,,2,2
5,13,1,4,2003,2,1,1,2,1,1,1,1,1,1,1,2,1,2,13,6,1,1,,2,2
7,13,4,4,2003,2,1,1,2,2,1,1,1,1,1,2,2,1,2,9,6,1,1,,2,2
3,15,4,3,2003,4,1,1,2,2,1,1,1,1,1,1,1,1,1,13,6,1,1,,2,2
3,15,4,3,2003,2,1,1,2,2,1,1,1,1,1,1,3,1,2,8,6,1,1,28,2,2
4,12,4,6,2003,4,1,1,1,2,2,2,1,2,1,2,4,1,2,17,6,1,1,,2,2
5,12,4,6,2003,3,1,1,2,2,1,1,1,1,1,1,1,1,2,8,5,1,1,,1,2
1,8,4,6,2003,3,1,1,2,2,1,1,1,1,1,1,2,1,1,8,6,1,1,40,2,2
3,8,4,6,2003,4,1,7,2,2,1,2,1,1,1,1,1,1,2,8,2,2,1,,2,2
3,14,3,6,2003,2,1,1,2,2,1,3,1,1,1,1,5,1,1,4,4,1,1,28,2,2
1,10,4,5,2003,1,1,1,1,2,1,1,1,1,1,1,2,1,1,12,11,1,7,30,2,2
5,13,4,6,2003,2,3,1,2,2,1,1,1,1,1,1,2,1,2,19,6,1,1,,2,2
8,13,4,6,2003,1,1,1,2,2,1,2,1,1,1,1,1,1,2,14,6,1,1,,2,2
1,11,4,6,2003,3,2,1,2,2,1,1,1,1,1,1,2,1,1,14,4,1,1,,2,2
1,11,4,3,2003,2,1,1,2,2,1,1,1,1,1,1,2,1,2,9,6,1,1,,2,2
1,11,4,1,2003,2,3,1,2,2,1,1,1,1,1,1,1,1,2,8,4,1,1,,1,2
5,11,4,4,2003,3,1,1,2,2,1,1,1,1,1,1,1,1,2,14,6,1,7,38,1,2
4,8,4,7,2003,3,1,1,2,2,1,1,2,1,1,1,1,1,1,9,6,1,1,,2,2
4,3,4,6,2003,2,1,1,2,2,1,1,1,1,1,1,1,1,2,9,6,1,1,,2,2
4,3,4,6,2003,3,1,1,2,2,1,1,1,1,1,1,1,1,1,9,6,1,1,,2,2
1,7,4,7,2003,3,2,1,2,2,2,1,2,2,1,1,1,1,2,14,4,1,7,,1,2
9,11,3,6,2003,2,1,1,1,2,1,1,1,1,1,1,3,1,2,8,6,1,1,50,2,2
11,11,4,5,2003,2,1,1,2,2,1,1,1,1,1,1,2,2,2,9,6,1,1,45,1,2
1,17,4,5,2003,2,1,1,2,2,1,1,2,2,1,1,1,4,2,14,6,1,7,,2,2
3,17,4,4,2003,4,1,1,2,2,1,4,1,1,1,1,1,1,2,19,11,1,1,25,1,2
5,10,3,6,2003,3,1,1,1,2,1,1,2,1,1,1,3,1,2,14,1,1,1,30,2,2
1,10,3,7,2003,1,1,1,2,2,1,2,1,1,1,1,2,1,1,14,11,1,7,30,2,2
3,10,4,7,2003,3,1,1,2,2,1,1,1,1,1,1,2,1,2,8,6,2,1,,2,2
1,15,4,7,2003,2,1,1,2,2,1,1,1,1,1,1,1,1,1,9,11,1,1,40,2,2
1,15,4,7,2003,2,1,1,2,2,1,1,1,1,1,1,1,1,2,14,11,1,1,,1,2
11,9,3,8,2003,1,1,1,2,2,1,1,1,1,1,1,1,1,1,9,6,1,1,,2,2
6,9,4,9,2003,2,1,8,1,2,1,2,1,1,1,1,2,1,2,14,5,1,1,,2,2
6,9,4,8,2003,2,1,1,2,2,1,1,2,1,1,1,2,1,2,14,2,1,1,,2,2
10,11,4,9,2003,3,1,1,1,2,1,1,1,1,1,1,3,1,2,6,6,1,1,22,1,2
6,15,4,8,2003,3,7,1,2,2,1,1,1,1,1,1,1,1,2,9,11,1,7,,2,2
6,15,4,8,2003,3,3,1,2,2,1,1,1,1,1,1,1,1,2,8,6,1,7,35,2,2
3,15,1,8,2003,4,1,1,2,2,1,1,1,1,1,1,1,1,2,16,6,1,1,40,2,2
5,15,3,8,2003,2,2,2,2,2,1,1,1,1,1,1,3,1,2,14,6,1,1,32,2,2
1,13,4,9,2003,3,1,1,2,2,1,1,1,1,1,1,3,1,1,14,6,1,1,,2,2
3,15,3,7,2003,1,1,1,2,2,2,2,1,2,1,1,3,1,1,14,6,1,1,38,2,2
1,10,4,9,2003,2,3,1,2,2,1,1,1,1,1,1,2,1,1,8,11,1,7,30,2,2
5,10,4,8,2003,2,1,1,2,2,1,1,1,1,1,1,3,1,2,14,6,1,1,,2,2
2,10,4,9,2003,2,1,1,1,2,1,1,1,1,1,1,3,1,2,8,6,1,1,,2,2
1,2,3,9,2003,3,1,8,1,2,1,1,1,1,1,1,5,1,1,19,6,1,7,,2,2
4,2,3,9,2003,1,1,2,2,1,1,1,1,1,1,3,1,2,,8,6,1,7,45,2,2
9,11,4,7,2003,4,1,1,1,1,1,2,2,1,1,1,4,1,2,14,2,1,1,35,2,2
5,8,1,8,2003,1,4,1,2,2,1,3,4,1,1,1,1,1,2,14,4,1,1,45,2,2
4,8,4,9,2003,3,1,1,2,2,1,1,2,1,1,1,1,1,1,9,6,2,1,35,2,2
5,13,4,10,2003,3,1,1,2,2,1,1,1,1,1,1,2,1,2,8,6,1,1,35,2,2
10,9,4,7,2003,4,1,1,2,2,1,2,1,4,1,1,1,1,2,14,1,1,1,,2,2
1,11,3,7,2003,4,2,1,2,2,2,4,1,2,1,1,2,1,1,14,5,1,1,,2,2
2,14,3,7,2003,3,2,1,2,2,1,1,3,1,1,1,5,1,2,14,1,1,1,,2,2
2,14,4,7,2003,2,1,1,2,2,1,1,1,1,1,1,5,1,1,14,1,1,1,,2,2
4,14,4,7,2003,2,1,3,2,2,1,1,1,1,1,1,2,1,1,8,1,1,2,30,2,2
1,15,3,8,2003,4,1,3,2,2,1,3,1,1,1,1,1,1,2,10,6,1,1,,1,2
1,15,4,7,2003,3,1,1,2,2,1,1,1,1,1,1,1,1,2,9,11,1,1,,1,2
1,1,3,6,2003,4,1,1,2,2,1,1,1,1,1,1,1,1,2,14,6,1,1,,1,2
2,9,4,5,2003,3,1,1,2,2,1,1,1,1,1,1,2,1,1,14,6,1,1,,2,2
6,15,2,5,2003,1,1,2,2,2,1,1,1,1,1,1,1,1,2,14,4,1,7,,2,2
6,15,4,5,2003,3,3,2,2,2,1,1,1,1,1,1,1,1,2,14,5,1,1,,2,2
1,15,4,4,2003,2,1,1,2,2,1,1,1,1,1,1,1,1,2,2,6,1,1,,2,2
6,15,4,4,2003,1,1,1,2,2,1,1,2,1,1,1,4,1,2,9,2,1,1,,2,2
4,15,4,4,2003,2,1,1,1,2,1,1,2,1,1,1,3,1,2,14,6,1,1,,2,2
10,17,4,8,2003,3,1,8,2,2,1,1,1,1,1,1,1,1,1,17,6,1,1,,2,2
5,15,3,6,2003,2,1,1,2,2,2,1,1,2,1,1,3,1,2,10,6,1,1,32,2,2
1,17,4,7,2003,2,1,1,2,2,1,1,1,1,1,1,1,1,2,10,5,1,1,32,1,2
1,17,3,8,2003,1,1,1,2,2,1,3,1,1,1,1,1,1,2,14,5,1,1,35,1,2
1,17,4,8,2003,1,1,1,1,2,1,1,1,1,1,1,1,1,2,9,6,1,1,,2,2
8,17,4,9,2003,1,3,1,2,2,1,1,1,1,1,1,1,1,1,14,6,1,1,36,2,2
10,17,4,9,2003,4,1,2,2,2,1,4,1,1,1,1,1,1,2,14,5,1,1,30,2,2
2,17,4,8,2003,3,1,1,2,2,1,1,1,1,2,3,3,1,2,9,6,1,1,1,1,2
4,14,4,10,2003,3,1,4,2,2,1,1,1,1,1,1,5,1,2,13,4,1,1,,2,2
1,14,4,10,2003,4,1,1,2,1,1,1,2,1,1,1,5,1,1,9,2,1,1,,1,2
1,14,4,10,2003,2,1,1,2,2,1,1,1,1,1,1,5,1,1,14,11,1,1,46,2,2
1,14,4,10,2003,4,1,1,2,2,1,1,1,1,1,1,5,1,1,9,11,1,1,45,2,2
3,14,4,10,2003,4,3,5,2,2,1,3,1,1,1,1,5,1,1,9,6,2,3,,1,2
3,14,4,10,2003,2,1,5,2,1,1,1,1,1,1,1,5,1,1,14,5,1,1,35,2,2
3,14,3,10,2003,2,3,1,2,2,1,1,1,1,1,1,5,1,1,8,10,1,1,,2,2
7,8,4,10,2003,2,1,1,2,2,1,4,1,1,1,1,3,1,2,14,6,1,1,,1,2
1,12,4,10,2003,3,1,1,1,2,1,1,1,1,1,1,3,1,1,14,6,1,1,35,2,2
8,11,4,10,2003,1,1,1,2,2,1,1,1,1,1,2,4,1,2,8,6,1,1,42,2,2
3,11,3,10,2003,2,1,1,2,2,1,1,1,1,1,1,4,1,2,13,1,1,7,,2,2
1,7,3,10,2003,2,1,8,2,2,1,1,1,1,1,1,3,1,1,14,6,1,1,42,2,2
7,7,4,10,2003,3,2,1,2,2,1,1,1,1,1,1,3,1,1,8,6,1,1,28,2,2
1,9,1,6,2003,3,1,1,2,2,1,1,1,1,1,1,1,1,2,7,6,1,1,,2,2
1,9,3,8,2003,4,1,1,2,2,1,2,1,1,1,1,1,1,2,14,6,1,1,,2,2
2,9,4,9,2003,3,3,8,2,2,1,1,1,1,1,1,2,1,1,4,1,1,1,30,2,2
4,9,4,5,2003,4,1,1,2,2,1,2,2,1,1,1,2,1,1,14,5,1,1,,2,2
6,4,4,5,2003,2,1,1,2,1,1,1,1,1,1,1,1,1,2,10,6,1,1,35,2,2
6,4,4,7,2003,2,1,1,2,2,1,1,1,1,1,1,5,1,1,14,6,1,1,35,2,2
1,4,1,5,2003,3,1,1,2,2,1,1,1,1,1,1,5,1,2,10,6,1,1,35,2,2
5,13,4,10,2003,2,1,1,2,2,1,1,1,1,1,1,2,1,2,14,6,1,1,33,1,2
5,5,3,3,2003,3,1,1,2,2,1,1,1,1,1,1,1,1,2,6,11,1,1,,2,2
5,5,4,3,2003,4,1,1,2,2,1,1,1,1,1,1,1,1,2,9,6,1,1,,2,2
1,5,4,5,2003,2,2,3,2,2,1,1,1,1,1,1,1,1,1,9,6,2,7,,2,2
1,5,4,4,2003,4,1,1,2,2,1,1,1,1,1,1,5,5,1,8,6,2,1,27,1,2
8,5,4,3,2003,1,1,2,2,1,1,1,1,1,1,1,1,2,,9,6,1,1,,2,2
5,5,4,8,2003,3,1,8,1,2,1,1,1,1,1,1,1,1,2,13,6,1,1,,2,2
6,5,3,3,2003,4,1,1,2,2,2,4,1,1,1,1,1,4,2,14,5,1,1,,2,2
6,5,4,1,2003,2,7,1,2,2,1,1,1,1,1,1,1,1,2,9,6,1,1,,2,2
6,5,4,5,2003,3,7,1,2,2,1,1,1,5,1,3,4,1,2,9,6,1,1,,2,2
3,5,4,3,2003,3,1,1,2,2,1,4,1,1,1,1,3,1,2,14,6,1,1,35,2,2
4,5,4,3,2003,3,1,8,1,2,1,2,1,1,1,2,3,1,2,14,6,1,1,,2,2
3,3,4,10,2003,1,1,1,2,2,1,4,2,1,1,1,2,1,2,14,2,1,1,42,2,2
3,15,4,10,2003,2,1,1,2,2,1,1,1,1,1,1,1,1,2,14,5,1,1,45,2,2
3,15,4,10,2003,2,1,1,2,2,1,1,1,1,1,1,1,1,2,12,5,1,1,28,2,2
3,15,4,10,2003,1,1,1,2,2,1,4,1,1,1,1,1,1,2,14,6,1,1,,2,2
1,15,4,10,2003,2,7,3,2,2,1,1,1,1,1,1,1,1,2,14,6,1,1,,1,2
2,12,4,11,2003,3,1,1,2,2,1,1,1,1,1,1,4,1,2,14,6,1,1,,2,2
7,13,4,11,2003,2,1,1,2,2,1,1,1,1,1,1,2,1,2,8,4,1,7,45,2,2
5,3,4,10,2003,3,1,4,2,2,4,4,2,1,1,1,3,3,2,4,6,2,1,22,1,2
3,14,4,11,2003,2,2,1,2,2,1,1,1,1,1,2,5,1,1,19,4,2,1,18,2,2
3,14,1,11,2003,2,1,1,2,2,1,1,1,1,1,1,5,1,1,14,6,1,1,32,1,2
4,14,4,11,2003,2,1,1,2,2,4,2,1,1,1,1,5,1,2,14,11,1,1,,1,2
4,14,4,11,2003,3,7,8,2,2,1,1,1,1,1,1,2,1,1,14,6,1,1,36,2,2
5,1,4,11,2003,3,1,1,2,2,1,2,1,1,1,1,1,1,1,12,6,1,1,27,2,2
6,15,4,11,2003,2,1,8,2,2,1,1,1,1,1,1,1,1,2,8,6,1,1,,2,2
1,8,3,4,2003,3,3,1,1,2,1,1,2,1,1,1,3,4,2,19,6,1,1,,2,2
4,8,3,10,2003,3,1,1,2,2,1,1,1,1,1,1,2,1,2,19,6,1,1,,1,2
1,4,4,11,2003,3,1,1,2,2,1,1,1,1,1,1,3,1,2,14,11,1,1,,2,2
11,11,4,11,2003,3,1,1,2,2,1,1,1,1,1,1,3,1,2,14,6,1,1,36,2,2
10,9,4,11,2003,3,1,1,2,2,1,1,2,1,1,1,1,1,2,9,3,1,1,,2,2
6,11,4,1,2003,4,1,2,1,2,1,2,1,1,1,1,3,1,2,17,6,1,1,,2,1
1,14,4,12,2003,2,7,4,1,2,1,1,1,1,1,1,2,1,1,14,9,1,1,50,2,2
2,14,1,12,2003,4,1,1,2,2,4,2,2,5,1,1,5,1,2,14,1,1,7,42,2,2
2,7,4,12,2003,4,3,1,1,2,1,4,1,1,1,1,2,1,2,12,5,1,1,,2,2
6,11,4,11,2003,3,1,2,1,2,1,1,1,1,1,1,2,1,2,8,6,1,1,40,2,2
1,11,4,11,2003,2,1,1,2,2,1,1,2,1,1,1,2,1,2,14,2,1,1,42,2,2
11,9,4,10,2003,2,1,1,2,1,1,1,1,1,1,1,1,1,2,8,6,1,1,,2,2
8,3,4,12,2003,4,4,8,2,2,1,1,1,1,1,1,2,1,2,9,6,1,1,,2,2
11,9,4,10,2003,3,2,1,2,2,1,1,1,1,1,1,1,1,2,8,4,1,1,36,2,2
10,9,1,8,2003,3,3,1,2,1,1,1,1,1,1,1,1,1,2,7,2,1,1,,2,2
1,4,4,12,2003,1,1,1,2,2,1,1,1,1,1,1,2,1,2,7,6,1,1,28,2,2
1,4,4,12,2003,3,1,1,2,2,1,1,2,1,1,1,1,1,1,4,6,1,1,,2,2
1,12,4,12,2003,3,1,1,2,2,2,1,1,2,1,1,1,1,1,14,5,1,1,40,2,2
1,9,4,11,2003,2,1,1,2,1,1,1,1,1,1,1,1,1,2,13,11,1,1,,2,2
2,9,4,10,2003,3,1,1,2,2,1,1,1,1,1,1,2,1,2,16,6,1,2,,2,2
10,9,4,12,2003,4,1,1,2,2,1,4,1,1,1,1,1,1,1,14,4,1,1,,1,2
11,9,4,12,2003,3,7,1,2,2,1,1,1,1,1,1,1,1,2,9,11,1,7,40,2,2
6,4,3,12,2003,4,1,1,2,2,4,4,1,1,1,1,2,1,1,7,6,1,1,28,2,2
7,13,3,12,2003,1,1,1,2,2,1,1,1,1,1,1,4,1,2,17,6,1,1,,2,2
1,11,4,12,2003,4,1,1,2,2,1,1,1,1,1,1,2,1,2,14,6,1,1,,2,2
6,11,4,12,2003,2,1,2,1,2,1,1,1,1,1,1,3,1,2,4,5,1,1,,1,2
6,11,4,12,2003,3,1,1,1,2,1,1,1,1,1,1,2,1,2,14,6,1,1,,2,2
9,16,4,9,2003,2,1,8,2,2,1,1,1,1,1,1,1,1,2,7,6,1,3,25,2,2
9,16,4,11,2003,2,7,8,2,2,1,1,1,1,1,1,1,2,2,9,6,1,1,,1,2
9,16,4,12,2003,2,2,8,2,2,1,1,1,1,1,1,5,1,2,14,6,1,1,,2,2
1,16,4,6,2003,2,1,1,1,1,1,1,1,1,1,1,3,1,1,13,6,1,1,,2,2
10,16,1,3,2003,,1,1,2,1,1,1,1,1,1,1,1,1,2,9,6,1,1,,2,2
10,16,3,4,2003,1,1,1,2,2,1,1,1,1,1,1,1,1,2,14,6,1,1,,2,2
10,16,4,6,2003,1,1,1,2,2,1,1,1,1,1,1,1,1,2,14,10,1,6,,2,2
10,16,3,7,2003,1,1,1,1,1,1,1,1,1,1,1,1,1,1,14,9,1,1,,2,2
10,16,4,7,2003,4,3,1,2,2,1,1,1,1,1,1,1,1,2,9,6,1,1,,2,2
10,16,4,9,2003,3,1,1,2,2,1,1,1,1,1,1,1,1,2,9,6,1,1,,2,2
10,16,4,10,2003,3,1,1,2,2,1,1,1,1,1,1,1,1,2,9,6,1,1,,2,2
10,16,3,11,2003,2,1,1,2,2,1,1,1,1,1,1,1,1,2,9,6,1,1,,2,2
10,16,4,11,2003,4,1,1,2,1,2,1,1,1,1,1,1,1,2,14,6,1,1,,2,2
10,16,1,10,2003,4,1,1,2,2,1,1,1,1,1,1,1,1,1,11,6,1,1,,2,2
10,16,4,12,2003,2,1,1,2,2,1,1,1,1,1,1,1,1,2,8,6,1,1,,2,2
10,16,4,12,2003,1,1,1,2,2,1,1,1,1,1,1,1,1,2,9,1,1,1,,2,2
10,16,4,12,2003,3,1,1,2,2,1,1,1,1,1,1,1,1,2,9,6,1,1,,2,2
11,16,4,4,2003,2,1,1,2,2,1,1,1,1,1,1,1,1,2,14,10,1,1,,2,2
11,16,4,6,2003,1,1,1,2,2,1,3,1,1,1,1,1,1,2,14,5,1,1,40,2,2
11,16,4,7,2003,3,3,3,2,2,1,1,1,1,1,1,1,1,2,15,6,1,1,,2,2
11,16,4,8,2003,4,1,1,2,2,1,1,2,1,1,1,1,1,2,13,6,1,1,,2,2
11,16,3,10,2003,3,7,1,2,1,1,1,1,1,1,1,1,1,2,8,5,1,7,45,2,2
11,16,3,11,2003,1,1,1,2,2,1,2,1,1,1,1,1,1,2,9,6,1,1,,2,2
11,16,4,12,2003,4,2,1,2,1,1,1,1,1,1,1,3,1,2,9,4,1,1,45,2,2
6,16,3,8,2003,2,1,1,2,2,1,1,1,1,1,1,1,1,2,9,6,1,2,28,2,2
2,16,3,8,2003,2,7,8,2,2,1,4,1,5,1,2,3,1,2,14,11,1,1,,2,2
2,33,4,2,2003,4,1,1,2,2,1,2,1,1,1,1,4,1,2,14,6,1,1,,2,2
6,34,4,2,2003,2,3,1,2,2,1,1,1,1,1,1,1,1,2,9,4,1,1,38,2,2
1,34,1,1,2003,2,1,1,2,2,4,1,1,1,1,1,2,1,2,13,4,2,3,,1,2
1,34,4,2,2003,3,1,1,2,2,1,1,1,1,1,1,3,1,2,14,5,1,1,35,2,2