Thana,District,Accident_Severity,Month,Year,Time,Junction_Type,Traffic_Control,Movement,Divider,Weather,Light,Road_Geometry,Surface_Condition,Surface_Type,Surface_Quality,Road_Class,Road_Feature,Location_Type,Vehicle_Type,Vehicle_Movement,Vehicle_Loading,Vehicle_Defect,Vehicle_Driver_Age,Vehicle_Alcohol,Vehicle_Seat_Belt
7,30,4,6,2003,3,4,1,2,2,1,1,1,1,1,1,1,1,2,14,6,1,1,,2,2
6,34,4,6,2003,2,7,1,2,2,1,1,1,1,1,1,1,1,2,10,6,1,1,32,2,2
2,33,4,7,2003,4,1,1,2,2,1,4,1,1,1,1,4,1,2,7,6,1,6,35,2,2
1,33,1,9,2003,2,1,1,2,2,1,1,1,1,1,2,2,1,2,8,11,1,1,40,2,2
1,33,4,9,2003,2,1,1,2,2,1,1,1,1,1,1,4,1,2,13,11,1,7,30,1,2
2,33,4,12,2003,3,7,8,2,2,1,1,1,1,1,1,1,1,2,5,7,2,2,,1,2
3,32,4,11,2003,3,2,1,2,2,1,1,1,1,1,1,1,1,2,9,5,1,1,28,2,2
1,32,4,9,2003,2,1,1,2,2,1,1,1,1,1,1,1,1,2,9,5,1,1,,2,2
1,32,4,11,2003,2,1,1,2,2,1,1,1,1,1,1,1,1,2,9,6,1,1,,1,2
6,34,4,7,2003,3,1,1,2,2,1,1,1,1,1,1,1,1,2,7,5,1,1,51,2,2
1,34,4,9,2003,3,3,1,2,2,1,1,1,1,1,1,5,1,1,9,5,1,6,40,1,2
4,34,4,8,2003,2,1,1,2,2,1,1,1,1,1,1,1,1,2,9,5,1,1,,2,2
10,34,4,10,2003,2,1,1,2,2,1,2,1,1,1,1,1,1,2,14,5,1,1,,2,2
1,33,1,4,2003,4,3,1,2,2,1,2,1,1,1,1,4,1,1,7,9,1,1,,2,2
1,34,4,5,2003,3,1,1,2,2,1,1,1,1,1,1,5,1,1,13,6,1,1,35,2,2
1,40,4,1,2003,3,1,1,2,2,1,1,1,1,1,1,1,1,1,9,6,1,1,,2,2
6,40,4,1,2003,3,1,1,2,2,1,1,1,1,1,1,1,1,2,14,6,1,1,45,2,2
1,38,3,1,2003,4,1,1,2,2,1,2,1,1,1,1,3,1,2,14,6,1,1,35,2,2
7,38,3,1,2003,3,1,1,2,2,1,1,1,1,1,1,3,1,2,12,6,1,1,,2,2
1,38,4,2,2003,3,1,1,2,2,1,1,1,1,1,1,1,1,2,9,6,1,1,,2,2
3,38,4,2,2003,2,1,1,2,2,1,1,1,1,1,1,1,1,2,9,6,1,1,,2,2
1,35,4,1,2003,3,1,1,2,2,1,1,1,1,1,1,2,1,2,14,6,1,1,28,2,2
5,37,4,2,2003,3,1,1,2,2,1,1,1,1,1,1,3,1,2,6,6,1,1,,2,2
3,39,4,1,2003,3,1,1,2,2,1,1,1,1,1,1,1,1,2,9,6,1,1,32,2,2
3,39,4,1,2003,2,1,1,2,2,1,2,1,1,1,1,1,1,2,9,6,1,1,,2,2
1,35,4,2,2003,4,1,1,2,2,1,4,1,1,1,1,2,1,2,14,6,1,1,,2,2
1,40,4,2,2003,2,1,1,2,2,1,1,1,1,1,1,1,1,2,9,6,1,1,,2,2
5,40,4,2,2003,3,1,1,2,2,1,1,1,1,1,1,1,1,2,14,6,1,1,,2,2
6,37,4,3,2003,3,1,1,2,2,1,1,1,1,1,1,3,1,2,14,6,1,1,,2,2
1,38,4,3,2003,3,1,1,2,2,1,4,1,1,1,1,3,1,2,14,6,1,1,,2,2
1,38,4,3,2003,2,1,1,2,2,1,1,1,1,1,1,2,1,2,14,6,1,1,,2,2
1,35,4,3,2003,3,1,1,2,2,1,1,1,1,1,1,1,1,1,14,6,1,1,,2,2
1,35,4,3,2003,4,1,1,2,2,1,2,1,1,1,1,3,1,2,13,6,1,1,,2,2
1,38,4,4,2003,3,1,1,2,2,1,1,1,1,1,1,3,3,2,9,6,1,1,30,2,2
1,35,4,3,2003,3,1,1,2,2,2,1,1,2,1,1,2,1,2,8,6,1,1,,2,2
1,35,4,4,2003,4,1,1,2,2,1,4,1,1,1,1,1,1,2,14,6,1,1,,2,2
1,36,4,4,2003,2,1,1,2,2,1,1,1,1,1,1,3,1,2,14,6,1,1,,2,2
3,36,4,4,2003,2,1,1,2,2,1,1,1,1,1,1,1,1,2,9,6,1,1,,2,2
1,40,4,4,2003,3,1,1,2,2,1,2,1,1,1,1,3,1,2,12,6,1,1,,2,2
1,40,3,4,2003,3,1,1,2,2,1,1,1,1,1,1,1,1,1,9,6,1,1,20,2,2
6,40,4,4,2003,1,1,1,2,2,1,4,1,1,1,1,1,1,2,14,6,1,1,,2,2
7,40,4,4,2003,2,1,1,2,2,1,1,1,1,1,1,3,1,2,2,6,1,1,,2,2
3,40,4,5,2003,3,1,1,2,2,1,1,1,1,1,1,1,1,2,9,6,1,1,35,2,2
6,40,4,5,2003,2,1,1,2,2,1,1,1,1,1,1,1,1,2,12,6,1,1,,2,2
1,38,3,6,2003,3,1,1,2,2,1,1,1,1,1,1,1,1,2,14,6,1,1,,2,2
7,36,4,6,2003,4,1,1,2,2,1,4,1,1,1,3,1,1,2,9,6,1,1,45,2,2
1,35,3,5,2003,3,1,1,2,2,1,1,1,1,1,1,2,1,2,14,6,1,1,30,2,2
1,35,4,6,2003,2,1,1,2,2,1,1,1,1,1,1,2,1,2,9,6,1,1,,2,2
1,40,4,6,2003,2,1,1,2,2,1,1,1,1,1,1,1,1,2,9,6,1,1,,2,2
3,40,3,6,2003,3,1,1,2,2,1,2,1,1,1,1,1,1,2,13,6,1,1,,2,2
3,39,4,5,2003,4,1,1,2,2,1,2,1,1,1,1,1,1,2,9,6,1,1,,2,2
2,38,3,7,2003,3,1,1,2,2,1,1,1,1,1,1,3,1,2,14,6,1,1,,2,2
1,35,4,7,2003,2,1,1,2,2,1,1,1,1,1,1,2,1,2,8,6,1,1,45,2,2
5,35,3,8,2003,3,1,1,2,2,1,1,1,1,1,1,3,1,2,8,6,1,1,,2,2
1,40,2,7,2003,2,1,1,2,2,1,2,1,1,1,1,1,1,2,14,6,1,1,,2,2
6,40,4,9,2003,4,1,1,2,2,1,4,1,1,1,1,1,1,2,14,6,1,1,,2,2
6,40,3,10,2003,2,1,1,2,2,1,2,1,1,1,1,1,1,2,14,10,1,1,,2,2
6,40,3,10,2003,3,1,1,2,2,1,1,1,1,1,1,1,1,2,9,6,1,1,,2,2
6,40,3,11,2003,3,1,1,2,2,1,1,1,1,1,1,1,1,2,14,6,1,1,,2,2
8,38,4,10,2003,3,1,1,2,2,1,1,1,1,1,1,3,1,2,9,6,1,1,,2,2
2,38,4,11,2003,3,1,1,2,2,1,2,1,1,1,1,3,1,2,13,6,1,1,,2,2
3,38,2,11,2003,3,1,1,2,2,1,1,1,1,1,1,1,1,2,12,6,1,1,,2,2
1,39,4,8,2003,1,1,1,2,2,1,4,1,1,1,1,3,1,2,14,6,1,1,,2,2
3,39,4,11,2003,3,1,1,2,2,1,1,1,1,1,1,1,1,2,9,6,1,1,,2,2
4,37,4,10,2003,2,1,1,2,2,1,1,1,1,1,1,3,1,2,9,6,1,1,,2,2
1,39,1,12,2003,3,1,1,2,2,1,1,1,1,1,1,1,1,2,10,6,1,1,,2,2
3,40,3,12,2003,3,1,1,2,2,1,1,1,1,1,1,1,1,2,8,6,1,1,,2,2
1,36,4,10,2003,2,1,1,2,2,1,1,1,1,1,1,1,1,2,14,6,1,1,38,2,2
1,36,4,10,2003,3,1,1,2,2,1,1,1,1,1,1,3,1,2,9,6,1,1,,2,2
4,36,4,11,2003,2,1,1,2,2,1,1,1,1,1,1,3,1,2,4,6,1,1,,2,2
1,35,4,12,2003,2,1,1,2,2,1,1,1,1,1,1,3,1,2,9,6,1,1,,2,2
5,28,4,6,2003,3,2,4,1,1,1,1,1,1,1,1,5,1,1,9,4,1,1,38,1,2
5,28,3,9,2003,2,1,2,2,2,1,1,1,1,1,1,5,1,1,9,6,1,1,,2,2
1,28,3,1,2003,3,2,4,2,2,1,1,1,1,1,1,1,1,1,14,6,1,1,33,2,2
2,28,2,9,2003,2,1,2,2,2,1,1,1,1,1,1,5,1,1,10,6,1,1,,1,2
2,28,1,7,2003,3,1,2,1,1,1,1,1,1,1,1,5,1,1,9,6,1,1,,2,2
2,28,4,6,2003,2,1,8,1,2,1,1,1,1,1,1,2,1,1,14,11,1,1,,2,2
4,28,4,11,2003,3,1,1,2,2,1,1,1,1,1,1,1,1,2,9,11,1,7,35,1,2
1,54,1,1,2003,3,2,1,2,2,1,1,1,1,1,1,5,1,1,4,2,2,,,2,2
13,54,4,1,2003,2,1,1,2,2,1,1,1,1,1,3,1,1,1,9,5,,,35,,
11,54,4,2,2003,3,3,1,2,2,1,1,1,1,1,1,3,1,2,7,6,1,1,,1,2
1,54,4,2,2003,3,1,1,2,1,1,1,1,1,1,1,1,1,1,5,6,,,,,
13,54,4,2,2003,3,7,1,1,2,4,1,1,1,1,1,4,1,2,15,5,2,,,1,2
5,55,3,1,2003,3,7,1,1,2,1,1,1,1,1,1,2,1,2,9,6,1,7,35,1,2
1,55,1,2,2003,2,1,1,1,2,1,1,1,1,1,1,3,1,2,7,11,1,1,30,2,2
2,55,3,2,2003,3,1,1,1,2,1,1,1,1,1,1,3,1,2,7,6,1,1,25,2,2
7,56,4,2,2003,4,7,1,1,2,4,2,2,1,1,1,1,1,2,9,5,1,1,,2,2
1,56,1,2,2003,2,7,8,2,2,1,1,1,1,1,1,3,1,2,10,6,1,7,32,2,2
8,56,4,2,2003,4,1,1,2,2,1,4,1,1,1,1,3,1,2,14,6,,,,2,2
9,56,3,2,2003,3,5,1,2,2,1,1,2,1,1,1,2,1,2,10,1,,1,,1,2
1,54,3,1,2003,4,1,4,2,2,1,4,1,1,1,1,5,1,1,14,4,1,1,,1,2
1,54,4,3,2003,1,7,1,2,2,1,2,1,1,1,1,1,1,2,14,5,1,1,,1,2
13,54,3,3,2003,3,,,2,2,,1,,,,,1,,,7,6,,,,,
5,56,4,3,2003,4,7,8,2,2,1,4,2,1,1,1,4,1,2,5,6,,,,,
1,55,1,3,2003,3,1,1,2,2,1,1,1,1,1,1,5,1,1,5,6,,,30,2,2
1,55,3,4,2003,2,1,1,2,1,4,1,1,1,1,1,3,1,2,14,6,,,25,2,2
2,55,4,4,2003,3,1,1,1,1,1,1,1,1,1,1,3,1,2,7,6,1,1,,2,2
3,55,4,4,2003,1,1,2,2,2,1,2,1,1,1,1,4,1,2,14,3,1,1,,1,2
5,56,3,4,2003,4,7,1,2,2,1,2,1,1,1,1,4,1,2,17,6,,,,2,2
3,56,3,4,2003,2,7,1,2,2,1,1,2,1,1,1,1,1,2,14,2,1,1,,2,2
1,56,3,5,2003,1,1,1,2,2,1,2,2,1,1,1,5,1,1,9,6,,,,,
1,55,4,5,2003,2,1,1,2,2,2,1,1,2,1,1,1,1,2,12,6,1,1,,2,2
1,54,3,5,2003,3,1,8,2,2,1,1,1,1,1,1,4,1,1,6,6,,,,,
1,54,4,5,2003,4,7,1,2,2,1,4,1,1,1,1,3,1,2,13,6,1,7,,,
1,54,3,6,2003,3,1,1,1,1,1,1,1,1,1,1,4,1,2,5,6,1,,,,
1,54,3,6,2003,3,7,4,2,2,1,3,1,1,1,1,5,1,1,7,6,1,,18,2,2
1,54,4,6,2003,3,4,8,1,1,1,2,1,1,1,1,1,1,2,6,6,1,1,35,1,2
7,53,4,7,2003,2,1,1,2,2,1,1,1,1,1,1,3,2,2,5,6,1,1,,,
1,55,3,7,2003,4,1,8,2,2,1,4,2,1,1,2,1,1,2,19,6,,,40,,
5,55,4,7,2003,4,1,1,2,2,1,4,1,1,1,1,3,1,2,14,6,1,1,32,2,2
1,54,1,7,2003,3,7,8,2,2,1,1,1,1,1,1,5,1,1,10,4,,,28,2,2
8,54,3,7,2003,3,,,2,2,1,1,4,1,1,1,4,1,2,8,4,1,1,20,,
5,56,4,8,2003,4,1,1,2,2,1,2,1,1,1,1,3,1,2,9,6,,,36,,
3,54,4,8,2003,2,1,1,2,2,1,1,1,1,1,1,4,1,2,4,6,1,1,28,2,2
7,53,4,8,2003,3,7,1,2,2,1,1,1,1,2,3,4,3,2,8,6,1,1,,,
1,55,1,10,2003,2,1,1,2,2,1,1,1,1,1,3,1,1,2,9,5,1,1,35,2,2
5,56,3,10,2003,2,1,1,2,2,1,1,1,1,1,2,1,1,2,14,6,,1,40,2,2
1,54,4,11,2003,2,1,4,2,2,1,1,1,1,1,1,1,1,1,13,6,,,,,
7,54,4,11,2003,3,1,8,2,,1,1,1,1,1,1,3,1,2,9,6,,,30,,
11,54,4,11,2003,3,1,1,2,2,1,1,1,1,1,1,3,1,2,8,6,,,25,,
3,55,3,12,2003,4,1,1,2,2,1,2,1,1,1,1,3,1,1,14,6,1,1,,,
1,54,3,12,2003,4,1,1,2,2,1,3,1,1,1,1,5,1,1,14,6,,,,,
1,54,3,12,2003,2,7,1,2,2,1,1,1,1,1,1,3,1,1,13,1,,1,,2,2
1,61,4,1,2003,3,7,1,2,2,1,1,1,1,1,1,1,1,1,17,6,2,1,,1,2
1,61,2,1,2003,2,7,1,2,2,1,2,1,1,1,1,1,1,2,14,6,1,1,30,2,2
1,65,4,1,2003,2,3,1,2,2,1,1,1,1,1,1,1,1,2,14,6,1,1,,,
7,63,4,1,2003,2,1,1,2,2,4,4,1,2,1,1,1,1,2,9,5,1,1,,2,2
8,63,4,1,2003,2,7,1,2,2,1,1,2,1,1,1,1,1,2,14,5,1,,,2,2
3,61,2,2,2003,3,1,1,2,2,1,1,1,1,1,1,1,1,2,9,6,1,1,35,2,2
8,57,4,1,2003,4,1,1,2,2,1,4,1,1,1,1,1,1,2,14,6,,,,,
2,60,1,1,2003,2,,2,2,2,1,1,1,1,1,1,5,1,2,9,6,1,1,40,2,2
6,60,4,1,2003,2,7,1,2,2,1,1,1,1,1,1,2,1,2,9,6,1,1,25,2,2
4,59,4,2,2003,2,1,2,1,,1,1,1,1,1,1,1,1,2,9,,1,1,30,2,2
7,67,3,3,2003,3,1,1,1,2,1,1,1,1,1,1,1,1,2,7,10,1,1,27,1,
1,61,3,3,2003,2,1,1,2,,1,1,1,1,1,1,1,1,1,14,6,1,1,,2,2
6,61,3,3,2003,1,7,1,2,2,1,4,1,1,1,1,3,1,2,6,11,1,,25,2,2
7,58,4,1,2003,4,1,1,2,2,1,2,1,1,1,1,1,1,2,8,6,1,1,35,2,2
1,58,4,1,2003,4,1,2,2,2,4,2,1,1,1,1,1,1,2,14,6,1,1,25,2,2
1,58,4,1,2003,3,1,1,2,2,1,1,1,1,1,1,2,1,2,4,5,1,1,25,2,2
1,65,3,3,2003,3,2,1,2,2,1,1,4,1,1,1,2,1,1,7,1,1,1,28,2,2
5,58,2,2,2003,3,7,7,2,,1,2,1,1,1,1,1,1,2,14,,,,,,
5,58,4,2,2003,1,7,1,2,2,1,2,1,1,1,1,1,1,2,14,6,1,1,,2,2
8,58,3,3,2003,3,1,1,2,2,1,1,1,1,2,3,1,4,2,17,5,1,,30,1,2
5,58,4,3,2003,4,7,1,2,,1,2,1,1,1,,1,1,2,9,6,1,1,,,
4,63,4,4,2003,4,4,4,2,2,1,3,1,1,1,1,2,1,1,14,9,2,6,25,2,2
8,66,4,4,2003,2,1,2,2,2,1,1,1,1,1,1,2,1,1,17,6,1,1,,2,2
1,65,4,4,2003,1,,1,2,,2,3,2,2,1,2,1,1,2,14,1,1,7,28,2,2
4,63,2,5,2003,3,1,2,2,,1,1,2,1,1,1,1,1,2,9,,,,,,
4,63,4,5,2003,3,1,2,2,2,1,1,1,1,1,1,1,1,2,14,,,,,,
5,63,3,5,2003,3,4,1,2,2,1,1,1,1,1,1,1,1,2,7,5,1,,,1,2
6,63,4,5,2003,2,1,1,2,2,1,1,1,1,1,1,2,1,2,8,,,,,,
1,58,4,5,2003,1,3,2,2,2,1,2,1,1,1,1,1,1,2,14,6,1,1,25,2,2
1,60,4,5,2003,3,3,4,2,2,1,1,1,1,1,1,2,1,1,14,9,2,3,27,1,2
2,65,4,5,2003,4,1,1,2,2,1,2,1,1,1,1,1,1,2,7,5,1,,,1,2
4,62,4,5,2003,4,7,8,2,2,1,2,1,1,3,3,4,1,2,14,6,1,2,,2,2
1,62,3,5,2003,2,1,1,1,2,1,1,1,1,1,1,1,1,1,9,5,1,,,,
5,58,4,6,2003,3,7,1,2,2,1,2,1,1,1,1,1,1,2,14,6,1,1,,1,2
7,58,2,6,2003,1,1,1,2,2,1,4,1,1,1,1,1,1,2,14,5,1,1,36,1,2
6,60,3,6,2003,3,7,1,2,2,1,1,2,1,1,1,2,1,1,14,5,1,1,40,2,2
1,61,4,7,2003,1,7,1,2,2,2,2,1,2,1,1,3,1,2,6,2,1,,,2,2
1,57,4,7,2003,4,1,1,1,2,1,4,1,1,1,1,1,1,2,7,6,1,1,,2,2
1,57,4,7,2003,1,1,1,2,2,1,4,1,1,1,1,1,1,2,6,6,1,1,,2,2
1,65,3,7,2003,1,7,8,2,,1,4,2,1,1,1,1,1,2,7,6,1,1,,1,2
2,58,4,7,2003,2,7,1,2,,1,1,1,2,1,1,1,1,2,7,,,,,,
5,63,3,7,2003,4,3,1,2,2,1,2,1,1,1,1,1,1,2,4,6,2,,25,1,2
5,60,3,7,2003,3,7,1,2,2,1,1,1,1,1,1,1,1,1,14,,,,,,
1,61,1,8,2003,2,1,1,2,2,1,1,1,1,1,1,1,1,1,14,6,1,1,30,2,2
9,63,2,8,2003,2,3,1,2,2,1,1,1,2,1,1,1,1,1,14,,,,28,,
1,58,4,8,2003,1,7,8,1,2,1,2,1,1,1,1,2,1,,9,11,,1,,2,2
6,58,2,8,2003,3,7,1,2,2,1,1,1,1,1,1,1,1,2,10,6,1,1,,1,2
7,59,3,8,2003,2,4,1,2,2,1,1,2,1,1,1,1,1,2,9,1,1,,,1,2
2,62,3,9,2003,4,1,1,2,2,1,2,1,1,1,1,4,1,2,17,6,,,,,
1,61,4,9,2003,4,1,1,2,2,1,4,2,1,1,1,1,1,2,4,6,2,,26,,2
2,61,4,9,2003,1,1,1,,1,1,1,1,1,1,1,1,1,1,14,6,1,1,30,2,2
3,58,4,9,2003,3,1,1,2,2,1,2,1,1,1,1,1,1,2,9,6,1,1,,2,2
7,58,4,9,2003,3,3,1,2,2,1,1,1,1,1,1,1,1,2,9,6,1,1,,2,2
7,58,4,9,2003,3,3,1,2,2,1,,,1,1,1,1,1,2,14,,1,,,,
4,66,4,9,2003,2,7,1,2,2,1,1,2,1,1,1,2,1,2,11,6,2,,,1,2
5,66,4,10,2003,2,7,1,2,2,1,2,1,1,1,1,1,1,1,12,8,1,7,26,2,2
8,58,4,10,2003,3,7,1,2,2,1,1,2,1,1,1,,1,2,9,5,1,,36,1,2
10,63,3,10,2003,2,1,8,2,2,1,1,1,1,1,1,1,1,2,9,,1,,,,
14,63,1,10,2003,3,1,8,2,,1,1,2,1,1,1,1,1,2,14,5,,,,,
1,59,4,11,2003,2,3,1,2,2,1,1,1,1,1,1,1,1,2,9,6,1,,,2,2
4,59,4,11,2003,3,3,1,2,2,1,1,1,1,1,1,2,1,2,11,6,1,,,2,2
1,58,3,11,2003,4,3,2,2,2,1,2,1,1,1,1,1,1,1,9,6,,,,,
10,58,4,11,2003,2,7,1,1,2,1,1,1,1,1,1,2,1,1,16,11,1,,28,2,2
8,63,4,11,2003,3,1,1,2,2,1,1,1,1,1,1,1,1,2,14,1,,,,,
6,63,4,11,2003,3,7,1,1,2,1,1,1,1,1,1,1,1,2,19,6,1,7,,1,2
10,63,4,11,2003,4,7,8,2,2,1,1,2,5,1,1,2,1,2,19,,,,,,
9,63,1,11,2003,3,7,1,2,2,1,1,1,1,1,1,1,1,2,7,6,1,1,30,1,2
4,64,3,3,2003,3,2,4,2,2,1,1,1,1,1,1,5,1,1,2,4,1,1,,2,2
4,64,3,3,2003,3,2,6,2,2,1,1,1,1,1,1,5,1,1,12,6,1,1,,2,2
2,64,4,2,2003,4,1,8,2,2,1,3,1,1,1,1,5,1,1,1,2,1,1,,2,2
2,64,3,2,2003,3,1,1,2,2,1,1,1,1,1,1,5,1,1,5,6,1,1,25,2,2
6,64,1,3,2003,2,3,1,2,2,1,1,3,1,1,1,5,1,1,11,6,1,1,40,2,2
2,64,4,9,2003,3,2,4,2,2,1,1,1,1,1,1,5,1,1,9,6,1,1,,2,2
3,64,3,5,2003,3,1,1,2,2,1,1,1,1,1,1,5,1,1,10,6,1,1,,2,2
3,64,4,5,2003,4,1,3,2,2,1,1,1,1,1,1,5,1,1,8,6,1,1,,2,2
4,64,4,8,2003,3,1,1,2,2,1,1,1,1,1,1,5,1,1,14,6,1,1,45,2,2
5,64,4,7,2003,2,3,4,2,1,1,1,1,1,1,1,5,1,1,14,6,1,1,,2,2
5,64,4,9,2003,3,1,1,2,2,1,1,1,1,1,1,5,1,1,14,6,1,1,,2,2
7,64,4,6,2003,4,1,1,2,2,1,3,1,1,1,1,5,1,1,14,6,1,3,25,2,2
8,64,4,4,2003,4,1,1,2,2,1,3,1,1,1,1,5,1,1,7,6,1,1,,2,2
8,64,3,8,2003,2,1,1,2,2,1,1,1,1,1,1,5,1,1,9,6,1,1,30,2,2
10,64,4,6,2003,2,1,1,2,2,2,1,1,2,1,1,5,1,1,5,6,1,1,35,2,2
2,64,3,10,2003,3,1,1,2,1,1,1,1,1,1,1,5,1,1,7,5,1,1,22,2,2
12,64,3,10,2003,2,3,1,2,2,1,1,1,1,1,1,1,1,2,11,5,1,1,,2,2
12,64,4,10,2003,4,2,4,2,2,1,4,2,1,1,1,3,1,2,5,6,1,1,,2,2
1,64,4,8,2003,3,1,1,2,2,1,1,1,1,1,1,5,1,1,14,6,1,1,32,1,2
5,64,2,10,2003,3,1,1,2,2,1,1,1,1,1,3,5,1,1,9,6,1,1,35,2,2
2,64,4,11,2003,2,1,1,2,2,1,1,5,1,1,1,5,1,1,,,,,,,
4,64,4,11,2003,2,1,1,2,2,1,1,1,1,1,1,5,1,1,8,6,1,1,33,2,2
1,64,4,11,2003,2,2,6,2,2,1,1,4,1,1,1,5,1,1,9,6,1,1,,2,2
3,64,3,11,2003,4,1,1,2,2,1,4,1,1,1,1,5,4,1,8,5,1,1,34,2,2
5,64,1,12,2003,4,1,5,2,2,1,3,1,1,1,2,5,1,1,19,6,1,1,,2,2
5,46,4,2,2003,4,1,1,2,2,1,4,1,1,1,1,1,1,2,12,6,1,1,,2,2
6,46,4,2,2003,2,1,1,2,2,1,1,1,1,1,1,1,1,1,9,6,1,1,,2,2
1,50,4,2,2003,3,1,1,2,2,1,1,1,1,1,1,1,1,1,9,6,1,1,,2,2
1,47,3,1,2003,2,1,1,2,2,1,1,1,1,1,1,1,1,2,14,6,1,1,32,2,2
2,47,4,1,2003,3,1,1,2,2,1,1,1,1,1,1,1,1,2,9,6,1,1,,2,2
5,47,3,1,2003,3,1,1,2,2,1,1,1,1,1,1,1,1,1,9,6,1,1,,2,2
8,47,4,1,2003,3,1,1,2,2,1,1,1,1,1,1,1,2,2,9,6,1,1,,2,2
9,47,4,1,2003,2,1,1,2,2,4,1,2,2,1,1,1,1,2,14,6,1,1,,2,2
9,47,2,1,2003,4,1,1,2,2,1,4,1,1,1,1,1,1,2,9,6,1,1,,2,2
2,43,1,2,2003,4,1,1,2,2,1,2,1,1,1,1,1,1,2,7,6,1,1,45,2,2
2,43,4,2,2003,3,1,1,2,2,1,1,1,1,1,1,1,1,2,9,6,1,1,,2,2
2,43,4,2,2003,3,1,1,2,2,1,1,1,1,1,1,1,1,2,9,6,1,1,,2,2
3,43,4,1,2003,3,1,1,2,2,1,1,1,1,1,1,1,1,2,9,6,1,1,,2,2
1,49,4,1,2003,2,1,1,2,2,1,1,1,1,1,1,2,1,1,8,6,1,1,,2,2
1,49,1,2,2003,3,1,1,2,2,1,1,1,1,1,1,1,1,2,6,6,1,1,,2,2
3,49,4,2,2003,3,1,1,2,2,1,1,1,1,1,1,3,1,2,12,6,1,1,,2,2
1,48,4,1,2003,3,1,1,2,2,1,1,1,1,1,1,1,1,2,6,6,1,1,,2,2
6,45,4,1,2003,2,1,1,2,2,4,2,1,1,1,1,3,1,2,9,6,1,1,45,2,2
3,45,4,2,2003,2,1,1,2,2,1,1,1,1,1,1,3,1,2,14,6,1,1,,2,2
4,51,4,1,2003,3,1,1,2,2,1,1,1,1,1,1,3,1,2,14,6,1,1,,2,2
8,51,3,1,2003,2,1,1,2,2,1,1,1,1,1,1,2,1,2,14,6,1,1,,2,2
8,51,4,1,2003,4,1,1,2,2,4,4,1,1,1,2,2,1,2,8,6,1,1,45,2,2
1,41,3,2,2003,3,1,1,2,2,1,1,1,1,1,1,1,1,2,8,6,1,1,,2,2
3,41,4,2,2003,2,1,1,2,2,1,1,1,1,1,1,1,1,2,13,6,1,1,,2,2
5,41,4,2,2003,3,1,1,2,2,1,1,1,1,1,1,1,1,2,9,6,1,1,,2,2
5,41,3,2,2003,3,1,1,2,2,1,1,1,1,1,1,1,1,2,9,6,1,1,,2,2
5,41,4,3,2003,4,1,1,2,2,2,4,1,2,1,1,2,1,2,8,6,1,1,,2,2
1,44,3,2,2003,2,1,1,2,2,1,1,1,1,1,1,2,1,1,13,6,1,1,20,2,2
6,44,3,2,2003,3,1,1,2,2,1,1,1,1,1,1,1,1,2,14,6,1,1,,2,2
6,50,1,3,2003,2,1,1,2,2,1,1,1,1,1,1,3,1,2,12,6,1,1,,2,2
13,50,4,3,2003,2,1,1,2,2,1,1,1,1,1,1,1,1,2,9,6,1,1,,2,2
1,43,4,3,2003,2,1,1,2,2,1,2,1,1,1,1,3,1,2,14,6,1,1,,2,2
2,43,4,3,2003,3,1,1,2,2,1,1,1,1,1,1,1,1,2,9,6,1,1,,2,2
1,51,3,3,2003,2,1,1,2,2,1,1,1,1,1,1,3,1,2,12,6,1,1,35,2,2
6,45,4,3,2003,3,1,1,2,2,1,1,1,1,1,1,3,1,2,8,6,1,1,,2,2
9,47,3,2,2003,4,1,1,2,2,1,2,1,1,1,1,1,2,2,9,6,1,1,,2,2
5,47,4,3,2003,2,1,1,2,2,1,1,1,1,1,1,1,1,2,9,6,1,1,,2,2
6,47,4,3,2003,3,1,1,2,2,1,1,1,1,1,1,3,1,2,14,6,1,1,,2,2
1,50,4,4,2003,2,1,1,2,2,1,1,1,1,1,1,1,1,2,12,6,1,1,,2,2
1,50,4,4,2003,3,1,1,2,2,1,1,1,1,1,1,1,1,2,4,6,1,1,,2,2
10,50,3,4,2003,3,1,1,2,2,1,1,1,1,1,1,2,1,2,9,6,1,1,,2,2
1,44,4,3,2003,2,1,1,2,2,1,2,1,1,1,1,3,1,2,10,6,1,1,,2,2
7,44,3,4,2003,2,1,1,2,2,1,1,1,1,1,1,1,1,1,9,6,1,1,,2,2
2,43,1,4,2003,1,1,1,2,2,1,4,1,1,1,1,1,1,2,14,6,1,1,,2,2
5,43,4,4,2003,2,1,1,2,2,1,1,1,1,1,1,1,1,2,8,6,1,1,,2,2
1,52,4,4,2003,3,1,1,2,2,1,1,1,1,1,1,3,1,2,7,6,1,1,,2,2
4,45,3,3,2003,4,1,1,2,2,1,4,1,1,1,1,3,1,2,14,6,1,1,,2,2
1,45,3,5,2003,3,1,1,2,2,1,1,1,1,1,1,1,1,1,13,6,1,1,25,2,2
6,45,4,5,2003,4,1,1,2,2,1,4,1,1,1,1,1,1,2,14,6,1,1,,2,2
6,52,3,5,2003,3,1,1,2,2,1,1,1,1,1,1,3,1,2,12,6,1,1,,2,2
2,47,3,5,2003,3,1,1,2,2,1,1,1,1,1,1,3,1,2,7,6,1,1,,2,2
1,49,3,6,2003,2,1,1,2,2,1,1,1,1,1,1,2,1,2,8,6,1,1,30,2,2
2,49,3,5,2003,3,1,1,2,2,1,1,1,1,1,1,3,1,2,12,6,1,1,,2,2