Thana,District,Accident_Severity,Month,Year,Time,Junction_Type,Traffic_Control,Movement,Divider,Weather,Light,Road_Geometry,Surface_Condition,Surface_Type,Surface_Quality,Road_Class,Road_Feature,Location_Type,Vehicle_Type,Vehicle_Movement,Vehicle_Loading,Vehicle_Defect,Vehicle_Driver_Age,Vehicle_Alcohol,Vehicle_Seat_Belt
3,49,3,4,2003,3,1,1,2,2,1,1,1,1,1,1,2,1,2,9,6,1,1,,2,2
3,49,1,6,2003,2,1,1,2,2,1,1,1,1,1,1,3,1,2,9,6,1,1,39,2,2
4,49,4,6,2003,2,1,1,2,2,1,1,1,1,1,1,3,1,2,9,6,1,1,,2,2
3,45,4,6,2003,4,1,1,2,2,1,3,1,1,1,1,1,1,2,14,6,1,1,,2,2
1,50,4,5,2003,3,1,1,2,2,1,1,1,1,1,1,2,1,2,9,6,1,1,,2,2
2,41,3,4,2003,4,1,1,2,2,1,2,1,1,1,1,3,1,2,6,6,1,1,,2,2
1,44,3,5,2003,2,1,1,2,2,1,1,1,1,1,1,1,1,2,10,6,1,4,,2,2
2,44,3,5,2003,3,1,1,2,2,1,1,1,1,1,1,3,1,2,14,6,1,1,,2,2
7,44,3,5,2003,2,1,1,2,2,1,1,1,1,1,1,1,1,2,9,6,1,1,,2,2
7,44,4,3,2003,3,1,1,2,2,1,1,1,1,1,1,3,1,2,14,6,1,1,,2,2
2,41,3,5,2003,2,1,1,2,2,1,1,1,1,1,1,3,1,2,14,6,1,1,,2,2
2,41,3,6,2003,2,1,1,2,2,1,2,1,1,1,1,3,1,2,14,6,1,1,,2,2
4,51,3,4,2003,3,1,1,2,2,1,1,1,1,1,1,1,1,2,9,6,1,1,35,2,2
12,51,4,5,2003,2,1,1,2,2,1,1,1,1,1,1,3,1,2,14,6,1,1,,2,2
1,50,4,6,2003,3,1,1,2,2,1,1,1,1,1,1,1,1,1,10,6,1,1,40,2,2
5,47,4,6,2003,3,1,1,2,2,1,1,1,1,1,1,1,1,2,8,6,1,1,,2,2
7,44,4,6,2003,3,1,1,2,2,1,1,1,1,1,1,1,1,2,8,6,1,1,,2,2
10,52,3,7,2003,3,1,1,2,2,1,1,1,1,1,1,1,1,2,9,6,1,1,,2,2
4,43,3,7,2003,4,1,1,2,2,1,2,1,1,1,1,1,1,2,10,6,1,1,,2,2
5,43,4,7,2003,3,1,1,2,2,1,1,1,1,1,1,1,1,2,9,6,1,1,,2,2
5,45,3,7,2003,4,1,1,2,2,1,2,1,1,1,1,1,1,2,8,6,1,1,,2,2
1,50,3,7,2003,4,1,1,2,2,1,3,1,1,1,1,1,1,1,9,6,1,1,,2,2
1,50,4,7,2003,2,1,1,2,2,1,1,1,1,1,1,1,1,1,14,6,1,1,,2,2
2,50,4,7,2003,3,1,1,2,2,1,1,1,1,1,1,1,1,1,9,6,1,1,33,2,2
8,50,3,7,2003,3,1,1,2,2,1,1,1,1,1,1,2,1,2,8,6,1,1,,2,2
13,50,4,7,2003,2,1,1,2,2,1,1,1,1,1,1,2,1,2,9,6,1,1,,2,2
5,47,4,7,2003,4,1,1,2,2,1,2,1,1,1,1,1,1,2,19,6,1,1,,2,2
9,47,3,7,2003,2,1,1,2,2,1,1,1,1,1,1,1,1,2,14,4,1,1,38,2,2
4,44,4,7,2003,3,1,1,2,2,1,1,1,1,1,1,2,1,2,14,6,1,1,,2,2
6,44,4,7,2003,2,1,1,2,2,1,1,1,1,1,1,2,1,2,9,6,1,1,,2,2
2,43,3,9,2003,3,1,1,2,2,1,1,1,1,1,1,1,1,2,8,6,1,1,,2,2
2,43,2,9,2003,1,1,1,2,2,1,2,1,1,1,1,1,1,2,15,6,1,1,,2,2
2,43,2,9,2003,2,1,1,2,2,1,1,1,1,1,1,1,1,2,13,6,1,1,,2,2
1,47,4,9,2003,2,1,1,2,2,1,1,1,1,1,1,1,1,2,9,6,1,1,,2,2
1,47,3,9,2003,2,1,1,2,2,1,1,1,1,1,1,1,1,1,8,6,1,1,,2,2
4,47,4,9,2003,4,1,1,2,2,2,4,1,2,1,1,1,1,2,14,6,1,1,,2,2
5,47,3,8,2003,4,1,1,2,2,2,4,1,2,1,2,3,1,2,14,6,1,1,,2,2
1,45,4,8,2003,2,1,1,2,2,1,1,1,1,1,1,1,1,2,13,6,1,1,,2,2
2,45,3,8,2003,3,1,1,2,2,1,1,1,1,1,1,1,1,2,14,6,1,1,,2,2
1,48,4,8,2003,2,1,1,2,2,1,1,1,1,1,1,3,1,2,8,6,1,1,,2,2
1,50,4,8,2003,3,1,1,2,2,1,2,1,1,1,1,1,1,2,12,6,1,1,,2,2
2,50,4,8,2003,2,1,1,2,2,1,1,1,1,1,1,1,1,2,9,6,1,1,,2,2
10,50,3,8,2003,1,1,1,2,2,1,4,1,1,1,1,1,1,2,14,6,1,1,,2,2
7,50,3,9,2003,3,1,1,2,2,1,1,1,1,1,1,2,1,2,9,6,1,1,,2,2
13,50,3,9,2003,3,1,1,2,2,1,1,1,1,1,1,3,1,2,9,6,1,1,,2,2
1,50,3,10,2003,3,1,1,2,2,1,1,1,1,1,1,1,1,1,14,6,1,1,40,2,2
5,50,4,10,2003,3,1,1,2,2,1,1,1,1,1,1,3,1,2,8,6,1,1,,2,2
1,45,4,9,2003,3,1,1,2,2,1,1,1,1,1,1,3,1,2,14,6,1,1,,2,2
9,47,2,10,2003,3,1,1,2,2,1,1,1,1,1,1,1,1,2,9,6,1,1,,2,2
1,43,3,10,2003,3,1,1,2,2,1,1,1,1,1,1,3,1,2,10,6,1,1,,2,2
2,43,4,10,2003,1,1,1,2,2,1,2,1,1,1,1,1,1,2,10,6,1,1,,2,2
2,43,4,10,2003,1,1,1,2,2,1,4,1,1,1,1,1,1,2,13,10,1,1,,2,2
2,43,4,10,2003,1,1,1,2,2,1,4,1,1,1,1,1,1,2,14,6,1,1,,2,2
2,43,4,10,2003,3,1,1,2,2,1,1,1,1,1,1,1,1,2,15,6,1,1,,2,2
1,45,4,11,2003,3,1,1,2,2,1,1,1,1,1,1,3,1,2,9,6,1,1,,2,2
4,45,4,11,2003,2,1,1,2,2,1,1,1,1,1,1,3,1,2,9,6,1,1,,2,2
6,45,4,11,2003,3,1,1,2,2,1,2,1,1,1,1,3,1,2,14,6,1,1,,2,2
6,45,4,11,2003,4,1,1,2,2,1,2,1,1,1,1,1,1,2,9,6,1,1,,2,2
9,47,4,11,2003,3,1,1,2,2,1,1,1,1,1,1,1,1,2,9,6,1,1,,2,2
9,47,3,11,2003,2,1,1,2,2,1,1,1,1,1,1,1,1,2,9,6,1,1,,2,2
1,51,4,10,2003,2,1,1,2,2,1,1,1,1,1,1,2,1,2,14,6,1,1,,2,2
1,51,3,10,2003,1,1,1,2,2,1,3,1,1,1,1,2,1,2,7,6,1,1,,2,2
4,51,4,11,2003,1,1,1,2,2,1,2,1,1,1,1,1,1,2,9,6,1,1,,2,2
7,51,3,10,2003,3,1,1,2,2,2,1,1,2,1,1,3,1,2,6,6,1,1,,2,2
7,51,4,11,2003,2,1,1,2,2,1,1,1,1,1,1,3,1,2,9,6,1,1,,2,2
1,52,3,10,2003,2,1,1,2,2,1,1,1,1,1,1,2,1,2,14,6,1,1,26,2,2
1,52,4,10,2003,3,1,1,2,2,1,1,1,1,1,1,3,1,2,6,6,1,1,,2,2
4,44,4,8,2003,4,1,1,2,2,1,3,1,1,1,1,1,1,1,9,6,1,1,35,2,2
5,44,4,8,2003,4,1,1,2,2,1,3,1,1,1,1,1,1,2,9,6,1,1,,2,2
1,51,4,12,2003,4,1,1,2,2,1,3,1,1,1,1,2,1,2,9,6,1,1,,2,2
1,51,4,12,2003,4,1,1,2,2,1,2,1,1,1,1,2,1,2,14,6,1,1,,2,2
8,47,3,12,2003,3,1,1,2,2,1,1,1,1,1,1,1,1,2,10,6,1,1,,2,2
10,50,3,12,2003,4,1,1,2,2,1,3,1,1,1,1,1,1,2,7,6,1,1,,2,2
10,50,3,12,2003,3,1,1,2,2,1,1,1,1,1,1,1,1,2,14,6,1,1,,2,2
11,50,4,12,2003,3,1,1,2,2,1,1,1,1,1,1,2,1,2,9,6,1,1,32,2,2
11,50,4,12,2003,1,1,1,2,2,4,4,1,1,1,1,3,1,2,6,6,1,1,,2,2
13,50,4,12,2003,3,1,1,2,2,1,1,1,1,1,1,3,1,2,9,6,1,1,,2,2
8,52,4,12,2003,2,1,1,2,2,1,1,1,1,1,1,3,1,2,8,6,1,1,33,2,2
5,52,4,12,2003,2,1,1,2,2,1,1,1,1,1,1,3,1,2,17,6,1,1,,2,2
3,41,4,6,2003,2,1,1,2,2,1,1,1,1,1,1,1,1,2,9,6,1,1,,2,2
3,41,3,8,2003,3,1,1,2,2,1,1,1,1,1,1,3,1,2,12,6,1,1,,2,2
3,41,3,8,2003,4,1,1,2,2,1,2,1,1,1,1,3,1,2,12,6,1,1,38,2,2
3,41,4,8,2003,2,1,1,2,2,1,1,1,1,1,1,3,1,2,9,6,1,1,,2,2
5,41,1,8,2003,3,1,1,2,2,1,1,1,1,1,1,1,1,2,12,6,1,1,,2,2
5,41,4,8,2003,2,1,1,2,2,1,1,1,1,1,1,1,1,2,12,6,1,1,,2,2
5,41,3,11,2003,3,1,1,2,2,1,1,1,1,1,1,1,1,2,7,6,1,1,,2,2
5,41,4,12,2003,4,1,1,2,1,1,4,1,1,1,1,1,1,2,13,6,1,1,,2,2
6,44,4,9,2003,1,1,1,2,2,1,4,1,1,1,1,1,1,2,10,6,1,1,,2,2
6,44,4,9,2003,3,1,1,2,2,1,1,1,1,1,1,1,1,2,10,6,1,1,,2,2
2,43,3,12,2003,3,1,1,2,2,1,1,1,1,1,1,1,1,1,10,6,1,1,32,2,2
3,43,3,12,2003,2,1,1,2,2,1,1,1,1,1,1,1,1,2,9,6,1,1,,2,2
1,48,4,12,2003,3,1,1,2,2,1,1,1,1,1,1,1,1,1,6,6,1,1,,2,2
5,49,3,9,2003,2,1,1,2,2,1,1,1,1,1,1,3,1,2,14,6,1,1,25,2,2
2,46,4,12,2003,4,1,1,2,2,1,4,1,1,1,3,1,1,2,9,6,1,1,,2,2
1,46,4,8,2003,2,1,1,2,2,1,1,1,1,1,1,2,1,2,8,6,1,1,,2,2
1,44,4,10,2003,3,1,1,2,2,1,1,1,1,1,1,3,1,2,9,6,1,1,,2,2
3,44,4,10,2003,3,1,1,2,2,1,1,1,1,1,1,1,1,2,9,6,1,1,,2,2
4,44,4,10,2003,2,1,1,2,2,1,1,1,1,1,1,2,1,2,14,6,1,1,40,2,2
5,44,3,10,2003,2,1,1,2,2,1,1,1,1,1,1,1,1,2,9,6,1,1,,2,2
7,44,4,10,2003,3,1,1,2,2,2,4,2,2,1,1,1,1,2,9,6,1,1,,2,2
7,44,4,10,2003,3,1,1,2,2,1,1,1,1,1,1,1,1,2,8,6,1,1,,2,2
7,44,4,10,2003,2,1,1,2,2,1,1,1,1,1,1,1,1,2,14,6,1,1,,2,2
4,44,1,11,2003,3,1,1,2,2,1,2,1,1,1,1,2,1,2,14,6,1,1,40,2,2
4,44,3,11,2003,3,1,1,2,2,1,1,1,1,1,1,2,1,2,14,6,1,1,30,2,2
4,44,3,11,2003,2,1,1,2,2,1,1,1,1,1,1,1,1,2,9,6,1,1,,2,2
5,44,4,11,2003,4,1,1,2,2,1,2,1,1,1,1,1,1,2,9,6,1,1,,2,2
5,44,4,11,2003,2,1,1,2,2,1,1,1,1,1,1,1,1,2,8,6,1,1,,2,2
3,41,3,9,2003,3,1,1,2,2,1,1,1,1,1,1,3,1,2,14,6,1,1,,2,2
3,41,4,11,2003,1,1,1,2,2,1,2,1,1,1,1,3,1,2,7,6,1,1,,2,2
5,41,1,7,2003,2,1,1,2,2,1,2,1,1,1,1,1,1,2,14,6,1,1,,2,2
5,41,1,9,2003,3,1,1,2,2,1,1,1,1,1,1,1,1,2,9,6,1,1,,2,2
5,41,4,9,2003,3,1,1,2,2,1,1,1,1,1,1,1,1,2,9,6,1,1,,2,2
5,41,4,9,2003,2,1,1,2,2,1,1,1,1,1,1,1,1,2,9,6,1,1,,2,2
5,41,3,9,2003,3,1,1,2,2,1,1,1,1,1,1,1,1,2,8,6,1,1,,2,2
5,41,2,10,2003,2,1,1,2,2,1,1,1,1,1,1,1,1,2,9,6,1,1,,2,2
5,41,4,10,2003,2,1,1,2,2,1,1,1,1,1,1,1,1,2,9,6,1,1,,2,2
5,41,3,10,2003,3,1,1,2,2,1,1,1,1,1,1,1,1,2,9,6,1,1,,2,2
5,41,2,11,2003,3,1,1,2,2,1,1,1,1,1,1,1,1,2,10,6,1,1,,2,2
5,41,3,11,2003,3,1,1,2,2,1,1,1,1,1,1,1,1,2,10,6,1,1,32,2,2
5,41,1,12,2003,2,1,1,2,2,1,1,1,1,1,1,1,1,2,14,6,1,1,,2,2
5,41,3,12,2003,1,1,1,2,2,1,2,1,1,1,1,1,1,2,9,6,1,1,,2,2
4,44,3,12,2003,3,1,1,2,2,1,1,1,1,1,1,3,1,2,9,6,1,1,,2,2
4,44,3,12,2003,3,1,1,2,2,1,1,1,1,1,1,3,1,2,9,6,1,1,,2,2
6,44,4,11,2003,3,1,1,2,2,1,1,1,1,1,1,3,1,2,9,6,1,1,,2,2
7,44,4,12,2003,1,1,1,2,2,1,4,1,1,1,1,1,1,2,10,6,1,1,,2,2
10,42,3,1,2003,4,3,6,2,1,1,2,1,1,1,1,5,1,1,8,6,1,1,,2,2
10,42,4,2,2003,2,1,1,2,2,1,1,1,1,1,1,5,1,1,14,6,1,1,,2,2
10,42,4,2,2003,3,7,8,2,1,1,1,1,1,1,1,5,1,1,10,6,,,,2,2
4,42,3,3,2003,3,1,2,1,,1,1,1,1,1,1,5,1,1,9,6,1,1,,2,2
4,42,1,3,2003,1,1,2,1,1,1,3,1,1,1,1,5,1,1,8,6,1,1,,2,2
21,42,4,3,2003,1,1,4,2,2,1,3,1,1,1,1,5,1,1,19,6,,,,,2
3,42,3,2,2003,3,1,1,1,1,1,1,1,1,1,1,5,1,1,8,6,1,1,,2,2
18,42,4,3,2003,3,1,2,2,1,1,1,1,1,1,1,5,1,1,14,6,,,,2,2
9,42,3,3,2003,3,1,1,2,1,1,1,1,1,1,1,5,1,1,10,6,1,1,,2,2
9,42,3,3,2003,1,3,6,2,1,1,3,1,1,1,1,5,1,1,10,6,,7,,2,2
4,42,2,4,2003,2,1,1,2,2,1,1,1,1,1,1,5,1,1,10,6,1,1,,2,2
4,42,1,4,2003,4,3,1,2,2,1,3,1,1,1,1,5,1,1,10,6,1,1,,2,2
21,42,3,4,2003,4,1,1,2,2,1,3,1,1,1,1,5,1,1,14,6,,,,2,2
9,42,3,1,2003,3,3,4,2,1,1,1,1,1,1,1,5,1,1,9,6,1,1,30,2,2
8,42,3,3,2003,2,1,1,2,1,1,1,1,1,1,1,5,1,1,9,6,1,1,,2,2
8,42,3,4,2003,3,3,1,2,1,1,1,1,1,1,1,5,1,1,8,6,2,1,,2,2
8,42,4,4,2003,4,1,1,2,2,1,3,1,1,1,1,5,1,1,11,6,,,,2,2
1,42,2,2,2003,2,1,1,2,1,1,1,1,1,1,1,5,1,1,9,6,1,7,,2,2
1,42,1,3,2003,3,2,4,2,1,1,1,1,1,1,1,5,1,1,10,6,1,1,,2,2
1,42,4,3,2003,3,1,1,2,1,1,1,1,1,1,1,5,1,1,14,6,1,1,,2,2
1,42,4,2,2003,2,5,1,2,1,1,1,1,1,1,1,5,1,1,8,6,1,1,,2,2
11,42,3,4,2003,3,1,1,1,1,1,1,1,1,1,1,5,1,1,9,6,1,1,,1,2
11,42,2,4,2003,2,1,1,2,1,1,1,1,1,1,1,5,1,1,10,6,1,1,,2,2
11,42,2,4,2003,3,1,1,2,1,1,1,1,1,1,1,5,1,1,10,5,1,1,,2,2
11,42,2,4,2003,4,1,1,1,1,1,3,1,1,1,1,5,1,1,8,6,1,1,26,2,2
7,42,3,3,2003,3,7,8,1,1,1,1,1,1,1,1,5,1,1,9,6,1,1,26,2,2
18,42,2,5,2003,3,3,2,2,1,1,1,1,1,1,1,5,1,1,8,5,1,1,22,2,2
18,42,4,5,2003,2,1,2,2,2,1,1,1,1,1,1,5,1,1,8,6,1,1,28,2,2
18,42,2,5,2003,2,3,2,2,1,1,1,1,1,1,1,5,1,1,9,5,1,1,,2,2
3,42,1,5,2003,2,1,2,1,1,1,1,1,1,1,1,5,1,1,14,6,1,1,18,2,2
6,42,4,5,2003,3,1,8,2,1,1,1,1,1,1,1,5,1,1,9,6,1,1,,1,2
6,42,3,5,2003,4,7,4,2,1,1,3,1,1,1,1,5,1,1,14,6,1,1,,2,2
5,42,4,2,2003,2,3,4,1,2,1,1,1,1,1,1,5,1,1,8,6,,,,2,2
5,42,3,2,2003,2,7,1,1,2,1,1,1,1,1,1,5,1,1,8,6,1,1,34,2,2
5,42,1,5,2003,4,3,1,1,1,1,3,1,1,1,1,5,1,1,8,6,1,1,25,2,2
2,42,4,2,2003,4,4,4,2,1,1,3,1,1,1,1,5,1,1,10,6,1,1,,2,2
2,42,1,2,2003,2,2,4,2,2,1,2,1,1,1,1,5,1,1,7,6,1,1,,2,2
12,42,3,2,2003,2,1,1,2,2,1,1,1,1,1,1,5,1,1,9,6,,,,2,2
22,42,2,2,2003,2,1,2,2,1,1,1,1,1,1,1,5,1,1,8,6,1,1,24,2,2
22,42,3,4,2003,4,5,2,1,1,1,3,1,1,1,1,5,1,1,9,6,,,,2,2
22,42,4,6,2003,4,1,4,2,1,1,3,1,1,1,1,5,1,1,19,6,,,,,
15,42,3,4,2003,1,1,1,2,1,1,2,1,1,1,1,5,1,1,8,6,1,1,,1,2
15,42,3,6,2003,3,1,1,1,1,1,1,1,1,1,1,5,1,1,8,6,1,1,24,2,2
9,42,3,5,2003,4,1,1,2,1,1,3,1,1,1,1,5,1,1,10,6,1,1,,2,2
9,42,2,5,2003,2,5,6,2,1,1,1,1,1,1,1,5,1,1,8,6,1,1,,2,2
9,42,1,6,2003,2,1,1,2,1,1,1,1,1,1,1,5,1,1,8,6,1,1,40,2,2
9,42,3,6,2003,3,1,1,2,1,1,1,1,1,1,1,5,1,1,10,6,1,1,,2,2
9,42,3,7,2003,4,1,1,2,2,1,3,1,1,1,1,5,1,1,10,6,1,1,,2,2
9,42,3,7,2003,1,3,4,2,2,1,3,1,1,1,1,5,1,1,10,6,1,1,,1,2
9,42,2,4,2003,2,1,1,2,1,1,1,1,1,1,1,5,1,1,10,6,1,1,,2,2
14,42,3,2,2003,3,3,4,2,1,1,1,1,1,1,1,5,1,1,8,6,1,1,,2,2
14,42,4,5,2003,2,3,4,2,1,1,1,1,1,1,1,5,1,1,8,6,1,1,,2,2
14,42,3,5,2003,4,1,1,2,1,1,3,1,1,1,1,5,1,1,12,6,1,1,,2,2
14,42,4,5,2003,2,1,1,2,1,1,2,1,1,1,1,5,1,1,14,6,,,45,2,2
1,42,3,5,2003,1,3,4,2,1,1,3,1,1,1,1,5,1,1,10,6,1,1,,2,2
1,42,1,6,2003,3,3,6,2,1,1,1,1,1,1,1,5,1,1,9,6,1,1,,2,2
1,42,3,6,2003,3,1,1,2,2,1,1,1,1,1,1,5,1,1,10,6,1,1,25,2,2
1,42,3,6,2003,2,1,1,2,2,1,2,1,1,1,1,5,1,1,10,6,1,1,,2,2
1,42,3,7,2003,3,3,6,2,1,1,1,1,1,1,1,5,1,1,8,6,1,1,,2,2
1,42,4,7,2003,4,1,4,2,1,1,3,1,1,1,1,5,1,1,12,6,1,1,,2,2
17,42,4,2,2003,2,1,1,2,1,1,1,1,1,1,1,5,1,1,8,6,1,1,,2,2
17,42,3,5,2003,2,1,4,2,1,1,1,1,1,1,1,5,1,1,14,6,1,1,,2,2
17,42,2,7,2003,4,1,1,2,1,1,3,1,1,1,1,5,1,1,8,6,1,1,,2,2
10,42,1,7,2003,2,3,6,2,1,1,1,1,1,1,1,5,1,1,10,6,1,1,,2,2
7,42,4,7,2003,2,2,4,2,1,1,1,1,1,1,1,5,1,1,8,6,1,1,23,2,2
5,42,3,8,2003,2,,,2,1,1,1,1,1,1,1,5,1,1,13,6,1,1,,2,2
5,42,4,9,2003,2,1,1,1,1,1,1,1,1,1,1,5,1,1,8,6,1,1,,2,2
9,42,4,8,2003,4,3,4,1,1,1,3,1,1,1,1,5,1,1,15,6,1,1,35,2,2
9,42,4,8,2003,4,1,4,2,1,3,1,1,1,1,1,5,1,1,14,6,1,1,,2,2
9,42,3,8,2003,4,1,4,2,1,1,2,1,1,1,1,5,1,1,8,6,1,1,,2,2
9,42,4,9,2003,1,3,2,1,1,1,3,1,1,1,1,5,1,1,19,6,,,,,
9,42,3,9,2003,4,3,4,2,1,1,3,1,1,1,1,5,1,1,10,6,,,,2,2
9,42,2,11,2003,3,1,1,2,1,1,1,1,1,1,1,5,1,1,11,9,,,,2,2
11,42,3,7,2003,2,7,6,2,1,1,1,1,1,1,1,5,1,1,8,6,1,1,,1,2
11,42,4,10,2003,4,3,1,1,1,1,3,1,1,1,1,5,1,1,8,6,1,1,30,2,2
11,42,4,10,2003,2,1,1,1,1,1,1,1,1,1,1,5,1,1,8,6,,,,,
11,42,4,10,2003,4,,,,2,1,3,1,1,1,1,5,1,1,8,6,1,1,,2,2
14,42,4,8,2003,3,3,4,2,1,1,1,1,1,1,1,5,1,1,19,6,,,,,
14,42,4,9,2003,3,2,4,2,1,1,1,1,1,1,1,5,1,1,9,6,1,1,,2,2
16,42,3,6,2003,4,3,6,2,1,1,3,1,1,1,1,5,1,1,10,6,1,1,,2,2
16,42,4,9,2003,1,1,1,2,1,1,3,1,1,1,1,5,1,1,14,6,,,,,2
16,42,2,11,2003,2,3,4,2,1,1,1,1,1,1,1,5,1,1,9,6,,,,,2
16,42,3,11,2003,2,1,1,2,1,1,1,1,1,1,1,5,1,1,9,5,1,1,,,2
16,42,3,12,2003,2,1,1,2,1,1,2,1,1,1,1,5,1,1,9,6,,,,,2
17,42,3,11,2003,4,1,1,2,1,1,3,1,1,1,1,5,1,1,10,6,1,1,,,2
8,42,3,5,2003,2,3,1,2,1,1,1,1,1,1,1,5,1,1,9,6,1,1,38,2,2
8,42,3,5,2003,3,1,1,2,1,1,1,1,1,1,1,5,1,1,12,6,1,1,,2,2
8,42,3,5,2003,3,3,1,2,1,1,1,1,1,1,1,5,1,1,8,6,1,1,,2,2
8,42,3,5,2003,4,1,1,2,1,1,1,1,1,1,1,5,1,1,8,6,1,1,,2,2
8,42,3,6,2003,3,3,4,2,1,1,1,1,1,1,1,5,1,1,9,6,1,1,,2,2
9,42,4,12,2003,1,3,6,2,1,1,3,1,1,1,1,5,1,1,14,6,1,1,,2,2
9,42,3,12,2003,2,1,1,2,1,1,2,1,1,1,1,5,1,1,15,6,1,1,35,2,2
9,42,3,12,2003,2,7,6,2,1,1,1,1,1,1,1,5,1,1,8,6,1,1,,,2
9,42,3,12,2003,2,1,1,2,1,1,2,1,1,1,1,5,1,1,10,6,,,,,
10,42,2,11,2003,2,7,8,2,2,1,1,1,1,1,1,5,1,1,10,6,1,1,,2,2
11,42,4,12,2003,1,1,1,2,2,1,3,1,1,1,1,5,1,1,14,6,,,,,
6,42,4,7,2003,4,1,1,2,1,1,2,1,1,1,1,5,1,1,9,6,,,,1,2
6,42,4,7,2003,4,1,1,1,1,1,3,1,1,1,1,5,1,1,14,6,1,1,,2,2
6,42,4,7,2003,1,5,6,2,1,1,2,1,1,1,1,5,1,1,14,6,,,,2,2
6,42,3,7,2003,3,1,1,2,1,1,1,1,1,1,1,5,1,1,9,6,,,,2,2
6,42,4,8,2003,3,5,3,2,1,1,1,1,1,1,1,5,1,1,8,6,,,,,
6,42,3,8,2003,3,1,1,2,2,1,1,1,1,1,1,5,1,1,8,6,,,,2,2
6,42,4,9,2003,1,1,1,2,1,1,3,1,1,1,1,5,1,1,14,6,,,,2,2
6,42,3,10,2003,1,3,6,2,1,1,3,1,1,1,1,5,1,1,9,6,1,1,,2,2
6,42,4,10,2003,1,1,1,2,1,1,3,1,1,1,1,5,1,1,14,6,,,,2,2
6,42,2,10,2003,4,6,4,2,1,1,3,1,1,1,1,5,1,1,14,6,1,1,,2,2
6,42,4,12,2003,3,1,1,2,2,1,1,1,1,1,1,5,1,1,14,6,1,1,,2,2
6,42,3,12,2003,2,1,1,2,2,1,1,1,1,1,1,5,1,1,8,6,1,1,,2,2
21,42,4,7,2003,1,1,1,2,1,1,3,1,1,1,1,5,1,1,19,6,,,,,
21,42,4,9,2003,2,1,1,2,2,1,1,1,1,1,1,5,1,1,8,6,,,,2,2
4,42,4,7,2003,2,1,3,2,1,1,1,1,1,1,1,5,1,1,8,6,1,1,,1,2
18,42,4,6,2003,2,1,1,1,2,1,1,1,1,1,1,5,5,1,10,5,1,1,,2,2
3,42,3,7,2003,2,3,1,2,2,1,1,1,1,1,1,5,1,1,1,6,,,,,
3,42,3,11,2003,3,1,1,1,2,1,1,1,1,1,1,5,1,1,16,6,1,1,,2,2
3,42,1,12,2003,2,3,1,1,1,1,3,1,1,1,1,5,1,1,4,6,1,1,25,2,2
7,42,3,6,2003,3,2,4,2,1,1,1,1,1,1,1,5,1,1,8,6,1,1,,2,2
5,42,3,11,2003,3,2,4,2,1,1,1,1,1,1,1,5,1,1,8,6,1,1,,2,2
19,42,3,6,2003,4,1,1,2,2,1,3,1,1,1,1,5,1,1,10,6,1,1,31,2,2
16,42,3,1,2003,4,1,1,2,1,1,3,1,1,1,1,5,1,1,9,6,1,1,,2,2
16,42,2,2,2003,3,1,1,2,1,1,1,1,1,1,1,5,1,1,14,6,1,1,,2,2
16,42,2,3,2003,4,1,1,2,1,1,3,1,1,1,1,5,1,1,15,6,1,1,,1,2
16,42,4,5,2003,2,1,1,2,1,1,1,1,1,1,1,5,1,1,11,6,,,,,
1,42,4,9,2003,3,2,4,2,1,1,1,1,1,1,1,2,1,1,8,6,1,1,30,2,2
1,42,1,9,2003,2,3,4,1,1,1,1,1,1,1,1,5,1,1,12,6,1,1,,1,2
1,42,3,10,2003,4,2,4,1,1,1,3,1,1,1,1,5,1,1,10,6,1,1,,2,2
1,42,2,11,2003,3,1,2,1,1,1,2,1,1,1,1,5,1,1,8,6,1,1,40,2,2
1,42,3,12,2003,4,3,2,2,2,1,4,1,1,1,1,5,1,1,10,6,1,1,29,1,2
1,24,4,1,2003,,1,8,2,2,1,1,1,1,1,1,1,1,2,9,5,1,7,38,1,2
1,24,3,4,2003,2,1,1,2,2,1,1,1,1,1,1,1,1,1,14,6,1,1,55,1,2
1,19,3,6,2003,1,7,1,2,2,1,1,1,1,1,1,2,1,2,14,6,2,1,43,1,2
6,21,4,9,2003,3,1,1,2,2,1,1,1,1,1,1,1,1,2,12,6,1,1,40,2,2
3,21,4,9,2003,1,1,1,2,1,1,1,1,1,1,1,1,1,2,10,6,1,7,30,1,2
6,25,4,7,2003,3,1,1,1,2,1,1,1,1,1,1,4,1,2,14,6,2,7,33,1,2
2,29,3,6,2003,2,7,1,2,2,2,1,1,2,1,1,4,1,2,9,5,1,7,,2,2
1,18,4,11,2003,2,1,1,2,2,1,1,1,1,1,1,1,1,2,14,1,2,7,38,1,2
3,24,4,11,2003,2,1,2,2,2,1,1,1,1,1,3,1,1,2,9,6,1,1,,2,2
4,24,4,12,2003,3,1,1,2,2,1,2,1,1,1,1,1,1,1,14,6,1,5,35,2,2
12,9,4,6,2003,1,1,1,2,2,1,2,1,1,1,1,1,1,2,14,6,1,1,,2,2
1,54,4,1,2003,2,2,4,2,2,1,1,1,1,1,1,5,1,1,14,4,1,1,35,1,2
11,54,4,1,2003,2,1,1,1,2,4,2,1,1,1,1,4,2,2,8,5,1,,,2,2
1,54,3,1,2003,2,2,5,2,2,1,1,1,1,1,1,5,1,1,13,6,1,1,35,2,2