Thana,District,Accident_Severity,Month,Year,Time,Junction_Type,Traffic_Control,Movement,Divider,Weather,Light,Road_Geometry,Surface_Condition,Surface_Type,Surface_Quality,Road_Class,Road_Feature,Location_Type,Vehicle_Type,Vehicle_Movement,Vehicle_Loading,Vehicle_Defect,Vehicle_Driver_Age,Vehicle_Alcohol,Vehicle_Seat_Belt
1,54,4,2,2003,3,1,1,2,2,1,1,1,1,1,1,4,1,2,7,6,1,1,35,2,2
1,54,3,3,2003,3,1,1,2,2,1,1,1,1,1,1,2,1,1,8,5,1,1,36,2,2
9,54,4,3,2003,4,1,1,2,2,1,4,1,1,1,1,1,1,2,14,4,2,,45,1,2
12,54,4,3,2003,4,7,8,2,2,1,1,2,1,1,2,3,1,2,8,6,1,6,35,2,2
7,56,3,3,2003,2,1,1,2,2,4,2,1,1,1,3,1,1,2,14,6,1,1,30,2,2
1,55,3,4,2003,3,7,1,2,2,1,1,1,2,1,1,5,1,2,9,6,1,,,2,2
1,54,1,4,2003,3,1,,2,2,1,1,1,1,1,1,3,1,2,13,6,1,1,,2,2
3,53,4,5,2003,3,1,1,2,2,1,1,1,1,1,3,1,2,,8,6,1,1,,2,2
6,55,4,5,2003,3,1,1,2,2,1,1,1,1,1,1,1,1,2,9,5,1,1,40,2,2
1,55,4,6,2003,3,1,1,2,2,2,1,1,2,1,1,3,1,2,8,6,1,,,2,2
1,55,4,6,2003,3,7,1,2,2,1,1,1,1,1,1,4,1,2,5,6,,,25,2,2
5,55,4,6,2003,4,1,1,2,2,1,4,1,1,1,1,3,1,2,14,6,1,1,38,2,2
7,54,3,6,2003,2,7,1,1,1,1,1,1,1,1,1,3,1,2,7,11,,,25,,
6,55,3,7,2003,1,1,1,2,1,1,1,1,1,1,2,1,1,2,10,5,1,1,,2,2
1,54,3,7,2003,3,1,1,2,2,1,1,1,1,1,1,5,1,1,10,6,1,,,,
8,56,4,8,2003,3,1,1,2,2,2,1,1,2,1,1,4,1,2,4,6,1,1,20,2,2
1,54,3,8,2003,4,7,2,2,2,1,2,1,1,1,1,5,1,1,11,6,1,,28,2,2
1,54,4,8,2003,3,,1,2,2,1,1,1,1,1,1,2,1,2,8,4,1,1,,1,2
12,54,3,8,2003,4,1,1,2,2,1,4,1,1,3,3,3,1,2,14,6,1,1,,2,2
6,55,4,8,2003,3,1,1,2,2,1,1,1,1,1,1,1,1,2,14,6,1,,33,2,2
7,54,4,9,2003,2,1,1,2,2,1,4,1,1,1,1,4,1,2,13,6,1,2,30,2,2
3,53,4,10,2003,4,7,1,2,2,1,4,5,1,1,1,3,2,2,6,6,1,7,,1,2
1,55,4,11,2003,3,1,1,2,2,1,1,1,1,1,1,1,1,2,9,4,1,1,40,2,2
12,54,4,11,2003,2,1,1,2,2,1,1,1,1,1,1,3,1,2,8,5,1,1,38,2,2
9,54,4,11,2003,3,1,1,2,2,1,1,1,1,1,1,1,1,2,14,6,1,1,27,2,2
9,54,4,9,2003,2,1,1,2,2,1,1,1,1,1,1,1,1,2,14,6,1,1,,2,2
3,56,4,11,2003,3,7,8,2,1,1,2,1,1,1,1,1,1,2,9,5,1,,45,,
7,56,3,11,2003,1,7,1,2,2,4,2,1,1,1,1,1,1,2,13,6,,,,,
1,54,3,12,2003,4,3,1,2,2,1,2,1,1,1,1,5,1,1,13,6,1,1,,2,2
6,57,3,1,2003,3,1,1,1,2,1,1,1,1,2,1,,1,2,6,6,1,,,2,2
2,64,1,1,2003,3,1,4,2,2,1,1,1,1,1,1,5,1,1,14,6,1,1,45,2,2
7,64,4,3,2003,2,1,1,2,2,1,1,4,1,1,1,5,1,1,9,6,1,1,,2,2
10,64,1,3,2003,3,5,5,2,2,2,1,2,2,1,1,5,1,1,8,6,1,1,38,2,2
2,64,1,5,2003,3,1,8,2,2,1,1,1,1,1,1,5,1,1,14,6,1,1,45,2,2
2,64,1,5,2003,2,1,4,2,2,1,1,1,1,1,1,5,1,1,5,6,1,1,,2,2
12,64,4,7,2003,3,1,1,2,2,1,1,1,1,1,1,5,1,1,9,6,1,1,,2,2
5,64,1,9,2003,2,3,1,2,2,1,1,1,1,1,1,5,1,1,8,6,1,1,,2,2
7,64,3,8,2003,4,3,1,2,2,1,4,1,1,1,1,5,1,1,14,6,1,1,,2,2
2,64,4,10,2003,2,3,4,2,2,1,1,1,1,1,1,5,1,1,7,6,1,1,,1,2
1,64,4,11,2003,4,2,5,2,2,1,2,1,1,1,1,5,1,2,8,1,1,1,35,2,2
5,64,3,12,2003,3,1,1,2,2,1,1,1,1,1,1,5,1,1,16,6,1,1,,,2
1,24,4,2,2003,3,1,1,2,2,1,1,1,1,1,1,1,1,2,14,6,1,7,,1,2
1,22,4,3,2003,2,7,8,1,2,1,1,1,1,1,1,1,1,2,14,6,1,1,65,2,2
6,25,4,4,2003,2,1,1,2,2,1,1,1,1,1,1,4,1,2,9,6,1,6,,2,2
3,53,1,5,2003,3,1,1,2,2,1,1,1,1,1,1,3,1,2,7,6,1,1,,2,2
1,54,3,10,2003,4,1,1,2,2,2,1,2,1,1,1,1,1,2,14,7,1,1,31,,
1,53,4,12,2003,4,1,1,2,2,1,4,1,1,1,1,5,1,,8,6,1,1,,1,2
6,21,1,5,2003,3,1,1,2,2,1,4,2,1,1,1,4,1,2,14,5,1,1,45,1,2
1,18,2,7,2003,2,7,1,1,2,1,1,1,1,1,1,1,1,1,9,6,2,7,,1,2
3,21,3,7,2003,1,7,1,1,2,1,1,1,1,1,1,1,1,1,16,6,1,7,,1,2
2,29,3,1,2003,2,1,1,2,2,1,1,2,1,1,1,4,1,2,9,1,1,1,,1,2
1,22,4,11,2003,3,1,4,2,2,1,1,1,1,1,1,1,1,1,9,6,1,6,40,2,2
1,12,4,2,2003,2,2,1,2,2,2,1,2,2,1,1,3,1,2,14,4,1,1,,2,2
1,2,4,2,2003,2,1,1,2,2,4,2,1,1,1,1,1,1,2,14,6,1,7,38,2,2
1,14,4,2,2003,3,1,1,2,2,1,1,1,1,1,1,5,1,1,9,6,1,1,42,2,2
4,1,4,2,2003,2,1,1,2,2,4,1,1,1,1,1,3,1,2,7,6,1,1,36,2,2
6,13,3,2,2003,2,2,2,2,2,1,1,1,1,1,1,2,1,2,14,5,1,1,,1,2
5,15,4,1,2003,3,1,1,2,2,1,1,2,1,1,1,1,1,2,9,6,1,1,28,1,2
6,15,1,2,2003,3,1,1,1,2,2,1,1,2,1,1,1,1,2,10,11,1,1,28,2,1
5,4,1,2,2003,3,1,1,2,1,1,2,1,1,1,2,3,2,,14,2,1,1,,1,2
5,4,3,2,2003,3,1,2,2,1,2,2,1,1,1,1,3,2,2,9,1,2,1,,1,2
11,9,4,2,2003,2,1,1,2,1,1,1,1,1,1,2,1,2,,9,6,1,1,50,2,2
10,9,4,1,2003,2,1,1,2,2,4,2,1,2,1,1,1,1,2,14,6,1,7,40,2,2
1,10,4,2,2003,4,2,4,2,1,2,1,1,1,1,1,3,2,,17,5,1,1,,1,2
5,10,4,2,2003,2,1,1,2,1,1,2,1,1,1,2,3,1,,14,6,1,1,,1,2
3,10,4,2,2003,3,1,1,1,2,1,1,1,1,1,1,2,1,2,13,6,1,1,,1,2
1,13,4,3,2003,2,1,1,2,2,1,1,1,1,1,1,3,1,2,13,11,1,1,35,2,2
1,17,4,1,2003,2,1,1,2,2,1,1,1,1,1,1,1,1,2,14,6,1,6,38,2,2
8,13,1,3,2003,1,1,1,2,2,1,2,1,1,1,1,1,1,2,14,6,1,1,38,2,2
5,6,4,4,2003,3,1,1,2,2,1,1,2,1,1,1,1,1,2,4,6,1,1,25,2,2
7,13,4,5,2003,3,1,3,2,2,1,1,1,1,1,1,2,1,2,8,6,1,1,37,2,2
4,8,3,5,2003,3,1,1,1,2,1,1,1,1,1,1,2,1,2,14,6,1,1,,1,2
7,7,1,4,2003,3,1,1,2,2,1,1,1,1,2,3,4,1,2,11,5,1,1,45,2,1
3,8,4,4,2003,1,1,1,2,2,1,4,1,1,1,1,1,1,2,13,6,1,1,35,1,2
7,13,4,4,2003,2,1,1,2,1,1,1,1,1,1,1,2,2,1,14,6,1,1,,2,2
2,3,4,4,2003,3,1,1,2,2,1,1,1,1,1,1,3,1,2,8,5,1,1,40,2,2
1,15,3,3,2003,2,1,1,2,2,1,1,1,1,1,1,4,1,2,14,6,1,1,,2,2
1,15,2,3,2003,4,1,1,2,2,1,1,1,1,1,1,5,1,1,12,11,1,1,25,2,2
5,13,4,6,2003,3,1,1,2,2,2,1,2,2,1,1,2,1,2,9,11,1,1,,2,2
1,11,3,5,2003,3,1,1,1,2,1,1,2,1,1,2,3,4,2,8,1,1,3,35,2,2
5,11,4,3,2003,3,4,3,1,2,1,1,1,1,1,1,1,1,2,9,1,1,1,38,2,2
3,8,4,4,2003,1,1,1,2,2,1,2,1,1,1,1,1,1,2,8,6,1,1,,2,2
10,17,4,6,2003,3,1,1,1,2,1,1,2,1,1,1,1,1,2,6,11,2,7,26,2,2
8,17,4,6,2003,4,1,1,2,2,1,2,1,1,1,1,1,1,2,9,6,1,1,,2,2
3,17,4,3,2003,2,3,3,2,2,1,2,3,1,1,1,3,1,1,14,1,1,1,35,2,2
1,9,4,3,2003,2,1,1,2,2,1,1,1,1,1,1,1,1,2,14,5,1,1,,2,2
10,9,4,7,2003,2,1,1,2,2,1,1,1,1,1,1,1,1,2,14,6,1,1,45,2,2
7,9,4,9,2003,3,1,8,2,1,1,1,2,1,1,1,1,1,2,10,3,1,1,35,2,2
6,11,4,8,2003,3,3,1,2,2,1,1,1,1,1,1,2,1,2,9,6,1,1,45,2,2
8,11,4,8,2003,4,3,1,2,1,2,4,1,2,1,1,3,1,2,8,6,1,1,,2,2
3,14,4,8,2003,3,1,1,2,2,1,1,1,1,1,2,5,1,1,19,6,1,1,30,2,2
2,14,1,8,2003,3,1,1,2,2,1,1,1,1,1,1,5,1,1,14,4,1,1,35,2,2
8,13,4,8,2003,1,1,1,2,2,1,2,1,1,1,2,1,1,2,4,6,1,1,22,2,2
8,13,1,8,2003,2,1,1,2,2,2,1,1,2,1,1,1,1,2,14,6,1,1,30,2,2
8,13,1,9,2003,3,1,1,2,2,1,2,2,1,1,1,1,1,2,11,6,1,1,30,2,2
8,13,3,9,2003,3,1,1,2,2,2,1,2,2,1,1,1,1,2,11,1,1,1,,2,2
7,3,3,8,2003,3,3,1,2,2,1,1,1,1,1,1,2,2,2,8,5,1,7,,1,2
12,9,3,9,2003,4,1,1,2,2,1,4,1,1,1,1,1,1,2,14,6,1,1,,1,2
1,1,1,6,2003,2,1,1,2,2,1,1,1,1,1,1,3,1,2,13,5,2,1,35,2,2
1,15,4,8,2003,2,1,1,2,2,1,1,1,1,1,1,1,1,2,14,4,1,1,43,2,2
9,3,4,7,2003,1,4,1,2,2,1,2,3,2,2,2,3,5,2,14,4,1,1,50,2,2
12,9,4,2,2003,2,1,1,2,2,1,2,1,1,1,1,1,1,2,9,6,1,1,35,2,2
12,9,1,6,2003,4,1,8,2,2,1,1,1,1,1,1,1,1,1,13,11,1,1,40,2,2
7,9,3,2,2003,2,1,8,2,2,1,1,1,1,1,1,1,1,1,9,11,1,1,40,1,2
7,9,4,5,2003,2,1,4,2,2,1,1,1,1,1,1,1,1,2,14,4,1,1,35,2,2
10,9,3,8,2003,3,1,1,2,2,1,1,1,1,1,1,1,1,2,8,6,1,1,40,2,2
1,15,3,5,2003,3,1,1,2,2,1,1,1,1,1,1,1,1,2,13,11,1,1,,2,2
1,15,2,5,2003,2,3,4,2,2,1,1,1,1,1,1,1,1,1,10,6,1,1,22,2,2
1,15,3,5,2003,4,1,1,2,2,1,3,1,1,1,1,1,1,2,14,6,1,1,,2,2
1,15,4,4,2003,2,2,1,2,2,1,1,1,1,1,1,1,1,1,2,11,1,1,25,2,2
3,15,4,6,2003,2,1,1,2,2,1,2,1,1,1,1,3,1,2,2,6,1,1,55,2,2
7,17,4,9,2003,4,1,8,2,1,1,4,1,1,1,1,1,1,2,14,6,1,1,35,2,2
8,17,3,7,2003,2,4,1,2,2,1,1,1,1,1,1,3,1,2,9,6,1,1,45,1,2
10,17,3,9,2003,2,3,2,2,2,1,1,1,1,1,1,1,1,2,14,4,1,1,,2,2
2,14,4,10,2003,4,1,1,2,2,1,4,1,1,1,1,1,1,1,9,4,1,1,35,1,2
2,14,4,10,2003,2,1,1,2,2,1,2,1,1,1,1,5,1,1,14,4,1,1,,1,2
1,14,3,9,2003,4,1,1,2,2,1,3,1,1,1,1,5,1,1,8,11,1,1,35,1,2
2,14,3,9,2003,2,1,1,2,2,2,1,1,2,1,1,5,1,1,14,1,1,1,,2,2
2,14,3,8,2003,3,7,1,2,2,2,1,1,2,1,1,5,1,1,8,1,1,1,,2,2
3,3,4,9,2003,4,1,1,2,2,2,4,1,2,1,1,2,1,2,8,4,1,1,32,2,2
2,3,4,9,2003,3,1,1,2,2,1,1,1,1,1,1,3,1,2,8,5,1,1,40,2,2
10,9,4,9,2003,3,1,2,2,2,1,1,1,1,1,1,1,1,2,14,6,1,1,40,2,2
7,13,4,10,2003,1,1,1,2,2,1,1,1,1,1,1,2,1,2,9,6,1,1,,2,2
1,5,4,4,2003,3,1,1,2,2,1,1,1,1,1,1,1,1,2,9,11,1,1,30,2,2
8,5,3,3,2003,4,3,1,2,1,1,4,1,1,1,1,1,1,1,14,5,1,1,,2,2
8,5,3,1,2003,4,1,1,2,1,1,4,1,1,1,1,1,1,2,14,10,1,1,,2,2
5,5,1,4,2003,4,1,1,2,1,1,4,1,1,1,1,1,1,2,14,6,1,1,,2,2
6,5,3,5,2003,2,3,1,2,2,1,1,1,1,1,1,1,1,2,9,6,1,1,,2,2
5,3,4,11,2003,3,1,1,1,2,1,1,1,1,1,1,3,1,2,9,5,2,1,,1,2
10,9,3,3,2003,2,1,1,2,2,1,1,1,1,1,1,1,1,2,13,11,1,1,38,2,2
3,8,4,11,2003,1,1,3,2,2,1,1,1,1,1,1,1,1,2,8,9,1,1,42,2,2
1,9,4,10,2003,3,3,1,2,2,2,1,1,2,1,1,1,1,2,8,6,1,7,38,2,2
4,14,4,12,2003,3,1,8,2,2,1,1,1,1,1,1,5,1,1,14,5,1,2,35,2,2
2,14,2,12,2003,4,7,1,2,2,4,2,2,5,1,1,1,1,2,17,1,1,7,45,2,2
3,14,4,12,2003,3,7,8,2,2,1,1,2,1,1,1,1,1,1,8,2,1,1,35,2,2
1,13,4,12,2003,3,1,1,2,2,1,1,1,1,1,1,3,1,2,14,6,1,1,35,2,2
12,9,4,3,2003,3,1,1,2,2,1,1,2,1,1,1,1,1,2,9,2,1,1,,1,2
10,9,4,12,2003,3,1,1,2,2,1,1,1,1,1,1,1,1,2,14,1,1,2,29,2,2
1,9,4,10,2003,2,1,1,2,2,1,2,1,1,1,1,1,1,2,6,6,2,1,,2,2
7,9,4,12,2003,2,7,1,2,1,1,1,2,1,1,1,1,1,2,8,1,1,7,40,2,2
10,9,1,11,2003,3,7,8,2,2,1,1,1,1,1,1,1,1,2,9,6,1,1,45,2,2
5,10,4,12,2003,2,4,1,1,2,1,1,2,1,1,1,3,1,2,2,1,1,1,30,2,2
11,16,4,7,2003,3,4,8,2,2,1,1,1,1,1,1,1,3,1,14,4,2,3,35,2,2
11,16,4,8,2003,1,1,1,2,2,1,1,1,1,1,1,1,1,2,14,6,1,1,,1,2
11,16,2,9,2003,1,1,1,2,2,1,4,1,1,1,1,1,1,2,14,6,1,1,35,2,2
11,16,4,9,2003,1,1,1,2,2,1,4,1,1,1,1,1,1,2,9,6,1,1,45,2,2
11,16,3,11,2003,3,2,1,2,1,1,1,1,1,1,1,1,1,2,7,4,1,7,45,1,2
6,16,4,5,2003,1,1,1,2,2,1,4,1,1,1,1,1,1,2,7,6,1,1,24,2,2
6,16,2,8,2003,2,1,1,2,2,1,1,1,1,1,1,1,1,2,14,4,1,3,35,2,2
8,16,4,11,2003,4,1,1,2,1,1,2,3,1,1,1,1,1,2,14,6,1,7,,2,2
6,34,4,2,2003,3,3,1,2,2,1,1,1,1,1,1,1,1,2,9,2,1,1,,2,2
1,34,1,2,2003,3,3,1,2,2,1,1,1,1,1,1,5,1,1,14,2,1,3,35,2,2
2,30,4,4,2003,3,1,1,2,2,1,1,1,1,1,1,3,1,2,13,5,1,1,,2,2
1,27,1,4,2003,3,1,8,2,2,1,1,1,1,1,1,2,1,2,6,5,2,1,30,2,2
2,31,4,5,2003,3,2,8,2,2,1,1,1,1,1,1,2,1,1,9,6,1,1,32,2,2
4,31,4,5,2003,4,1,1,2,2,1,4,1,1,1,1,3,1,2,6,6,1,1,35,2,2
1,33,3,5,2003,2,1,1,2,2,1,1,1,1,1,1,2,1,2,9,11,1,1,,2,2
3,34,2,5,2003,3,1,1,2,2,1,1,1,1,1,1,1,1,2,9,6,1,1,30,2,2
1,27,3,12,2003,4,1,1,2,2,1,4,1,1,1,1,3,1,1,5,6,1,1,,2,2
1,27,4,11,2003,3,1,2,2,2,1,1,1,1,1,1,4,1,2,6,6,1,1,,2,2
3,34,4,12,2003,2,3,2,2,2,1,1,1,1,1,1,1,1,2,9,6,1,1,40,2,2
6,34,4,11,2003,2,3,1,2,2,1,1,1,1,1,1,1,1,2,6,6,1,1,,2,2
6,34,4,8,2003,1,1,1,2,2,1,3,1,1,1,1,1,1,2,9,6,1,1,,2,2
3,34,1,1,2003,4,1,1,2,2,1,2,1,1,1,1,1,1,2,9,6,1,1,,2,2
3,34,4,7,2003,3,1,1,2,2,1,1,1,1,1,1,1,1,2,9,6,1,1,,2,2
1,40,2,1,2003,2,1,1,2,2,1,1,1,1,1,1,1,1,2,14,6,1,1,,2,2
1,40,3,1,2003,3,1,1,2,2,1,1,1,1,1,1,1,1,2,14,6,1,1,,2,2
1,40,3,1,2003,3,1,1,2,2,1,1,1,1,1,1,1,1,1,8,6,1,1,,2,2
1,40,4,1,2003,2,1,1,2,2,1,1,1,1,1,1,1,1,2,14,6,1,1,38,2,2
6,38,4,1,2003,3,1,1,2,2,1,1,1,1,1,1,1,1,2,9,6,1,1,48,2,2
1,35,3,2,2003,3,1,1,2,2,1,1,1,1,1,1,2,1,2,14,6,1,1,35,2,2
1,35,3,2,2003,2,1,1,2,2,1,1,1,1,1,1,2,1,2,9,6,1,1,35,2,2
1,38,4,3,2003,1,1,1,2,2,1,4,1,1,1,1,1,1,2,9,6,1,1,,2,2
6,38,4,3,2003,1,1,1,2,2,1,4,1,1,1,1,1,1,2,8,6,1,1,,2,2
1,38,4,4,2003,2,1,1,2,2,1,1,1,1,1,1,1,1,2,9,6,1,1,,2,2
1,38,4,4,2003,1,1,1,2,2,1,4,1,1,1,1,1,1,2,9,6,1,1,,2,2
4,36,4,5,2003,3,1,1,2,2,1,1,1,1,1,1,1,1,2,9,6,1,1,50,2,2
6,40,4,4,2003,1,1,1,2,2,1,2,2,1,1,1,1,1,2,14,6,1,1,,2,2
6,40,2,4,2003,2,1,1,2,2,1,1,1,1,1,1,1,1,2,14,6,1,1,,2,2
1,40,3,5,2003,2,1,1,2,1,1,1,1,1,1,1,1,1,2,14,6,1,1,35,2,2
6,40,2,5,2003,2,1,1,2,2,1,1,1,1,1,1,1,1,2,11,10,1,1,,2,2
3,36,4,6,2003,3,1,1,2,2,1,1,1,1,1,1,1,1,2,14,6,1,1,42,2,2
1,40,4,6,2003,3,1,1,2,2,1,1,1,1,1,1,1,1,2,9,6,1,1,,2,2
3,40,3,6,2003,1,1,1,2,2,1,4,1,1,1,1,1,1,2,14,6,1,1,,2,2
1,38,4,7,2003,2,1,1,2,2,1,1,1,1,1,1,1,1,2,14,6,1,1,40,2,2
1,38,4,7,2003,3,1,1,2,2,2,1,2,2,1,1,1,1,2,9,6,1,1,29,2,2
1,38,4,7,2003,1,1,1,2,2,2,2,1,2,1,1,1,1,2,14,6,1,1,40,2,2
4,35,3,9,2003,3,1,1,2,2,1,1,1,1,1,1,1,1,2,14,6,1,1,,2,2
7,40,4,10,2003,2,1,1,2,2,1,1,1,1,1,1,3,1,2,8,6,1,1,,2,2
6,40,4,11,2003,1,1,1,2,2,1,4,1,1,1,1,1,1,2,9,6,1,1,,2,2
1,35,3,11,2003,2,1,1,2,2,1,1,1,1,1,1,2,1,2,12,6,1,1,25,2,2
1,35,4,11,2003,3,1,1,2,2,1,1,1,1,1,1,1,1,2,8,6,1,1,35,2,2
1,38,4,9,2003,3,1,1,2,2,2,1,1,2,1,1,1,1,2,9,6,1,1,44,2,2
1,38,4,11,2003,2,1,1,2,2,1,1,1,1,1,1,1,1,2,14,6,1,1,,2,2
3,39,3,10,2003,4,1,1,2,2,1,3,1,1,1,1,1,1,2,14,6,1,1,35,2,2
3,39,4,10,2003,3,1,1,2,2,1,1,1,1,1,1,1,1,2,9,6,1,1,,2,2
1,38,3,12,2003,3,1,1,2,2,1,1,1,1,1,1,1,1,2,10,6,1,1,,2,2
6,40,3,12,2003,3,1,1,2,2,1,1,1,1,1,1,1,1,2,10,6,1,1,,2,2
6,40,3,12,2003,3,1,1,2,2,1,1,1,1,1,1,1,1,2,8,6,1,1,,2,2
1,36,3,10,2003,1,1,1,2,2,1,4,1,1,1,1,1,1,2,10,6,1,1,,2,2
3,36,4,11,2003,2,1,1,2,2,1,1,1,1,1,1,1,1,2,7,6,1,1,38,2,2
1,35,3,10,2003,3,1,1,2,2,1,1,1,1,1,1,1,1,2,14,6,1,1,40,2,2
1,35,3,10,2003,4,1,1,2,2,1,4,1,1,1,1,2,1,2,10,6,1,1,22,2,2
1,35,3,10,2003,2,1,1,2,2,1,1,1,1,1,1,2,1,2,9,6,1,1,,2,2
2,35,3,10,2003,4,1,1,2,2,1,4,1,1,1,1,3,1,2,14,6,1,1,,2,2
5,28,1,6,2003,3,1,8,1,1,1,1,1,1,1,1,5,1,1,6,6,2,7,,2,2
1,54,4,1,2003,3,1,1,2,2,1,1,2,1,1,1,4,1,1,7,1,1,1,27,2,2
1,53,3,3,2003,3,7,,1,2,1,1,1,1,1,1,4,1,2,5,6,1,1,,2,2
6,55,4,5,2003,1,1,1,2,2,1,4,1,1,1,1,3,1,2,9,6,1,1,40,2,2
12,54,3,5,2003,4,7,1,2,2,1,4,2,1,1,2,3,1,2,14,6,1,1,38,2,2
12,54,1,10,2003,2,1,1,2,2,1,1,1,1,1,2,2,1,2,9,5,,1,,2,2
1,55,3,10,2003,3,7,1,2,2,1,2,2,1,1,1,1,1,2,14,4,1,1,,,
9,56,1,10,2003,2,3,1,2,2,1,1,4,1,1,1,3,1,2,9,1,1,,44,2,2
3,56,4,11,2003,4,1,8,2,2,1,2,1,,,,3,1,2,14,11,2,,44,,
1,55,4,12,2003,4,1,1,2,2,1,4,1,1,1,1,1,1,2,9,6,1,1,,2,2
1,54,2,12,2003,4,1,1,2,2,1,4,1,1,1,1,3,3,2,14,6,1,1,34,2,2
1,58,2,3,2003,4,1,,2,2,1,2,1,1,1,1,1,1,2,14,4,,,,,
1,58,4,1,2003,3,1,2,2,2,1,1,1,1,1,1,1,1,2,9,6,1,1,45,2,2
1,58,4,1,2003,2,1,1,2,2,1,1,1,1,1,1,2,1,1,9,6,1,1,40,1,2
1,58,3,1,2003,2,,2,2,2,1,1,1,1,1,1,2,1,1,9,5,,6,35,2,2
1,58,3,1,2003,4,6,1,2,1,1,2,1,1,1,1,1,5,2,14,11,1,1,42,2,2
14,63,4,3,2003,1,1,1,1,2,1,4,1,1,1,1,1,1,2,14,6,1,,35,2,2
13,63,4,3,2003,2,7,8,1,2,1,1,1,1,1,1,1,1,2,9,11,1,7,,,
6,63,4,3,2003,3,7,8,2,2,1,1,1,1,1,1,1,1,1,9,11,1,1,45,2,2
1,60,4,3,2003,2,1,,2,2,1,1,1,1,1,1,1,1,2,14,11,1,1,35,2,2
1,60,4,3,2003,3,7,1,2,2,1,1,1,1,1,1,2,1,2,14,,2,4,,1,2
6,58,4,2,2003,3,4,1,2,2,1,1,1,1,1,1,1,1,1,14,11,1,1,38,2,2
1,58,1,3,2003,3,7,1,2,1,1,1,1,1,1,1,1,1,2,11,6,1,1,,,
1,58,1,3,2003,3,1,,,,1,1,2,1,1,1,1,1,1,9,,,,,,
7,58,4,3,2003,2,1,1,2,2,1,1,1,1,1,1,1,1,2,9,,1,1,36,2,2
5,58,4,3,2003,4,7,1,2,2,1,2,1,1,1,1,1,1,2,7,6,1,1,35,2,2
6,58,4,3,2003,3,1,1,2,2,1,1,1,1,1,1,1,1,1,9,6,1,1,,2,2
7,58,4,4,2003,3,1,1,2,2,1,1,1,1,1,1,1,2,2,14,6,1,1,31,1,2
8,63,4,4,2003,1,1,1,1,1,1,2,1,1,1,1,1,1,2,14,6,1,,35,2,2
11,63,4,4,2003,3,1,1,2,,1,1,1,1,1,2,1,1,2,9,6,1,3,35,2,2
6,60,4,4,2003,2,1,6,2,2,1,1,1,1,1,1,5,1,1,9,6,1,1,42,2,2
7,65,4,4,2003,2,,2,2,2,1,1,1,1,1,1,2,4,2,14,,1,1,,,2
1,61,4,4,2003,3,1,1,2,2,1,1,1,1,1,1,1,1,2,9,5,,,,,
5,46,4,1,2003,2,1,1,2,2,1,1,1,1,1,1,1,1,2,9,6,1,1,,2,2
1,50,3,2,2003,3,1,1,2,2,1,1,1,1,1,1,1,1,2,14,6,1,1,30,2,2
3,44,4,1,2003,3,1,1,2,2,1,1,1,1,1,1,1,1,2,8,6,1,1,,2,2
12,47,3,1,2003,2,1,1,2,1,4,2,1,1,1,1,1,1,2,14,6,1,1,35,2,2
3,43,4,2,2003,2,1,1,2,2,1,1,1,1,1,1,1,1,2,8,6,1,1,,2,2
2,43,3,1,2003,3,1,1,2,2,1,1,1,1,1,1,1,1,2,9,6,1,1,,2,2
1,48,4,1,2003,3,1,1,2,2,1,1,1,1,1,1,3,1,2,12,6,1,1,,2,2
1,48,3,2,2003,3,1,1,2,2,2,1,1,2,1,1,1,1,1,14,6,1,1,30,2,2
6,45,3,1,2003,4,1,1,2,2,1,2,1,1,1,1,1,1,2,9,6,1,1,,2,2
1,52,4,1,2003,4,1,1,2,2,1,4,2,1,1,1,3,1,2,14,6,1,1,,2,2
3,41,3,2,2003,3,1,1,2,2,1,1,1,1,1,1,1,1,2,9,6,1,1,26,2,2
4,41,4,2,2003,3,1,1,2,2,1,1,1,1,1,1,3,1,2,9,6,1,1,,2,2
5,41,4,3,2003,4,1,1,2,2,2,4,1,2,1,1,1,1,1,13,6,1,1,50,2,2
1,50,3,3,2003,3,1,1,2,2,2,1,1,1,1,1,1,1,2,12,6,1,1,,2,2
2,50,4,3,2003,2,1,1,2,2,1,1,1,1,1,1,1,1,2,14,6,1,1,,2,2
7,50,1,3,2003,2,1,1,2,2,1,1,1,1,1,1,2,1,2,14,6,1,1,,2,2
3,45,3,3,2003,3,1,1,2,2,1,1,1,1,1,1,3,1,2,8,6,1,1,45,2,2
2,47,3,3,2003,3,1,1,2,2,1,1,1,1,1,1,1,1,2,7,6,1,1,,2,2
4,47,4,3,2003,2,1,1,2,2,1,2,1,1,1,1,1,1,2,14,6,1,1,,2,2
8,47,4,4,2003,4,1,1,2,2,1,1,1,1,1,1,1,1,2,14,6,1,1,,2,2
9,47,1,3,2003,2,1,1,2,2,1,1,1,1,1,1,1,1,2,14,6,1,1,,2,2
1,50,3,4,2003,3,1,1,2,2,1,1,1,1,1,1,1,1,1,12,6,1,1,,2,2
1,50,3,4,2003,2,1,1,2,2,1,1,1,1,1,1,1,1,2,9,6,1,1,,2,2
1,50,3,4,2003,3,1,1,2,2,1,1,1,1,1,1,1,1,2,8,6,1,1,,2,2
5,50,4,4,2003,3,1,1,2,2,1,1,1,1,1,1,2,1,2,9,6,1,1,,2,2
12,50,4,4,2003,3,1,1,2,2,1,1,1,1,1,1,1,1,2,14,6,1,1,,2,2