Thana,District,Accident_Severity,Month,Year,Time,Junction_Type,Traffic_Control,Movement,Divider,Weather,Light,Road_Geometry,Surface_Condition,Surface_Type,Surface_Quality,Road_Class,Road_Feature,Location_Type,Vehicle_Type,Vehicle_Movement,Vehicle_Loading,Vehicle_Defect,Vehicle_Driver_Age,Vehicle_Alcohol,Vehicle_Seat_Belt
3,44,4,3,2003,3,1,1,2,2,1,1,1,1,1,1,1,1,2,9,6,1,1,33,2,2
4,44,2,3,2003,3,1,1,2,2,1,1,1,1,1,1,1,1,2,15,6,1,1,40,2,2
7,44,2,3,2003,1,1,1,2,2,2,4,1,2,1,1,1,1,2,14,6,1,1,50,2,2
3,44,4,4,2003,3,1,1,2,2,1,1,1,1,1,1,1,1,2,11,6,1,1,35,2,2
1,48,3,4,2003,2,1,1,2,2,1,2,1,1,1,1,1,1,1,9,6,1,1,31,2,2
1,48,4,4,2003,3,1,1,2,2,1,1,1,1,1,1,1,1,2,8,6,1,1,38,2,2
2,43,4,4,2003,4,1,1,2,2,1,4,1,1,1,1,1,2,2,9,6,1,1,40,2,2
6,45,4,4,2003,1,1,1,2,2,4,2,1,1,1,3,1,1,2,8,6,1,1,,2,2
1,45,4,5,2003,3,1,1,2,2,1,1,1,1,1,1,1,1,2,14,6,1,1,40,2,2
6,45,3,5,2003,4,1,1,2,2,1,4,1,1,1,1,1,1,2,12,6,1,1,,2,2
1,43,4,5,2003,3,1,1,2,2,1,1,3,1,1,1,3,1,2,9,6,1,1,,2,2
2,43,4,5,2003,4,1,1,2,2,1,4,1,1,1,1,1,1,2,7,6,1,1,,2,2
2,47,4,5,2003,3,1,1,2,2,1,1,1,1,1,1,1,1,2,9,6,1,1,,2,2
9,47,4,5,2003,2,1,1,2,2,1,1,1,1,1,1,1,1,2,14,6,1,1,35,2,2
2,43,3,6,2003,4,1,1,2,2,2,4,1,2,1,1,1,1,2,14,6,1,1,,2,2
2,43,4,6,2003,1,1,1,2,2,1,2,1,1,1,1,1,1,2,14,6,1,1,,2,2
6,45,4,6,2003,2,1,1,2,2,1,1,1,1,1,1,1,1,2,10,6,1,1,35,2,2
2,50,3,5,2003,1,1,1,2,2,1,4,1,1,1,1,1,1,2,14,6,1,1,,2,2
4,41,3,3,2003,3,1,1,2,2,1,1,1,1,1,1,3,1,2,8,6,1,1,,2,2
4,44,3,5,2003,3,1,1,2,2,1,1,1,1,1,1,1,1,2,6,6,1,1,,2,2
5,44,4,5,2003,1,1,1,2,2,1,2,1,1,1,1,1,1,2,14,6,1,1,42,2,2
7,44,4,5,2003,1,1,1,2,2,1,2,1,1,1,1,1,1,2,14,6,1,1,,2,2
3,41,3,5,2003,3,1,1,2,2,1,1,1,1,1,1,1,1,2,9,6,1,1,,2,2
5,41,3,5,2003,2,1,1,2,2,1,2,1,1,1,1,1,1,2,9,6,1,1,,2,2
5,41,4,6,2003,1,1,1,2,2,1,4,1,1,1,1,1,1,2,14,6,1,1,,2,2
1,51,3,5,2003,2,1,1,2,2,1,1,1,1,1,1,1,1,2,6,6,1,1,25,2,2
1,46,4,4,2003,1,1,1,2,2,1,4,1,1,1,1,1,1,2,14,6,1,1,,2,2
1,50,3,6,2003,4,1,1,2,2,1,4,1,1,1,1,1,1,2,14,6,1,1,35,2,2
2,50,4,6,2003,3,1,1,2,2,1,1,1,1,1,1,1,1,1,11,6,1,1,,2,2
10,50,3,6,2003,4,1,1,2,2,1,3,1,1,1,1,1,1,2,14,6,1,1,,2,2
13,50,4,6,2003,4,1,1,2,2,1,4,1,1,1,1,1,1,2,14,6,1,1,,2,2
1,47,3,6,2003,3,1,1,2,2,1,1,1,1,1,1,1,1,2,9,5,1,1,43,2,2
1,47,4,6,2003,2,1,1,2,2,1,1,1,1,1,1,1,1,2,9,6,1,1,35,2,2
2,47,4,6,2003,3,1,1,2,2,1,1,1,1,1,1,1,1,2,10,6,1,1,,2,2
5,47,3,6,2003,3,1,1,2,2,2,1,1,2,1,1,3,1,2,11,6,1,1,35,2,2
2,45,3,7,2003,1,1,1,2,2,1,4,1,1,1,1,1,1,2,14,6,1,1,,2,2
10,50,3,7,2003,3,1,1,2,2,1,1,1,1,1,1,1,1,2,9,6,1,1,,2,2
12,50,4,7,2003,2,1,1,2,2,1,1,1,1,1,1,1,1,2,9,6,1,1,,2,2
1,47,3,7,2003,4,1,1,2,2,1,4,1,1,1,1,1,1,2,14,6,1,1,25,2,2
1,47,3,7,2003,2,1,1,2,2,1,1,1,1,1,1,1,1,2,9,6,1,1,,2,2
9,47,4,7,2003,3,1,1,2,2,1,1,1,1,1,1,1,1,2,9,6,1,1,,2,2
9,47,3,7,2003,4,1,1,2,2,1,4,1,1,1,1,1,1,2,14,6,1,1,40,2,2
13,47,1,7,2003,3,1,1,2,2,1,1,1,1,1,1,1,1,2,9,6,1,1,45,2,2
4,44,3,7,2003,3,1,1,2,2,1,1,1,1,1,1,3,1,2,14,6,1,1,,2,2
4,44,4,7,2003,2,1,1,2,2,1,1,1,1,1,1,3,1,2,14,6,1,1,,2,2
5,44,4,7,2003,4,1,1,2,2,1,4,1,1,1,1,1,1,2,7,6,1,1,,2,2
5,44,4,7,2003,4,1,1,2,2,1,3,1,1,1,1,1,1,2,9,6,1,1,,2,2
7,44,3,7,2003,1,1,1,2,2,1,4,1,1,1,1,1,1,2,8,6,1,1,,2,2
7,44,4,7,2003,2,1,1,2,2,1,1,1,1,1,1,1,1,2,8,6,1,1,35,2,2
7,44,4,7,2003,4,1,1,2,2,1,2,1,1,1,1,1,1,2,8,6,1,1,,2,2
7,44,4,7,2003,4,1,1,2,2,1,4,1,1,1,1,1,1,2,9,6,1,1,,2,2
9,47,4,8,2003,2,1,1,2,2,1,1,1,1,1,1,1,1,2,14,6,1,1,,2,2
9,47,3,8,2003,1,1,1,2,2,1,1,1,1,1,1,1,1,2,9,6,1,1,,2,2
2,43,2,9,2003,4,1,1,2,2,1,3,3,1,1,1,1,2,2,10,6,1,1,,2,2
8,47,3,9,2003,2,1,1,2,2,1,1,1,1,1,1,1,1,2,6,6,1,1,,2,2
2,50,4,8,2003,1,1,1,2,2,1,2,1,1,1,1,1,1,2,7,6,1,1,22,2,2
12,50,4,9,2003,2,1,1,2,2,1,1,1,1,1,1,1,1,2,9,6,1,1,,2,2
2,50,4,10,2003,3,1,1,2,2,1,1,1,1,1,1,1,1,2,9,6,1,1,,2,2
11,50,4,10,2003,4,1,1,2,2,1,4,1,1,1,1,3,1,2,14,6,1,1,,2,2
12,50,4,11,2003,3,1,1,2,2,1,1,1,1,1,1,1,1,2,9,6,1,1,,2,2
13,50,4,11,2003,2,1,1,2,2,1,2,1,1,1,1,2,1,2,12,6,1,1,,2,2
1,47,4,10,2003,1,1,1,2,2,2,4,2,2,1,1,1,1,2,9,6,1,1,,2,2
2,47,4,10,2003,1,1,1,2,2,1,4,1,1,1,1,1,1,2,14,6,1,1,,2,2
12,47,3,10,2003,3,1,1,2,2,1,1,1,1,1,1,1,1,2,9,6,1,1,35,2,2
2,43,2,10,2003,1,1,1,2,2,1,2,1,1,1,3,1,1,2,14,6,1,1,30,2,2
2,43,4,10,2003,1,1,1,2,2,1,2,1,1,1,1,1,1,2,13,6,1,1,,2,2
2,43,4,11,2003,3,1,1,2,2,1,1,1,1,1,1,1,1,2,9,6,1,1,,2,2
2,43,1,11,2003,4,1,1,2,2,1,4,1,1,1,1,1,1,2,9,6,1,1,30,2,2
2,43,4,11,2003,3,1,1,2,2,1,2,1,1,1,1,1,1,2,9,6,1,1,,2,2
5,44,4,8,2003,4,1,1,2,2,1,4,1,1,1,1,1,1,2,7,6,1,1,25,2,2
5,44,4,8,2003,2,1,1,2,2,2,1,1,2,1,1,1,1,2,9,6,1,1,,2,2
4,51,4,12,2003,3,1,1,2,2,1,2,1,1,1,1,1,1,2,16,6,1,1,,2,2
2,50,4,12,2003,3,1,1,2,2,1,1,1,1,1,1,1,1,2,9,6,1,1,,2,2
2,50,4,12,2003,4,1,1,2,2,4,4,1,1,1,1,1,1,2,14,6,1,1,,2,2
11,50,3,12,2003,2,1,1,2,2,1,1,1,1,1,1,2,1,2,9,6,1,1,35,2,2
13,50,4,12,2003,3,1,1,2,2,1,1,1,1,1,1,3,1,2,8,6,1,1,,2,2
5,41,4,9,2003,3,1,1,2,2,1,1,1,1,1,1,1,1,2,9,6,1,1,,2,2
5,41,2,11,2003,1,1,1,2,2,1,1,1,1,1,1,1,1,2,9,6,1,1,,2,2
5,41,3,11,2003,2,1,1,2,2,1,1,1,1,1,1,1,1,2,10,6,1,1,,2,2
2,43,4,12,2003,2,1,1,2,2,1,1,1,1,1,1,1,1,2,9,6,1,1,,2,2
2,43,1,12,2003,4,1,1,2,2,1,4,1,1,1,1,1,1,2,9,6,1,1,32,2,2
1,46,3,4,2003,3,1,1,2,2,1,1,1,1,1,1,1,1,2,8,6,1,1,,2,2
1,46,4,7,2003,2,1,1,2,2,1,1,1,1,1,1,1,1,2,14,6,1,1,,2,2
3,44,4,10,2003,2,1,1,2,2,1,1,1,1,1,1,1,1,2,14,6,1,1,,2,2
4,44,3,10,2003,4,1,1,2,2,1,2,1,1,1,1,2,1,2,9,6,1,1,42,2,2
5,44,4,10,2003,1,1,1,2,2,1,4,1,1,1,1,1,1,2,7,6,1,1,35,2,2
7,44,1,10,2003,2,1,1,2,2,1,1,1,1,1,1,1,1,2,10,6,1,1,23,2,2
7,44,4,10,2003,3,1,1,1,2,1,1,1,1,1,1,1,1,2,9,6,1,1,,2,2
7,44,4,10,2003,1,1,1,2,2,1,4,1,1,1,1,1,1,2,9,6,1,1,,2,2
5,44,4,11,2003,2,1,1,2,2,1,2,1,1,1,1,1,1,2,8,6,1,1,,2,2
5,44,4,11,2003,4,1,1,2,2,1,4,1,1,1,3,1,1,2,14,6,1,1,,2,2
3,44,1,12,2003,4,1,1,2,2,1,4,1,1,1,1,1,1,2,9,6,1,1,,2,2
4,44,3,12,2003,3,1,1,2,2,1,1,1,1,1,1,2,1,2,14,6,1,1,,2,2
9,42,2,2,2003,3,3,4,2,1,1,1,1,1,1,1,5,1,1,12,6,1,1,,2,2
9,42,2,2,2003,3,3,4,2,1,1,1,1,1,1,1,5,1,1,9,6,1,1,,2,2
11,42,1,1,2003,1,1,3,1,1,1,3,1,1,1,1,5,1,1,14,6,1,1,26,2,2
10,42,3,1,2003,2,3,4,2,1,1,1,1,1,1,1,5,1,1,8,6,,,,2,2
10,42,3,2,2003,4,7,8,2,2,1,2,1,1,1,1,5,1,1,12,6,,,38,2,2
10,42,3,2,2003,2,7,6,2,1,1,1,1,1,1,1,5,1,1,8,6,1,1,,2,2
6,42,2,3,2003,4,1,1,2,2,1,3,1,1,1,1,5,1,1,14,6,1,1,,2,2
21,42,4,1,2003,3,1,1,2,2,1,1,1,1,1,1,5,1,1,4,6,1,1,17,2,2
10,42,3,3,2003,4,1,6,2,1,1,3,1,1,1,1,5,1,1,10,6,1,1,,2,2
10,42,3,3,2003,3,7,8,2,1,1,1,1,1,1,1,5,1,1,10,6,,,,2,2
9,42,2,3,2003,4,1,1,2,2,1,3,1,1,1,1,5,1,1,19,6,1,1,,2,2
9,42,2,3,2003,3,1,4,2,1,1,1,1,1,1,1,5,1,1,12,6,1,1,,2,2
9,42,3,3,2003,4,1,1,2,1,1,3,1,1,1,1,5,1,1,10,6,,,,2,2
9,42,2,3,2003,2,5,5,2,1,1,1,1,1,1,1,5,1,1,9,6,2,7,,2,2
9,42,2,3,2003,2,7,6,2,1,1,1,1,1,1,1,5,1,1,9,6,1,1,,2,2
11,42,3,3,2003,1,3,4,2,1,1,3,1,1,1,1,5,1,1,7,6,1,1,35,2,2
11,42,4,3,2003,2,1,1,1,1,1,2,1,1,1,1,5,1,1,14,6,,,,2,2
3,42,2,4,2003,4,3,4,2,2,1,3,1,1,1,1,5,1,1,7,6,1,1,32,2,2
10,42,4,4,2003,4,7,8,2,1,1,3,1,1,1,1,5,1,1,8,6,1,1,,2,2
21,42,3,4,2003,1,1,1,2,1,1,2,1,1,1,1,5,1,1,14,6,,,,2,2
6,42,2,4,2003,2,2,4,2,1,1,1,1,1,1,1,5,1,1,9,6,,,,2,2
6,42,4,4,2003,1,1,,2,1,1,3,1,1,1,1,5,1,1,13,6,1,1,,1,2
9,42,3,1,2003,4,2,4,2,2,1,3,1,1,1,1,5,1,1,9,6,,1,,2,2
9,42,3,1,2003,3,2,4,2,2,1,1,1,1,1,1,5,1,1,9,6,1,1,,2,2
9,42,2,1,2003,4,3,4,2,1,1,3,1,1,1,1,5,1,1,9,6,1,1,,2,2
9,42,3,1,2003,4,2,4,2,1,1,3,1,1,1,1,5,1,1,10,6,,1,,2,2
9,42,2,1,2003,4,3,4,2,1,1,3,1,1,1,1,5,1,1,14,6,1,1,,2,2
9,42,3,1,2003,2,3,4,2,2,1,1,1,1,1,1,5,1,1,9,6,1,1,,2,2
9,42,2,1,2003,3,5,4,2,1,1,1,1,1,1,1,5,1,1,8,6,,,,2,2
8,42,3,1,2003,2,1,1,2,1,1,1,1,1,1,1,5,1,1,10,6,1,7,,2,2
1,42,3,1,2003,1,1,1,2,1,1,3,1,1,1,1,5,1,1,14,6,2,1,,2,2
1,42,2,1,2003,3,1,1,2,1,1,1,1,1,1,1,5,1,1,8,6,1,1,,2,2
1,42,3,3,2003,3,3,1,2,1,1,1,1,1,1,1,5,1,1,10,6,1,1,,2,2
1,42,3,1,2003,4,2,4,1,1,1,2,1,1,1,1,5,1,1,10,6,1,1,,2,2
1,42,3,1,2003,3,1,1,2,2,1,1,1,1,1,1,5,1,1,11,6,,,,2,2
1,42,2,1,2003,4,3,4,2,1,1,3,1,1,1,1,5,1,1,14,6,2,7,,2,2
1,42,3,1,2003,3,2,4,2,1,1,1,1,1,1,1,5,1,1,10,6,1,1,,2,2
1,42,1,3,2003,4,5,4,2,1,1,3,1,1,1,1,5,1,1,14,6,1,1,,2,2
1,42,2,3,2003,3,5,4,2,1,1,1,1,1,1,1,5,1,1,8,6,1,1,,2,2
1,42,2,3,2003,3,1,1,2,1,1,1,1,1,1,1,5,1,1,9,6,1,1,,2,2
11,42,3,4,2003,2,7,1,2,1,1,1,1,1,1,1,5,1,1,14,6,1,1,,,2
6,42,2,5,2003,3,1,1,2,2,1,1,1,1,1,1,5,1,1,8,6,,,,2,2
5,42,2,2,2003,4,7,1,2,2,1,3,1,1,1,1,5,1,1,10,6,1,1,40,2,2
5,42,1,2,2003,2,7,1,2,2,1,1,1,1,1,1,5,1,1,13,6,1,1,50,2,2
21,42,3,5,2003,4,1,1,2,2,1,3,1,1,1,1,5,1,1,14,6,1,1,,2,2
21,42,3,5,2003,3,7,4,2,2,1,1,1,1,1,1,5,1,1,8,6,1,1,,2,2
2,42,4,1,2003,4,2,4,2,1,1,3,1,1,1,1,5,1,1,9,6,1,1,,2,2
10,42,3,5,2003,1,7,4,2,1,1,3,1,1,1,1,5,1,1,5,6,1,1,,2,2
12,42,4,1,2003,1,1,1,2,1,1,2,1,1,1,1,5,1,1,14,6,1,1,,1,2
12,42,1,2,2003,4,3,1,2,1,1,3,1,1,1,1,5,1,1,11,6,1,1,,2,2
22,42,3,4,2003,2,7,4,2,1,1,1,1,1,1,1,5,1,1,8,6,1,1,,2,2
22,42,4,4,2003,4,1,1,2,1,1,3,1,1,1,1,5,1,1,8,6,1,1,,2,2
22,42,2,5,2003,3,3,4,2,1,1,1,1,1,1,1,5,1,1,9,5,,,,2,2
22,42,2,5,2003,2,1,4,2,1,1,2,1,1,1,1,5,1,1,10,6,1,1,,2,2
15,42,2,4,2003,4,7,2,2,1,1,3,1,1,1,1,5,1,1,8,6,,,35,2,2
15,42,2,4,2003,4,1,1,1,1,1,2,1,1,1,1,5,1,1,9,6,1,1,40,2,2
12,42,4,7,2003,2,1,2,2,1,2,1,1,2,1,1,5,1,1,8,6,1,1,,2,2
12,42,1,7,2003,1,3,6,2,1,1,3,1,1,1,1,5,1,1,14,6,1,1,,2,2
9,42,3,5,2003,3,3,4,2,1,1,1,1,1,1,1,5,1,1,10,6,1,1,,2,2
9,42,3,5,2003,3,5,4,2,1,1,1,1,1,1,1,5,1,1,8,6,2,1,,2,2
9,42,2,5,2003,4,3,6,2,1,1,3,1,1,1,1,5,1,1,14,7,,,,2,2
9,42,3,5,2003,2,1,1,2,1,1,1,1,5,1,1,5,1,1,9,6,1,1,,2,2
9,42,2,5,2003,2,3,4,2,1,1,1,1,1,1,1,5,1,1,8,6,1,1,,2,2
9,42,2,6,2003,1,3,6,2,1,1,2,1,1,1,1,5,1,1,12,6,,,,2,2
9,42,2,6,2003,1,5,4,2,1,1,3,1,1,1,1,5,1,1,14,6,1,1,,2,2
9,42,2,6,2003,4,3,4,2,1,1,3,1,1,1,1,5,1,1,7,6,1,1,,2,2
9,42,2,6,2003,3,1,1,2,1,1,1,1,1,1,1,5,1,1,7,6,1,1,,2,2
9,42,2,6,2003,3,5,4,1,1,1,1,1,1,1,1,5,1,1,8,5,1,1,,2,2
9,42,3,7,2003,4,3,6,2,1,1,3,1,1,1,1,5,1,1,14,6,1,1,,2,2
9,42,2,7,2003,3,1,1,2,1,1,1,1,1,1,1,5,1,1,10,6,1,1,32,2,2
9,42,3,7,2003,3,1,1,2,1,1,1,1,1,1,1,5,1,1,10,6,1,1,,2,2
9,42,3,4,2003,4,2,6,2,1,1,2,1,1,1,1,5,1,1,14,6,1,1,,2,2
9,42,4,4,2003,3,2,6,2,1,1,1,1,1,1,1,5,1,1,9,6,1,1,,2,2
9,42,2,4,2003,4,3,6,2,1,1,3,1,1,1,1,5,1,1,9,6,1,1,,2,2
9,42,3,4,2003,2,2,6,2,1,1,1,1,1,1,1,5,1,1,8,6,1,1,25,2,2
9,42,2,4,2003,4,1,1,2,1,1,3,1,1,1,1,5,1,1,8,6,1,,25,2,2
9,42,2,4,2003,3,5,6,2,1,1,1,1,1,1,1,5,1,1,10,6,1,1,,2,2
14,42,2,1,2003,1,3,4,2,1,1,2,1,1,1,1,5,1,1,14,6,1,1,,2,2
14,42,4,2,2003,1,1,1,2,1,1,2,1,1,1,1,5,1,1,9,6,1,1,,2,2
14,42,3,2,2003,4,5,4,2,1,1,3,1,1,1,1,5,1,1,14,6,1,1,,2,2
14,42,4,2,2003,3,1,1,2,2,1,1,1,1,1,1,2,1,2,9,6,1,1,,1,2
14,42,2,3,2003,2,3,4,2,1,1,1,1,1,1,1,5,1,1,15,6,1,1,,2,2
14,42,3,4,2003,3,1,1,2,2,1,1,1,1,1,1,5,1,1,9,6,1,1,,2,2
14,42,3,4,2003,4,3,4,2,1,1,3,1,1,1,1,5,1,1,11,6,1,1,,2,2
14,42,3,5,2003,3,6,1,2,2,1,1,1,1,1,1,5,1,1,8,6,1,1,,2,2
14,42,3,5,2003,3,1,1,2,2,1,1,1,1,1,1,2,1,2,9,6,1,1,42,2,2
14,42,2,6,2003,2,1,1,2,1,1,1,1,1,1,1,5,1,1,9,6,1,1,,2,2
14,42,4,6,2003,2,2,1,1,1,1,2,1,1,1,1,1,1,1,8,6,1,1,50,2,2
14,42,3,7,2003,2,1,1,2,1,1,3,1,1,1,1,1,1,1,9,6,1,1,,2,2
1,42,2,4,2003,3,2,6,2,1,1,1,1,1,1,1,5,1,1,9,6,2,1,,2,2
1,42,2,4,2003,2,5,6,2,1,1,1,1,1,1,1,5,1,1,9,6,1,1,35,2,2
1,42,2,5,2003,4,5,6,2,1,1,3,1,1,1,1,5,1,1,14,6,1,1,45,2,2
1,42,2,5,2003,4,1,1,2,1,1,3,1,1,1,1,5,1,1,9,6,1,1,,2,2
1,42,2,5,2003,4,5,6,2,1,1,2,1,1,1,1,5,1,1,9,5,1,1,,2,2
1,42,2,5,2003,1,2,6,2,1,1,3,1,1,1,1,5,1,1,10,6,1,1,,2,2
1,42,2,6,2003,4,2,6,2,1,1,2,1,1,1,1,5,1,1,8,5,1,1,,2,2
1,42,2,6,2003,3,1,1,2,1,1,1,1,1,1,1,5,1,1,8,6,1,1,,2,2
1,42,2,6,2003,1,6,1,2,1,1,3,1,1,1,1,5,1,1,14,6,1,1,,2,2
1,42,2,6,2003,1,3,6,2,1,1,3,1,1,1,1,5,1,1,14,6,1,1,,2,2
1,42,2,6,2003,1,1,4,2,1,1,3,1,1,1,1,5,1,1,8,6,1,1,,2,2
1,42,2,6,2003,3,3,6,2,1,1,1,1,1,1,1,5,1,1,10,6,1,1,,2,2
1,42,4,6,2003,1,5,6,2,1,1,2,1,1,1,1,5,1,1,14,6,2,7,,2,2
1,42,2,7,2003,3,1,1,2,1,1,1,1,1,1,1,5,1,1,8,6,1,7,,2,2
1,42,2,7,2003,1,5,6,2,1,1,2,1,1,1,1,5,1,1,8,6,1,1,,2,2
1,42,2,7,2003,1,1,1,2,1,1,3,1,1,1,1,5,1,1,19,6,1,1,,2,2
1,42,2,7,2003,4,3,6,2,1,1,3,1,1,1,1,5,1,1,9,6,1,1,,2,2
1,42,2,7,2003,3,3,6,2,1,1,1,1,1,1,1,5,1,1,8,6,1,1,,2,2
17,42,2,1,2003,3,1,1,2,1,1,1,1,1,1,1,5,1,1,19,5,1,1,26,2,2
17,42,2,1,2003,3,1,1,2,1,1,1,1,1,1,1,5,1,1,7,5,1,1,,2,2
17,42,3,8,2003,4,1,1,2,1,1,3,1,1,1,1,5,1,1,9,6,,1,,,
17,42,3,8,2003,1,2,6,2,1,1,3,1,1,1,1,5,1,1,8,6,1,1,,,
13,42,2,3,2003,2,1,1,1,1,1,2,1,1,1,1,5,1,1,7,5,1,1,42,2,2
13,42,2,3,2003,4,1,1,2,1,1,3,1,1,1,1,5,1,1,9,6,1,1,42,2,2
10,42,3,8,2003,1,7,4,2,1,1,2,1,1,1,1,5,1,1,5,6,1,1,,2,2
9,42,2,8,2003,4,5,6,2,1,1,2,1,1,1,1,5,1,1,9,6,1,1,,2,2
9,42,2,8,2003,3,1,1,2,1,1,1,1,1,1,1,5,1,1,8,6,1,1,,2,2
9,42,2,8,2003,4,5,4,2,1,1,3,1,1,1,1,5,1,1,14,6,1,1,,2,2
9,42,2,8,2003,4,7,4,2,1,1,3,1,1,1,1,5,1,1,9,6,1,1,,2,2
9,42,2,9,2003,2,1,1,2,1,1,1,1,1,1,1,5,1,1,8,6,1,1,,2,2
9,42,2,9,2003,4,1,1,2,1,1,3,1,1,1,1,5,1,1,10,6,1,1,,2,2
9,42,2,9,2003,4,3,6,2,1,1,3,1,1,1,1,5,1,1,14,6,1,1,,2,2
9,42,3,9,2003,2,5,6,2,1,1,2,1,1,1,1,5,1,1,10,6,1,1,,2,2
9,42,2,9,2003,3,5,4,2,1,1,1,1,1,1,1,5,1,1,9,6,1,1,,2,2
9,42,2,9,2003,4,1,1,2,1,1,3,1,1,1,1,5,1,1,14,6,1,1,,2,2
9,42,4,9,2003,4,1,4,2,1,1,3,1,1,1,1,5,1,1,14,6,1,1,,2,2
17,42,3,9,2003,3,1,1,2,1,1,1,1,1,1,1,5,1,1,9,6,1,1,,2,2
17,42,3,9,2003,2,1,1,2,1,1,1,1,1,1,1,5,1,1,8,6,1,1,,2,2
17,42,3,10,2003,3,1,1,2,1,1,1,1,1,1,1,5,1,1,8,6,1,1,,2,2
17,42,3,10,2003,1,1,1,2,2,1,3,1,1,1,1,5,1,1,12,6,,,,2,2
13,42,2,8,2003,3,6,1,2,1,1,1,1,1,1,1,5,1,1,10,6,1,7,,2,2
10,42,3,10,2003,4,3,6,2,1,1,3,1,1,1,1,5,1,1,19,6,1,1,,,
10,42,3,10,2003,1,7,1,2,1,1,1,1,1,1,1,5,1,1,10,6,1,1,,2,2
10,42,2,10,2003,3,7,6,2,1,1,1,1,1,1,1,5,1,1,7,6,1,1,,2,2
10,42,2,10,2003,3,3,6,2,1,1,1,1,1,1,1,5,1,1,10,6,1,1,,2,2
9,42,3,10,2003,2,1,1,2,1,1,1,1,1,1,1,5,1,1,10,6,,,,2,2
9,42,2,10,2003,3,3,4,2,1,1,1,1,1,1,1,5,1,1,8,6,,,,2,2
9,42,2,10,2003,4,5,6,2,1,1,3,1,1,1,1,5,1,1,14,6,1,1,,,
9,42,2,10,2003,4,2,6,2,1,1,3,1,1,1,1,5,1,1,14,6,1,1,,2,2
9,42,2,10,2003,2,1,1,2,1,1,1,1,1,1,1,5,1,1,10,6,1,1,,2,2
9,42,3,10,2003,1,1,1,2,1,1,3,1,1,1,1,5,1,1,14,6,1,1,30,2,2
9,42,3,10,2003,2,1,1,2,1,1,1,1,1,1,1,5,1,1,8,6,,,,2,2
9,42,2,10,2003,3,3,6,2,1,1,1,1,1,1,1,5,1,1,19,6,,,,2,2
9,42,2,10,2003,2,1,4,2,1,1,1,1,1,1,1,5,1,1,8,6,,,,2,2
9,42,2,11,2003,1,5,2,1,1,1,3,1,1,1,1,5,1,1,14,6,1,1,30,2,2
9,42,4,11,2003,4,1,1,2,1,1,3,1,1,1,1,5,1,1,8,6,,,,2,2
11,42,1,5,2003,2,1,1,2,1,1,1,1,1,1,1,5,1,1,8,6,1,1,,2,2
11,42,3,7,2003,1,1,1,2,2,1,1,1,1,1,1,5,1,1,8,6,,,,2,2
14,42,2,8,2003,2,1,4,2,2,1,1,1,1,1,1,5,1,1,9,6,,,,2,2
14,42,2,10,2003,3,1,4,2,1,1,1,1,1,1,1,5,1,1,9,6,,,,2,2
14,42,2,11,2003,3,1,1,2,1,1,1,1,1,1,1,5,1,1,8,6,,,,2,2
14,42,3,12,2003,2,1,1,2,1,1,1,1,1,1,1,5,1,1,8,6,,,,2,2
16,42,2,6,2003,3,3,4,2,1,1,1,1,1,1,1,5,1,1,9,6,,,,2,2
16,42,3,6,2003,2,1,4,2,1,1,1,1,1,1,1,5,1,1,4,6,1,1,,2,2
16,42,2,8,2003,3,1,1,2,1,1,1,1,1,1,1,5,1,1,9,6,1,1,,1,2
16,42,2,11,2003,3,1,1,2,1,1,1,1,1,1,1,5,1,1,9,6,,,,,2
17,42,3,11,2003,4,1,1,2,1,1,3,1,1,1,1,5,1,1,12,6,,,,2,2
17,42,1,11,2003,3,1,1,2,1,1,1,1,1,1,1,5,1,1,10,6,,,,2,2
17,42,2,12,2003,3,1,1,2,1,1,1,1,1,1,1,5,1,1,10,6,,,,,2
17,42,3,12,2003,3,2,4,2,1,1,1,1,1,1,1,5,1,1,8,6,1,1,,,2
8,42,3,5,2003,2,2,4,2,1,1,1,1,1,1,1,5,1,1,8,6,1,1,35,2,2
8,42,3,7,2003,2,3,4,2,1,1,1,1,1,1,1,5,1,1,8,6,1,1,,,2
8,42,3,8,2003,3,3,4,2,1,1,1,1,1,1,1,5,1,1,8,6,,,,2,2
8,42,2,10,2003,1,2,4,2,1,1,3,1,1,1,1,5,1,1,14,6,1,1,,2,2
9,42,2,12,2003,2,3,6,2,1,1,1,1,1,1,1,5,1,1,8,6,1,1,,2,2
9,42,2,12,2003,3,1,4,2,1,1,1,1,1,1,1,5,1,1,9,6,1,1,,2,2
9,42,2,12,2003,2,5,4,2,1,1,1,1,1,1,1,5,1,1,9,6,1,1,,2,2
9,42,2,12,2003,2,1,1,2,1,1,1,1,1,1,1,5,1,1,4,6,,,,2,2
9,42,2,12,2003,2,2,6,2,1,1,1,1,1,1,1,5,1,1,14,6,1,1,,2,2
9,42,2,12,2003,2,3,6,2,1,1,1,1,1,1,1,5,1,1,10,6,1,1,,2,2
10,42,3,11,2003,3,7,6,2,1,1,1,1,1,1,1,5,1,1,10,6,1,1,,2,2
10,42,2,11,2003,4,3,6,2,2,1,3,1,1,1,1,5,1,1,10,6,1,1,,2,2
10,42,2,11,2003,4,7,6,2,1,1,3,1,1,1,1,5,1,1,19,6,1,1,,2,2
6,42,2,7,2003,2,1,8,2,1,1,1,1,1,1,1,5,1,1,14,5,,,,2,2