Thana,District,Accident_Severity,Month,Year,Time,Junction_Type,Traffic_Control,Movement,Divider,Weather,Light,Road_Geometry,Surface_Condition,Surface_Type,Surface_Quality,Road_Class,Road_Feature,Location_Type,Vehicle_Type,Vehicle_Movement,Vehicle_Loading,Vehicle_Defect,Vehicle_Driver_Age,Vehicle_Alcohol,Vehicle_Seat_Belt
6,42,2,7,2003,4,5,6,2,1,1,3,1,1,1,1,5,1,1,9,6,1,1,,2,2
6,42,4,8,2003,3,1,1,2,2,1,1,1,1,1,1,5,1,1,9,6,,,,2,2
6,42,2,9,2003,3,5,5,2,1,1,1,1,1,1,1,5,1,1,9,6,,1,,2,2
6,42,4,10,2003,4,1,1,1,1,1,3,1,1,1,1,5,1,1,14,6,1,1,,2,2
6,42,3,10,2003,4,1,1,2,2,1,4,1,1,1,1,5,1,1,14,6,,,,,
6,42,3,11,2003,1,1,1,2,2,1,4,1,1,1,1,5,1,1,14,6,1,1,,2,2
6,42,3,11,2003,2,1,1,2,1,1,1,1,1,1,1,1,1,1,9,6,1,1,,2,2
6,42,2,12,2003,1,1,1,2,1,1,3,1,1,1,1,5,1,1,9,6,1,1,,2,2
21,42,3,8,2003,4,1,1,2,1,1,3,1,1,1,1,5,1,1,14,6,1,1,,2,2
21,42,4,11,2003,2,1,4,2,1,1,1,1,1,1,1,5,1,1,8,6,,,,2,2
18,42,3,6,2003,3,7,1,2,1,1,1,1,1,1,1,5,1,1,8,5,1,1,,2,2
18,42,3,7,2003,2,3,2,2,1,1,1,1,1,1,1,5,1,1,9,5,1,1,30,2,2
3,42,3,6,2003,3,7,1,1,1,1,2,1,1,1,1,5,1,1,6,6,1,1,23,2,2
5,42,4,12,2003,4,7,8,2,1,1,3,1,1,1,1,5,1,1,10,6,1,1,30,2,2
16,42,2,1,2003,3,1,1,2,1,1,1,1,1,1,1,5,1,1,9,6,1,1,,2,2
16,42,2,2,2003,1,1,1,1,1,1,2,1,1,1,1,5,1,1,10,6,1,1,,2,2
16,42,3,3,2003,4,1,1,2,1,1,3,1,1,1,1,5,1,1,14,6,1,1,,2,2
1,42,1,8,2003,1,1,2,1,1,1,1,1,1,1,1,5,1,1,8,6,1,1,32,1,2
1,42,1,8,2003,2,2,4,1,1,1,1,1,1,1,1,5,1,1,9,6,1,1,34,2,2
1,42,2,8,2003,2,1,2,1,1,1,1,1,1,1,1,5,1,1,8,6,1,1,35,1,2
1,42,2,8,2003,2,2,4,1,1,1,1,1,1,1,1,5,1,1,8,6,1,1,32,1,2
1,42,2,9,2003,4,1,1,1,1,1,3,1,1,1,1,5,1,1,8,5,1,1,32,2,2
1,42,3,10,2003,2,2,4,1,1,1,2,1,1,1,1,5,1,1,8,5,1,1,30,1,2
1,42,1,10,2003,3,5,8,1,1,1,1,1,1,1,1,5,1,1,5,6,1,1,38,1,2
1,42,2,10,2003,3,5,4,1,1,1,2,1,1,1,1,5,1,1,5,11,1,1,35,1,2
1,42,2,10,2003,3,1,2,2,2,1,1,1,1,1,1,5,1,1,8,6,1,1,,1,2
1,42,3,10,2003,2,1,1,1,1,1,1,1,1,1,1,5,1,1,8,6,1,1,,2,2
1,42,1,10,2003,3,1,1,2,2,1,1,1,1,1,1,5,1,1,10,6,1,1,,2,2
1,42,2,11,2003,4,1,2,2,2,1,2,1,1,1,1,5,1,1,7,6,1,1,,1,2
1,42,3,11,2003,1,2,4,1,1,1,3,1,1,1,1,5,1,1,12,5,1,1,32,2,2
1,42,2,11,2003,3,1,2,1,1,1,1,1,1,1,1,5,1,1,10,6,1,1,,2,2
1,42,3,12,2003,4,2,4,1,1,1,3,1,1,1,1,5,1,1,9,6,1,1,35,2,2
1,42,3,12,2003,3,5,4,1,1,1,1,1,1,1,1,5,1,1,9,6,1,1,,2,2
5,24,4,8,2003,3,1,1,2,2,1,1,1,1,1,1,1,1,2,4,6,1,1,,2,2
8,47,4,9,2003,3,1,1,2,2,1,1,1,1,1,1,1,1,2,11,6,1,1,,2,2
6,52,3,11,2003,3,1,1,2,2,1,1,1,1,1,1,3,1,2,4,6,1,1,32,2,2
1,21,4,6,2003,3,1,1,2,2,1,4,1,2,1,1,1,1,2,14,11,1,7,,1,2
8,29,4,4,2003,3,3,1,2,2,1,1,1,1,1,1,1,1,2,14,10,1,1,40,2,2
2,14,1,2,2003,4,1,1,1,2,2,2,1,2,1,1,1,1,2,10,10,1,1,38,2,2
3,8,4,7,2003,1,1,1,2,2,2,2,1,2,1,1,1,1,1,14,10,1,1,35,2,2
8,13,3,8,2003,4,1,1,2,2,1,4,1,1,1,1,1,1,2,14,6,2,1,35,1,2
3,8,4,8,2003,1,1,1,2,2,2,2,1,2,1,1,1,1,1,14,10,1,1,30,2,2
5,13,4,9,2003,1,1,1,2,2,4,4,1,1,1,1,1,1,2,14,10,1,1,,2,2
6,5,4,7,2003,2,7,1,2,2,1,1,1,1,1,1,1,1,2,14,6,1,1,,2,2
6,34,4,7,2003,1,1,1,2,2,1,2,1,1,1,1,1,1,2,9,4,1,1,,2,2
1,34,4,8,2003,2,3,1,2,2,1,1,1,1,1,1,5,1,1,2,10,1,1,35,2,2
5,56,4,3,2003,1,7,8,2,2,1,4,2,1,1,1,1,1,2,14,,,,,2,2
8,54,4,6,2003,4,1,1,2,2,1,4,1,1,1,1,3,1,2,4,6,,,32,1,2
12,54,4,8,2003,4,7,1,2,2,1,4,1,1,1,1,3,1,2,5,6,1,,20,2,2
6,55,3,10,2003,4,3,1,2,2,1,4,1,1,1,1,1,1,2,14,10,1,1,82,2,2
5,33,4,9,2003,2,3,8,2,2,1,1,1,1,1,1,1,1,2,6,9,1,1,,2,2
9,56,4,9,2003,4,3,1,2,2,1,2,1,1,1,1,4,1,2,4,6,,,42,2,2
9,42,2,8,2003,2,3,6,2,1,1,1,1,1,1,1,5,1,1,9,6,1,1,,2,2
1,42,2,8,2003,3,2,4,1,1,1,1,1,1,1,1,5,1,1,10,6,1,1,,2,2
6,38,4,7,2003,1,1,1,2,2,1,4,1,1,1,1,1,1,2,14,8,1,1,35,2,2
1,39,3,7,2003,3,1,1,2,2,1,1,1,1,1,1,2,1,2,9,6,1,1,35,2,2
9,47,3,3,2003,3,1,1,2,2,1,1,1,1,1,1,1,1,2,6,6,1,1,30,2,2
3,43,1,5,2003,3,1,1,2,2,1,1,1,1,1,1,1,1,2,9,6,1,1,,2,2
5,41,3,5,2003,2,1,1,2,2,1,2,1,1,1,1,1,1,2,1,6,1,1,,2,2
12,47,4,9,2003,1,1,1,2,2,1,2,1,1,1,1,1,1,2,14,10,1,1,,2,2
1,45,4,9,2003,1,1,1,2,2,1,4,1,1,1,1,1,1,1,12,6,1,1,,2,2
2,43,1,10,2003,1,1,1,2,2,1,4,1,1,1,1,1,1,2,14,10,1,1,,2,2
5,41,1,8,2003,4,1,1,2,2,1,3,1,1,1,1,1,1,2,14,10,1,1,,2,2
9,63,1,2,2003,4,1,8,2,2,1,4,2,5,1,1,1,1,2,9,11,1,1,35,2,1
1,62,4,2,2003,4,1,1,2,,1,3,1,1,1,1,2,1,2,9,6,1,1,,2,2
4,62,4,2,2003,3,1,1,2,2,1,1,1,1,1,1,2,1,1,2,6,1,7,17,2,2
8,59,4,2,2003,2,1,1,2,,1,2,1,1,1,1,4,1,2,6,2,2,7,,2,2
3,61,4,1,2003,3,,1,2,,1,1,1,1,1,,1,1,2,6,6,1,7,25,,
1,61,3,2,2003,1,3,1,2,,1,2,1,1,1,1,1,1,1,14,6,1,1,33,2,2
2,61,2,2,2003,4,1,1,2,,1,4,1,1,1,1,1,1,1,14,6,1,1,28,2,2
1,61,4,3,2003,4,1,2,2,,1,4,1,1,1,1,2,1,2,9,2,1,1,35,2,2
5,58,4,1,2003,4,7,1,2,,1,2,1,1,1,1,1,1,2,9,6,1,1,40,1,2
5,58,4,1,2003,4,1,1,2,2,1,4,1,1,1,1,1,1,2,8,6,1,1,33,2,2
7,58,4,1,2003,2,7,1,2,2,1,1,1,1,1,1,1,1,1,14,6,1,1,,,2
6,58,2,1,2003,2,1,1,2,2,1,1,1,1,1,1,4,1,1,11,6,1,1,,2,2
1,58,3,1,2003,4,3,1,2,,1,4,1,1,1,1,2,1,2,9,6,1,1,30,2,2
1,58,2,1,2003,4,1,2,2,2,1,2,1,1,1,1,1,1,2,14,6,1,1,42,2,2
4,63,2,3,2003,4,1,1,2,2,1,4,1,1,2,1,1,1,2,9,5,2,6,,1,2
9,63,1,3,2003,2,7,8,2,,1,1,1,1,1,1,1,1,1,14,11,1,1,35,2,2
1,58,2,2,2003,1,3,1,2,1,1,2,1,1,1,1,1,1,2,10,2,1,1,42,2,1
5,58,4,2,2003,3,7,1,2,,1,1,1,1,1,1,1,1,2,14,6,1,6,,,
1,58,4,3,2003,3,3,,2,2,1,1,2,1,1,1,1,1,2,17,,1,1,50,2,2
7,58,3,3,2003,3,1,1,2,2,1,1,1,1,1,1,1,1,2,10,6,1,1,35,2,2
1,62,1,4,2003,2,1,1,2,2,1,1,1,1,1,1,1,1,2,17,3,1,1,22,2,2
7,58,4,4,2003,4,7,1,2,2,1,4,1,1,1,1,1,1,1,15,10,1,1,,,
2,61,1,4,2003,2,1,1,2,2,1,2,1,1,1,1,1,1,1,9,6,1,1,32,2,2
8,67,4,4,2003,3,7,3,2,2,1,1,2,1,1,1,2,1,2,7,4,1,1,,2,2
14,63,3,3,2003,4,3,,2,,1,4,1,1,1,1,1,1,2,14,1,1,1,27,2,2
14,63,4,3,2003,2,1,1,2,2,1,1,1,1,1,1,1,1,2,8,6,1,1,34,2,2
9,63,1,4,2003,3,3,1,1,2,2,1,1,2,1,1,2,1,2,9,,1,1,40,2,2
9,63,3,4,2003,2,1,1,2,2,1,2,1,1,1,1,2,1,2,9,,1,1,45,2,2
7,60,3,4,2003,3,1,1,2,,1,1,1,1,1,1,2,1,2,4,6,1,,38,1,2
1,58,4,6,2003,1,2,2,2,2,2,2,1,2,1,1,1,1,2,14,6,1,1,40,2,2
2,61,1,7,2003,3,1,1,2,2,1,1,1,1,1,1,1,1,1,9,6,1,1,40,2,2
1,61,3,7,2003,2,5,1,1,2,1,1,2,1,1,1,1,1,2,8,6,1,1,35,2,2
1,62,4,7,2003,3,7,,2,,1,1,,1,1,1,1,1,2,9,11,,,,1,
6,58,4,7,2003,3,1,1,2,2,1,1,1,1,1,1,1,1,2,9,9,1,1,40,2,2
5,58,4,7,2003,4,,1,2,,1,4,1,1,1,1,1,1,2,9,6,1,1,,2,2
5,58,4,7,2003,4,1,1,2,,1,4,1,1,1,1,1,1,2,14,1,1,1,,2,2
1,58,4,7,2003,2,1,2,2,2,2,2,1,2,1,1,1,1,2,14,6,1,1,50,2,2
7,58,4,7,2003,1,1,1,2,1,1,1,1,1,1,1,2,1,2,7,6,1,,,1,2
10,58,2,7,2003,2,7,1,1,2,1,1,1,1,1,1,2,1,2,14,11,1,6,30,2,2
14,63,3,7,2003,2,1,8,2,,2,1,1,2,1,2,1,1,2,14,5,1,,40,,
14,63,4,7,2003,3,7,8,2,1,2,1,1,2,1,1,1,1,2,11,6,1,1,,2,2
2,63,4,7,2003,2,1,1,2,2,1,1,1,1,1,2,2,3,2,5,6,1,,40,2,2
6,63,1,7,2003,2,1,8,2,,1,1,1,1,1,1,1,1,2,9,,,,,,
7,63,4,7,2003,4,1,1,1,2,4,1,2,1,1,1,1,1,2,13,6,1,1,28,1,2
9,63,2,7,2003,3,7,1,2,2,1,1,1,1,1,1,1,1,2,10,6,1,1,24,2,1
1,61,4,8,2003,3,1,1,2,,1,,1,1,1,1,1,1,1,9,6,1,1,35,2,2
3,61,1,8,2003,3,,2,2,,1,1,1,1,1,1,1,1,2,9,6,,,,,
14,63,4,8,2003,4,1,1,2,2,1,2,1,1,1,1,1,1,2,14,9,2,1,37,2,2
9,63,4,8,2003,3,7,8,2,1,1,1,1,1,1,1,1,1,2,9,6,1,,,,
10,63,3,8,2003,4,,8,2,1,1,4,1,1,1,1,2,1,2,14,11,1,7,,2,
8,67,4,8,2003,2,,,2,2,1,1,,,1,2,2,1,2,14,1,,,41,,
1,58,3,8,2003,1,3,8,2,2,1,2,1,1,1,1,1,1,2,14,8,1,1,38,2,2
1,58,4,8,2003,4,3,8,2,2,1,2,1,1,1,1,1,1,2,9,8,1,1,,,
1,58,3,8,2003,2,3,,2,2,1,2,2,1,1,1,1,1,2,9,1,1,1,52,2,2
7,58,4,8,2003,3,1,1,2,2,1,1,1,1,1,1,1,1,2,10,6,1,1,20,2,2
7,58,4,8,2003,1,1,1,2,2,2,2,1,2,1,1,1,1,2,14,6,1,5,28,2,2
7,58,4,8,2003,4,1,1,2,2,2,4,1,2,1,1,1,1,2,14,10,1,5,36,2,2
2,58,4,8,2003,2,1,1,2,2,1,1,1,1,1,3,1,1,2,9,6,1,,,,
4,58,3,8,2003,1,1,1,2,2,1,1,1,1,1,1,2,1,2,9,,1,1,,1,2
5,59,4,8,2003,2,1,1,2,2,1,2,1,1,1,1,2,1,2,6,4,1,,25,,
3,57,4,8,2003,2,7,1,2,2,1,1,1,1,1,1,1,1,2,14,11,1,1,,1,2
7,60,4,8,2003,3,7,1,2,2,1,1,1,1,1,1,2,1,2,9,6,1,7,,1,2
1,60,4,8,2003,1,1,1,2,2,1,2,1,1,1,1,2,1,2,14,6,1,1,40,2,2
7,59,1,9,2003,3,7,,2,2,1,1,1,1,1,1,1,1,2,19,8,,,20,,
4,62,4,9,2003,2,1,8,2,2,1,1,1,1,1,1,2,1,2,9,6,1,1,,2,2
1,61,3,9,2003,2,1,1,2,2,1,2,1,1,1,1,1,1,1,14,6,1,1,41,,
14,63,1,9,2003,1,1,8,2,1,1,2,1,1,1,1,1,1,2,9,,,,,,
1,57,4,9,2003,4,7,1,,1,4,1,1,1,1,1,2,,,14,11,,7,,1,2
1,58,4,9,2003,2,1,1,2,2,1,1,1,1,1,1,1,1,2,9,6,1,1,25,2,2
5,58,3,9,2003,1,7,,2,2,2,3,,2,1,1,1,2,2,9,10,1,1,35,1,2
6,58,4,9,2003,4,1,1,2,2,1,4,1,1,1,1,1,1,2,10,6,1,1,27,,
4,58,1,9,2003,4,1,1,2,2,1,1,1,1,1,1,2,1,2,9,1,1,,,1,2
7,58,4,9,2003,4,3,1,2,2,1,3,1,1,1,1,1,1,2,14,5,1,1,35,,
7,58,4,9,2003,1,3,1,2,2,1,2,1,1,1,1,1,1,2,14,5,1,1,,2,2
7,58,4,9,2003,3,1,1,2,2,1,1,1,1,1,2,2,1,2,5,6,1,1,,1,2
1,61,1,10,2003,2,1,1,2,2,1,2,1,1,1,1,1,1,1,14,6,1,1,40,2,2
2,61,1,10,2003,1,1,1,2,2,1,3,1,1,1,1,1,1,1,14,6,1,1,42,2,2
8,58,4,10,2003,2,7,1,2,2,1,1,,1,1,1,1,1,2,14,5,1,,,1,2
6,58,4,10,2003,1,1,1,2,2,1,4,1,1,1,1,1,1,2,8,6,1,1,35,,2
7,58,3,10,2003,1,,1,2,2,1,4,1,1,1,1,1,1,2,9,6,1,1,,2,2
2,58,4,10,2003,4,7,1,2,2,2,2,1,2,1,1,1,1,2,9,,,,,,
10,58,3,10,2003,3,7,8,2,,1,1,2,1,1,1,5,1,1,10,2,,1,32,2,1
13,63,4,10,2003,2,1,1,2,,1,1,2,1,1,1,2,1,2,7,,,,,,
5,63,4,10,2003,4,,1,2,,1,2,1,1,1,1,2,,2,11,6,,,,,
14,63,2,10,2003,2,,1,1,,1,1,1,1,1,1,1,1,2,9,9,,,,,
1,61,4,11,2003,3,1,1,2,2,1,2,1,1,1,1,2,1,2,14,6,1,1,28,2,2
1,61,1,11,2003,1,1,1,2,2,1,3,1,1,1,1,3,1,2,14,,1,1,40,2,2
1,61,3,11,2003,2,1,1,2,2,1,1,1,1,1,1,1,2,,7,6,1,1,33,2,2
3,61,1,11,2003,3,,1,2,2,1,1,1,1,1,1,1,1,2,9,4,,,50,,
2,61,4,11,2003,3,3,1,2,,1,1,1,1,1,1,1,1,1,8,6,1,1,28,2,2
1,58,4,11,2003,2,1,2,2,2,1,1,1,1,1,1,1,1,2,9,6,1,1,,2,2
1,58,2,11,2003,1,1,2,2,2,1,3,1,1,1,1,1,1,2,14,6,1,1,42,2,2
5,58,4,11,2003,2,,1,2,2,1,1,1,1,1,1,1,1,2,14,6,1,1,,1,2
7,58,3,11,2003,1,3,1,2,2,1,4,2,1,1,1,1,1,2,14,9,1,1,38,2,2
6,58,4,11,2003,3,1,1,2,2,1,1,1,1,1,1,1,1,2,14,6,1,1,35,1,2
7,58,4,10,2003,2,7,,2,2,1,1,1,2,1,1,1,1,2,8,1,1,1,28,,
8,63,4,11,2003,3,2,1,2,2,1,,1,1,1,1,1,1,2,12,5,,1,40,1,2
13,63,4,11,2003,2,7,1,1,2,1,2,1,1,1,1,1,1,2,12,,,,,,
2,63,4,11,2003,3,1,1,2,2,1,1,1,1,1,2,4,1,2,8,6,2,6,,1,2
14,63,4,11,2003,3,1,1,2,2,1,1,1,1,1,1,1,1,2,9,2,1,2,45,1,2
14,63,4,11,2003,3,1,1,2,,1,1,1,1,1,1,1,1,2,5,,,,40,,
9,63,3,11,2003,4,1,1,2,,1,2,1,1,1,1,4,1,2,5,5,1,,,2,2
9,63,2,11,2003,2,7,1,2,2,1,1,2,1,1,1,2,1,2,10,4,1,,26,2,2
14,63,4,6,2003,1,,1,1,1,4,1,1,1,1,1,1,1,2,14,6,1,1,,,
8,63,4,6,2003,3,,8,2,2,2,1,1,2,1,1,1,1,2,14,6,1,7,,1,2
9,63,1,6,2003,3,,1,2,2,1,1,1,1,1,1,1,1,2,19,6,1,1,,,
9,63,4,6,2003,4,1,1,2,2,1,4,1,1,1,1,1,1,2,19,6,1,1,50,2,2
6,58,4,7,2003,2,1,1,2,2,2,1,2,2,1,1,1,1,2,9,6,1,7,,1,2
7,63,3,7,2003,3,1,1,2,2,2,1,1,2,1,1,1,1,2,16,6,1,3,,,
5,58,4,8,2003,3,,1,2,,1,1,1,1,1,1,1,1,2,9,6,1,1,,2,2
2,60,3,8,2003,3,1,1,2,2,1,1,1,1,1,1,2,1,2,9,11,1,1,40,2,2
5,58,3,10,2003,4,7,1,2,2,1,3,1,1,1,1,1,1,2,9,6,1,1,41,1,2
1,60,3,10,2003,3,1,1,2,2,1,1,1,1,1,1,2,1,2,9,6,1,,,2,2
4,62,3,11,2003,3,1,1,2,2,1,1,1,1,1,1,3,1,1,12,6,1,1,28,2,2
1,61,4,11,2003,3,,1,2,2,1,1,,1,1,1,2,1,2,9,1,,,,,
2,61,4,11,2003,3,1,1,2,2,1,1,1,1,1,1,1,1,1,9,,1,1,24,2,2
2,58,3,11,2003,3,,1,2,2,2,1,1,2,1,1,1,1,2,9,6,1,1,35,,
1,61,1,1,2003,1,7,1,2,2,1,4,1,1,1,1,1,1,2,14,6,,7,35,2,2
7,58,2,1,2003,2,1,1,2,2,4,2,1,1,1,1,1,1,2,14,6,1,1,,,
8,63,4,4,2003,1,7,8,2,2,2,4,1,2,1,1,1,1,2,9,6,1,1,38,2,2
7,58,4,5,2003,4,1,1,2,2,1,4,1,1,1,1,1,1,2,9,6,1,1,,2,2
6,58,4,5,2003,1,1,1,2,2,1,2,2,1,1,1,1,1,2,14,6,1,1,,1,2
6,58,4,5,2003,1,1,1,2,2,1,4,1,1,1,1,1,1,2,9,6,1,1,,1,1
10,58,4,5,2003,2,1,1,2,,1,1,2,1,1,1,2,1,2,9,1,1,,,2,2
10,58,3,5,2003,2,7,8,1,2,1,1,1,1,1,1,5,1,1,14,11,1,,,2,2
6,60,3,5,2003,3,1,1,2,2,1,1,1,1,1,1,5,1,1,8,6,1,1,50,2,2
1,57,3,5,2003,2,1,1,2,2,1,1,1,1,1,1,2,1,1,14,1,1,,,2,2
2,65,3,5,2003,2,1,1,2,2,1,1,1,1,1,1,1,1,2,9,6,1,1,40,2,2
6,58,3,1,2003,3,2,4,2,2,1,1,1,1,1,1,1,1,1,8,11,1,1,,2,2
9,42,4,11,2003,3,3,6,2,1,1,1,1,1,1,1,5,1,1,7,6,1,1,,2,2
7,64,1,2,2003,4,1,2,2,1,1,3,1,1,1,1,5,1,1,13,6,1,1,,2,2
6,64,4,5,2003,1,1,6,2,2,1,1,1,1,1,1,5,1,1,9,6,1,1,,1,2
1,64,2,1,2003,4,1,6,2,2,1,3,1,1,1,1,5,1,1,14,6,1,1,,2,2
10,64,3,4,2003,1,1,1,2,2,1,4,1,1,1,1,5,1,1,6,6,1,1,,2,2
14,42,3,3,2003,3,1,1,2,2,1,1,1,1,1,1,2,1,2,14,6,1,1,,2,2
14,42,4,5,2003,3,3,1,2,1,1,1,1,1,1,1,5,1,1,8,6,1,1,,2,2
21,42,3,3,2003,3,1,1,2,2,1,1,1,1,1,1,5,1,1,9,6,,,,2,2
9,42,4,7,2003,3,1,4,2,1,1,1,1,1,1,1,5,1,1,9,7,1,1,,2,2
14,63,4,10,2003,2,3,1,1,2,1,1,1,1,1,1,1,1,1,5,9,2,,,2,
1,62,4,7,2003,3,1,1,2,,1,1,1,1,1,1,2,1,2,9,6,,1,40,,2
4,68,3,7,2003,2,1,1,2,2,2,1,4,1,1,1,2,1,2,10,4,1,1,30,2,2
5,55,2,12,2003,2,3,1,2,2,1,1,1,1,1,1,2,1,2,11,6,1,1,30,2,2
4,62,1,1,2003,3,1,8,2,2,1,1,1,1,1,1,2,1,2,11,11,1,6,,2,2
10,63,3,2,2003,3,1,1,2,2,1,1,1,1,1,1,2,1,2,9,6,1,1,37,2,2
7,58,1,4,2003,3,1,1,2,2,1,1,1,1,1,1,1,1,2,9,6,1,1,,,
1,28,4,5,2003,3,1,1,1,2,1,1,1,1,1,1,2,1,1,4,6,1,1,55,2,1
1,32,4,5,2004,3,3,1,2,2,1,1,2,1,1,1,1,1,2,9,3,1,7,,2,2
9,29,4,2,2004,2,1,1,1,2,1,1,3,1,1,2,2,1,2,9,11,1,3,30,2,2
3,29,4,2,2004,4,7,1,2,2,1,2,1,1,1,1,1,1,2,14,6,1,7,,1,2
4,30,4,1,2004,3,1,1,2,2,1,1,1,1,1,1,2,1,2,8,6,1,1,34,2,2
1,30,3,1,2004,3,3,1,2,2,1,1,1,1,1,3,1,1,1,9,5,1,1,,2,2
6,30,1,3,2004,3,7,1,2,2,1,1,3,1,2,3,2,1,2,6,11,1,7,30,2,2
7,30,4,6,2004,3,2,1,2,2,1,1,1,1,1,1,2,1,2,9,6,1,6,25,2,2
1,34,4,3,2004,2,1,1,2,2,1,1,1,1,1,1,2,1,1,9,5,1,1,,2,2
10,34,3,6,2004,3,1,1,2,2,1,1,1,1,1,1,4,1,2,9,6,1,1,,2,2
6,34,4,3,2004,2,1,1,2,2,1,1,1,1,1,1,1,1,2,9,5,1,1,,2,2
6,34,4,7,2004,1,1,1,2,2,1,2,1,1,1,1,1,1,2,14,6,1,7,,2,2
6,34,4,8,2004,2,1,1,2,2,1,1,1,1,1,1,1,1,2,9,6,1,7,,2,2
4,33,4,5,2004,2,7,1,2,2,1,1,2,1,1,1,4,1,2,9,1,1,1,,2,2
2,33,4,2,2004,4,3,1,2,2,1,4,1,1,1,1,1,1,2,5,6,2,1,,1,2
5,33,4,3,2004,2,1,1,2,2,1,1,1,1,1,1,2,1,2,14,5,1,1,,1,2
5,33,1,10,2004,4,1,1,2,2,1,4,1,1,1,1,2,1,2,9,5,1,1,,2,2
6,13,3,3,2004,2,1,1,2,2,1,1,1,1,1,1,2,1,2,9,5,1,1,,2,2
5,13,4,4,2004,4,1,1,2,1,1,4,1,1,1,1,2,1,2,19,6,1,7,19,2,2
3,13,4,1,2004,2,7,1,2,2,1,1,1,1,1,1,3,1,2,8,6,2,6,,2,2
2,13,4,1,2004,3,1,1,2,2,1,1,1,1,1,1,4,1,2,16,11,1,1,,2,2
9,13,4,2,2004,2,1,1,1,2,1,1,1,1,1,1,4,1,2,14,6,1,1,,2,1
5,13,4,2,2004,3,1,1,2,2,1,1,4,1,1,1,2,3,2,19,5,2,7,,2,2
5,13,3,4,2004,4,1,1,2,1,1,4,1,1,1,1,2,1,2,19,6,1,1,19,2,2
8,13,4,6,2004,3,1,1,2,2,2,1,1,2,1,1,1,1,2,8,1,1,1,,2,2
6,9,4,5,2004,3,1,1,2,2,1,1,1,1,1,1,2,1,2,9,6,1,1,,2,2
8,13,4,5,2004,2,7,8,2,2,1,1,4,1,1,2,4,1,2,14,6,1,1,,2,2
11,9,4,2,2004,3,1,1,2,2,1,1,1,1,1,1,1,1,2,8,6,1,1,22,2,2
7,13,2,7,2004,2,1,1,2,2,1,1,1,1,1,1,2,1,2,14,6,1,3,,2,2
8,13,4,7,2004,1,1,1,2,2,1,4,1,1,1,3,1,1,1,14,6,1,1,,2,2
5,13,4,7,2004,2,1,1,2,1,1,1,1,1,1,1,2,1,2,9,5,1,1,,2,2
4,9,4,5,2004,2,7,1,2,2,1,1,1,1,1,1,2,1,2,7,6,1,7,30,1,2
7,13,4,8,2004,2,1,1,2,2,1,1,1,1,1,1,2,1,2,8,6,1,1,35,2,2
4,13,4,8,2004,2,1,1,1,2,1,1,1,1,1,1,3,1,2,14,6,1,1,,2,2
3,13,4,8,2004,2,3,1,2,2,2,1,1,2,1,1,3,1,2,8,1,1,1,,2,2
5,13,4,8,2004,1,1,1,2,2,1,1,4,1,1,1,1,1,2,9,6,1,1,,2,2
7,9,3,5,2004,3,3,1,2,2,1,1,1,1,1,1,1,1,2,4,11,1,1,28,2,2
1,13,3,9,2004,4,3,1,2,2,1,4,1,1,1,1,3,1,1,10,6,1,1,,2,1
8,13,4,9,2004,3,1,1,2,2,1,1,1,1,1,1,1,1,1,8,6,1,1,,1,2
5,13,4,9,2004,4,3,1,2,2,1,2,1,1,1,1,1,1,2,9,2,1,1,40,2,2
10,9,4,10,2004,3,1,1,2,2,1,1,1,1,1,2,1,1,1,9,6,1,1,,2,2
1,9,3,5,2004,2,1,1,2,2,1,1,1,1,1,1,1,1,1,14,6,1,1,,2,2
2,6,4,10,2004,3,1,1,1,2,1,1,1,1,1,1,1,1,2,17,6,2,1,,1,2
2,6,4,10,2004,3,1,1,1,2,1,1,1,1,1,1,3,1,2,14,11,2,6,,1,2
8,13,4,11,2004,2,1,1,2,2,1,1,1,1,1,1,1,1,2,8,5,1,7,,1,2
8,13,4,10,2004,3,7,1,2,2,1,1,1,1,1,1,1,1,1,8,6,1,1,,1,1
7,9,4,2,2004,3,3,1,2,2,1,1,1,1,1,1,1,2,2,9,11,1,1,,2,2
7,13,3,10,2004,4,1,1,2,2,1,2,1,1,1,1,2,1,2,14,6,1,3,32,2,2
6,9,4,11,2004,2,1,8,2,2,1,1,1,1,1,1,2,1,2,13,2,1,2,35,2,2
5,6,4,3,2004,2,3,1,2,2,1,1,1,1,1,1,1,1,2,19,6,1,1,30,2,2
1,9,4,3,2004,3,1,1,2,2,1,4,1,1,1,1,1,1,1,9,6,1,1,42,1,2
8,13,4,12,2004,1,7,1,2,2,1,1,1,1,1,1,1,2,,9,2,2,1,,2,2
6,13,4,12,2004,3,1,8,2,2,1,4,1,1,1,1,1,1,2,9,7,1,1,35,1,2
6,13,3,12,2004,3,1,1,2,2,1,1,1,1,1,1,2,1,2,7,1,1,1,26,2,2
8,13,4,11,2004,2,1,1,2,2,1,1,3,1,3,1,4,1,2,9,6,1,1,,2,2
2,9,4,12,2004,4,1,1,2,2,1,1,1,1,1,1,3,1,2,8,6,1,1,,1,2
11,9,3,11,2004,4,1,1,2,2,1,4,1,1,1,1,1,1,2,14,5,1,1,,2,2
5,43,4,5,2004,2,1,1,2,2,1,1,1,1,1,1,1,1,,9,6,1,1,,2,2
2,43,4,8,2004,3,1,1,2,2,1,1,1,1,1,1,1,1,2,9,6,1,1,,2,2