Thana,District,Accident_Severity,Month,Year,Time,Junction_Type,Traffic_Control,Movement,Divider,Weather,Light,Road_Geometry,Surface_Condition,Surface_Type,Surface_Quality,Road_Class,Road_Feature,Location_Type,Vehicle_Type,Vehicle_Movement,Vehicle_Loading,Vehicle_Defect,Vehicle_Driver_Age,Vehicle_Alcohol,Vehicle_Seat_Belt
2,43,4,8,2004,4,1,1,2,2,1,4,1,1,1,1,1,1,2,8,6,1,1,,2,2
8,51,3,10,2004,3,7,1,2,2,1,1,1,1,1,1,3,1,2,9,6,1,1,,2,2
9,51,3,10,2004,3,1,1,2,2,1,1,1,2,1,1,2,1,2,14,6,1,1,,2,2
6,40,4,4,2004,4,7,1,2,2,1,4,1,1,1,1,1,1,2,12,6,1,1,,2,2
3,40,1,11,2004,2,1,4,2,1,1,1,1,1,1,1,1,1,2,14,6,1,1,,2,2
6,40,3,10,2004,3,1,8,2,2,1,1,1,1,1,1,1,1,2,14,6,1,1,,2,2
6,40,4,12,2004,1,1,1,2,2,1,1,1,1,1,1,1,1,2,9,6,1,1,,2,2
6,40,4,8,2004,2,1,1,2,2,1,1,1,1,1,1,1,1,2,14,6,1,1,,2,2
1,40,3,1,2004,3,1,1,2,2,1,1,1,1,1,1,1,1,2,14,6,1,1,,2,2
5,40,3,1,2004,2,1,1,2,2,1,1,1,1,1,1,1,1,2,8,6,1,1,,2,2
1,35,4,2,2004,3,1,1,2,2,1,1,1,1,1,1,2,1,2,9,6,1,1,,2,2
1,35,4,2,2004,2,1,1,2,2,1,1,1,1,1,1,2,1,2,9,6,1,1,,2,2
1,35,4,2,2004,2,1,1,2,2,1,1,1,1,1,1,3,1,2,14,6,1,1,,2,2
11,50,4,1,2004,3,1,1,2,2,1,1,1,1,1,1,2,1,2,9,6,1,1,,2,2
1,41,4,1,2004,3,1,1,2,2,1,1,1,1,1,1,1,1,2,8,6,1,1,,2,2
1,41,4,1,2004,3,1,1,2,2,1,1,1,1,1,1,1,1,2,9,6,1,1,,2,2
5,41,3,1,2004,4,1,1,2,2,1,2,1,1,1,1,1,1,2,9,6,1,1,,2,2
5,41,4,2,2004,3,1,1,2,2,1,1,1,1,1,1,2,1,2,14,6,1,1,,2,2
5,41,4,2,2004,2,1,1,2,2,1,3,1,1,1,1,1,1,2,7,6,1,1,,2,2
5,41,4,2,2004,2,1,1,2,2,1,2,1,1,1,1,2,1,2,7,6,1,1,,2,2
1,39,3,1,2004,2,1,1,2,2,1,1,1,1,1,1,1,1,2,9,6,1,1,,2,2
1,39,4,2,2004,3,1,1,2,2,1,1,1,1,1,1,1,1,2,9,6,1,1,,2,2
1,43,3,1,2004,3,1,1,2,2,1,1,1,1,1,1,3,1,2,7,6,1,1,,2,2
2,43,2,2,2004,3,1,1,2,2,1,1,1,1,1,1,1,1,2,15,6,1,1,,2,2
2,43,4,2,2004,3,1,1,2,2,1,1,1,1,1,1,1,1,2,9,6,1,1,,2,2
4,43,3,2,2004,4,1,1,2,2,1,4,1,1,1,1,1,1,2,10,6,1,1,,2,2
3,51,4,1,2004,2,1,1,2,2,1,1,1,1,1,1,3,1,2,17,6,1,1,,2,2
9,51,4,2,2004,2,1,1,2,2,1,2,1,1,1,1,2,1,2,9,6,1,1,,2,2
1,38,1,1,2004,3,1,1,2,2,1,1,1,1,1,1,1,1,2,9,6,1,1,,2,2
6,38,4,1,2004,2,1,1,2,2,1,1,2,1,1,1,3,1,2,14,6,1,1,,2,2
3,38,4,2,2004,2,1,1,2,2,1,1,1,1,1,1,1,1,2,9,6,1,1,,2,2
3,38,4,2,2004,2,1,1,2,2,1,1,1,1,1,1,1,1,2,9,6,1,1,,2,2
6,38,4,4,2004,2,1,1,2,2,1,1,1,1,1,1,1,1,2,14,6,1,1,45,2,2
4,51,2,3,2004,2,1,1,2,2,1,2,1,1,1,1,2,1,2,14,6,1,1,45,2,2
8,51,3,3,2004,2,1,1,2,2,1,1,1,1,1,1,2,1,2,14,6,1,1,,2,2
1,51,4,4,2004,2,1,1,2,2,1,1,1,1,1,1,3,1,2,17,6,1,1,,2,2
9,51,3,4,2004,2,1,1,2,2,1,1,1,1,1,1,2,1,2,13,6,1,1,,2,2
12,51,4,3,2004,2,1,1,2,2,1,1,1,1,1,1,3,1,2,9,6,1,1,,2,2
1,41,3,3,2004,1,1,1,2,2,1,4,1,1,1,1,1,1,2,14,6,1,1,,2,2
2,41,3,3,2004,2,1,1,2,2,1,1,1,1,1,1,3,1,2,9,6,1,1,,2,2
5,41,3,3,2004,3,1,1,2,2,1,1,1,1,1,1,1,1,2,8,6,1,1,,2,2
5,41,3,3,2004,2,1,1,2,2,1,1,1,1,1,1,2,1,2,9,6,1,1,,2,2
7,50,3,4,2004,2,1,1,2,2,1,1,1,1,1,1,2,1,2,9,6,1,1,,2,2
12,50,4,4,2004,4,1,1,2,2,1,2,1,1,1,1,3,1,2,14,6,1,1,,2,2
2,50,3,5,2004,2,1,1,2,2,1,1,1,1,1,1,1,1,2,8,6,1,1,36,2,2
5,50,4,4,2004,2,1,1,2,2,1,1,1,1,1,1,2,1,2,14,6,1,1,,2,2
1,50,4,6,2004,3,1,1,2,2,1,1,1,1,1,1,1,1,2,14,6,1,1,,2,2
1,50,3,6,2004,2,1,1,2,2,1,1,1,1,1,1,1,1,2,7,6,1,1,,2,2
1,50,3,6,2004,3,1,1,2,2,1,1,1,1,1,1,3,1,2,14,6,1,1,,2,2
7,50,4,6,2004,3,1,1,2,2,1,1,1,1,1,1,2,1,2,9,6,1,1,,2,2
11,50,3,6,2004,3,1,1,2,2,1,1,1,1,1,1,2,1,2,19,6,1,1,,2,2
12,50,3,6,2004,3,1,1,2,2,1,1,1,1,1,1,1,1,2,8,6,1,1,,2,2
8,51,3,6,2004,1,1,4,2,1,1,1,1,1,1,1,2,1,2,9,6,1,1,,2,2
12,51,4,6,2004,3,1,1,2,2,1,1,1,1,1,1,3,1,2,14,6,1,1,34,2,2
1,50,4,7,2004,3,1,1,2,2,1,1,1,1,1,1,1,1,2,9,6,1,1,,2,2
1,50,4,8,2004,4,1,1,2,2,1,4,1,1,1,1,1,1,2,9,6,1,1,,2,2
2,50,3,8,2004,1,1,1,2,2,1,2,1,1,1,1,1,1,2,6,6,1,1,,2,2
8,50,4,9,2004,3,1,1,2,2,1,1,1,1,1,1,2,1,2,9,6,1,1,,2,2
1,49,4,1,2004,3,1,1,2,2,1,1,1,1,1,1,3,1,2,14,6,1,1,,2,2
20,49,4,1,2004,4,1,1,2,2,1,3,1,1,1,1,2,1,2,14,6,1,1,35,2,2
1,49,4,3,2004,4,1,1,2,2,1,4,1,1,1,1,1,1,2,14,6,1,1,,2,2
1,49,4,3,2004,2,1,1,2,2,1,1,1,1,1,1,3,1,2,14,6,1,1,,2,2
1,35,3,3,2004,2,1,1,2,2,1,1,1,1,1,1,2,1,2,9,6,1,1,,2,2
4,35,3,4,2004,3,1,1,2,2,1,1,1,1,1,1,3,1,2,9,6,1,1,,2,2
3,44,1,1,2004,4,1,1,2,2,1,4,1,1,1,1,1,1,2,14,6,1,1,,2,2
4,44,4,1,2004,4,1,1,2,2,1,3,1,1,1,1,2,1,2,19,6,1,1,,2,2
5,44,3,1,2004,1,1,1,2,2,4,4,1,2,1,1,1,1,2,14,6,1,1,,2,2
6,44,1,1,2004,1,1,1,2,2,1,1,1,1,1,1,1,1,2,9,6,1,1,,2,2
7,44,2,1,2004,2,1,1,2,2,1,1,1,1,1,1,1,1,2,9,6,1,1,,2,2
7,44,4,1,2004,2,1,1,2,2,1,2,1,1,1,1,1,1,2,14,6,1,1,,2,2
4,44,4,3,2004,1,1,2,2,1,2,1,1,1,1,1,3,1,2,14,6,1,1,,2,2
5,44,4,3,2004,4,1,1,2,2,1,2,1,1,1,1,1,1,2,5,6,1,1,,2,2
7,44,3,3,2004,3,1,1,2,2,1,1,1,1,1,1,1,1,2,9,6,1,1,,2,2
3,49,4,3,2004,3,1,1,2,2,1,1,1,1,1,1,3,1,2,16,6,1,1,30,2,2
4,44,3,4,2004,3,1,1,2,2,1,1,1,1,1,1,2,1,2,13,6,1,1,,2,2
5,44,3,3,2004,3,1,1,2,2,1,1,1,1,1,1,3,1,2,7,6,1,1,,2,2
2,50,4,11,2004,2,1,1,2,2,1,1,1,1,1,1,1,1,2,9,6,1,1,,2,2
9,50,3,11,2004,3,1,1,2,2,1,2,1,1,1,1,2,1,2,9,6,1,1,,2,2
11,50,4,11,2004,4,1,1,2,2,1,4,1,1,1,1,2,1,2,9,6,1,1,,2,2
5,41,1,4,2004,3,1,1,2,2,2,1,1,2,1,1,1,1,2,16,6,1,1,28,2,2
5,41,4,5,2004,2,1,1,2,2,1,1,1,1,1,1,1,1,2,8,6,1,1,,2,2
5,41,4,5,2004,1,1,1,2,2,1,4,1,1,1,1,1,2,2,8,5,1,1,,2,2
1,41,1,7,2004,2,1,1,2,2,1,1,1,1,1,1,1,1,2,14,6,1,1,,2,2
3,41,4,8,2004,3,1,1,2,2,1,1,1,1,1,1,1,1,2,9,6,1,1,,2,2
2,41,4,9,2004,2,1,1,2,2,1,1,1,1,1,1,3,1,2,9,6,1,1,,2,2
5,41,4,10,2004,3,1,1,2,2,1,1,1,1,1,1,1,1,2,14,10,1,1,,2,2
3,44,4,2,2004,2,1,1,2,2,1,1,1,1,1,1,2,1,2,14,6,1,1,,2,2
1,46,4,3,2004,1,1,1,2,2,1,1,1,1,1,1,1,2,,12,6,1,1,,2,2
1,46,1,4,2004,3,1,1,2,2,1,1,1,1,1,1,1,1,2,14,6,1,1,38,2,2
1,52,4,3,2004,3,1,1,2,2,1,1,1,1,1,1,3,1,2,8,6,1,1,,2,2
1,52,4,7,2004,2,1,1,2,1,1,1,1,1,1,1,1,1,2,8,6,1,1,,2,2
3,52,4,12,2004,2,7,1,2,2,1,1,1,1,1,1,4,1,2,9,6,1,1,25,2,2
1,35,4,6,2004,3,1,1,2,2,1,1,1,1,1,1,2,1,2,9,6,1,1,,2,2
5,43,4,11,2004,3,2,1,2,2,1,1,1,1,1,1,1,1,2,9,6,1,1,,2,2
1,39,4,3,2004,1,1,2,2,1,1,1,1,1,1,1,1,1,2,9,6,1,1,,2,2
1,39,4,7,2004,2,1,1,2,2,1,1,2,1,1,1,3,1,2,8,6,1,1,,2,2
1,39,3,9,2004,2,1,1,2,2,2,1,2,2,1,1,1,1,2,9,6,1,1,23,2,2
1,39,4,11,2004,2,1,1,2,2,1,1,1,1,1,1,3,1,2,14,6,1,1,,2,2
1,39,1,11,2004,3,1,1,2,2,1,1,1,1,1,1,1,1,2,14,6,1,1,,2,2
3,39,4,12,2004,3,1,1,2,2,1,1,1,1,1,1,1,1,2,9,6,1,1,35,2,2
1,35,4,7,2004,3,1,1,2,2,1,1,1,1,1,1,1,1,2,8,6,1,1,27,2,2
8,35,4,8,2004,1,1,1,2,2,1,1,1,1,1,1,1,1,2,14,6,1,1,,2,2
1,35,4,11,2004,2,1,1,2,2,1,1,2,1,1,1,1,2,2,9,6,1,1,,2,2
1,35,4,11,2004,1,1,1,2,2,1,1,1,1,1,1,3,1,2,14,6,1,1,43,2,2
1,35,4,12,2004,3,7,1,2,2,1,1,1,1,1,1,1,1,2,9,6,1,1,,2,2
1,35,4,12,2004,1,1,2,2,1,1,1,1,1,1,1,3,1,2,14,6,1,1,,2,2
6,44,1,5,2004,4,1,1,2,2,1,2,1,1,1,1,3,1,2,9,6,1,1,,2,2
2,44,4,5,2004,4,1,1,2,1,2,1,1,1,1,1,1,1,2,9,6,1,1,,2,2
1,38,1,6,2004,3,1,1,2,2,1,1,1,1,1,1,1,1,2,12,6,1,1,,2,2
1,38,4,7,2004,2,1,1,2,2,1,1,1,1,1,1,1,1,1,14,6,1,1,,2,2
4,38,4,7,2004,3,1,1,2,2,1,1,1,1,1,1,1,1,2,9,6,1,1,44,2,2
6,38,4,8,2004,2,1,1,2,2,1,1,1,1,1,1,1,1,2,6,6,1,1,,2,2
3,38,4,10,2004,3,1,1,2,2,1,1,1,1,1,1,1,1,2,9,6,1,1,,2,2
6,38,4,11,2004,2,1,1,2,2,1,1,1,1,1,1,1,1,1,14,6,1,1,,2,2
6,38,4,11,2004,3,1,1,2,2,1,1,1,1,1,1,1,1,2,14,6,1,1,,2,2
7,38,4,12,2004,2,1,1,2,2,1,1,1,1,1,1,1,1,2,9,6,1,1,,2,2
11,50,3,12,2004,3,1,1,2,2,1,1,1,1,1,1,2,1,2,9,6,1,1,,2,2
3,49,3,10,2004,4,1,1,2,2,1,4,1,1,1,1,3,1,2,14,6,1,1,,2,2
9,51,3,10,2004,3,1,1,2,2,1,1,1,1,1,1,2,1,2,14,6,1,1,,2,2
1,51,3,12,2004,2,1,1,2,2,1,1,1,1,1,1,2,1,2,16,6,1,1,,2,2
4,44,4,8,2004,3,1,1,2,2,1,1,1,1,1,1,3,1,2,9,6,1,1,,2,2
4,44,4,9,2004,1,1,1,2,2,1,4,1,1,1,1,3,1,2,14,6,1,1,,2,2
7,44,1,7,2004,3,1,1,2,1,1,1,1,1,1,1,1,1,2,9,6,1,1,,2,2
7,44,4,9,2004,2,1,1,2,2,1,1,1,1,1,1,1,1,2,9,6,1,1,,2,2
6,44,4,8,2004,4,1,1,1,1,1,3,1,1,1,1,1,1,2,9,6,1,1,,2,2
6,44,1,9,2004,2,1,1,1,1,1,4,1,1,1,1,1,1,2,19,6,1,1,,2,2
6,44,3,10,2004,2,1,1,1,1,1,1,1,1,1,1,1,1,2,9,6,1,1,,2,2
6,44,4,11,2004,2,1,1,2,1,1,1,1,1,1,1,1,1,2,14,6,1,1,,2,2
2,44,3,10,2004,1,1,1,2,2,1,4,1,1,1,1,1,1,2,10,6,1,1,,2,2
5,44,3,8,2004,2,1,1,2,2,1,1,1,1,1,1,1,1,2,10,6,1,1,,2,2
7,37,3,1,2004,3,1,1,2,2,1,1,1,1,1,1,1,1,2,14,6,1,1,,2,2
4,36,4,6,2004,3,1,1,2,2,1,1,1,1,1,1,1,1,2,9,6,1,1,,2,2
4,36,4,6,2004,2,1,1,2,2,1,1,1,1,1,1,1,1,2,9,6,1,1,,2,2
3,36,4,11,2004,2,1,1,2,1,1,2,1,1,1,1,1,1,2,14,6,1,1,,2,2
2,36,4,11,2004,,1,1,2,2,1,1,1,1,1,1,1,1,2,7,6,1,1,,2,2
1,46,4,9,2004,2,1,1,2,2,1,1,1,1,1,1,1,1,2,14,6,1,1,,2,2
2,46,4,10,2004,4,1,1,2,2,1,1,1,1,1,1,1,1,2,,6,1,1,,2,2
1,46,2,11,2004,4,1,1,2,2,1,1,1,1,1,1,1,1,2,9,6,1,1,,2,2
1,46,4,12,2004,2,1,1,2,2,1,1,1,1,1,1,1,1,2,,6,1,1,,2,2
3,41,4,11,2004,3,3,1,2,2,1,1,1,1,1,1,3,1,2,9,6,1,1,,2,2
1,39,4,12,2004,1,1,1,2,2,1,1,1,1,1,1,1,1,2,9,6,1,1,,2,2
1,39,4,7,2004,2,1,1,2,2,1,1,1,1,1,1,1,1,2,14,6,1,1,,2,2
1,39,4,10,2004,2,1,1,2,2,1,1,1,1,1,1,1,1,2,9,6,1,1,,2,2
1,39,4,11,2004,2,1,1,2,2,1,1,1,1,1,1,1,1,2,14,6,1,1,,2,2
1,39,2,11,2004,3,1,1,2,2,1,1,1,1,1,1,1,1,2,14,6,1,1,,2,2
1,40,4,3,2004,2,1,1,2,2,1,1,1,1,1,1,1,1,2,14,6,1,1,,2,2
1,40,3,4,2004,2,1,1,2,2,1,1,1,1,1,1,1,1,2,9,6,1,1,,2,2
1,40,4,10,2004,3,1,1,2,2,1,1,1,1,1,1,1,1,2,9,6,1,1,,2,2
6,40,3,3,2004,2,1,1,2,2,1,1,1,1,1,1,1,1,2,14,6,1,1,,2,2
6,40,3,4,2004,4,1,1,2,2,1,1,1,1,1,1,1,1,2,14,6,1,1,,2,2
3,40,4,8,2004,1,1,1,2,2,1,2,1,1,1,1,1,1,2,7,10,1,1,25,2,2
3,40,3,11,2004,2,1,1,2,2,1,1,1,1,1,1,1,1,2,14,6,1,1,,2,2
6,40,3,2,2004,3,3,1,2,2,1,1,1,1,1,1,1,1,2,9,6,1,1,,2,2
1,40,4,12,2004,2,1,1,2,2,1,2,1,2,1,1,1,1,2,8,6,1,1,,2,2
5,26,1,10,2004,3,7,8,2,2,1,1,2,1,1,1,2,1,2,13,3,1,1,30,2,2
8,26,4,10,2004,2,1,1,1,2,1,1,1,1,1,1,1,1,2,8,5,1,7,35,2,2
1,22,3,7,2004,1,1,1,2,2,1,1,1,1,1,1,1,1,2,14,6,2,1,,2,2
4,22,3,8,2004,2,1,1,1,2,1,1,1,1,1,1,4,1,2,9,5,1,1,,1,2
1,22,4,8,2004,2,1,1,2,2,1,1,1,1,1,1,1,1,1,9,6,1,1,,2,2
1,22,3,12,2004,1,1,4,2,1,1,1,1,1,1,1,1,1,1,9,1,1,1,,1,2
1,22,4,6,2004,3,1,1,1,2,1,1,1,1,1,1,4,1,2,9,,1,7,,2,2
10,22,3,11,2004,2,7,1,2,2,1,1,1,1,1,1,1,1,1,12,6,1,1,,2,2
5,26,4,5,2004,3,2,1,2,2,1,1,1,1,1,1,1,1,1,14,2,1,1,38,1,2
5,26,3,11,2004,3,7,8,2,2,1,1,1,1,1,1,5,1,1,10,5,1,1,29,2,2
12,64,3,2,2004,3,1,1,2,2,1,1,1,1,1,2,1,1,2,14,6,1,1,30,1,2
1,64,4,1,2004,4,1,1,2,2,1,3,1,1,1,1,5,1,1,9,6,1,1,,2,2
1,64,2,2,2004,4,1,1,2,2,1,4,1,1,1,1,5,1,1,10,6,1,1,30,2,2
4,64,4,3,2004,2,1,1,2,2,1,1,1,1,1,1,5,1,1,14,1,1,1,32,2,2
3,64,4,1,2004,4,3,1,2,2,1,3,2,1,1,1,5,1,1,3,6,1,1,,2,2
6,64,1,2,2004,3,2,1,2,2,1,1,1,1,1,1,5,1,1,9,6,1,1,,2,2
7,64,4,2,2004,2,1,1,2,2,1,1,1,1,1,1,5,1,1,15,8,1,1,,2,2
10,64,4,1,2004,3,1,1,2,2,1,1,1,1,1,1,5,1,1,9,6,1,1,,2,2
10,64,3,2,2004,3,1,1,2,2,1,1,1,1,1,1,5,1,1,9,6,1,1,42,2,2
6,64,4,3,2004,4,1,4,2,2,1,3,1,1,1,1,5,1,1,14,6,1,1,35,2,2
6,64,4,3,2004,4,1,4,2,2,1,2,1,1,1,1,5,1,1,19,6,1,1,30,2,2
7,64,4,4,2004,2,4,1,2,2,1,1,2,1,1,1,5,1,1,14,3,1,1,,2,2
9,64,4,5,2004,4,2,1,2,2,1,1,1,1,1,1,5,1,1,14,6,1,1,28,2,2
2,64,3,8,2004,2,1,1,2,2,1,2,1,1,1,1,5,1,1,9,6,1,1,,2,2
5,64,2,6,2004,4,1,1,2,2,2,3,2,2,1,1,1,1,1,9,6,1,1,,2,2
4,64,3,6,2004,2,1,1,2,2,1,1,1,1,1,1,5,1,1,14,4,2,1,20,2,2
4,64,4,9,2004,1,2,4,2,1,1,3,1,1,1,1,5,1,1,14,6,1,1,35,2,2
1,47,4,1,2004,4,1,1,2,2,1,4,1,1,1,1,1,1,2,9,6,1,1,34,2,2
1,47,4,1,2004,3,1,1,2,2,1,1,1,1,1,1,3,1,2,14,6,1,1,48,2,2
3,47,4,2,2004,4,1,1,2,2,1,2,1,1,1,1,3,1,2,14,6,1,1,,2,2
3,47,3,3,2004,3,1,1,2,2,1,1,1,1,1,1,3,1,2,14,6,1,1,,2,2
9,47,4,2,2004,2,1,1,2,2,1,1,1,1,1,1,1,1,2,14,6,1,1,40,2,2
1,45,4,1,2004,3,1,1,2,2,1,1,1,1,1,1,1,1,2,4,6,1,1,,2,2
2,45,4,1,2004,3,1,1,2,2,1,1,1,1,1,1,1,1,2,9,6,1,1,,2,2
4,45,2,1,2004,2,1,1,2,2,4,2,1,1,1,1,3,1,2,9,6,1,1,28,2,2
6,45,4,1,2004,1,1,1,2,2,4,4,1,2,1,1,1,1,2,14,6,1,1,,2,2
6,45,4,2,2004,3,1,1,2,2,1,1,1,1,1,1,1,1,2,9,6,1,1,,2,2
3,47,3,3,2004,3,1,1,2,2,1,1,1,1,1,1,3,1,2,14,6,1,1,,2,2
5,47,4,4,2004,2,1,1,2,2,1,1,1,1,1,1,3,1,2,8,6,1,1,35,2,2
9,47,4,5,2004,4,1,1,2,2,1,2,1,1,1,1,1,1,2,7,6,1,1,33,2,2
12,47,4,6,2004,4,1,1,2,2,1,2,1,1,1,1,1,1,2,9,6,1,1,,2,2
1,45,4,3,2004,2,1,1,2,2,1,1,1,1,1,1,1,1,2,9,6,1,1,,2,2
6,45,1,3,2004,2,1,1,2,2,4,2,1,1,1,1,3,1,2,14,6,1,1,,2,2
6,45,3,3,2004,1,1,1,2,2,1,2,1,1,1,1,1,1,2,14,6,1,1,,2,2
6,45,3,5,2004,2,1,1,2,2,1,1,1,1,1,1,1,1,2,9,6,1,1,,2,2
6,45,3,5,2004,2,1,1,2,2,1,1,1,1,1,1,1,1,2,9,6,1,1,,2,2
6,45,3,7,2004,4,1,1,2,2,1,2,1,1,1,1,1,1,2,9,6,1,1,35,2,2
6,45,3,7,2004,3,1,1,2,2,1,1,1,1,1,1,1,1,2,9,6,1,1,,2,2
6,45,4,8,2004,4,1,1,2,2,1,2,1,1,1,1,1,1,2,9,6,1,1,,2,2
1,45,4,9,2004,3,1,1,2,2,1,1,1,1,1,1,1,1,2,9,6,1,1,,2,2
6,45,4,9,2004,3,1,1,2,2,1,1,1,1,1,1,1,1,2,10,6,1,1,,2,2
6,45,4,10,2004,3,1,1,2,2,1,2,1,1,1,1,1,1,2,14,6,1,1,,2,2
6,45,3,10,2004,1,1,1,2,2,1,3,1,1,1,1,1,1,2,8,6,1,1,,2,2
6,45,2,12,2004,2,1,1,2,2,1,1,1,1,1,1,1,1,2,9,6,1,1,,2,2
6,45,4,12,2004,2,1,1,2,2,1,1,1,1,1,1,1,1,2,9,6,1,1,,2,2
6,45,4,12,2004,2,1,1,2,2,1,2,1,1,1,1,1,1,2,7,6,1,1,,2,2
12,47,4,7,2004,3,1,1,2,2,1,1,1,1,1,1,1,1,2,9,6,1,1,,2,2
1,42,3,1,2004,3,1,1,2,2,1,1,1,1,1,1,5,1,1,7,6,1,1,30,2,2
1,42,1,3,2004,3,1,1,1,1,1,1,1,1,1,1,5,1,1,8,6,1,1,,2,2
10,42,2,1,2004,3,1,1,2,2,1,1,1,1,1,1,5,1,1,3,6,1,1,,2,2
10,42,2,1,2004,1,1,1,2,1,1,1,1,1,1,1,5,1,1,8,6,1,1,,2,2
11,42,4,2,2004,2,3,1,2,1,1,2,1,1,1,1,5,1,1,9,6,1,1,,2,2
9,42,3,3,2004,3,1,1,2,1,1,1,1,1,1,1,5,1,1,8,6,1,1,,1,2
9,42,3,2,2004,2,7,4,2,1,1,1,1,1,1,1,5,1,1,8,6,1,1,35,2,2
9,42,2,2,2004,2,1,1,2,1,1,1,1,1,1,1,5,1,1,10,6,1,1,,2,2
9,42,4,2,2004,4,3,6,2,1,1,3,1,1,1,1,5,1,1,14,6,1,1,,2,2
22,42,2,4,2004,2,1,1,1,1,1,1,1,1,1,1,5,1,1,8,6,1,1,30,2,2
9,42,4,6,2004,3,5,6,2,1,1,1,1,1,1,1,5,1,1,14,6,1,1,45,,2
9,42,3,6,2004,4,7,8,2,1,1,1,1,1,1,1,5,1,1,8,6,1,1,,2,2
1,42,3,7,2004,3,1,1,2,1,1,1,1,1,1,1,5,1,1,9,6,1,1,,2,2
1,42,4,5,2004,3,1,1,2,1,1,1,1,1,1,1,5,1,1,15,6,1,1,,2,2
1,42,3,4,2004,4,1,4,1,2,1,3,1,1,1,1,5,1,1,5,6,1,1,,2,2
11,42,3,7,2004,3,7,8,2,1,1,1,1,1,1,1,5,1,1,10,6,1,1,,2,2
14,42,4,5,2004,3,5,4,2,1,1,1,1,1,1,1,5,1,1,9,6,1,1,,2,2
14,42,3,5,2004,3,1,4,2,1,1,1,1,1,1,1,5,1,1,9,6,1,1,,2,2
14,42,4,6,2004,1,1,1,2,1,1,3,1,1,1,1,5,1,1,14,6,1,1,,2,2
10,42,4,7,2004,3,7,6,2,1,1,1,1,1,1,1,5,1,1,9,6,,,,,
10,42,1,8,2004,2,7,8,2,1,1,1,1,1,1,1,5,1,1,6,6,,,30,,
9,42,4,9,2004,3,1,1,2,1,1,1,1,1,1,1,5,1,1,8,6,1,1,,,
21,42,4,2,2004,2,1,1,2,2,1,2,1,1,1,1,5,1,1,14,6,1,1,,,
21,42,4,2,2004,4,1,4,2,1,1,3,1,1,1,1,5,1,1,14,6,1,1,,1,2
3,42,3,3,2004,2,3,4,2,2,1,1,1,1,1,1,5,1,1,14,6,1,1,35,2,2
3,42,4,4,2004,2,3,1,2,1,1,1,1,1,1,1,5,1,1,6,6,1,1,,,
3,42,4,6,2004,1,1,1,2,1,1,3,1,1,1,1,5,1,1,19,6,1,1,,,
18,42,1,7,2004,1,1,1,2,1,1,2,1,1,1,1,5,1,1,14,6,1,1,35,2,2
4,42,2,4,2004,2,1,4,2,2,1,1,1,1,1,1,5,1,1,7,6,1,1,,2,2
6,42,2,4,2004,4,5,6,2,1,1,3,1,1,1,1,5,1,1,8,6,1,1,,2,2
6,42,4,5,2004,4,1,1,2,1,1,3,1,1,1,1,5,1,1,8,6,,,,2,2
6,42,4,7,2004,2,1,1,2,1,1,1,1,1,1,1,5,1,1,19,6,,,,,
2,42,4,3,2004,2,1,1,2,1,1,1,1,1,1,1,5,1,1,9,6,1,1,,,2
2,42,4,3,2004,3,5,6,2,1,1,1,1,1,1,1,5,1,1,12,6,1,1,,2,2
2,42,4,4,2004,1,1,1,2,1,1,2,1,1,1,1,5,1,1,14,6,1,1,,,2
2,42,3,5,2004,2,2,6,2,1,1,1,1,1,1,1,5,1,1,9,6,1,1,,2,2
2,42,4,6,2004,1,1,1,2,1,1,2,1,1,1,1,5,1,1,14,6,1,1,,2,2
2,42,3,6,2004,2,1,1,2,1,1,1,1,1,1,1,5,1,1,10,6,1,1,,,2
2,42,3,6,2004,2,2,5,2,1,1,1,1,1,1,1,5,1,1,9,6,1,1,28,2,2
2,42,2,6,2004,2,3,4,2,1,1,1,1,1,1,1,5,1,1,10,6,1,1,,2,2
2,42,3,7,2004,4,2,6,2,1,1,3,1,1,1,1,5,1,1,5,6,1,1,25,2,2
2,42,3,7,2004,2,1,1,2,1,1,1,1,1,1,1,5,1,1,12,6,1,1,,2,2
12,42,2,3,2004,3,3,6,2,1,1,1,1,1,1,1,5,1,1,9,5,1,1,,2,2
12,42,4,6,2004,3,1,4,2,1,1,1,1,1,1,1,5,1,1,15,6,1,1,,2,2
12,42,4,7,2004,1,5,6,2,1,1,2,1,1,1,1,5,1,1,10,6,1,1,,2,2
12,42,4,7,2004,4,1,1,2,1,1,3,1,1,1,1,5,1,1,8,6,,,,2,2
12,42,4,8,2004,2,1,1,2,1,1,1,1,1,1,1,5,1,1,10,6,1,1,,2,2
12,42,3,12,2004,1,1,1,2,1,1,3,1,1,1,1,5,1,1,11,6,,,,2,2
17,42,4,1,2004,2,1,1,2,1,1,1,1,1,1,1,5,1,1,8,6,1,1,,,2
17,42,3,4,2004,1,1,4,2,1,1,3,1,1,1,1,5,1,1,10,6,1,1,,,2
17,42,3,4,2004,3,1,4,2,1,1,1,1,1,1,1,5,1,1,8,6,,,,2,2
17,42,4,6,2004,4,1,1,2,1,1,3,1,1,1,1,5,1,1,8,6,,,,2,2
14,42,3,3,2004,4,1,1,2,2,1,3,1,1,1,1,5,1,1,10,6,1,1,22,2,2
14,42,3,8,2004,2,1,1,2,2,1,1,1,1,1,1,5,1,1,6,6,,,,,2
14,42,4,10,2004,2,2,5,2,1,1,1,1,1,1,1,5,1,1,9,6,1,1,,2,2