Thana,District,Accident_Severity,Month,Year,Time,Junction_Type,Traffic_Control,Movement,Divider,Weather,Light,Road_Geometry,Surface_Condition,Surface_Type,Surface_Quality,Road_Class,Road_Feature,Location_Type,Vehicle_Type,Vehicle_Movement,Vehicle_Loading,Vehicle_Defect,Vehicle_Driver_Age,Vehicle_Alcohol,Vehicle_Seat_Belt
16,42,3,9,2004,2,1,1,2,1,1,1,1,1,1,1,5,1,1,8,6,1,1,,2,2
16,42,4,9,2004,1,1,1,2,1,1,2,1,1,1,1,5,1,1,10,6,1,1,,,2
16,42,4,12,2004,2,1,1,2,1,1,2,1,1,1,1,5,1,1,10,6,1,1,,2,2
8,42,3,2,2004,3,2,4,2,2,1,1,1,1,1,1,5,1,1,19,6,1,1,,2,2
8,42,4,10,2004,3,1,1,2,1,1,1,1,1,1,1,5,1,1,8,6,1,1,,2,2
8,42,3,10,2004,3,3,1,2,1,1,3,1,1,1,1,5,1,1,10,6,1,1,,2,2
8,42,3,11,2004,2,3,4,2,1,1,1,1,1,1,1,5,1,1,19,6,1,1,,2,2
1,42,2,10,2004,3,1,1,2,1,1,1,1,1,1,1,5,1,1,9,6,1,1,,2,2
1,42,3,11,2004,2,1,1,2,1,1,1,1,1,1,1,5,1,1,10,6,1,1,,2,2
1,42,3,12,2004,3,1,1,2,1,1,1,1,1,1,1,5,1,1,10,6,1,1,,2,2
9,42,3,12,2004,3,1,1,2,1,1,1,1,1,1,1,5,1,1,8,6,1,1,,2,2
11,42,2,9,2004,2,5,4,2,1,1,1,1,1,1,1,5,1,1,14,5,1,1,,2,2
11,42,3,9,2004,4,1,1,2,1,1,3,1,1,1,1,5,1,1,16,6,1,1,28,2,2
11,42,4,10,2004,2,3,2,1,1,1,2,1,1,1,1,5,1,1,8,6,1,1,32,2,2
2,42,4,11,2004,3,1,1,2,1,1,1,1,1,1,1,5,1,1,9,6,1,1,,2,2
2,42,1,12,2004,2,1,1,2,1,1,1,1,1,1,1,5,1,1,10,6,1,1,,2,2
2,42,4,12,2004,3,1,1,2,1,1,1,1,1,1,1,5,1,1,10,6,1,1,,2,2
17,42,2,12,2004,2,1,1,2,1,1,1,1,1,1,1,5,1,1,19,6,,,,2,2
11,42,4,11,2004,3,1,1,2,1,1,1,1,1,1,1,5,1,1,9,6,1,1,,2,2
11,42,4,12,2004,3,1,1,2,1,1,1,1,1,1,1,5,1,1,8,6,1,1,,2,2
6,42,4,10,2004,3,1,1,2,1,1,1,1,1,1,1,5,1,1,8,6,1,1,28,,2
6,42,4,10,2004,2,1,1,2,1,1,1,1,1,1,1,5,1,1,14,6,1,1,,2,2
6,42,4,12,2004,2,1,1,2,1,1,1,1,1,1,1,5,1,1,8,6,1,1,,2,2
6,42,4,1,2004,2,1,4,2,1,1,1,1,1,1,1,5,1,1,9,6,1,1,,2,2
6,42,4,1,2004,2,1,1,2,1,1,1,1,1,1,1,5,1,1,9,6,1,1,,2,2
6,42,3,3,2004,2,1,1,2,2,1,1,1,1,1,1,5,1,1,14,6,1,1,,2,2
6,42,3,3,2004,2,1,1,2,2,1,1,1,1,1,1,5,1,1,9,6,1,1,,2,2
6,42,4,10,2004,4,1,1,2,2,1,3,1,1,1,1,5,1,1,14,6,,,,,2
2,19,4,4,2004,2,1,1,2,1,1,3,1,1,1,2,2,1,2,9,5,1,3,,2,2
1,23,4,10,2004,4,1,1,1,2,1,2,1,1,1,1,2,1,1,14,6,1,7,,1,2
1,24,4,1,2004,2,1,1,2,2,1,1,1,1,1,3,1,3,2,9,6,1,1,,1,2
7,24,4,1,2004,3,1,1,1,2,1,1,1,1,1,1,4,4,2,14,6,2,1,,2,1
1,24,3,2,2004,1,1,2,2,2,1,3,1,1,1,1,1,1,2,12,4,1,7,,2,2
1,24,4,2,2004,2,2,1,2,2,1,1,1,1,1,1,1,1,2,8,6,1,6,,2,2
9,24,4,2,2004,3,1,1,2,2,1,1,1,1,1,1,1,1,2,9,6,2,7,,1,2
1,19,4,8,2004,4,1,1,2,2,1,2,1,1,1,1,2,1,1,14,6,1,7,,2,2
1,21,4,5,2004,2,1,1,2,2,1,1,1,1,1,1,1,1,1,14,6,1,1,,1,2
1,24,4,9,2004,3,1,1,2,2,1,1,1,1,1,1,1,1,2,9,6,1,1,,2,2
2,24,4,7,2004,2,1,1,2,2,1,1,1,1,1,1,4,1,2,4,6,1,1,35,2,2
4,21,4,3,2004,2,1,1,2,2,1,1,1,1,1,1,3,1,2,9,6,1,5,,2,2
5,21,4,2,2004,3,3,1,2,2,1,1,1,1,1,1,4,1,2,4,6,1,7,38,2,2
1,21,4,10,2004,2,1,1,2,2,1,4,1,1,1,1,1,1,1,14,6,1,7,35,2,2
6,21,4,10,2004,2,1,1,2,2,1,1,1,1,1,1,1,1,2,14,6,1,7,,1,2
1,21,3,6,2004,3,4,1,2,2,1,1,1,1,1,1,1,1,1,9,6,1,7,,2,2
1,24,4,5,2004,1,7,1,2,2,1,1,1,1,1,1,1,1,2,4,6,1,1,,2,2
1,24,4,5,2004,3,1,1,2,2,1,1,1,1,1,1,1,1,2,8,5,1,1,34,1,2
4,24,4,5,2004,1,1,8,2,1,1,1,1,1,1,1,1,1,2,14,5,1,7,,1,2
5,24,3,1,2004,1,1,1,2,2,1,1,1,1,1,1,1,1,2,14,6,1,7,,1,2
2,28,1,2,2004,3,5,8,2,2,1,1,4,1,1,1,5,1,1,7,2,1,1,,2,2
1,28,1,4,2004,2,7,1,2,2,1,2,1,1,1,1,2,1,1,7,7,1,7,35,2,2
1,28,3,1,2004,3,3,8,2,2,1,1,1,1,1,1,5,1,1,7,6,1,1,,1,2
1,28,4,1,2004,4,7,8,2,2,1,3,1,1,1,1,5,1,1,13,6,1,7,,2,2
5,28,4,5,2004,3,2,1,2,2,1,1,1,1,1,1,5,1,1,14,2,1,1,38,1,2
8,7,4,1,2004,3,1,1,2,2,1,1,1,1,1,2,4,1,2,19,6,2,3,25,2,2
10,7,3,1,2004,2,7,1,2,2,4,1,1,2,1,1,3,1,2,14,5,1,3,34,2,2
1,7,4,3,2004,4,7,1,2,2,1,3,1,1,1,1,1,1,1,9,6,1,1,45,1,2
2,2,4,2,2004,3,2,1,2,2,1,1,1,1,1,1,2,1,2,14,6,1,1,40,1,2
2,2,4,2,2004,2,1,1,2,2,4,1,1,1,1,1,2,1,2,14,6,1,1,,2,2
4,11,4,1,2004,2,1,1,2,2,1,1,1,1,1,1,2,1,2,8,4,1,1,,2,2
4,8,3,2,2004,2,1,1,2,2,1,1,1,1,1,1,1,1,2,13,6,1,1,,2,1
4,8,4,2,2004,4,1,1,2,2,1,1,1,1,1,1,1,1,2,2,6,1,1,,2,2
5,10,4,1,2004,3,4,1,2,2,1,1,4,1,1,1,3,1,2,8,1,1,1,37,2,2
3,4,3,2,2004,2,3,1,2,2,1,1,2,1,1,1,3,1,2,4,2,1,3,37,2,2
5,4,4,2,2004,4,2,1,2,2,1,2,1,1,1,1,3,1,2,1,11,1,1,,2,2
1,4,4,1,2004,2,1,1,2,2,1,1,2,1,1,1,2,1,2,9,1,1,1,,2,2
1,3,4,6,2004,3,1,1,2,2,1,1,1,1,1,1,1,1,2,8,5,1,1,,1,2
1,12,3,5,2004,2,7,1,2,2,1,1,1,1,1,1,3,1,2,8,4,1,1,20,2,2
4,12,3,5,2004,3,7,8,1,2,1,1,1,1,1,1,3,1,2,14,8,1,1,28,2,2
1,10,4,5,2004,3,1,1,2,2,1,1,1,1,1,1,2,1,2,9,6,1,1,35,2,2
3,8,4,6,2004,3,7,1,2,2,1,1,1,1,1,1,1,1,2,14,6,1,1,,2,2
3,8,4,6,2004,4,1,1,2,2,1,2,2,1,1,1,1,1,2,19,11,1,1,,2,2
2,7,4,4,2004,4,7,8,1,2,1,2,1,1,1,1,3,1,2,14,6,1,1,42,2,2
4,7,4,5,2004,4,3,8,2,2,1,2,1,1,1,1,3,1,2,8,6,1,1,,1,2
7,7,4,5,2004,3,1,1,2,2,2,1,2,1,1,1,3,1,1,9,6,1,1,30,1,2
12,3,4,4,2004,4,1,1,2,2,1,4,1,1,1,1,4,1,2,2,2,1,7,40,2,2
4,8,4,5,2004,3,1,1,1,2,1,1,1,1,1,1,1,1,1,14,6,1,1,,1,2
7,8,4,7,2004,3,1,1,2,2,1,1,1,1,1,1,1,1,1,9,11,1,2,,2,2
4,8,4,7,2004,2,3,1,2,1,1,1,1,1,1,1,1,1,1,14,6,1,7,,1,2
3,8,3,7,2004,1,1,1,2,2,1,4,1,1,1,1,1,1,2,14,5,2,1,39,1,2
1,4,4,5,2004,3,1,1,2,2,1,1,1,1,1,1,3,1,2,14,4,1,1,,2,2
6,4,4,1,2004,2,1,1,2,2,4,4,1,1,1,1,3,1,2,7,6,1,1,26,2,2
4,8,4,7,2004,3,1,1,2,2,1,1,1,1,1,1,1,1,1,9,11,1,1,,2,2
1,2,3,9,2004,3,7,8,2,2,1,1,1,1,1,1,1,1,1,9,6,1,1,,2,2
5,10,4,4,2004,2,1,1,2,2,1,1,1,1,1,1,3,1,2,14,6,1,1,,,
5,2,4,11,2004,2,1,1,2,2,1,1,1,1,1,1,3,1,1,8,6,1,7,35,2,2
5,10,4,11,2004,2,1,1,2,1,1,1,1,1,1,1,3,1,2,13,6,1,1,,2,2
5,10,4,9,2004,3,3,8,2,2,2,1,2,2,1,1,3,1,2,12,4,1,1,28,2,2
4,3,4,10,2004,2,1,1,2,2,1,2,2,1,1,1,1,1,2,8,1,1,1,,2,2
7,17,4,3,2004,4,1,3,1,2,2,1,3,1,1,1,1,1,1,8,4,1,1,,2,2
7,17,4,5,2004,4,2,1,2,2,1,1,1,1,1,1,1,1,2,12,6,1,1,,2,1
7,17,4,4,2004,3,3,1,2,2,1,1,1,1,1,3,3,1,2,14,6,1,1,33,2,2
7,17,4,2,2004,4,1,1,2,2,1,4,2,1,1,1,1,1,2,4,6,1,1,,2,2
1,17,4,3,2004,1,1,1,2,2,1,2,1,1,1,1,1,1,2,14,5,1,1,,2,2
1,17,1,6,2004,2,2,1,2,2,1,1,1,1,1,1,1,1,2,14,6,1,1,,1,2
1,17,1,1,2004,3,1,1,2,2,1,1,1,1,1,1,1,1,2,14,6,1,1,,2,2
7,17,4,4,2004,3,1,1,1,2,1,1,1,1,2,3,2,1,2,8,6,1,1,34,2,2
7,17,3,6,2004,1,1,1,2,2,1,1,1,1,1,1,4,1,2,14,6,1,6,,2,2
8,17,3,9,2004,4,1,1,1,1,1,4,1,1,1,3,3,1,2,14,6,1,1,33,2,2
10,17,4,3,2004,3,1,1,2,2,1,1,1,1,1,1,1,1,2,19,6,1,1,,1,2
10,17,3,11,2004,3,7,3,2,2,1,1,1,1,1,1,1,1,2,9,6,1,1,,2,2
1,17,4,7,2004,3,1,1,2,2,1,1,1,1,1,1,3,1,2,13,6,1,1,,2,2
8,17,1,2,2004,3,1,1,1,2,1,1,1,1,1,1,2,1,1,9,6,1,1,38,2,2
1,17,3,1,2004,2,3,1,2,2,1,1,1,1,1,1,3,1,2,13,6,1,1,30,2,2
7,17,4,7,2004,3,1,1,2,2,1,1,1,1,1,1,1,1,2,9,6,1,1,38,2,2
7,17,4,4,2004,4,1,1,2,2,1,4,1,1,1,1,1,1,2,14,6,1,1,,2,2
10,17,4,10,2004,3,1,1,2,2,1,1,1,1,1,1,1,1,2,9,6,1,1,45,2,2
8,17,4,4,2004,4,3,1,2,2,1,4,1,1,1,1,1,1,2,6,1,1,7,39,2,2
3,3,1,10,2004,3,7,4,2,2,2,1,1,2,1,1,2,1,2,11,2,1,1,32,2,2
1,3,4,11,2004,4,1,1,2,2,1,2,1,1,1,1,1,1,1,9,6,1,7,,2,2
1,7,4,12,2004,3,2,1,2,2,1,1,1,1,1,1,1,1,1,8,6,1,1,,1,2
7,8,4,10,2004,4,1,1,2,2,1,2,1,1,1,3,3,1,2,7,6,1,1,30,2,2
4,8,3,10,2004,3,1,1,1,2,1,1,1,1,1,1,1,2,1,8,6,1,1,,2,2
9,3,1,12,2004,1,7,8,1,2,1,1,1,1,1,1,2,1,1,9,6,1,1,35,2,2
1,16,4,1,2004,1,3,1,1,2,1,1,1,1,1,1,2,1,2,8,6,1,1,,2,2
2,16,4,3,2004,3,1,1,2,2,1,1,1,1,2,2,4,4,2,9,6,1,2,30,2,2
3,5,4,3,2004,1,1,1,1,2,1,1,1,1,1,1,1,1,2,14,5,2,1,40,2,2
4,12,3,8,2004,3,7,1,1,2,1,1,1,1,1,1,4,1,2,6,5,2,7,,2,2
5,12,4,12,2004,1,1,1,2,2,1,2,1,1,1,1,2,1,2,14,6,1,1,,2,2
3,12,4,11,2004,1,1,1,2,2,1,1,1,1,1,1,2,1,2,14,6,1,1,29,2,2
1,15,3,6,2004,3,1,1,2,2,1,1,1,1,1,1,1,1,2,14,1,1,1,,2,2
6,15,4,3,2004,1,1,1,2,2,1,1,1,1,1,1,1,1,2,14,6,1,1,,2,2
3,15,3,1,2004,1,1,1,2,1,1,4,1,1,1,1,1,1,2,14,6,1,1,,2,2
3,15,4,1,2004,1,1,1,2,1,4,4,1,5,1,1,1,1,2,9,6,1,1,,2,2
3,15,3,1,2004,1,1,1,2,2,1,4,1,1,1,1,1,1,2,9,6,1,1,,2,2
3,15,3,2,2004,2,1,1,2,2,1,1,1,1,1,1,1,1,2,8,6,1,1,,2,2
3,15,3,3,2004,1,1,1,2,2,1,4,2,1,1,1,1,1,2,19,6,1,1,,2,2
5,15,1,7,2004,2,1,1,2,1,2,1,2,2,1,1,2,1,2,14,6,1,1,,2,2
6,5,4,2,2004,2,1,1,2,2,1,1,1,1,1,1,1,1,2,14,6,1,1,,2,2
6,5,3,4,2004,1,3,1,1,2,1,4,1,1,1,1,1,1,2,14,5,1,1,,2,2
6,5,1,7,2004,2,1,1,2,2,1,1,1,1,1,1,1,1,2,14,1,1,1,,2,2
6,5,3,7,2004,1,1,1,2,2,1,2,1,1,1,1,1,1,2,12,7,1,1,,2,2
6,5,3,7,2004,4,1,1,2,2,1,2,1,1,1,1,1,1,2,9,6,1,1,,2,2
6,5,4,8,2004,2,1,1,1,2,1,2,1,1,1,1,1,2,2,14,6,1,1,,2,2
6,5,3,8,2004,1,1,1,2,2,4,1,1,1,1,1,1,1,2,14,6,1,1,,2,2
6,5,2,9,2004,1,1,1,2,2,1,2,1,1,1,1,1,1,2,14,6,1,1,,2,2
8,5,4,7,2004,1,3,1,2,2,1,1,1,1,1,1,1,1,2,7,6,1,1,,2,2
8,5,1,10,2004,4,1,1,2,2,1,4,1,1,1,1,1,1,2,10,6,1,1,,1,2
5,5,4,7,2004,1,1,1,2,2,1,4,1,1,1,1,1,1,2,9,6,1,1,,2,2
5,5,4,7,2004,1,1,1,1,2,1,1,1,1,1,1,1,1,2,14,6,2,1,38,2,2
5,5,4,11,2004,3,3,1,2,2,1,1,1,1,1,1,1,1,2,9,11,1,3,,2,2
1,5,1,2,2004,3,7,8,2,2,1,1,1,1,1,1,1,1,2,7,11,2,7,,2,2
1,5,4,5,2004,4,7,8,2,2,1,1,1,1,1,1,1,1,2,4,7,1,1,,1,1
1,5,4,5,2004,1,7,8,2,2,1,1,1,1,1,1,1,1,2,14,11,1,1,,2,2
1,5,1,7,2004,1,1,2,2,2,1,1,1,1,1,1,1,1,1,9,6,1,1,47,2,2
9,16,4,1,2004,1,1,1,1,1,1,1,1,1,1,1,1,1,2,16,6,1,1,,2,2
9,16,4,1,2004,1,1,1,2,2,1,1,1,1,1,1,1,1,2,14,6,1,1,40,1,2
9,16,4,9,2004,1,1,1,1,2,1,1,1,1,1,1,1,1,2,9,6,1,1,,2,2
9,16,4,10,2004,2,1,1,2,2,1,1,1,1,1,1,1,1,2,14,6,1,1,,2,2
6,16,4,3,2004,3,1,1,2,2,1,1,1,1,1,1,1,1,2,14,2,1,1,,1,2
6,16,4,7,2004,2,1,1,2,2,1,1,1,1,1,1,1,1,2,14,6,1,1,,1,2
10,16,4,4,2004,1,1,1,2,2,1,2,1,1,1,1,1,1,2,9,6,1,1,,2,2
1,1,4,3,2004,3,7,1,2,2,1,1,1,1,1,1,1,1,1,14,6,1,1,,2,2
1,1,4,4,2004,4,4,1,2,2,1,2,1,1,1,1,1,1,1,9,11,1,1,,1,2
3,1,4,2,2004,4,1,1,2,2,1,4,1,1,1,1,1,1,2,9,6,1,1,,1,2
3,1,4,2,2004,3,1,1,2,2,1,2,1,1,1,1,1,1,2,9,6,1,1,,1,2
2,1,4,6,2004,1,1,1,2,2,1,4,1,2,1,1,2,1,2,1,6,1,1,,2,2
11,16,3,2,2004,2,1,1,2,2,1,1,1,1,1,1,1,1,2,9,10,1,1,,2,2
11,16,1,2,2004,3,1,1,2,2,1,1,1,1,1,1,1,1,2,14,5,1,1,,2,2
6,11,4,2,2004,2,1,1,2,2,1,1,1,1,1,1,2,1,2,12,6,1,1,,2,2
6,11,1,6,2004,3,1,1,2,2,1,4,1,1,1,1,2,1,2,14,6,1,1,,2,2
6,11,3,11,2004,1,1,1,2,2,1,4,1,1,1,1,2,1,2,9,3,1,1,,2,2
8,11,4,10,2004,3,1,1,2,2,1,1,1,1,1,1,2,1,2,14,6,1,1,,2,2
9,11,4,5,2004,2,1,1,2,2,1,1,1,1,1,1,2,1,2,14,6,1,1,,2,2
9,11,4,5,2004,3,1,1,2,2,1,1,1,1,1,1,2,1,2,14,6,1,1,,2,2
9,11,3,5,2004,2,1,1,2,2,1,1,1,1,1,1,2,1,2,9,6,1,1,,2,2
11,11,4,7,2004,2,1,1,2,2,1,1,1,1,1,1,3,1,2,8,6,1,1,,2,2
3,11,4,12,2004,3,1,1,2,2,1,1,1,1,3,2,4,1,2,4,6,1,1,,2,2
3,11,4,7,2004,1,1,1,2,2,1,1,1,1,1,1,2,1,2,9,6,1,1,,2,2
6,8,4,12,2004,4,1,1,1,2,1,2,1,1,1,1,2,1,2,14,6,1,7,,2,2
1,4,3,11,2004,2,1,1,2,2,1,1,1,1,1,1,2,1,2,9,6,1,1,,2,2
1,4,4,5,2004,3,1,1,2,2,1,1,1,1,1,1,3,1,2,1,4,1,1,,2,2
1,4,3,12,2004,2,1,2,2,2,1,1,1,1,1,1,3,1,2,9,11,1,1,,2,2
2,4,3,10,2004,4,1,1,1,2,1,1,1,1,1,1,3,1,2,9,6,1,1,,2,2
2,4,1,12,2004,3,7,1,2,2,1,1,1,1,1,1,3,1,2,10,6,1,1,,2,2
4,4,4,12,2004,4,1,1,2,2,1,1,1,1,1,1,3,1,1,14,6,1,1,35,2,2
1,15,4,10,2004,2,1,1,2,2,1,1,1,1,1,1,1,1,2,8,6,1,1,,2,2
4,15,2,11,2004,3,1,1,1,1,1,1,1,1,1,1,1,3,2,14,6,1,7,,1,2
5,4,4,12,2004,4,1,1,2,2,1,2,1,1,1,2,4,4,2,14,6,1,1,35,2,2
4,7,4,11,2004,1,1,4,2,1,1,3,1,1,1,1,3,2,2,8,4,1,7,40,2,2
1,11,4,6,2004,1,2,1,2,2,1,1,1,1,1,1,2,1,2,4,4,,,52,2,2
1,11,4,9,2004,2,1,3,1,2,1,1,1,1,1,1,2,1,1,8,6,1,1,40,2,2
1,14,4,1,2004,4,2,1,2,1,1,2,1,1,1,1,5,1,1,14,1,1,1,,2,2
1,14,4,1,2004,2,3,4,2,2,1,1,1,1,1,1,5,1,1,8,11,1,1,,2,2
1,14,4,4,2004,2,3,2,2,1,1,1,1,1,1,1,5,1,1,14,6,1,1,40,2,2
2,14,4,3,2004,4,1,1,2,2,1,2,1,1,1,1,1,1,1,8,9,1,7,,2,2
1,14,4,6,2004,3,7,8,1,2,1,1,1,1,1,1,4,1,1,14,11,2,7,30,1,2
2,14,4,6,2004,2,1,1,2,2,1,1,1,1,1,1,2,1,1,14,6,,7,,2,2
2,14,4,6,2004,3,1,1,2,2,1,1,1,1,1,1,1,1,1,10,4,1,1,,2,2
4,14,4,5,2004,4,7,4,2,2,1,4,1,1,1,1,1,1,1,9,6,1,7,,2,2
4,14,4,6,2004,3,7,4,2,2,1,1,1,1,1,1,1,1,1,14,6,1,1,40,2,2
3,14,1,7,2004,2,3,3,2,2,1,1,1,1,1,1,1,1,1,7,8,1,1,28,2,2
1,14,4,7,2004,3,3,4,2,1,1,1,1,1,1,1,5,1,1,9,4,2,7,,1,2
3,14,4,8,2004,2,7,1,2,2,1,1,4,1,1,1,5,1,1,8,6,1,7,,1,2
2,14,4,8,2004,4,7,8,2,2,2,4,1,2,1,1,1,1,2,,6,,7,,1,2
3,14,1,8,2004,4,7,8,2,2,1,3,1,1,1,1,1,1,1,14,6,1,7,,1,2
1,14,4,9,2004,3,1,1,2,2,2,1,1,2,1,1,5,1,1,9,6,1,7,,1,2
2,14,4,10,2004,2,1,1,1,2,1,1,1,1,1,1,1,3,1,9,6,1,1,,1,2
1,14,4,11,2004,2,7,4,2,2,1,1,1,1,1,1,5,5,1,9,6,1,4,,2,2
2,14,4,11,2004,3,2,1,1,2,1,1,1,1,1,1,1,1,2,19,4,2,7,,2,2
3,14,3,12,2004,4,3,2,2,2,1,1,1,1,1,1,1,1,1,14,6,1,1,,2,2
2,14,3,12,2004,2,3,8,2,2,1,1,1,1,1,1,1,1,1,7,8,1,1,,2,2
1,59,4,1,2004,3,1,2,2,2,1,1,1,1,1,1,1,1,1,19,5,,1,,1,2
1,57,4,1,2004,1,,,,,1,4,1,1,1,1,1,,,6,,,4,,,
1,58,3,1,2004,2,1,8,2,2,1,1,1,1,1,1,1,1,2,14,6,1,1,42,2,2
2,58,4,1,2004,2,,1,2,2,1,1,1,1,1,1,1,1,2,9,6,1,1,,2,2
8,58,4,1,2004,2,7,1,2,2,1,1,1,1,1,1,1,1,2,9,6,1,7,45,1,
6,63,1,1,2004,3,7,8,2,2,1,1,1,1,1,1,1,1,2,9,6,1,7,35,2,2
1,61,4,2,2004,3,5,1,2,2,1,1,2,1,1,1,2,1,2,9,1,1,1,33,2,2
1,61,4,2,2004,3,1,1,2,2,1,1,2,1,1,3,1,1,2,,6,,,,,2
1,59,3,2,2004,3,1,1,2,1,1,1,1,1,1,1,1,1,1,9,8,1,1,,2,2
7,59,4,2,2004,2,3,1,2,2,1,1,1,1,1,3,2,1,2,9,6,1,1,45,2,2
5,59,4,2,2004,3,7,1,1,2,1,1,1,1,1,2,2,4,2,9,,,3,,,
8,58,4,2,2004,3,7,1,2,,1,1,1,1,1,1,1,1,2,14,6,1,7,,1,2
8,58,4,2,2004,3,3,4,2,,1,1,,1,1,1,1,1,2,9,5,1,7,,2,2
1,58,2,2,2004,4,1,2,2,2,1,2,1,1,1,1,1,1,2,7,6,1,1,40,2,2
2,58,4,2,2004,3,7,1,2,2,1,1,1,1,1,1,1,1,2,9,6,1,7,35,,
5,58,3,2,2004,3,7,1,2,2,1,1,1,1,1,1,1,1,2,4,4,,,,,2
8,63,4,2,2004,3,7,1,2,1,1,1,1,1,1,1,1,1,2,14,,,,,,
2,62,4,3,2004,4,1,1,2,2,1,4,1,1,1,1,4,1,2,17,11,2,1,30,2,2
7,63,4,3,2004,2,3,1,2,2,1,1,2,1,1,1,1,1,2,8,6,1,,35,1,2
1,58,4,3,2004,4,1,1,2,2,1,4,1,1,1,1,1,1,2,9,6,1,,,2,2
1,61,4,4,2004,2,1,1,2,2,1,4,1,1,1,1,2,1,1,12,5,,,,2,2
5,57,4,4,2004,1,1,1,2,2,1,2,1,1,1,1,2,1,2,14,11,1,1,,1,2
2,62,4,4,2004,2,3,1,2,2,1,1,1,1,1,1,2,1,2,19,5,1,,,1,1
1,58,4,4,2004,4,1,1,2,2,1,1,1,1,1,1,2,1,2,17,4,,7,,2,2
1,60,4,4,2004,2,7,,2,2,1,1,1,1,1,1,1,1,2,9,11,,,35,1,
8,63,1,4,2004,4,,1,2,1,1,4,1,1,1,1,1,1,2,14,6,,,,,2
1,57,4,5,2004,3,7,8,1,2,1,1,2,1,1,1,1,1,2,9,2,,,,,
2,58,4,5,2004,3,7,1,1,2,2,1,2,2,1,1,1,1,2,14,2,1,1,,2,2
1,61,3,5,2004,2,5,1,,,1,1,2,1,1,3,1,1,2,9,1,1,1,42,2,2
6,60,4,5,2004,3,1,1,2,2,1,1,1,1,1,1,5,1,2,12,6,1,1,,2,2
4,63,4,5,2004,2,1,1,2,1,1,1,1,1,1,1,1,2,,9,6,1,7,,2,
8,63,4,5,2004,4,3,,2,,1,1,1,1,1,1,1,1,2,9,,1,1,55,1,2
2,65,4,5,2004,4,1,1,2,2,1,2,2,1,1,1,1,1,2,19,2,1,1,,2,2
1,58,1,6,2004,4,1,1,2,2,1,4,1,1,1,1,1,1,2,5,11,1,1,,1,2
1,60,4,6,2004,4,1,1,2,2,1,4,1,1,1,1,1,1,2,9,,1,1,,2,2
2,58,4,6,2004,2,,1,2,2,1,1,1,1,1,1,1,1,2,16,5,1,1,35,2,2
7,58,4,6,2004,2,1,1,2,2,1,2,1,1,1,1,1,1,2,7,,1,1,,1,2
2,61,4,7,2004,2,1,1,2,2,1,1,1,1,1,1,3,1,2,9,6,1,,,1,2
2,58,4,7,2004,2,1,1,2,2,2,2,1,2,1,1,1,1,2,14,10,1,,,2,2
1,58,4,7,2004,3,3,2,2,2,1,1,1,1,1,1,3,1,2,9,1,1,1,,2,2
6,60,4,7,2004,3,1,1,2,2,1,1,3,1,1,2,4,4,2,17,6,1,7,50,2,2
8,60,4,7,2004,3,1,1,2,2,1,1,1,1,1,1,3,1,2,7,6,1,1,32,2,2
8,60,4,7,2004,2,1,1,2,,1,1,1,1,1,1,3,1,2,8,6,1,1,,2,2
10,63,4,7,2004,3,1,1,2,,2,1,2,2,2,2,3,1,2,7,,,,,,
2,58,4,8,2004,3,1,1,2,2,1,1,1,1,1,1,1,1,2,9,6,1,,,2,2
2,58,4,8,2004,1,1,1,2,2,1,3,1,1,1,1,1,1,2,9,6,,,,2,2
2,58,4,8,2004,2,1,1,2,2,1,1,1,1,1,1,1,1,2,9,6,,,,2,2
5,58,4,8,2004,2,1,1,2,2,1,1,1,1,1,1,1,2,2,14,6,1,,,2,2
2,61,1,9,2004,2,1,1,2,,1,1,1,1,1,1,1,1,2,10,6,1,1,36,2,2
1,61,1,9,2004,1,7,8,1,2,1,2,1,1,1,1,1,1,1,9,11,1,1,35,2,2
8,63,4,9,2004,3,7,1,2,,1,1,1,1,1,1,1,1,2,9,11,1,7,,2,2
1,59,4,10,2004,2,1,1,2,2,1,1,1,1,1,1,2,1,2,17,5,2,,,1,2
2,58,1,10,2004,4,7,8,1,2,1,4,1,1,1,1,1,1,2,9,6,1,1,48,2,2
10,58,2,10,2004,3,1,1,1,1,1,1,1,1,1,1,2,1,2,9,11,1,,,2,2
8,63,4,10,2004,1,7,1,2,,1,2,1,1,1,1,1,1,2,9,6,1,1,,2,2
3,63,4,10,2004,2,,,2,2,1,2,1,1,1,1,1,1,2,14,7,,1,,1,2
13,63,4,11,2004,2,1,1,1,2,1,1,1,1,1,1,1,1,2,9,6,1,,,,2
1,62,3,12,2004,4,1,1,2,2,1,3,1,1,1,1,2,1,1,9,6,1,1,,2,2
1,62,4,12,2004,3,1,1,1,,1,1,1,1,1,1,5,1,2,9,6,1,1,,2,2
1,58,3,12,2004,2,3,4,2,2,1,2,1,1,1,1,1,1,2,9,1,1,1,,1,2
1,58,2,12,2004,3,6,2,2,2,1,1,1,1,1,1,5,1,1,10,6,1,1,,2,1
2,58,4,12,2004,3,1,1,2,2,1,1,1,1,1,1,4,4,2,17,4,2,7,,2,2
14,63,4,12,2004,2,1,8,2,2,1,2,2,1,1,1,1,1,2,9,1,1,7,,1,2
1,60,4,12,2004,3,1,1,1,2,4,2,1,1,1,1,4,1,2,13,6,1,6,,2,2
5,54,4,1,2004,2,2,1,2,2,4,1,1,1,1,1,3,1,2,14,6,,,,,
8,54,4,2,2004,3,1,1,2,2,1,1,1,1,1,1,1,1,2,11,6,,1,,,
13,54,4,2,2004,2,7,3,2,2,4,1,1,1,1,3,3,1,2,8,6,1,1,,,