Thana,District,Accident_Severity,Month,Year,Time,Junction_Type,Traffic_Control,Movement,Divider,Weather,Light,Road_Geometry,Surface_Condition,Surface_Type,Surface_Quality,Road_Class,Road_Feature,Location_Type,Vehicle_Type,Vehicle_Movement,Vehicle_Loading,Vehicle_Defect,Vehicle_Driver_Age,Vehicle_Alcohol,Vehicle_Seat_Belt
12,54,4,2,2004,4,7,1,2,2,1,2,1,1,1,1,1,1,,13,11,1,1,40,2,2
3,56,1,2,2004,3,7,1,2,2,1,1,1,1,1,3,3,1,2,9,2,1,1,,2,2
1,55,2,2,2004,3,1,1,2,2,1,1,1,1,1,1,1,1,2,14,5,1,1,,,
3,53,4,2,2004,2,1,8,2,2,1,2,1,1,1,1,2,1,2,6,6,1,,,,
1,55,4,3,2004,3,1,1,2,2,1,1,1,1,1,1,1,1,2,8,4,1,1,,2,2
1,54,4,3,2004,4,1,1,2,2,1,2,1,1,1,1,5,1,1,13,7,1,3,,,2
1,54,4,4,2004,2,,1,2,2,1,1,1,1,1,1,1,1,2,14,4,,,,1,2
3,56,4,4,2004,2,,1,2,2,1,1,1,1,1,3,3,1,2,13,11,1,7,,,
6,55,4,5,2004,3,1,1,2,2,2,1,1,2,1,1,1,1,2,14,6,2,1,,,
1,54,4,5,2004,2,2,1,1,2,2,3,1,1,1,1,1,1,2,14,6,,,,1,2
1,54,4,5,2004,4,2,1,2,2,1,3,3,1,1,1,5,1,1,14,6,1,1,,2,2
12,54,4,6,2004,4,1,1,2,2,2,4,1,2,1,1,1,1,2,7,11,1,7,35,2,2
7,54,4,6,2004,2,1,1,2,2,1,1,1,1,1,1,3,1,2,9,6,1,,30,1,1
11,54,4,6,2004,3,7,8,2,2,1,1,1,1,1,1,3,3,2,8,6,1,7,38,1,2
3,56,4,6,2004,3,,,2,2,1,1,3,1,1,1,3,1,2,13,4,1,7,24,2,2
1,55,3,7,2004,3,,,2,2,,1,,,1,1,1,1,1,8,6,,,,,
9,56,4,8,2004,3,1,1,1,2,1,1,1,1,1,1,1,1,2,14,5,2,,44,,
6,55,4,8,2004,2,7,1,2,2,1,,1,1,1,1,3,1,2,14,2,1,1,,2,2
1,54,4,8,2004,3,1,1,2,2,1,1,1,1,1,1,1,1,2,14,6,1,1,,2,2
13,54,4,8,2004,2,1,1,2,2,1,1,1,,,,,,,5,6,1,,20,1,2
9,56,4,5,2004,2,,1,2,2,1,1,1,1,1,1,1,1,2,4,6,,,,,1
5,56,4,9,2004,2,7,1,2,2,1,1,1,1,1,1,1,1,2,14,6,,1,,1,2
6,55,4,9,2004,2,1,8,2,2,1,1,1,1,1,1,1,1,1,9,11,1,7,,2,2
3,55,4,10,2004,2,7,8,2,2,4,4,1,1,1,1,3,1,2,13,11,1,,35,2,2
1,54,4,9,2004,4,1,2,2,2,1,3,1,1,1,1,1,1,1,14,6,2,1,55,2,2
1,54,3,9,2004,2,1,1,2,2,1,1,1,1,1,1,1,1,2,9,,,,,,
1,54,3,10,2004,3,7,1,2,2,1,2,1,1,1,1,1,1,2,8,6,1,,,2,2
9,54,4,9,2004,3,1,1,2,2,1,4,1,1,1,1,1,1,2,5,6,1,1,25,2,2
9,54,3,9,2004,2,1,1,2,2,1,4,1,1,1,1,1,1,2,14,6,1,1,40,2,2
12,54,4,9,2004,3,3,1,2,2,1,4,1,1,1,1,1,1,2,4,4,1,6,35,1,2
3,54,4,10,2004,3,1,1,2,2,1,1,1,1,1,1,3,1,2,8,6,1,1,42,2,2
11,54,3,11,2004,2,7,8,2,2,1,1,1,1,1,1,3,1,2,8,4,1,7,,1,1
13,54,4,9,2004,2,,,2,2,1,,,,1,1,3,1,2,7,6,,,,,
5,56,4,12,2004,3,1,1,1,2,1,1,1,1,1,1,4,1,2,9,6,1,1,,,
3,53,4,12,2004,3,,1,2,2,1,1,1,1,1,1,1,1,2,9,6,1,7,30,2,2
1,54,2,12,2004,3,,4,2,2,1,3,1,1,1,1,1,1,1,14,6,1,7,32,2,2
10,9,3,6,2004,3,7,1,2,2,1,1,2,1,1,1,1,1,2,14,4,1,1,,2,2
10,9,3,6,2004,1,1,1,2,2,1,4,1,2,1,3,1,1,2,9,6,1,1,,2,2
10,9,4,5,2004,4,7,8,2,2,1,4,1,1,1,1,1,1,2,14,4,1,1,42,2,2
10,9,4,12,2004,1,1,1,2,2,4,4,1,2,1,1,1,1,1,9,6,1,1,55,2,2
1,22,2,12,2004,1,1,1,2,1,1,1,1,1,1,1,1,1,1,14,6,1,1,,2,2
2,64,2,3,2004,4,1,1,2,2,1,3,2,1,1,1,5,1,1,9,6,1,1,,2,2
8,64,1,2,2004,3,6,1,2,2,1,1,1,1,1,1,5,1,1,14,4,1,1,,2,2
10,64,1,4,2004,3,1,8,2,2,1,1,5,1,1,1,3,1,1,6,6,1,1,,2,2
12,64,4,4,2004,2,1,1,2,2,1,1,3,1,1,1,5,1,1,8,6,1,1,,2,2
10,64,3,4,2004,2,2,6,1,2,1,1,1,1,1,1,1,1,1,7,11,1,1,28,2,2
3,21,4,7,2004,3,1,8,2,2,1,1,1,1,1,1,1,1,2,9,1,1,7,32,2,2
7,24,4,7,2004,4,1,1,1,2,1,4,1,1,1,1,2,1,1,9,6,1,1,40,2,2
1,24,4,7,2004,1,1,1,2,1,1,4,1,1,1,1,1,1,2,14,6,2,7,,2,2
1,2,4,10,2004,4,7,1,2,2,1,3,1,1,1,1,1,1,2,8,6,1,1,,1,2
7,17,4,2,2004,3,1,1,2,2,1,2,1,1,1,1,1,1,2,14,6,1,1,50,2,2
1,17,3,7,2004,3,2,1,1,2,1,1,1,1,1,1,1,1,2,9,6,1,1,,2,2
10,17,4,11,2004,1,1,1,2,2,4,2,1,1,1,1,1,1,2,14,6,1,1,30,2,2
5,15,4,6,2004,1,1,1,2,2,1,2,1,1,1,1,1,1,2,14,6,1,1,40,2,2
1,5,4,3,2004,2,1,1,2,2,1,1,1,1,1,1,1,1,2,14,4,1,1,,1,2
1,1,1,4,2004,3,7,1,2,2,1,1,2,1,1,1,1,1,2,8,1,1,1,40,2,2
11,16,3,1,2004,4,1,1,2,2,1,4,1,1,1,1,1,1,2,14,6,1,1,,2,2
11,16,3,5,2004,3,1,1,2,2,1,1,1,1,1,1,1,1,2,14,6,1,1,,2,2
11,16,4,5,2004,1,1,1,2,2,1,2,1,1,1,1,1,1,1,14,5,1,1,,2,2
11,16,1,5,2004,4,1,1,2,2,1,2,1,1,1,1,1,1,1,12,6,1,1,,2,2
11,16,4,12,2004,2,1,1,2,2,4,1,1,1,1,1,1,1,2,14,4,1,1,32,2,2
11,16,4,12,2004,3,1,1,2,2,4,1,1,1,1,1,1,1,2,14,4,1,1,,1,2
3,8,1,12,2004,2,2,1,2,2,1,2,1,1,1,1,1,1,2,9,5,1,7,,2,2
1,4,4,11,2004,2,1,1,2,2,1,1,1,1,1,1,3,1,2,8,6,1,1,33,2,2
1,15,4,10,2004,3,1,1,2,2,2,1,1,2,1,1,1,1,2,7,6,1,1,40,2,2
3,14,1,1,2004,2,1,1,2,2,1,1,1,1,1,1,5,1,1,6,4,1,1,35,2,2
1,65,4,6,2004,2,1,1,1,2,1,1,2,1,1,1,1,1,2,9,6,1,,,,
1,58,4,6,2004,1,,,2,2,1,2,1,1,1,1,1,1,2,14,5,1,1,,,
7,58,4,6,2004,3,1,1,2,2,1,1,1,2,1,1,1,1,2,9,5,2,7,50,1,2
14,63,4,6,2004,4,1,1,2,2,2,4,1,2,1,3,1,4,2,9,6,1,7,40,1,2
5,63,1,6,2004,3,1,1,2,2,2,1,1,2,1,1,2,1,2,13,6,1,,,2,2
11,63,4,6,2004,2,1,,2,,2,1,1,2,1,1,1,1,2,14,6,,,,,
11,63,3,6,2004,3,,,2,2,1,1,1,1,1,1,3,1,2,5,,,,,2,2
5,58,4,7,2004,2,7,1,2,,1,2,1,1,1,1,1,1,2,14,6,1,6,,2,2
5,58,4,7,2004,3,7,1,2,,1,1,1,1,1,1,1,1,2,9,6,1,6,,2,2
10,58,4,7,2004,1,7,1,2,2,1,2,2,1,1,1,3,1,2,14,11,1,1,,2,2
10,58,4,7,2004,4,7,1,1,2,1,4,1,1,1,1,3,1,2,9,11,,,,2,2
2,58,4,7,2004,3,1,1,2,2,2,1,2,2,1,1,1,1,2,9,5,,,40,,2
2,58,2,7,2004,2,1,1,2,2,2,2,1,2,1,1,1,1,2,14,5,1,1,,2,2
1,58,4,7,2004,2,1,1,2,2,1,1,1,1,1,1,1,1,2,19,6,1,1,,2,2
1,58,4,7,2004,3,1,1,2,2,1,1,1,1,1,1,1,1,2,19,6,1,1,,2,2
1,58,4,7,2004,2,1,1,2,2,1,1,1,1,1,1,1,1,2,19,6,1,,,,
7,63,2,7,2004,4,1,1,2,2,2,2,2,2,1,1,1,1,2,10,6,2,7,,,
8,63,4,7,2004,4,1,1,2,,1,2,2,2,2,1,1,1,2,9,6,,,,,2
9,63,3,7,2004,3,,1,2,,1,1,1,1,1,1,1,1,2,14,6,,,,,2
9,63,4,6,2004,1,,1,2,,2,3,3,2,2,1,3,1,2,9,6,,,,,2
1,61,3,8,2004,3,1,1,2,2,1,1,1,1,1,1,1,1,2,9,5,1,1,54,2,2
1,61,4,8,2004,4,1,1,2,2,1,2,1,1,1,1,1,1,1,7,5,1,1,,,2
3,61,4,8,2004,3,1,1,2,1,1,1,1,1,1,1,1,1,1,9,6,,7,,,2
3,61,4,8,2004,2,4,1,1,,2,1,1,2,1,1,1,1,2,14,6,1,7,35,2,2
4,63,3,8,2004,3,1,8,2,2,2,1,1,2,1,1,1,1,2,7,6,1,,45,2,2
13,63,4,8,2004,3,1,1,2,2,1,1,2,1,1,1,1,1,2,13,6,1,,28,2,2
1,61,3,9,2004,2,7,2,2,2,2,2,1,2,1,1,1,1,2,8,6,1,1,,2,2
1,61,3,9,2004,2,1,1,2,2,1,1,1,1,1,1,1,1,2,14,5,1,1,,,2
8,63,3,9,2004,4,3,1,2,2,1,4,1,1,1,1,1,1,2,13,6,1,1,,,2
13,63,2,9,2004,2,1,1,2,,1,1,1,1,1,1,1,1,2,14,6,1,1,,1,2
1,61,2,10,2004,1,1,1,2,2,1,4,1,1,1,1,1,1,2,14,6,1,1,32,2,2
1,61,4,10,2004,1,1,1,2,2,1,4,1,1,1,1,1,1,2,14,5,1,1,42,1,2
3,61,4,10,2004,3,1,1,2,2,1,1,1,1,1,1,1,1,2,9,6,,1,30,,2
5,65,4,10,2004,3,7,8,2,2,1,1,1,1,1,1,1,1,2,12,6,1,7,35,1,2
11,63,4,11,2004,3,1,8,2,2,1,1,1,1,1,1,3,1,2,19,6,1,7,35,1,2
1,61,3,11,2004,3,2,1,2,2,1,1,1,1,1,1,1,1,2,7,6,1,6,,2,2
1,61,1,11,2004,4,1,1,2,2,1,2,1,1,1,1,1,1,2,14,6,1,1,40,2,2
2,61,1,11,2004,1,1,1,2,,1,4,1,1,1,1,1,2,2,14,6,1,,,1,2
3,63,4,12,2004,4,1,1,2,2,1,2,1,1,1,1,4,1,2,14,6,1,1,40,1,2
3,56,4,1,2004,2,7,8,2,2,4,2,1,1,1,1,1,1,2,14,6,1,1,,2,2
1,55,4,1,2004,1,1,1,2,2,4,4,1,1,1,1,1,1,1,9,6,1,1,,,
12,54,3,1,2004,3,1,1,2,2,1,1,1,1,1,3,1,2,2,10,5,1,1,18,2,2
12,54,3,1,2004,4,1,1,2,2,4,2,2,1,1,1,3,1,2,10,6,1,7,,,
9,54,1,2,2004,3,3,1,2,2,1,1,1,1,1,1,4,1,2,13,6,1,,35,2,2
9,54,4,2,2004,2,1,1,2,2,1,1,1,1,1,1,1,1,2,14,6,1,,,2,2
1,56,3,2,2004,2,1,1,2,2,1,1,1,1,1,1,2,1,2,12,6,1,1,35,2,2
3,55,4,2,2004,2,1,1,2,2,1,1,3,1,1,1,3,1,2,13,6,1,3,,2,2
1,55,4,3,2004,2,7,1,2,2,1,1,1,1,1,1,1,1,1,14,2,1,1,30,2,2
1,54,4,3,2004,1,7,1,2,2,1,3,1,1,1,1,1,1,2,5,6,1,1,38,2,2
6,55,3,3,2004,4,1,1,2,2,1,4,1,1,1,1,1,1,2,14,5,1,1,,2,2
1,56,1,4,2004,2,1,1,2,2,1,1,1,1,1,1,4,1,2,11,6,1,1,50,2,2
6,55,3,5,2004,3,1,1,2,2,1,1,1,1,1,1,1,2,2,9,6,1,1,39,2,2
1,54,4,5,2004,4,7,1,2,2,1,2,1,1,1,1,1,1,2,13,6,1,1,,2,2
1,54,3,7,2004,3,3,1,2,2,1,1,2,1,1,1,3,1,2,5,1,1,,35,2,2
1,53,4,8,2004,2,1,1,2,2,1,1,1,1,1,1,2,1,2,6,6,1,1,25,2,2
1,53,4,8,2004,2,1,1,2,2,1,1,2,1,1,1,2,1,2,14,6,1,,,,
6,55,4,9,2004,1,1,1,2,2,1,2,1,1,1,1,3,1,2,1,1,1,1,,2,2
1,54,2,8,2004,3,3,1,2,2,2,1,1,2,1,1,3,5,2,8,11,1,1,,1,1
1,54,4,10,2004,4,3,1,2,2,1,4,1,1,1,1,1,1,2,2,6,,,25,,
7,54,4,10,2004,3,1,1,2,2,1,1,3,1,1,3,3,1,2,13,6,1,1,36,2,2
12,54,3,10,2004,3,1,1,2,2,1,1,1,1,1,1,2,1,2,13,6,2,6,,1,2
8,54,3,11,2004,2,7,1,2,2,1,1,2,1,1,1,4,1,2,8,2,,,32,,
9,54,4,11,2004,2,1,1,1,2,1,1,1,1,1,1,1,1,2,14,6,1,1,,2,2
3,53,4,12,2004,2,1,1,2,2,1,4,1,1,1,1,1,1,2,13,6,,,,,
4,54,4,11,2004,1,1,1,1,2,1,2,1,1,1,1,4,1,2,14,6,1,1,35,2,2
3,15,1,6,2004,1,1,1,2,1,4,1,1,1,1,1,1,1,2,14,6,1,1,,2,2
3,15,4,11,2004,1,1,1,2,1,1,4,1,1,1,1,1,1,2,7,6,1,1,,2,2
3,15,4,12,2004,1,1,5,1,1,1,2,1,1,1,1,1,1,2,9,6,1,1,32,2,2
5,58,1,6,2004,2,1,1,2,2,1,1,1,1,1,1,1,1,2,14,10,1,5,45,2,2
1,61,3,7,2004,1,1,1,2,2,1,4,1,1,1,1,1,1,2,14,4,1,1,28,2,2
8,63,4,9,2004,1,1,1,2,,1,2,1,1,1,1,3,1,2,14,6,,,,,2
3,54,4,5,2004,4,1,1,2,2,1,1,1,1,1,1,3,3,2,8,6,1,3,40,2,2
1,55,3,8,2004,4,1,1,2,2,1,2,1,1,1,1,4,1,2,11,6,1,,,,2
13,54,4,10,2004,1,1,1,2,2,1,2,,,,,,,2,13,10,,,,,
5,26,4,10,2004,4,3,1,2,2,1,4,1,1,1,1,1,1,2,9,5,1,1,,2,2
1,64,1,2,2004,2,1,4,2,2,1,1,1,1,1,1,5,1,1,4,6,1,1,,2,2
3,64,1,2,2004,3,5,6,2,2,1,1,1,1,1,1,5,1,1,9,5,1,1,,2,2
5,64,4,6,2004,3,3,1,2,2,1,1,1,1,1,1,1,1,1,14,6,1,1,35,2,2
1,21,4,10,2004,1,1,1,2,2,1,1,1,1,1,1,1,1,2,14,6,1,7,38,2,2
4,8,4,10,2004,3,1,1,1,2,1,1,1,1,1,1,2,1,2,9,6,1,1,,2,2
5,1,1,6,2004,2,1,8,2,2,1,1,1,1,1,1,1,2,1,8,4,1,1,,2,2
6,54,3,1,2004,2,2,1,2,2,1,1,1,1,1,1,3,1,2,10,4,1,1,28,2,2
1,54,4,4,2004,4,7,8,2,2,1,3,1,1,1,1,1,1,1,7,6,1,1,32,2,2
1,54,2,5,2004,3,1,1,2,2,1,1,1,1,1,1,1,1,1,11,6,1,1,42,1,2
8,54,4,7,2004,2,1,1,2,2,1,1,2,1,1,1,4,1,2,5,10,,1,,,
7,58,4,12,2004,3,1,1,2,2,1,1,1,1,1,1,1,1,2,9,6,1,1,38,2,2
7,58,4,12,2004,2,1,1,2,2,1,1,1,1,1,1,1,1,2,11,6,1,1,,2,2
11,63,4,12,2004,2,1,1,2,2,1,1,2,1,1,1,3,1,2,9,6,1,1,,2,2
7,63,4,12,2004,4,1,1,2,2,4,4,4,1,1,2,1,1,2,9,2,1,7,,1,2
1,61,4,12,2004,1,1,1,2,2,1,2,1,1,1,1,1,1,2,14,6,1,1,32,2,2
2,61,4,11,2004,2,1,1,2,,1,1,1,1,1,1,3,1,1,9,6,1,1,35,2,2
3,68,4,12,2004,3,1,1,2,2,1,1,2,1,1,1,3,1,2,9,2,1,1,35,2,2
1,62,1,12,2004,2,3,1,2,2,1,1,1,1,1,1,1,3,1,9,5,1,3,,2,2
7,59,3,1,2004,4,1,1,2,2,1,4,1,1,1,1,1,1,2,9,6,1,,,,
2,59,4,1,2004,4,1,1,2,,1,2,1,1,1,1,3,4,2,17,6,1,7,36,2,2
1,61,3,1,2004,4,1,1,2,2,1,4,1,1,1,1,1,1,2,7,6,1,,,1,2
1,61,4,1,2004,2,1,1,2,2,1,1,1,1,1,1,1,1,2,10,6,1,1,24,2,2
1,60,4,1,2004,3,1,1,2,2,1,1,1,1,1,1,3,1,2,12,6,1,1,45,2,2
1,58,2,1,2004,1,1,2,2,2,1,2,1,1,1,1,1,1,1,14,,,,25,,2
1,58,4,1,2004,2,3,1,2,2,1,1,1,1,1,1,5,1,1,4,2,1,1,43,2,
5,58,4,1,2004,1,7,1,2,2,1,4,1,1,1,1,1,1,2,14,6,1,1,,2,2
5,58,2,1,2004,2,7,1,2,2,1,1,2,1,1,1,1,1,2,9,5,1,1,35,2,2
5,58,4,1,2004,3,1,1,2,,1,1,1,1,1,1,1,1,2,13,6,1,1,40,2,2
6,58,3,1,2004,3,1,1,2,2,1,4,1,1,1,1,1,1,2,7,6,1,,24,,
6,58,4,1,2004,3,1,2,2,,1,1,1,1,1,1,1,1,1,14,6,,,,,2
6,58,4,1,2004,1,7,1,2,,1,4,1,1,1,1,1,1,2,9,6,1,1,,1,2
7,58,4,1,2004,3,1,1,2,2,1,1,1,1,1,1,1,1,2,9,6,1,1,,2,2
7,58,3,1,2004,3,7,8,2,2,1,1,2,5,1,1,2,1,2,10,4,,1,35,2,
6,63,4,1,2004,3,1,1,1,2,1,1,1,1,1,1,1,1,2,9,4,1,,40,1,2
6,63,4,1,2004,3,1,1,1,2,1,1,1,1,1,1,2,1,2,11,6,1,,,1,2
4,63,3,1,2004,3,1,1,2,2,1,1,1,1,1,1,1,1,2,9,4,,,,1,2
9,63,1,1,2004,2,7,1,2,2,1,1,1,1,1,1,1,1,2,10,5,1,1,26,1,2
3,68,3,1,2004,3,4,1,2,2,1,1,4,1,1,2,2,1,2,12,1,1,7,32,2,2
1,61,2,2,2004,2,7,8,2,,4,2,1,1,1,1,5,,,8,,1,1,20,2,2
1,61,4,2,2004,2,1,1,2,2,1,1,1,1,1,1,1,1,2,9,6,1,,,,2
7,59,3,2,2004,4,1,1,2,2,1,4,1,1,1,1,1,1,2,9,6,1,1,,2,2
7,58,2,2,2004,3,4,4,2,2,1,4,1,1,1,1,1,1,2,9,4,,3,42,,
10,58,3,2,2004,3,7,1,1,2,1,1,1,1,1,1,2,1,2,9,11,1,7,35,2,2
1,58,3,2,2004,1,6,,2,2,1,4,4,1,1,1,2,5,2,9,5,1,1,42,2,2
9,63,4,2,2004,3,,1,2,2,1,1,1,1,1,1,1,1,2,10,6,1,1,,,2
8,63,4,2,2004,3,2,1,2,2,1,1,1,1,1,1,1,1,2,10,,,,32,,2
14,63,4,2,2004,3,1,8,2,2,1,1,2,1,1,1,2,1,2,14,6,1,1,,2,2
2,65,1,3,2004,2,,1,2,2,1,1,2,2,1,1,1,1,2,10,1,1,1,50,2,2
1,61,3,3,2004,3,1,1,2,2,1,2,1,1,1,1,1,1,2,14,6,1,1,45,2,2
1,61,3,3,2004,2,1,1,2,2,1,1,1,1,1,1,1,1,2,8,11,1,1,28,2,2
1,61,3,3,2004,2,1,1,2,2,1,1,1,1,1,1,1,1,2,14,6,1,1,35,2,2
1,60,4,3,2004,2,1,1,2,2,1,2,1,1,1,1,1,1,1,6,,1,,33,2,2
9,63,1,3,2004,2,1,1,2,2,1,2,4,1,1,1,1,4,2,8,6,1,1,32,2,2
9,63,4,3,2004,4,1,1,2,,1,4,2,1,1,1,1,1,2,8,1,1,,,,
6,63,4,3,2004,2,1,1,1,2,1,1,1,1,1,1,1,1,2,14,4,1,,30,1,2
6,63,4,3,2004,1,1,2,1,1,1,2,1,2,1,1,1,1,2,14,,,,,2,2
14,63,4,3,2004,2,3,1,2,2,1,1,1,1,1,1,1,1,2,9,,,,,2,2
7,58,4,3,2004,2,1,1,2,2,1,2,1,1,1,1,1,1,2,14,6,2,1,,2,2
1,58,3,3,2004,1,2,2,2,2,1,2,1,1,1,1,1,1,2,14,6,1,1,42,2,2
1,58,4,3,2004,4,7,1,2,2,1,4,1,1,1,1,1,1,2,9,6,1,,,2,2
1,58,2,3,2004,1,7,8,2,2,1,2,1,1,1,1,1,1,1,14,6,1,1,36,2,2
1,61,4,4,2004,4,1,1,2,2,1,4,1,1,1,3,1,1,2,14,4,1,1,30,2,2
1,61,1,4,2004,2,1,1,1,,1,1,1,1,1,1,1,1,2,14,6,1,1,45,2,2
2,61,4,4,2004,3,2,1,2,2,1,2,1,1,1,1,1,1,2,14,6,1,3,48,2,2
2,61,4,4,2004,3,1,1,2,2,1,1,1,1,1,1,1,1,2,14,5,1,3,25,2,2
4,59,3,4,2004,2,4,,2,,1,1,1,1,1,1,1,1,1,14,5,2,,40,1,2
5,65,3,4,2004,4,1,1,2,2,1,4,2,2,1,1,1,1,2,9,6,1,1,,2,2
1,58,3,4,2004,4,1,1,2,2,1,3,1,1,1,1,1,1,1,14,6,1,,,2,2
5,58,4,4,2004,4,1,1,2,2,1,4,1,1,1,1,1,1,2,14,6,1,,,2,2
5,58,4,4,2004,4,1,1,2,2,1,2,1,1,1,1,1,1,2,17,11,1,1,26,2,2
5,58,3,4,2004,1,7,1,2,2,1,4,1,1,1,1,1,1,2,14,6,1,1,,2,2
2,58,4,4,2004,3,7,1,1,,1,1,1,1,1,1,1,1,2,14,10,1,1,32,2,2
3,68,4,4,2004,3,1,1,2,2,1,1,4,1,2,1,4,1,2,14,2,1,,30,2,2
1,60,4,4,2004,2,1,1,2,2,1,1,1,1,1,1,2,1,2,9,6,1,1,40,1,2
10,63,4,4,2004,3,7,1,2,2,1,1,1,1,1,1,3,3,2,9,4,1,1,30,2,2
1,57,3,5,2004,3,,,1,2,1,1,2,1,1,1,1,1,2,9,2,2,7,,,
1,57,3,5,2004,2,1,8,2,2,1,1,1,1,1,1,1,1,2,14,4,1,1,28,1,2
1,61,3,5,2004,2,1,1,2,2,1,1,1,1,1,1,2,1,2,14,6,1,6,35,2,2
1,61,2,5,2004,1,1,1,2,2,1,2,1,1,1,3,1,1,2,14,6,1,1,51,2,2
1,61,1,5,2004,2,,1,2,2,2,,1,2,1,1,2,1,2,9,6,1,1,35,2,2
1,61,3,5,2004,2,1,1,2,2,1,1,1,1,1,3,1,1,2,10,,1,,,,2
1,61,3,5,2004,1,1,1,2,2,1,4,1,1,1,3,1,1,2,14,6,1,1,49,2,2
14,63,3,5,2004,2,,1,1,2,1,2,1,1,1,3,1,1,2,9,6,1,7,,2,2
9,63,4,5,2004,3,1,1,2,2,1,1,1,1,1,1,1,1,2,8,1,,,,,
2,65,4,5,2004,2,1,1,2,2,1,1,1,1,1,1,1,1,2,14,6,1,,35,2,2
2,59,3,6,2004,2,2,1,2,2,1,1,1,1,1,1,3,1,2,14,6,1,3,45,1,2
1,61,3,6,2004,3,1,1,2,2,1,1,1,1,1,1,1,1,2,14,4,1,1,25,2,2
1,61,3,6,2004,2,1,1,2,2,1,1,1,1,1,3,1,1,2,14,4,1,1,48,2,2
1,61,4,6,2004,1,1,1,2,2,2,4,1,2,1,1,1,1,2,8,10,1,3,32,2,2
2,61,4,6,2004,2,,1,2,2,1,1,1,1,1,1,1,1,2,14,9,1,1,37,2,2
1,68,1,6,2004,3,4,1,2,2,2,1,2,2,1,1,2,1,2,11,1,1,1,36,2,2
1,58,4,6,2004,2,1,1,2,2,1,1,1,1,1,1,1,1,2,9,6,1,,,2,
1,58,3,6,2004,1,1,1,1,,1,4,1,1,1,2,1,,,9,6,,,,1,2
1,58,4,6,2004,1,1,1,2,,1,4,1,1,1,1,1,1,2,9,6,,,,2,2
1,58,4,6,2004,1,1,1,2,2,1,2,1,1,1,1,1,1,2,9,6,1,1,,2,2
1,58,4,6,2004,3,1,1,2,,1,1,1,1,1,1,1,1,2,9,6,1,,,2,2
5,65,3,6,2004,4,,1,2,,1,2,1,1,1,1,1,1,,7,6,2,1,,2,
1,58,1,6,2004,4,1,1,2,,1,4,1,1,1,1,1,1,2,9,6,1,1,,2,2
1,58,4,6,2004,4,7,8,2,2,2,4,1,2,1,1,1,1,2,13,6,1,7,25,2,2
11,63,3,6,2004,2,1,1,2,2,1,1,2,1,1,1,1,1,2,9,1,1,1,45,2,2
5,65,4,7,2004,1,7,1,2,2,2,4,2,2,1,1,1,1,2,9,4,1,,38,2,2
10,58,3,7,2004,4,7,1,1,2,1,2,1,1,1,1,3,1,2,9,11,1,,,,
7,58,4,7,2004,3,1,1,2,2,1,1,1,1,1,1,1,3,2,14,6,1,5,,1,2
1,67,1,7,2004,3,7,1,2,2,2,1,2,2,1,3,1,1,1,9,6,1,1,32,2,2
14,63,2,7,2004,2,1,1,2,2,1,2,1,1,1,1,1,1,1,9,6,1,1,,2,2
1,58,1,8,2004,2,1,1,2,2,1,1,1,1,1,1,1,1,2,19,6,1,1,,1,2
8,63,4,8,2004,4,,1,2,2,1,2,1,1,1,1,1,1,2,14,2,1,1,,2,2
1,65,4,8,2004,2,1,1,2,2,1,1,2,1,1,1,1,1,2,11,6,1,1,35,2,2
1,62,4,9,2004,2,1,1,2,2,1,1,1,1,1,1,2,1,2,9,1,1,1,34,1,2
1,58,3,9,2004,4,1,1,2,2,1,4,1,1,1,1,1,1,2,14,6,1,1,40,2,2
5,58,4,9,2004,2,7,1,2,,1,2,1,1,1,1,1,1,2,14,6,1,1,35,1,2
8,63,4,9,2004,3,,1,2,,1,1,1,1,1,1,1,1,2,9,5,1,1,,2,2
13,63,4,9,2004,4,1,1,2,2,1,4,1,1,1,1,1,1,2,9,6,1,,,2,2
10,63,4,9,2004,2,1,1,2,2,1,1,1,1,1,1,3,1,2,9,7,1,7,30,2,2
14,63,2,9,2004,2,3,1,2,2,1,2,1,2,1,1,1,1,2,14,10,1,1,25,2,2
1,61,2,10,2004,1,1,1,2,2,1,4,1,1,1,1,1,1,2,14,5,1,1,,2,2
2,65,4,10,2004,2,1,1,2,2,1,1,1,1,1,1,1,1,2,7,6,1,1,,1,2
1,65,4,10,2004,3,1,1,2,2,1,1,2,1,1,1,1,1,2,14,6,1,,,2,2
2,65,4,10,2004,2,1,1,2,2,1,1,1,1,1,1,1,1,2,5,6,1,,,2,2
1,58,4,10,2004,1,1,1,2,2,1,4,1,1,1,1,1,1,2,9,6,1,1,,2,2
6,58,4,10,2004,2,1,1,2,2,1,1,1,1,1,1,1,1,2,7,6,1,1,27,1,2
1,57,1,10,2004,4,7,8,2,2,1,,,1,1,1,1,1,2,14,5,1,,40,1,2
8,57,4,10,2004,2,1,1,2,2,1,1,1,1,1,1,1,1,2,7,5,1,1,,2,2
14,63,4,10,2004,2,3,1,2,,1,1,1,1,1,1,1,1,2,9,6,1,1,,2,2
8,63,4,10,2004,3,,1,2,2,1,1,1,1,1,1,1,1,2,9,6,1,1,45,2,2
6,63,4,10,2004,3,7,1,2,2,1,1,1,1,1,1,2,1,2,9,5,1,1,,2,2