Thana,District,Accident_Severity,Month,Year,Time,Junction_Type,Traffic_Control,Movement,Divider,Weather,Light,Road_Geometry,Surface_Condition,Surface_Type,Surface_Quality,Road_Class,Road_Feature,Location_Type,Vehicle_Type,Vehicle_Movement,Vehicle_Loading,Vehicle_Defect,Vehicle_Driver_Age,Vehicle_Alcohol,Vehicle_Seat_Belt
10,63,1,10,2004,4,1,1,2,2,1,4,1,1,1,1,3,1,2,9,4,1,1,30,2,2
1,67,1,11,2004,2,1,8,2,2,1,1,2,1,1,1,1,1,1,13,5,1,7,,1,2
1,62,3,11,2004,2,1,1,2,2,1,1,1,1,1,1,2,1,2,9,6,,,,1,2
2,62,3,11,2004,2,1,1,2,2,1,1,1,1,1,1,3,1,2,9,1,1,1,34,1,2
1,58,3,11,2004,3,7,,2,2,1,1,1,1,1,1,2,1,2,10,6,1,1,,1,2
1,58,2,11,2004,2,7,8,2,,1,1,1,1,1,2,2,1,2,8,11,1,1,29,2,2
7,58,4,11,2004,3,1,1,2,2,1,1,1,1,1,1,1,1,2,9,6,1,1,35,2,2
7,58,4,11,2004,3,3,1,2,2,1,1,1,1,1,1,1,1,2,9,6,1,1,38,2,2
10,58,4,11,2004,3,1,1,1,2,1,1,1,1,1,1,4,1,2,9,6,1,7,46,2,2
6,58,4,11,2004,2,1,1,2,2,1,1,1,1,1,1,1,1,2,9,6,1,1,40,1,2
6,58,3,11,2004,3,1,1,2,2,2,1,1,2,1,1,1,1,1,14,6,1,6,40,2,2
9,58,1,11,2004,4,1,1,2,2,1,4,1,1,1,1,1,1,2,14,6,1,1,31,2,2
4,63,4,11,2004,2,6,1,2,1,1,1,3,1,2,2,4,4,2,14,6,1,7,,1,2
1,61,3,11,2004,3,7,1,2,2,1,1,1,1,1,1,1,1,2,12,6,1,1,,2,2
2,61,3,11,2004,2,1,1,2,,1,1,1,1,1,1,4,3,2,9,6,1,1,45,2,2
1,61,4,10,2004,3,7,1,2,2,1,1,1,1,1,1,1,1,2,9,5,1,1,,2,2
2,58,4,9,2004,3,1,1,2,2,1,1,1,1,1,1,1,1,2,9,6,1,1,45,2,2
5,58,4,6,2004,2,7,1,2,2,1,1,1,1,1,1,1,1,2,13,6,1,1,,2,2
1,61,4,2,2004,3,1,1,2,2,1,1,1,1,1,1,1,1,1,9,6,1,1,,,
1,61,4,4,2004,3,2,4,2,2,1,1,1,1,1,1,1,1,1,14,6,1,1,39,2,2
4,14,3,7,2004,3,2,4,2,2,1,1,1,1,1,1,1,1,1,14,6,1,1,40,1,2
2,14,2,9,2004,3,7,1,1,2,2,1,1,2,1,1,5,1,1,9,6,1,1,38,2,2
1,14,2,10,2004,3,1,2,1,1,1,1,1,1,1,1,5,1,1,9,6,1,1,,2,2
1,14,4,11,2004,2,7,4,2,2,1,1,1,1,1,1,1,1,1,9,8,1,1,,2,2
2,14,4,11,2004,4,1,1,2,2,1,4,1,1,1,1,1,1,1,14,5,1,1,38,2,2
3,14,4,1,2004,2,1,1,2,2,1,1,1,1,1,1,5,1,1,9,2,1,1,42,2,2
3,14,4,2,2004,2,3,5,2,2,1,1,2,1,1,1,1,1,1,14,3,1,1,23,2,1
3,14,3,5,2004,4,1,3,2,2,1,1,1,1,1,1,1,1,1,8,4,1,1,30,2,2
11,16,3,8,2004,1,7,8,1,2,1,4,1,1,1,1,1,2,,9,11,1,7,,1,2
11,16,3,10,2004,3,1,1,1,2,1,1,1,1,1,1,1,1,2,13,11,1,1,,2,2
2,30,4,1,2004,4,3,1,2,2,1,4,1,1,1,1,2,1,2,6,4,1,1,,2,2
2,30,3,1,2004,4,7,8,2,2,1,4,3,1,1,1,4,3,2,6,11,1,1,22,2,2
5,30,4,7,2004,3,1,1,2,2,1,1,1,1,1,1,4,1,2,9,6,1,1,,2,2
4,34,3,6,2004,3,1,1,2,2,1,1,1,1,1,1,4,1,2,9,6,1,1,,2,2
6,34,3,3,2004,3,1,1,2,2,1,1,1,1,1,1,1,1,2,9,6,1,1,,2,2
6,34,4,4,2004,3,1,1,2,2,1,1,1,1,1,1,1,1,2,6,1,1,2,,2,2
8,13,3,3,2004,2,1,1,2,2,1,2,2,1,1,1,1,1,2,14,6,1,7,,2,2
10,9,3,7,2004,3,4,4,2,2,4,4,1,1,1,1,1,1,2,13,1,1,1,20,2,2
10,9,2,7,2004,4,1,1,2,2,2,1,1,2,1,1,1,3,2,14,6,1,1,45,2,2
1,9,3,4,2004,2,1,1,2,2,2,1,2,2,1,1,1,1,2,11,2,1,1,35,2,2
9,13,1,9,2004,2,1,1,2,1,1,2,1,2,1,1,3,1,2,8,6,1,1,40,2,2
7,13,3,11,2004,4,7,8,1,2,1,2,1,1,1,1,2,1,2,13,6,1,7,,2,2
5,43,4,5,2004,2,1,1,2,2,1,4,1,1,1,1,1,1,2,7,6,1,1,,2,2
5,43,4,5,2004,2,1,1,1,1,1,1,1,1,1,1,1,1,2,9,6,1,1,,2,2
2,43,4,6,2004,3,1,1,2,1,1,1,1,1,1,3,1,4,2,9,6,1,1,,2,2
1,43,4,7,2004,1,1,1,2,2,1,1,1,1,1,1,4,1,2,14,6,1,1,,2,2
2,43,2,9,2004,3,1,1,2,2,1,1,1,1,1,1,1,1,2,12,3,1,1,,2,2
12,51,4,9,2004,1,1,1,2,1,1,1,1,1,1,1,2,1,2,9,6,1,1,,2,2
9,51,3,10,2004,3,7,1,2,2,1,1,1,1,1,1,2,1,2,8,6,1,1,,2,2
1,50,3,1,2004,2,1,1,2,2,1,1,1,1,1,1,1,1,2,14,6,1,1,,2,2
2,43,2,1,2004,2,1,1,2,2,1,1,1,1,1,1,1,1,2,14,6,1,1,,2,2
3,38,4,2,2004,2,1,1,2,2,1,4,1,1,1,1,1,1,2,7,6,1,1,,2,2
13,50,3,6,2004,3,1,1,2,2,1,1,1,1,1,1,2,1,2,9,6,1,1,,2,2
13,50,4,9,2004,2,1,1,2,2,1,1,1,1,1,1,2,1,2,9,6,1,1,,2,2
3,44,4,1,2004,2,1,1,2,2,1,1,1,1,1,1,3,1,2,9,6,1,1,,2,2
3,44,3,1,2004,2,1,1,2,2,1,1,1,1,1,1,1,1,2,10,6,1,1,,2,2
7,44,3,1,2004,2,1,1,2,2,1,1,1,1,1,1,1,1,2,10,6,1,1,,2,2
1,41,4,9,2004,1,1,1,2,2,1,3,1,1,1,1,1,1,2,14,6,1,1,,2,2
3,44,4,2,2004,1,1,1,2,2,1,1,1,1,1,1,1,1,2,10,6,1,1,,2,2
2,44,4,2,2004,1,1,1,2,2,1,3,1,1,1,2,1,4,2,19,6,1,1,,2,2
7,44,1,2,2004,2,1,1,2,2,1,1,1,1,1,1,1,1,2,14,6,1,1,,2,2
2,46,4,2,2004,1,1,1,2,2,1,2,1,1,1,1,1,1,1,9,6,1,1,,2,2
2,43,1,3,2004,2,1,1,2,2,1,1,1,1,1,1,1,1,2,14,6,1,1,,2,2
3,43,3,12,2004,2,1,1,2,2,1,1,1,1,1,1,4,1,2,5,1,1,1,,2,2
4,52,4,2,2004,2,1,1,2,2,1,1,1,1,1,1,3,4,2,1,6,1,1,,2,2
1,52,4,8,2004,2,1,1,2,2,2,1,2,2,1,1,2,1,2,10,6,1,1,30,2,2
10,52,1,9,2004,3,1,1,2,2,1,1,2,1,1,1,2,1,2,9,6,1,1,,2,2
1,35,3,6,2004,1,1,4,2,1,1,1,1,1,1,1,1,1,1,12,6,1,1,30,2,2
2,35,4,6,2004,4,1,1,2,2,1,4,1,1,1,1,2,1,2,14,4,1,1,29,2,2
1,39,3,6,2004,1,1,1,2,2,1,1,3,1,1,1,1,1,2,9,6,1,1,,2,2
1,39,1,8,2004,4,7,1,2,2,1,1,1,1,1,1,2,1,2,14,6,1,1,,2,2
3,39,4,9,2004,,1,1,2,2,1,1,1,1,1,1,1,1,2,2,6,1,1,,2,2
3,39,4,12,2004,1,1,1,2,2,1,4,1,1,1,1,1,1,2,6,6,1,1,40,2,2
7,44,3,5,2004,3,1,1,2,2,1,1,1,1,1,1,1,1,2,14,6,1,1,,2,2
6,38,4,5,2004,4,1,1,2,2,1,1,1,1,1,1,1,1,2,14,6,1,1,,2,2
6,38,4,6,2004,2,1,1,2,2,1,1,1,1,1,1,1,1,2,14,6,1,1,,2,2
1,38,4,7,2004,2,1,1,2,2,1,1,1,1,1,1,1,1,2,9,6,1,1,,2,2
6,38,3,7,2004,2,1,1,2,2,1,1,1,1,1,1,1,1,2,14,6,1,1,38,2,2
7,38,4,8,2004,3,1,1,2,2,1,1,1,1,1,1,1,1,2,9,6,1,1,,2,2
10,50,4,12,2004,4,1,1,2,2,1,2,1,1,1,1,1,1,2,9,6,1,1,38,2,2
12,51,4,9,2004,2,1,1,2,2,1,1,1,1,1,1,2,1,2,9,6,1,1,,2,2
4,44,1,7,2004,4,1,1,2,2,1,3,1,1,1,1,5,1,2,9,6,1,1,,2,2
2,44,4,8,2004,1,1,1,2,2,1,2,1,1,1,1,3,1,2,8,6,1,1,,2,2
4,44,4,12,2004,4,7,1,2,2,1,3,1,1,1,1,3,1,2,9,6,1,1,,2,2
3,44,4,10,2004,2,1,1,2,2,1,1,1,1,1,1,1,1,2,12,6,1,1,,2,2
3,44,4,11,2004,2,1,1,2,2,1,1,1,1,1,1,1,1,2,7,6,1,1,,2,2
7,44,4,8,2004,1,1,1,2,2,1,2,1,1,1,1,1,1,2,19,6,1,1,,2,2
6,44,4,12,2004,1,1,1,2,2,1,1,1,1,1,1,1,1,2,9,1,1,1,,2,2
2,44,4,12,2004,3,1,1,2,2,1,1,1,1,1,1,1,1,2,9,6,1,1,,2,2
2,46,4,9,2004,3,1,1,2,2,1,1,1,1,1,1,1,1,2,14,6,1,1,,2,2
2,46,4,12,2004,2,1,1,2,2,1,4,1,1,1,1,1,1,2,9,6,1,1,,2,2
1,39,2,6,2004,2,7,1,2,2,1,1,1,1,1,1,1,1,2,14,6,1,1,,2,2
1,39,1,8,2004,2,7,1,2,2,1,2,1,1,1,1,1,1,2,14,6,1,1,,2,2
1,39,4,10,2004,2,1,1,2,2,1,1,1,1,1,1,1,1,2,14,6,1,1,,2,2
5,40,4,6,2004,2,1,1,2,2,1,1,1,1,1,1,1,1,2,7,6,1,1,,2,2
6,40,4,4,2004,4,1,1,2,2,1,4,1,1,1,1,1,1,2,14,6,1,1,,2,2
6,40,3,11,2004,1,1,1,2,2,1,4,1,1,1,1,1,1,2,9,6,1,1,,2,2
3,40,4,11,2004,1,1,1,2,2,1,2,1,1,1,1,1,1,2,14,6,1,1,,2,2
5,40,4,6,2004,3,1,1,2,2,1,1,1,1,1,1,1,1,2,9,6,1,1,,2,2
1,40,2,10,2004,,1,4,2,2,1,4,1,1,1,1,1,1,2,14,6,1,1,,2,2
1,40,4,8,2004,2,7,1,2,2,1,1,1,1,1,1,1,1,2,9,6,1,1,,2,2
1,40,4,8,2004,1,1,1,2,2,1,1,1,1,1,1,1,1,2,12,8,1,1,,2,2
1,47,2,1,2004,4,1,1,2,2,1,3,1,1,1,1,1,1,1,11,6,1,1,,2,2
2,47,4,1,2004,3,1,1,2,2,1,3,1,1,1,1,1,1,2,14,6,1,1,,2,2
9,47,4,1,2004,2,1,1,2,2,1,1,1,1,1,1,1,1,2,14,6,1,1,,2,2
9,47,4,1,2004,2,1,1,2,2,1,1,1,1,1,1,1,1,2,8,6,1,1,50,2,2
12,47,4,1,2004,3,1,1,2,2,1,1,1,1,1,1,1,1,2,9,6,1,1,,2,2
6,45,4,1,2004,1,1,1,2,2,1,4,1,1,1,1,1,1,2,14,6,1,1,,2,2
6,45,3,1,2004,2,1,1,2,2,1,1,1,1,1,1,1,1,2,9,6,1,1,,2,2
1,45,3,2,2004,3,1,1,2,2,1,1,1,1,1,1,1,1,2,13,6,1,1,,2,2
6,45,3,2,2004,1,1,1,2,2,1,4,1,1,1,1,1,1,2,14,6,1,1,,2,2
7,47,4,3,2004,3,1,1,2,2,1,1,1,1,1,1,1,1,2,8,6,1,1,,2,2
5,47,4,5,2004,3,1,1,2,2,1,1,1,1,1,1,3,1,2,8,6,1,1,,2,2
9,47,4,5,2004,3,1,1,2,2,1,1,1,1,1,1,1,1,2,9,6,1,1,,2,2
2,45,4,3,2004,1,1,1,2,2,4,4,1,1,1,1,1,1,2,9,6,1,1,,2,2
5,45,3,4,2004,2,1,1,2,2,1,1,1,1,1,1,1,1,2,11,6,1,1,,2,2
6,45,4,4,2004,2,1,1,2,2,1,1,1,1,1,1,1,1,2,17,6,1,1,,2,2
6,45,4,5,2004,3,1,1,2,2,1,1,1,1,1,1,3,1,2,14,6,1,1,,2,2
6,45,4,5,2004,1,1,1,2,2,1,2,1,1,1,1,1,1,2,13,6,1,1,40,2,2
6,45,3,5,2004,3,1,1,2,2,1,1,1,1,1,1,3,1,2,13,1,1,1,,2,2
1,45,3,8,2004,1,1,1,2,2,1,4,1,1,1,3,1,1,2,8,6,1,1,,2,2
6,45,4,8,2004,2,1,1,2,2,1,1,1,1,1,1,1,1,2,14,6,1,1,,2,2
6,45,3,9,2004,2,1,1,2,2,1,1,1,1,1,1,1,1,2,14,6,1,1,,2,2
6,45,4,9,2004,1,1,1,2,2,1,2,1,2,1,1,1,1,2,9,6,1,1,,2,2
6,45,1,11,2004,1,1,1,2,2,1,1,1,1,1,1,1,1,2,14,6,1,1,,2,2
1,42,4,1,2004,1,2,8,1,1,1,3,1,1,1,1,5,1,1,15,6,1,1,,1,2
9,42,3,3,2004,4,1,1,2,1,1,3,1,1,1,1,5,1,1,10,6,1,1,,2,2
9,42,3,2,2004,4,3,1,2,1,1,3,1,1,1,1,5,1,1,14,6,1,1,,2,2
9,42,2,5,2004,3,1,1,2,1,1,1,1,1,1,1,5,1,1,8,6,1,1,,2,2
1,42,4,5,2004,4,1,1,2,2,1,3,1,1,1,1,5,1,1,9,6,1,1,,2,2
21,42,3,3,2004,2,1,1,2,1,1,1,1,1,1,1,5,1,1,14,6,1,1,30,2,2
21,42,3,3,2004,2,1,1,2,2,1,1,1,1,1,1,5,1,1,9,6,1,2,25,2,2
18,42,3,4,2004,1,3,4,1,1,1,2,1,1,1,1,5,1,1,10,6,1,1,,2,2
6,42,3,4,2004,1,1,1,2,1,1,3,1,1,1,1,5,1,1,14,6,1,1,,2,2
2,42,3,2,2004,4,3,4,1,1,1,3,1,1,1,1,5,1,1,14,6,1,1,,2,2
2,42,3,5,2004,4,1,1,2,1,1,3,1,1,1,1,5,1,1,9,6,1,1,,2,2
2,42,3,8,2004,4,3,4,2,1,1,3,1,1,1,1,5,1,1,19,6,1,1,,2,2
9,42,2,10,2004,2,1,1,2,1,1,1,1,1,1,1,5,1,1,9,6,1,1,,2,2
12,42,2,12,2004,4,5,6,2,1,1,3,1,1,1,1,5,1,1,10,6,1,1,,2,2
8,42,3,12,2004,2,1,1,2,1,1,2,1,1,1,1,5,1,1,8,6,1,1,,2,2
21,42,4,12,2004,3,1,1,2,1,1,1,1,1,1,1,5,1,1,14,1,1,1,,2,2
21,42,4,12,2004,1,1,1,2,1,1,3,1,1,1,1,5,1,1,14,6,1,1,,2,2
1,2,4,3,2004,2,1,1,2,2,1,1,2,1,1,1,3,1,2,5,6,2,1,32,2,2
1,2,4,3,2004,4,7,8,1,2,1,2,2,1,1,2,3,1,2,4,6,1,7,,2,2
10,3,4,2,2004,2,1,8,2,2,4,2,1,1,1,1,1,2,2,14,6,1,7,50,2,2
3,8,4,2,2004,1,1,1,2,2,4,4,1,1,1,1,1,1,2,9,4,1,1,,2,2
3,3,4,6,2004,4,1,2,2,2,1,4,1,1,1,1,3,1,1,9,6,1,1,28,2,2
10,3,4,5,2004,2,1,1,2,2,2,1,2,1,1,1,1,1,2,9,5,1,1,38,2,2
5,8,3,7,2004,2,1,1,2,2,2,1,1,2,1,1,3,2,2,9,4,1,1,45,2,2
7,17,1,3,2004,4,1,2,1,1,1,4,2,1,1,1,1,2,,14,2,1,1,35,2,2
1,17,4,11,2004,3,1,1,2,2,1,1,1,1,1,1,1,1,2,14,6,1,1,,2,2
1,2,4,7,2004,3,1,1,2,2,2,1,1,2,1,1,1,1,2,8,11,1,1,,2,2
12,9,1,2,2004,4,1,1,2,2,1,2,1,1,1,1,1,1,1,14,5,1,1,,2,2
6,9,4,5,2004,2,3,5,1,2,1,1,1,1,1,1,2,1,1,8,7,1,1,,2,2
10,9,4,8,2004,1,7,1,1,2,2,4,2,2,1,1,1,1,2,14,2,1,1,40,2,2
6,3,4,3,2004,4,2,1,1,2,1,1,1,1,1,2,3,1,1,14,6,1,7,41,2,2
7,3,4,1,2004,2,1,1,1,2,1,1,2,1,1,1,2,1,2,17,5,1,1,,2,1
6,42,4,10,2004,2,1,1,2,2,1,1,1,1,1,1,5,1,1,9,5,1,1,,2,2
5,24,4,2,2004,2,1,1,2,2,1,1,1,1,1,1,1,1,1,8,6,2,5,46,2,2
1,42,3,1,2004,1,2,2,1,1,1,3,1,1,1,1,5,1,1,14,6,1,1,,1,2
1,42,1,1,2004,4,1,1,2,2,1,3,1,1,1,1,5,1,1,8,6,1,1,28,1,2
1,42,1,3,2004,2,5,4,1,1,1,1,1,1,1,1,5,1,1,8,6,1,1,,2,2
9,42,2,1,2004,3,1,4,2,1,1,1,1,1,1,1,5,1,1,14,6,1,1,,2,2
9,42,2,1,2004,2,7,4,2,1,1,1,1,1,1,1,5,1,1,8,6,1,1,,2,2
9,42,2,1,2004,2,7,6,2,1,1,1,1,1,1,1,5,1,1,19,6,1,1,,2,2
10,42,2,2,2004,2,3,6,2,1,1,1,1,1,1,1,5,1,1,7,6,1,1,,2,2
11,42,3,1,2004,2,3,,1,1,1,1,1,1,1,1,5,1,1,8,6,1,1,22,2,2
9,42,3,3,2004,3,1,1,2,1,1,1,1,1,1,1,5,1,1,8,6,1,1,,2,2
9,42,2,3,2004,4,3,6,2,1,1,3,1,1,1,1,5,1,1,10,6,,,,2,2
9,42,3,3,2004,1,1,1,2,1,1,3,1,1,1,1,5,1,1,14,6,1,1,,2,2
9,42,3,4,2004,3,1,1,2,1,1,1,1,1,1,1,5,1,1,7,6,1,1,,2,2
9,42,2,5,2004,4,7,6,2,1,1,3,1,1,1,1,5,1,1,14,6,1,1,,2,2
9,42,3,5,2004,2,3,6,2,1,1,1,1,1,1,1,5,1,1,8,6,1,1,,2,2
9,42,2,5,2004,3,3,6,2,1,1,1,1,1,1,1,5,1,1,8,6,1,1,,2,2
9,42,3,6,2004,4,5,6,2,1,1,3,1,1,1,1,5,1,1,12,6,,,,,
1,42,4,4,2004,3,3,4,2,1,1,1,1,1,1,1,5,1,1,10,6,1,1,,2,2
1,42,3,4,2004,3,1,1,2,1,1,1,1,1,1,1,5,1,1,9,6,1,1,,2,2
1,42,3,4,2004,1,7,8,2,1,1,3,1,1,1,1,5,1,1,10,6,,,,2,2
1,42,3,4,2004,4,3,6,2,1,1,3,1,1,1,1,5,1,1,9,6,1,1,,2,2
1,42,2,5,2004,2,1,4,2,1,1,1,1,1,1,1,5,1,1,9,6,,,,2,2
1,42,2,5,2004,3,1,1,2,1,1,1,1,1,1,1,5,1,1,10,6,,,,2,2
1,42,4,6,2004,1,5,6,2,1,1,3,1,1,1,1,5,1,1,14,6,1,1,,2,2
1,42,2,6,2004,2,3,6,2,1,1,1,1,1,1,1,5,1,1,9,6,1,1,,2,2
1,42,2,6,2004,2,3,6,2,1,1,1,1,1,1,1,5,1,1,9,6,1,1,,2,2
1,42,2,7,2004,3,5,1,2,2,1,1,2,1,1,1,5,1,1,10,6,1,1,,2,2
13,42,2,7,2004,2,1,8,1,1,1,1,1,1,1,1,5,1,1,9,6,1,1,42,2,2
11,42,1,6,2004,1,3,1,1,1,1,3,1,1,1,1,5,1,1,14,6,1,1,,2,2
10,42,1,6,2004,4,7,6,2,1,1,3,1,1,1,1,5,1,1,10,6,1,1,,2,2
9,42,2,7,2004,2,3,6,2,1,1,1,1,1,1,1,5,1,1,9,6,1,1,,2,2
9,42,2,8,2004,2,7,6,2,1,1,1,1,1,1,1,5,1,1,10,6,1,1,,2,2
9,42,2,8,2004,2,1,1,2,1,1,1,1,1,1,1,5,1,1,14,6,1,1,,2,2
9,42,2,8,2004,3,3,6,2,1,1,1,1,1,1,1,5,1,1,8,6,1,1,,2,2
9,42,2,8,2004,2,5,2,1,1,1,1,1,1,1,1,5,1,1,9,6,1,1,,2,2
9,42,1,9,2004,2,1,1,2,1,1,1,1,1,1,1,5,1,1,9,6,1,1,28,2,2
9,42,1,9,2004,4,2,6,2,1,1,3,1,1,1,1,5,1,1,8,6,1,1,,2,2
21,42,2,1,2004,2,1,1,2,1,1,3,1,1,1,1,5,1,1,14,6,1,1,,1,2
2,42,3,6,2004,4,1,1,2,1,1,3,1,1,1,1,5,1,1,14,6,1,1,28,2,2
9,42,3,10,2004,4,5,6,2,1,1,3,1,1,1,1,5,1,1,9,6,1,1,,2,2
9,42,3,10,2004,1,5,4,2,1,1,3,1,1,1,1,5,1,1,9,6,1,1,,2,2
9,42,2,10,2004,3,1,1,2,1,1,1,1,1,1,1,5,1,1,9,6,1,1,,2,2
9,42,3,10,2004,2,1,1,2,1,1,1,1,1,1,1,5,1,1,8,6,1,1,,2,2
12,42,3,3,2004,1,1,1,2,1,1,3,1,1,1,1,5,1,1,9,6,1,1,,2,2
12,42,3,5,2004,1,3,1,2,1,1,1,1,1,1,1,5,1,1,7,6,,,,2,2
12,42,3,6,2004,1,3,6,2,1,1,3,1,1,1,1,5,1,1,19,6,,,,,
12,42,3,6,2004,1,1,1,1,1,1,2,1,1,1,1,5,1,1,19,6,,,,2,2
12,42,2,6,2004,2,1,1,2,1,1,1,1,1,1,1,5,1,1,7,6,,,,2,2
12,42,2,6,2004,3,3,6,2,1,1,1,1,1,1,1,5,1,1,12,6,1,1,,2,2
12,42,2,6,2004,3,5,6,2,1,1,3,1,1,1,1,5,1,1,10,6,1,1,,2,2
12,42,3,8,2004,2,1,1,2,1,1,1,1,1,1,1,5,1,1,9,6,,,,2,2
12,42,2,9,2004,4,3,6,2,1,1,3,1,1,1,1,5,1,1,11,6,1,1,,2,2
12,42,3,12,2004,3,3,6,2,1,1,1,1,1,1,1,5,1,1,9,6,1,1,,2,2
17,42,1,1,2004,2,1,1,2,1,1,1,1,1,1,1,5,1,1,10,6,1,1,,2,2
17,42,2,7,2004,3,3,6,2,1,1,1,1,1,1,1,5,1,1,8,6,1,1,,2,2
17,42,3,7,2004,4,1,1,2,1,1,1,1,1,1,1,5,1,1,8,6,1,1,,2,2
17,42,3,10,2004,2,1,4,2,1,1,1,1,1,1,1,5,1,1,9,6,1,1,,2,2
17,42,2,3,2004,3,1,1,2,1,1,1,1,1,1,1,5,1,1,8,6,1,1,,2,2
14,42,1,10,2004,3,2,6,2,1,1,1,1,1,1,1,5,1,1,7,6,1,1,,2,2
16,42,3,3,2004,1,1,1,2,1,1,3,1,1,1,1,5,1,1,14,6,1,1,,,
8,42,3,5,2004,4,2,6,2,1,1,3,1,1,1,1,5,1,1,8,6,1,1,25,2,2
8,42,2,7,2004,2,1,1,2,1,1,1,1,1,1,1,5,1,1,14,6,1,1,,2,2
8,42,2,8,2004,2,3,1,2,1,1,1,1,1,1,1,5,1,1,11,6,,,,2,2
8,42,2,11,2004,2,3,6,2,1,1,1,1,1,1,1,5,1,1,8,6,1,1,,2,2
1,42,3,8,2004,3,1,1,2,1,1,1,1,1,1,1,5,1,1,8,6,,,,2,2
1,42,2,8,2004,2,2,6,2,1,1,1,1,1,1,1,5,1,1,9,6,1,1,35,2,2
1,42,2,7,2004,2,3,1,2,1,1,1,1,1,1,1,5,1,1,9,6,1,1,,2,2
1,42,2,8,2004,3,1,1,2,1,1,1,1,1,1,1,5,1,1,8,6,,,,2,2
1,42,2,8,2004,2,2,6,2,1,1,1,1,1,1,1,5,1,1,8,6,1,1,,2,2
1,42,2,9,2004,3,1,1,2,1,1,1,1,1,1,1,5,1,1,8,6,1,1,,2,2
1,42,2,9,2004,2,1,1,2,1,1,1,1,1,1,1,5,1,1,10,6,1,1,,2,2
1,42,2,9,2004,3,2,6,2,1,1,1,1,1,1,1,5,1,1,9,6,1,1,,2,2
1,42,2,10,2004,4,1,1,2,1,1,3,1,1,1,1,5,1,1,8,6,1,1,,2,2
1,42,2,10,2004,2,3,6,2,1,1,1,1,1,1,1,5,1,1,10,6,1,1,,2,2
1,42,3,12,2004,2,3,6,2,1,1,1,1,1,1,1,5,1,1,8,6,1,1,,2,2
1,42,2,12,2004,3,3,4,2,1,1,1,1,1,1,1,5,1,1,8,6,1,1,,2,2
9,42,2,12,2004,3,1,4,2,1,1,1,1,1,1,1,5,1,1,8,6,1,1,,2,2
9,42,2,12,2004,2,1,4,2,1,1,1,1,1,1,1,5,1,1,7,6,1,1,,2,2
17,42,2,12,2004,2,5,6,2,1,1,1,1,1,1,1,5,1,1,9,5,1,1,,2,2
6,42,4,11,2004,3,1,1,2,2,1,1,1,1,1,1,5,1,1,8,6,1,1,,2,2
6,42,3,1,2004,3,3,6,2,1,1,1,1,1,1,1,5,1,1,9,6,1,1,,2,2
6,42,3,1,2004,2,1,1,2,1,1,1,1,1,1,1,5,1,1,9,6,1,1,,2,2
22,42,4,1,2004,1,5,1,2,1,1,3,1,1,1,1,5,1,1,14,6,1,1,28,2,2
22,42,4,2,2004,3,1,1,2,1,1,1,1,1,1,1,5,1,1,8,6,1,1,36,2,2
22,42,3,6,2004,4,7,2,1,1,1,3,1,1,1,1,5,1,1,10,6,1,1,,2,2
6,42,3,1,2004,2,3,6,2,1,1,1,1,1,1,1,5,1,1,8,6,1,1,,,
6,42,2,1,2004,1,1,1,2,1,1,3,1,1,1,1,5,1,1,14,6,,,,2,2
8,42,3,12,2004,4,2,4,2,1,1,3,1,1,1,1,5,1,1,10,6,1,1,,2,2
1,42,4,9,2004,2,1,1,2,2,1,1,1,1,1,1,5,1,1,8,5,1,1,,2,2
1,42,2,10,2004,2,3,6,2,1,1,1,1,1,1,1,5,1,1,8,6,1,1,,2,2
9,42,4,11,2004,3,5,4,2,1,1,1,1,1,1,1,5,1,1,9,6,,,,2,2
9,42,2,11,2004,3,3,4,2,1,1,1,1,1,1,1,5,1,1,9,6,1,1,,2,2
9,42,4,12,2004,4,1,1,2,1,1,3,1,1,1,1,5,1,1,14,6,1,1,,2,2
9,42,3,12,2004,2,5,3,1,1,1,1,1,1,1,1,5,1,1,8,6,1,1,,2,2
2,42,2,11,2004,3,1,1,2,1,1,1,1,1,1,1,5,1,1,8,6,1,1,,2,2
17,42,2,12,2004,4,3,4,2,1,1,2,1,1,1,1,5,1,1,10,6,1,1,,2,2
6,42,3,8,2004,4,5,4,2,2,1,3,1,1,1,1,5,1,1,8,6,1,1,,2,2
12,9,4,3,2004,3,7,1,2,2,1,1,1,1,1,1,1,1,2,8,4,1,1,,2,2
2,43,4,8,2004,2,1,1,1,1,1,2,1,1,1,1,1,1,2,14,6,1,1,,2,2
2,43,4,9,2004,1,1,1,1,1,1,2,1,1,1,1,1,1,2,14,6,1,1,,2,2
5,40,3,11,2004,4,7,1,2,2,1,4,3,1,1,1,1,1,2,9,6,1,1,,2,2
1,40,4,1,2004,2,1,1,2,2,1,1,1,1,1,1,1,1,2,9,6,1,1,38,2,2
1,41,3,1,2004,3,1,1,2,2,1,1,1,1,1,1,1,1,1,9,6,1,1,48,2,2
4,41,1,1,2004,3,1,1,2,2,1,1,1,1,1,1,3,1,2,11,6,1,1,,2,2
5,41,3,2,2004,2,1,1,2,2,1,1,1,1,1,1,1,1,1,8,6,1,1,25,2,2
1,38,4,1,2004,2,1,1,2,2,1,1,1,1,1,1,1,1,2,14,6,1,1,,2,2
1,41,3,3,2004,4,1,1,2,2,1,1,1,1,1,1,1,1,2,9,6,1,1,,2,2
5,41,3,3,2004,4,1,1,2,2,1,3,1,1,1,1,1,1,2,9,6,1,1,,2,2