Thana,District,Accident_Severity,Month,Year,Time,Junction_Type,Traffic_Control,Movement,Divider,Weather,Light,Road_Geometry,Surface_Condition,Surface_Type,Surface_Quality,Road_Class,Road_Feature,Location_Type,Vehicle_Type,Vehicle_Movement,Vehicle_Loading,Vehicle_Defect,Vehicle_Driver_Age,Vehicle_Alcohol,Vehicle_Seat_Belt
6,44,1,1,2004,3,1,1,2,2,1,1,1,1,1,1,1,1,2,9,6,1,1,,2,2
1,41,4,5,2004,4,1,1,2,2,1,4,1,1,1,1,1,1,2,14,6,1,1,,2,2
1,41,3,9,2004,1,1,1,2,2,1,1,1,1,1,1,1,1,2,14,6,1,1,,2,2
1,35,4,10,2004,3,1,1,2,2,1,1,1,1,1,1,1,1,2,9,9,1,1,,2,2
3,44,4,4,2004,1,1,1,2,2,1,4,1,1,1,3,1,1,2,14,4,1,1,38,2,2
7,44,1,5,2004,1,1,1,2,2,1,4,3,1,1,1,1,2,,9,6,1,1,,2,2
1,38,4,7,2004,2,1,1,2,2,2,1,1,1,1,1,1,1,2,14,6,1,1,,2,2
7,38,3,8,2004,3,1,1,2,2,1,1,1,1,1,1,1,1,2,9,6,1,1,,2,2
1,38,4,8,2004,4,1,1,2,2,1,4,1,1,1,1,1,1,2,14,10,1,6,37,2,2
1,38,1,11,2004,1,1,1,2,2,1,4,1,1,1,1,1,1,2,9,6,1,1,,2,2
1,38,4,11,2004,2,1,1,2,2,4,1,1,2,1,1,1,1,2,14,6,1,1,,2,2
1,49,4,11,2004,2,1,1,2,2,1,1,1,1,1,1,2,1,2,9,6,1,1,,2,2
3,44,1,12,2004,4,1,1,2,2,1,4,1,1,1,1,1,1,2,7,6,1,1,,2,2
7,44,1,10,2004,3,1,1,2,2,1,4,1,1,1,1,1,1,2,14,6,1,1,,2,2
6,44,4,8,2004,4,1,1,2,1,4,1,1,1,1,1,1,1,2,14,6,1,1,,2,2
6,44,3,11,2004,1,1,1,1,1,1,4,1,1,1,1,1,1,1,14,10,1,1,,2,2
2,44,4,12,2004,1,1,1,2,1,1,1,1,1,1,1,1,1,2,14,6,1,1,,2,2
3,36,4,9,2004,1,1,1,2,2,1,4,1,1,1,1,1,1,2,14,6,1,1,,2,2
3,36,4,10,2004,3,1,1,2,2,1,1,1,1,1,1,1,1,2,,6,1,1,,2,2
6,37,4,7,2004,2,1,1,2,2,1,1,1,1,1,1,5,1,2,9,6,1,1,,2,2
1,46,3,12,2004,3,1,1,2,2,1,1,1,1,1,1,1,1,2,19,6,1,1,,2,2
5,40,3,2,2004,3,1,1,2,2,1,1,1,1,1,1,3,1,2,7,6,1,1,,2,2
6,40,3,6,2004,3,3,1,2,2,1,1,2,1,1,1,1,1,2,9,6,1,1,,2,2
9,47,4,3,2004,3,1,1,2,2,1,1,1,1,1,1,1,1,2,9,6,1,1,36,2,2
5,47,4,4,2004,3,1,1,2,2,1,1,1,1,1,1,3,1,2,8,6,1,1,,2,2
5,47,2,4,2004,3,1,1,2,2,1,1,1,1,1,1,3,1,2,9,6,1,1,,2,2
5,45,4,10,2004,2,1,1,2,2,1,1,1,1,1,1,1,1,2,8,6,1,1,,2,2
1,45,3,11,2004,3,1,1,2,2,1,1,1,1,1,1,1,1,2,10,6,1,1,,2,2
9,42,2,1,2004,3,1,1,2,1,1,1,1,1,1,1,5,1,1,10,5,,,,2,2
9,42,3,6,2004,2,7,8,2,1,1,1,1,1,1,1,5,1,1,8,6,,,,,
9,42,2,10,2004,3,1,1,1,1,1,1,1,1,1,1,5,1,1,10,6,1,1,,2,2
12,42,2,11,2004,2,1,1,2,1,1,1,1,1,1,1,5,1,1,8,6,1,1,,2,2
14,42,3,1,2004,3,1,1,2,1,1,1,1,1,1,1,5,1,1,8,6,,,,2,2
9,42,3,9,2004,2,1,1,2,1,1,1,1,1,1,1,5,1,1,8,6,1,1,,2,2
6,45,3,12,2004,1,1,1,2,2,4,3,1,1,1,1,1,2,2,12,6,1,1,,2,2
9,47,4,4,2004,3,1,1,2,2,1,1,1,1,1,1,1,1,2,9,6,1,1,,2,2
5,64,4,9,2004,3,7,8,2,2,1,1,1,1,1,1,1,1,1,14,6,1,1,32,2,2
12,64,4,9,2004,1,1,1,1,2,1,4,1,1,1,1,1,1,2,8,5,2,7,30,1,2
2,64,4,9,2004,3,5,8,2,2,1,1,1,1,2,1,5,1,1,14,7,1,,30,2,2
5,64,4,9,2004,3,7,8,2,2,1,1,1,1,1,1,1,1,1,14,6,1,1,32,2,2
12,64,4,9,2004,1,1,1,1,2,1,4,1,1,1,1,1,1,2,8,5,2,7,30,1,2
2,64,4,9,2004,3,5,8,2,2,1,1,1,1,2,1,5,1,1,14,7,1,,30,2,2
3,44,3,8,2004,3,1,1,2,2,1,1,1,1,1,1,1,1,2,14,6,1,1,,2,2
5,41,4,10,2004,1,1,1,2,2,1,1,1,1,1,1,1,1,2,14,6,1,1,,2,2
7,44,3,2,2004,2,1,1,2,2,1,2,1,1,1,1,1,1,2,9,6,1,1,,2,2
7,44,1,2,2004,2,1,1,2,2,1,2,1,1,1,1,1,1,2,9,5,1,1,,2,2
5,43,1,10,2004,2,1,1,1,2,2,1,1,1,1,1,1,1,2,9,6,1,1,,2,2
2,43,3,12,2004,3,1,1,2,2,1,1,1,1,1,1,1,1,2,9,6,1,1,,2,2
4,35,4,5,2004,3,1,1,2,2,1,1,1,1,1,1,1,1,2,9,6,1,1,,2,2
12,50,4,1,2004,3,1,1,2,2,1,1,1,1,1,1,1,1,2,9,6,1,1,,2,2
2,43,3,4,2004,1,1,1,2,2,1,2,1,1,1,1,1,1,2,9,6,1,1,,2,2
8,13,4,4,2004,3,1,1,2,2,1,1,2,1,1,1,1,1,2,7,6,1,1,28,1,2
1,66,4,12,2004,2,4,1,2,2,1,1,4,1,1,1,2,1,2,8,2,1,1,40,2,2
3,56,2,1,2005,2,1,1,,,1,2,2,1,1,1,3,1,2,14,3,,,,2,2
3,56,3,1,2005,2,1,8,,,1,1,1,1,1,1,1,2,2,14,5,,,,2,2
1,54,4,1,2005,3,1,1,1,1,1,1,1,1,1,1,4,1,1,5,6,1,1,,,
13,54,3,1,2005,2,,,2,2,1,1,1,1,1,1,1,1,2,9,3,1,1,45,2,2
1,55,3,2,2005,4,1,1,2,2,1,4,2,1,1,1,2,1,2,14,1,1,1,40,2,2
2,55,4,2,2005,3,7,8,2,2,1,1,1,1,1,1,4,,2,11,4,1,1,39,2,2
1,54,3,2,2005,2,1,1,2,2,1,1,1,1,1,1,5,1,1,7,5,,,,1,
3,56,3,3,2005,2,1,8,1,2,1,4,1,1,1,1,3,1,2,12,11,1,1,,2,2
3,56,4,4,2005,2,1,1,,,1,1,1,1,1,1,1,1,1,14,6,,,,,
8,56,3,4,2005,4,1,,2,2,1,2,1,1,1,1,3,1,2,8,6,,,,,
3,53,4,4,2005,2,1,1,2,2,1,4,1,1,1,1,4,1,2,12,6,1,,,,
1,53,1,5,2005,3,7,1,2,2,1,2,1,1,1,1,1,1,,4,6,,,28,2,2
3,56,3,5,2005,1,1,8,2,2,1,4,1,1,1,1,1,1,2,14,7,1,1,,1,2
1,55,2,6,2005,4,7,1,2,2,1,1,1,1,1,1,1,1,2,4,6,,,23,2,2
1,54,4,4,2005,3,1,1,2,2,1,1,1,1,1,1,1,1,2,13,6,1,1,35,2,2
1,54,4,4,2005,3,1,1,2,2,1,1,1,1,1,1,5,1,1,13,5,1,1,,2,2
5,54,4,3,2005,4,7,1,2,2,1,2,2,1,1,1,3,1,2,13,6,1,7,,1,2
6,55,4,5,2005,2,7,1,2,2,2,1,2,2,1,1,3,1,2,9,1,,,35,,
1,54,4,7,2005,3,,1,2,2,1,1,1,1,1,1,1,1,2,14,,1,,,2,2
5,56,3,2,2005,3,7,1,2,2,1,1,1,1,1,2,4,1,2,9,5,1,3,,1,2
3,56,3,8,2005,3,,,2,2,,,,,,,,,,13,,,,,,
1,55,4,8,2005,2,1,1,2,2,1,1,2,1,1,1,2,1,2,10,6,1,1,35,2,2
4,54,4,9,2005,3,1,1,2,2,1,1,1,1,1,1,4,1,2,7,6,1,1,,2,2
13,54,4,10,2005,3,,1,2,2,1,4,1,1,1,1,3,1,2,5,6,,,,,
13,54,4,10,2005,4,,1,2,2,1,4,1,1,1,1,1,1,2,13,6,,,,,
1,53,3,10,2005,3,1,1,2,2,1,2,1,1,1,1,1,1,2,8,5,1,1,,2,2
1,53,4,10,2005,4,7,1,2,2,1,3,1,1,1,1,2,1,1,6,6,,,,2,2
3,53,4,10,2005,3,1,8,2,2,1,1,1,1,1,1,4,1,2,9,6,1,1,22,2,2
3,56,4,11,2005,2,7,8,2,2,1,1,1,1,1,1,2,1,2,6,6,2,7,,2,2
3,56,4,11,2005,3,1,2,2,2,1,1,1,1,1,1,3,1,2,9,6,,,,,
4,56,4,11,2005,4,7,1,2,2,1,4,1,1,1,1,4,1,2,9,6,1,,36,2,2
2,55,3,11,2005,3,1,1,2,2,1,1,1,1,1,1,4,1,2,8,6,1,1,40,2,2
1,54,3,8,2005,2,4,1,2,2,1,1,1,1,1,1,1,1,1,10,6,1,,,,
8,54,4,9,2005,2,7,8,2,2,1,1,1,1,1,1,2,1,2,4,6,2,7,,2,2
1,54,4,10,2005,3,7,1,2,2,1,2,1,1,1,1,5,1,1,14,6,,,,,
8,54,4,11,2005,2,7,8,2,2,1,1,2,1,1,1,1,1,2,7,2,2,1,,2,2
7,56,4,12,2005,3,,6,2,2,1,1,2,1,3,3,4,1,2,14,6,1,,,2,1
3,56,4,12,2005,3,2,,,,1,1,1,,1,1,1,,2,10,6,,,33,1,
1,54,3,12,2005,3,7,1,2,2,1,3,1,1,1,1,2,1,1,13,6,1,,,,
5,30,4,4,2005,3,1,1,2,2,1,1,1,1,1,1,2,1,2,14,5,1,1,,2,2
1,34,3,7,2005,2,3,1,2,2,1,1,1,1,1,1,5,1,1,14,6,1,1,48,2,2
6,34,4,2,2005,3,4,4,2,2,1,1,1,1,1,1,1,1,1,14,4,1,1,,2,2
6,34,4,4,2005,2,1,1,2,2,1,1,1,1,1,1,1,1,2,14,4,1,1,,1,2
5,34,4,5,2005,4,7,2,2,2,1,3,1,1,1,1,2,1,2,14,6,1,1,,1,2
2,30,3,9,2005,3,7,1,2,2,1,1,1,1,1,1,4,1,2,9,11,1,1,30,2,2
2,30,1,11,2005,3,1,1,2,2,1,1,1,1,1,1,2,1,2,8,6,1,1,42,2,2
1,30,4,11,2005,3,1,1,2,2,1,1,1,1,1,1,1,1,2,9,6,1,1,30,2,2
1,30,4,5,2005,2,1,1,2,2,1,1,1,1,1,1,1,1,2,14,11,1,1,,1,2
1,31,4,7,2005,4,1,1,2,2,1,2,1,1,1,1,2,1,2,9,1,1,1,,2,2
2,31,4,7,2005,3,1,1,2,2,1,1,1,1,1,1,4,1,2,9,6,1,1,38,2,2
4,31,4,3,2005,4,7,1,2,2,1,2,1,1,1,1,4,1,2,13,9,1,1,30,2,2
2,27,4,7,2005,4,1,1,2,2,1,2,1,1,1,1,1,1,2,8,6,1,1,35,2,2
4,32,4,8,2005,3,1,1,2,2,1,2,1,1,1,1,1,1,2,8,6,1,1,45,2,2
10,34,4,11,2005,2,1,1,2,2,1,1,1,1,1,1,1,1,1,8,6,1,1,52,2,2
15,42,4,1,2005,4,3,1,1,1,1,3,1,1,1,1,5,1,1,9,6,1,1,,2,2
5,42,4,2,2005,4,1,1,2,2,1,3,1,1,1,1,5,2,1,9,6,1,1,,2,2
11,42,4,1,2005,2,1,1,1,1,1,2,1,1,1,1,5,1,1,10,6,1,1,,2,2
6,42,4,1,2005,1,1,1,2,2,1,3,1,1,1,1,5,1,1,14,6,1,1,,,2
6,42,4,1,2005,4,1,1,2,1,1,3,1,1,1,1,5,1,1,9,6,1,1,,2,2
6,42,4,4,2005,3,1,1,2,2,1,1,1,1,1,1,5,1,1,14,6,,,,2,2
2,42,4,2,2005,3,2,6,2,1,1,1,1,1,1,1,5,1,1,8,6,1,1,,2,2
2,42,2,3,2005,3,5,6,2,1,1,1,1,1,1,1,5,1,1,8,6,1,1,,2,2
8,42,4,2,2005,2,5,2,2,1,1,1,1,1,1,1,5,1,1,9,6,1,1,,2,2
1,42,4,2,2005,2,3,6,2,1,1,1,1,1,1,1,5,1,1,15,6,1,1,,2,2
1,42,3,2,2005,3,1,1,2,1,1,1,1,1,1,1,5,1,1,10,6,1,1,,2,2
1,42,3,2,2005,1,1,1,2,1,1,3,1,1,1,1,5,1,1,9,6,1,1,,2,2
9,42,4,1,2005,1,1,1,2,1,1,3,1,1,1,1,5,1,1,10,6,1,1,,2,2
9,42,3,1,2005,1,1,4,2,1,1,3,1,1,1,1,5,1,1,14,6,1,1,35,2,2
9,42,3,4,2005,4,1,1,2,1,1,2,1,1,1,1,5,1,1,15,6,1,1,,2,2
9,42,4,4,2005,4,1,1,2,1,1,3,1,1,1,1,5,1,1,9,6,,,,2,2
9,42,3,4,2005,3,1,1,2,1,1,1,1,1,1,1,5,1,1,10,6,1,1,,2,2
17,42,4,1,2005,2,1,1,2,1,1,1,1,1,1,1,5,1,1,8,6,1,1,23,2,2
14,42,3,1,2005,2,1,1,2,1,1,1,1,1,1,1,5,1,1,9,6,,,,,
16,42,4,2,2005,1,1,1,2,1,1,3,1,1,1,1,5,1,1,10,6,1,1,30,2,2
12,42,4,1,2005,4,1,1,2,1,1,3,1,1,1,1,5,1,1,8,6,,,,2,2
12,42,4,1,2005,4,1,1,2,1,1,3,1,1,1,1,5,1,1,12,6,1,1,,2,2
12,42,3,2,2005,2,1,1,2,1,1,1,1,1,1,1,5,1,1,8,6,1,1,,2,2
12,42,2,2,2005,3,5,1,2,1,1,1,1,1,1,1,5,1,1,8,6,1,1,,2,2
9,42,3,6,2005,1,3,6,2,1,1,3,1,1,1,1,5,1,1,8,6,1,1,,2,2
9,42,4,7,2005,2,1,1,2,1,1,1,1,1,1,1,5,1,1,9,6,1,1,,,
9,42,4,7,2005,1,1,4,2,1,1,2,1,1,1,1,5,1,1,14,6,1,1,,2,2
21,42,3,1,2005,2,1,1,1,2,1,1,1,1,1,1,5,1,1,9,6,1,1,,2,2
21,42,3,1,2005,2,1,1,2,1,1,1,1,1,1,1,5,1,1,9,6,1,1,,2,2
21,42,4,3,2005,4,1,1,2,2,1,3,1,1,1,1,5,1,1,14,6,,,,2,2
21,42,4,4,2005,3,1,1,2,1,1,1,1,1,1,1,5,1,1,14,6,1,1,,2,2
11,42,3,4,2005,1,1,1,2,1,1,3,1,1,1,1,5,1,1,14,6,1,1,40,2,2
11,42,3,6,2005,4,1,1,2,1,1,1,1,1,1,1,5,1,1,10,6,1,1,,2,2
2,42,4,6,2005,2,1,1,2,1,1,2,1,1,1,1,5,1,1,8,6,1,1,,2,2
12,42,4,4,2005,1,1,1,2,1,1,2,1,1,1,1,5,1,1,7,6,1,1,,2,2
12,42,4,5,2005,2,1,1,2,1,1,1,1,1,1,1,5,1,1,10,6,,,,,2
14,42,3,4,2005,3,1,1,2,1,1,1,1,1,1,1,5,1,1,10,6,1,1,,2,2
3,42,2,2,2005,1,1,1,1,2,1,3,1,1,1,1,5,1,1,14,6,1,1,,2,2
3,42,4,2,2005,4,3,8,2,2,1,3,1,1,1,1,5,1,1,13,6,1,1,,2,2
3,42,1,2,2005,3,1,1,2,2,1,1,1,1,1,1,5,1,1,10,6,1,1,27,2,2
3,42,3,4,2005,1,3,4,2,1,1,3,1,1,1,1,5,1,1,13,6,1,1,,2,2
3,42,4,5,2005,4,3,4,1,1,1,3,1,1,1,1,5,1,1,13,6,1,1,,2,2
3,42,3,6,2005,1,3,1,2,1,1,4,1,1,1,1,5,1,1,14,6,1,1,,2,2
22,42,4,1,2005,4,5,6,1,1,1,3,1,1,1,1,5,1,1,8,6,1,1,,2,2
8,42,3,5,2005,2,3,4,2,1,1,2,1,1,1,1,5,1,1,8,6,1,1,,2,2
8,42,4,10,2005,4,1,1,2,1,1,3,1,1,1,1,5,1,1,19,6,1,1,,2,2
1,42,3,6,2005,2,1,1,2,1,1,1,1,1,1,1,5,1,1,9,6,1,1,,2,2
1,42,3,6,2005,4,1,1,2,1,1,3,1,1,1,1,5,1,1,9,6,1,1,,2,2
1,42,3,6,2005,2,3,4,2,1,1,1,1,1,1,1,5,1,1,8,6,1,1,,2,2
1,42,2,9,2005,2,1,1,2,1,1,1,1,1,1,1,5,1,1,9,6,1,1,,2,2
1,42,3,10,2005,1,3,6,2,1,1,3,1,1,1,1,5,1,1,14,6,1,1,,2,2
1,42,3,11,2005,2,1,1,2,1,1,1,1,1,1,1,5,1,1,5,6,1,1,,2,2
1,42,2,11,2005,3,1,1,2,1,1,1,1,1,1,1,5,1,1,12,6,1,1,22,2,2
1,42,3,12,2005,4,5,6,2,1,1,3,1,1,1,1,5,1,1,10,6,1,1,,2,2
10,42,3,2,2005,4,1,8,2,2,1,3,1,1,1,1,5,1,1,14,6,1,1,22,2,2
10,42,3,3,2005,1,1,4,1,1,1,3,1,1,1,1,5,1,1,10,6,1,1,,2,2
10,42,4,3,2005,3,1,1,2,2,1,1,1,1,1,1,5,1,1,9,6,1,1,,2,2
2,42,4,8,2005,1,3,5,1,1,3,1,1,1,1,1,5,1,1,14,6,1,1,,2,2
2,42,3,9,2005,2,1,1,1,1,1,1,1,1,1,1,5,1,1,8,6,1,1,,2,2
2,42,4,9,2005,2,1,1,1,1,1,1,1,1,1,1,5,1,1,8,6,1,1,,2,2
2,42,4,10,2005,2,1,1,1,1,1,1,1,1,1,1,5,1,1,9,6,1,1,,2,2
10,42,3,7,2005,1,3,5,1,1,1,3,1,1,1,1,5,1,1,14,6,1,1,,2,2
10,42,3,7,2005,4,3,6,1,1,1,3,1,1,1,1,5,1,1,8,6,1,1,26,1,2
10,42,4,8,2005,1,3,5,1,1,1,3,1,1,1,1,5,1,1,14,6,1,1,,2,2
4,42,4,5,2005,4,2,4,2,1,1,3,1,1,1,1,5,1,1,14,6,1,1,,2,2
4,42,4,5,2005,3,1,1,2,2,1,1,1,1,1,1,5,1,1,9,6,1,1,,2,2
6,42,4,7,2005,1,1,1,2,2,1,3,1,1,1,1,5,1,1,8,6,1,,,,2
4,26,4,2,2005,2,1,1,2,2,1,1,1,1,1,1,3,1,2,2,6,1,7,40,2,2
1,26,4,11,2005,2,1,1,1,2,1,1,1,1,1,1,1,1,2,7,6,1,1,35,1,2
9,26,4,11,2005,4,1,8,1,2,1,4,1,1,1,1,3,1,2,14,5,1,7,30,1,2
1,24,4,8,2005,3,1,1,2,2,1,1,1,1,1,1,1,1,2,7,6,1,1,35,1,2
1,24,4,8,2005,3,7,1,2,2,1,1,1,1,1,1,1,1,2,14,6,1,1,,1,2
5,24,4,7,2005,3,1,1,1,2,1,1,2,2,1,1,2,1,1,14,6,1,1,40,1,2
1,24,4,1,2005,3,3,1,1,2,1,1,1,1,1,1,1,1,2,14,5,1,1,28,2,2
1,24,4,10,2005,2,3,1,1,2,1,1,1,1,1,1,1,1,2,9,5,1,1,30,1,2
1,21,4,1,2005,4,1,1,2,2,1,1,1,1,1,1,1,1,1,14,6,1,1,36,1,2
1,21,4,2,2005,4,1,1,1,2,1,2,1,1,1,1,1,1,2,9,11,1,7,,1,2
6,21,4,3,2005,3,1,1,2,2,1,1,1,1,1,1,1,1,2,9,6,1,1,35,2,2
1,21,4,11,2005,2,1,1,2,2,1,1,1,1,1,1,1,1,1,14,11,2,6,38,1,2
1,21,4,8,2005,2,1,1,1,2,1,1,1,1,1,1,1,,,14,4,1,1,40,1,2
1,21,4,1,2005,2,1,1,2,2,1,1,1,1,1,1,1,1,2,6,6,1,7,40,2,2
3,21,4,7,2005,2,1,1,2,2,1,1,1,1,1,1,1,1,2,14,6,1,1,,1,2
5,21,4,7,2005,2,1,1,1,2,1,2,1,1,1,1,4,1,2,17,6,1,1,,1,2
5,21,4,5,2005,2,1,3,1,2,1,1,1,1,1,1,4,1,2,16,6,1,7,,1,2
4,21,4,6,2005,4,1,1,2,2,1,2,1,1,1,1,4,4,2,14,6,2,1,30,1,2
3,21,4,12,2005,1,7,1,2,2,1,1,4,1,1,1,4,1,2,9,2,1,1,35,1,2
1,22,3,8,2005,3,1,1,2,2,1,1,1,1,1,1,1,1,2,10,6,1,1,,1,2
1,22,3,8,2005,4,1,1,2,2,1,4,1,1,1,1,1,1,2,9,6,1,1,,2,2
1,22,4,6,2005,3,7,1,2,2,2,1,1,2,1,1,3,1,2,6,6,1,7,,2,2
3,22,4,6,2005,3,1,1,2,2,1,1,1,1,1,1,1,1,2,19,6,1,1,50,2,2
1,22,4,11,2005,4,1,1,2,2,1,2,1,1,1,1,1,1,2,9,6,1,1,,1,2
3,19,4,1,2005,,1,1,2,2,1,1,1,1,1,1,3,1,2,9,2,1,7,,2,2
1,19,4,4,2005,3,1,1,2,2,1,1,1,1,1,1,4,1,2,14,6,1,1,40,2,2
2,19,4,4,2005,2,1,1,2,2,1,1,1,1,1,1,2,1,2,9,6,1,7,,2,2
3,23,4,9,2005,2,7,8,1,2,1,1,1,1,1,1,4,1,2,9,1,1,7,25,2,2
1,23,4,2,2005,3,7,1,2,2,1,1,1,1,1,2,3,1,2,9,6,1,1,,2,2
1,18,4,6,2005,3,1,1,2,2,1,1,1,1,1,1,1,1,2,8,6,1,1,,2,2
1,14,4,7,2005,2,2,1,1,1,1,1,1,1,1,1,5,1,1,9,6,1,1,27,1,2
1,14,4,7,2005,3,1,1,1,2,1,1,1,1,1,1,5,1,1,6,6,1,1,25,2,2
2,14,3,8,2005,2,1,1,1,2,1,1,1,1,1,1,5,1,2,9,6,1,1,,2,2
3,14,4,10,2005,4,1,1,1,1,1,1,1,1,1,1,2,1,1,14,2,1,1,35,2,2
2,14,4,11,2005,2,1,1,2,2,1,1,1,1,1,1,1,1,1,9,6,2,1,35,2,2
1,14,3,12,2005,2,1,8,2,2,1,1,1,1,1,1,5,1,1,9,6,1,1,,1,2
4,14,4,12,2005,2,1,1,2,1,1,1,1,1,1,3,5,1,1,14,1,1,1,,2,2
3,14,4,1,2005,3,1,1,2,2,1,1,1,1,1,1,2,1,1,19,6,1,7,,2,2
1,14,4,3,2005,1,5,4,1,1,1,3,1,1,1,1,5,1,1,9,6,1,1,,2,2
3,14,4,4,2005,3,4,1,2,2,1,1,1,1,1,1,5,1,2,14,6,1,1,,1,2
2,14,4,4,2005,2,1,2,2,2,1,1,2,1,1,1,1,1,1,14,6,1,1,39,2,2
1,14,3,5,2005,2,2,1,1,2,1,1,1,1,1,1,5,1,1,9,6,1,1,,1,2
3,14,4,4,2005,3,1,4,2,1,1,1,1,1,1,1,5,1,1,14,6,1,1,30,2,2
1,12,4,6,2005,1,1,1,2,2,1,1,1,1,1,1,2,1,1,8,6,1,1,,2,2
5,12,4,2,2005,1,1,1,2,2,1,4,1,1,1,1,3,1,2,9,6,1,1,35,2,2
5,15,4,4,2005,1,2,1,2,2,1,1,1,1,1,1,1,1,2,14,7,1,1,,2,2
7,15,4,6,2005,4,1,1,2,2,1,1,1,1,1,3,2,1,2,14,6,1,1,40,2,2
6,15,4,6,2005,3,1,1,2,2,1,1,1,1,1,1,1,1,2,13,11,2,2,,2,2
1,4,4,3,2005,3,1,1,2,2,1,1,1,1,1,1,4,1,2,17,11,1,1,40,2,2
6,4,4,5,2005,1,1,1,2,2,1,4,1,1,1,1,1,2,,14,1,1,1,,2,2
4,4,3,1,2005,4,1,1,2,2,1,1,1,1,1,1,3,1,2,9,6,1,1,,2,2
5,3,4,2,2005,1,1,1,2,2,1,1,1,1,3,2,4,1,2,17,6,1,1,,2,2
1,16,4,3,2005,2,7,8,2,2,1,1,1,1,1,1,2,1,2,14,6,1,1,,2,2
1,16,4,6,2005,4,7,8,2,2,1,4,1,1,1,1,2,1,2,14,4,1,1,,2,2
10,7,4,5,2005,2,1,1,2,2,1,1,1,1,3,2,2,1,2,8,6,1,1,39,2,2
10,7,3,5,2005,1,1,1,2,2,1,2,1,1,1,1,2,1,2,8,6,1,1,27,2,2
10,7,3,2,2005,1,1,1,2,2,1,1,1,1,1,1,2,1,2,4,11,1,1,40,2,2
1,9,4,5,2005,1,1,1,1,1,1,1,1,1,1,1,5,1,2,13,6,1,1,28,2,2
10,9,4,4,2005,2,1,1,2,2,1,1,1,1,1,1,1,1,2,9,5,1,1,,2,2
6,9,4,6,2005,4,1,1,2,1,1,4,1,1,1,1,2,1,2,14,6,1,1,,2,2
1,9,4,6,2005,2,1,1,2,2,1,2,1,1,1,1,3,2,1,14,6,1,1,30,2,2
6,9,4,4,2005,3,1,1,2,2,1,1,1,1,1,1,3,1,2,13,6,1,1,35,2,2
11,9,4,5,2005,4,1,1,1,1,1,1,1,1,1,1,4,1,2,9,6,1,1,,2,2
11,9,2,1,2005,,1,1,2,2,1,1,1,1,1,1,3,1,2,8,6,1,1,,1,2
5,16,4,6,2005,4,1,8,2,2,1,1,1,1,1,1,2,1,2,8,6,1,1,28,1,2
11,16,3,1,2005,3,7,3,2,2,4,1,1,1,1,1,1,1,2,14,5,1,1,,2,2
11,16,4,3,2005,2,7,8,2,2,1,1,1,1,1,1,1,1,1,9,6,1,7,,2,2
3,13,4,3,2005,3,1,1,2,2,1,1,1,1,1,1,2,1,2,14,6,1,1,,2,2
3,13,4,4,2005,2,1,1,2,2,1,1,1,1,1,1,2,1,2,14,6,1,1,,2,2
3,13,4,3,2005,2,1,1,1,2,1,1,1,1,1,1,2,1,2,14,6,1,1,,2,2
4,2,4,5,2005,1,1,1,2,2,1,1,1,1,1,1,2,1,2,17,6,1,1,29,2,2
2,6,4,2,2005,1,1,1,2,2,1,2,1,1,1,1,2,1,2,8,4,1,1,,2,2
1,6,4,4,2005,1,1,1,2,2,1,1,1,1,1,1,1,1,2,14,6,1,1,45,2,2
5,2,4,2,2005,4,1,1,2,2,1,3,1,1,1,1,2,1,1,8,6,1,1,28,2,2
1,2,4,6,2005,1,1,1,2,2,1,2,1,1,1,1,1,1,2,14,6,1,1,,2,2
1,2,3,5,2005,3,1,1,2,2,1,1,1,1,1,1,1,1,2,14,6,1,1,55,2,2
3,10,3,5,2005,1,1,1,2,2,1,2,1,1,1,1,2,1,2,7,6,1,1,32,2,2
1,10,4,5,2005,3,1,1,2,2,1,1,1,1,1,1,2,1,2,14,4,1,1,35,2,2
8,13,3,1,2005,4,1,1,2,2,1,3,1,1,1,1,1,1,2,13,6,1,1,,2,2
8,13,3,3,2005,2,7,1,2,2,1,2,1,2,1,1,1,1,1,14,11,1,1,,1,2
8,13,3,6,2005,3,1,1,2,2,1,2,1,1,1,1,2,1,2,16,5,1,1,,2,1
8,13,4,10,2005,1,1,1,2,1,1,1,1,1,1,1,1,1,2,14,6,1,1,30,1,2
5,13,4,1,2005,1,3,1,2,1,1,1,4,1,1,1,3,1,2,14,2,1,1,,2,2
5,13,3,3,2005,2,1,1,2,2,1,4,1,1,1,1,2,1,2,4,6,1,1,18,2,2
6,13,3,1,2005,3,1,1,1,2,1,1,2,1,1,1,4,1,2,14,6,1,1,,1,2
6,13,4,6,2005,1,1,1,2,2,1,1,1,1,1,1,5,1,2,9,6,1,1,40,2,2
6,13,4,6,2005,2,1,1,2,2,1,1,1,1,1,1,2,1,2,9,6,1,1,,1,2
6,13,4,7,2005,3,1,3,2,2,1,1,1,1,1,1,2,1,2,14,6,1,3,35,2,2
6,13,3,8,2005,4,1,8,1,2,1,1,1,1,1,1,1,1,2,14,6,1,3,40,2,2
6,13,3,8,2005,1,1,1,2,2,1,1,1,1,1,1,1,1,2,7,6,1,1,28,2,2
7,13,3,1,2005,3,1,1,2,2,1,1,2,1,1,1,2,1,2,11,3,1,1,,2,2
9,13,4,11,2005,1,1,1,2,1,4,1,1,1,1,1,4,1,2,9,4,1,1,,2,2