Thana,District,Accident_Severity,Month,Year,Time,Junction_Type,Traffic_Control,Movement,Divider,Weather,Light,Road_Geometry,Surface_Condition,Surface_Type,Surface_Quality,Road_Class,Road_Feature,Location_Type,Vehicle_Type,Vehicle_Movement,Vehicle_Loading,Vehicle_Defect,Vehicle_Driver_Age,Vehicle_Alcohol,Vehicle_Seat_Belt
3,13,3,7,2005,3,1,1,2,2,1,1,2,1,1,2,1,2,,7,1,1,1,,2,2
3,13,4,9,2005,3,3,1,2,2,1,1,1,1,1,1,2,1,2,9,6,1,1,,2,2
3,13,4,9,2005,3,7,1,2,2,4,1,1,2,1,1,2,1,2,10,6,1,1,,2,2
3,1,1,2,2005,,1,1,2,2,1,1,1,1,1,1,2,1,1,9,5,1,1,,2,2
7,3,4,12,2005,4,1,1,2,2,1,2,2,1,1,1,2,1,2,14,6,1,1,40,2,2
5,3,4,12,2005,1,2,1,2,2,4,4,1,1,1,1,1,1,1,14,4,1,1,,1,2
2,3,4,12,2005,3,1,1,2,2,1,1,1,1,1,1,2,1,2,14,6,1,1,30,2,2
1,3,4,11,2005,3,1,1,2,2,1,1,1,1,1,1,2,1,2,8,1,1,1,32,2,2
2,3,4,11,2005,3,1,1,2,2,1,1,3,1,1,1,2,1,2,9,6,1,1,34,2,2
6,3,4,11,2005,2,3,1,2,2,4,4,1,1,2,3,2,1,2,1,6,1,1,,2,2
2,3,4,8,2005,3,1,1,2,2,1,1,1,1,1,1,2,1,2,17,6,1,1,32,2,2
7,3,4,7,2005,1,1,1,2,2,1,2,1,1,1,1,3,1,1,9,4,1,1,,1,2
1,8,4,6,2005,3,1,1,1,2,1,1,1,1,1,1,2,1,1,14,6,1,1,36,2,2
7,8,3,1,2005,3,1,1,2,2,1,1,1,1,1,1,2,1,2,9,6,1,1,,2,2
4,8,4,1,2005,3,3,1,2,2,1,1,1,1,1,1,2,1,2,9,6,1,1,37,2,2
4,8,3,1,2005,2,1,1,2,2,1,1,1,1,1,1,2,1,1,14,6,1,1,,2,2
4,8,4,4,2005,3,1,1,2,2,1,1,1,1,1,1,2,1,2,9,6,1,1,39,2,2
6,16,3,7,2005,1,1,1,2,2,1,1,1,1,1,1,2,1,1,14,6,1,1,48,1,2
11,16,4,7,2005,1,1,1,1,2,1,2,1,2,1,1,2,1,2,14,6,1,1,,2,2
1,17,4,2,2005,3,7,8,2,2,1,1,1,1,1,1,1,1,2,9,6,1,1,38,2,2
1,17,4,6,2005,2,1,4,2,1,1,1,1,1,1,1,1,1,2,8,6,1,7,35,2,2
6,17,3,2,2005,2,1,1,2,2,1,1,1,1,1,1,2,1,2,14,6,1,1,45,2,2
8,17,3,1,2005,3,1,1,2,2,1,1,1,1,1,1,1,1,2,9,4,1,1,40,2,2
3,8,3,10,2005,3,1,1,2,2,1,1,1,1,1,1,1,1,2,14,6,1,1,,2,2
7,8,4,11,2005,2,1,1,2,2,1,1,1,1,1,1,2,1,2,9,6,1,1,,2,2
1,16,4,9,2005,1,1,1,2,2,1,2,1,1,1,1,2,1,1,14,6,2,3,40,2,2
11,16,4,10,2005,1,1,1,2,2,1,4,1,1,1,1,2,1,2,14,5,2,1,,1,2
6,16,4,9,2005,1,1,1,2,2,1,2,1,1,1,1,2,1,2,9,6,1,1,,2,2
1,2,3,12,2005,1,1,1,2,2,1,2,1,1,1,1,3,1,2,5,6,1,1,,2,2
1,2,4,12,2005,4,2,1,2,2,1,3,1,1,1,1,2,1,2,9,6,1,1,,1,2
10,7,4,7,2005,3,1,1,2,2,1,1,1,2,1,1,4,1,2,8,6,1,1,28,2,2
11,16,4,8,2005,1,1,1,2,2,1,4,1,1,1,1,2,1,2,13,6,1,1,,2,2
1,10,4,5,2005,3,1,1,2,2,1,1,1,1,1,1,2,1,2,14,5,1,1,,2,2
1,10,4,8,2005,1,7,8,2,2,1,1,4,1,1,1,2,1,2,14,1,1,1,40,2,2
5,10,4,2,2005,1,1,8,2,2,1,1,1,1,1,1,2,1,2,4,5,1,1,34,2,2
4,10,4,7,2005,1,4,1,2,2,1,1,1,1,1,1,2,1,2,9,6,1,1,,2,2
3,10,4,4,2005,3,1,1,2,2,1,1,1,1,1,1,2,1,2,14,5,1,1,,2,2
1,9,4,11,2005,3,1,1,2,2,1,1,1,1,1,1,2,1,2,10,6,1,1,,2,2
12,9,4,12,2005,1,1,1,2,2,1,3,1,1,1,1,1,1,2,14,6,1,1,,2,2
1,9,4,9,2005,1,1,1,2,2,1,1,1,1,1,1,1,1,2,9,6,1,1,35,2,2
11,9,4,7,2005,1,2,1,2,1,1,4,1,2,1,1,2,1,2,14,6,1,1,45,2,2
1,12,4,10,2005,,1,1,2,2,1,1,1,1,1,1,1,1,2,8,4,1,1,,1,2
1,15,4,7,2005,3,1,1,2,2,1,1,1,1,1,1,1,1,2,9,6,1,1,,1,2
3,12,4,3,2005,2,1,1,2,2,1,1,1,1,1,1,2,1,2,14,6,1,1,35,2,2
1,3,4,6,2005,1,7,2,2,1,1,1,1,1,1,1,2,1,2,14,6,1,1,42,2,2
1,3,3,6,2005,2,7,1,2,2,1,1,1,1,1,1,5,1,1,9,6,1,7,42,1,2
1,3,4,6,2005,2,3,1,2,2,1,1,1,1,1,1,2,1,1,9,6,1,7,,1,2
1,10,3,11,2005,1,3,1,2,2,1,1,1,1,1,1,2,1,1,13,4,1,1,25,2,2
5,10,4,9,2005,3,1,1,2,2,1,1,1,1,1,1,3,1,2,14,6,1,1,45,2,2
3,17,4,11,2005,1,7,1,2,2,1,2,1,1,1,1,1,1,2,14,6,1,1,,1,2
10,17,4,12,2005,1,1,1,2,2,1,1,1,1,1,1,1,1,2,14,6,1,1,,2,2
7,17,4,11,2005,,7,1,2,2,1,1,1,1,1,1,1,1,2,9,6,1,1,35,2,2
1,15,4,11,2005,2,1,1,2,2,1,2,1,1,3,2,4,1,2,16,6,1,7,,2,2
3,15,3,11,2005,4,7,1,2,2,1,2,1,1,1,1,1,1,2,7,1,1,1,,2,2
5,15,4,10,2005,4,1,1,2,2,1,2,1,1,1,1,2,1,2,9,5,1,1,,2,2
5,15,4,10,2005,3,1,1,2,2,1,1,2,2,1,1,3,1,2,14,6,1,1,,2,2
1,1,4,11,2005,3,1,1,2,2,1,1,1,1,1,1,2,1,2,9,6,1,1,38,2,2
3,1,4,8,2005,,3,1,2,2,1,2,1,1,1,1,2,1,2,8,6,1,1,34,2,2
3,1,4,9,2005,2,3,1,2,2,1,1,1,1,1,1,1,1,2,8,6,1,1,48,2,2
11,16,4,11,2005,2,1,1,2,2,1,1,1,1,1,1,1,1,2,10,5,2,3,,2,2
2,6,4,6,2005,4,2,1,2,2,1,1,1,1,1,1,4,1,2,5,6,1,1,25,2,2
1,4,4,12,2005,3,1,1,2,2,1,1,1,1,1,1,3,1,2,14,6,1,1,,2,2
1,4,4,8,2005,3,1,1,2,2,1,1,1,1,1,1,3,1,2,8,6,1,1,,2,2
2,4,3,7,2005,3,1,1,1,2,1,1,1,1,1,1,3,1,2,7,5,1,1,30,2,2
1,4,3,12,2005,2,2,1,2,2,1,2,1,1,1,1,3,1,2,12,5,1,1,,2,2
4,4,4,11,2005,1,1,1,1,2,1,1,1,1,1,1,3,1,2,17,6,1,1,,2,2
6,4,4,10,2005,2,1,1,2,2,1,1,1,1,1,1,2,1,2,8,6,1,1,,2,2
1,5,4,1,2005,2,7,8,2,2,1,1,1,1,1,1,2,1,2,9,6,1,1,,2,2
1,5,4,2,2005,3,1,1,2,2,1,1,1,1,1,1,2,1,1,14,6,1,1,,2,2
1,15,4,4,2005,1,2,1,1,2,1,1,1,1,1,1,1,1,2,14,7,1,1,,1,2
1,15,4,6,2005,2,1,1,2,2,1,1,1,1,1,1,1,1,2,9,6,1,1,,2,2
1,5,3,3,2005,4,1,1,2,2,1,1,1,1,1,1,1,1,2,9,6,1,1,,2,2
1,5,4,7,2005,3,1,1,1,2,1,1,1,1,1,1,2,1,2,14,6,1,1,,2,2
2,5,4,3,2005,1,1,1,2,2,1,1,1,1,1,1,2,1,2,13,6,1,1,45,2,2
2,5,4,12,2005,3,2,8,2,2,1,1,1,1,1,1,2,1,2,8,2,1,1,45,2,2
3,5,3,5,2005,1,1,2,2,1,1,1,1,1,1,1,1,1,2,9,6,1,1,,2,2
3,5,4,11,2005,2,1,1,1,2,1,1,1,1,1,1,2,1,2,13,6,1,1,,2,2
3,5,4,11,2005,1,1,1,2,2,1,4,1,1,1,1,2,1,2,9,6,1,1,,2,2
8,5,4,4,2005,1,2,3,2,2,1,3,1,1,1,1,1,1,1,12,6,1,1,,2,2
8,5,4,5,2005,4,1,1,2,2,1,1,1,1,1,1,1,1,2,9,6,1,1,23,1,2
8,5,4,10,2005,1,1,1,2,2,1,1,1,1,1,1,1,1,2,9,1,1,1,,1,2
8,5,4,11,2005,1,7,1,2,2,1,3,1,1,1,1,1,1,2,9,6,1,7,,1,2
8,5,4,11,2005,3,7,1,2,2,1,1,1,1,1,1,1,1,1,14,6,2,1,,1,2
5,5,1,1,2005,2,1,1,2,2,1,1,1,1,1,1,1,1,2,14,6,1,1,,2,2
5,5,4,1,2005,2,1,1,2,2,1,1,1,1,1,1,1,1,2,9,6,1,1,35,2,2
5,5,4,4,2005,1,7,8,2,2,1,1,1,1,1,1,1,1,2,14,6,1,1,,2,2
5,5,4,5,2005,3,1,1,2,2,1,1,1,1,1,1,1,1,2,9,6,1,1,45,2,2
5,5,4,5,2005,2,7,1,1,2,1,1,1,1,1,1,1,1,2,9,4,1,1,,1,2
5,5,3,6,2005,2,1,1,2,2,1,1,1,1,1,1,1,1,2,13,6,1,1,,2,2
5,5,3,8,2005,3,1,1,2,2,1,1,1,1,1,1,1,1,2,14,6,1,7,,2,2
9,5,2,10,2005,3,1,8,2,2,1,2,1,2,1,1,1,4,2,9,6,1,1,,2,2
5,5,4,11,2005,2,7,8,2,2,1,1,1,1,1,1,1,1,2,8,6,1,1,40,2,2
5,5,4,12,2005,1,7,8,2,2,1,4,1,1,1,1,1,1,2,14,6,1,1,,2,2
7,5,4,1,2005,1,7,1,2,2,1,2,1,1,1,1,3,1,2,14,1,1,1,,2,2
7,5,4,2,2005,1,7,1,2,2,1,1,1,1,1,1,2,1,2,14,1,1,1,,2,2
4,5,3,4,2005,2,1,1,2,2,1,1,1,1,1,1,1,1,2,8,6,1,1,,2,2
6,5,4,1,2005,3,1,1,2,2,1,1,2,1,1,1,1,1,2,9,6,1,1,,2,2
6,5,3,5,2005,1,1,1,2,1,1,1,1,1,1,1,1,1,2,13,6,1,1,,2,2
6,5,3,5,2005,4,1,4,2,1,4,1,1,1,1,1,1,2,,14,6,1,1,,2,2
6,5,3,9,2005,1,1,1,2,2,4,4,1,1,1,1,1,1,2,9,6,1,1,,1,2
1,11,4,7,2005,3,2,1,2,2,1,1,1,1,1,1,5,1,1,14,11,1,1,,2,2
1,11,4,11,2005,2,1,1,2,2,1,1,1,1,1,1,1,1,1,14,6,1,1,,2,2
5,11,4,5,2005,1,1,1,2,2,1,1,2,1,1,1,4,1,2,8,6,1,1,,2,2
5,11,4,12,2005,2,1,1,2,2,1,1,1,1,1,1,2,1,2,9,6,1,1,45,2,2
6,11,3,5,2005,2,1,1,2,2,1,1,1,1,1,1,2,1,2,4,8,1,1,30,2,2
6,11,4,9,2005,1,1,2,2,1,2,1,1,1,1,1,3,1,2,14,5,1,1,,2,2
6,11,4,10,2005,1,1,1,2,2,1,1,1,1,1,1,3,1,2,14,11,1,1,,2,2
6,11,4,11,2005,2,1,8,2,2,1,1,1,1,1,1,2,1,1,9,6,1,1,26,2,2
3,11,4,4,2005,4,3,1,1,2,1,2,1,1,1,1,2,1,2,16,11,1,1,,2,2
4,11,3,10,2005,3,1,4,2,2,1,1,1,1,1,1,3,1,2,14,6,1,1,,1,2
10,11,4,8,2005,1,1,1,2,2,1,1,1,1,1,1,2,1,2,8,11,1,1,,2,2
11,11,4,9,2005,3,1,1,2,2,1,2,1,1,1,1,2,1,2,13,6,1,3,40,2,2
6,4,4,10,2005,2,1,1,2,2,1,1,1,1,1,1,2,1,2,8,6,1,1,33,2,2
7,15,3,2,2005,3,3,1,1,2,1,2,1,1,1,1,4,1,2,19,1,2,3,25,2,2
1,61,4,6,2005,1,1,1,2,1,1,1,1,1,1,1,1,1,2,6,6,,1,26,2,2
2,61,1,6,2005,2,,,,2,2,1,1,3,1,1,4,1,2,8,6,1,1,,2,2
1,67,4,6,2005,2,1,1,2,2,1,1,4,1,1,1,1,1,2,13,4,1,,,2,2
7,63,3,6,2005,3,1,4,2,2,1,1,1,1,1,1,1,1,2,8,6,1,1,37,1,2
7,60,4,6,2005,2,1,1,1,2,1,1,1,1,1,1,3,1,2,6,,,,,2,2
7,60,4,6,2005,1,,1,2,2,2,1,1,2,1,1,3,1,2,8,8,,7,,1,2
5,63,4,7,2005,4,1,8,,,1,4,1,1,1,1,4,1,2,5,6,,,,,
1,60,4,7,2005,2,1,1,2,2,1,1,1,1,1,1,4,1,2,14,5,,,,1,2
7,60,1,7,2005,2,,,2,2,2,1,2,2,1,,3,1,2,9,1,,,,,
7,60,4,7,2005,2,1,1,1,2,1,1,1,1,1,1,3,1,1,14,5,1,1,38,2,2
1,60,1,5,2005,2,3,1,2,,1,1,1,1,1,1,1,1,2,11,6,1,1,,2,1
1,61,4,3,2005,2,1,1,2,2,1,1,1,1,1,1,1,1,2,14,6,2,7,,1,2
1,61,2,2,2005,1,1,2,2,1,1,1,1,1,1,1,1,1,2,14,6,1,,30,2,2
1,61,4,3,2005,1,1,2,2,1,1,1,1,1,1,1,1,1,2,9,6,1,7,,2,2
1,61,4,3,2005,3,1,1,2,2,1,1,1,1,1,1,1,1,2,9,6,1,1,28,2,2
1,61,3,2,2005,1,1,2,2,1,1,1,1,1,1,1,2,1,2,14,6,1,1,35,2,2
1,61,4,2,2005,2,2,4,2,2,1,1,1,1,1,1,1,1,2,8,1,1,1,29,2,2
2,58,4,5,2005,1,,1,2,2,1,2,1,1,1,1,1,1,2,,,1,1,,1,2
2,58,4,5,2005,2,1,1,2,2,1,4,1,1,,1,1,1,2,9,6,1,7,,2,2
2,58,3,1,2005,4,1,1,2,2,1,4,1,1,1,1,1,1,1,13,4,1,,30,2,2
8,58,4,3,2005,3,7,8,1,2,1,1,1,1,1,1,1,1,2,9,6,2,1,,1,2
8,58,4,1,2005,3,7,8,2,2,1,1,1,1,1,1,1,1,2,9,6,,1,42,2,2
5,63,4,1,2005,3,2,1,2,2,1,1,1,1,1,1,2,1,2,14,6,1,1,,1,2
8,63,4,2,2005,1,,1,2,2,1,2,1,1,1,1,1,,,14,10,1,1,31,2,2
1,62,3,5,2005,3,1,,2,2,1,1,1,1,1,1,2,1,2,4,6,1,1,32,2,2
1,62,4,4,2005,1,1,1,2,2,1,4,1,1,1,1,2,1,2,9,1,,,30,2,2
1,62,4,3,2005,1,1,4,2,1,1,4,1,1,1,3,3,1,2,9,6,2,7,,2,2
3,65,4,5,2005,3,7,1,2,2,1,1,1,1,2,2,4,1,2,11,5,1,1,30,2,2
1,65,4,4,2005,2,1,1,1,2,1,1,1,2,1,1,5,1,1,11,6,1,7,28,2,2
2,65,4,4,2005,2,1,1,2,,1,2,1,1,1,1,1,1,2,11,,1,6,24,2,2
2,65,3,1,2005,2,3,1,2,2,1,1,1,1,1,1,1,1,2,11,10,1,7,27,2,2
8,66,4,1,2005,3,1,1,2,2,1,1,2,1,1,1,3,1,2,8,7,1,1,39,2,2
2,68,4,5,2005,1,1,4,2,1,2,2,1,1,1,1,3,1,2,11,6,1,,35,2,2
2,59,4,5,2005,3,1,1,2,2,1,1,2,1,1,1,2,1,2,17,6,2,6,,2,2
1,59,4,1,2005,3,1,1,2,2,1,1,1,1,1,1,2,1,2,8,4,1,1,,2,2
4,59,4,2,2005,2,1,2,2,2,1,1,1,1,1,1,1,1,2,14,6,1,7,,1,2
4,59,4,1,2005,3,1,8,1,2,1,1,1,1,1,1,2,1,2,12,6,1,1,,2,2
7,59,2,3,2005,1,1,8,1,2,1,1,1,1,1,1,1,1,2,9,1,,,,1,2
9,63,4,8,2005,2,,,2,2,1,1,1,1,1,1,1,1,2,8,6,1,7,,2,2
9,63,4,8,2005,3,7,1,2,2,1,1,1,1,1,1,1,1,2,14,6,1,1,,2,2
8,63,3,8,2005,2,3,1,2,2,1,1,1,1,1,1,1,1,2,14,1,1,,,1,
8,63,4,8,2005,1,7,1,2,2,1,2,1,1,1,1,1,1,2,,,,,,,
13,63,2,8,2005,2,1,1,2,2,2,2,1,2,1,1,1,1,2,9,6,1,1,,2,2
13,63,4,8,2005,2,1,1,2,2,1,2,1,1,1,1,1,1,2,9,10,1,,,2,2
9,63,3,10,2005,2,2,8,2,,1,1,4,1,1,1,1,1,2,,,,,,,
4,63,3,11,2005,3,2,1,2,2,1,1,1,1,1,1,1,1,2,7,6,1,,,1,2
10,63,4,11,2005,2,1,1,2,2,1,1,1,1,1,1,4,1,2,2,6,1,7,50,1,2
4,63,4,12,2005,1,1,4,2,1,2,1,1,1,1,1,3,1,2,14,4,1,1,29,1,2
5,58,4,8,2005,1,,,2,2,1,4,1,1,1,1,1,,2,,,1,,25,,
7,58,3,8,2005,2,1,,2,2,2,,1,2,1,1,1,1,2,14,6,1,3,50,2,2
1,58,4,9,2005,3,7,1,2,2,1,1,1,1,1,1,1,1,2,8,6,1,1,45,2,2
1,58,4,9,2005,2,4,1,2,2,1,1,1,1,1,1,2,1,2,17,2,,,,,
12,58,4,9,2005,3,7,1,2,2,1,1,2,1,1,1,3,,,9,6,1,1,,2,2
5,58,4,9,2005,2,7,8,2,2,1,1,2,1,1,1,1,,2,9,,,,,1,2
1,58,3,10,2005,2,7,1,2,,1,1,1,1,1,1,1,1,2,10,5,1,7,,,
2,58,3,10,2005,3,,,,,,,,,,,3,,,,,,,,,
4,58,4,10,2005,2,7,,1,,1,1,1,3,1,3,2,1,2,9,4,1,,,2,2
7,58,3,11,2005,2,7,1,2,2,1,1,1,1,1,1,1,1,2,9,6,1,1,35,2,2
1,58,1,11,2005,3,1,8,2,2,1,1,1,1,1,1,2,1,2,8,6,1,1,,2,2
7,58,4,11,2005,3,1,1,2,2,1,1,1,1,1,1,1,1,2,8,6,1,1,44,2,2
7,58,3,11,2005,2,7,1,2,2,1,1,1,1,1,1,1,1,2,9,6,1,1,,2,2
3,58,1,12,2005,3,1,8,2,2,1,1,1,1,1,1,3,1,2,7,6,1,1,,2,2
1,61,4,9,2005,3,2,,2,2,1,1,1,1,1,,1,1,1,4,6,1,,,2,2
3,61,4,11,2005,1,,,1,,1,,1,1,1,1,2,1,2,9,4,,1,41,2,2
3,61,4,12,2005,2,1,1,2,2,1,1,1,1,1,1,1,1,2,14,6,1,1,45,2,2
7,59,3,8,2005,2,1,1,2,2,1,1,1,1,1,1,4,1,2,14,6,1,,,,2
7,60,4,8,2005,2,,,2,,2,1,2,2,1,,2,,2,14,1,,,,,
7,60,4,12,2005,2,3,1,1,2,4,1,1,1,1,1,1,1,2,,,,,,,
7,65,3,9,2005,4,,4,2,2,1,2,4,1,1,2,1,1,2,7,6,1,7,,2,2
6,65,4,12,2005,4,,1,2,2,1,4,4,1,3,2,1,1,2,11,6,1,7,,2,2
1,51,4,2,2005,3,1,1,2,2,1,1,1,1,1,1,1,2,2,12,6,1,1,,2,2
1,50,4,2,2005,2,1,1,2,2,1,1,1,1,1,1,1,1,2,14,6,1,1,,2,2
1,35,3,1,2005,2,1,1,2,2,1,1,1,1,1,1,2,1,2,9,6,1,1,,2,2
5,50,4,4,2005,4,1,1,2,2,1,1,1,1,1,1,1,1,1,6,6,1,1,,2,2
1,51,3,4,2005,1,2,1,2,2,1,1,1,1,1,1,2,1,2,7,6,1,1,,2,2
1,38,4,4,2005,2,1,1,2,2,1,1,1,1,1,3,4,1,2,2,6,1,1,,2,2
1,38,1,4,2005,3,1,1,2,2,1,1,1,1,1,1,1,1,2,9,6,1,1,,2,2
1,38,4,1,2005,1,7,1,2,2,1,1,1,1,1,1,1,1,2,9,6,1,1,,2,2
1,38,3,2,2005,3,1,1,2,2,1,1,1,1,1,1,5,1,2,14,6,1,1,,2,2
3,37,4,1,2005,1,1,1,2,1,1,1,1,1,1,1,1,1,1,14,6,1,1,,2,2
3,39,4,2,2005,1,1,1,2,1,1,1,1,1,1,1,1,1,2,9,6,1,1,,2,2
2,39,4,3,2005,3,1,1,2,2,1,1,1,1,1,1,4,1,2,9,6,1,1,,2,2
2,35,4,1,2005,3,1,1,2,2,1,1,1,1,1,1,3,1,2,14,6,1,1,,2,2
1,49,4,1,2005,1,1,1,2,1,1,1,1,1,1,1,2,1,2,1,6,1,1,,2,2
12,47,4,1,2005,3,1,1,2,2,1,1,1,1,1,1,1,1,2,10,6,1,1,,2,2
9,47,4,1,2005,4,1,8,2,2,1,4,1,1,1,1,1,1,2,9,6,1,1,,2,2
7,47,3,1,2005,2,1,1,2,2,1,1,1,1,1,1,1,1,2,14,6,1,1,,2,2
2,43,3,4,2005,2,1,1,2,2,1,1,1,1,1,1,1,1,2,9,6,1,1,,2,2
4,43,4,4,2005,4,1,1,2,2,1,1,1,1,1,1,1,1,2,5,6,1,1,,2,2
1,48,4,1,2005,1,1,1,2,2,1,1,1,1,1,1,3,1,1,16,6,1,1,,2,2
1,48,4,1,2005,4,1,1,2,2,1,1,1,1,1,1,1,1,2,14,6,1,1,,2,2
1,35,4,3,2005,2,1,1,2,2,1,1,1,1,1,1,4,1,2,9,6,1,1,,2,2
2,35,4,4,2005,4,1,8,2,2,1,2,1,1,1,1,1,1,2,14,6,1,1,,2,2
1,39,4,6,2005,1,1,1,2,2,1,1,1,2,1,1,5,1,2,14,6,1,1,,2,2
1,38,4,5,2005,1,1,1,2,2,1,3,1,1,1,1,3,1,2,6,6,1,1,,2,2
6,38,4,5,2005,3,1,4,2,1,1,1,1,1,1,1,1,1,2,9,6,1,1,,2,2
8,51,3,5,2005,3,1,1,2,2,1,1,1,1,1,1,2,1,2,9,6,1,1,,2,2
12,51,4,5,2005,2,7,8,2,2,1,1,2,1,1,1,2,1,2,4,6,1,1,,2,2
6,51,3,5,2005,2,7,8,2,2,1,1,1,1,1,1,4,1,2,9,6,1,1,,2,2
3,38,4,8,2005,3,7,1,2,2,1,1,1,1,1,1,1,1,2,9,6,1,1,,2,2
3,38,3,8,2005,2,1,1,2,2,1,1,1,1,1,1,1,1,2,9,6,1,1,,2,2
6,38,4,6,2005,2,1,1,1,2,1,4,1,1,1,1,1,1,2,7,6,1,1,,2,2
1,38,4,7,2005,3,1,1,2,2,1,1,1,1,1,1,1,1,1,9,6,1,1,,2,2
3,38,4,7,2005,2,1,1,2,2,1,1,1,1,1,1,1,1,2,9,6,1,1,,2,2
3,38,4,11,2005,,1,1,2,2,1,1,1,1,1,1,1,1,2,14,6,1,1,,2,2
3,38,4,12,2005,1,7,8,2,2,1,1,1,1,1,1,1,1,2,9,6,1,1,,2,2
1,44,1,3,2005,3,7,8,2,2,1,1,1,1,1,3,2,1,2,9,6,1,1,,2,2
4,44,2,3,2005,3,3,1,2,2,1,1,1,1,1,1,2,1,2,13,6,1,1,,2,2
4,44,3,3,2005,1,1,2,2,1,1,1,1,1,1,1,1,1,2,9,6,1,1,,2,2
5,44,3,3,2005,3,1,1,2,2,1,1,1,1,1,1,2,1,2,14,6,1,1,,2,2
4,44,4,4,2005,3,1,1,2,2,1,1,1,1,1,1,1,1,2,9,6,1,1,,2,2
5,44,2,4,2005,2,1,1,2,2,1,2,1,1,1,1,1,1,2,9,6,1,1,,2,2
4,44,4,6,2005,2,1,1,2,2,1,1,1,1,1,1,3,1,2,13,6,1,1,,2,2
4,44,4,6,2005,2,7,1,2,2,1,2,2,1,1,1,4,1,2,13,6,1,1,,2,2
3,44,3,6,2005,3,4,2,2,2,1,1,1,1,1,1,1,1,2,5,6,1,1,,2,2
7,44,4,6,2005,4,1,1,2,2,1,4,1,1,1,1,1,1,2,14,6,1,1,,2,2
5,44,3,5,2005,3,1,1,2,2,1,1,1,1,1,1,1,1,2,10,6,1,1,,2,2
3,44,4,7,2005,2,1,1,2,2,1,1,1,1,1,1,1,1,2,9,6,1,1,,2,2
6,44,2,7,2005,2,1,1,2,2,1,1,1,1,1,1,1,1,2,9,6,1,1,,2,2
2,44,4,7,2005,4,3,2,1,1,1,1,1,1,1,1,2,1,2,10,6,1,1,,2,2
7,44,3,7,2005,4,1,1,2,2,1,1,1,1,1,1,1,1,2,9,6,1,1,,2,2
5,44,3,7,2005,3,3,1,2,2,1,1,1,1,1,1,1,1,2,9,6,1,1,,2,2
7,44,4,8,2005,2,1,1,2,2,1,1,1,1,1,1,1,1,2,9,6,1,1,,2,2
1,50,2,6,2005,2,1,1,2,2,1,1,1,1,1,1,2,1,2,9,6,1,1,,2,2
11,50,1,6,2005,2,1,1,2,2,1,1,1,1,1,1,2,1,2,6,6,1,1,,2,2
13,50,4,11,2005,2,1,1,2,2,1,1,1,1,1,1,1,1,2,9,6,1,1,,2,2
5,50,3,11,2005,2,1,1,2,2,1,1,1,1,1,1,1,1,2,9,6,1,1,,2,2
4,50,4,8,2005,3,1,1,2,2,1,1,1,1,1,1,4,1,2,9,1,1,1,,2,2
9,50,3,10,2005,2,7,1,2,2,1,1,1,1,1,1,2,1,2,9,6,1,1,,2,2
3,43,3,6,2005,3,4,2,2,1,1,1,1,1,1,1,2,1,2,9,6,1,1,,2,2
2,43,1,9,2005,2,1,1,2,2,1,1,1,1,1,1,1,1,2,14,6,1,1,,2,2
2,43,4,9,2005,3,1,1,2,2,1,1,1,1,1,1,1,1,2,9,6,1,1,,2,2
4,43,4,11,2005,4,1,1,2,2,1,1,1,1,1,1,1,1,2,6,6,1,1,,2,2
2,43,4,12,2005,3,7,1,1,1,1,2,1,1,1,1,1,1,2,9,6,1,1,,2,2
4,35,3,7,2005,3,1,1,2,2,1,1,1,1,1,1,1,1,2,9,6,1,1,,2,2
2,35,4,7,2005,3,1,1,2,2,1,1,1,1,1,1,2,1,2,9,6,1,1,,2,2
4,35,4,9,2005,2,1,1,2,2,1,1,1,1,1,1,2,1,2,12,6,1,1,,2,2
5,41,4,1,2005,2,1,1,2,2,1,1,1,1,1,1,4,1,2,9,6,1,1,,2,2
4,41,3,8,2005,3,1,1,1,2,1,1,1,1,1,1,2,1,2,9,6,1,1,,2,2
12,47,3,1,2005,3,1,1,2,2,1,1,1,1,1,1,1,1,2,14,6,1,1,,2,2
8,47,3,5,2005,2,1,1,2,2,1,1,1,1,1,1,3,1,2,10,6,1,1,,2,2
2,47,4,5,2005,3,1,1,2,2,1,1,1,1,1,1,1,1,2,9,6,1,1,,2,2
1,47,4,5,2005,2,1,1,2,2,1,1,1,1,1,1,1,1,2,9,6,1,1,,2,2
3,47,4,5,2005,2,1,1,2,2,1,1,1,1,1,1,2,1,2,,6,1,1,,2,2
1,51,3,7,2005,3,1,1,2,2,1,1,1,1,1,1,2,1,2,13,6,1,1,,2,2
8,51,4,7,2005,1,1,1,2,2,1,1,1,1,1,1,2,1,2,9,6,1,1,,2,2
9,51,1,7,2005,3,1,1,2,2,1,1,1,1,1,1,2,1,2,9,6,1,1,,2,2
4,39,4,9,2005,1,1,1,2,1,1,1,1,1,1,1,1,1,2,8,6,1,1,,2,2
6,44,3,2,2005,1,1,2,2,1,2,1,1,1,1,1,1,1,2,14,6,1,1,,2,2
5,44,4,11,2005,1,1,2,2,1,1,1,1,1,1,1,1,1,2,9,6,1,1,,2,2
5,44,4,11,2005,1,1,1,2,2,1,2,1,1,1,1,1,1,2,14,6,1,1,,2,2
3,44,4,10,2005,1,1,1,2,2,1,4,1,1,1,1,1,1,2,7,6,1,1,,2,2
3,44,3,9,2005,3,1,1,2,2,1,1,1,1,1,1,1,1,2,14,6,1,1,,2,2
6,44,3,9,2005,2,1,1,2,2,1,1,1,1,1,1,1,1,2,9,6,1,1,,2,2
5,45,4,12,2005,3,1,1,2,2,1,1,1,1,1,1,1,1,2,9,6,1,1,,2,2