Thana,District,Accident_Severity,Month,Year,Time,Junction_Type,Traffic_Control,Movement,Divider,Weather,Light,Road_Geometry,Surface_Condition,Surface_Type,Surface_Quality,Road_Class,Road_Feature,Location_Type,Vehicle_Type,Vehicle_Movement,Vehicle_Loading,Vehicle_Defect,Vehicle_Driver_Age,Vehicle_Alcohol,Vehicle_Seat_Belt
1,45,4,12,2005,2,1,1,2,2,1,1,1,1,1,1,1,1,2,14,6,1,1,,2,2
1,50,3,12,2005,1,1,1,2,1,4,1,1,1,1,1,3,1,2,14,6,1,1,,2,2
6,52,1,2,2005,3,1,1,2,2,1,1,1,1,1,1,2,1,2,9,6,1,1,,2,2
3,52,2,6,2005,2,1,1,2,2,1,1,1,1,1,1,3,1,2,14,6,1,1,,2,2
1,40,4,6,2005,1,1,1,2,2,1,1,1,1,1,1,1,1,2,14,6,1,1,,2,2
1,40,4,7,2005,2,1,1,2,2,1,1,1,1,1,1,1,1,2,14,6,1,1,,2,2
1,40,4,7,2005,3,1,1,2,2,1,1,1,1,1,1,1,1,2,14,6,1,1,,2,2
5,40,1,3,2005,3,1,1,2,2,1,1,1,1,1,1,1,1,2,14,6,1,1,,2,2
5,40,3,4,2005,3,1,1,2,2,1,1,1,1,1,1,1,1,2,9,6,1,1,,2,2
5,40,3,5,2005,3,1,1,2,2,1,1,1,1,1,1,1,1,2,14,6,1,1,,2,2
6,40,2,3,2005,3,1,1,2,2,1,1,1,1,1,1,1,1,2,9,6,1,1,,2,2
6,40,3,9,2005,3,1,1,2,2,1,1,1,1,1,1,1,1,2,9,6,1,1,,2,2
3,40,4,1,2005,4,1,1,2,2,2,2,1,1,1,1,1,1,2,1,9,1,1,,2,2
3,40,4,11,2005,2,1,1,2,2,1,1,1,1,1,1,1,1,2,10,6,1,1,,2,2
3,40,4,11,2005,2,1,1,2,2,1,1,1,1,1,1,1,1,2,14,6,1,1,,2,2
1,49,4,1,2005,2,1,1,2,2,1,1,1,1,1,1,1,1,2,9,6,1,1,,2,2
5,47,4,11,2005,2,1,1,2,2,1,1,1,1,1,1,1,1,2,14,6,1,1,,2,2
5,47,4,11,2005,2,1,1,2,1,1,1,1,1,1,1,1,1,2,9,6,1,1,,2,2
12,47,4,11,2005,1,1,1,2,2,1,3,2,1,1,1,1,1,2,14,6,1,1,,2,2
7,47,4,10,2005,3,1,1,2,2,1,1,1,1,1,1,1,1,2,9,6,1,1,,2,2
8,47,3,10,2005,1,1,1,2,2,1,1,1,1,1,1,1,1,2,9,6,1,1,,2,2
7,47,3,9,2005,1,1,4,2,2,1,1,1,1,1,1,1,1,2,9,6,1,1,,2,2
3,47,4,9,2005,2,1,1,2,2,1,1,1,1,1,1,2,1,2,10,6,1,1,,2,2
9,47,4,9,2005,3,1,1,2,2,1,1,1,1,1,1,1,1,2,9,6,1,1,,2,2
1,47,4,9,2005,1,1,1,2,2,1,1,1,1,1,1,1,1,2,9,6,1,1,,2,2
7,47,3,8,2005,1,1,1,2,1,1,2,1,1,1,1,1,1,2,9,6,1,1,,2,2
8,47,4,8,2005,1,1,1,2,2,1,1,1,1,1,1,1,1,2,9,6,1,1,,2,2
12,47,3,7,2005,2,1,1,2,2,1,1,1,1,1,1,1,1,2,9,6,1,1,,2,2
1,47,3,7,2005,2,1,1,2,2,1,1,1,1,1,1,1,1,2,6,1,1,1,,2,2
12,47,2,6,2005,2,1,1,2,2,1,1,1,1,1,1,1,1,2,14,6,1,1,,2,2
12,47,3,6,2005,2,1,1,2,2,1,1,1,1,1,1,1,1,2,14,6,1,1,,2,2
4,39,4,8,2005,1,1,1,2,2,1,1,1,1,1,1,1,1,2,12,6,1,1,,2,2
1,39,4,11,2005,2,1,1,2,2,1,3,1,1,1,1,1,1,2,9,6,1,1,,2,2
1,39,4,12,2005,3,1,1,2,2,1,1,1,1,1,1,1,1,2,9,6,1,1,,2,2
3,36,4,3,2005,4,1,1,2,2,1,4,1,1,1,1,1,1,2,14,6,1,1,,2,2
3,36,4,9,2005,3,1,1,2,2,2,1,1,2,1,1,1,1,2,9,6,1,1,,2,2
1,36,4,6,2005,3,1,1,2,2,1,1,1,1,1,1,1,1,2,14,6,1,1,,2,2
1,46,4,6,2005,4,1,1,2,2,1,2,1,1,1,1,1,1,2,13,6,1,1,,2,2
1,46,4,6,2005,3,1,1,2,2,1,1,1,1,1,1,1,1,2,8,6,1,1,,2,2
1,46,4,3,2005,1,1,1,2,2,1,2,1,1,1,1,1,1,2,19,6,1,1,,2,2
1,46,4,2,2005,2,1,1,2,2,1,1,1,1,1,1,1,1,2,14,6,1,1,,2,2
5,46,4,1,2005,4,1,1,2,2,1,1,1,1,1,1,1,1,2,8,6,1,1,,2,2
5,46,3,11,2005,3,1,1,2,2,1,1,1,1,1,1,1,1,2,9,6,1,1,,2,2
3,41,4,9,2005,4,1,1,2,2,1,2,2,1,1,1,1,1,2,8,6,1,1,,2,2
5,41,4,9,2005,4,1,1,2,2,1,1,1,1,1,1,1,1,2,9,6,1,1,,2,2
3,41,3,10,2005,2,1,1,2,2,1,1,1,1,1,1,1,1,2,14,6,1,1,,2,2
3,41,4,11,2005,4,1,1,2,2,1,2,2,1,1,1,1,1,2,14,6,1,1,,2,2
3,41,4,11,2005,2,1,1,2,2,1,1,1,1,1,1,1,1,2,14,6,1,1,,2,2
3,41,4,11,2005,3,1,1,2,2,1,1,1,1,1,1,1,1,2,10,6,1,1,,2,2
6,41,4,12,2005,3,1,1,2,2,1,1,1,1,1,1,1,1,2,8,6,1,1,,2,2
1,41,3,12,2005,2,1,1,2,2,1,1,1,1,1,1,1,1,2,14,6,1,1,,2,2
7,41,4,12,2005,1,1,1,2,2,1,2,1,1,1,1,1,1,2,9,6,1,1,,2,2
7,41,4,12,2005,2,1,1,2,2,1,1,1,1,1,1,1,1,2,9,6,1,1,,2,2
7,41,2,12,2005,2,1,1,2,2,1,1,1,1,1,1,1,1,2,19,6,1,1,,2,2
10,64,3,10,2005,3,1,1,2,2,1,1,1,1,1,1,1,2,1,8,6,1,1,,2,2
3,64,4,1,2005,2,1,1,2,1,1,1,1,1,1,1,1,1,1,9,11,1,7,25,2,2
3,64,3,2,2005,4,1,1,1,2,1,3,1,1,1,1,1,1,1,14,11,1,7,26,2,2
3,64,4,3,2005,2,1,1,1,2,1,2,1,1,1,1,1,1,1,9,6,1,7,26,2,2
5,64,4,3,2005,3,1,1,1,1,1,1,1,1,1,1,1,1,1,14,2,1,1,,1,2
5,64,3,6,2005,4,4,4,2,1,1,2,2,1,1,1,1,1,1,14,2,1,1,40,2,2
2,64,4,1,2005,3,3,1,1,2,1,1,2,1,1,1,5,1,1,14,7,1,1,,2,2
2,64,4,7,2005,2,3,1,2,2,1,1,1,1,1,1,5,1,1,14,6,1,1,,2,2
2,64,4,9,2005,2,3,1,1,2,1,1,1,1,1,1,5,1,1,14,6,1,1,,2,2
2,64,4,12,2005,1,3,1,1,2,1,1,1,1,1,1,5,1,1,14,6,1,1,,2,2
12,64,3,4,2005,3,1,1,2,2,1,1,1,1,2,1,1,1,1,8,4,1,1,27,2,2
9,64,3,1,2005,2,2,1,1,2,1,1,1,1,1,1,5,1,1,14,4,1,7,38,2,2
9,64,3,9,2005,3,1,1,2,1,1,1,1,1,1,1,5,1,1,10,4,1,1,30,2,2
1,64,3,11,2005,2,2,4,2,1,1,1,1,1,1,1,5,1,1,8,1,1,1,32,2,2
1,64,1,5,2005,3,7,8,1,2,1,1,3,1,1,1,5,1,1,19,6,2,6,30,1,2
6,64,4,1,2005,1,2,4,2,1,1,3,1,1,1,1,5,1,1,14,6,1,1,,2,2
2,28,4,2,2005,2,7,4,1,1,1,2,1,1,1,1,5,1,1,9,5,1,1,40,1,2
1,54,3,1,2005,2,7,1,2,2,1,3,1,1,1,1,4,,,10,6,1,,,,
9,56,4,2,2005,2,,1,2,2,1,1,1,1,1,1,3,,2,14,4,1,1,28,2,2
1,54,3,2,2005,3,1,1,2,2,1,3,1,1,1,1,4,1,2,4,6,1,1,36,2,2
3,54,4,2,2005,3,7,1,2,2,1,1,1,1,1,1,3,1,2,7,6,1,1,,2,2
4,55,2,3,2005,4,1,8,2,,1,2,1,1,3,1,4,1,2,13,6,1,,35,2,2
5,55,4,3,2005,3,7,8,2,2,1,1,2,1,1,1,3,1,2,16,6,1,,45,2,2
1,54,3,3,2005,2,7,1,2,2,1,1,1,1,1,1,2,1,1,8,6,1,1,38,2,2
1,54,4,3,2005,2,1,1,2,2,1,2,1,1,1,1,2,1,2,14,11,1,7,35,2,1
1,54,3,3,2005,2,3,1,2,2,1,2,1,1,1,1,5,,,,6,1,1,,,
1,54,4,3,2005,4,7,4,2,2,1,3,1,1,1,1,5,1,1,14,5,1,1,,,
9,54,4,3,2005,2,1,1,2,2,1,1,1,1,1,1,1,,,14,6,1,,,,
12,54,4,3,2005,3,1,1,2,2,1,1,1,1,1,1,3,1,1,7,6,,,,,
3,53,3,5,2005,3,1,1,2,2,1,1,1,1,1,1,3,1,2,9,6,,,,2,2
3,53,4,5,2005,3,1,1,2,2,1,1,1,1,1,1,3,1,2,14,6,1,1,,2,2
3,56,1,6,2005,1,1,1,1,2,1,4,1,1,1,1,1,1,2,,,,,40,,
9,56,4,6,2005,1,,,2,2,1,2,1,1,1,1,4,1,2,14,6,,,,,
1,55,4,6,2005,3,3,8,2,2,1,1,1,1,1,1,3,1,2,13,6,1,6,,1,2
9,54,3,4,2005,3,1,1,2,2,1,1,1,1,1,1,1,1,2,14,6,1,1,30,2,2
12,54,4,4,2005,3,7,1,2,2,1,1,1,1,1,1,1,1,2,7,6,1,,,,
1,54,4,5,2005,2,7,1,2,2,1,1,1,1,1,1,1,1,2,14,5,1,1,,,2
1,54,3,5,2005,4,7,1,2,2,2,4,1,2,1,1,1,1,2,14,6,1,1,38,1,2
12,54,4,5,2005,3,1,1,2,2,1,1,1,1,1,1,1,1,2,13,6,1,1,39,2,2
8,54,1,5,2005,2,3,8,2,2,2,1,4,2,1,1,2,1,2,9,1,,1,45,,
9,54,3,5,2005,3,7,1,2,2,1,1,2,1,1,2,2,1,2,14,2,1,1,,2,2
1,54,4,6,2005,3,1,1,2,2,1,1,2,1,1,1,2,1,,13,2,1,1,35,1,2
1,54,3,6,2005,2,7,1,2,2,1,1,1,1,1,1,1,1,2,8,6,1,1,35,2,2
12,54,4,6,2005,3,7,1,2,2,2,1,1,2,1,1,1,1,2,8,5,,7,,,
13,54,4,6,2005,1,,1,2,2,1,3,1,1,1,1,1,1,2,14,4,1,1,,,
1,55,3,5,2005,4,1,1,2,2,2,4,1,2,1,1,1,2,,7,4,,7,,2,2
6,55,4,8,2005,2,1,1,2,2,1,1,1,1,1,1,1,1,2,9,6,,,,,
12,54,4,7,2005,2,,1,2,,2,4,1,2,1,1,4,1,2,14,6,1,1,,,
6,55,4,8,2005,2,1,1,2,2,1,1,1,1,1,1,1,1,2,9,6,,,,,
3,53,3,9,2005,3,7,8,2,2,1,1,1,1,1,1,4,1,2,8,5,1,7,73,2,2
3,56,4,9,2005,3,1,2,2,,1,4,1,1,1,1,3,1,2,16,11,1,1,35,2,2
13,54,4,9,2005,4,1,1,2,2,1,4,1,1,1,1,1,1,2,9,6,1,1,,,
3,54,4,9,2005,2,1,1,2,2,1,1,1,1,1,1,4,1,2,13,6,1,,30,2,2
7,56,4,10,2005,1,1,1,2,2,1,1,3,1,1,2,4,1,2,6,6,,,,,
7,56,4,11,2005,1,1,1,2,2,1,4,1,1,1,1,3,1,2,13,4,1,,25,2,2
1,54,4,9,2005,3,1,1,2,,1,1,1,1,1,1,1,1,2,8,6,2,6,,1,2
1,54,4,9,2005,3,1,1,2,2,1,1,1,1,1,3,1,2,,13,5,1,1,,2,2
9,54,4,11,2005,1,7,8,2,,1,4,1,1,1,1,1,2,2,13,6,1,1,35,2,2
12,54,4,11,2005,3,1,1,2,2,1,1,1,1,1,1,5,1,1,8,5,1,,,1,2
3,53,4,12,2005,4,7,8,2,2,1,2,1,1,1,1,3,1,2,6,4,1,,,2,2
3,56,3,12,2005,2,1,1,2,2,1,1,1,1,1,1,1,1,2,14,6,1,1,35,1,2
1,55,4,12,2005,4,7,1,2,2,1,4,1,1,1,1,4,1,2,13,6,1,6,,1,2
1,54,4,12,2005,1,7,1,2,2,1,4,1,1,1,1,2,1,2,6,6,1,1,40,2,2
1,54,3,12,2005,4,7,8,2,2,1,2,4,1,1,1,3,1,2,14,6,1,1,34,1,2
1,30,4,1,2005,2,1,3,2,2,1,1,1,1,1,1,1,1,1,14,5,2,1,,1,2
1,30,3,2,2005,2,3,1,2,2,1,2,1,1,1,1,1,1,2,14,4,1,1,35,2,2
1,33,4,6,2005,3,1,1,2,2,1,1,1,1,1,1,3,1,1,2,6,1,1,,2,2
4,33,4,6,2005,1,1,1,2,2,1,2,1,1,1,1,2,1,2,14,6,1,1,38,1,2
5,33,2,11,2005,4,1,1,2,2,1,4,1,1,1,1,2,1,2,9,5,1,1,,1,2
1,34,4,3,2005,4,1,1,2,2,1,2,1,1,1,1,1,1,2,13,4,1,1,35,2,2
6,34,4,5,2005,3,7,1,2,2,1,1,1,1,1,1,1,1,2,9,5,1,5,35,2,2
6,34,4,5,2005,3,3,1,2,2,1,1,1,1,1,1,1,1,2,9,6,1,1,55,2,2
6,34,4,5,2005,2,1,1,2,2,1,1,1,1,1,1,1,1,2,9,6,1,7,40,2,2
6,34,3,6,2005,3,3,2,2,2,2,1,2,2,1,1,1,1,2,12,2,1,1,34,2,1
2,30,3,12,2005,3,1,1,2,2,1,1,1,1,1,1,4,1,2,8,6,1,1,38,2,2
1,33,4,6,2005,3,3,1,2,2,2,1,1,2,1,1,2,1,2,4,4,1,1,34,2,1
2,31,4,5,2005,2,4,1,2,2,1,1,1,1,1,1,2,1,2,8,6,1,1,28,2,2
4,34,4,10,2005,3,1,1,2,2,1,1,1,1,1,1,1,1,2,8,6,1,1,32,2,2
3,34,4,11,2005,1,1,1,2,2,1,2,1,1,1,1,1,1,1,14,6,1,1,,1,2
1,34,3,11,2005,4,7,8,2,2,1,4,1,1,1,1,1,1,1,4,6,1,1,,2,2
6,42,2,1,2005,2,3,4,2,1,1,1,1,1,1,1,5,1,1,19,5,,,,2,2
6,42,2,1,2005,3,1,1,2,1,1,1,1,1,1,1,5,1,1,9,5,1,1,,2,2
6,42,2,2,2005,3,1,1,2,1,1,1,1,1,1,1,5,1,1,10,6,1,1,,2,2
6,42,3,2,2005,1,1,1,2,1,1,3,1,1,1,1,5,1,1,9,6,,,,,2
6,42,3,2,2005,4,1,1,2,1,1,3,1,1,1,1,5,1,1,14,6,1,1,,2,2
6,42,3,3,2005,1,1,1,2,1,1,2,1,1,1,1,5,1,1,14,6,1,1,,2,2
6,42,3,3,2005,1,1,1,2,2,1,2,1,1,1,1,5,1,1,14,6,,,,,2
2,42,3,2,2005,2,1,1,2,1,1,1,1,1,1,1,5,1,1,10,6,1,1,,2,2
2,42,2,2,2005,2,1,1,2,1,1,1,1,1,1,1,5,1,1,9,6,1,1,,,2
2,42,2,2,2005,1,1,1,2,1,1,3,1,1,1,1,5,1,1,14,6,1,1,,2,2
2,42,3,3,2005,3,1,1,2,1,1,1,1,1,1,1,5,1,1,8,6,1,1,28,2,2
2,42,3,3,2005,4,1,1,2,1,1,3,1,1,1,1,5,1,1,10,6,1,1,,2,2
2,42,2,4,2005,3,1,1,2,2,1,1,1,1,1,1,5,1,1,8,6,1,1,,2,2
8,42,1,1,2005,2,2,6,2,1,1,2,1,1,1,1,5,1,1,8,6,1,1,35,2,2
8,42,3,2,2005,1,2,1,2,2,1,3,1,1,1,1,5,1,1,14,6,1,1,,2,2
8,42,3,3,2005,4,1,1,2,1,1,3,1,1,1,1,5,1,1,10,5,1,1,,2,2
1,42,2,1,2005,4,3,6,2,1,1,3,1,1,1,1,5,1,1,9,6,1,1,,2,2
1,42,2,1,2005,3,1,1,2,1,1,1,1,1,1,1,5,1,1,9,6,1,1,,2,2
1,42,3,2,2005,1,5,6,2,1,1,3,1,1,1,1,5,1,1,14,6,1,1,,,2
1,42,4,3,2005,2,5,1,2,1,1,1,1,1,1,1,5,1,1,9,6,1,1,,2,2
1,42,3,3,2005,2,2,4,2,1,1,1,1,1,1,1,5,1,1,9,6,1,1,,2,2
1,42,2,4,2005,3,3,6,2,1,1,1,1,1,1,1,5,1,1,9,6,1,1,,2,2
1,42,2,4,2005,3,3,4,2,1,1,1,1,1,1,1,5,1,1,10,6,1,1,,2,2
1,42,2,4,2005,4,1,1,2,1,1,2,1,1,1,1,5,1,1,8,6,1,1,,2,2
9,42,2,1,2005,2,3,6,2,1,1,1,1,1,1,1,5,1,1,14,6,1,1,,2,2
9,42,2,1,2005,2,3,6,2,1,1,1,1,1,1,1,5,1,1,9,6,1,1,,2,2
9,42,2,2,2005,3,1,1,2,1,1,1,1,1,1,1,5,1,1,8,6,1,1,,2,2
9,42,3,2,2005,2,3,6,1,1,1,1,1,1,1,1,5,1,1,8,6,1,1,,2,2
9,42,3,3,2005,2,5,6,2,1,1,1,1,1,1,1,5,1,1,9,6,1,1,,2,2
9,42,4,3,2005,3,2,6,2,1,1,1,1,1,1,1,5,1,1,14,6,1,1,,2,2
9,42,2,3,2005,2,3,4,2,1,1,1,1,1,1,1,5,1,1,10,6,1,1,,2,2
9,42,2,3,2005,4,2,6,2,1,1,3,1,1,1,1,5,1,1,5,6,1,1,,2,2
14,42,4,1,2005,3,1,1,2,1,1,1,1,1,1,1,5,1,1,9,6,1,1,,2,2
14,42,3,2,2005,4,5,4,2,1,1,3,1,1,1,1,5,1,1,14,6,1,1,,2,2
14,42,4,2,2005,2,1,1,2,1,1,1,1,1,1,1,5,1,1,9,6,1,1,,2,2
16,42,3,1,2005,3,1,1,2,1,1,1,1,1,1,1,5,1,1,9,6,,,38,2,2
12,42,2,1,2005,2,4,6,2,1,1,1,1,1,1,1,5,1,1,8,6,1,1,,2,2
12,42,1,1,2005,2,1,1,2,1,1,1,1,1,1,1,5,1,1,8,5,1,1,33,2,2
12,42,2,1,2005,2,1,1,2,1,1,1,1,1,1,1,5,1,1,9,6,1,1,,2,2
12,42,3,1,2005,4,1,1,1,1,1,3,1,1,1,1,5,1,1,14,6,1,1,,2,2
12,42,3,1,2005,1,3,1,2,1,1,2,1,1,1,1,5,1,1,10,6,1,1,,2,2
12,42,3,2,2005,4,1,1,2,1,1,3,1,1,1,1,5,1,1,10,6,1,1,,2,2
9,42,3,5,2005,1,1,1,2,1,1,3,1,1,1,1,5,1,1,14,6,1,1,,2,2
9,42,3,5,2005,3,5,4,2,1,1,1,1,1,1,1,5,1,1,8,6,1,1,,2,2
9,42,2,5,2005,4,7,4,2,1,1,3,1,1,1,1,5,1,1,9,6,1,1,,2,2
9,42,2,5,2005,2,5,6,2,1,1,1,1,1,1,1,5,1,1,9,6,1,1,35,2,2
9,42,3,5,2005,2,1,4,2,1,1,1,1,1,1,1,5,1,1,8,6,1,1,,2,2
9,42,3,5,2005,2,3,6,2,1,1,1,1,1,1,1,5,1,1,8,6,1,1,,2,2
9,42,2,6,2005,2,5,6,2,1,1,1,1,1,1,1,5,1,1,12,6,1,1,,2,2
9,42,2,7,2005,4,1,1,1,1,1,1,1,1,1,1,5,1,1,9,6,1,1,,2,2
21,42,4,2,2005,2,1,1,2,2,1,1,1,1,1,1,5,1,1,14,6,1,1,,2,2
21,42,2,8,2005,3,1,1,2,1,1,1,1,1,1,1,5,1,1,12,6,1,1,45,,2
21,42,3,8,2005,3,7,4,2,2,1,1,1,1,1,1,5,1,1,8,6,1,1,40,2,2
9,42,2,8,2005,4,1,1,2,1,1,3,1,1,1,1,5,1,1,14,6,1,1,,1,2
9,42,2,8,2005,4,1,4,2,1,1,3,1,1,1,1,5,1,1,9,6,1,1,,2,2
9,42,3,8,2005,3,1,1,2,1,1,1,1,1,1,1,5,1,1,12,6,1,1,,2,2
9,42,2,8,2005,4,5,2,1,1,1,3,1,1,1,1,5,1,1,14,6,1,1,,2,2
17,42,3,3,2005,2,1,1,2,2,1,1,1,1,1,1,5,1,1,8,6,1,1,,2,2
17,42,1,5,2005,1,2,6,2,1,1,2,1,1,1,1,5,1,1,14,6,1,1,,2,2
17,42,3,6,2005,4,1,1,2,1,1,3,1,1,1,1,5,1,1,14,6,1,1,,2,2
17,42,3,7,2005,1,7,4,2,1,1,3,1,1,1,1,5,1,1,14,6,1,1,,2,2
17,42,3,7,2005,4,1,1,2,1,1,3,1,1,1,1,5,1,1,14,6,1,1,,1,2
17,42,3,6,2005,3,1,1,2,2,1,1,1,1,1,1,5,1,1,12,6,1,1,,2,2
11,42,3,4,2005,4,1,1,2,1,1,3,1,1,1,1,5,1,1,14,6,1,1,,2,2
11,42,3,4,2005,4,1,1,2,1,1,3,1,1,1,1,5,1,1,8,6,,,,2,2
11,42,2,4,2005,1,1,1,2,1,1,3,1,1,1,1,5,1,1,14,6,1,1,,2,2
11,42,4,4,2005,4,5,2,1,1,1,3,1,1,1,1,5,1,1,9,6,1,1,,2,2
11,42,3,5,2005,1,1,4,2,1,1,3,1,1,1,1,5,1,1,14,6,1,1,40,2,2
11,42,2,6,2005,4,1,1,2,1,1,3,1,1,1,1,5,1,1,5,6,1,1,24,2,2
2,42,2,5,2005,1,5,8,2,1,1,1,1,1,1,1,5,1,1,12,6,,,,2,2
2,42,2,6,2005,3,5,6,2,1,1,1,1,1,1,1,5,1,1,8,6,1,1,36,2,2
12,42,3,3,2005,3,3,1,2,2,1,1,1,1,1,1,5,1,1,19,6,1,1,,,
12,42,2,3,2005,3,1,1,2,1,1,1,1,1,1,1,5,1,1,8,6,1,1,,2,2
12,42,2,3,2005,4,1,8,2,2,1,3,1,1,1,1,5,1,1,10,6,1,1,,2,2
12,42,3,3,2005,4,1,1,2,2,1,3,1,1,1,1,5,1,1,14,6,1,1,,2,2
12,42,2,4,2005,2,5,6,2,1,1,1,1,1,1,1,5,1,1,10,6,1,1,,,2
12,42,3,5,2005,3,6,6,2,1,1,1,1,1,1,1,5,1,1,9,6,1,1,,2,2
12,42,2,5,2005,4,3,1,2,2,1,2,1,1,1,1,5,1,1,19,6,1,1,,2,2
12,42,2,5,2005,3,1,1,2,1,1,1,1,1,1,1,5,1,1,8,6,1,1,,2,2
12,42,2,5,2005,2,3,6,2,1,1,1,1,1,1,1,5,1,1,8,6,1,1,,2,2
12,42,2,6,2005,2,1,1,2,1,1,1,1,1,1,1,5,1,1,8,6,1,1,,2,2
12,42,2,6,2005,2,3,3,2,1,1,1,1,1,1,1,5,1,1,12,6,1,1,20,2,2
12,42,2,6,2005,2,1,1,2,1,1,1,1,1,1,1,5,1,1,10,6,1,1,,2,2
12,42,2,7,2005,2,5,6,2,1,1,1,1,1,1,1,5,1,1,9,6,,,,2,2
12,42,2,7,2005,4,1,1,2,1,1,3,1,1,1,1,5,1,1,8,6,1,1,,2,2
14,42,2,5,2005,2,1,1,2,1,1,1,1,1,1,1,5,1,1,8,6,,,,2,2
14,42,2,5,2005,2,1,1,2,1,1,1,1,1,1,1,5,1,1,9,6,1,1,,2,2
14,42,2,6,2005,4,1,1,2,2,1,1,1,1,1,1,5,1,1,14,6,1,1,,2,2
14,42,2,7,2005,2,1,1,2,1,1,1,1,1,1,1,5,1,1,11,5,1,1,,2,2
3,42,4,5,2005,4,3,4,1,2,1,3,1,1,1,1,5,1,1,9,6,1,1,,2,2
22,42,4,3,2005,4,7,1,1,1,1,3,1,1,1,1,5,1,1,19,6,1,1,,2,2
22,42,4,5,2005,3,3,4,2,1,1,1,1,1,1,1,5,1,1,8,6,,,33,2,2
18,42,2,7,2005,2,3,1,1,2,3,1,1,1,1,1,5,1,1,14,6,1,1,,2,2
18,42,3,7,2005,1,1,1,1,1,1,3,1,1,1,1,5,1,1,14,6,1,1,35,2,2
8,42,2,7,2005,3,1,1,2,1,1,1,1,1,1,1,5,1,1,4,6,1,1,,2,2
8,42,2,9,2005,3,1,1,2,2,1,1,1,1,1,1,5,1,1,6,6,1,1,,2,2
8,42,2,9,2005,4,1,1,2,1,1,2,1,1,1,1,5,1,1,9,6,1,1,,2,2
8,42,2,12,2005,4,1,1,2,1,1,3,1,1,1,1,5,1,1,14,7,1,1,,2,2
1,42,2,5,2005,4,5,2,1,1,3,1,1,1,1,1,5,1,1,15,2,1,1,,2,2
1,42,3,5,2005,4,1,4,2,1,1,3,1,1,1,1,1,1,1,10,6,1,1,,2,2
1,42,2,6,2005,2,2,5,2,1,1,1,1,1,1,1,5,1,1,8,6,1,1,,2,2
1,42,2,6,2005,4,6,1,2,1,1,3,1,1,1,1,5,1,1,8,6,1,1,,2,2
1,42,2,7,2005,3,2,6,2,1,1,1,1,1,1,1,5,1,1,8,6,1,1,,2,2
1,42,3,8,2005,3,1,1,2,1,1,1,1,1,1,1,5,1,1,19,6,1,1,,2,2
1,42,3,9,2005,2,1,1,2,1,1,1,1,1,1,1,5,1,1,9,6,1,1,,2,2
1,42,2,11,2005,1,5,6,2,1,1,3,1,1,1,1,5,1,1,14,6,1,1,,2,2
1,42,2,12,2005,2,2,6,2,1,1,1,1,1,1,1,5,1,1,8,6,1,1,,2,2
1,42,2,12,2005,4,3,6,2,1,1,3,1,1,1,1,5,1,1,9,6,1,1,,2,2
10,42,2,1,2005,2,3,4,1,1,1,1,1,1,1,1,5,1,1,8,6,1,1,22,2,2
10,42,1,5,2005,3,3,6,1,1,1,1,1,1,1,1,5,1,1,10,6,1,1,,2,2
2,42,3,9,2005,1,1,1,1,1,1,3,1,1,1,1,5,1,1,9,6,1,1,,2,2
2,42,2,9,2005,4,1,1,1,1,1,3,1,1,1,1,5,1,1,9,5,1,1,,2,2
2,42,2,10,2005,3,1,1,2,2,1,1,1,1,1,1,5,1,1,8,5,1,1,,2,2
10,42,3,8,2005,1,7,2,1,1,1,3,1,1,1,1,5,1,1,14,6,1,1,28,2,2
10,42,3,8,2005,4,3,5,1,1,1,3,1,1,1,1,5,1,1,14,6,1,1,,2,2
10,42,3,9,2005,3,3,6,1,1,1,1,1,1,1,1,5,1,1,14,6,1,1,,2,2
10,42,1,9,2005,3,3,6,1,1,1,1,1,1,1,1,5,1,1,8,6,1,1,,2,2
10,42,3,9,2005,2,3,4,1,1,1,1,1,1,1,1,5,1,1,8,6,1,1,35,2,2
10,42,3,10,2005,2,3,4,1,1,1,1,1,1,1,1,5,1,1,8,6,1,1,,2,2
10,42,2,10,2005,4,1,1,1,1,1,3,1,1,1,1,5,1,1,9,6,1,1,,2,2
10,42,1,10,2005,3,3,6,1,1,1,1,1,1,1,1,5,1,1,10,6,1,1,,2,2
10,42,2,10,2005,1,3,4,1,1,1,3,1,1,1,1,5,1,1,10,6,1,1,,2,2
10,42,3,11,2005,4,1,1,1,1,1,1,1,1,1,1,5,1,1,9,6,1,1,,2,2
10,42,3,12,2005,2,3,4,1,1,1,2,1,1,1,1,5,1,1,14,6,1,1,,2,2
4,42,4,10,2005,3,1,1,1,1,1,1,1,1,1,1,5,1,1,9,6,1,1,,2,2
6,42,3,5,2005,2,1,1,2,2,1,1,1,1,1,1,5,1,1,8,6,1,1,,2,2
6,42,4,5,2005,1,1,1,2,2,1,4,1,1,1,1,5,1,1,15,6,1,1,,1,2
6,42,4,5,2005,1,1,1,2,2,1,3,1,1,1,1,5,1,1,14,6,1,1,,2,2
6,42,3,6,2005,2,1,2,1,1,1,1,1,1,1,1,5,1,1,8,6,1,1,,,2
6,42,4,7,2005,1,1,1,2,2,1,3,1,1,1,1,5,1,1,14,6,1,1,,2,2
7,26,4,1,2005,2,1,1,2,2,1,1,2,1,1,2,4,1,1,1,1,1,1,44,2,2
4,26,4,2,2005,4,1,1,2,2,1,2,1,1,1,1,1,1,,9,11,1,1,30,2,2