Thana,District,Accident_Severity,Month,Year,Time,Junction_Type,Traffic_Control,Movement,Divider,Weather,Light,Road_Geometry,Surface_Condition,Surface_Type,Surface_Quality,Road_Class,Road_Feature,Location_Type,Vehicle_Type,Vehicle_Movement,Vehicle_Loading,Vehicle_Defect,Vehicle_Driver_Age,Vehicle_Alcohol,Vehicle_Seat_Belt
4,26,4,4,2005,1,1,1,1,2,1,2,1,1,1,1,1,1,2,9,11,1,1,35,2,2
1,26,4,5,2005,3,1,1,1,2,1,2,1,1,1,1,3,1,2,6,6,2,6,35,2,2
4,26,4,6,2005,3,1,1,2,2,1,1,2,1,1,1,1,2,2,9,2,1,7,40,1,2
1,24,3,8,2005,3,3,1,2,2,2,1,1,2,1,1,1,1,2,14,6,1,7,30,1,2
1,24,4,9,2005,3,3,1,2,2,1,1,2,1,1,1,1,1,2,8,4,1,1,30,1,2
1,24,4,2,2005,3,1,8,1,1,1,1,1,1,1,1,4,1,2,14,6,1,7,40,1,2
1,21,4,3,2005,1,1,1,2,1,1,1,1,1,1,1,1,1,2,14,6,1,1,40,1,2
3,21,4,11,2005,3,1,1,2,2,1,1,1,1,1,1,1,1,2,19,6,1,7,40,1,2
3,21,4,4,2005,2,1,1,2,2,1,1,1,1,1,1,1,1,2,14,6,1,1,40,1,2
6,21,4,5,2005,1,7,8,2,2,1,4,1,1,1,1,1,1,1,19,6,1,7,,1,2
3,21,4,5,2005,4,1,1,2,2,1,2,1,1,1,1,1,1,2,14,6,1,1,33,1,2
1,21,4,8,2005,2,4,1,2,2,1,1,1,1,1,1,1,1,2,14,2,1,1,40,1,2
1,21,4,1,2005,3,1,1,2,2,1,1,1,1,1,1,1,1,2,7,6,1,1,40,1,2
1,22,4,7,2005,2,2,4,2,2,1,1,1,1,1,1,1,1,1,14,6,1,1,,1,2
3,22,4,7,2005,2,1,1,2,2,2,1,1,2,1,1,1,1,2,14,5,2,7,,1,2
1,22,2,7,2005,3,1,1,1,2,2,1,1,2,1,1,1,1,2,10,6,1,1,,2,2
1,22,4,6,2005,1,1,1,2,2,1,4,1,1,1,1,1,1,2,9,6,1,1,,1,2
1,22,1,1,2005,2,1,1,2,2,1,1,1,1,1,1,4,1,1,9,6,1,3,,1,2
1,18,4,3,2005,3,1,1,2,2,1,1,1,1,1,3,3,1,2,14,4,1,1,35,2,2
4,14,3,8,2005,3,1,1,2,1,1,1,1,1,1,1,1,1,1,14,2,1,7,,1,2
3,14,4,9,2005,1,1,3,2,2,1,1,1,1,1,1,5,1,1,14,6,1,1,23,2,2
3,14,4,11,2005,3,2,1,2,2,1,1,3,1,1,1,5,1,1,14,6,1,7,45,1,2
2,14,4,12,2005,2,1,8,2,1,1,1,1,1,1,1,5,1,1,9,6,1,1,,2,2
2,14,4,12,2005,2,2,4,1,2,1,1,1,1,1,1,5,1,1,9,5,1,1,38,2,2
3,14,3,2,2005,2,7,1,2,1,1,1,1,1,1,1,5,1,1,14,6,1,1,,2,2
1,14,4,3,2005,3,2,1,1,1,1,1,1,1,1,1,5,1,1,14,6,1,7,,2,2
3,14,2,5,2005,1,2,1,2,2,1,2,3,1,2,3,4,1,1,14,4,1,6,30,1,2
5,12,4,1,2005,2,1,1,2,2,1,1,2,1,1,1,3,1,2,4,1,1,7,,2,2
6,15,3,5,2005,3,1,1,1,1,1,1,1,1,1,1,1,2,,13,11,1,1,40,2,2
1,15,4,6,2005,2,1,1,2,2,1,1,1,1,1,1,1,1,2,9,4,1,1,35,2,2
1,4,3,3,2005,3,1,1,2,2,1,1,1,1,1,1,4,,,13,4,1,1,36,2,2
8,7,4,1,2005,1,1,1,2,2,1,1,2,1,1,1,2,1,2,8,6,1,1,30,2,2
12,9,4,4,2005,1,1,1,1,1,1,2,2,1,1,1,1,1,2,2,4,1,1,,2,2
12,9,4,4,2005,2,1,1,2,2,1,2,1,1,1,1,1,1,2,14,6,1,1,30,2,2
1,9,4,2,2005,1,1,1,1,1,1,2,1,1,1,1,1,1,2,9,6,1,1,,2,2
10,9,1,2,2005,2,1,1,2,2,1,1,1,1,1,1,1,1,2,14,6,1,1,40,2,2
10,9,4,1,2005,1,1,1,2,2,1,2,1,1,1,1,1,1,2,9,6,1,1,37,2,2
12,9,3,6,2005,3,1,1,2,2,1,1,1,1,1,1,1,1,2,10,1,2,1,24,2,2
6,9,4,6,2005,1,1,1,2,1,4,2,1,1,1,2,1,2,,13,1,1,1,35,2,2
10,16,4,4,2005,2,7,1,2,2,1,2,1,1,1,1,1,1,1,14,6,1,1,,2,2
6,13,3,6,2005,2,1,1,2,2,1,1,1,1,1,1,2,1,2,14,6,1,1,50,2,2
2,13,3,6,2005,4,1,1,2,2,1,1,1,1,1,1,2,1,2,8,2,1,1,,2,2
6,4,4,4,2005,4,3,1,2,2,1,4,1,1,1,1,1,1,2,8,6,1,1,38,2,2
2,13,2,3,2005,4,3,1,2,2,1,1,1,1,1,1,2,1,2,14,6,1,1,2,2,2
10,9,4,7,2005,1,1,1,2,2,1,1,2,2,1,1,1,1,2,14,4,1,1,35,1,2
8,13,2,3,2005,1,1,4,2,2,1,1,1,1,1,1,1,1,2,9,10,1,1,40,2,2
8,13,2,3,2005,3,7,1,2,2,1,1,1,1,1,1,1,1,2,14,6,1,1,,1,2
8,13,3,6,2005,2,1,1,2,2,2,1,2,2,1,1,1,1,2,8,6,1,1,38,2,2
6,13,2,9,2005,1,2,1,2,2,1,1,1,1,1,1,2,1,2,9,4,1,1,32,2,2
1,3,4,9,2005,2,1,1,2,2,1,1,1,1,1,1,2,1,2,14,6,1,7,,1,2
4,8,4,6,2005,2,1,1,2,2,1,2,1,1,1,1,1,1,2,14,6,1,1,,2,2
3,8,4,5,2005,2,1,1,2,2,1,1,2,1,1,1,1,1,2,9,6,1,1,40,2,2
3,8,3,6,2005,1,1,1,2,2,1,4,1,2,1,1,1,1,2,14,5,1,1,,2,2
11,16,4,7,2005,3,1,1,2,2,1,1,1,1,1,1,2,1,2,8,6,1,1,45,2,2
9,17,2,2,2005,3,1,1,2,2,1,1,1,1,1,1,1,1,2,9,5,1,1,38,2,2
3,17,3,2,2005,2,1,8,2,2,1,2,1,1,1,1,1,1,2,14,6,1,1,,2,2
8,17,4,2,2005,1,1,1,2,2,1,2,1,1,1,1,1,1,2,14,6,,,,2,2
10,17,1,3,2005,4,1,1,2,2,1,2,1,1,1,1,2,1,2,9,6,1,1,33,2,2
1,16,4,9,2005,1,1,1,2,2,1,1,1,1,1,1,1,1,2,14,6,1,1,,2,2
6,16,4,9,2005,2,1,1,1,2,2,1,1,1,1,1,2,1,2,14,6,1,1,,2,2
1,16,4,9,2005,1,7,1,2,2,1,4,1,1,1,1,2,1,2,9,6,1,1,35,2,2
1,7,4,8,2005,1,1,1,1,2,1,1,1,1,1,1,2,1,2,8,6,1,1,,2,2
10,16,4,8,2005,1,5,4,2,2,1,4,1,1,1,1,2,1,2,14,2,1,1,40,2,2
7,16,4,8,2005,2,1,1,2,2,1,2,1,1,1,1,1,1,2,14,6,1,1,,1,2
5,10,3,8,2005,1,6,1,2,1,1,1,2,1,1,1,2,1,2,13,2,1,1,,1,2
6,9,4,12,2005,2,1,1,2,2,1,1,1,1,1,1,2,1,2,8,6,1,1,,1,2
12,9,1,9,2005,2,7,1,2,2,1,1,4,1,1,1,1,1,2,8,2,1,1,40,2,2
10,9,4,11,2005,4,1,1,2,2,1,1,1,1,1,1,1,1,2,8,9,1,1,35,2,2
11,9,4,12,2005,1,1,1,2,2,3,4,1,2,1,1,2,1,2,9,11,1,1,40,2,2
12,9,1,8,2005,2,2,1,2,2,1,1,1,1,1,1,1,1,2,10,1,1,1,45,2,1
1,12,4,9,2005,1,1,1,2,2,1,1,2,1,1,1,1,1,2,14,6,1,1,43,1,2
1,15,4,8,2005,4,1,1,2,2,1,1,1,2,1,1,1,1,2,4,6,1,1,28,2,2
3,8,4,5,2005,2,1,1,2,2,1,1,2,1,1,1,1,1,2,9,6,1,1,40,2,2
3,8,3,7,2005,1,3,8,2,2,1,1,1,1,1,1,1,1,2,14,6,1,1,48,2,2
3,8,4,7,2005,3,1,1,2,2,1,1,1,1,1,1,1,1,2,14,1,1,1,,2,2
4,6,4,7,2005,3,1,1,1,2,1,1,2,1,1,1,1,1,2,13,6,1,1,,2,2
5,6,4,10,2005,1,1,1,2,2,1,1,2,1,1,1,1,1,2,8,2,1,1,45,2,2
3,10,4,11,2005,4,1,1,2,2,1,4,1,1,1,1,3,1,,14,6,1,1,45,2,2
1,17,3,10,2005,4,5,4,1,2,1,1,2,1,1,1,3,1,1,4,6,1,1,50,2,2
9,17,4,7,2005,2,1,1,2,2,1,4,2,1,1,1,1,1,2,14,2,1,1,40,2,2
7,17,4,8,2005,4,5,1,2,2,1,4,2,1,1,1,1,1,2,14,9,1,1,,2,2
1,15,4,12,2005,1,1,1,2,2,1,4,1,1,1,1,1,1,2,17,6,1,1,,2,2
1,15,4,12,2005,1,1,1,2,2,1,1,1,1,1,1,1,1,2,14,6,1,1,35,2,2
5,5,2,5,2005,4,1,1,2,2,1,1,1,1,1,1,1,1,2,14,6,1,1,35,2,2
5,5,1,11,2005,2,7,8,2,2,1,4,1,1,1,1,1,1,2,14,11,1,1,,2,2
1,11,3,11,2005,1,2,1,2,2,1,1,1,1,1,1,5,1,1,8,11,1,1,,2,2
6,11,3,3,2005,3,1,1,2,2,1,1,1,1,1,1,3,1,2,8,6,1,1,42,2,2
6,11,4,3,2005,2,1,1,2,2,1,1,2,1,1,1,3,1,2,8,6,1,1,42,2,2
3,15,4,12,2005,1,1,1,2,2,1,2,1,1,1,1,2,1,2,14,6,1,1,,2,2
11,16,4,9,2005,3,1,1,2,2,1,2,1,1,1,1,2,1,2,13,6,1,3,40,2,2
5,58,4,6,2005,1,1,1,2,1,1,2,2,2,1,1,1,1,2,14,2,2,,,1,2
2,65,4,6,2005,2,1,1,2,2,1,1,1,1,1,1,1,1,2,8,6,1,1,,1,2
1,62,4,7,2005,1,3,4,2,2,1,2,1,1,1,1,2,1,1,9,6,,,40,,
2,59,3,7,2005,2,1,1,2,2,1,1,2,1,2,2,3,1,2,17,6,2,6,,1,2
1,61,1,5,2005,3,7,8,2,1,1,2,1,1,1,1,1,1,2,13,6,1,1,40,2,2
1,61,3,3,2005,1,1,1,2,2,1,2,1,1,1,1,1,1,2,14,6,1,1,41,2,2
1,61,1,1,2005,1,1,1,2,2,1,1,1,1,1,1,1,1,2,14,6,1,5,,2,2
1,61,2,1,2005,2,1,1,2,2,1,1,1,1,1,1,1,1,2,8,6,1,1,35,2,2
1,61,2,1,2005,4,1,1,2,2,1,4,1,1,1,1,1,1,2,9,6,1,1,34,2,2
1,61,1,1,2005,1,1,4,2,2,1,1,1,1,1,1,1,1,2,8,1,1,1,45,2,2
2,58,4,4,2005,4,1,1,2,2,1,2,1,1,1,1,3,1,2,17,5,2,7,,1,2
2,58,4,2,2005,2,1,1,2,2,1,1,1,1,1,1,1,1,2,7,6,1,7,,2,2
7,63,4,4,2005,3,3,1,2,2,1,1,1,1,1,1,1,1,2,9,6,1,1,40,2,2
13,63,4,1,2005,1,7,1,2,2,4,4,2,1,1,1,1,1,2,14,2,1,1,,1,2
13,63,4,4,2005,2,7,1,2,2,2,1,1,2,1,1,1,1,2,9,5,1,,,2,2
2,65,2,4,2005,4,7,1,2,2,1,3,1,1,1,1,1,1,2,9,6,2,7,,1,2
8,63,4,11,2005,1,2,,1,,1,,1,1,1,1,1,1,2,9,10,,1,,,
9,63,4,11,2005,2,7,1,2,2,1,2,1,1,1,1,1,1,2,9,11,1,7,,1,2
9,63,4,11,2005,3,1,1,1,2,1,1,2,1,1,1,1,1,2,9,2,1,7,,1,2
3,63,4,12,2005,4,,,2,2,4,4,1,1,1,1,4,1,2,14,6,1,,,,
1,61,4,12,2005,2,1,1,2,2,1,1,1,1,1,1,1,1,2,13,10,1,1,52,2,2
1,62,4,12,2005,2,3,4,2,1,1,1,,1,1,1,2,1,2,9,4,1,1,40,2,2
5,45,4,1,2005,1,1,1,2,2,4,1,1,1,1,1,1,1,1,14,6,1,1,,2,2
4,35,4,1,2005,1,1,1,2,2,1,1,1,1,1,1,1,2,,12,10,1,1,22,2,2
13,50,4,3,2005,1,1,1,2,2,1,1,1,1,1,1,1,1,2,10,6,1,1,,2,2
9,47,4,1,2005,1,1,1,2,1,1,1,1,1,1,1,1,1,2,14,6,1,1,,2,2
1,38,4,3,2005,3,1,1,2,2,1,1,1,1,1,1,1,1,2,9,6,1,1,,2,2
2,38,3,3,2005,2,3,1,2,2,1,1,1,1,1,1,4,1,2,14,6,1,1,,2,2
6,38,4,2,2005,2,7,1,2,2,1,1,1,1,1,1,1,1,2,14,6,1,1,,2,2
1,37,3,1,2005,3,6,1,2,2,2,1,2,2,1,1,1,1,2,9,6,1,1,,2,2
1,39,4,3,2005,2,1,1,2,2,1,1,1,1,1,1,1,1,2,14,6,1,1,,2,2
1,39,3,4,2005,1,1,1,2,2,1,1,1,1,1,1,1,1,2,14,6,1,1,,2,2
12,47,3,1,2005,3,1,1,2,2,1,1,1,1,1,1,1,1,2,14,5,1,1,,2,2
2,43,3,3,2005,3,1,1,2,2,1,1,1,1,1,1,1,1,2,7,6,1,1,,2,2
2,43,4,3,2005,1,1,1,2,2,1,1,1,1,1,1,1,1,2,19,10,1,1,,2,2
3,43,1,1,2005,4,4,4,2,2,1,4,1,1,1,1,1,1,2,11,6,1,1,,2,2
1,43,4,2,2005,2,1,8,2,2,1,1,1,1,1,1,3,1,2,8,6,1,1,,2,2
5,43,3,2,2005,3,1,2,2,1,1,1,1,1,1,1,1,,,9,6,1,1,,2,2
6,45,4,4,2005,4,1,1,2,2,1,4,2,1,1,1,2,,,12,6,1,1,,2,2
4,45,4,4,2005,2,1,1,2,2,1,1,1,1,1,1,1,1,2,12,6,1,1,,2,2
6,38,1,5,2005,3,3,1,2,2,1,1,1,1,1,1,1,1,2,9,6,1,1,,2,2
1,45,4,5,2005,2,1,1,2,2,1,1,1,1,1,1,1,1,2,14,6,1,1,,2,2
2,43,4,5,2005,2,7,1,2,2,1,1,1,1,1,1,1,1,2,9,6,1,1,,2,2
2,43,1,5,2005,2,1,1,2,2,1,1,1,1,1,1,1,1,2,8,6,1,1,,2,2
1,38,4,9,2005,3,1,1,2,2,1,1,1,1,1,1,1,1,2,9,6,1,1,,2,2
3,38,3,9,2005,3,1,1,2,2,1,1,1,1,1,1,1,1,2,7,6,1,1,,2,2
1,38,4,8,2005,2,1,1,2,2,1,1,1,1,1,1,2,1,2,8,6,1,1,,2,2
3,38,2,7,2005,4,1,1,2,2,1,3,1,1,1,1,1,1,2,14,6,1,1,,2,2
6,38,3,11,2005,1,1,1,2,2,1,1,1,1,1,1,1,1,2,7,6,1,1,,2,2
4,44,3,1,2005,3,1,1,2,2,1,1,1,1,1,1,3,1,2,9,6,1,1,,2,2
6,44,3,1,2005,1,1,1,1,1,1,1,1,1,1,1,1,1,2,14,6,1,1,,2,2
5,44,2,1,2005,1,1,1,2,2,1,1,1,1,1,1,1,1,2,9,6,1,1,,2,2
5,44,1,1,2005,2,1,1,2,2,1,2,1,1,1,1,1,1,2,9,6,1,1,,2,2
5,44,4,3,2005,1,1,1,2,2,1,1,1,1,1,1,1,1,2,14,6,1,1,,2,2
3,44,1,4,2005,2,1,1,2,2,1,1,1,1,1,1,1,1,2,9,6,1,1,,2,2
7,44,4,4,2005,3,1,1,2,2,1,1,1,1,1,1,2,1,2,8,6,1,1,,2,2
2,44,1,6,2005,1,1,1,2,2,1,4,1,1,1,1,1,1,2,12,6,1,1,,2,2
7,44,4,6,2005,1,1,1,2,2,1,4,1,1,1,1,1,1,2,14,6,1,1,,2,2
4,44,3,7,2005,1,1,1,2,2,1,4,1,1,1,1,2,1,2,12,6,1,1,,2,2
5,44,4,7,2005,2,1,1,2,1,4,1,1,1,1,1,1,1,2,7,6,1,1,,2,2
4,44,1,8,2005,3,1,8,2,2,1,1,1,1,1,1,3,1,2,10,6,1,1,,2,2
5,44,4,8,2005,3,1,1,2,2,1,1,1,1,1,1,1,1,2,9,6,1,1,,2,2
1,50,4,6,2005,3,7,1,2,2,1,1,1,1,1,1,1,1,2,9,6,1,1,,2,2
4,50,4,11,2005,2,4,1,2,2,1,1,1,1,1,1,1,1,2,9,1,1,1,,2,2
2,50,4,11,2005,2,1,8,2,2,1,1,1,1,1,1,1,1,2,9,6,1,1,,2,2
10,50,3,10,2005,3,1,1,2,2,1,1,1,1,1,1,1,1,2,9,6,1,1,,2,2
2,50,3,10,2005,2,1,1,2,2,1,1,1,1,1,1,1,1,2,9,6,1,1,,2,2
2,43,3,6,2005,3,1,1,2,2,1,1,1,1,1,1,1,1,1,6,1,1,1,,2,2
2,43,1,10,2005,1,7,1,2,2,1,2,1,1,1,1,1,1,1,7,6,1,1,,2,2
2,43,4,10,2005,1,1,4,2,1,1,1,1,1,1,1,1,1,2,14,6,1,1,,2,2
5,43,4,10,2005,1,1,1,2,2,1,1,1,1,1,1,1,1,2,12,6,1,1,,2,2
2,43,4,9,2005,4,1,8,2,2,1,3,3,1,1,1,1,1,2,,6,1,1,,2,2
2,43,4,7,2005,1,1,1,2,2,1,1,1,1,1,1,1,1,2,14,6,1,1,,2,2
5,43,4,8,2005,2,1,1,2,2,1,1,1,1,1,1,1,1,2,9,6,1,1,,2,2
5,43,4,8,2005,3,1,1,2,2,1,1,1,1,1,1,1,1,2,9,6,1,1,,2,2
2,43,3,8,2005,1,7,8,2,2,1,2,1,1,1,1,1,1,2,14,6,1,1,,2,2
2,43,3,11,2005,1,1,1,2,2,1,4,1,1,1,1,1,1,2,14,6,1,1,,2,2
2,43,1,11,2005,4,1,1,2,2,1,1,1,1,1,1,1,1,2,14,6,1,1,,2,2
2,43,1,11,2005,3,1,8,2,2,1,1,1,1,1,1,1,1,2,9,6,1,1,,2,2
5,43,4,12,2005,2,2,1,2,2,1,1,1,1,1,1,1,1,2,9,6,1,1,,2,2
2,43,2,11,2005,3,7,1,2,2,1,1,5,1,1,1,1,2,2,9,6,1,1,,2,2
2,43,3,11,2005,3,7,1,1,1,1,1,1,1,1,1,1,1,2,9,6,1,1,,2,2
1,45,3,10,2005,2,7,1,2,2,2,1,1,1,1,1,1,1,2,13,6,1,1,,2,2
6,45,3,7,2005,4,1,1,2,2,1,4,1,1,1,1,1,1,2,14,6,1,1,,2,2
1,45,3,7,2005,3,7,1,2,2,1,1,1,1,1,1,1,1,2,8,6,1,1,,2,2
1,45,4,9,2005,3,7,2,2,2,1,1,1,1,1,1,1,1,2,9,6,1,1,,2,2
1,45,4,9,2005,3,7,1,2,2,1,1,1,1,1,1,2,1,2,14,6,1,1,,2,2
4,35,4,11,2005,2,1,1,2,2,1,1,1,1,1,1,2,1,2,9,6,1,1,,2,2
5,41,4,1,2005,2,1,1,2,2,1,1,1,1,1,1,1,1,2,14,6,1,1,,2,2
3,41,4,6,2005,3,1,1,2,2,1,1,1,1,1,1,1,1,2,9,6,1,1,,2,2
1,41,4,8,2005,4,1,1,2,2,1,4,1,1,1,1,1,1,2,13,6,1,1,,2,2
3,41,1,8,2005,4,1,1,2,2,1,4,1,1,1,1,1,1,2,8,6,1,1,,2,2
1,41,3,7,2005,4,7,1,2,2,1,4,1,1,1,1,1,1,2,9,6,1,1,,2,2
1,41,3,6,2005,2,1,1,2,2,1,1,1,1,1,1,1,1,2,14,6,1,1,,2,2
1,41,4,1,2005,1,1,1,2,2,1,4,1,1,1,1,1,1,2,14,6,1,1,,2,2
1,47,3,3,2005,2,1,1,2,2,1,1,1,1,1,1,4,1,2,4,6,1,1,,2,2
7,47,4,3,2005,3,1,1,2,2,1,1,1,1,1,1,3,1,2,19,6,1,1,,2,2
9,47,4,3,2005,1,1,2,2,2,1,2,1,1,1,1,1,1,2,12,6,1,1,,2,2
2,47,2,5,2005,2,1,1,2,2,1,1,1,1,1,1,1,1,2,14,6,1,1,,2,2
2,47,4,5,2005,3,1,1,2,2,1,1,1,1,1,1,1,1,2,14,6,1,1,,2,2
6,44,3,2,2005,2,1,1,2,2,1,1,1,1,1,1,1,1,2,9,6,1,1,,2,2
5,44,4,11,2005,2,1,1,2,2,1,1,1,1,1,1,1,1,2,9,6,1,1,,2,2
4,44,1,10,2005,3,1,1,2,2,1,1,1,1,1,1,2,1,2,9,6,1,1,,2,2
5,44,4,9,2005,3,1,1,2,2,1,1,1,1,1,1,1,1,2,14,6,1,1,,2,2
5,44,3,9,2005,2,1,1,2,2,1,4,1,1,1,1,1,1,2,9,6,1,1,,2,2
5,44,4,9,2005,3,1,1,2,2,1,1,1,1,1,1,1,1,2,14,6,1,1,,2,2
2,50,4,12,2005,1,1,1,2,2,1,2,1,1,1,1,1,1,2,14,6,1,1,,2,2
1,40,4,5,2005,3,1,1,2,2,1,2,1,1,1,1,1,1,2,14,6,1,1,,2,2
5,40,2,10,2005,1,1,1,2,2,1,1,1,1,1,1,1,1,2,8,6,1,1,,2,2
3,40,3,2,2005,3,1,1,2,2,1,2,1,1,1,1,1,1,2,9,6,1,1,,2,2
7,44,2,12,2005,4,1,1,2,2,1,1,1,1,1,1,1,1,2,11,6,1,1,,2,2
5,44,4,12,2005,2,1,1,2,2,1,1,1,1,1,1,1,1,2,9,6,1,1,,2,2
1,46,4,4,2005,4,1,1,2,2,1,1,1,1,1,1,1,1,2,19,6,1,1,,2,2
10,64,4,10,2005,4,1,1,2,2,1,1,1,1,1,1,3,1,1,9,2,1,1,40,2,2
10,64,1,12,2005,2,1,1,2,2,1,1,1,1,1,1,1,1,1,7,2,1,1,48,2,2
3,64,3,6,2005,3,1,1,1,1,1,1,1,1,1,1,1,1,1,14,6,1,7,50,2,2
3,64,3,7,2005,1,1,1,1,2,1,1,1,1,1,1,1,1,1,9,11,1,7,32,2,2
11,64,4,11,2005,4,1,8,2,2,1,3,2,1,1,1,5,1,1,14,6,1,1,,2,2
8,64,4,1,2005,3,3,4,2,2,1,3,1,1,1,2,5,1,1,19,3,2,3,,2,2
5,64,4,1,2005,1,1,1,2,2,1,2,1,1,1,1,5,1,1,14,6,1,1,,2,2
5,64,4,6,2005,3,1,1,1,1,1,1,1,1,1,1,1,1,1,9,1,1,1,,2,1
5,64,1,8,2005,2,1,1,2,2,1,1,1,1,1,1,2,1,1,14,2,1,1,42,2,2
5,64,4,9,2005,3,1,1,1,2,2,2,1,2,1,1,1,1,1,14,6,1,1,,2,2
2,64,3,3,2005,3,5,4,2,2,1,1,1,1,1,1,5,1,1,14,11,1,1,,2,2
1,64,1,5,2005,3,7,8,1,2,1,1,1,1,1,1,5,1,1,14,6,1,6,26,2,2
6,64,1,8,2005,3,7,8,2,1,1,1,1,1,1,1,5,1,1,19,6,1,1,,1,1
5,28,1,1,2005,2,1,4,2,2,1,1,1,1,1,1,1,1,1,5,6,1,1,30,2,2
10,64,4,5,2005,4,1,1,2,2,1,2,1,1,1,1,3,1,1,9,5,1,1,,2,2
1,52,3,6,2005,2,1,1,2,2,1,1,1,1,1,1,2,1,2,8,6,1,1,,2,2
8,57,1,6,2005,4,1,1,2,,1,4,1,1,1,1,2,1,2,9,4,1,1,,1,2
9,63,4,4,2005,2,1,1,2,,1,1,1,1,1,1,1,1,2,9,6,1,1,,1,2
1,45,4,4,2005,2,1,1,2,2,1,1,1,1,1,1,4,1,2,9,6,1,1,,2,2
7,38,4,12,2005,3,7,1,2,2,1,1,1,1,1,1,1,1,2,10,6,1,1,,2,2
2,43,4,10,2005,3,1,1,2,2,1,1,1,1,1,1,1,1,1,10,6,1,1,,2,2
1,45,1,8,2005,4,7,1,2,2,1,1,1,1,1,1,1,1,2,10,6,1,1,,2,2
1,65,4,11,2005,4,3,1,2,2,1,3,1,1,1,1,2,1,2,9,7,,,,2,2
6,65,4,9,2005,2,3,1,2,2,1,1,2,1,1,1,2,1,2,14,6,1,7,45,,
8,67,4,8,2005,3,1,1,2,2,1,1,2,1,1,1,4,1,2,14,4,1,1,40,2,2
8,57,4,9,2005,4,7,2,2,1,1,3,1,1,1,1,4,1,2,14,11,1,1,,1,2
8,57,4,12,2005,3,1,1,2,2,1,1,1,1,1,1,1,1,2,8,11,1,7,,2,2
1,60,4,8,2005,3,1,1,2,,1,1,1,1,1,1,1,1,2,6,4,1,7,,2,2
2,61,4,9,2005,2,,,2,2,1,1,1,1,1,1,1,1,2,14,5,1,,,1,2
1,61,3,9,2005,2,1,1,2,2,1,2,1,1,1,1,1,1,2,14,5,1,1,35,2,2
3,61,4,10,2005,3,1,1,2,2,1,1,1,1,1,1,2,1,2,14,5,1,7,,2,2
1,61,4,12,2005,2,1,1,2,2,1,1,1,1,1,1,1,1,2,14,6,1,,,2,2
7,58,4,9,2005,4,2,1,2,2,1,4,1,1,1,1,4,1,2,2,8,1,1,25,2,2
3,58,4,10,2005,2,2,1,2,2,1,1,1,1,1,1,2,1,2,9,6,1,1,45,2,2
7,58,3,11,2005,3,1,1,2,2,1,1,1,1,1,1,4,1,2,9,6,1,1,32,2,2
7,58,4,12,2005,2,1,1,1,2,2,1,1,1,1,1,4,1,2,9,5,1,1,35,2,2
7,58,2,12,2005,1,7,1,2,2,1,3,1,1,1,1,1,1,2,9,6,1,1,35,2,2
6,58,3,12,2005,4,1,1,1,2,1,2,1,1,1,1,1,1,2,10,6,1,7,,2,1
1,58,2,12,2005,2,1,1,2,2,1,1,1,3,1,1,1,1,2,11,6,1,1,,2,2
1,61,4,8,2005,4,1,2,2,2,1,2,1,1,1,1,5,1,1,6,5,1,7,,2,2
8,63,1,9,2005,3,1,2,2,,1,1,1,1,1,1,1,1,2,11,2,1,1,,2,1
8,63,3,9,2005,4,2,1,2,2,1,1,1,1,1,1,1,1,2,14,5,1,1,38,2,2
11,63,4,9,2005,3,1,1,2,2,1,1,1,1,1,1,3,1,2,11,6,1,6,24,2,2
7,63,4,10,2005,3,1,1,2,2,1,1,1,1,1,1,1,1,2,,,,,,,
8,63,3,10,2005,3,,1,2,2,1,1,1,1,1,1,1,1,2,12,6,1,1,,2,2
6,63,4,10,2005,,,8,2,2,2,1,2,2,1,2,4,1,2,9,6,1,7,,2,1
13,63,4,11,2005,2,1,1,2,2,1,1,1,1,1,1,1,1,2,8,5,,,,,2
4,63,4,12,2005,2,1,1,2,2,1,1,1,1,1,1,3,1,2,19,4,1,1,25,1,2
1,58,4,8,2005,1,1,4,2,2,1,2,1,1,1,1,1,1,1,14,6,1,,,1,2
7,58,3,9,2005,3,7,1,2,2,1,1,1,1,1,1,1,1,2,8,6,1,1,,2,2
1,67,3,2,2005,3,4,4,2,2,1,1,4,1,1,1,1,1,1,5,10,1,7,45,2,2
8,67,1,1,2005,3,5,8,2,2,1,1,4,1,1,2,1,2,2,9,6,1,,,2,2
4,59,3,3,2005,2,1,8,1,,1,1,1,1,1,1,1,1,1,19,6,,7,,2,2
13,63,4,8,2005,4,1,1,2,2,2,4,1,2,1,1,4,1,2,9,6,1,,,2,2
4,63,4,8,2005,2,1,1,2,2,1,1,2,1,1,1,4,1,2,14,6,1,7,,1,2
11,63,3,8,2005,2,1,1,2,2,1,1,2,2,1,1,4,1,2,14,2,1,1,42,2,2
6,63,4,9,2005,3,7,1,2,2,1,1,1,1,1,1,4,4,2,9,6,1,7,45,2,2
8,63,4,11,2005,1,1,1,2,2,1,2,1,1,1,1,1,1,2,14,6,1,1,,,
1,61,1,6,2005,3,1,1,2,2,1,1,1,1,1,1,1,1,2,9,6,1,1,30,2,2
1,61,4,6,2005,2,1,1,2,2,1,1,1,1,1,1,1,1,1,9,6,1,1,35,2,2
1,61,3,6,2005,1,1,1,2,1,1,1,1,1,1,1,1,1,2,14,5,1,1,,2,2
8,67,3,6,2005,2,7,1,2,2,1,2,4,1,1,1,1,1,2,11,6,1,1,31,2,1