Thana,District,Accident_Severity,Month,Year,Time,Junction_Type,Traffic_Control,Movement,Divider,Weather,Light,Road_Geometry,Surface_Condition,Surface_Type,Surface_Quality,Road_Class,Road_Feature,Location_Type,Vehicle_Type,Vehicle_Movement,Vehicle_Loading,Vehicle_Defect,Vehicle_Driver_Age,Vehicle_Alcohol,Vehicle_Seat_Belt
1,9,1,5,2006,2,7,1,2,1,1,1,1,1,1,3,5,1,1,4,11,1,1,45,2,2
12,9,4,3,2006,3,7,8,2,2,1,1,1,1,1,3,1,1,2,9,2,1,7,,2,2
12,9,4,4,2006,2,7,1,2,2,1,1,1,1,1,1,2,1,2,14,11,1,7,28,2,2
12,9,4,3,2006,4,1,1,2,2,1,2,1,1,1,1,1,1,2,9,6,1,1,,1,2
12,9,4,7,2006,2,7,1,2,2,1,1,1,1,1,1,1,1,2,8,2,1,7,40,2,2
12,9,4,7,2006,2,1,1,2,1,1,1,1,1,1,1,1,1,1,14,6,1,1,33,2,2
12,9,4,8,2006,2,1,1,2,1,1,1,1,1,1,1,1,1,1,8,6,1,7,30,2,2
12,9,4,10,2006,3,7,1,2,2,1,1,1,2,1,1,1,1,2,9,4,1,7,42,2,2
10,9,4,7,2006,1,3,1,2,2,1,4,1,1,1,1,1,1,2,13,6,1,7,,2,2
11,9,4,11,2006,2,3,1,2,2,1,1,2,1,1,1,4,1,2,3,2,1,7,,2,2
1,2,4,4,2006,2,3,1,1,2,1,1,1,1,1,1,3,1,1,8,6,1,1,,2,2
1,2,4,4,2006,3,1,1,2,1,1,1,1,1,1,1,1,1,,14,6,1,1,,2,2
5,2,4,8,2006,3,1,1,2,2,1,1,1,1,1,1,2,1,2,9,6,1,1,,2,2
2,2,4,7,2006,2,1,1,2,2,1,1,1,1,1,1,4,1,2,14,6,1,1,32,1,2
2,2,4,10,2006,3,1,1,2,2,1,1,1,1,1,1,2,1,1,17,6,1,1,25,2,2
1,13,2,3,2006,3,7,8,2,2,1,1,1,1,1,1,3,4,1,17,11,1,7,23,2,2
1,13,4,12,2006,3,7,8,1,2,1,1,1,1,1,1,3,1,2,17,11,1,6,,2,2
1,10,4,1,2006,4,3,8,1,2,4,4,1,1,1,1,3,1,2,6,6,2,1,24,2,2
1,10,4,5,2006,4,7,1,2,2,1,2,1,1,1,1,2,1,2,13,6,1,1,28,2,2
3,13,4,5,2006,1,3,1,2,2,1,2,1,1,1,1,3,1,2,14,6,1,7,,1,2
8,13,4,2,2006,4,1,1,2,2,1,4,1,1,1,1,1,1,2,9,6,1,7,,1,2
8,13,1,8,2006,1,1,1,2,2,1,4,1,1,1,1,1,1,2,13,11,1,7,38,2,2
7,13,4,3,2006,4,4,1,2,2,1,4,1,1,1,1,2,1,2,8,6,1,3,,2,2
7,13,4,9,2006,2,1,8,1,2,1,1,1,1,1,1,2,1,1,13,6,1,1,,2,
5,13,4,6,2006,2,1,1,2,2,1,1,1,1,1,1,2,1,2,14,6,1,1,,2,2
9,13,1,5,2006,2,3,1,2,2,1,1,1,1,1,1,3,1,2,14,1,1,1,30,2,2
7,3,4,3,2006,3,1,1,2,2,1,1,2,1,1,1,2,1,1,4,5,1,7,35,2,1
7,3,2,6,2006,4,1,1,2,2,1,3,1,1,1,1,2,1,2,14,10,1,7,,2,2
7,3,4,6,2006,2,7,8,2,2,1,1,1,1,1,1,1,1,2,14,11,1,7,,2,2
1,3,4,6,2006,3,7,1,2,2,1,1,1,1,1,1,2,1,2,19,11,2,7,,1,2
10,3,4,4,2006,4,1,1,2,2,1,2,2,1,1,1,1,1,2,14,1,1,1,45,2,2
8,3,4,8,2006,3,7,3,2,2,1,1,1,1,1,1,1,1,2,8,11,1,1,42,2,2
12,3,4,8,2006,2,2,1,2,2,1,1,1,1,1,1,4,1,1,13,6,1,1,,2,2
12,3,4,10,2006,4,1,1,2,2,1,2,1,1,1,1,4,1,2,14,5,1,7,,2,2
4,3,4,10,2006,2,1,8,2,2,1,1,1,1,1,1,1,1,1,6,6,1,7,,2,2
13,3,4,3,2006,2,1,4,2,1,1,1,1,1,1,2,1,1,1,13,11,1,7,,2,2
13,3,3,4,2006,2,1,1,2,2,1,1,1,1,1,1,2,1,1,13,6,1,6,,2,2
13,3,4,5,2006,4,7,1,2,2,1,4,1,1,1,1,3,1,2,9,7,1,1,,1,2
6,3,4,8,2006,3,1,1,2,2,1,1,1,1,1,1,1,1,2,14,6,1,1,,2,2
9,3,4,1,2006,3,1,1,2,2,1,1,1,1,1,1,3,1,2,18,6,1,1,,2,2
11,16,3,1,2006,3,1,1,1,2,1,1,1,1,1,1,1,1,2,7,6,2,3,,2,2
11,16,4,5,2006,3,1,3,1,1,1,1,1,1,1,1,1,1,1,14,6,1,1,,2,2
11,16,3,5,2006,3,1,1,1,2,1,1,1,1,1,1,1,1,1,16,6,1,7,,2,2
11,16,4,5,2006,3,1,1,2,1,1,1,1,1,1,1,1,1,2,9,6,1,1,,2,2
11,16,2,6,2006,3,7,8,2,1,1,1,1,1,1,1,1,1,,9,6,1,1,,2,2
10,16,4,1,2006,1,1,1,2,2,1,2,3,1,1,2,1,2,,14,11,1,1,29,2,2
10,16,3,1,2006,3,2,1,2,2,1,1,1,1,1,1,1,1,2,10,6,1,1,40,2,2
10,16,4,4,2006,1,7,1,1,2,1,4,1,1,1,1,1,2,2,9,4,1,1,,2,2
10,16,4,8,2006,1,1,1,2,1,4,4,2,1,1,1,1,1,,9,4,1,1,,2,2
9,16,4,3,2006,2,2,3,2,2,1,1,1,1,1,1,1,1,1,13,6,1,1,,2,2
9,16,4,3,2006,2,7,3,2,1,1,1,1,1,1,1,1,1,2,9,2,1,1,,2,2
7,16,4,8,2006,2,1,1,1,2,1,1,2,1,1,1,1,1,1,14,3,1,7,45,2,2
1,15,4,5,2006,1,1,1,2,2,1,4,1,1,1,1,1,2,,14,5,1,1,30,2,2
1,15,4,6,2006,2,1,1,2,2,1,1,1,1,1,1,1,1,1,8,6,1,7,,2,2
1,15,4,6,2006,2,1,1,2,2,1,1,1,1,1,1,1,1,2,14,5,1,7,,2,2
1,15,1,7,2006,3,1,1,2,2,1,1,1,1,1,1,1,1,1,14,6,1,3,37,2,2
3,15,4,1,2006,2,7,1,2,1,1,1,1,1,1,1,1,1,2,14,1,1,1,30,2,
3,15,4,6,2006,2,7,8,2,2,1,2,2,1,1,1,1,1,2,13,4,1,7,,2,2
3,15,4,3,2006,1,1,8,2,2,1,4,1,1,1,1,1,1,2,13,5,1,1,,2,2
6,15,1,2,2006,2,2,1,2,2,4,1,1,1,1,1,1,1,2,14,6,1,1,45,2,2
6,15,4,5,2006,2,7,1,1,2,1,1,1,1,1,1,1,1,2,13,5,1,7,,2,2
6,15,4,6,2006,2,7,8,2,2,1,1,1,1,1,1,1,1,2,9,11,1,1,,2,2
4,15,3,4,2006,2,2,1,2,2,1,1,1,1,1,1,1,1,1,8,2,1,1,30,2,2
1,7,4,2,2006,4,1,1,2,2,1,2,1,1,1,1,2,1,1,9,6,1,1,,2,2
1,7,3,4,2006,3,7,1,2,2,1,1,1,1,1,1,3,1,1,14,5,1,1,42,2,2
1,7,4,6,2006,3,7,8,2,2,1,1,1,1,1,1,5,1,1,14,11,1,1,28,2,2
1,7,4,9,2006,3,1,1,2,2,1,1,1,1,1,1,1,1,2,8,11,1,1,34,2,2
1,7,3,12,2006,2,7,3,2,2,1,1,1,1,1,1,3,1,1,14,6,1,7,40,2,2
8,7,4,6,2006,2,2,1,1,1,1,1,1,1,1,1,2,2,,14,5,1,7,,2,2
10,7,4,3,2006,3,1,1,2,2,1,1,1,1,1,1,3,1,2,9,5,1,1,,2,2
4,7,3,6,2006,3,3,1,1,2,2,1,2,2,1,1,3,1,1,4,2,1,1,45,2,2
7,7,2,10,2006,3,7,1,2,2,1,1,1,1,1,1,2,1,2,8,4,1,7,32,2,2
5,5,3,1,2006,3,1,1,2,2,1,1,1,1,1,1,1,1,2,4,11,1,1,24,2,2
5,5,4,2,2006,2,1,2,2,1,1,1,1,1,1,1,1,2,2,4,5,1,1,,2,2
7,17,4,1,2006,4,1,1,2,1,4,4,1,1,1,3,3,2,,4,11,1,1,35,2,2
1,1,4,1,2006,2,1,1,2,2,1,1,1,1,1,1,1,1,2,8,6,1,1,30,2,2
1,1,3,3,2006,4,1,1,2,2,1,4,1,1,1,1,1,1,1,4,5,1,1,35,2,2
1,1,4,11,2006,3,1,1,2,1,1,1,1,1,1,1,1,1,2,13,5,1,1,35,2,2
1,4,3,1,2006,2,1,1,2,2,1,1,1,1,1,1,4,1,2,4,6,1,1,42,2,2
6,11,4,1,2006,3,3,1,2,2,1,1,1,1,1,1,3,1,2,14,1,1,1,38,2,2
6,11,1,2,2006,3,1,1,2,2,1,1,1,1,1,1,2,2,2,12,11,1,1,37,2,2
6,11,4,2,2006,4,2,1,2,2,1,2,1,1,1,1,1,3,2,13,5,2,7,,1,2
5,11,4,2,2006,2,1,1,2,2,1,1,1,1,1,1,2,1,2,4,6,1,1,22,2,2
5,11,4,3,2006,4,1,1,2,2,1,2,1,1,1,1,1,1,2,13,4,1,7,,1,2
12,3,4,11,2006,3,3,1,2,2,1,1,2,1,1,1,2,1,2,4,5,1,1,45,2,2
9,16,4,11,2006,4,3,1,2,2,4,4,1,1,1,1,2,2,2,13,6,1,7,48,1,2
1,15,4,11,2006,4,1,1,2,2,1,2,1,1,1,1,1,1,2,4,6,1,1,32,2,2
10,16,4,1,2006,3,1,5,2,1,1,1,1,1,1,1,1,1,2,12,6,1,1,,2,2
6,16,1,3,2006,3,1,1,2,2,1,1,1,1,1,1,1,1,2,14,5,1,1,45,2,2
12,9,4,6,2006,1,1,1,2,1,2,2,1,1,1,1,1,1,2,14,6,1,1,35,2,2
1,17,1,3,2006,3,1,1,2,2,1,1,1,1,1,1,1,1,2,13,7,1,1,32,2,2
1,17,4,10,2006,3,1,2,2,1,1,1,1,1,1,1,1,1,1,14,6,1,1,38,2,2
7,17,4,12,2006,2,1,4,2,1,2,2,1,1,1,1,1,1,2,9,5,2,1,,1,2
10,17,4,4,2006,3,7,8,1,2,1,1,1,1,1,1,3,1,2,9,6,2,7,,2,2
10,17,3,11,2006,4,7,8,2,2,1,4,1,1,1,1,1,1,2,14,6,2,7,45,2,2
8,17,4,12,2006,2,1,1,2,2,1,1,1,1,1,1,3,1,2,14,6,2,1,32,2,2
3,6,4,12,2006,2,1,1,2,2,4,1,2,1,1,1,2,1,2,14,6,1,1,,2,2
12,9,4,5,2006,2,7,1,2,1,1,1,2,1,1,1,1,1,1,14,6,1,7,,1,2
1,11,4,5,2006,3,1,1,2,2,1,1,1,1,1,1,2,1,2,14,6,1,1,,1,2
1,11,4,5,2006,3,1,1,2,2,1,1,1,1,1,1,3,3,2,14,4,1,1,32,2,2
1,11,4,8,2006,3,1,1,1,2,1,1,1,1,1,1,2,1,2,7,6,2,1,,1,2
1,11,4,9,2006,3,1,1,2,2,1,1,1,1,1,1,2,1,2,14,6,1,1,,1,2
1,11,3,10,2006,2,1,8,2,2,1,1,1,1,1,1,1,1,1,5,6,1,7,26,1,2
1,11,4,10,2006,4,1,1,2,2,1,2,1,1,1,1,2,1,2,9,6,1,7,,1,2
1,11,4,11,2006,3,1,1,2,1,1,1,1,1,1,1,2,1,2,17,1,1,1,25,1,2
2,11,4,3,2006,3,7,8,1,2,1,1,1,1,1,2,3,1,2,19,6,2,7,20,1,2
3,11,4,12,2006,3,7,1,2,2,1,1,1,1,1,1,3,1,2,7,6,1,1,30,2,2
6,11,3,5,2006,2,3,1,2,2,1,1,1,1,1,1,3,1,2,14,4,1,1,35,2,2
6,11,4,5,2006,3,1,1,2,2,1,1,1,1,1,1,3,2,2,14,4,1,7,,2,2
6,11,4,10,2006,3,7,1,2,2,1,1,1,1,1,2,4,1,2,13,6,1,7,,1,2
6,11,4,11,2006,2,7,1,2,2,1,1,1,1,1,1,2,1,2,9,6,1,7,,2,2
8,11,4,11,2006,3,7,1,2,2,1,1,1,1,1,1,4,1,1,14,11,2,7,,1,2
4,11,3,12,2006,2,3,1,2,2,1,1,1,1,1,1,2,1,2,17,11,2,1,48,2,2
10,7,4,8,2006,2,7,1,2,2,1,1,1,1,1,1,1,1,2,8,6,1,1,,2,2
9,7,4,8,2006,2,7,8,1,2,1,1,1,1,1,1,3,1,2,6,6,1,7,,2,2
1,15,4,8,2006,3,1,1,2,2,1,1,1,1,1,1,1,1,2,14,6,1,1,35,2,2
6,15,3,8,2006,2,5,3,2,2,1,1,1,1,1,1,1,1,2,7,4,2,1,,1,2
11,3,4,4,2006,2,1,7,2,2,1,1,1,1,1,1,4,1,2,6,11,1,7,,2,2
1,8,4,5,2006,2,1,1,2,2,1,1,1,1,1,1,3,1,2,9,6,1,7,,2,2
1,8,4,8,2006,3,1,1,1,1,1,1,1,1,1,1,1,1,2,13,5,1,1,38,1,1
1,8,4,12,2006,2,1,1,1,1,1,1,1,1,1,1,1,1,2,9,6,1,1,,1,1
1,8,4,12,2006,2,1,1,2,2,1,1,1,1,1,1,2,1,1,17,6,1,1,,2,2
7,8,4,6,2006,4,7,8,2,2,1,4,1,1,1,1,3,1,2,7,6,1,5,,1,2
7,8,4,6,2006,3,5,8,2,2,1,1,2,1,1,1,3,1,2,14,2,1,7,,2,2
7,8,4,7,2006,3,1,8,2,2,1,1,1,1,1,1,3,1,2,8,8,1,1,32,2,2
4,8,4,12,2006,3,2,1,2,2,3,1,1,1,1,1,1,1,1,9,6,1,7,35,2,2
3,8,3,10,2006,3,7,1,2,1,1,1,1,1,1,1,1,1,1,14,6,1,7,25,2,2
3,8,4,12,2006,4,1,1,2,1,1,2,1,1,1,1,4,1,1,4,6,1,7,,2,2
6,8,3,6,2006,3,1,1,1,2,1,1,1,1,1,1,1,1,2,14,6,1,7,,2,2
1,5,4,5,2006,4,3,4,2,2,1,4,1,1,1,1,1,1,1,9,6,1,1,,1,2
1,5,4,5,2006,3,1,1,2,2,1,1,1,1,1,1,1,1,2,1,6,1,1,,2,2
1,5,4,5,2006,3,1,1,2,2,1,1,1,1,1,1,1,1,2,9,6,1,1,39,2,2
1,5,4,6,2006,2,1,1,2,2,1,1,1,1,1,1,1,1,2,7,10,1,1,48,2,2
1,5,4,7,2006,3,1,1,2,1,1,1,1,1,1,1,1,1,,7,6,1,1,30,2,2
1,5,3,9,2006,3,2,1,2,2,1,1,1,5,1,1,2,1,1,1,6,1,1,,2,2
1,5,4,11,2006,2,3,1,2,2,1,1,1,1,1,1,1,1,1,14,6,1,1,,2,2
1,5,4,11,2006,3,1,1,2,2,1,1,1,1,1,1,1,1,1,14,4,1,2,,2,2
1,5,4,12,2006,3,1,1,2,2,4,1,1,2,1,1,3,4,2,14,5,1,1,,2,2
1,5,4,12,2006,2,1,1,2,2,1,1,1,1,1,1,2,1,1,8,5,1,1,,2,2
5,5,4,5,2006,2,1,1,2,2,1,1,1,1,1,1,1,1,2,14,5,2,1,,2,2
5,5,3,5,2006,2,1,1,2,2,1,1,1,1,1,1,1,1,2,9,5,1,1,,1,2
5,5,4,5,2006,3,1,1,2,2,1,1,1,1,1,1,1,1,1,14,5,1,1,,1,2
5,5,4,5,2006,3,1,1,2,2,1,1,1,1,1,1,1,1,2,14,6,1,1,,1,2
5,5,4,6,2006,3,1,1,2,2,1,1,1,1,1,1,1,1,2,9,6,1,1,,1,2
5,5,4,6,2006,4,1,1,2,2,1,4,1,1,1,1,1,1,2,14,5,1,1,,1,2
5,5,4,10,2006,4,1,1,2,2,1,2,1,1,1,1,1,1,2,9,6,1,1,,1,2
6,5,4,9,2006,3,1,1,2,2,1,1,1,1,1,1,2,1,2,9,6,1,1,53,2,2
7,5,4,10,2006,3,1,1,2,1,1,1,1,1,1,1,3,1,2,14,6,1,1,,2,2
2,5,4,1,2006,3,1,1,2,1,1,1,2,1,1,3,1,2,,4,1,1,1,,2,2
2,5,4,6,2006,2,1,1,2,1,1,1,1,1,1,1,3,1,1,14,6,1,1,45,2,2
8,5,3,12,2006,2,1,3,2,2,1,1,1,1,1,1,1,1,1,14,6,1,1,,1,2
5,4,4,2,2006,4,1,1,2,2,1,2,1,1,1,2,2,1,2,9,6,1,1,48,2,2
5,4,4,2,2006,2,1,1,2,2,1,1,1,1,1,1,2,1,2,13,6,1,1,32,2,2
1,2,4,5,2006,3,1,1,2,2,1,1,1,1,1,1,1,1,2,9,5,1,1,,2,2
11,15,4,11,2006,3,1,1,2,2,1,1,1,1,1,1,1,1,2,9,6,1,1,,2,2
5,2,4,7,2006,3,3,1,2,2,1,1,1,1,1,1,2,1,2,4,6,1,1,26,2,2
1,1,3,3,2006,2,1,1,2,2,1,1,1,1,1,1,1,1,1,14,6,1,1,,2,2
1,1,4,3,2006,2,1,1,2,2,1,1,1,1,1,1,1,1,2,14,6,1,1,,2,2
1,1,4,5,2006,3,1,1,2,2,1,1,1,1,1,1,1,1,1,14,6,1,1,40,2,2
3,1,4,4,2006,3,1,1,2,2,1,1,1,1,1,1,4,1,2,17,6,1,1,26,2,2
5,1,4,6,2006,2,1,1,2,2,1,1,1,1,1,1,1,1,2,12,5,2,1,,2,2
5,1,4,10,2006,3,1,1,2,2,1,1,1,1,1,1,1,1,2,14,6,1,1,,2,2
2,1,3,9,2006,3,1,1,2,2,1,1,1,1,1,2,3,1,2,8,6,1,1,35,2,2
2,6,2,1,2006,2,1,1,2,2,1,1,2,1,1,2,2,1,2,9,6,1,1,35,2,2
4,6,4,4,2006,4,1,1,2,2,1,4,2,1,1,2,1,1,2,7,6,1,1,,2,2
5,6,1,7,2006,3,1,1,2,1,1,1,1,1,1,1,2,1,1,17,6,1,1,,2,2
5,5,4,11,2006,3,1,1,2,2,1,1,1,1,1,1,1,1,2,9,6,1,1,,2,2
6,5,4,5,2006,1,1,1,2,2,2,2,1,2,1,2,1,1,2,9,6,1,1,58,2,2
6,5,4,10,2006,3,1,1,2,2,1,1,1,1,1,1,1,1,2,7,6,1,1,,2,2
8,5,3,4,2006,4,1,1,2,2,1,2,1,1,1,1,1,1,2,9,5,1,1,41,2,2
8,5,4,5,2006,4,2,1,2,2,1,4,1,1,1,1,1,1,2,4,6,1,1,,2,2
2,5,4,9,2006,3,1,1,2,2,1,1,1,1,1,1,3,1,2,17,6,1,1,,2,2
4,3,4,6,2006,2,7,8,2,1,1,1,2,1,1,1,1,1,2,8,1,1,1,,2,2
1,3,4,10,2006,3,1,1,1,2,1,1,1,1,1,1,4,1,2,6,5,1,7,,2,2
2,3,4,8,2006,2,7,8,1,2,1,1,1,1,1,1,2,1,1,6,6,1,7,30,1,2
13,3,4,9,2006,1,7,1,2,2,1,2,1,1,1,1,2,1,2,14,6,1,1,26,2,2
1,8,4,1,2006,2,1,1,2,2,1,1,1,1,1,1,2,4,1,9,6,1,1,40,2,2
1,8,4,2,2006,1,1,1,2,2,4,2,1,1,1,1,5,1,1,9,6,1,1,,2,2
4,8,4,1,2006,1,1,1,2,2,1,4,1,1,1,1,1,1,2,9,6,1,1,,2,2
3,8,3,9,2006,2,1,1,2,2,1,1,1,1,1,1,1,1,1,9,6,1,1,,2,2
3,8,4,10,2006,4,1,1,2,1,1,2,1,1,1,1,1,1,1,7,6,1,1,46,2,2
1,2,4,11,2006,3,1,1,2,2,1,1,1,1,1,1,1,1,2,9,6,1,1,,2,2
12,9,3,5,2006,1,1,1,2,2,1,2,1,1,1,1,1,1,2,9,4,1,1,,2,2
10,9,4,2,2006,3,1,1,2,2,1,1,1,1,1,2,1,1,2,6,4,2,1,,2,2
10,9,3,6,2006,1,1,1,2,2,1,4,1,1,1,2,1,1,2,19,6,1,1,30,2,2
11,9,4,3,2006,2,3,1,2,2,1,1,1,1,1,1,1,1,2,13,2,1,1,25,2,2
11,9,4,11,2006,1,1,1,2,2,4,4,1,1,1,1,1,1,2,14,10,1,1,30,2,2
2,9,4,12,2006,2,1,1,1,1,1,1,1,1,1,1,2,1,1,9,6,1,1,36,2,2
5,11,3,7,2006,4,1,1,2,2,1,4,1,1,1,1,3,1,2,14,6,1,1,,2,2
8,11,4,3,2006,2,1,1,2,2,1,1,1,1,1,1,2,1,2,13,6,1,1,,2,2
4,11,4,2,2006,3,1,1,2,2,1,1,1,1,1,1,2,1,2,19,6,2,6,,2,2
5,11,4,1,2006,2,1,1,2,2,1,1,1,1,1,1,2,1,2,9,1,1,1,,2,2
1,12,3,5,2006,4,1,1,2,2,1,4,2,1,1,1,3,1,2,14,2,1,1,,2,2
3,12,4,3,2006,2,1,1,2,2,1,1,1,1,1,1,3,1,2,17,6,1,1,,2,2
3,12,4,2,2006,2,1,1,2,2,1,1,1,1,1,1,3,1,2,14,6,1,1,,2,2
8,13,1,1,2006,2,1,1,2,2,1,1,1,1,1,1,1,1,2,14,6,1,1,,2,2
3,17,4,10,2006,3,1,1,2,2,1,1,1,1,1,1,1,1,2,14,2,1,1,,2,2
9,17,4,1,2006,2,1,1,1,1,1,1,1,1,1,2,4,1,2,8,6,1,1,,2,2
3,15,2,9,2006,3,1,1,2,2,1,1,1,1,1,1,1,1,2,4,6,1,1,,2,2
5,15,4,3,2006,3,1,1,2,2,1,1,1,1,1,1,3,1,2,13,6,1,1,,2,2
6,15,3,7,2006,3,1,1,2,2,1,1,1,1,1,1,3,1,2,8,6,1,1,,2,2
3,15,4,7,2006,1,1,1,2,2,1,4,1,1,1,1,1,1,2,7,6,1,1,25,2,2
9,16,4,1,2006,2,1,1,2,2,1,1,1,1,1,1,1,1,1,13,6,1,1,,2,2
6,16,4,11,2006,2,3,1,2,2,1,1,2,1,1,1,1,1,2,9,6,1,1,50,2,2
10,16,4,8,2006,3,1,1,2,2,1,1,1,1,1,1,1,1,2,9,3,1,1,35,2,2
4,14,4,2,2006,3,1,1,2,2,1,1,1,1,1,1,,1,1,14,2,1,1,22,2,2
4,14,4,2,2006,4,3,1,2,1,1,3,1,1,1,3,5,1,1,13,6,1,1,,2,2
4,14,4,3,2006,2,1,1,2,2,1,1,1,1,1,1,5,1,1,5,5,1,1,,2,2
1,14,4,2,2006,3,1,1,2,2,1,1,1,1,1,1,,1,1,9,6,1,4,,2,2
4,14,3,8,2006,2,1,1,2,1,1,2,1,1,1,1,,1,1,14,6,1,1,35,2,2
4,14,4,9,2006,2,1,1,2,2,1,1,1,1,2,1,,1,2,13,6,1,1,45,2,2
2,14,4,10,2006,2,3,2,2,1,1,1,1,1,1,1,1,1,1,8,5,1,6,28,2,2
2,14,4,5,2006,3,1,1,2,2,1,1,2,1,1,1,1,1,1,9,6,1,1,26,2,2
2,14,4,8,2006,1,1,1,2,2,2,4,1,2,1,1,1,1,2,9,6,2,1,,1,2
1,14,4,2,2006,3,1,1,2,1,1,1,1,1,1,1,5,1,1,14,6,1,1,34,1,2
1,14,1,6,2006,2,1,1,2,2,1,1,1,1,1,1,5,1,1,10,5,1,1,40,2,2
1,14,3,7,2006,4,3,1,2,2,1,2,1,1,1,1,2,1,1,8,6,1,1,39,2,2
1,14,4,12,2006,4,1,1,2,2,1,4,1,1,1,,1,1,1,9,6,1,1,,2,2
3,56,2,1,2006,4,1,2,2,2,4,2,1,1,1,1,1,1,2,14,6,,,,1,2
3,53,4,1,2006,4,7,4,2,2,1,3,1,1,1,1,3,1,2,13,6,1,,,2,2
9,56,3,1,2006,3,1,2,1,2,1,1,1,1,1,1,1,1,2,10,6,,,,,
4,55,3,2,2006,2,1,1,2,2,1,1,2,1,1,1,2,1,2,13,1,1,2,35,,
5,54,4,1,2006,2,,,2,2,1,1,,1,1,1,4,,,17,6,2,,,,
13,54,4,1,2006,3,1,1,2,2,1,1,1,1,1,1,1,1,2,9,5,1,,42,2,2
7,54,4,3,2006,3,7,1,2,2,1,1,1,1,1,1,3,1,2,6,1,1,,,,
1,54,2,2,2006,3,,,,,,,,,,,,,,14,11,1,1,25,,
1,54,1,1,2006,2,7,1,2,1,1,1,1,1,1,3,3,1,1,13,6,,,,,
1,54,1,1,2006,3,5,1,2,2,1,1,2,1,1,1,3,1,2,11,1,,,30,,
6,55,3,5,2006,2,1,1,2,2,1,1,1,1,1,1,4,1,2,13,6,1,1,27,2,2
8,56,3,7,2006,2,1,1,2,2,1,1,1,1,1,1,1,1,2,10,6,1,1,26,2,2
3,56,3,9,2006,1,1,1,2,1,1,2,1,1,1,1,1,1,2,14,6,1,7,,1,2
3,53,4,9,2006,4,1,2,2,2,1,4,2,1,1,1,4,1,2,5,1,1,2,18,2,2
13,54,4,6,2006,3,,1,2,2,1,1,1,1,1,1,1,2,,14,6,,,,,
12,54,4,7,2006,2,2,1,2,2,1,1,1,1,1,1,1,,,8,6,,1,,,
6,54,4,9,2006,4,1,1,2,2,1,4,1,1,1,1,5,1,2,14,4,1,,,,
3,53,4,11,2006,2,1,1,1,1,1,1,1,1,1,1,3,1,2,6,6,1,1,24,2,2
3,53,4,11,2006,2,3,1,2,2,1,1,1,1,1,1,4,1,2,8,6,,1,27,2,
4,55,4,10,2006,2,1,1,2,2,1,1,1,1,1,1,3,1,2,14,6,,,50,2,2
6,55,4,10,2006,3,1,1,2,2,1,1,1,1,1,1,1,1,2,12,11,1,1,,,
7,54,4,10,2006,3,1,1,1,,1,1,1,1,1,2,2,1,2,5,6,1,7,,2,2
1,53,2,12,2006,4,7,8,2,2,1,4,1,1,1,1,2,1,1,8,6,,,,,
7,55,4,11,2006,4,,,1,2,1,1,1,1,1,1,3,,2,9,6,,,35,,
8,54,4,10,2006,3,,1,2,2,1,1,2,1,1,1,4,1,2,13,6,,,35,,
2,28,3,8,2006,3,7,2,2,2,1,1,1,1,1,1,5,1,1,14,6,1,1,30,2,2
1,28,4,4,2006,2,2,4,2,2,1,1,1,1,1,1,3,1,1,14,3,1,1,35,2,2
2,28,3,8,2006,3,7,2,2,2,1,1,1,1,1,1,5,1,1,14,6,1,1,30,2,1
3,28,3,1,2006,2,7,8,2,2,1,1,1,1,2,1,5,1,1,7,11,2,7,25,2,2
4,28,1,8,2006,4,7,8,1,1,1,3,1,1,1,1,1,1,1,9,6,1,7,,1,2
4,28,3,9,2006,4,4,1,2,2,1,3,1,1,1,1,1,1,1,9,1,1,1,40,1,2
2,31,3,2,2006,4,1,1,2,2,4,4,1,2,1,1,3,1,2,9,6,1,1,40,2,2
10,34,4,10,2006,2,3,1,2,2,1,2,1,1,1,1,1,1,2,14,6,1,1,,2,2
7,63,4,1,2006,3,7,8,2,2,1,1,1,1,1,,1,1,2,9,11,1,1,,2,2
9,63,4,1,2006,1,1,1,2,1,1,1,1,1,1,1,3,1,2,13,1,1,1,,2,2
7,63,3,8,2006,3,3,4,2,2,1,1,2,1,1,1,1,1,2,8,4,1,1,,2,2
11,63,4,8,2006,2,1,1,2,2,1,1,1,1,1,1,4,1,2,9,6,1,1,45,2,2
14,63,4,6,2006,1,1,1,2,2,1,2,1,1,1,1,1,1,2,9,6,1,1,45,2,2
11,63,4,7,2006,3,,1,1,2,2,1,1,2,1,1,1,1,2,12,6,1,1,,2,2
12,47,4,2,2006,2,1,1,2,2,2,1,2,1,1,1,1,1,2,14,6,1,1,,2,1
5,35,4,5,2006,2,1,1,2,2,1,1,1,1,1,1,3,1,2,9,6,1,1,,2,2
9,51,3,3,2006,2,1,1,2,2,1,1,1,1,1,1,2,1,2,9,6,1,1,,2,2
1,52,3,3,2006,2,1,1,2,2,1,1,1,1,1,1,5,1,1,6,6,1,1,22,2,2
3,49,2,5,2006,4,1,1,2,2,1,4,1,1,1,1,2,1,1,14,1,1,1,,2,2
1,39,1,1,2006,3,1,1,2,2,1,1,1,1,1,1,3,1,2,9,6,1,1,30,2,2
1,39,3,5,2006,1,1,1,2,2,1,4,1,1,1,1,3,1,2,9,6,1,1,54,2,2
1,46,4,4,2006,2,1,1,2,2,1,1,1,1,1,1,1,1,2,14,6,1,1,,2,2
7,41,4,1,2006,2,3,1,2,2,4,2,1,1,1,1,4,1,2,14,2,1,1,,2,2