Thana,District,Accident_Severity,Month,Year,Time,Junction_Type,Traffic_Control,Movement,Divider,Weather,Light,Road_Geometry,Surface_Condition,Surface_Type,Surface_Quality,Road_Class,Road_Feature,Location_Type,Vehicle_Type,Vehicle_Movement,Vehicle_Loading,Vehicle_Defect,Vehicle_Driver_Age,Vehicle_Alcohol,Vehicle_Seat_Belt
3,44,4,1,2006,1,1,1,2,2,1,4,1,1,1,1,1,1,2,14,6,1,1,,2,2
7,44,4,2,2006,1,1,1,2,2,1,4,1,1,1,1,1,1,1,13,6,1,1,45,2,2
4,44,4,2,2006,2,1,1,2,2,1,1,1,1,1,1,2,1,2,8,6,1,1,,2,2
5,44,2,3,2006,3,1,1,2,2,1,1,1,1,1,1,1,1,2,9,6,1,1,,2,2
6,44,4,4,2006,2,1,1,2,2,1,2,1,1,1,1,3,1,2,14,5,1,1,,2,2
5,44,3,4,2006,1,1,1,2,2,1,2,1,1,1,1,1,1,2,14,6,1,1,,2,2
4,44,3,4,2006,3,1,1,2,2,1,1,1,1,1,1,2,1,2,16,6,1,1,30,2,2
6,44,4,5,2006,1,1,1,2,2,1,4,1,1,1,1,1,1,2,14,6,1,1,40,2,2
3,44,4,5,2006,2,1,1,2,2,1,1,1,1,1,1,1,1,2,14,6,1,1,40,2,2
6,46,3,7,2006,3,1,1,2,2,1,1,1,1,1,1,3,1,2,10,6,1,1,,2,2
1,45,3,1,2006,3,1,1,2,2,1,1,1,1,1,1,1,1,2,12,6,1,1,35,2,2
1,45,3,7,2006,3,1,1,2,2,1,1,1,1,1,1,1,1,2,4,6,1,1,45,2,2
1,47,4,3,2006,3,1,1,2,2,1,1,1,1,1,1,1,1,2,14,6,1,1,30,2,2
1,47,4,3,2006,3,1,1,2,2,1,1,1,1,1,1,1,1,2,9,4,1,1,,2,2
12,47,3,4,2006,3,1,1,2,2,1,1,1,1,1,1,1,1,2,9,5,1,1,,2,2
6,40,2,5,2006,3,1,1,2,2,1,1,1,1,1,1,1,1,2,9,6,1,1,,2,2
1,40,3,5,2006,2,1,1,2,2,1,1,1,1,1,1,1,1,2,12,6,1,1,30,2,2
3,40,4,5,2006,3,1,1,2,2,1,1,1,1,1,1,1,1,2,10,6,1,1,32,2,2
8,47,3,5,2006,1,1,1,2,2,1,4,1,1,1,1,1,1,2,14,6,1,1,30,2,2
1,47,4,5,2006,2,1,1,2,2,1,1,1,1,1,1,1,1,2,4,6,1,1,,2,2
11,47,3,5,2006,3,1,1,2,2,1,1,1,1,1,1,3,1,2,9,4,1,1,38,2,2
9,47,3,5,2006,3,1,1,2,2,1,1,1,1,1,1,1,1,2,14,7,1,1,40,2,2
11,47,4,6,2006,3,1,1,2,2,1,1,1,1,1,1,3,1,2,9,1,1,1,40,2,2
12,47,3,6,2006,2,1,1,2,2,1,1,1,1,1,1,1,1,2,9,6,1,1,,2,2
9,47,3,7,2006,3,1,1,2,2,1,1,1,1,1,1,1,1,2,9,6,1,1,34,2,2
1,44,4,7,2006,3,1,1,2,2,1,1,1,1,1,1,5,1,1,6,6,1,1,30,2,2
6,44,4,7,2006,1,1,1,2,2,1,2,1,1,1,1,1,1,2,15,6,1,1,52,2,2
7,44,3,7,2006,2,1,1,2,2,1,1,1,1,1,1,1,1,1,14,6,1,1,,2,2
5,44,3,7,2006,4,1,1,2,2,1,3,1,1,1,1,1,1,2,12,10,1,1,,2,2
7,41,3,3,2006,3,1,1,2,2,1,1,1,1,1,1,2,1,2,9,6,1,1,,2,2
1,46,4,8,2006,1,1,1,2,2,1,2,1,1,1,1,1,1,2,9,6,1,1,,2,2
1,46,4,8,2006,3,1,1,2,2,1,1,1,1,1,1,1,1,2,2,6,1,1,,2,2
3,46,3,8,2006,2,1,1,2,2,1,1,1,1,1,1,3,1,2,14,2,1,1,50,2,2
1,46,4,10,2006,3,1,1,2,2,1,1,1,1,1,1,1,1,2,9,6,1,1,,2,2
5,46,3,10,2006,2,1,1,2,2,1,1,1,1,1,1,1,1,2,14,6,1,1,35,2,2
5,46,4,10,2006,2,1,1,2,2,1,2,1,1,1,1,1,1,2,9,6,1,1,,2,2
3,40,4,10,2006,1,1,1,2,2,1,4,1,1,1,1,1,1,2,14,6,1,1,35,2,2
6,40,2,10,2006,1,1,1,2,2,1,1,1,1,1,1,1,1,2,14,6,1,1,,2,2
6,40,4,10,2006,1,1,1,2,2,1,4,1,1,1,1,1,1,2,9,6,1,1,,2,2
6,40,3,10,2006,1,1,1,2,2,1,4,1,1,1,1,1,1,2,8,6,1,1,,2,2
2,44,4,8,2006,2,1,1,2,2,1,2,1,1,1,1,1,1,2,14,5,1,1,,2,2
1,47,4,10,2006,2,1,1,2,2,1,2,1,1,1,1,1,1,2,14,6,1,1,,2,2
9,51,2,9,2006,3,1,1,2,2,1,2,1,1,1,1,2,1,2,14,6,1,1,,2,2
6,51,3,9,2006,4,1,1,2,2,1,2,1,1,1,1,3,1,2,17,6,1,1,,2,2
7,41,4,7,2006,2,1,1,2,2,1,1,1,1,1,1,1,1,2,9,6,1,1,30,2,2
7,41,3,7,2006,3,1,1,2,2,1,1,1,1,1,1,3,1,2,14,6,1,1,35,2,2
1,41,4,10,2006,3,1,1,2,2,1,1,1,1,1,1,1,1,2,14,6,1,1,50,2,2
5,43,2,1,2006,2,1,1,2,2,1,1,1,1,1,1,3,1,2,6,6,1,1,,2,2
2,43,4,2,2006,2,1,1,2,2,1,1,1,1,1,1,1,1,2,8,6,1,1,,2,2
2,43,2,3,2006,2,1,1,2,2,1,1,1,1,1,1,1,1,2,9,6,1,1,,2,2
2,43,4,5,2006,3,1,1,2,2,1,1,1,1,1,1,1,1,2,8,6,1,1,,2,2
1,43,3,6,2006,4,1,1,2,2,1,1,1,1,1,1,3,1,2,9,6,1,1,25,2,2
5,43,3,7,2006,2,1,1,2,2,1,1,1,1,1,1,1,1,2,12,6,1,1,,2,2
2,43,4,8,2006,2,1,1,2,2,1,1,1,1,1,1,1,1,2,14,6,1,1,,2,2
4,43,3,10,2006,2,1,1,2,2,1,1,1,1,1,1,1,1,2,9,6,1,1,,2,2
5,50,4,4,2006,3,1,1,2,2,1,1,1,1,1,1,3,1,2,9,6,1,1,40,2,2
2,50,3,10,2006,4,1,1,2,2,1,1,1,1,1,1,1,1,2,9,6,1,1,,2,2
1,38,4,7,2006,,1,1,2,2,1,1,1,1,1,1,3,1,2,8,6,1,1,,2,2
6,38,4,9,2006,4,1,1,2,2,1,4,1,1,1,1,1,1,2,9,6,1,1,,2,2
6,38,4,10,2006,1,1,1,2,2,1,1,1,1,1,1,1,1,2,9,6,1,1,,2,2
2,50,4,11,2006,2,1,1,2,2,1,1,1,1,1,1,1,1,2,9,6,1,1,,2,2
1,38,3,11,2006,4,1,1,2,2,1,2,1,1,1,1,1,1,2,10,10,1,1,30,2,2
5,44,3,9,2006,1,1,1,2,2,1,4,1,1,1,1,1,1,2,14,2,1,1,,2,2
5,44,3,9,2006,3,1,1,2,2,1,1,1,1,1,1,1,1,2,9,6,1,1,,2,2
6,44,4,10,2006,4,1,1,2,2,1,4,1,1,1,1,2,1,2,5,1,1,1,,2,2
7,44,4,10,2006,4,1,1,2,2,1,4,1,1,1,1,1,1,2,9,6,1,1,35,2,2
1,41,2,11,2006,2,1,1,2,2,1,2,1,1,1,1,1,1,2,14,6,1,1,,2,2
7,41,3,11,2006,3,1,1,2,1,1,1,1,1,1,1,2,1,1,9,6,1,1,,2,2
4,43,2,12,2006,2,1,1,2,2,1,1,1,1,1,1,1,1,2,9,6,1,1,,2,2
2,43,2,12,2006,2,1,1,2,2,1,1,1,1,1,1,1,1,2,9,6,1,1,,2,2
2,43,4,12,2006,3,1,1,2,2,1,1,1,1,1,1,1,1,2,14,6,1,1,,2,2
3,51,4,12,2006,4,1,1,2,2,1,4,1,1,1,1,3,1,2,9,6,1,1,40,2,2
3,39,4,12,2006,3,1,1,2,2,1,1,1,1,1,1,1,1,2,14,6,1,1,45,2,2
12,50,3,12,2006,3,1,1,2,2,1,1,1,1,1,1,1,1,2,9,6,1,1,,2,2
9,50,1,12,2006,2,1,1,2,2,1,1,1,1,1,1,2,1,2,9,6,1,1,40,2,2
6,40,4,12,2006,3,1,1,2,2,1,1,1,1,1,1,1,1,2,13,6,1,1,,2,2
12,47,4,12,2006,2,1,1,2,2,1,1,1,1,1,1,1,1,2,14,6,1,1,45,2,2
9,47,4,12,2006,1,1,1,2,2,1,2,1,1,1,1,1,1,2,13,6,1,1,39,2,2
1,46,4,11,2006,2,1,1,2,2,1,1,1,1,1,1,1,1,2,14,6,1,1,,2,2
1,46,4,11,2006,1,1,1,2,2,1,2,1,1,1,1,1,1,2,9,6,1,1,,2,2
2,46,3,4,2006,1,1,1,2,2,1,3,1,1,1,1,1,1,2,7,6,1,1,45,2,2
3,46,4,4,2006,2,1,1,2,2,1,1,1,1,1,1,2,1,2,6,6,1,1,,2,2
3,46,2,8,2006,2,1,1,2,2,1,1,1,1,1,1,2,1,2,14,6,1,1,,2,2
4,35,4,12,2006,4,1,1,2,2,1,4,1,1,1,1,1,1,2,9,6,1,1,,2,2
9,42,3,4,2006,1,1,4,2,1,1,3,1,1,1,1,5,1,1,12,6,1,1,,2,2
6,42,4,4,2006,2,1,1,2,2,1,1,1,1,1,1,5,1,1,14,6,,,,,2
29,42,2,12,2006,3,1,1,1,1,1,1,1,1,1,1,5,1,1,10,6,,,,,
24,42,3,1,2006,3,1,1,2,2,1,1,1,1,1,1,1,1,1,9,6,,,28,,2
24,42,4,7,2006,4,1,1,2,2,1,3,1,1,1,1,1,1,1,10,6,,,,,
6,42,4,12,2006,1,1,1,2,2,4,2,1,1,1,1,5,1,1,14,6,2,1,,2,2
18,42,3,12,2006,1,3,1,1,1,1,3,1,1,1,1,5,1,1,14,6,,,,,2
28,42,3,8,2006,2,2,1,1,1,1,1,1,1,1,1,5,1,1,14,6,,,,,2
25,42,4,1,2006,4,1,1,2,2,1,3,1,1,1,1,5,1,1,9,6,,,,,2
25,42,4,5,2006,2,1,1,2,2,1,1,1,1,1,1,5,1,1,10,6,,,,,2
23,42,3,8,2006,2,3,4,1,1,1,1,1,1,1,1,1,1,1,9,6,,,25,,2
6,5,4,2,2006,3,1,1,2,2,1,1,1,1,1,1,1,1,2,9,6,1,1,,2,2
2,31,4,4,2006,4,7,7,2,2,1,2,1,1,1,1,2,1,2,6,10,1,1,40,2,2
4,34,3,6,2006,3,1,1,2,2,1,1,2,1,1,1,1,1,2,8,2,1,1,35,2,2
17,42,2,1,2006,4,2,6,1,1,1,3,1,1,1,1,5,1,1,14,6,1,1,,2,2
9,42,2,2,2006,3,1,1,1,1,1,1,1,1,1,1,5,1,1,12,6,1,1,,2,2
2,42,2,1,2006,3,3,1,1,1,1,1,1,1,1,1,5,1,1,9,6,1,1,,2,2
12,42,2,1,2006,4,1,1,2,1,1,3,1,1,1,1,5,1,1,9,6,1,1,,2,2
17,42,2,5,2006,2,1,4,1,1,1,1,1,1,1,1,5,1,1,10,6,1,,,,
8,42,3,4,2006,3,1,4,1,1,1,1,1,1,1,1,5,1,1,19,6,,,,,
1,42,2,2,2006,2,1,4,1,1,1,1,1,1,1,1,5,1,1,15,6,,,,,2
1,42,2,2,2006,2,1,4,1,1,1,1,1,1,1,1,5,1,1,9,6,,,,,2
1,42,2,5,2006,3,1,4,1,1,1,1,1,1,1,1,5,1,1,9,6,,,,,2
1,42,2,5,2006,4,5,4,2,1,1,3,1,1,1,1,5,1,1,9,6,,,,,2
9,42,2,2,2006,4,4,2,2,1,3,1,1,1,1,1,5,1,1,11,6,1,1,40,2,2
9,42,2,4,2006,4,1,1,2,2,1,3,1,1,1,1,5,1,1,12,6,1,1,,2,2
9,42,2,4,2006,4,1,4,2,1,1,1,3,1,1,1,5,1,1,8,6,1,1,,2,2
9,42,2,5,2006,4,1,4,2,1,1,3,1,1,1,1,5,1,1,7,6,1,1,40,2,2
9,42,2,5,2006,3,3,4,2,1,1,1,1,1,1,1,5,1,1,10,6,1,1,,2,2
6,42,2,6,2006,4,1,4,2,1,1,3,1,1,1,1,5,1,1,14,6,1,1,48,,2
1,42,3,6,2006,3,1,1,1,1,1,1,1,1,1,1,5,1,1,8,6,,,28,,2
1,42,3,6,2006,2,3,1,1,1,1,1,1,1,1,1,5,1,1,11,6,,,,,
1,42,2,6,2006,4,2,4,1,1,1,3,1,1,1,1,5,1,1,9,6,,,,,2
1,42,2,6,2006,4,1,4,1,1,1,2,1,1,1,1,5,1,1,8,6,,,25,,2
1,42,2,7,2006,3,1,1,1,1,1,1,1,1,1,1,5,1,1,10,6,,,50,,
1,42,2,7,2006,3,2,1,1,1,1,1,1,1,1,1,5,1,1,11,6,,,,,2
12,42,4,2,2006,1,1,1,2,1,1,2,1,1,1,1,5,1,1,14,6,,,,,2
12,42,4,3,2006,4,1,1,2,1,1,3,1,1,1,1,5,1,1,15,6,,,,,2
12,42,2,3,2006,4,1,1,2,1,1,1,1,1,1,1,5,1,1,7,6,,,24,,2
9,42,2,6,2006,2,3,4,1,1,1,1,1,1,1,1,5,1,1,8,6,,,,,2
9,42,4,8,2006,1,1,1,2,2,1,3,1,1,1,1,5,1,1,14,6,,,,,2
11,42,3,4,2006,2,3,4,2,1,1,1,1,1,1,1,5,1,1,8,6,1,1,34,2,2
11,42,3,7,2006,2,1,1,1,1,1,1,1,1,1,1,5,1,1,14,6,2,1,,2,2
27,42,2,2,2006,2,2,1,1,1,1,1,1,1,1,1,5,1,1,7,6,1,7,28,2,2
2,42,2,3,2006,3,1,4,1,1,1,1,1,1,1,1,5,1,1,9,6,,,28,,2
2,42,3,6,2006,4,1,1,1,1,1,3,1,1,1,1,5,1,1,9,6,,,30,,2
1,42,2,8,2006,2,1,1,1,1,1,3,1,1,1,1,5,1,1,11,6,,,25,,
2,42,3,8,2006,3,2,4,1,1,1,1,1,1,1,1,5,1,1,8,6,,,,,2
1,42,2,9,2006,2,3,4,1,1,1,1,1,1,1,1,5,1,1,8,6,,,30,,2
1,42,3,9,2006,1,1,1,1,1,1,3,1,1,1,1,5,1,1,8,6,,,,,2
1,42,2,10,2006,2,2,4,1,1,1,1,1,1,1,1,5,1,1,8,6,,,,,2
9,42,2,9,2006,4,1,1,1,1,1,3,1,1,1,1,5,1,1,15,6,,,,,2
21,42,2,2,2006,2,1,1,2,2,1,1,1,1,1,1,5,1,1,8,6,,,,,2
12,42,3,7,2006,2,3,4,1,1,1,1,1,1,1,1,5,1,1,9,6,2,1,30,,2
12,42,4,9,2006,2,1,1,2,1,1,1,1,1,1,1,5,1,1,10,6,1,1,,2,2
2,42,3,8,2006,2,1,1,1,1,1,1,1,1,1,1,5,1,1,9,6,,,,,2
8,42,2,9,2006,3,1,1,1,1,1,1,1,1,1,1,5,1,1,8,6,,,,,2
29,42,3,8,2006,3,1,1,1,1,1,1,1,1,1,1,5,1,1,8,6,,,,,2
29,42,2,9,2006,3,2,4,1,1,1,1,1,1,1,1,5,1,1,9,6,,,,,2
29,42,2,11,2006,3,2,4,1,1,1,1,1,1,1,1,5,1,1,8,6,,,,,2
24,42,3,7,2006,3,1,4,2,2,1,2,1,1,1,1,1,1,1,9,6,,,,,2
14,42,1,4,2006,3,2,4,1,1,1,1,1,1,1,1,1,1,1,9,6,,,,,2
14,42,2,9,2006,1,3,4,1,1,1,3,1,1,1,1,1,1,1,8,6,,,,,2
14,42,4,10,2006,2,1,4,1,1,1,1,1,1,1,1,1,1,1,9,6,,,,,2
14,42,2,11,2006,2,2,4,1,1,1,1,1,1,1,1,1,1,1,10,6,,,,,2
14,42,4,12,2006,1,1,1,1,1,1,3,1,1,1,1,1,1,1,5,6,,,,,2
16,42,3,7,2006,2,4,2,1,1,1,1,1,1,1,1,5,1,1,8,6,,,19,,2
28,42,4,1,2006,2,1,1,1,1,1,1,1,1,1,1,5,1,1,9,6,,,,,2
28,42,2,4,2006,2,1,1,1,1,1,1,1,1,1,1,5,1,1,9,6,,,,,2
28,42,2,4,2006,3,2,4,1,1,1,1,1,1,1,1,5,1,1,9,6,,,,,2
22,42,2,3,2006,2,3,4,1,1,1,1,1,1,1,1,1,1,1,8,6,,,,,2
22,42,3,3,2006,2,2,4,1,1,1,1,1,1,1,1,1,1,1,8,6,,,,,2
22,42,4,6,2006,2,1,4,1,1,1,1,1,1,1,1,1,1,1,8,6,,,,,2
22,42,2,8,2006,4,1,1,1,1,1,3,1,1,1,1,1,1,1,7,6,,,,,2
22,42,4,8,2006,2,3,4,1,1,1,1,1,1,1,1,1,1,1,9,6,,,,,2
22,42,2,8,2006,2,1,1,1,1,1,1,1,1,1,1,1,1,1,19,6,,,28,,2
22,42,2,12,2006,2,1,1,2,1,1,1,1,1,1,1,1,1,1,9,6,,,,,2
10,42,2,1,2006,3,1,2,1,1,1,1,1,1,1,1,5,1,1,9,6,,,,,2
10,42,4,2,2006,1,2,4,1,1,1,3,1,1,1,1,5,1,1,14,6,,,,,2
10,42,3,6,2006,1,1,1,1,1,1,3,1,1,1,1,5,1,1,9,6,,,,,2
10,42,2,6,2006,2,3,4,1,1,1,1,1,1,1,1,5,1,1,7,6,,,,,2
1,42,3,11,2006,2,2,4,1,1,1,1,1,1,1,1,5,1,1,9,6,,,,,2
1,42,2,11,2006,1,1,4,1,1,1,2,1,1,1,1,5,1,1,7,6,,,,,2
1,42,2,11,2006,2,2,4,1,1,1,1,1,1,1,1,5,1,1,19,6,,,,,2
9,42,2,11,2006,3,1,4,1,1,1,1,1,1,1,1,5,1,1,9,6,,,,,2
9,42,2,11,2006,2,3,4,1,1,1,1,1,1,1,1,5,1,1,9,6,,,23,,2
9,42,2,12,2006,3,1,1,1,1,1,1,1,1,1,1,5,1,1,10,6,,,,,
11,42,2,12,2006,4,3,4,1,1,1,3,1,1,1,1,5,1,1,9,6,,,,,2
23,42,2,6,2006,2,3,1,1,1,1,1,1,1,1,1,1,1,1,9,6,,,,2,2
23,42,3,9,2006,4,1,1,1,1,1,3,1,1,1,1,1,1,1,10,6,,,,,
1,42,3,8,2006,2,2,4,1,1,1,1,1,1,1,1,5,1,1,8,6,,,,,2
4,34,1,2,2006,1,4,2,2,2,1,4,1,1,1,1,1,1,2,14,6,1,1,45,2,2
14,63,4,3,2006,3,,1,2,2,1,1,1,1,1,1,1,1,2,14,6,,,,2,2
7,60,4,12,2006,2,1,3,2,2,1,1,1,1,1,1,2,1,2,14,6,1,1,,2,2
8,63,4,6,2006,4,1,1,2,2,2,4,1,2,1,1,1,1,2,13,6,1,1,,2,2
8,63,4,8,2006,2,,1,1,,1,1,1,1,1,1,1,1,2,15,6,1,7,,2,2
7,58,4,10,2006,4,1,1,2,2,1,4,1,1,1,1,1,1,2,14,6,1,1,,2,2
1,57,3,8,2006,4,1,1,2,2,1,3,1,1,1,1,1,1,2,14,6,1,1,,2,2
3,57,2,3,2006,2,1,1,2,2,1,1,1,1,1,1,1,1,2,10,6,1,1,,2,2
1,66,4,4,2006,3,,1,2,2,1,1,1,1,1,1,4,1,2,7,6,1,1,28,1,2
9,66,3,10,2006,2,,1,2,,1,1,1,1,1,1,2,1,2,8,,2,,,,
2,61,4,10,2006,4,7,8,2,2,1,4,1,1,1,1,1,1,2,14,11,1,2,50,2,2
1,59,4,5,2006,4,1,1,2,,1,4,1,1,1,1,1,1,2,14,6,1,1,32,2,2
1,61,4,3,2006,2,1,1,2,2,1,2,1,,1,1,1,1,2,9,6,1,1,36,1,2
1,61,4,3,2006,1,1,1,2,2,1,3,1,1,1,1,1,1,1,14,6,1,1,,2,2
1,61,4,8,2006,4,1,1,2,1,1,1,1,1,1,1,4,1,1,14,6,1,1,,2,2
2,65,3,8,2006,2,1,2,2,2,1,1,4,1,1,1,4,1,2,8,5,1,1,47,2,2
1,63,4,6,2006,3,1,1,2,2,1,1,1,1,1,1,1,1,2,6,6,1,1,35,2,2
8,63,4,6,2006,2,1,1,2,2,1,1,1,1,1,1,1,1,2,9,6,1,3,36,1,2
8,63,4,5,2006,3,3,1,2,2,1,1,1,1,1,1,1,1,2,9,6,1,1,,2,2
2,35,4,5,2006,3,1,1,2,2,1,1,1,1,1,1,2,1,2,14,6,1,1,46,2,2
7,44,4,5,2006,2,1,1,2,2,1,1,1,1,1,1,1,1,2,10,6,1,1,,2,2
9,42,4,1,2006,2,2,6,1,1,1,2,1,1,1,1,5,1,1,8,6,1,1,,2,2
9,42,3,2,2006,4,1,1,1,1,1,3,1,1,1,1,5,1,1,12,6,1,1,,2,2
8,42,2,1,2006,1,7,4,2,2,1,1,1,1,1,1,5,1,1,10,6,,,,,
1,42,2,4,2006,2,1,1,1,1,1,1,1,1,1,1,5,1,1,12,6,,,,,2
1,42,3,5,2006,3,3,4,1,1,1,1,1,1,1,1,5,1,1,9,6,,,,,2
9,42,2,4,2006,4,2,4,2,1,1,3,1,1,1,1,5,1,1,10,6,1,1,,2,2
9,42,2,3,2006,4,2,4,2,1,1,3,1,1,1,1,5,1,1,9,6,1,1,,2,2
9,42,2,5,2006,4,1,4,2,1,1,1,1,1,1,1,5,1,1,9,6,1,1,,2,2
1,42,2,6,2006,3,2,4,1,1,1,1,1,1,1,1,5,1,1,15,7,,,,,2
12,42,3,3,2006,1,3,4,2,1,1,3,1,1,1,1,1,1,1,14,6,,,,,2
9,42,2,6,2006,3,2,4,2,2,1,1,1,1,1,1,5,1,1,10,3,,,,,
9,42,3,7,2006,3,1,4,1,1,1,1,1,1,1,1,5,1,1,12,6,,,,,2
2,42,2,5,2006,3,3,4,1,1,1,1,1,1,1,1,5,1,1,9,6,,,,,2
1,42,2,9,2006,3,2,4,,,1,1,1,1,1,1,5,1,1,4,6,,,25,1,2
9,42,2,9,2006,4,2,4,1,1,1,3,1,1,1,1,5,1,1,7,6,,,,,2
9,42,3,10,2006,4,3,4,1,1,1,3,1,1,1,1,5,1,1,14,6,,,,,2
18,42,2,2,2006,4,3,4,1,1,1,3,1,1,1,1,5,1,1,14,6,1,6,,2,2
18,42,2,3,2006,4,3,1,1,1,1,3,1,1,1,1,5,1,1,14,6,2,6,,,2
18,42,2,4,2006,2,1,4,1,1,1,1,1,1,1,1,5,1,1,8,7,,,,,2
18,42,2,8,2006,3,2,4,1,1,1,1,1,1,1,1,5,1,1,15,6,,,32,,2
12,42,3,10,2006,2,3,4,2,1,1,1,1,1,1,1,5,1,1,9,6,1,1,,2,2
11,42,3,9,2006,3,1,1,1,1,1,1,1,1,1,1,5,1,1,11,6,,,,,
14,42,4,10,2006,1,3,4,1,1,1,3,1,1,1,1,1,1,1,9,6,,,,,2
15,42,4,3,2006,3,1,1,2,2,1,1,1,1,1,1,5,1,1,13,6,,,,,2
15,42,3,8,2006,2,1,1,2,2,1,1,1,1,1,1,5,1,1,12,6,,,,,2
16,42,3,1,2006,1,3,1,1,1,1,2,1,1,1,1,5,1,1,8,6,,,,,2
28,42,2,9,2006,1,2,4,1,1,1,1,1,1,1,1,5,1,1,9,6,,,28,,2
10,42,3,3,2006,3,3,1,2,1,1,1,1,1,1,1,1,1,1,14,6,,,,,2
10,42,3,7,2006,2,3,4,1,1,1,1,1,1,1,1,5,1,1,9,6,,,,,2
10,42,2,9,2006,4,3,1,1,1,1,3,1,1,1,1,5,1,1,14,6,,,27,,2
9,42,3,11,2006,3,1,1,1,1,1,1,1,1,1,1,5,1,1,5,6,,,45,,2
23,42,3,4,2006,3,1,1,1,1,1,1,1,1,1,1,1,1,1,9,4,,,28,2,2
1,18,4,10,2006,3,1,1,1,2,1,1,1,1,1,1,1,1,2,9,6,1,7,,2,2
1,19,4,1,2006,3,1,1,1,2,1,1,1,1,1,1,4,1,2,8,1,1,1,,2,2
2,19,4,1,2006,2,1,1,1,2,4,1,1,1,1,1,2,1,2,9,6,2,7,35,2,2
3,26,4,1,2006,3,1,1,2,2,1,1,1,1,1,1,4,1,2,6,6,1,7,,2,2
4,26,4,4,2006,3,1,1,2,2,1,1,1,1,1,1,2,1,2,8,6,1,1,,2,2
4,26,4,8,2006,3,1,1,2,1,1,1,1,1,1,1,1,1,2,14,1,1,1,35,2,2
5,26,4,7,2006,3,1,1,2,2,1,1,1,1,1,1,1,1,2,9,6,1,1,,2,2
8,26,4,7,2006,2,1,1,2,2,1,1,1,1,1,1,1,1,1,8,6,1,1,33,2,2
2,20,1,6,2006,3,1,1,1,2,1,1,2,1,1,1,3,1,2,14,4,1,1,,2,2
1,24,4,4,2006,3,3,1,1,2,1,1,1,1,1,1,1,1,2,8,6,1,1,,2,2
1,24,1,6,2006,2,1,1,2,2,1,1,1,1,1,1,1,1,2,9,6,1,1,,2,2
7,24,4,5,2006,4,7,1,2,1,2,2,1,1,1,2,2,1,2,14,6,2,7,,2,2
1,22,4,4,2006,3,1,1,2,2,1,1,1,1,1,1,1,1,2,9,6,1,6,42,2,2
1,22,4,9,2006,3,1,1,2,2,1,1,1,1,1,1,1,1,2,14,6,1,1,,2,2
1,22,4,12,2006,2,1,1,2,2,4,1,1,1,1,1,1,1,2,9,6,1,1,,2,2
2,22,1,12,2006,2,3,1,1,2,1,1,2,1,1,1,4,1,2,14,2,1,1,30,2,2
1,23,4,12,2006,2,1,1,2,2,1,1,1,1,1,1,2,1,2,9,6,1,1,38,2,2
2,23,4,9,2006,3,3,1,2,2,1,1,1,1,1,1,4,1,2,4,6,1,1,,2,2
1,29,3,10,2006,4,1,1,1,2,1,4,2,1,1,1,2,1,2,9,6,1,7,45,2,2
3,29,4,3,2006,1,1,1,1,2,1,2,1,1,1,1,1,1,2,14,6,1,1,40,2,2
3,29,4,10,2006,3,1,1,2,2,1,1,1,1,1,1,2,1,2,14,6,1,1,35,2,2
3,21,4,3,2006,2,1,1,1,2,1,1,1,1,1,1,1,1,2,14,6,2,7,40,2,2
12,9,1,6,2006,3,7,1,2,2,1,1,1,1,1,1,1,1,2,9,4,1,5,,2,2
12,9,4,2,2006,3,1,1,2,2,1,1,1,1,1,3,1,1,2,14,6,1,1,35,2,2
12,9,4,3,2006,1,1,1,2,2,1,4,1,1,1,1,1,1,2,9,6,1,1,,1,2
12,9,4,7,2006,1,1,1,2,1,1,4,1,1,1,1,1,1,2,9,6,1,3,40,1,2
12,9,4,6,2006,2,1,1,2,1,2,1,1,2,1,1,1,1,2,14,6,1,1,,1,2
10,9,4,1,2006,2,1,1,2,2,4,1,1,1,1,2,1,1,2,9,6,1,1,48,2,2
6,9,3,6,2006,2,7,1,2,2,1,1,2,1,1,1,2,1,2,8,6,1,1,,2,2
1,2,4,2,2006,4,1,1,2,1,2,2,1,1,1,1,1,1,2,17,6,1,1,28,2,2
1,2,4,7,2006,4,1,1,2,2,1,4,1,1,1,1,1,1,2,9,6,1,1,38,2,2
1,2,4,12,2006,2,1,1,2,2,1,1,1,1,1,1,1,1,2,9,5,1,1,,2,2
1,13,4,7,2006,2,1,1,2,2,1,1,1,1,1,1,3,1,1,14,6,1,1,,2,2
8,13,2,1,2006,1,3,8,1,2,1,2,1,1,1,1,1,1,2,14,8,2,7,42,1,2
2,13,3,7,2006,3,7,1,2,2,1,1,1,1,1,1,3,1,2,11,4,1,2,35,2,2
2,13,4,12,2006,3,1,1,1,2,1,1,2,1,1,1,3,1,2,1,1,1,1,,2,2
9,13,1,3,2006,2,1,1,2,2,1,1,1,1,1,1,3,1,2,13,5,2,7,32,1,2
1,3,4,8,2006,3,1,1,2,2,1,1,1,1,1,1,2,1,2,8,5,2,6,,2,2
6,3,4,8,2006,2,1,1,2,2,1,1,1,1,1,1,1,1,2,14,6,1,1,35,1,2
11,16,4,8,2006,3,1,1,2,1,1,1,1,1,1,1,1,2,,9,6,1,1,38,2,2
11,16,3,8,2006,2,1,1,2,2,1,1,1,1,1,1,1,1,2,14,6,1,1,35,2,2