Thana,District,Accident_Severity,Month,Year,Time,Junction_Type,Traffic_Control,Movement,Divider,Weather,Light,Road_Geometry,Surface_Condition,Surface_Type,Surface_Quality,Road_Class,Road_Feature,Location_Type,Vehicle_Type,Vehicle_Movement,Vehicle_Loading,Vehicle_Defect,Vehicle_Driver_Age,Vehicle_Alcohol,Vehicle_Seat_Belt
6,16,4,5,2006,3,7,8,2,2,1,1,4,1,1,1,1,1,2,7,6,1,7,30,2,2
3,15,4,1,2006,4,5,1,2,2,1,2,2,1,1,1,3,1,2,9,6,1,1,40,2,2
3,15,4,6,2006,1,1,1,2,2,1,2,2,1,1,1,1,1,2,14,6,1,1,35,2,2
3,15,1,4,2006,3,1,8,2,2,1,1,1,1,1,1,1,1,2,13,4,1,1,,2,2
1,5,2,2,2006,3,1,1,2,2,1,1,1,1,1,1,1,1,1,9,6,1,1,,1,2
5,5,4,1,2006,2,3,1,2,2,4,2,1,1,1,1,1,1,2,9,6,1,1,,2,2
5,5,4,1,2006,2,1,8,2,2,4,2,1,1,1,1,1,1,2,9,6,1,7,30,2,2
7,5,4,2,2006,3,1,1,2,2,1,1,1,1,1,1,1,1,2,9,6,1,1,,2,2
3,1,4,1,2006,2,1,1,2,2,1,1,1,1,1,1,1,1,1,8,6,1,1,35,2,2
4,8,4,4,2006,2,7,8,2,2,1,2,1,1,1,1,2,1,2,14,11,1,7,,2,2
5,11,1,1,2006,2,1,1,2,2,1,1,1,1,1,2,1,1,2,8,1,1,1,42,2,2
11,16,4,10,2006,1,1,1,2,2,1,4,1,1,1,1,1,1,2,14,6,1,1,45,2,2
11,16,1,11,2006,3,1,1,1,1,1,1,1,1,1,1,1,1,2,10,6,1,1,,2,2
12,16,4,12,2006,3,1,8,2,2,1,1,1,1,1,1,3,1,2,8,5,1,7,35,2,2
1,6,3,8,2006,2,1,1,2,2,1,1,2,1,1,1,1,2,,4,2,2,2,35,2,1
12,9,4,12,2006,3,1,1,2,1,1,1,1,1,1,1,1,1,2,9,4,2,1,39,2,2
11,11,4,5,2006,2,1,2,2,1,1,1,1,1,1,1,3,1,2,14,6,1,7,28,2,2
1,15,1,8,2006,3,1,1,2,2,1,1,1,1,1,1,1,1,2,14,6,1,1,41,2,2
5,8,4,5,2006,4,7,1,1,2,1,4,1,1,1,1,1,1,2,14,6,1,6,,1,2
4,8,3,9,2006,2,1,8,2,2,1,1,1,1,1,1,1,1,2,9,11,1,7,,2,2
1,5,4,7,2006,3,1,1,2,2,1,1,1,1,1,1,1,1,2,14,6,1,1,38,2,2
1,5,2,9,2006,2,1,1,2,2,1,1,1,1,1,1,1,1,2,9,6,1,1,35,2,2
5,5,4,7,2006,2,1,1,2,2,1,1,1,1,1,1,1,1,1,9,6,1,1,,2,2
5,5,4,8,2006,3,1,1,2,2,1,1,1,1,1,1,1,1,2,4,5,1,1,,2,2
3,1,4,2,2006,3,1,1,2,2,1,1,1,1,1,1,1,1,2,14,5,1,1,40,2,2
4,14,4,4,2006,2,1,1,2,2,1,1,1,1,1,1,,1,1,13,4,2,1,,2,2
2,14,3,1,2006,2,1,1,2,2,4,2,1,2,1,1,,1,2,14,6,1,,,2,2
7,54,4,1,2006,3,7,1,2,2,1,1,1,1,1,1,3,1,2,8,6,1,,30,2,2
13,54,4,1,2006,2,1,1,2,2,1,1,1,1,1,1,1,1,2,9,6,1,,42,,
13,54,3,3,2006,3,1,1,2,2,1,1,1,1,1,1,1,1,2,9,6,,1,,2,2
9,54,4,3,2006,1,3,1,2,2,3,4,1,2,1,1,3,1,2,14,6,1,7,30,2,2
1,54,3,2,2006,2,7,1,2,2,1,1,1,1,1,1,2,1,2,14,6,,,,,
1,54,2,2,2006,1,1,8,2,2,1,3,1,1,1,1,2,1,2,14,10,,,,,
1,54,4,1,2006,2,7,1,2,2,1,1,1,1,1,1,3,1,2,13,6,1,,,,
7,55,3,3,2006,3,3,1,2,2,1,1,1,1,1,1,3,1,2,14,6,1,1,22,2,2
3,53,4,3,2006,3,1,2,2,2,1,1,1,1,1,1,2,1,2,8,5,1,1,30,2,2
7,53,3,4,2006,3,1,1,2,2,1,1,1,1,1,1,3,1,2,14,6,,,,,
3,55,4,5,2006,3,7,8,1,2,1,1,2,1,1,1,2,1,2,8,3,1,,,,
1,54,4,5,2006,3,2,1,2,2,1,1,1,1,1,1,3,1,2,14,6,,,,,
12,54,4,3,2006,1,1,1,2,2,1,4,1,1,1,1,1,1,2,14,6,1,1,40,1,2
13,54,2,5,2006,2,1,1,2,2,1,1,1,1,1,1,1,1,2,14,5,1,1,,2,
8,56,4,5,2006,3,1,1,2,2,1,1,1,1,1,1,1,1,2,9,6,1,1,,2,2
7,56,4,7,2006,4,7,1,2,2,1,4,1,1,1,1,1,1,2,9,6,1,,,,
3,56,4,7,2006,3,7,2,2,2,1,1,1,1,1,1,1,1,2,9,6,1,1,,,
3,55,4,8,2006,3,7,8,2,2,1,1,1,1,1,1,4,2,2,8,6,1,,28,2,2
5,55,4,7,2006,4,1,4,2,2,1,1,1,1,1,1,3,1,2,12,11,1,1,41,2,1
7,56,4,8,2006,3,1,,2,2,1,1,1,1,1,1,1,1,2,9,6,1,1,45,2,2
3,56,4,8,2006,2,7,2,2,2,1,1,1,1,1,1,1,1,2,14,6,2,7,,1,2
7,56,4,9,2006,2,1,1,2,2,1,1,1,1,1,1,1,1,2,9,11,2,,40,2,2
1,53,1,9,2006,3,1,8,2,2,1,1,1,1,1,1,3,1,2,17,6,1,1,48,2,2
1,53,4,10,2006,3,1,2,2,2,1,1,1,1,1,1,2,1,1,6,6,1,3,,,
1,54,1,4,2006,2,7,8,2,2,1,1,2,1,1,1,3,,,,,,,,,
3,56,3,11,2006,4,1,1,2,2,1,4,1,1,1,1,1,1,2,14,6,2,7,,1,2
8,54,4,11,2006,4,1,8,2,2,1,4,1,1,1,1,1,1,2,13,10,1,6,34,2,2
1,54,1,8,2006,3,,1,,2,1,1,1,1,1,1,1,,,6,6,,,,,
1,54,3,9,2006,3,,1,2,2,1,1,2,1,1,1,3,,,13,6,,,,,
1,54,4,10,2006,2,1,1,2,2,1,1,1,1,1,1,1,1,2,13,5,1,1,45,2,2
1,54,3,11,2006,3,1,1,2,2,1,1,1,1,1,1,1,1,2,10,6,1,1,45,2,2
1,54,4,11,2006,2,7,1,2,2,1,1,1,1,1,1,2,1,2,5,6,,,,,
8,56,4,12,2006,1,1,1,2,2,4,3,1,2,1,1,1,1,2,14,11,1,1,28,2,2
13,54,4,12,2006,3,7,1,2,2,1,1,2,1,1,1,1,1,2,11,2,1,1,32,2,2
5,55,4,12,2006,3,,1,2,2,1,1,1,1,1,1,3,1,2,7,6,1,,,,
5,55,4,11,2006,3,,,2,2,1,1,1,1,1,1,3,1,2,14,5,1,1,38,1,2
5,55,4,11,2006,4,1,1,2,2,1,3,1,1,1,1,2,1,2,9,11,1,1,41,2,2
5,28,2,2,2006,4,7,1,2,2,1,3,1,1,1,1,5,1,1,9,11,1,1,35,2,2
2,28,1,12,2006,3,1,1,2,2,1,1,1,1,1,1,5,1,1,4,6,1,1,43,2,1
2,28,4,8,2006,1,7,2,2,2,2,2,1,2,1,1,1,1,1,9,6,1,7,,1,2
3,28,4,8,2006,1,7,2,2,2,2,2,1,2,1,1,1,1,1,6,6,1,1,,1,2
3,28,3,12,2006,2,1,1,2,2,4,2,1,1,1,1,1,1,1,9,6,1,1,42,2,2
4,28,1,5,2006,2,2,8,2,2,2,1,1,2,1,1,2,1,1,10,6,1,1,,2,2
4,28,4,12,2006,3,2,1,2,2,1,1,1,1,1,1,1,1,2,12,4,1,1,,2,2
9,64,4,2,2006,2,2,3,2,2,1,1,1,1,1,1,1,1,1,14,6,1,1,40,2,2
9,64,4,9,2006,4,7,1,2,2,1,4,1,1,1,1,5,1,1,9,6,1,1,35,2,2
8,64,4,9,2006,4,7,8,2,2,1,4,1,1,1,1,5,1,1,5,6,1,5,0,1,2
10,64,4,3,2006,4,7,8,2,2,1,3,1,1,1,1,5,1,1,9,6,1,1,32,1,2
10,64,3,12,2006,2,7,8,2,2,1,1,1,1,1,1,5,1,1,9,6,1,7,45,1,2
6,64,3,2,2006,3,7,8,2,2,1,1,1,1,1,1,5,1,1,14,6,1,7,0,2,2
6,64,3,4,2006,4,7,1,2,2,2,4,1,1,1,1,5,1,1,8,6,1,7,0,2,2
6,64,4,8,2006,3,1,1,2,2,1,1,1,1,1,1,1,1,1,9,6,1,7,0,2,2
6,64,1,9,2006,3,2,4,2,2,1,1,1,1,1,1,1,1,1,14,6,1,7,0,2,2
6,64,2,9,2006,3,1,1,2,2,1,1,1,1,1,1,1,1,1,14,6,1,7,0,2,2
6,64,4,10,2006,4,1,1,2,1,1,3,1,1,1,1,1,1,1,9,6,1,6,0,2,2
6,64,4,10,2006,2,2,4,2,1,1,1,1,1,1,1,1,1,1,14,6,1,7,0,2,2
12,64,4,6,2006,2,7,8,2,2,1,1,1,1,1,1,2,1,1,4,6,1,7,0,2,2
12,64,4,8,2006,4,1,1,2,2,1,1,1,1,1,1,2,1,1,3,6,1,7,0,2,2
3,64,4,4,2006,3,7,8,2,2,1,1,1,1,1,1,1,1,1,14,6,2,6,29,1,2
3,64,4,7,2006,2,1,1,2,2,1,1,1,1,1,1,1,1,1,9,6,1,1,0,2,2
3,64,4,11,2006,3,1,1,2,2,1,1,1,1,1,1,2,1,1,8,6,1,7,0,2,2
5,64,4,10,2006,3,1,1,2,1,1,3,1,1,1,1,1,1,1,14,6,1,7,0,2,2
5,64,4,11,2006,2,1,4,2,1,1,1,1,1,1,1,1,1,1,12,1,1,7,27,2,2
7,64,4,5,2006,1,3,8,2,2,2,4,2,2,1,1,5,1,1,14,1,1,1,0,2,2
7,64,3,12,2006,1,7,4,1,1,1,3,1,1,1,3,5,1,1,9,6,1,1,0,1,2
1,64,4,4,2006,2,2,4,2,2,1,1,1,1,1,1,5,1,1,14,6,1,1,0,2,2
1,64,2,4,2006,3,2,6,2,2,1,1,1,1,1,1,3,1,1,14,6,1,1,0,2,2
1,64,2,5,2006,3,4,1,2,2,1,1,3,1,1,1,5,1,1,4,10,1,7,0,2,2
1,64,2,5,2006,2,2,6,2,2,1,1,1,1,1,1,1,1,1,14,6,1,1,0,2,2
1,64,4,6,2006,4,3,4,2,2,1,3,1,1,1,1,3,1,1,14,6,1,7,45,2,2
1,64,3,7,2006,4,1,2,1,1,1,3,3,1,1,1,5,1,1,8,6,1,7,0,2,2
11,64,3,4,2006,4,7,1,2,2,1,4,1,1,1,1,5,1,1,14,6,1,1,38,1,2
11,64,1,5,2006,2,7,1,1,2,1,1,1,1,1,1,5,1,1,9,6,1,1,28,1,2
11,64,4,7,2006,1,1,1,2,1,1,2,1,1,1,1,5,1,1,9,6,1,7,0,1,2
11,64,3,8,2006,3,3,1,2,1,1,1,1,1,1,1,5,1,1,14,3,1,7,26,1,2
11,64,4,12,2006,4,7,1,1,2,1,3,1,1,1,1,5,1,1,7,6,1,7,0,1,2
2,64,4,1,2006,4,3,1,2,2,1,2,2,1,1,1,3,1,1,14,1,1,7,40,2,2
2,64,4,6,2006,1,1,1,2,2,1,3,1,1,1,1,5,2,1,8,11,1,7,25,2,2
2,64,4,11,2006,1,5,1,2,1,1,3,1,1,1,1,1,1,1,14,4,1,7,0,2,2
2,64,4,6,2006,4,3,2,2,2,1,1,1,1,1,1,5,1,1,8,6,1,1,,2,2
12,9,4,10,2006,2,1,1,2,1,1,1,1,1,1,1,,1,1,19,5,1,2,,2,2
8,56,4,2,2006,3,1,1,2,2,1,1,1,1,1,1,1,1,2,14,10,1,1,35,2,2
1,54,4,1,2006,2,7,2,2,2,1,1,1,1,1,1,3,1,2,9,2,1,1,45,1,2
6,55,3,3,2006,4,1,1,2,2,1,4,1,1,1,1,3,1,2,14,10,1,7,,,
9,56,4,7,2006,1,1,,2,2,1,4,1,1,1,1,1,1,2,14,10,1,,55,,
12,54,4,7,2006,1,7,1,2,2,2,2,1,2,1,1,1,1,2,14,6,1,7,,,
2,14,4,6,2006,2,1,1,2,2,1,1,1,1,1,1,1,1,1,9,6,1,1,26,2,2
4,3,4,6,2006,3,7,1,2,2,1,1,1,1,1,1,1,1,1,9,1,1,7,,2,2
1,5,4,6,2006,2,1,1,2,2,1,1,1,1,1,1,1,1,2,14,10,1,1,32,2,2
1,5,4,2,2006,1,1,1,2,2,1,4,1,1,1,1,1,1,2,10,7,1,1,,2,2
3,10,4,3,2006,4,1,1,2,2,1,4,1,1,1,1,3,1,2,4,11,1,1,36,2,2
1,2,4,6,2006,2,1,1,2,2,1,1,1,1,1,1,5,1,1,14,6,1,1,35,2,2
1,2,4,8,2006,4,1,1,2,2,1,4,1,1,1,1,2,1,2,6,6,1,1,38,2,2
2,42,3,1,2006,4,1,1,1,1,1,3,1,1,1,1,5,1,1,14,6,,,,2,2
28,42,4,6,2006,1,1,1,1,1,1,3,1,1,1,1,5,1,1,14,6,,,,,2
3,39,4,10,2006,1,1,1,2,2,1,3,1,1,1,1,1,1,2,14,10,1,1,40,2,2
1,39,4,3,2006,1,1,1,2,2,1,4,1,1,1,1,1,1,2,14,10,1,1,45,2,2
1,39,4,11,2006,1,1,1,2,2,4,4,1,1,1,1,1,1,2,14,6,1,1,55,2,2
2,36,3,6,2006,3,1,1,2,2,2,1,1,2,1,1,1,1,2,14,6,1,1,,2,2
1,38,4,3,2006,3,1,1,2,2,1,1,2,1,1,1,1,1,2,8,6,1,1,,1,2
12,47,3,1,2006,2,1,1,2,2,1,1,1,1,1,1,1,1,2,9,5,1,1,,2,2
9,66,1,9,2006,3,1,1,2,2,1,1,4,1,1,1,1,1,2,9,6,2,3,,2,2
9,63,4,3,2006,1,1,1,2,2,4,4,1,1,1,1,1,1,2,14,6,1,1,,2,2
7,63,4,2,2006,2,1,1,2,2,1,1,1,1,1,1,1,1,2,2,6,1,1,39,2,2
2,65,4,12,2006,2,1,8,2,2,4,2,1,1,1,1,1,1,2,9,6,1,7,,2,2
7,65,3,8,2006,3,4,1,2,2,1,1,1,1,1,1,1,1,2,9,6,1,1,42,2,2
4,60,4,2,2006,2,1,1,2,1,1,1,1,1,1,1,4,1,2,4,6,1,1,45,2,2
6,58,3,6,2006,2,3,1,2,2,1,1,1,1,1,1,1,1,1,9,6,1,1,,2,2
6,58,4,8,2006,1,1,1,2,1,1,2,1,1,1,1,1,1,2,7,6,1,1,,2,2
6,58,3,12,2006,3,1,1,2,1,1,2,1,1,1,1,1,1,2,8,6,1,7,,2,2
7,58,4,6,2006,3,1,1,2,2,1,1,1,1,1,1,1,1,1,9,6,1,1,,2,2
1,58,4,11,2006,4,1,1,2,2,1,2,2,1,1,1,1,1,2,14,6,1,1,39,2,2
11,58,4,10,2006,3,1,1,2,2,1,1,1,1,1,1,4,1,2,9,6,1,1,42,2,2
7,58,4,10,2006,3,1,1,2,2,1,1,2,1,1,1,1,1,2,8,1,1,1,32,2,2
7,58,4,1,2006,3,1,1,2,2,1,1,1,1,1,1,1,1,2,9,5,1,1,35,2,2
3,27,4,2,2007,4,1,1,2,2,1,2,3,1,1,1,3,1,2,17,7,1,3,20,2,2
5,27,4,2,2007,2,7,1,2,2,1,1,2,1,1,1,2,1,2,8,11,1,1,,2,2
2,27,3,1,2007,3,3,1,2,2,1,1,1,5,1,1,1,1,2,7,6,1,1,,2,2
2,27,4,2,2007,3,7,2,2,2,1,1,2,1,1,1,2,1,1,7,4,1,1,,1,2
2,27,4,3,2007,4,3,1,2,2,1,4,1,1,1,1,4,1,2,8,11,1,1,,2,2
6,34,4,2,2007,4,1,1,2,2,1,2,1,1,1,1,1,1,2,9,6,1,1,,2,2
10,34,4,4,2007,2,1,1,2,2,1,1,1,1,1,1,1,1,2,19,6,1,7,22,2,2
4,34,4,1,2007,2,1,1,2,2,1,1,1,1,1,1,1,1,2,9,11,1,1,38,2,2
1,33,4,3,2007,2,2,1,2,2,1,1,1,1,1,1,4,1,2,5,7,1,1,,2,2
2,27,4,6,2007,2,1,1,2,2,1,1,2,1,1,2,3,4,2,9,2,1,1,35,1,2
2,27,4,6,2007,4,2,1,1,1,1,3,1,1,1,1,1,1,2,9,11,2,1,,2,2
3,32,4,4,2007,2,4,1,2,2,1,1,1,1,1,1,2,1,2,9,5,1,1,,2,2
1,32,4,7,2007,4,1,8,2,2,1,2,2,1,1,1,1,3,2,14,6,1,7,25,2,2
4,31,4,3,2007,3,7,1,2,2,1,1,1,5,2,2,3,1,2,9,5,1,1,,2,2
3,30,3,1,2007,3,1,2,2,2,1,1,2,1,1,1,3,1,2,8,4,1,1,,2,2
1,30,4,3,2007,4,3,1,2,2,1,3,1,1,1,1,2,1,2,9,5,1,1,,2,2
5,27,4,12,2007,3,2,1,2,2,1,1,1,1,1,2,4,1,2,8,5,1,1,,2,2
2,27,4,11,2007,2,7,1,2,2,1,1,1,1,1,1,2,1,2,9,6,1,7,,2,2
1,27,3,10,2007,2,1,2,2,2,1,1,1,1,1,1,3,1,2,9,5,1,1,,1,2
4,32,4,10,2007,3,1,1,2,2,1,1,1,1,1,1,3,1,1,10,5,1,1,,2,2
9,34,4,12,2007,4,7,8,2,2,1,2,2,1,1,1,4,1,2,6,11,2,7,25,2,2
6,34,4,10,2007,3,1,1,2,2,1,1,1,1,1,1,1,1,2,9,6,1,1,,2,2
4,34,3,2,2007,3,1,1,2,2,1,1,1,1,1,2,1,1,2,9,5,1,1,,2,2
4,31,4,5,2007,2,3,1,2,2,1,1,1,3,1,2,4,2,,8,6,1,3,35,2,2
1,64,1,4,2007,4,3,8,1,2,1,2,1,1,1,1,5,1,1,14,6,1,1,,1,2
1,64,1,6,2007,3,2,8,1,2,1,1,1,1,1,1,5,1,1,14,6,1,6,18,1,2
2,64,1,1,2007,4,7,8,2,2,1,1,1,1,1,1,5,1,1,8,6,1,1,,2,2
2,64,4,3,2007,2,1,8,1,2,1,1,1,1,1,1,5,1,1,9,5,1,1,,2,2
3,64,4,2,2007,4,1,1,1,2,1,3,1,1,1,1,2,1,1,19,6,1,1,,2,2
4,64,4,9,2007,2,1,1,2,2,1,1,1,1,1,1,5,1,1,14,5,1,1,,2,2
5,64,3,7,2007,3,1,1,1,2,1,1,1,1,1,1,5,1,1,14,6,1,1,,2,2
6,64,1,5,2007,4,7,1,2,2,1,4,1,1,1,1,1,1,1,6,6,1,7,,2,2
7,64,4,1,2007,2,1,6,1,2,1,1,1,1,1,1,5,1,1,14,6,1,1,24,2,2
7,64,4,7,2007,4,7,8,2,2,1,3,1,1,1,1,5,1,1,9,6,1,1,,2,2
8,64,4,3,2007,4,3,8,2,2,1,2,1,1,1,1,5,1,1,14,6,1,1,,2,2
9,64,4,4,2007,2,3,1,2,2,1,1,1,1,1,1,5,1,1,14,6,1,7,50,2,2
10,64,4,1,2007,3,7,8,2,2,1,1,1,1,1,1,1,5,1,14,6,1,1,,2,2
10,64,3,5,2007,4,1,8,2,2,1,3,1,1,1,1,5,1,1,9,6,1,1,55,1,2
11,64,3,5,2007,3,4,1,1,1,1,1,1,1,1,1,5,1,1,10,6,1,7,30,2,2
12,64,3,9,2007,2,1,1,1,2,1,1,1,1,1,1,5,1,1,14,2,1,1,40,1,2
3,64,4,9,2007,3,1,8,1,2,1,1,1,1,1,1,5,1,1,14,6,1,1,,1,2
11,64,4,12,2007,3,1,1,2,1,1,1,1,1,1,1,5,1,1,16,6,1,1,,1,2
5,64,3,9,2007,2,1,1,1,2,1,1,1,1,1,1,5,1,1,14,6,1,1,,1,2
1,64,3,10,2007,2,1,8,1,2,1,1,1,1,1,1,5,1,1,9,6,1,1,,1,2
4,64,4,5,2007,3,1,2,2,2,1,1,1,1,1,1,5,1,1,8,6,1,1,,1,2
3,64,4,4,2007,2,1,2,2,2,1,1,1,1,1,1,5,1,1,6,10,1,1,14,2,2
2,64,4,6,2007,2,1,1,2,2,1,1,1,1,1,1,5,1,1,9,6,1,1,,2,2
4,64,1,8,2007,3,3,1,2,2,1,1,1,1,1,1,5,1,1,14,1,1,7,,2,2
4,64,4,3,2007,4,3,2,2,2,1,1,1,1,1,1,5,1,1,9,1,1,1,,2,2
4,64,4,11,2007,4,1,2,2,2,1,2,1,1,1,1,5,1,1,14,6,1,1,,2,2
5,64,4,8,2007,3,1,1,2,2,1,1,1,1,1,1,5,1,1,14,6,1,7,,1,2
7,64,4,8,2007,3,,4,2,2,1,1,1,1,1,1,5,1,1,14,6,1,7,,2,2
3,61,4,2,2007,1,1,1,2,2,1,3,1,1,1,1,1,1,1,14,6,1,7,,2,2
14,63,3,2,2007,1,1,1,2,2,1,4,1,1,1,1,1,1,2,9,10,1,7,,2,2
1,62,4,6,2007,3,1,1,2,2,1,1,1,1,1,1,2,1,2,6,6,1,7,,2,2
1,67,4,4,2007,4,1,1,2,,1,4,1,1,1,1,1,1,1,14,6,2,,,2,2
5,63,4,4,2007,2,7,1,1,2,1,1,1,1,1,1,3,,2,14,1,1,7,18,2,2
6,63,4,1,2007,4,1,8,2,2,4,4,1,2,1,1,2,1,2,14,5,,7,,1,2
11,58,1,2,2007,3,,1,1,2,4,2,1,1,1,3,3,,2,,,,,,,
6,58,4,1,2007,2,7,1,2,2,1,1,1,1,1,1,1,1,2,7,6,2,1,,1,2
6,58,4,1,2007,2,3,1,2,2,1,1,1,1,1,1,1,1,2,9,6,1,7,,2,2
6,58,3,1,2007,3,2,1,2,2,1,2,1,1,1,1,1,1,2,14,6,2,1,,1,2
6,58,2,5,2007,1,7,1,2,2,1,1,1,1,1,1,1,1,2,14,4,1,1,,2,2
7,58,1,2,2007,2,1,1,2,1,1,1,1,1,1,1,1,1,2,8,6,1,1,,2,2
6,60,4,1,2007,3,7,2,2,2,1,1,1,1,1,1,1,1,1,9,11,1,7,32,1,2
3,60,4,6,2007,2,1,1,2,2,1,1,1,1,1,1,3,1,2,14,5,1,1,50,2,2
1,60,3,7,2007,3,1,8,2,2,1,1,1,1,1,1,2,1,2,8,6,,,,2,2
1,60,3,8,2007,3,7,8,2,2,2,1,1,2,1,1,2,1,2,7,6,,,,2,2
7,60,4,5,2007,3,,1,2,2,2,1,1,2,1,1,3,1,1,9,1,,,,,
1,59,4,3,2007,4,1,1,2,2,1,2,1,1,1,1,2,1,2,19,6,1,7,,2,2
6,59,3,3,2007,4,,1,2,2,1,4,1,1,1,1,3,1,2,13,6,1,1,25,2,2
1,57,1,8,2007,4,7,4,2,2,1,1,1,,,1,1,1,1,8,10,1,1,,2,2
3,57,3,2,2007,2,1,1,2,2,1,1,1,5,1,1,1,,1,12,7,1,2,30,2,
3,57,3,5,2007,2,2,8,2,2,1,1,5,1,1,1,1,,2,9,6,1,,,,2
7,63,4,5,2007,3,1,1,2,2,1,1,5,1,1,1,3,1,2,19,1,1,1,19,2,2
7,63,4,6,2007,2,3,3,2,1,2,2,2,2,1,1,1,1,2,,,,1,,,
7,63,1,7,2007,4,2,1,2,2,1,4,1,1,1,1,1,1,2,,,,,,,
7,63,4,8,2007,4,1,1,1,,1,2,,,,,1,1,2,14,,,,,,
8,63,4,6,2007,4,3,1,2,2,1,4,2,1,1,1,1,1,2,14,6,1,7,,2,2
8,63,4,7,2007,3,7,4,2,2,1,2,1,1,1,1,1,1,2,9,5,1,1,,2,2
8,63,4,8,2007,3,7,1,2,2,1,2,1,1,1,1,1,1,2,9,2,1,1,,2,2
14,58,4,7,2007,3,7,8,2,2,1,1,1,1,1,1,2,1,2,9,8,1,1,,2,2
8,57,3,8,2007,1,1,1,1,,2,4,1,2,1,1,1,1,2,14,6,1,1,,2,2
8,63,4,12,2007,1,1,1,2,2,1,2,1,1,1,1,1,1,2,9,5,1,7,45,1,2
4,63,4,10,2007,3,3,,1,,1,1,1,1,1,1,4,,,9,6,1,1,30,2,2
9,63,4,10,2007,3,1,1,2,2,1,1,1,1,1,1,1,1,2,8,6,1,1,,2,2
14,63,4,10,2007,3,1,1,2,2,1,1,1,1,1,1,1,1,2,9,5,1,7,,2,2
14,63,3,10,2007,2,1,1,2,2,1,1,1,1,1,1,1,1,2,14,5,1,1,,2,2
14,58,4,11,2007,3,7,1,1,2,1,2,1,1,1,1,1,1,2,17,11,2,3,,2,2
2,58,4,10,2007,1,1,1,2,,1,3,2,1,1,1,1,1,1,9,6,1,1,45,2,2
15,58,4,10,2007,4,1,1,2,2,1,2,1,1,1,1,3,1,2,8,4,1,,46,1,2
2,59,3,10,2007,1,1,8,1,2,1,2,1,1,1,1,2,1,2,14,6,1,7,30,1,2
3,57,4,10,2007,2,3,1,2,1,1,1,1,1,1,1,1,1,2,7,6,1,,,1,
6,65,4,10,2007,3,2,2,2,2,1,1,1,1,1,1,1,1,1,,,,,27,,
1,61,4,12,2007,2,1,1,2,2,1,1,1,1,1,1,1,1,2,5,6,1,1,35,2,2
3,61,1,9,2007,3,3,1,2,2,1,1,4,1,1,1,1,1,2,9,6,1,7,,2,2
4,59,4,12,2007,3,1,1,2,2,1,1,1,1,1,1,2,1,2,9,6,1,7,,2,2
6,59,4,10,2007,2,1,1,2,2,1,1,1,1,1,1,3,1,2,13,2,1,1,,2,2
7,59,4,6,2007,3,1,1,2,2,1,1,1,1,1,1,2,1,2,7,6,1,7,,2,2
2,59,3,3,2007,4,2,3,2,2,1,2,1,1,1,1,2,1,2,12,6,1,7,,1,2
4,59,4,3,2007,2,1,1,2,2,2,1,1,1,1,1,4,1,2,14,5,1,1,27,2,2
4,59,4,4,2007,2,1,1,2,2,1,1,1,1,1,1,2,1,2,9,6,1,1,35,2,2
4,59,4,5,2007,2,1,1,2,2,1,1,3,1,1,1,2,1,1,14,5,1,1,,2,2
1,59,4,3,2007,3,1,8,2,2,1,1,1,1,1,1,2,1,2,4,6,1,7,,2,2
5,59,4,4,2007,4,1,1,2,2,1,4,1,1,1,1,2,1,2,12,6,1,1,,2,2
1,61,4,7,2007,2,4,1,2,2,1,1,1,1,1,1,1,1,1,9,6,1,1,42,2,2
1,61,4,8,2007,4,3,1,2,2,1,2,1,1,1,1,1,1,1,9,6,1,7,,2,2
1,61,4,8,2007,3,2,1,2,1,1,1,1,1,1,1,1,1,1,14,1,1,7,,2,2
1,61,4,11,2007,3,4,1,2,2,1,1,1,1,1,1,1,1,2,11,5,1,7,,2,2
1,61,4,12,2007,4,4,4,2,1,1,2,1,1,1,1,1,1,1,14,6,1,1,37,1,2
1,58,4,9,2007,2,1,8,2,2,1,1,1,1,1,1,5,1,1,7,6,1,1,25,2,2
7,58,4,2,2007,2,1,1,2,2,1,1,1,1,1,1,1,1,2,6,6,2,6,,2,2
7,58,4,2,2007,1,1,1,2,2,1,4,1,1,1,1,1,,,9,6,1,1,,2,2
20,58,4,2,2007,1,1,1,,,1,4,1,,1,1,1,,,15,10,1,1,,2,2
5,58,3,4,2007,1,1,1,2,2,1,4,1,1,1,1,1,1,,16,6,2,1,,2,2
7,58,4,6,2007,1,2,2,1,2,1,1,1,1,2,,,,1,15,6,1,1,,2,2
3,62,3,3,2007,3,1,1,2,2,1,1,1,1,1,1,1,1,2,19,6,1,7,,2,2
1,62,1,10,2007,3,3,1,2,2,1,1,1,1,1,1,5,1,1,8,1,1,1,,2,2
4,62,4,11,2007,3,1,1,2,2,1,1,1,1,1,1,2,1,2,13,6,1,1,,2,2
4,61,4,2,2007,2,1,1,2,2,1,1,1,1,1,1,3,1,2,9,5,1,1,32,2,2
4,61,4,5,2007,2,1,1,2,2,1,1,1,1,1,2,4,1,2,12,6,1,1,,,
1,58,4,2,2007,3,3,1,2,1,1,1,1,1,1,1,1,1,1,10,6,1,1,,2,2
1,58,4,4,2007,2,3,4,2,2,1,1,1,1,1,1,5,1,1,8,2,1,1,38,2,2
1,58,4,7,2007,4,2,1,2,,1,1,1,1,1,1,2,1,1,10,11,1,1,30,2,2