Thana,District,Accident_Severity,Month,Year,Time,Junction_Type,Traffic_Control,Movement,Divider,Weather,Light,Road_Geometry,Surface_Condition,Surface_Type,Surface_Quality,Road_Class,Road_Feature,Location_Type,Vehicle_Type,Vehicle_Movement,Vehicle_Loading,Vehicle_Defect,Vehicle_Driver_Age,Vehicle_Alcohol,Vehicle_Seat_Belt
3,58,4,9,2007,3,3,8,2,2,1,1,1,1,1,1,4,1,2,9,4,1,1,28,2,2
3,58,4,12,2007,2,1,1,2,2,1,1,1,1,1,1,4,1,2,5,6,1,3,,2,2
14,58,4,7,2007,3,1,4,2,2,1,1,2,1,1,1,1,1,,9,6,1,6,,2,2
4,62,4,4,2007,2,1,1,2,2,1,1,1,1,1,1,4,1,2,5,6,1,7,,1,2
1,63,3,3,2007,2,2,1,1,2,1,1,3,5,1,2,3,2,2,14,6,1,1,30,2,2
3,57,4,8,2007,1,1,1,2,2,2,1,1,2,1,1,1,1,2,9,6,,1,,1,2
5,60,4,5,2007,2,1,1,1,2,1,1,1,1,1,1,2,1,2,9,6,1,1,47,2,2
3,60,4,2,2007,2,1,1,2,2,1,1,1,1,1,1,1,1,2,9,6,1,1,,2,2
7,60,4,10,2007,2,3,1,2,2,1,1,1,1,1,1,3,1,2,9,6,,,,,2
8,63,4,12,2007,1,1,1,2,2,1,2,1,1,1,1,1,1,2,12,6,1,7,,1,2
1,66,4,6,2007,3,1,1,2,2,2,1,1,2,1,1,4,1,1,11,6,1,1,20,2,2
1,66,4,7,2007,3,1,1,1,,2,1,2,2,,,4,1,1,1,1,1,1,11,,2
1,65,4,2,2007,3,1,1,2,2,1,1,1,1,1,1,1,1,2,8,5,1,7,,1,2
8,63,4,3,2007,3,1,1,2,2,1,1,3,1,2,1,1,1,2,14,6,1,7,,2,2
10,63,4,10,2007,4,1,1,2,2,1,4,4,2,1,1,4,1,2,5,6,1,1,,2,2
11,63,4,10,2007,3,1,1,2,2,1,1,1,1,1,1,4,1,1,17,6,1,7,,2,2
11,58,3,7,2007,2,1,1,2,2,1,1,1,1,1,2,4,,,12,6,1,1,,2,2
7,63,4,1,2007,3,1,1,2,2,1,1,1,1,1,1,1,1,2,14,6,1,1,,2,2
9,63,4,11,2007,3,1,1,2,2,1,1,1,1,1,1,1,1,1,8,6,1,7,60,2,2
13,63,4,9,2007,4,1,1,2,2,1,1,1,1,1,1,4,1,2,19,6,2,7,,2,2
7,60,4,2,2007,3,1,1,1,2,1,1,1,1,1,1,1,1,2,9,6,,,,1,2
2,60,4,2,2007,3,1,1,1,2,2,1,1,2,1,1,3,1,2,14,6,,,,2,2
3,57,4,10,2007,4,1,1,2,,1,3,1,1,1,1,1,2,,,6,1,,40,1,
4,57,4,5,2007,2,1,1,2,2,1,1,1,1,1,1,1,1,2,1,6,1,1,,2,2
1,57,3,2,2007,3,1,1,2,2,1,1,1,1,1,1,3,1,1,9,9,1,1,,,
1,36,3,3,2007,2,1,1,2,2,1,1,1,1,1,1,2,1,2,12,6,1,1,22,2,2
4,47,4,2,2007,3,1,1,2,2,1,1,1,1,1,2,3,1,2,9,6,1,1,35,2,2
9,47,4,3,2007,4,1,1,2,2,1,4,1,1,1,1,1,1,2,14,6,1,1,35,2,2
9,47,4,3,2007,3,1,1,2,2,1,1,1,1,1,1,1,1,2,6,6,1,1,,2,2
3,47,4,3,2007,1,1,3,2,2,1,1,1,1,1,1,2,2,2,14,6,1,1,,2,2
5,47,4,3,2007,2,1,1,2,2,1,1,1,1,1,1,1,1,2,14,6,1,1,,2,2
5,43,3,3,2007,2,1,1,2,2,1,1,1,1,1,1,3,1,2,9,6,1,1,,2,2
4,37,4,3,2007,3,1,1,2,2,1,1,1,1,1,1,3,1,2,9,6,1,1,,2,2
1,39,3,3,2007,3,1,1,2,2,1,1,1,1,1,1,3,1,2,7,6,1,1,,2,2
1,39,3,3,2007,2,1,1,2,2,1,1,1,1,1,1,3,1,2,9,6,1,1,38,2,2
4,39,3,3,2007,3,1,1,2,2,1,1,1,1,1,1,3,1,2,9,6,1,1,35,2,2
3,38,3,3,2007,2,1,1,2,2,1,1,1,1,1,1,3,1,2,14,6,1,1,,2,2
3,38,2,3,2007,4,1,1,2,2,1,1,1,1,1,1,1,1,2,9,6,1,1,,2,2
1,45,4,3,2007,2,1,1,2,2,1,1,1,1,1,1,1,1,2,9,6,1,1,,2,2
6,45,4,3,2007,1,1,1,2,2,1,1,1,1,1,1,3,1,2,8,6,1,1,,2,2
8,50,4,3,2007,1,1,1,2,2,1,1,1,1,1,1,3,1,2,14,6,1,1,48,2,2
13,50,4,3,2007,2,1,1,2,2,1,1,1,1,1,1,3,1,2,19,6,1,1,28,2,2
6,44,3,2,2007,3,1,1,2,2,1,1,1,1,1,1,1,1,2,10,6,1,1,,2,2
5,41,4,3,2007,2,1,1,2,2,1,1,1,1,1,1,1,1,2,9,6,1,1,,2,2
5,41,4,3,2007,1,1,1,2,2,1,1,1,1,1,1,1,1,2,17,6,1,1,,2,2
1,41,2,3,2007,3,1,1,2,2,1,1,1,1,1,1,3,1,2,9,6,1,1,,2,2
8,51,4,3,2007,3,1,1,2,2,1,1,1,1,1,1,2,1,2,19,6,1,1,,2,2
2,36,4,4,2007,3,1,1,2,2,1,1,1,1,1,1,1,1,2,17,6,1,1,,2,2
1,46,2,4,2007,3,1,1,2,2,1,1,1,1,1,1,1,1,2,9,6,1,1,,2,2
2,46,3,3,2007,4,1,1,2,2,1,1,1,1,1,1,1,1,2,9,6,1,1,,2,2
3,38,4,4,2007,4,1,1,2,2,2,1,1,1,1,1,1,1,2,9,6,1,1,,2,2
7,38,4,4,2007,2,1,1,2,2,1,1,1,1,1,1,3,1,2,14,6,1,1,20,2,2
4,49,4,4,2007,3,3,1,2,2,1,1,1,1,1,1,3,1,2,13,6,1,1,,2,2
1,35,4,4,2007,2,1,1,2,2,1,1,1,1,1,1,1,1,2,8,6,1,1,,2,2
8,51,4,4,2007,3,2,1,2,2,1,1,1,1,1,1,2,1,2,15,6,1,1,,2,2
3,52,3,4,2007,3,,,2,1,1,1,1,1,1,1,2,1,2,8,6,1,1,,2,2
13,50,4,4,2007,1,1,1,2,2,1,1,1,1,1,1,1,1,2,13,6,1,1,,2,2
12,47,4,4,2007,2,1,1,2,2,1,1,1,1,1,1,1,1,2,13,6,1,1,29,2,2
2,47,4,4,2007,2,1,1,2,2,1,1,1,1,1,1,3,1,2,13,6,1,1,,2,2
2,43,4,4,2007,3,1,1,2,2,1,1,1,1,1,1,1,1,2,9,6,1,1,,2,2
5,43,4,4,2007,2,1,1,2,2,1,1,1,1,1,1,1,1,2,14,6,1,1,,2,2
5,37,4,4,2007,2,1,1,2,2,1,1,1,1,1,1,3,1,2,13,6,1,1,,2,2
1,45,4,4,2007,2,1,1,2,2,1,1,1,1,1,1,1,1,2,19,6,1,1,,2,2
4,45,3,4,2007,1,1,1,2,2,1,1,1,1,1,1,3,1,1,14,6,1,1,40,2,2
5,41,4,4,2007,1,1,1,2,2,1,1,1,1,1,1,1,1,2,13,6,1,1,22,2,2
6,41,4,4,2007,4,1,1,2,1,1,1,1,1,1,1,1,1,2,19,6,1,1,,2,2
1,50,3,5,2007,2,5,4,2,1,1,2,2,1,1,1,5,1,2,7,6,1,1,,2,2
4,51,3,5,2007,2,1,1,2,2,2,1,1,2,1,1,1,1,1,12,6,1,1,,2,2
1,37,4,5,2007,3,1,1,2,2,1,1,1,1,1,1,2,1,2,8,6,1,1,,2,2
4,38,4,5,2007,1,1,1,2,2,1,1,1,1,1,1,3,1,2,13,6,1,1,,2,2
3,38,4,5,2007,2,1,1,2,2,1,1,1,1,1,1,1,1,2,9,6,1,1,,2,2
1,38,4,5,2007,2,1,1,2,2,1,1,1,1,1,1,1,1,2,9,6,1,1,,2,2
8,52,1,5,2007,2,1,1,2,2,1,1,1,1,1,1,3,1,2,13,6,1,1,60,2,2
1,52,4,5,2007,2,7,1,2,2,1,1,1,1,1,1,3,1,2,19,6,1,1,,2,2
9,47,4,5,2007,1,1,1,2,2,1,3,1,1,1,1,1,1,2,10,6,1,1,,2,2
1,47,4,5,2007,2,1,1,2,2,1,1,1,1,1,1,1,1,2,9,6,1,1,,2,2
3,40,4,6,2007,2,1,1,2,2,1,2,1,1,1,1,1,1,2,14,6,1,1,,2,2
1,45,2,5,2007,3,1,1,2,2,1,1,1,1,1,1,1,1,2,19,6,1,1,,2,2
6,44,1,1,2007,4,1,1,2,2,1,1,1,1,1,1,1,1,2,9,6,1,1,,2,2
5,43,4,1,2007,,1,1,2,2,1,1,1,1,1,1,1,1,2,9,6,1,1,,2,2
5,41,4,1,2007,3,1,1,2,2,1,1,1,1,1,1,1,1,2,9,6,1,1,,2,2
5,41,3,1,2007,1,1,1,2,2,1,1,1,1,1,1,1,1,2,9,6,1,1,,2,2
1,41,4,1,2007,3,1,1,2,2,1,1,1,1,1,1,3,1,2,9,6,1,1,,2,2
1,41,2,1,2007,3,1,1,2,2,1,1,1,1,1,1,1,1,2,9,6,1,1,,2,2
8,50,3,1,2007,2,1,1,2,2,1,1,1,1,1,1,2,1,2,14,6,1,1,,2,2
13,50,4,1,2007,4,1,1,2,2,1,1,1,1,1,1,2,1,2,14,6,1,1,,2,2
12,47,4,1,2007,2,1,1,2,2,1,1,1,1,1,1,1,1,2,14,6,1,1,,2,2
5,47,4,1,2007,3,1,1,2,2,1,1,1,1,1,1,1,1,2,8,6,1,1,,2,2
5,47,4,1,2007,2,1,1,2,2,1,1,1,1,1,1,1,1,2,9,5,1,1,,2,2
4,51,4,1,2007,3,1,1,2,2,1,1,1,1,1,1,1,1,2,9,6,1,1,,2,2
6,52,4,1,2007,4,1,1,2,2,1,1,1,1,1,1,3,1,2,9,6,1,1,,2,2
4,49,3,1,2007,2,3,1,2,2,1,1,1,1,1,1,3,1,2,4,6,1,1,,2,2
1,38,4,1,2007,2,1,1,2,2,1,1,1,1,1,1,1,1,2,8,6,1,1,,2,2
4,38,4,1,2007,4,1,1,2,2,1,1,1,1,1,1,3,1,2,9,6,1,1,,2,2
3,36,4,1,2007,3,1,1,2,2,1,1,1,1,1,1,1,1,2,9,6,1,1,,2,2
6,45,4,2,2007,2,1,1,2,2,1,1,1,1,1,1,1,1,2,8,6,1,1,,2,2
5,41,4,2,2007,1,1,1,2,2,1,1,1,1,1,1,1,1,2,9,6,1,1,,2,2
1,41,3,2,2007,3,1,1,2,2,1,1,1,1,1,1,1,1,2,9,6,1,1,,2,2
7,40,4,1,2007,3,1,1,2,2,1,1,1,1,1,1,3,1,2,9,6,1,1,,2,2
6,40,3,1,2007,2,1,1,2,2,1,1,1,1,1,1,3,1,2,14,6,1,1,,2,2
1,46,4,1,2007,2,1,1,2,2,1,1,1,1,1,1,1,1,2,14,6,1,1,,2,2
6,46,4,2,2007,2,1,1,2,2,1,1,1,1,1,1,1,1,2,14,6,1,1,,2,2
1,44,4,2,2007,2,1,1,2,2,1,1,1,1,1,1,3,1,2,9,6,1,1,,2,2
7,41,1,7,2007,3,3,1,2,2,1,1,1,1,1,1,1,1,1,8,5,1,1,35,2,2
4,44,4,7,2007,4,1,1,1,2,1,4,1,1,1,1,2,1,2,9,6,1,1,,2,2
2,44,4,7,2007,4,1,1,2,2,2,4,1,1,1,1,1,1,2,9,5,1,1,,2,2
12,50,3,7,2007,3,7,1,2,2,1,1,1,1,1,1,1,1,2,9,6,1,1,30,1,2
12,50,4,7,2007,3,7,1,1,2,1,1,1,1,1,1,1,1,2,9,6,1,1,,2,2
11,50,4,7,2007,2,7,1,1,2,1,1,1,1,1,1,2,1,2,,,1,1,26,1,2
1,52,4,7,2007,3,7,1,1,2,1,1,1,1,1,1,3,1,2,14,6,1,1,,2,2
12,51,4,7,2007,3,2,1,1,2,1,1,2,1,1,1,3,1,2,9,6,1,1,,2,2
9,47,4,7,2007,2,2,1,2,2,1,2,2,1,1,1,1,1,2,16,6,1,1,45,2,2
7,47,4,7,2007,1,7,2,2,1,1,2,1,1,1,1,1,1,2,14,11,1,7,45,2,2
1,47,3,7,2007,1,1,8,2,2,1,2,1,1,1,1,1,1,2,14,6,1,1,25,2,2
8,51,4,7,2007,2,7,1,1,2,2,1,1,2,1,1,2,1,2,8,6,1,1,42,2,2
1,51,4,7,2007,3,1,1,1,2,1,1,1,1,1,1,3,1,2,12,6,1,1,,1,2
1,38,4,7,2007,3,3,8,1,2,1,1,1,1,1,1,1,1,2,9,6,1,1,,2,2
6,37,4,7,2007,4,7,2,1,2,1,1,1,1,1,1,3,1,2,13,11,1,1,35,2,2
4,37,3,7,2007,2,4,1,1,2,2,1,2,2,1,2,3,4,2,8,11,1,1,,2,2
3,39,4,7,2007,2,1,8,2,1,2,4,1,2,1,1,1,1,2,,,,,,,
4,39,3,7,2007,3,2,1,2,1,1,1,1,1,1,1,2,1,2,9,11,1,1,32,2,2
6,44,4,9,2007,,1,1,1,2,1,1,4,1,1,1,1,1,1,16,6,1,1,38,2,2
5,44,4,8,2007,2,1,1,1,2,1,3,1,1,1,1,1,1,2,9,6,1,1,,2,2
4,44,4,8,2007,4,1,1,1,2,1,4,1,1,1,1,2,1,2,14,6,1,1,,2,2
3,44,4,8,2007,3,1,1,2,1,1,1,1,1,1,1,1,1,2,9,10,1,1,,2,2
3,44,4,8,2007,2,7,1,2,2,1,1,1,1,1,1,3,1,2,8,6,1,7,,2,2
2,44,4,8,2007,1,1,1,1,2,1,3,1,1,1,1,1,1,2,9,6,1,1,,2,2
5,41,1,8,2007,2,3,1,1,2,1,1,1,1,1,1,1,1,1,9,5,1,1,,2,2
1,47,2,8,2007,1,7,1,2,2,1,4,1,1,1,1,1,1,2,8,11,1,1,,1,2
12,47,4,8,2007,4,7,1,1,2,2,3,1,2,1,1,1,2,2,9,5,1,1,,2,2
12,47,4,8,2007,1,1,1,1,1,2,3,1,2,1,1,1,2,2,14,9,2,5,27,2,2
2,47,4,8,2007,2,7,1,1,2,1,4,1,1,1,1,1,1,2,9,8,1,1,35,2,2
3,38,4,8,2007,3,3,1,1,2,1,1,1,1,1,1,1,1,2,9,6,1,7,,2,2
3,38,4,8,2007,2,1,8,1,2,1,1,1,1,1,1,1,1,2,9,6,1,1,,2,2
3,35,4,8,2007,2,1,8,1,2,1,1,1,1,1,1,3,1,2,9,5,1,1,30,2,2
7,41,4,9,2007,2,7,1,1,2,2,1,1,1,1,1,1,1,2,9,6,1,1,,2,2
1,50,4,8,2007,3,1,1,2,2,1,1,1,1,1,1,5,1,2,9,11,1,5,,2,2
1,50,4,9,2007,1,4,1,2,2,2,4,4,2,1,1,1,1,2,14,6,1,7,28,2,2
5,50,4,9,2007,3,1,1,2,2,1,1,1,1,1,1,3,1,2,8,6,1,1,32,2,2
8,51,4,9,2007,3,1,1,2,2,1,1,1,1,1,1,2,,,9,6,1,1,40,2,2
1,48,4,9,2007,3,1,1,1,2,2,1,1,1,1,1,1,1,2,2,4,1,1,,2,2
2,48,4,9,2007,3,1,1,2,2,1,1,1,1,1,1,4,1,2,14,5,1,1,25,2,2
6,37,4,9,2007,3,1,4,1,2,1,1,3,1,1,1,3,1,2,9,6,1,1,40,2,2
3,38,4,9,2007,2,1,1,2,1,1,2,1,2,1,1,1,1,2,6,6,1,1,,2,2
1,38,3,9,2007,4,7,1,1,2,1,4,1,1,1,1,1,1,2,9,6,1,1,,2,2
1,45,3,9,2007,2,1,1,2,2,1,1,1,1,1,1,1,1,2,9,6,1,1,,2,2
6,45,4,9,2007,4,1,1,2,2,1,2,1,1,1,1,3,1,2,19,6,1,1,32,2,2
7,41,4,10,2007,3,2,1,2,2,1,4,1,1,1,1,3,1,2,12,6,1,1,,2,2
7,41,2,10,2007,3,3,8,2,2,1,1,1,1,1,1,2,1,2,7,6,1,1,,2,2
2,35,4,10,2007,3,7,1,2,2,1,1,1,1,1,1,1,1,2,9,6,1,1,,2,2
2,35,4,10,2007,2,1,8,1,1,1,1,1,1,1,1,2,1,2,9,4,1,1,,2,2
2,35,3,10,2007,4,7,1,2,2,1,2,1,1,1,1,2,1,2,10,6,1,1,,2,2
7,48,4,10,2007,2,1,1,2,2,1,1,2,1,1,1,3,1,2,14,2,1,1,35,2,2
7,48,1,10,2007,2,1,6,2,2,1,1,1,1,1,1,3,1,2,2,2,1,1,22,2,2
6,48,3,10,2007,3,1,1,2,2,1,1,1,1,1,2,3,1,2,14,5,1,1,47,2,2
1,48,4,10,2007,4,7,1,2,2,1,4,1,1,1,1,3,1,2,8,4,1,1,30,2,2
10,50,4,10,2007,3,7,1,2,2,1,1,2,1,1,1,3,1,2,14,6,1,1,,2,2
4,50,3,9,2007,3,1,1,2,2,1,1,1,1,1,1,3,1,2,9,6,1,1,27,2,2
11,50,4,10,2007,2,7,1,2,2,1,1,1,1,1,1,2,1,2,9,11,1,7,45,2,2
11,50,3,10,2007,4,1,1,2,2,1,2,2,1,1,1,3,1,2,6,2,1,7,28,2,2
7,38,4,10,2007,4,1,1,2,2,1,2,1,1,1,1,2,,,7,6,1,1,,2,2
7,41,4,11,2007,3,4,1,2,2,1,1,5,1,1,1,2,1,2,9,6,1,1,,2,2
7,41,3,11,2007,1,1,4,2,2,1,2,1,1,1,1,1,1,2,12,6,1,1,,2,2
1,50,4,11,2007,4,1,1,2,2,1,2,4,1,1,1,1,1,2,14,2,1,1,,2,2
12,50,3,11,2007,2,1,1,2,2,1,1,1,1,1,3,1,1,2,9,6,1,1,27,2,2
2,50,4,11,2007,3,7,1,2,2,1,1,1,1,1,1,1,1,2,14,6,1,1,36,2,2
2,50,4,11,2007,2,1,1,2,2,1,1,1,1,1,1,1,2,,14,6,1,1,,2,2
4,51,3,11,2007,3,1,1,2,2,1,1,2,1,1,1,3,1,2,9,6,1,1,,2,2
1,39,4,11,2007,4,6,1,2,2,4,4,1,1,1,1,1,1,2,9,6,1,1,,2,2
1,39,4,11,2007,2,7,1,2,2,4,4,2,1,1,1,1,1,2,14,6,1,1,42,2,2
1,52,4,11,2007,2,7,1,2,2,1,1,2,5,2,2,5,1,2,6,1,1,1,,2,2
1,38,4,11,2007,2,1,1,2,2,1,1,1,1,1,1,1,1,2,14,6,1,1,30,2,2
1,52,4,12,2007,3,1,1,2,2,1,1,1,1,1,1,3,1,2,14,6,1,1,,2,2
7,41,4,12,2007,4,1,1,2,2,1,2,1,1,1,1,1,1,1,9,6,1,1,,2,2
7,41,4,12,2007,4,1,1,2,2,1,4,1,1,1,1,1,1,2,19,6,1,1,,2,2
7,41,3,12,2007,4,7,1,2,2,1,4,1,1,1,1,1,1,2,10,6,1,1,,2,2
7,41,3,12,2007,3,1,1,2,2,1,1,1,1,1,1,2,1,2,7,6,1,1,,2,2
2,39,4,12,2007,4,7,1,2,2,1,2,2,1,1,1,3,1,2,19,2,1,1,42,2,2
2,39,3,12,2007,4,1,1,2,2,1,1,1,1,1,1,3,1,2,19,6,1,1,36,2,2
2,35,4,12,2007,3,1,1,2,2,1,1,1,1,1,1,2,1,2,9,6,1,1,,2,2
1,38,4,12,2007,2,1,1,2,2,1,1,1,1,1,1,1,1,2,9,6,1,1,31,2,2
1,38,4,12,2007,3,1,1,2,2,1,1,1,1,1,1,1,1,1,14,6,1,1,,2,2
4,38,4,12,2007,3,1,1,2,2,1,1,1,1,1,1,3,1,2,4,6,1,1,45,2,2
4,38,4,12,2007,2,7,1,2,2,1,1,2,1,1,2,3,1,2,14,6,1,1,,2,2
6,48,3,12,2007,2,1,1,2,2,1,2,1,1,1,2,3,1,2,14,6,1,1,,2,2
2,48,3,12,2007,2,2,1,2,2,1,1,1,1,1,1,3,1,2,19,6,1,1,,2,2
2,48,3,10,2007,3,1,1,2,2,1,1,1,1,1,1,3,1,2,4,6,1,1,,2,2
3,44,3,10,2007,3,1,1,2,2,1,1,1,1,1,1,3,1,2,14,6,1,1,,2,2
4,51,4,12,2007,2,1,1,2,2,2,1,1,1,3,2,3,1,2,16,11,1,1,,2,2
8,51,4,12,2007,3,1,1,2,2,1,1,2,1,1,2,3,1,2,2,6,1,1,,2,2
6,45,3,12,2007,2,7,1,2,2,1,1,1,1,1,1,3,1,2,14,6,1,1,,2,2
6,45,4,12,2007,2,7,1,2,2,1,1,1,1,1,1,1,1,2,9,6,1,1,,2,2
6,45,1,12,2007,2,7,1,2,2,1,2,1,1,1,1,1,1,2,9,6,1,1,35,2,2
1,50,4,12,2007,3,1,1,2,2,1,1,1,1,1,1,1,1,2,14,6,1,1,,2,2
5,50,4,12,2007,3,7,3,2,2,1,1,1,1,1,1,3,1,2,14,6,1,1,,2,2
13,50,3,12,2007,2,1,1,2,2,1,1,1,1,1,1,3,1,2,9,6,1,1,45,2,2
3,51,4,2,2007,3,1,1,2,2,1,1,1,1,1,1,4,1,2,,6,,,20,,
1,47,4,6,2007,1,1,8,2,2,1,2,2,1,1,1,1,1,2,14,11,2,7,,,
2,47,4,6,2007,3,1,1,2,2,1,1,1,1,1,1,3,1,2,9,5,1,1,,1,1
9,47,4,6,2007,1,1,1,2,2,2,4,1,2,1,1,1,1,2,11,6,1,,30,1,2
4,47,4,6,2007,3,1,1,2,2,2,1,2,2,1,2,2,1,2,9,6,1,1,,2,2
7,51,4,3,2007,3,1,1,2,2,1,1,1,1,1,1,1,1,2,9,6,1,1,,2,1
3,51,4,3,2007,3,1,1,1,2,1,1,1,1,1,1,2,1,2,9,5,1,1,44,2,2
3,51,3,3,2007,3,1,1,2,2,1,1,1,1,1,1,2,1,2,9,6,1,1,30,2,2
12,47,4,6,2007,3,1,2,2,2,2,1,1,2,1,1,1,2,2,4,5,2,1,38,2,2
8,47,4,1,2007,3,1,1,2,2,1,1,1,1,1,1,1,1,2,12,6,1,1,,1,2
1,52,3,6,2007,3,2,1,2,2,1,1,1,1,1,1,2,1,1,9,6,1,7,45,2,2
9,52,4,6,2007,2,7,1,1,2,1,2,1,1,1,1,3,1,2,9,1,1,,35,2,2
10,52,4,1,2007,4,,1,1,2,1,2,1,1,1,1,3,4,2,5,4,1,7,,2,
6,52,4,1,2007,4,1,1,2,2,1,2,1,1,1,1,3,1,2,9,6,1,1,30,1,2
9,51,3,6,2007,2,1,1,2,2,2,1,2,2,1,1,2,1,2,9,6,1,1,45,2,2
4,51,4,1,2007,3,3,1,2,2,1,1,1,1,1,1,2,2,2,9,5,1,7,,2,2
1,50,1,6,2007,2,1,1,2,2,2,1,2,2,1,1,1,1,2,9,5,1,1,,2,2
12,50,4,6,2007,3,1,1,2,2,1,1,1,1,1,1,1,1,2,9,6,1,1,,2,2
13,50,3,6,2007,3,1,1,2,2,1,1,1,1,1,1,2,1,2,8,5,1,1,,2,2
7,51,4,2,2007,2,1,1,1,2,1,1,1,1,1,1,3,1,2,9,6,1,1,,2,2
6,51,4,2,2007,4,1,1,1,2,1,2,1,1,1,1,4,1,2,17,6,1,,38,2,2
6,45,1,12,2007,3,7,2,2,2,1,1,1,1,1,1,1,1,2,10,6,1,,22,2,2
1,45,4,8,2007,2,7,1,2,2,1,4,1,1,1,1,1,1,2,9,6,1,1,,2,2
6,46,4,2,2007,1,1,1,2,2,1,4,1,1,1,1,1,1,1,14,6,,,,1,2
1,46,4,5,2007,4,1,1,2,2,1,4,1,1,1,1,1,2,,14,6,1,7,,1,2
1,46,3,6,2007,1,1,1,2,2,1,4,1,1,1,1,1,1,2,12,6,1,7,,2,2
1,41,3,7,2007,2,1,1,2,2,4,2,2,2,1,1,1,1,2,9,6,1,7,,1,2
3,41,4,4,2007,1,2,1,2,2,1,1,2,1,1,1,1,1,2,14,3,1,1,,2,2
3,44,4,5,2007,,2,1,2,1,1,1,4,1,1,1,1,1,1,9,6,1,1,,2,2
2,44,4,5,2007,1,1,1,2,2,1,1,1,1,1,1,1,1,2,9,6,1,6,,2,2
4,44,1,5,2007,1,1,1,2,2,1,4,1,1,1,1,2,1,1,5,6,1,7,45,2,2
4,44,3,5,2007,2,1,1,2,2,1,1,1,1,1,1,1,1,2,1,9,1,7,,1,1
1,38,3,2,2007,2,1,1,2,2,1,1,1,1,1,1,1,1,2,9,6,1,1,40,2,2
7,38,3,2,2007,2,3,2,1,1,1,1,2,1,1,1,1,1,2,9,6,,,,2,2
5,41,1,2,2007,2,1,2,2,2,1,1,1,1,1,1,1,,,9,6,1,1,,2,2
6,44,3,6,2007,3,1,1,2,2,1,1,1,1,1,1,1,1,2,6,6,1,7,25,2,2
1,35,4,1,2007,2,7,1,1,1,1,1,2,1,1,1,3,1,1,8,6,1,1,26,2,2
4,39,4,6,2007,1,7,3,2,2,1,1,1,1,1,1,3,3,2,9,,,,,,
1,46,2,3,2007,1,1,1,2,2,1,1,1,1,1,1,1,1,1,14,5,1,,,2,2
1,42,2,1,2007,1,1,1,2,1,1,3,1,1,1,1,5,1,1,14,6,,,,,2
1,42,3,5,2007,2,1,2,2,1,1,1,1,1,1,1,5,1,1,9,6,,,26,2,2
1,42,4,6,2007,2,1,1,2,1,1,1,1,1,1,1,5,1,1,9,6,,,,2,2
1,42,3,6,2007,3,3,4,2,1,1,1,1,1,1,1,5,1,1,10,6,,,,,
2,42,4,3,2007,2,2,4,2,1,1,1,1,1,1,1,5,1,1,9,6,,,23,2,2
3,42,4,4,2007,1,1,1,2,1,1,3,1,1,1,1,5,1,1,14,6,,,40,,2
4,42,3,4,2007,3,2,4,2,2,1,1,1,1,1,1,5,1,1,8,6,1,1,,2,2
4,42,1,7,2007,3,1,1,2,2,1,1,1,1,1,1,5,1,1,3,6,1,1,34,2,2
4,42,4,7,2007,1,3,1,1,1,1,2,1,1,1,1,5,1,1,9,6,1,1,,2,2
4,42,3,7,2007,2,3,1,2,2,1,1,1,1,1,1,5,1,1,14,6,1,1,,2,2
5,42,1,5,2007,2,2,4,1,1,1,1,1,1,1,1,5,1,1,10,6,,,,,
5,42,4,6,2007,1,1,4,1,1,1,2,1,1,1,1,5,1,1,9,,1,1,30,2,2
5,42,4,7,2007,3,3,4,2,2,1,1,1,1,1,1,5,1,1,9,6,1,1,30,2,2
5,42,3,8,2007,2,1,1,1,1,1,1,1,1,1,1,5,1,1,9,6,1,1,26,2,2
6,42,4,10,2007,4,1,1,2,2,2,2,1,2,1,1,5,1,1,9,6,1,2,36,2,2
6,42,4,11,2007,2,7,1,2,2,1,2,1,1,1,1,1,1,1,14,6,1,7,,2,2
8,42,3,5,2007,4,7,1,1,1,1,3,1,1,1,1,5,1,1,10,6,1,1,26,2,2
8,42,3,6,2007,3,1,1,2,1,1,1,1,1,1,1,5,1,1,10,6,1,1,20,2,2
8,42,3,8,2007,4,2,4,1,1,1,3,1,1,1,1,5,1,1,9,6,1,1,32,2,2
8,42,4,8,2007,4,3,1,2,1,1,3,1,1,1,1,5,1,1,9,6,1,1,,2,2
9,42,4,3,2007,4,1,1,2,1,1,3,1,3,1,1,5,1,1,9,6,1,1,25,2,2
9,42,4,3,2007,1,3,4,2,1,1,2,1,1,1,1,5,1,1,9,6,1,1,,2,2
9,42,4,6,2007,4,1,1,1,1,1,3,1,1,1,1,5,1,1,10,6,1,1,,2,2
9,42,3,8,2007,2,1,1,2,1,1,1,1,1,1,1,5,1,1,10,6,,,,,
9,42,4,8,2007,1,3,1,2,1,1,3,1,1,1,1,5,1,1,12,6,,,,2,2
9,42,3,9,2007,2,1,2,2,1,1,1,1,1,1,1,5,1,1,10,6,,,20,,
11,42,4,4,2007,4,1,1,1,1,1,2,1,1,1,1,5,1,1,14,6,,,,2,2
11,42,4,4,2007,3,1,1,1,1,1,1,1,1,1,1,5,1,1,9,6,,,,2,2
11,42,4,4,2007,4,2,4,1,1,1,3,1,1,1,1,5,1,1,19,6,,,27,2,2
12,42,3,2,2007,2,1,1,1,1,1,1,1,1,1,1,5,1,1,9,6,,,40,2,2
12,42,2,5,2007,2,1,1,2,1,1,1,1,1,1,1,5,1,1,9,6,,,50,2,2