Thana,District,Accident_Severity,Month,Year,Time,Junction_Type,Traffic_Control,Movement,Divider,Weather,Light,Road_Geometry,Surface_Condition,Surface_Type,Surface_Quality,Road_Class,Road_Feature,Location_Type,Vehicle_Type,Vehicle_Movement,Vehicle_Loading,Vehicle_Defect,Vehicle_Driver_Age,Vehicle_Alcohol,Vehicle_Seat_Belt
12,42,4,11,2007,4,3,1,2,1,1,1,1,1,1,1,5,1,1,7,6,1,7,,2,2
12,42,4,11,2007,4,1,1,2,2,1,3,1,1,1,1,5,1,1,,6,1,7,,2,2
12,42,2,11,2007,1,1,1,2,1,1,3,1,1,1,1,5,1,1,9,6,1,7,,2,2
12,42,4,12,2007,4,2,4,1,1,1,3,1,1,1,1,5,1,1,14,6,1,7,28,2,2
14,42,3,3,2007,2,2,4,2,1,1,1,1,1,1,1,1,1,1,10,6,,,55,,
15,42,3,2,2007,4,1,1,2,2,1,4,1,1,1,1,5,1,1,8,6,,,32,2,2
15,42,3,5,2007,2,1,2,2,2,1,1,1,1,1,1,5,1,1,10,6,,,25,,
15,42,4,7,2007,3,1,1,2,2,1,1,1,1,1,1,5,1,1,19,6,,,,,
16,42,4,3,2007,2,1,1,2,1,1,1,1,1,1,1,5,1,1,9,6,1,7,27,2,2
16,42,3,4,2007,4,1,1,2,1,1,3,1,1,1,1,1,5,1,19,6,1,7,,2,2
16,42,3,4,2007,1,1,1,2,1,1,3,1,1,1,1,5,1,1,14,6,1,7,,2,2
16,42,3,5,2007,2,1,4,2,1,1,1,1,1,1,1,5,1,1,14,6,,,35,2,2
17,42,4,2,2007,2,2,4,2,1,1,1,1,1,1,1,5,1,1,10,6,,,,,
17,42,2,4,2007,3,1,1,1,1,1,1,1,1,1,1,5,1,1,12,6,1,7,30,2,2
17,42,3,5,2007,2,1,1,2,1,1,1,1,1,1,1,5,1,1,10,6,1,1,,2,2
17,42,3,6,2007,3,7,8,2,1,2,1,1,2,1,1,5,1,1,4,6,1,7,36,2,1
17,42,2,6,2007,2,3,2,2,1,1,1,1,1,1,1,5,1,1,8,6,1,7,30,2,2
18,42,4,2,2007,3,3,4,2,1,1,1,1,1,1,1,1,1,1,9,6,1,7,,2,2
21,42,4,6,2007,2,1,1,2,2,1,1,1,1,1,1,5,1,1,9,6,1,7,50,2,2
21,42,3,7,2007,2,1,1,2,1,1,1,1,1,1,1,5,1,1,10,6,1,7,20,2,2
21,42,4,8,2007,2,1,1,2,1,1,1,1,1,1,1,5,1,1,9,6,1,7,25,2,2
21,42,4,9,2007,1,1,1,2,2,1,3,1,1,1,1,1,1,1,14,6,1,7,,2,2
22,42,4,3,2007,4,3,1,2,1,1,3,3,1,1,1,3,1,1,19,6,1,1,40,2,2
22,42,4,4,2007,2,1,8,2,1,1,3,1,1,1,1,1,1,1,19,6,1,7,45,2,2
22,42,1,5,2007,2,2,2,2,1,1,1,1,1,1,1,1,1,1,7,6,1,1,30,2,2
22,42,3,5,2007,1,7,2,2,1,1,3,1,1,1,1,1,1,1,14,6,1,1,33,2,2
23,42,4,1,2007,4,1,1,2,1,1,2,1,1,1,1,1,1,1,14,6,2,,,,2
23,42,4,1,2007,1,1,1,2,1,1,3,1,1,1,1,1,1,1,14,6,1,7,,2,2
23,42,4,2,2007,1,3,1,2,2,1,1,1,1,1,1,1,1,1,14,6,1,7,,2,2
23,42,2,12,2007,2,1,1,2,1,1,1,1,1,1,1,1,1,1,9,6,1,7,,2,2
2,42,4,8,2007,2,1,1,2,1,1,1,1,1,1,1,5,1,1,9,6,1,7,,2,2
9,42,3,8,2007,2,1,1,1,1,1,1,1,1,1,1,5,1,1,10,6,,,,2,2
9,42,4,8,2007,1,3,1,2,1,1,3,1,1,1,1,5,1,1,12,6,,,,2,2
9,42,3,9,2007,2,1,2,2,1,1,1,1,1,1,1,5,1,1,10,6,,,20,,
11,42,4,4,2007,4,1,1,1,1,1,2,1,1,1,1,5,1,1,14,6,1,1,,2,2
11,42,4,4,2007,3,1,1,2,1,1,1,1,1,1,1,5,1,1,9,6,1,1,,2,2
11,42,3,10,2007,2,3,4,1,1,1,1,1,1,1,1,5,1,1,14,6,1,7,,2,2
11,42,4,12,2007,2,1,1,1,1,1,1,1,1,1,1,5,1,1,9,6,1,7,36,2,2
11,42,4,12,2007,3,1,1,2,1,1,1,1,1,1,1,5,1,1,9,6,1,7,,2,2
11,42,4,12,2007,2,1,1,1,1,1,1,1,1,1,1,5,1,1,9,6,1,7,,2,2
12,42,3,2,2007,2,1,1,1,1,1,1,1,1,1,1,5,1,1,9,6,,,40,2,2
12,42,2,5,2007,2,1,1,2,1,1,1,1,1,1,1,5,1,1,9,6,,,50,2,2
12,42,1,9,2007,2,1,2,2,1,1,1,1,1,1,1,5,1,1,12,6,1,7,,2,2
12,42,4,9,2007,3,1,2,2,1,1,1,1,1,1,1,5,1,1,9,6,1,7,35,2,2
12,42,4,10,2007,4,3,1,2,1,1,3,1,1,1,1,5,1,1,9,6,1,7,,2,2
14,42,3,3,2007,2,2,4,2,1,1,1,1,1,1,1,1,1,1,10,6,,,55,2,2
16,42,3,5,2007,2,1,4,2,1,1,1,1,1,1,1,5,1,1,14,6,1,7,35,2,2
27,42,4,4,2007,1,1,1,2,1,1,3,1,1,1,1,5,1,1,8,6,,,18,2,2
29,42,2,2,2007,2,1,4,2,2,1,1,1,1,1,1,5,1,1,9,6,1,7,30,2,2
29,42,3,4,2007,3,1,1,2,1,1,1,1,1,1,1,5,1,1,9,6,1,7,,2,2
33,42,4,3,2007,2,1,4,1,1,1,1,1,1,1,1,5,1,1,9,6,1,7,30,2,2
33,42,4,4,2007,2,1,1,2,1,1,1,1,1,1,1,1,1,1,14,6,,,,,2
33,42,3,5,2007,2,3,1,2,1,1,2,1,1,1,1,1,1,1,9,6,1,7,,,2
33,42,3,5,2007,2,1,1,2,2,1,1,1,1,1,1,1,1,1,9,6,1,7,,,2
33,42,4,7,2007,3,1,1,1,1,1,1,1,1,1,1,1,1,1,9,6,,,,,2
33,42,3,8,2007,2,1,1,2,2,1,1,1,1,1,1,5,1,1,14,6,,,20,,2
33,42,3,8,2007,3,3,4,2,1,1,1,1,1,1,1,5,1,1,14,6,,,,,2
33,42,4,9,2007,2,1,4,2,1,1,1,1,1,1,1,5,1,1,5,6,,,,,2
28,42,3,10,2007,2,1,8,2,1,1,1,,1,1,1,5,1,1,5,2,1,7,35,1,2
1,21,4,3,2007,4,1,1,1,2,1,3,1,1,1,1,1,1,1,14,6,1,1,,2,2
1,21,3,5,2007,2,7,8,2,2,1,1,1,1,1,1,1,1,1,12,6,1,7,23,2,2
1,21,4,5,2007,2,1,4,1,1,1,1,1,1,1,1,1,1,1,14,2,1,1,35,2,2
3,21,4,2,2007,2,1,1,2,2,1,1,1,1,1,1,3,1,2,6,6,1,1,,2,2
3,21,3,6,2007,3,1,8,2,2,1,1,1,1,1,1,1,1,2,19,2,1,1,,2,2
3,21,3,6,2007,3,1,1,2,2,1,1,1,1,1,1,1,1,1,14,6,1,1,,2,2
3,21,4,8,2007,3,1,1,2,2,1,1,1,1,1,1,1,1,2,9,5,1,1,,2,2
5,21,4,2,2007,2,1,4,1,2,1,1,1,1,1,1,3,1,2,8,6,1,1,,2,2
5,21,4,4,2007,3,1,1,1,2,1,1,1,1,1,1,3,1,2,8,6,1,1,,2,2
5,21,4,4,2007,3,3,1,2,1,1,1,1,1,1,1,3,1,2,14,6,1,1,,2,2
4,21,4,8,2007,2,1,1,2,1,1,1,1,1,1,1,2,1,2,14,5,1,1,,2,2
6,21,4,3,2007,3,1,1,2,2,1,1,1,1,1,1,4,1,2,19,6,1,1,25,2,2
1,19,4,3,2007,1,1,1,1,2,1,2,1,1,1,1,4,1,2,13,6,1,1,42,2,2
2,23,4,4,2007,3,7,8,1,2,1,1,1,1,1,2,4,1,2,8,6,1,1,,2,2
5,26,4,4,2007,2,1,1,2,2,1,1,1,1,1,1,1,1,2,13,6,1,1,30,2,2
1,26,4,6,2007,3,1,1,1,2,1,1,1,1,1,1,2,1,2,,,,,,,
7,26,4,4,2007,3,1,1,2,2,1,1,2,1,1,1,3,1,2,8,6,1,1,,2,2
4,26,4,4,2007,1,2,1,2,2,1,4,1,1,1,1,1,1,1,12,6,1,1,40,2,2
4,26,4,6,2007,2,1,1,2,2,1,1,1,1,1,1,2,1,2,8,6,1,1,,2,2
1,22,3,1,2007,3,1,1,1,2,1,1,1,1,1,1,1,1,2,9,10,1,1,40,2,2
1,22,4,5,2007,3,1,1,2,2,1,1,1,1,1,1,3,1,2,4,6,1,1,40,2,2
1,25,4,3,2007,1,2,2,2,1,1,1,1,1,1,1,1,1,1,9,5,1,1,,2,2
7,25,3,3,2007,3,1,1,2,2,1,1,1,1,1,2,2,1,2,8,4,1,1,33,2,2
3,25,4,1,2007,2,7,1,2,2,1,1,1,1,1,1,2,1,2,9,5,1,1,,2,2
3,25,4,2,2007,3,1,1,2,2,1,1,1,1,1,1,2,1,2,9,6,1,7,35,2,2
4,25,4,2,2007,2,1,1,2,2,1,1,1,1,1,1,1,1,2,9,6,1,1,,2,2
3,20,3,4,2007,2,1,1,2,2,1,1,1,1,1,1,4,1,2,14,6,1,1,,2,2
1,20,4,1,2007,3,1,1,1,2,1,1,1,1,1,1,1,1,2,16,6,1,1,45,2,2
1,20,4,3,2007,2,1,1,2,2,1,1,1,1,1,1,2,1,2,9,2,1,1,,2,2
2,26,1,11,2007,2,1,1,1,2,1,1,1,1,1,2,3,1,2,4,6,1,1,18,2,2
5,26,4,8,2007,3,1,1,2,1,1,1,1,1,1,1,1,1,1,9,6,1,1,,2,2
8,24,4,7,2007,3,1,1,1,1,1,1,1,2,1,1,1,1,1,8,1,1,1,38,2,2
1,24,3,4,2007,3,1,1,2,2,1,1,1,1,1,1,5,1,1,10,6,1,1,,2,2
1,24,4,5,2007,3,1,1,2,2,1,1,1,1,1,1,1,1,2,9,6,1,1,,2,2
1,24,4,5,2007,2,1,1,2,2,1,2,1,1,1,1,1,1,2,9,6,1,1,45,2,2
3,21,4,9,2007,2,1,1,1,2,1,1,1,1,1,1,1,1,2,9,6,1,1,,2,2
3,21,3,9,2007,3,1,1,1,2,1,1,1,1,1,1,1,1,2,14,8,1,1,,2,2
3,21,4,10,2007,3,1,1,1,2,1,1,1,1,1,1,4,1,2,7,6,1,1,,2,2
1,19,4,11,2007,3,2,8,1,2,1,1,1,1,1,1,3,1,2,19,6,1,7,55,2,2
2,19,4,12,2007,3,1,1,2,2,1,1,1,1,1,1,2,1,2,14,6,1,1,,2,2
3,19,4,12,2007,3,1,8,1,2,1,2,1,1,1,1,4,1,2,19,7,2,7,30,2,2
4,20,4,12,2007,2,7,1,1,2,4,1,1,1,1,1,4,1,2,14,6,1,1,,2,2
3,20,4,12,2007,3,1,1,1,2,1,1,1,1,1,1,3,1,2,9,6,1,1,,2,2
1,29,4,10,2007,3,1,1,1,2,1,1,1,1,1,1,2,1,2,14,6,1,1,,2,2
1,29,4,12,2007,3,1,1,1,2,1,1,2,1,1,1,2,1,2,9,6,1,7,38,2,2
1,29,3,12,2007,3,1,1,1,2,1,1,1,1,1,1,2,1,2,9,6,1,1,,2,2
5,29,4,1,2007,1,1,1,2,2,1,2,1,1,1,1,1,1,2,8,6,1,1,25,2,2
5,29,4,3,2007,2,1,1,1,2,1,2,1,1,1,1,1,1,2,14,6,2,2,,2,2
1,24,4,10,2007,2,1,1,2,1,1,1,1,1,1,1,3,1,2,9,6,1,1,,2,2
2,24,4,12,2007,2,1,8,1,2,1,1,1,1,1,1,1,1,2,14,6,1,1,,2,2
2,24,4,9,2007,3,7,8,2,2,1,1,1,1,1,1,3,1,2,13,6,1,1,25,2,2
5,18,4,12,2007,2,1,1,1,2,1,1,1,1,1,1,3,1,2,14,6,1,1,,2,2
2,18,4,8,2007,3,7,1,2,2,1,1,1,1,1,1,1,1,2,10,5,1,1,30,2,2
1,25,3,8,2007,3,1,1,1,2,1,1,1,1,1,1,1,1,2,8,6,1,7,,2,2
1,25,4,10,2007,3,1,1,2,2,1,1,1,1,1,1,1,1,2,9,1,1,1,,2,2
7,25,4,12,2007,2,1,1,1,2,1,1,3,1,1,3,2,1,2,8,6,1,1,28,2,2
5,26,4,12,2007,3,1,1,2,2,1,1,1,1,1,1,1,1,1,14,6,1,1,,2,2
2,24,4,7,2007,3,3,1,2,2,1,1,1,1,1,1,1,1,1,14,6,1,1,,2,2
9,24,4,7,2007,3,4,3,2,1,2,1,2,1,1,1,1,1,,13,2,1,1,,2,2
3,24,4,11,2007,3,1,1,2,1,1,1,1,1,1,1,1,1,,10,6,1,1,,2,2
3,21,4,11,2007,3,1,1,2,2,1,2,1,1,1,1,3,1,2,14,6,1,1,35,2,2
3,21,4,10,2007,3,1,1,2,2,1,1,1,1,1,1,1,,1,14,6,1,1,,2,2
3,21,4,9,2007,2,1,1,2,2,2,1,1,1,1,1,1,1,2,14,7,1,1,45,2,2
1,24,3,11,2007,3,3,1,2,2,1,2,1,1,1,1,5,1,1,6,7,2,3,28,1,2
1,29,4,2,2007,3,1,1,2,2,1,1,2,1,1,1,3,1,2,6,6,,1,32,,2
8,29,3,12,2007,4,1,1,2,2,1,2,1,1,1,1,1,2,2,9,5,1,1,37,2,2
1,29,4,4,2007,2,1,1,2,1,1,1,1,1,1,1,,,1,9,6,1,1,,2,2
2,21,4,4,2007,4,1,1,2,2,1,4,1,1,1,1,4,1,2,14,6,2,1,45,1,2
5,21,4,12,2007,3,3,3,2,2,1,1,2,1,1,1,4,1,2,9,5,1,1,,2,2
3,21,4,2,2007,2,1,1,2,2,4,1,1,1,1,1,1,1,2,14,6,1,1,,2,2
3,21,4,3,2007,2,1,1,1,,1,1,,1,1,1,1,1,,17,6,1,1,,2,2
3,29,4,5,2007,4,1,4,2,2,1,1,2,1,1,1,1,1,2,12,,1,7,,2,2
4,21,4,2,2007,2,1,1,1,2,1,1,1,1,1,1,1,,,9,6,1,1,40,2,
4,21,3,7,2007,2,1,1,2,2,1,1,1,1,1,1,1,1,2,9,2,2,6,30,1,
3,20,1,2,2007,1,1,1,1,,4,2,2,2,1,1,2,1,2,7,6,1,1,,2,2
4,20,4,1,2007,2,1,8,2,2,1,1,2,1,1,,,1,2,9,6,1,1,,2,
20,1,4,12,2007,2,1,1,2,,1,1,1,1,1,1,4,1,2,8,6,1,1,,2,2
4,20,4,10,2007,1,1,1,2,1,2,1,1,1,1,1,1,2,,1,9,1,1,,2,2
2,19,4,2,2007,2,1,1,2,2,1,2,1,1,1,1,2,1,2,9,6,1,1,,2,2
1,18,4,6,2007,2,7,1,2,2,1,1,1,1,1,1,1,1,1,2,11,1,,,2,2
1,18,4,3,2007,2,,,2,1,,,,,,,,,,14,6,1,1,,2,2
7,18,4,6,2007,3,1,1,2,2,1,1,2,2,1,1,1,1,2,9,6,1,1,,2,2
6,18,3,3,2007,1,1,1,2,1,1,4,1,1,1,1,1,1,2,14,5,1,,45,2,2
6,18,4,4,2007,3,1,1,2,2,1,1,1,1,1,1,1,1,2,9,,,,,,2
6,18,3,4,2007,2,7,1,2,1,1,1,1,1,1,1,1,1,2,14,5,1,1,,,
6,18,4,5,2007,1,,1,1,2,2,1,2,2,1,1,1,1,2,14,2,1,1,,2,2
6,18,3,5,2007,3,7,1,1,2,1,1,2,1,1,1,4,1,2,13,1,1,1,35,2,2
6,18,4,7,2007,3,7,3,1,2,2,1,,2,1,1,1,1,2,9,4,1,1,45,2,2
5,18,4,1,2007,3,3,8,1,2,1,1,3,1,1,1,4,1,2,4,4,2,7,,1,2
1,21,4,9,2007,3,1,1,2,2,1,1,1,1,1,1,4,1,2,14,6,1,1,,2,2
1,21,4,11,2007,2,1,1,2,2,1,1,1,1,1,1,1,1,2,14,6,1,1,,2,2
2,20,4,9,2007,3,1,1,2,1,1,1,1,1,1,1,2,1,2,14,6,1,1,,2,
1,20,4,3,2007,4,1,1,2,,1,3,1,1,1,1,4,1,1,5,6,1,1,,2,2
2,28,4,4,2007,3,7,1,2,2,1,1,1,1,1,1,5,1,1,9,6,1,4,30,2,2
2,28,1,4,2007,3,5,4,2,1,1,1,1,1,1,1,1,1,1,8,11,1,1,32,2,2
5,28,4,4,2007,3,3,1,2,2,1,1,1,1,1,1,5,1,1,9,6,1,4,30,2,2
5,28,3,4,2007,3,5,4,2,1,1,1,1,1,1,1,1,1,1,8,3,1,1,32,2,2
1,28,4,1,2007,4,2,1,2,2,1,3,1,1,1,1,5,1,1,9,6,1,7,35,2,2
2,28,1,7,2007,2,1,1,2,2,1,1,1,1,1,1,1,1,1,9,5,1,7,,2,2
2,28,1,7,2007,1,1,8,2,1,1,3,1,1,1,1,5,,1,14,6,1,7,,2,2
2,28,3,9,2007,3,1,1,2,2,1,1,1,1,1,1,1,1,1,8,6,1,1,,2,2
4,28,4,12,2007,2,4,1,2,2,1,1,1,1,1,1,3,1,1,9,5,1,1,,1,2
1,15,4,1,2007,4,4,4,2,2,1,3,2,1,1,1,1,1,1,14,1,1,1,55,2,2
1,15,4,1,2007,3,1,4,2,2,1,1,1,1,1,1,1,1,1,4,1,1,7,,2,2
1,15,4,3,2007,4,1,1,2,2,1,4,1,1,1,1,1,1,2,4,6,1,1,20,2,2
6,15,3,2,2007,1,7,1,2,1,1,4,1,1,1,1,1,1,1,6,6,1,7,,2,2
9,13,4,4,2007,4,7,1,2,2,1,4,1,1,1,1,3,1,1,19,6,1,7,30,2,2
8,13,4,4,2007,1,1,1,2,2,1,2,2,1,1,1,1,1,1,14,7,1,1,,2,2
8,9,4,6,2007,3,1,1,2,2,1,1,1,1,1,1,2,1,2,17,6,1,7,,2,2
12,9,3,5,2007,4,1,1,2,2,1,1,1,1,1,1,1,1,1,2,4,1,7,,2,2
10,9,3,5,2007,4,3,8,2,2,1,4,1,1,1,1,1,1,2,7,1,1,5,42,2,2
3,12,4,3,2007,2,1,4,2,2,1,2,1,1,1,1,3,1,2,9,6,1,7,,2,2
12,9,4,2,2007,1,3,8,2,2,1,3,1,1,1,1,1,1,1,7,6,1,7,,2,2
11,9,4,2,2007,2,7,1,2,2,2,1,1,2,1,1,1,2,2,14,6,1,1,35,1,2
6,13,4,2,2007,2,1,1,2,2,1,1,2,1,1,1,2,1,2,9,6,1,7,,2,2
3,13,4,2,2007,2,7,1,2,2,1,1,1,1,1,1,4,1,2,8,5,1,1,,2,2
1,12,4,6,2007,3,7,1,2,2,1,1,1,1,1,1,2,1,2,14,6,1,1,35,2,2
1,15,4,6,2007,1,1,8,2,2,1,4,1,1,1,1,1,2,1,14,11,1,6,35,2,2
8,13,4,1,2007,4,3,1,2,2,1,2,1,1,1,1,1,1,2,14,7,2,7,,2,2
8,13,4,1,2007,3,3,1,2,2,1,1,1,1,1,1,3,1,2,14,7,1,1,,2,2
13,3,4,3,2007,3,3,1,2,2,1,1,1,1,1,1,3,1,2,8,6,1,7,,2,2
1,3,4,3,2007,3,2,1,1,2,1,1,1,1,1,1,1,1,1,17,6,1,7,,2,2
1,12,4,5,2007,3,4,1,2,2,1,1,1,1,1,1,2,1,1,14,6,1,1,27,2,2
7,16,4,3,2007,3,1,3,2,2,1,1,1,1,1,1,3,1,2,2,6,1,7,45,2,2
10,16,4,3,2007,3,3,1,2,2,1,1,1,1,1,1,3,1,2,9,4,1,7,38,2,2
4,16,3,3,2007,3,1,1,2,2,1,1,2,1,1,1,2,1,2,8,6,2,7,27,2,2
6,16,4,3,2007,2,2,8,2,2,1,1,1,1,1,1,1,1,1,9,6,1,7,24,1,2
6,16,4,3,2007,3,7,8,2,2,1,1,1,1,1,1,3,1,2,9,6,1,7,48,1,2
2,9,4,4,2007,4,1,8,2,2,1,4,1,1,1,1,2,1,1,14,6,1,3,,2,2
4,9,4,5,2007,1,1,1,2,2,2,3,1,2,1,1,2,1,1,13,2,1,1,,2,2
4,9,4,5,2007,2,1,1,1,2,1,1,1,1,1,1,4,1,2,6,6,1,7,,2,2
7,9,2,5,2007,2,1,8,2,2,1,1,1,5,1,1,1,1,1,8,11,1,7,,2,2
1,7,3,3,2007,2,7,8,2,2,1,1,2,1,1,1,1,1,1,9,6,1,3,30,2,2
1,1,1,3,2007,3,1,1,2,2,1,1,1,1,1,1,2,1,2,4,6,1,1,50,2,2
2,1,4,3,2007,1,7,1,2,2,1,4,1,1,1,2,2,1,2,8,6,1,3,40,2,2
2,2,1,2,2007,3,1,8,2,2,1,1,1,1,1,1,3,1,2,14,6,1,7,30,2,2
1,2,4,2,2007,2,1,1,2,2,1,1,1,1,1,1,2,1,2,8,6,1,7,,1,2
10,16,4,2,2007,3,1,1,2,2,1,1,1,1,1,1,1,1,1,9,11,1,7,,2,2
2,16,4,2,2007,2,1,1,2,2,1,1,1,1,1,1,4,4,2,13,6,1,1,,2,2
6,16,4,2,2007,4,1,1,1,2,1,2,1,1,1,1,1,2,1,13,6,1,7,,2,2
8,16,4,2,2007,2,2,1,2,2,1,1,1,1,1,1,3,1,2,8,6,1,3,,2,2
1,2,3,1,2007,3,1,1,2,2,1,1,1,1,1,1,1,1,1,16,6,1,7,45,2,2
1,2,4,7,2007,3,1,1,2,2,2,1,1,2,1,2,2,1,2,14,6,1,7,,1,2
1,2,4,3,2007,3,7,1,2,2,1,1,2,1,1,1,3,1,2,19,6,1,7,,2,2
4,2,4,6,2007,2,2,1,1,2,1,1,1,1,1,1,2,1,2,17,6,1,7,28,2,2
2,16,4,1,2007,3,2,1,2,2,1,1,1,1,1,1,3,1,2,1,11,1,7,,2,2
7,16,4,1,2007,3,1,1,1,2,1,1,1,1,1,1,1,1,1,9,5,1,7,35,2,2
1,7,3,1,2007,2,7,1,2,2,4,2,2,1,1,1,5,1,1,9,4,1,1,,2,2
1,1,3,6,2007,1,1,2,2,2,1,2,1,1,1,1,1,1,1,14,6,1,1,45,2,2
1,1,4,6,2007,2,1,1,2,2,1,1,1,1,1,1,1,1,1,8,6,1,1,27,2,2
1,1,4,7,2007,3,1,1,2,2,1,1,1,1,1,1,3,1,2,17,6,1,1,40,2,2
1,1,4,7,2007,3,1,1,2,2,1,1,1,1,1,1,3,1,2,4,6,1,1,24,2,1
3,1,4,6,2007,3,1,1,2,1,1,1,1,1,1,1,3,1,1,8,6,1,1,,1,2
9,16,3,4,2007,1,1,1,2,2,1,4,1,1,1,1,2,1,2,4,2,1,7,30,2,1
7,16,4,4,2007,1,1,4,2,1,1,4,1,1,1,1,3,1,2,5,5,1,7,,2,2
7,16,4,4,2007,1,1,3,2,2,1,2,3,1,1,1,3,1,2,9,3,1,7,,2,2
2,16,3,4,2007,3,7,1,2,2,1,1,1,1,1,1,4,1,2,13,6,1,1,,2,2
9,16,1,4,2007,3,4,1,2,2,1,1,1,1,1,1,1,1,1,8,6,1,1,40,1,2
12,9,4,3,2007,1,1,1,2,2,1,4,1,1,1,1,1,1,1,9,11,1,7,,1,2
4,2,4,11,2007,3,4,8,2,2,1,1,2,1,1,1,3,1,1,8,6,1,7,,2,2
12,9,4,3,2007,2,1,8,2,2,1,1,1,1,1,1,1,1,1,14,6,1,7,,2,2
12,9,4,10,2007,3,7,8,2,2,1,1,1,1,1,1,1,1,1,11,6,1,7,,2,2
7,13,3,11,2007,4,7,1,1,2,1,2,1,1,1,1,2,,,8,6,1,7,,2,2
4,12,4,11,2007,3,7,1,2,2,1,1,1,1,1,1,2,1,2,19,6,1,7,25,2,2
4,12,3,11,2007,3,5,1,2,2,1,4,2,1,1,1,4,1,2,19,6,1,7,,2,2
3,12,4,3,2007,2,1,4,2,2,1,1,1,1,1,1,3,1,2,9,6,1,7,,2,2
5,12,4,5,2007,3,4,1,2,2,1,1,1,1,1,1,2,1,1,14,6,1,1,27,2,2
1,12,4,6,2007,3,7,1,2,2,1,1,1,1,1,1,2,1,1,14,6,1,7,35,2,2
12,9,4,10,2007,3,7,3,2,2,1,1,1,1,1,1,1,1,1,11,6,1,7,,2,2
9,13,3,8,2007,2,7,8,2,2,1,1,1,1,1,1,2,1,2,9,11,1,7,42,2,2
6,9,4,10,2007,3,2,1,1,2,1,1,1,1,1,1,2,1,1,8,11,1,7,35,2,2
1,9,1,7,2007,3,1,1,2,2,1,1,1,1,1,1,1,1,1,6,6,1,7,,2,2
1,9,4,7,2007,2,1,1,2,2,1,1,2,2,1,1,2,1,2,9,2,1,1,,1,2
1,9,4,9,2007,2,1,1,1,2,1,1,1,1,1,1,1,1,1,13,6,1,1,,1,2
1,9,4,11,2007,4,1,1,2,2,1,2,1,1,1,1,2,1,2,5,6,1,7,,1,2
1,3,4,1,2007,3,7,8,1,2,1,1,1,1,1,1,2,1,1,17,6,1,7,,2,2
7,16,4,5,2007,3,7,1,1,2,1,1,1,1,1,1,3,1,2,2,4,1,7,,2,2
1,16,4,8,2007,2,1,1,1,2,1,1,1,1,1,1,2,1,2,14,6,1,1,45,2,2
10,16,4,8,2007,2,1,1,2,2,1,1,1,1,1,1,1,1,1,9,6,1,7,50,2,2
10,16,4,6,2007,2,1,1,2,2,1,1,1,1,1,1,1,1,1,9,6,1,7,,2,2
1,2,4,10,2007,2,7,1,2,2,1,2,1,1,1,1,2,1,2,9,6,1,1,45,1,2
1,10,3,8,2007,2,1,1,2,2,1,1,1,1,1,1,1,1,1,9,11,1,1,36,2,2
1,10,4,8,2007,4,1,1,2,2,2,1,1,2,1,1,3,1,1,9,5,1,7,28,2,2
2,10,3,7,2007,2,1,1,1,2,1,1,2,1,1,1,4,1,2,4,4,1,7,35,2,2
2,10,3,2,2007,4,1,1,2,2,1,1,1,1,1,1,4,1,2,2,5,1,7,18,2,2
1,2,4,9,2007,2,1,1,2,2,2,1,1,2,1,1,1,,,2,6,1,1,26,2,2
1,2,4,9,2007,3,1,1,1,2,1,1,1,1,1,1,3,1,2,17,6,1,7,,2,2
5,13,4,9,2007,4,1,1,2,2,1,3,1,1,1,1,2,1,1,7,6,1,7,,2,2
5,10,4,2,2007,3,2,1,2,2,2,1,1,2,1,1,3,4,2,17,6,2,3,22,2,2
1,1,4,9,2007,3,1,1,2,2,1,1,1,1,1,1,1,1,1,14,6,1,1,45,2,2
2,1,3,9,2007,2,3,1,2,2,1,1,1,1,1,1,2,1,1,1,2,1,1,50,2,2
2,7,3,6,2007,4,7,8,2,1,1,2,1,1,1,1,4,1,2,1,6,1,7,,2,2
3,12,4,9,2007,4,1,4,2,2,1,3,1,1,1,1,2,1,2,19,6,1,7,,2,2
12,9,3,10,2007,3,2,1,2,1,1,1,1,1,1,1,1,1,1,14,6,1,7,,2,2
4,9,3,11,2007,2,7,1,1,2,1,1,1,1,1,1,2,1,1,6,6,1,7,,2,2
2,9,4,7,2007,3,3,1,2,2,1,1,3,1,1,1,4,1,2,9,6,1,7,34,2,2
5,9,3,8,2007,4,1,1,2,2,2,3,2,2,1,2,4,1,2,5,2,1,2,,2,2
2,6,4,6,2007,3,7,8,2,2,1,1,1,1,1,2,1,1,1,9,6,1,7,,2,2
4,6,4,6,2007,3,1,1,2,2,1,1,1,1,1,1,1,4,1,9,6,1,7,55,2,2
4,6,1,9,2007,4,1,1,2,2,1,2,1,1,1,1,2,4,2,9,6,1,1,35,2,2
4,6,1,3,2007,3,4,1,2,2,1,1,4,1,1,1,2,1,2,19,1,1,7,20,2,2
5,6,4,1,2007,3,3,1,2,2,1,1,1,1,1,1,1,1,1,14,6,1,7,,2,2
1,5,4,7,2007,3,7,1,1,2,1,1,1,1,1,1,2,1,1,9,6,1,7,,2,2
1,5,1,5,2007,3,7,4,1,1,1,1,1,1,1,1,1,1,1,8,6,1,1,33,2,2
1,5,3,2,2007,2,7,1,2,2,1,1,1,1,1,1,2,1,2,8,6,1,7,27,2,2
4,5,3,4,2007,3,1,8,2,2,1,1,1,1,1,1,1,1,1,13,6,1,7,,2,2
5,5,2,5,2007,1,1,1,2,2,1,4,1,1,1,1,1,1,1,14,6,1,4,,2,2