Thana,District,Accident_Severity,Month,Year,Time,Junction_Type,Traffic_Control,Movement,Divider,Weather,Light,Road_Geometry,Surface_Condition,Surface_Type,Surface_Quality,Road_Class,Road_Feature,Location_Type,Vehicle_Type,Vehicle_Movement,Vehicle_Loading,Vehicle_Defect,Vehicle_Driver_Age,Vehicle_Alcohol,Vehicle_Seat_Belt
5,5,4,2,2007,4,7,1,2,2,2,2,1,2,1,1,1,1,1,12,4,1,7,32,2,2
5,5,4,4,2007,2,7,1,2,2,1,1,1,1,1,1,3,1,2,14,4,1,7,,2,2
5,5,3,8,2007,2,1,1,1,2,1,2,1,1,1,1,1,1,1,9,6,1,1,,2,2
5,5,4,7,2007,2,1,1,2,2,1,1,1,1,1,1,1,1,1,14,6,1,7,33,2,2
5,5,4,6,2007,1,1,1,2,2,2,4,1,2,1,1,1,1,1,7,4,1,7,33,2,2
5,5,3,3,2007,2,7,1,2,2,1,1,1,1,1,1,3,1,2,14,6,1,7,,2,2
7,5,4,3,2007,2,1,1,1,2,1,1,1,1,1,1,1,1,1,9,6,1,7,,2,2
1,6,4,2,2007,3,1,1,2,1,1,1,1,1,1,1,1,1,1,8,6,1,1,,2,2
3,6,4,11,2007,3,1,1,1,2,1,1,1,1,1,1,1,1,1,9,6,1,1,,2,2
3,6,4,10,2007,3,1,1,2,2,1,1,1,1,1,1,1,1,1,14,6,1,7,30,2,2
5,6,4,11,2007,2,1,1,1,2,1,1,1,1,1,1,2,1,2,19,6,1,1,52,2,2
5,6,4,12,2007,4,1,1,2,2,1,4,1,1,1,1,1,1,1,14,6,1,1,,2,2
1,9,4,7,2007,1,1,1,2,2,1,4,1,1,1,1,1,1,1,9,6,1,1,,2,2
1,9,4,8,2007,3,3,1,1,1,1,1,1,1,1,1,1,1,1,9,6,1,1,,2,2
1,9,4,12,2007,3,7,8,2,2,1,1,1,1,1,1,1,1,1,9,6,1,1,27,2,2
11,9,3,7,2007,3,7,8,2,2,1,1,1,1,1,1,1,1,1,10,7,1,1,,2,2
12,9,2,12,2007,3,7,8,2,2,1,1,1,1,1,1,1,1,1,14,6,1,1,44,2,2
12,9,3,12,2007,2,1,1,1,2,1,1,1,1,1,1,3,1,2,12,6,1,1,35,2,2
10,9,4,12,2007,1,7,1,2,2,4,2,3,1,1,3,1,1,1,9,6,1,1,,2,2
1,5,4,9,2007,3,7,8,2,2,1,1,1,1,1,1,1,1,1,9,7,1,1,,2,2
4,5,3,9,2007,2,7,8,2,2,1,2,1,1,1,1,1,1,1,9,4,1,1,,2,2
1,17,3,6,2007,2,7,8,1,2,1,1,1,1,1,1,2,1,2,14,6,1,1,37,2,2
1,17,4,1,2007,2,7,1,2,2,1,1,1,1,1,1,3,1,2,5,5,1,7,25,2,2
9,17,4,6,2007,4,7,8,2,2,1,3,1,1,1,1,1,1,1,9,6,1,7,,2,2
7,17,4,12,2007,3,1,1,2,2,1,1,2,1,1,1,1,1,1,7,2,1,1,,1,2
1,10,4,12,2007,2,7,8,1,2,1,1,1,1,1,1,2,1,2,9,11,1,7,32,2,2
4,10,4,12,2007,2,7,8,2,2,1,2,3,1,1,1,3,1,2,14,5,1,7,45,2,2
5,1,3,12,2007,3,7,1,2,2,1,1,1,1,1,1,1,1,1,17,6,1,1,,2,2
4,1,3,11,2007,3,1,8,2,2,1,1,2,1,1,1,2,1,2,4,6,1,1,,2,2
1,4,3,1,2007,4,1,1,2,2,4,4,1,1,1,1,2,1,2,8,11,1,1,32,2,2
1,15,4,10,2007,3,5,1,2,1,1,1,2,1,1,1,1,1,1,8,1,1,1,,2,2
1,15,4,11,2007,3,1,1,2,2,1,1,1,1,1,1,1,1,1,9,11,1,1,,2,2
1,15,4,11,2007,1,7,1,2,1,1,2,1,1,1,1,1,1,1,13,6,1,1,,2,2
1,4,3,7,2007,1,1,1,2,2,1,2,2,1,1,1,2,1,2,8,4,1,1,32,2,2
1,4,4,2,2007,3,4,1,2,2,1,1,1,1,1,1,2,1,2,8,6,1,1,28,2,2
3,4,4,2,2007,4,7,8,2,2,4,2,1,5,1,1,2,4,2,14,11,1,7,48,2,2
6,4,4,5,2007,4,1,1,2,2,1,4,1,1,1,1,2,1,1,9,11,1,7,40,2,2
6,4,4,1,2007,2,3,8,2,2,4,1,1,2,1,1,1,1,1,8,6,1,7,,2,2
8,13,4,12,2007,2,1,1,2,2,2,1,1,2,2,1,2,1,,14,11,1,1,,1,2
6,13,4,11,2007,1,7,1,2,2,1,4,1,1,1,1,2,1,2,12,6,1,1,25,1,2
6,13,3,12,2007,2,7,2,2,1,1,1,1,1,1,1,2,2,2,13,6,1,7,,1,2
6,13,3,12,2007,2,1,1,2,2,1,1,1,1,1,1,2,1,1,4,6,1,1,24,2,2
1,2,4,12,2007,3,1,1,2,2,1,1,1,1,1,1,3,1,2,8,6,1,7,,2,2
1,12,4,12,2007,1,3,2,1,2,1,2,1,1,1,1,2,1,2,10,2,1,1,,1,2
1,1,4,12,2007,2,7,1,2,2,1,1,4,1,1,1,3,1,2,8,6,1,1,30,2,2
10,16,3,9,2007,1,1,1,1,2,1,4,1,1,1,1,2,1,1,14,10,1,1,30,2,2
10,16,3,9,2007,3,1,1,2,2,1,1,1,1,1,1,1,1,2,9,4,1,1,35,2,2
11,16,4,9,2007,3,1,1,2,2,1,1,1,1,1,1,1,1,1,9,2,1,1,,2,2
10,16,4,10,2007,3,7,8,1,2,1,1,1,1,1,1,2,1,2,14,11,1,1,,2,2
10,16,4,10,2007,1,7,8,1,2,1,4,1,1,1,1,2,1,2,14,7,1,1,,2,2
10,16,4,10,2007,2,7,8,2,2,1,1,1,1,1,1,2,1,1,14,6,1,1,32,2,2
7,15,3,10,2007,3,7,1,2,2,1,1,2,1,1,1,4,1,2,4,6,1,7,40,2,2
6,15,4,10,2007,1,1,1,2,2,1,1,1,1,1,1,1,1,1,12,6,1,1,27,2,2
6,15,2,11,2007,3,7,2,2,2,2,1,1,2,1,1,1,1,1,13,6,1,1,,2,2
6,15,4,11,2007,3,1,8,2,2,1,1,1,1,1,1,1,1,1,14,6,1,1,,2,2
5,15,3,11,2007,2,7,1,2,2,1,1,1,1,1,1,4,1,2,6,6,1,7,,2,2
10,16,4,12,2007,3,7,4,2,2,1,1,1,1,1,1,2,1,1,9,6,1,1,,2,2
10,16,4,12,2007,4,1,4,2,2,1,2,1,1,1,1,2,1,1,13,7,1,1,30,2,2
10,16,4,12,2007,1,7,4,2,2,1,4,1,1,1,1,2,1,1,14,4,1,1,,2,2
10,16,2,11,2007,1,1,4,2,2,1,2,1,1,1,1,2,1,1,14,6,1,1,,2,2
10,16,1,11,2007,1,7,4,2,2,1,2,1,1,1,1,2,1,1,14,6,1,1,31,2,2
7,16,3,10,2007,3,1,1,2,2,1,1,1,1,1,1,1,1,1,7,6,1,6,35,2,2
10,16,4,10,2007,1,1,4,2,2,1,2,1,1,1,1,2,1,1,14,6,1,1,35,2,2
4,6,1,11,2007,4,1,1,1,1,4,2,1,1,1,1,1,1,1,8,6,1,1,,2,2
6,17,4,2,2007,2,1,8,2,2,4,2,1,1,1,1,4,1,2,9,6,1,1,35,2,2
7,17,4,4,2007,1,5,4,2,2,1,2,1,1,1,1,1,1,1,14,6,1,6,,2,2
2,17,4,12,2007,2,7,8,2,2,1,1,1,1,1,1,1,1,1,14,6,1,1,,2,2
1,11,4,5,2007,2,7,8,2,2,1,1,1,1,1,1,2,1,1,14,11,2,7,39,2,2
1,11,3,6,2007,4,7,8,2,2,1,3,1,1,1,1,2,1,1,4,5,1,1,22,2,2
10,11,4,5,2007,3,7,8,2,2,1,1,1,1,1,1,3,1,2,14,5,1,1,,2,2
2,11,3,3,2007,1,7,8,2,2,1,1,1,1,1,1,4,1,2,4,11,1,1,26,2,2
5,11,4,8,2007,1,7,8,2,2,1,2,1,1,1,1,2,1,1,13,5,1,1,,2,2
5,11,4,10,2007,2,7,8,2,2,1,1,1,1,1,2,4,1,2,8,11,1,7,45,2,2
6,11,4,12,2007,2,7,8,2,2,1,1,1,1,1,1,2,1,1,17,4,1,1,,2,2
6,11,4,6,2007,2,7,8,2,2,1,1,1,1,1,1,2,1,1,9,5,1,1,45,2,2
6,11,4,5,2007,2,7,8,2,2,1,1,1,1,1,1,2,1,1,14,6,1,1,45,2,2
6,11,4,2,2007,2,7,8,2,2,1,1,1,1,1,1,3,1,2,17,5,1,2,,2,2
4,11,4,3,2007,2,7,8,2,2,1,1,1,1,1,1,3,1,2,14,4,1,1,35,2,2
4,11,4,5,2007,1,7,8,2,2,1,1,1,1,1,1,2,1,1,8,6,1,1,42,2,2
4,11,4,8,2007,2,7,8,2,2,1,1,1,1,1,1,2,1,1,9,11,1,1,40,2,2
11,11,4,12,2007,2,7,8,2,2,1,1,1,1,1,1,3,1,2,8,11,1,1,,2,2
4,8,4,3,2007,4,3,1,2,2,1,2,1,1,1,1,1,1,1,9,6,1,1,,2,2
3,8,3,3,2007,3,2,1,2,2,1,1,1,1,1,1,1,1,1,9,6,1,1,40,2,2
3,8,4,8,2007,3,1,8,2,2,1,1,1,1,1,1,1,1,1,14,6,1,1,,2,2
1,10,4,5,2007,2,3,8,2,2,1,1,1,1,1,1,2,1,2,9,5,1,7,,2,2
1,12,4,10,2007,2,7,1,2,2,1,1,1,1,1,1,1,1,2,14,6,1,7,,2,2
8,11,3,10,2007,2,1,1,2,2,1,1,1,1,1,1,2,1,1,17,4,2,1,,2,2
5,8,4,8,2007,3,1,4,2,2,1,1,1,1,1,1,1,1,1,6,6,1,1,,2,2
3,6,4,9,2007,3,1,1,2,2,1,1,1,1,1,1,3,1,2,14,6,1,7,,2,2
3,8,4,11,2007,3,1,1,2,2,1,1,1,1,1,1,1,1,1,9,6,1,1,40,2,2
3,8,4,11,2007,2,1,1,2,2,1,1,1,1,1,1,1,1,1,14,6,1,1,38,2,2
3,8,4,12,2007,3,1,1,2,2,1,1,1,1,1,2,1,1,1,9,6,1,1,,2,2
10,9,4,5,2007,2,7,1,2,2,2,1,2,2,1,1,1,,2,14,2,2,,,2,2
1,14,4,3,2007,4,6,5,1,2,1,3,1,5,1,1,5,4,1,7,1,1,7,26,2,2
1,14,4,4,2007,3,1,1,1,1,1,1,2,1,1,1,4,1,2,17,6,1,7,25,2,2
2,14,4,4,2007,2,1,1,2,1,1,1,1,1,1,1,5,1,1,17,11,2,6,30,1,2
3,14,4,3,2007,4,1,1,1,2,1,3,1,1,1,1,5,1,1,11,6,2,1,24,2,2
2,14,4,6,2007,3,1,1,1,2,1,1,1,1,1,1,5,5,1,9,6,1,3,40,2,2
3,14,4,8,2007,2,1,8,1,2,1,1,1,1,1,1,5,1,1,14,6,1,7,,2,2
1,14,3,7,2007,2,2,8,1,1,1,1,1,1,1,1,5,1,1,4,11,1,1,35,2,1
2,14,4,11,2007,4,1,1,2,2,1,1,1,1,1,1,1,1,1,9,4,2,7,,1,2
4,14,4,11,2007,3,1,8,2,2,1,1,2,1,1,1,2,1,1,14,6,2,7,,1,2
1,14,4,12,2007,3,4,1,2,2,1,1,1,1,1,1,1,1,1,8,6,1,,31,2,2
3,56,1,1,2007,2,2,8,2,2,1,1,1,1,1,1,1,1,2,9,6,1,1,,2,2
1,55,4,2,2007,2,1,1,1,2,1,1,1,1,1,1,1,4,2,4,5,1,7,,2,2
6,55,4,2,2007,2,1,1,2,2,1,1,1,1,1,1,3,1,2,5,6,1,,,2,2
5,55,4,2,2007,2,7,1,2,2,1,1,1,1,1,1,3,1,2,9,5,1,1,25,2,2
3,53,4,3,2007,3,1,1,2,2,1,1,1,1,1,1,2,,,7,2,1,7,21,2,2
3,56,4,4,2007,2,3,2,2,2,1,1,1,1,1,1,1,1,2,13,11,2,7,32,2,2
1,55,4,5,2007,2,3,1,2,2,1,1,2,1,1,1,2,1,2,8,6,1,7,35,2,2
1,53,3,6,2007,3,1,1,2,2,1,1,1,1,1,1,3,1,2,14,4,1,1,30,2,2
5,56,4,5,2007,2,1,1,2,2,1,1,1,1,1,1,1,1,2,14,4,1,1,45,1,2
10,54,4,5,2007,4,1,8,2,2,1,2,2,1,1,1,3,1,2,9,2,1,,,2,2
3,56,1,7,2007,3,1,8,1,2,1,1,1,1,1,1,4,,2,9,6,,7,30,2,2
5,56,4,7,2007,3,3,1,2,2,1,1,1,1,1,1,1,1,2,14,6,1,1,,2,2
9,54,4,8,2007,2,7,1,2,2,1,1,1,1,1,1,1,1,,9,6,1,,,2,2
7,54,4,6,2007,3,1,1,2,2,1,1,2,1,1,1,3,1,2,6,6,1,7,,2,2
8,56,3,5,2007,3,1,1,2,,1,1,1,1,1,,1,2,2,7,6,1,,,1,2
1,55,3,8,2007,4,1,8,2,2,1,2,1,1,1,1,3,1,2,14,1,1,1,,2,2
5,55,3,7,2007,3,1,1,2,2,2,1,1,2,1,1,2,1,2,9,11,1,1,,2,2
7,56,4,9,2007,3,2,3,2,2,1,1,1,1,1,1,1,,2,14,2,,7,,2,2
1,55,4,9,2007,2,7,1,2,2,1,2,1,1,1,1,3,1,1,14,2,1,7,,2,2
5,54,2,9,2007,3,1,1,2,2,1,1,,,1,2,3,1,2,14,7,2,1,,2,2
3,53,4,10,2007,3,1,1,2,2,1,1,1,1,1,1,1,1,2,9,6,2,7,,1,2
1,55,4,10,2007,3,1,1,2,2,1,1,1,1,1,1,3,1,2,9,6,,7,41,2,2
3,54,4,12,2007,3,1,4,2,2,1,1,1,1,1,1,4,1,2,9,5,,4,,2,2
8,56,4,11,2007,1,2,8,1,2,1,2,1,1,1,,4,2,2,14,6,2,7,,,
7,56,4,10,2007,1,2,1,1,2,2,3,1,1,1,1,1,2,,14,1,2,1,35,2,2
3,53,4,12,2007,2,7,1,2,2,1,1,1,1,1,1,2,1,2,4,6,1,7,25,2,2
9,54,4,11,2007,3,7,1,2,2,1,4,1,1,1,1,1,1,2,13,6,1,,,2,2
7,56,4,12,2007,3,2,1,2,2,1,1,1,1,1,1,1,,2,9,6,2,7,40,2,2
3,54,4,12,2007,2,1,1,2,2,1,1,4,1,1,1,1,1,2,9,6,1,7,,2,2
4,55,1,6,2007,4,1,8,2,2,1,1,1,1,1,1,4,2,2,14,6,1,1,,2,2
3,56,4,11,2007,2,1,8,2,2,1,1,1,1,1,1,3,1,2,17,6,1,1,25,2,2
13,54,4,12,2007,2,1,1,2,2,1,1,1,1,1,1,1,1,2,9,6,1,,,2,2
6,54,3,9,2007,3,1,1,2,1,1,1,1,1,1,1,,1,2,7,5,,,,1,2
8,54,3,9,2007,4,1,1,2,2,1,4,1,1,1,1,4,1,2,8,5,,,43,2,2
8,56,4,9,2007,3,1,1,1,2,1,1,1,1,1,1,1,1,2,9,5,1,1,,2,2
8,56,4,9,2007,2,1,1,2,2,2,1,1,1,1,1,1,1,2,9,6,1,7,,2,2
10,54,4,9,2007,4,1,1,1,2,1,1,1,4,1,2,,,,8,6,,,,2,2
3,53,3,7,2007,3,1,1,2,2,1,1,1,1,1,1,1,1,2,8,6,2,7,,1,2
1,53,4,4,2007,4,1,1,2,2,1,3,1,1,1,1,2,1,1,12,6,1,7,18,2,2
13,54,4,1,2007,3,1,1,2,2,1,1,1,1,1,1,1,1,2,4,6,,,,2,2
9,54,4,3,2007,4,1,1,2,2,1,2,2,1,1,1,1,2,2,14,6,,,,2,2
2,27,4,5,2007,1,1,1,2,2,1,2,1,1,1,1,2,1,2,14,6,1,1,38,2,2
4,31,4,6,2007,3,1,1,2,2,1,1,2,1,1,1,3,1,2,9,1,1,1,25,2,2
1,33,4,9,2007,2,4,1,2,2,1,1,1,1,1,1,1,1,2,9,6,1,1,35,2,2
6,34,4,9,2007,2,1,1,2,2,1,1,1,1,1,1,1,1,2,16,2,1,1,,1,2
6,34,2,11,2007,3,1,1,2,2,1,1,1,1,1,1,1,1,2,8,6,1,1,40,2,2
12,64,4,2,2007,3,1,1,2,2,1,1,1,1,1,1,1,1,1,9,6,1,1,45,2,2
7,58,4,5,2007,3,1,1,2,2,1,1,1,1,1,1,1,1,,9,6,1,1,,2,2
7,58,3,6,2007,3,3,5,2,1,1,1,1,1,1,1,3,2,,8,6,1,1,52,2,2
7,58,4,6,2007,2,1,1,2,2,1,1,1,1,1,1,1,1,2,3,6,1,1,,2,2
7,58,4,7,2007,3,1,1,2,,1,1,1,1,1,1,1,1,2,9,6,,,,2,2
1,62,4,7,2007,1,1,1,2,2,1,1,2,1,1,2,1,1,1,14,6,1,7,30,2,2
2,61,4,5,2007,2,1,1,2,2,1,1,1,1,1,1,4,1,2,7,6,1,1,,2,2
7,58,3,9,2007,2,1,1,2,2,1,1,1,1,1,1,1,1,1,14,5,1,1,40,2,2
7,58,4,9,2007,3,3,1,2,2,1,1,2,1,1,1,1,1,1,8,6,1,1,40,2,2
7,58,4,10,2007,2,1,1,2,,1,1,,1,1,1,1,1,2,9,5,1,,,,2
6,58,4,11,2007,2,1,1,2,2,1,1,1,1,1,1,1,1,1,9,6,1,1,,2,2
9,63,4,5,2007,1,1,1,2,2,1,4,1,1,1,1,1,1,2,14,6,1,1,,2,2
9,63,4,7,2007,3,1,1,2,2,1,1,1,1,1,1,1,1,2,8,6,1,1,,2,2
5,44,4,12,2007,1,1,1,2,1,1,1,1,1,1,1,1,1,2,9,6,1,1,,,
14,63,4,9,2007,2,1,1,2,2,1,2,1,1,1,1,1,1,2,9,6,1,7,,2,2
14,63,3,10,2007,3,1,1,2,2,1,1,1,1,1,1,1,1,2,14,6,1,1,,2,2
1,60,4,4,2007,1,1,1,2,2,2,1,1,2,1,1,1,1,2,9,6,1,1,40,2,2
8,63,4,12,2007,3,1,1,2,2,1,1,1,1,1,1,4,1,2,5,6,1,7,,2,2
8,63,4,12,2007,2,1,1,2,2,1,2,1,1,1,1,1,1,2,14,6,1,6,32,2,2
5,66,4,6,2007,3,1,,1,,1,1,1,1,1,1,2,1,2,9,4,1,3,,2,2
11,63,4,10,2007,2,1,1,2,2,1,1,2,1,1,1,1,2,,7,1,1,1,,2,2
9,63,4,10,2007,2,1,1,2,2,1,1,1,1,1,1,1,1,2,9,6,1,1,,2,2
6,47,4,3,2007,2,3,1,1,2,1,1,2,1,1,1,3,1,2,14,6,1,1,35,2,2
9,47,3,3,2007,1,1,1,2,2,1,1,1,1,1,1,1,1,2,14,6,1,1,29,2,2
9,47,2,3,2007,2,1,1,2,2,1,1,1,1,1,1,1,1,2,8,6,1,1,,2,2
9,47,4,3,2007,3,1,1,2,2,1,1,1,1,1,1,1,1,2,9,6,1,1,,2,2
5,47,4,3,2007,4,1,1,2,2,1,1,1,1,1,1,3,1,2,6,6,1,1,,2,2
3,43,4,3,2007,1,1,1,2,2,1,1,1,1,1,1,1,1,2,9,6,1,1,35,2,2
4,43,4,3,2007,4,1,1,2,2,1,1,1,1,1,1,1,1,2,13,6,1,1,,2,2
2,43,4,3,2007,3,1,1,2,2,1,1,1,1,1,1,1,1,2,9,6,1,1,,2,2
7,38,3,3,2007,3,1,1,2,2,1,1,1,1,1,1,3,1,2,1,6,1,1,35,2,2
10,50,3,3,2007,2,1,1,2,2,1,1,1,1,1,1,3,1,2,14,6,1,1,,2,2
2,50,4,3,2007,2,1,1,2,2,1,1,1,1,1,1,1,1,2,14,6,1,1,,2,2
5,50,3,3,2007,4,1,1,2,2,1,1,1,1,1,1,3,1,2,14,6,1,1,,2,2
5,41,3,3,2007,3,1,1,2,2,1,1,1,1,1,1,1,1,2,9,6,1,1,,2,2
1,41,3,3,2007,2,1,1,2,2,1,1,1,1,1,1,1,1,2,9,6,1,1,,2,2
7,41,3,3,2007,2,1,1,2,2,1,1,1,1,1,1,1,1,2,8,6,1,1,,2,2
6,40,3,3,2007,4,1,1,2,2,1,1,1,1,1,1,1,1,2,8,6,1,1,,2,2
1,46,2,4,2007,2,1,1,2,2,1,1,1,1,1,1,1,1,2,14,6,1,1,,2,2
5,46,3,4,2007,3,,1,2,2,1,1,1,1,1,1,1,1,2,14,6,1,1,,2,2
1,38,3,4,2007,3,1,1,2,2,1,1,1,1,1,1,1,1,2,13,6,1,1,,2,2
1,35,4,4,2007,3,1,1,2,2,1,1,1,1,1,1,1,1,2,8,6,1,1,35,2,2
1,52,2,4,2007,4,1,1,2,,1,3,3,1,1,1,5,1,1,11,6,1,1,,2,2
1,47,4,4,2007,1,1,1,2,2,1,1,1,1,1,1,3,1,2,14,6,1,1,35,2,2
3,43,4,4,2007,3,1,1,2,2,1,1,1,1,1,1,1,1,2,8,6,1,1,38,2,2
3,43,4,3,2007,1,1,1,2,2,1,1,1,1,1,1,1,1,2,9,6,1,1,35,2,2
5,41,2,4,2007,2,1,1,2,2,1,1,1,1,1,1,1,1,2,9,6,1,1,,2,2
5,41,4,4,2007,2,1,1,2,2,1,1,1,1,1,1,1,1,2,9,6,1,1,,2,2
1,41,3,4,2007,3,1,1,2,2,1,1,1,1,1,1,3,1,2,9,6,1,1,,2,2
1,41,3,4,2007,1,1,1,2,2,1,1,1,1,1,1,1,1,2,14,6,1,1,,2,2
11,50,1,5,2007,2,1,1,2,2,1,1,1,1,1,1,2,1,2,9,6,1,1,,2,2
6,38,2,5,2007,3,1,1,2,2,1,1,1,1,1,1,1,1,2,9,6,1,1,,2,2
1,48,4,5,2007,3,1,1,2,2,1,1,1,1,1,1,1,1,2,19,6,1,1,,2,2
7,47,4,5,2007,2,1,1,2,2,1,1,1,1,1,1,1,1,2,9,6,1,1,,2,2
1,47,4,5,2007,,1,1,2,2,1,1,1,1,1,1,1,1,2,14,6,1,1,,2,2
1,47,2,5,2007,2,1,1,2,2,1,1,1,1,1,1,1,1,2,9,6,1,1,32,2,2
1,40,2,4,2007,1,1,1,2,2,1,1,1,1,1,1,1,1,2,13,6,1,1,,2,2
1,40,1,6,2007,1,1,1,2,1,1,2,1,1,1,1,1,1,2,14,6,1,1,,2,2
1,40,4,4,2007,3,1,1,2,2,1,1,1,1,1,1,1,1,2,9,6,1,1,,2,2
7,40,4,4,2007,2,1,1,2,2,1,1,1,1,1,1,3,1,2,9,6,1,1,,2,2
6,40,4,6,2007,2,1,1,2,2,1,2,1,1,1,1,1,1,2,9,6,1,1,,2,2
3,38,4,6,2007,1,1,1,2,2,1,1,1,1,1,1,1,1,2,9,6,1,1,,2,2
1,38,4,6,2007,2,1,1,2,2,1,2,1,1,1,1,1,1,2,14,6,1,1,50,2,2
6,38,3,6,2007,3,1,1,2,2,1,1,1,1,1,1,1,1,2,14,6,1,1,,2,2
1,45,3,5,2007,4,1,1,2,2,1,1,1,1,1,1,1,1,2,12,6,1,1,,2,2
1,45,3,1,2007,4,1,1,2,2,1,1,1,1,1,1,1,1,2,9,6,1,1,,2,2
7,44,4,1,2007,1,1,1,2,2,1,1,1,1,1,1,1,1,2,13,6,1,1,,2,2
2,43,4,1,2007,2,1,1,2,2,1,1,1,1,1,1,1,1,2,9,6,1,1,,2,2
5,41,3,1,2007,3,1,1,2,2,1,1,1,1,1,1,1,1,2,9,6,1,1,,2,2
3,39,4,1,2007,2,1,1,2,2,1,1,1,1,1,1,1,1,2,14,6,1,1,,2,2
3,39,3,1,2007,3,1,1,2,2,1,1,1,1,1,1,1,1,2,8,6,1,1,,2,2
2,35,4,1,2007,4,1,1,2,2,1,1,1,1,1,1,1,1,2,4,6,1,1,,2,2
6,45,4,2,2007,1,2,1,2,2,1,1,1,1,1,1,1,1,2,9,6,1,1,,2,2
7,41,3,2,2007,3,1,1,2,2,1,1,1,1,1,1,3,1,2,14,6,1,1,,2,2
5,44,2,2,2007,2,1,1,2,2,1,1,1,1,1,1,1,1,2,10,6,1,1,,2,2
1,40,2,1,2007,3,1,1,2,2,1,1,1,1,1,1,1,1,2,7,6,1,1,,2,2
3,40,4,2,2007,3,1,1,2,2,1,1,1,1,1,1,1,1,2,9,6,1,1,,2,2
1,46,4,1,2007,2,1,1,2,2,1,1,1,1,1,1,1,1,2,14,6,1,1,,2,2
1,46,4,2,2007,2,2,1,2,2,1,1,1,1,1,1,1,1,2,14,6,1,1,,2,2
2,47,4,7,2007,3,7,1,1,2,1,1,1,1,1,1,1,1,2,9,6,1,1,35,2,2
8,51,4,7,2007,2,1,1,1,2,1,4,1,1,1,1,2,1,2,8,5,1,1,26,2,2
6,44,1,8,2007,2,7,8,2,1,1,4,1,1,1,1,1,1,2,19,11,1,1,,2,2
5,44,4,9,2007,3,1,1,1,2,1,1,1,1,1,1,1,1,2,9,11,1,1,,2,2
7,44,1,8,2007,2,1,1,2,1,1,1,1,1,1,1,1,1,2,7,2,1,1,42,2,2
5,44,4,8,2007,2,1,1,1,2,1,1,1,1,1,1,1,1,2,9,6,1,1,,2,2
12,47,4,8,2007,2,7,1,1,2,1,1,2,1,1,1,1,1,2,9,2,1,7,40,2,2
10,50,1,8,2007,3,1,1,1,2,2,1,2,2,1,1,1,1,2,9,6,1,1,,2,2
13,50,4,8,2007,2,7,1,1,2,2,1,1,2,1,1,3,1,2,9,6,1,7,,2,2
2,39,3,8,2007,1,2,1,1,2,1,1,1,1,1,1,3,1,2,9,2,1,1,35,2,2
5,41,3,9,2007,4,1,1,1,2,1,2,1,1,1,1,1,1,2,9,6,1,1,,2,2
5,50,1,9,2007,3,1,1,2,2,1,1,2,1,1,1,3,1,2,9,2,1,1,30,2,2
8,51,4,9,2007,3,7,1,1,2,2,1,2,2,1,1,2,1,2,8,1,1,7,,2,2
6,41,4,10,2007,2,1,1,2,2,1,1,1,1,1,1,1,1,1,9,6,1,1,,2,2
2,50,3,10,2007,3,7,1,2,2,1,1,2,1,1,1,3,1,2,6,6,1,1,25,2,2
6,38,4,10,2007,3,1,1,2,1,2,1,1,2,1,1,3,1,2,7,6,1,1,,2,2
7,41,3,10,2007,3,1,1,2,2,1,2,1,1,1,1,1,1,2,9,6,1,1,,2,2
1,50,4,11,2007,4,1,1,2,2,1,4,1,1,1,1,3,1,2,8,1,1,2,,2,2
1,50,4,11,2007,2,2,8,2,2,1,1,1,1,1,1,1,1,1,9,4,1,1,,2,2
11,50,3,11,2007,3,1,1,2,1,1,1,1,1,1,1,1,1,2,9,6,1,1,,2,2
13,50,4,11,2007,3,1,1,2,2,1,1,1,1,1,1,3,1,2,9,1,1,1,30,2,2
1,39,4,11,2007,4,1,1,2,2,1,2,1,1,1,1,2,1,2,7,1,1,1,,2,2
3,39,2,11,2007,3,1,1,2,2,1,1,1,1,1,1,1,1,2,9,6,1,1,30,2,2
1,38,1,11,2007,2,1,1,2,2,2,1,1,3,1,1,1,1,2,9,6,1,1,48,2,2
3,38,4,12,2007,2,1,1,2,2,1,4,1,2,1,1,1,1,2,9,6,1,1,,2,2
8,51,3,6,2007,3,1,1,2,2,2,4,2,2,1,1,2,1,2,13,6,1,7,,2,2
9,42,2,1,2007,2,1,4,2,1,1,1,1,1,1,1,5,1,1,8,6,1,1,26,2,2
9,42,3,6,2007,1,1,4,1,1,1,3,1,1,1,1,5,1,1,14,6,1,1,25,2,2
9,42,4,9,2007,1,2,4,1,1,1,3,1,1,1,1,5,1,1,14,6,,,27,,2
12,42,4,11,2007,1,2,4,2,1,1,3,1,1,1,1,5,1,1,14,6,1,7,,2,2
15,42,3,6,2007,1,1,1,2,2,1,3,1,1,1,1,5,1,1,14,6,1,1,,2,2
17,42,3,6,2007,4,1,1,1,1,1,1,1,1,1,1,5,1,1,4,6,1,7,38,2,1
23,42,3,5,2007,3,1,1,1,1,1,1,1,1,1,1,1,1,1,10,6,1,7,,,
9,42,4,9,2007,1,2,4,2,1,1,3,1,1,1,1,5,1,1,14,6,1,1,27,,2
12,38,4,9,2007,3,1,1,2,1,1,1,1,1,1,1,1,,,9,6,1,7,,2,2
1,22,4,7,2007,1,1,1,2,2,2,3,1,2,1,1,1,1,2,14,6,1,1,48,2,2
1,29,4,3,2007,2,1,1,2,1,1,1,1,1,1,1,1,,2,4,,2,1,,2,2