Thana,District,Accident_Severity,Month,Year,Time,Junction_Type,Traffic_Control,Movement,Divider,Weather,Light,Road_Geometry,Surface_Condition,Surface_Type,Surface_Quality,Road_Class,Road_Feature,Location_Type,Vehicle_Type,Vehicle_Movement,Vehicle_Loading,Vehicle_Defect,Vehicle_Driver_Age,Vehicle_Alcohol,Vehicle_Seat_Belt
2,21,4,11,2007,4,1,1,1,2,2,1,1,2,1,1,1,2,2,9,1,2,1,29,2,2
6,21,4,4,2007,3,1,1,2,2,1,1,1,1,1,1,1,1,2,14,6,1,1,,1,2
1,21,3,11,2007,2,1,1,1,2,1,1,1,1,1,1,1,1,2,8,6,1,1,40,2,2
1,28,4,5,2007,1,1,4,2,1,1,2,1,1,1,1,1,2,1,9,6,1,7,35,2,2
2,28,3,10,2007,3,1,1,2,2,1,1,1,1,1,2,1,1,1,9,6,1,1,37,2,2
1,8,3,10,2007,3,1,1,2,2,1,2,1,1,1,1,2,1,1,8,4,1,1,55,2,2
6,55,2,10,2007,4,1,1,2,2,1,4,2,1,1,1,1,1,1,14,2,1,1,55,2,2
2,55,1,5,2007,4,1,1,2,2,1,1,1,1,1,1,2,1,2,5,6,1,7,28,2,2
10,54,4,11,2007,4,1,1,2,2,1,2,1,1,1,1,2,1,2,8,5,1,1,,2,2
5,53,4,12,2007,2,1,1,2,2,1,1,1,1,1,2,4,1,2,6,6,2,1,,2,2
11,11,3,8,2007,4,1,1,2,2,1,4,1,1,1,1,1,1,,14,6,1,,,2,2
4,54,3,9,2007,4,1,1,2,2,1,1,1,1,1,1,2,1,2,8,5,1,1,27,2,2
3,54,4,4,2007,3,1,1,2,2,1,1,1,1,1,1,2,1,2,8,5,1,1,27,2,2
1,53,3,3,2007,3,7,1,2,2,1,1,1,1,1,1,2,1,2,8,6,1,7,,2,2
3,32,4,8,2007,2,1,1,2,2,1,1,1,1,1,1,1,1,2,1,6,1,1,,1,2
10,34,3,10,2007,3,2,1,2,2,1,1,2,1,1,1,1,1,2,9,1,1,1,49,2,2
2,64,4,4,2007,2,1,1,2,2,1,1,1,1,1,1,5,1,1,6,6,1,1,,2,2
4,59,4,11,2007,4,1,2,2,2,1,2,1,1,1,1,2,1,2,4,5,1,7,,2,2
1,61,4,12,2007,1,1,1,2,2,1,4,1,1,1,1,1,1,2,10,6,1,1,30,2,2
7,58,3,7,2007,1,1,1,2,2,1,4,1,1,1,1,1,1,2,14,10,1,1,40,2,2
3,62,4,6,2007,4,2,1,1,2,1,3,1,1,1,1,2,1,2,9,6,1,7,,2,2
6,58,4,1,2007,3,2,4,2,2,1,1,1,1,1,1,1,1,2,9,10,1,1,,2,2
3,57,3,3,2007,4,1,,2,2,1,4,5,1,1,1,1,1,2,14,6,2,,30,2,2
1,60,3,5,2007,2,1,1,2,2,1,1,1,1,1,1,1,1,2,8,5,1,1,25,2,2
8,63,4,11,2007,4,1,1,2,,1,3,1,1,1,1,1,1,2,14,5,1,1,,2,2
1,68,2,6,2007,2,3,1,2,2,1,1,1,1,1,1,1,1,1,1,2,1,1,22,2,2
1,41,3,11,2007,1,7,1,2,2,4,4,1,1,1,1,1,1,2,14,6,1,1,,2,2
7,41,4,11,2007,1,2,1,2,2,1,3,1,1,1,1,1,1,2,14,10,1,1,,2,2
1,35,3,11,2007,2,1,1,2,2,1,1,2,1,1,1,3,1,2,9,6,1,1,,2,2
1,52,4,11,2007,2,3,1,2,2,1,1,1,1,1,1,3,1,2,1,6,1,1,,2,2
6,38,4,10,2007,3,1,1,2,2,1,1,1,1,1,1,1,1,2,14,10,1,1,,2,2
1,39,3,12,2007,,1,1,2,2,1,1,1,1,1,1,2,1,2,6,6,1,1,,2,2
6,38,4,12,2007,4,1,1,2,2,1,4,1,1,1,1,1,1,2,13,6,1,1,28,2,2
7,44,3,10,2007,3,1,1,2,2,1,1,1,1,1,1,1,1,2,7,10,1,1,,2,2
1,42,2,1,2007,1,1,1,2,1,1,3,1,1,1,1,5,1,1,19,6,,,,,2
1,42,2,1,2007,2,1,1,2,1,1,1,1,1,1,2,5,1,1,19,6,,,,,2
1,42,4,4,2007,2,2,4,2,1,1,1,1,1,1,1,5,1,1,10,6,,,,,
1,42,2,5,2007,2,2,4,1,1,1,1,1,1,1,1,5,1,1,9,6,,,,2,2
1,42,2,6,2007,2,3,4,2,1,1,1,1,1,1,1,5,1,1,9,6,,,,2,2
1,42,3,6,2007,4,2,4,2,1,1,3,1,1,1,1,5,1,1,10,6,,,30,,
1,42,2,7,2007,3,2,4,2,1,1,1,1,1,1,1,5,1,1,9,6,,,,2,2
3,42,3,6,2007,1,1,1,1,1,1,3,1,1,1,1,1,1,1,14,6,1,,,,2
3,42,3,7,2007,4,3,1,2,1,1,3,1,1,1,1,1,1,1,9,6,,,,2,2
8,42,2,1,2007,3,3,4,1,1,1,1,1,1,1,1,5,1,1,10,6,1,1,,2,2
8,42,2,3,2007,2,1,1,1,1,1,1,1,1,1,1,5,1,1,10,6,1,1,25,2,2
8,42,2,3,2007,4,1,1,1,1,1,2,1,1,1,1,5,1,1,10,6,1,1,35,2,2
8,42,1,3,2007,2,3,4,1,1,1,1,1,1,1,1,5,1,1,8,6,1,1,22,2,2
8,42,2,3,2007,1,1,4,1,1,1,3,1,1,1,1,5,1,1,10,6,1,1,,2,2
8,42,2,4,2007,3,3,4,1,1,1,1,1,1,1,1,5,1,1,10,6,1,1,,2,2
8,42,2,5,2007,2,1,4,2,1,1,1,1,1,1,1,5,1,1,9,6,1,1,,2,2
8,42,2,7,2007,4,1,1,2,1,1,3,1,1,1,1,5,1,1,9,6,1,1,,2,2
9,42,4,2,2007,4,2,4,1,1,1,3,1,1,1,1,5,1,1,14,6,1,1,,2,2
9,42,2,2,2007,3,1,1,1,1,1,1,1,1,1,1,5,1,1,9,6,1,1,,2,2
9,42,4,4,2007,3,1,4,1,1,1,1,1,1,1,1,5,1,1,9,6,1,1,20,2,2
9,42,1,4,2007,4,1,1,2,1,1,3,1,1,1,1,5,1,1,14,6,,,30,2,2
9,42,2,5,2007,2,3,4,1,1,1,1,1,1,1,1,5,1,1,5,6,,,38,2,2
9,42,2,5,2007,2,1,4,1,1,1,1,1,1,1,1,5,1,1,9,6,,,,2,2
9,42,2,5,2007,2,3,4,1,1,1,1,1,1,1,1,5,1,1,9,6,,,18,2,2
9,42,4,8,2007,1,3,4,1,1,1,2,1,1,1,1,5,1,1,14,6,,,,,2
10,42,2,1,2007,1,3,4,2,1,1,3,1,1,1,1,5,1,1,9,6,,,,2,2
11,42,2,3,2007,4,3,4,1,1,1,2,1,1,1,1,5,1,1,,,1,7,40,2,2
11,42,2,4,2007,4,3,4,1,1,1,3,1,1,1,1,5,1,1,9,6,,,40,2,2
11,42,3,10,2007,1,1,1,2,1,1,2,1,1,1,1,5,1,1,14,6,1,7,,2,2
12,42,2,5,2007,4,1,1,2,1,1,1,1,1,1,1,5,1,1,19,6,,,,2,2
12,42,2,8,2007,2,2,4,2,1,1,1,1,1,1,1,5,1,1,10,6,,,,,
12,42,4,11,2007,2,1,1,2,1,1,1,1,1,1,1,5,1,1,9,6,1,7,,2,2
12,42,2,12,2007,2,1,1,2,1,1,1,1,1,1,1,5,1,1,9,6,1,7,48,2,2
14,42,2,1,2007,4,2,4,2,1,1,3,1,1,1,1,1,1,1,9,6,,,,2,2
14,42,2,5,2007,4,2,4,1,1,1,3,1,1,1,1,1,1,1,14,6,,,,2,2
14,42,2,5,2007,2,1,1,2,1,1,1,1,1,1,1,1,1,1,10,6,,,22,,
16,42,2,3,2007,1,1,1,2,1,1,3,1,1,1,1,5,1,1,12,6,1,7,30,2,2
16,42,4,6,2007,1,3,4,2,1,1,2,1,1,1,1,5,1,1,14,6,,,,,2
17,42,2,1,2007,4,3,4,1,1,1,3,1,1,1,1,5,1,1,9,6,1,1,,2,2
17,42,2,4,2007,2,1,1,2,1,1,1,1,1,1,1,5,1,1,9,6,1,7,,2,2
18,42,2,1,2007,2,1,1,1,1,1,1,1,1,1,1,5,1,1,10,6,1,7,28,2,2
21,42,3,6,2007,3,1,1,2,2,1,1,1,1,1,1,1,1,1,9,6,1,7,,2,2
21,42,2,9,2007,4,6,4,2,2,1,3,1,1,1,1,5,1,1,14,6,,,20,,2
23,42,4,4,2007,1,1,4,2,1,1,2,1,1,1,1,1,1,1,19,6,1,7,,2,2
23,42,4,5,2007,1,1,1,1,1,1,3,1,1,1,1,1,1,1,,6,1,7,,2,2
25,42,4,4,2007,2,1,1,2,2,1,1,1,1,1,1,5,1,1,12,6,,,32,,2
28,42,3,10,2007,2,7,8,2,1,1,1,1,1,1,1,5,1,1,9,6,,,,2,2
2,42,2,8,2007,2,4,2,2,1,1,1,1,1,1,1,5,1,1,19,6,1,7,,2,2
2,42,2,9,2007,2,4,2,2,1,1,1,1,1,1,1,5,1,1,9,6,1,7,,2,2
9,42,1,4,2007,4,1,1,1,1,1,3,1,1,1,1,5,1,1,14,6,,,30,2,2
9,42,2,5,2007,2,3,4,1,1,1,1,1,1,1,1,5,1,1,5,6,1,1,38,2,2
9,42,2,5,2007,2,1,4,1,1,1,1,1,1,1,1,5,1,1,9,6,1,1,,2,2
9,42,2,5,2007,2,3,4,1,1,1,1,1,1,1,1,5,1,1,9,6,1,1,18,2,2
10,42,2,1,2007,1,3,4,1,1,1,3,1,1,1,1,5,1,1,9,6,1,1,,2,2
11,42,2,3,2007,4,3,4,1,1,1,2,1,1,1,1,5,1,1,,,1,7,40,2,2
11,42,2,4,2007,4,3,4,1,1,1,3,1,1,1,1,5,1,1,9,6,1,1,40,2,2
12,42,2,5,2007,4,1,1,1,1,1,1,1,1,1,1,5,1,1,19,6,,,,2,2
12,42,2,10,2007,2,4,2,2,1,1,1,1,1,1,1,5,1,1,9,6,1,7,,2,2
12,42,2,10,2007,3,1,1,2,1,1,1,1,1,1,1,5,1,1,10,6,1,7,,2,2
14,42,2,1,2007,4,2,4,1,1,1,3,1,1,1,1,1,1,1,9,6,,,,2,2
14,42,2,5,2007,4,2,4,1,1,1,3,1,1,1,1,1,1,1,14,6,,,,2,2
14,42,2,5,2007,2,1,1,2,1,1,1,1,1,1,1,1,1,1,10,6,,,22,2,2
16,42,4,6,2007,1,3,4,2,1,1,2,1,1,1,1,5,1,1,14,6,1,7,,2,2
27,42,2,3,2007,4,1,3,2,1,1,1,1,1,1,1,5,1,1,7,6,1,7,28,2,2
28,42,2,4,2007,2,1,4,2,1,1,1,1,1,1,1,5,1,1,10,6,1,7,,2,2
28,42,2,9,2007,2,2,1,2,1,1,1,1,1,1,1,5,1,1,9,6,1,7,,2,2
29,42,2,2,2007,2,1,8,,,1,1,1,1,1,1,5,1,1,9,6,1,7,22,2,2
29,42,2,3,2007,4,1,4,2,2,1,3,1,1,1,1,5,1,1,14,6,1,7,35,2,2
29,42,3,5,2007,3,3,4,2,1,1,1,1,1,1,1,5,1,1,9,6,1,7,,2,2
29,42,2,5,2007,4,1,1,1,1,1,3,1,1,1,1,5,1,1,10,6,1,7,45,2,2
29,42,4,6,2007,4,4,2,2,1,1,1,1,1,1,1,5,1,1,9,6,1,7,32,2,2
29,42,2,7,2007,2,1,1,2,1,1,1,1,1,1,1,5,1,1,9,6,1,7,,2,2
29,42,1,9,2007,3,1,1,2,1,1,1,1,1,1,1,5,1,1,4,6,1,7,,2,2
33,42,2,4,2007,3,1,1,2,1,1,1,1,1,1,1,1,1,1,9,6,1,7,,2,2
33,42,1,7,2007,1,7,4,2,1,1,3,1,1,1,1,5,1,1,14,6,,,,,2
33,42,2,12,2007,4,1,1,2,1,1,3,1,1,1,1,5,1,1,9,6,,,30,,2
1,21,4,4,2007,2,1,1,2,2,1,2,1,1,1,1,5,,1,14,6,1,1,,1,2
1,22,4,7,2007,1,1,1,2,2,2,4,1,2,1,1,,1,2,12,7,1,1,,1,2
3,21,4,10,2007,3,1,1,2,2,1,1,1,1,1,1,1,,2,9,6,1,1,25,2,2
5,28,4,2,2007,2,5,4,2,2,1,1,4,1,1,1,1,1,1,9,3,1,3,,2,2
4,28,4,4,2007,2,3,1,2,2,1,1,1,1,1,1,1,1,2,12,6,1,1,,2,2
2,10,4,11,2007,3,1,8,2,2,1,1,1,1,1,1,3,1,1,14,5,1,7,36,2,2
3,8,2,3,2007,1,1,1,2,2,1,4,1,1,1,1,1,1,1,14,10,1,1,,2,2
13,54,4,10,2007,3,1,1,2,2,1,1,1,1,1,1,1,1,2,10,6,1,1,,2,2
13,54,4,8,2007,4,1,1,2,2,1,2,1,1,1,1,1,1,2,9,6,1,,,2,2
12,64,4,10,2007,3,1,8,1,2,1,1,1,1,1,1,5,1,1,10,6,1,1,30,1,2
2,50,3,6,2007,2,1,1,2,2,1,1,1,1,1,1,1,5,2,7,4,1,1,,2,2
2,50,4,3,2007,4,1,1,2,2,1,4,1,1,1,1,1,1,2,14,6,1,1,52,1,2
7,13,4,7,2007,1,1,1,2,2,1,2,2,1,1,1,2,2,,4,6,1,7,,2,2
4,15,4,4,2007,2,7,1,2,2,1,1,1,1,1,1,4,1,2,13,6,1,1,52,2,2
5,15,3,1,2007,4,1,1,2,2,1,2,1,1,1,1,2,1,1,9,6,1,6,35,2,2
8,9,4,3,2007,3,1,1,2,2,1,1,1,1,1,1,4,1,2,8,6,1,7,,2,2
1,3,4,1,2007,2,7,1,2,2,1,1,1,1,1,1,1,1,1,9,6,1,7,35,2,2
8,13,3,5,2007,3,7,8,2,1,1,1,1,2,1,1,1,1,1,9,11,1,7,40,1,2
11,3,3,5,2007,4,1,1,2,2,1,2,1,1,1,1,4,1,2,4,4,1,1,,2,2
1,16,4,1,2007,2,1,1,1,2,1,1,1,1,1,1,3,1,2,8,6,1,1,,2,2
10,16,4,1,2007,2,1,1,2,2,1,1,1,1,1,1,1,1,1,9,4,2,3,45,2,2
10,10,3,4,2007,2,7,1,2,1,1,1,1,1,1,1,2,1,1,9,6,1,1,40,2,2
12,9,4,2,2007,3,1,1,2,2,1,1,1,1,1,1,1,1,1,9,11,1,1,,1,2
1,9,1,10,2007,3,1,1,2,2,1,1,1,1,1,1,1,1,1,9,6,1,1,42,2,2
5,13,4,11,2007,4,1,8,2,2,1,2,1,1,1,1,2,1,1,9,5,1,7,45,2,2
1,12,4,11,2007,3,3,3,2,2,1,1,1,1,1,1,2,1,2,14,4,1,7,36,2,2
10,9,4,10,2007,3,4,1,2,2,1,1,4,1,1,1,1,1,1,14,6,1,1,,2,2
12,9,4,5,2007,2,7,1,2,2,1,1,1,1,1,1,2,1,2,14,11,1,7,,2,2
12,9,1,10,2007,4,7,1,2,2,1,4,1,1,1,3,1,1,1,14,11,1,7,38,2,2
1,12,3,10,2007,2,7,1,2,2,1,1,1,1,1,1,2,1,2,8,11,1,7,30,2,2
1,9,4,9,2007,3,1,1,2,2,1,1,1,1,1,1,1,1,1,14,6,1,1,35,2,2
6,2,4,7,2007,2,1,1,2,1,2,1,2,2,1,1,2,1,2,9,6,1,1,38,2,2
10,16,1,5,2007,3,1,1,2,2,1,1,1,1,1,1,2,1,2,9,5,1,7,,2,2
9,16,3,8,2007,2,1,1,2,1,2,1,1,2,1,1,1,1,1,14,6,1,1,38,2,2
10,16,4,7,2007,2,1,1,2,2,1,1,1,1,1,1,1,1,1,9,6,1,7,26,2,2
10,16,3,6,2007,4,1,1,2,2,1,2,1,1,1,1,2,1,1,14,6,1,1,,2,2
10,16,3,6,2007,1,1,1,1,1,3,4,1,1,1,1,2,1,1,9,6,1,7,,2,2
10,16,4,6,2007,2,2,1,2,2,1,1,1,1,1,1,2,1,1,14,6,1,7,,2,2
12,9,1,9,2007,1,1,1,2,2,1,4,1,5,1,2,2,1,2,9,6,1,7,45,2,2
5,5,4,8,2007,2,1,1,1,2,1,1,2,1,1,1,1,1,1,14,2,1,7,,2,2
1,9,1,6,2007,4,1,1,2,2,1,4,1,1,1,1,1,1,1,9,6,1,1,42,2,2
1,17,4,6,2007,3,7,8,1,2,1,1,1,1,1,1,2,1,2,8,6,1,1,28,2,2
10,16,3,10,2007,1,7,8,2,2,1,4,1,1,1,1,2,1,1,14,5,1,1,,2,2
3,15,3,10,2007,4,7,1,2,2,1,4,1,1,1,1,2,1,2,14,6,1,7,30,2,2
5,11,1,6,2007,2,7,8,2,2,2,1,1,2,1,1,2,1,1,9,4,1,1,38,2,2
3,8,3,10,2007,2,1,1,2,2,1,2,1,1,1,1,1,1,1,9,6,1,1,,2,2
3,8,4,12,2007,3,7,8,2,2,1,1,1,1,1,1,1,1,1,8,4,1,1,38,2,2
6,54,4,1,2007,2,1,1,1,2,1,1,1,1,1,1,3,1,2,8,6,1,,,2,2
3,54,4,1,2007,2,7,1,2,2,4,2,1,5,1,1,3,2,2,8,6,,,,2,2
3,56,4,1,2007,2,1,2,2,2,4,2,1,1,1,1,1,1,2,9,6,1,1,35,2,2
8,56,4,1,2007,3,1,1,2,2,1,1,1,1,1,1,3,1,2,13,6,1,1,35,2,2
7,54,4,2,2007,2,7,1,1,2,1,1,1,1,1,1,4,1,2,8,11,1,7,30,1,1
4,54,3,3,2007,3,1,1,2,2,1,,1,1,1,1,4,,,8,6,,,35,2,2
2,55,4,3,2007,3,7,1,2,2,1,1,3,1,1,2,3,1,2,4,6,1,,27,2,2
1,53,3,3,2007,3,1,1,2,2,1,1,1,1,1,1,3,1,2,9,6,1,7,21,2,2
1,53,4,3,2007,3,7,1,2,2,1,1,1,1,1,1,2,1,2,8,6,1,7,45,2,2
7,56,4,4,2007,4,3,1,2,2,1,3,,1,1,1,4,1,,5,6,1,,32,2,2
1,53,4,4,2007,3,7,1,2,2,1,1,1,1,1,1,2,1,2,9,6,1,7,,2,2
6,54,3,5,2007,3,1,1,2,2,1,1,1,1,1,1,3,1,2,19,4,,,30,2,2
10,54,4,5,2007,2,1,1,2,2,1,1,1,1,1,1,3,1,2,8,6,1,1,30,2,2
13,54,4,7,2007,3,7,1,2,2,2,1,1,2,1,1,1,2,2,14,6,1,,,2,2
7,56,4,9,2007,4,2,1,1,2,1,3,1,,1,1,1,2,,14,2,,,60,2,2
13,54,4,7,2007,3,7,1,2,2,2,1,1,2,1,1,1,2,2,14,6,1,,,2,2
13,54,3,9,2007,2,7,1,2,2,1,1,1,1,1,1,1,1,2,12,6,,,,2,2
13,54,3,9,2007,3,7,1,2,2,1,1,1,1,1,1,1,1,,10,6,,,,2,2
1,55,4,10,2007,2,7,8,,,1,1,1,1,1,3,3,2,2,9,6,,,,,
9,54,4,10,2007,4,1,1,2,2,1,4,1,1,1,1,1,1,2,13,6,1,1,,2,2
5,53,4,12,2007,2,1,1,2,2,1,1,1,1,1,2,4,1,2,5,6,2,1,,,
5,54,4,12,2007,3,1,1,2,2,1,1,1,1,1,1,3,1,2,13,6,,,,,
4,33,3,11,2007,4,1,1,2,2,1,2,1,1,1,1,3,1,2,9,5,1,1,,2,2
2,64,2,6,2007,2,3,8,1,2,1,1,1,1,1,1,5,1,1,14,6,1,1,,2,2
4,64,4,7,2007,4,7,1,1,1,2,4,2,2,1,1,1,1,1,3,6,2,1,,2,2
5,64,4,2,2007,2,1,1,2,2,1,2,1,2,1,2,5,1,1,14,6,1,1,,2,2
5,64,3,6,2007,3,2,6,1,2,1,1,1,1,1,1,5,1,1,14,6,1,1,,2,2
11,64,4,8,2007,1,4,1,2,2,2,2,2,1,1,1,5,1,1,7,6,1,7,28,1,2
10,64,4,11,2007,3,7,8,2,2,1,2,1,1,1,1,5,1,1,14,6,1,1,28,1,2
2,64,3,10,2007,3,3,8,1,2,1,1,1,1,1,1,5,1,1,14,6,1,1,,1,2
1,64,2,2,2007,4,5,5,2,2,1,3,1,1,1,1,5,1,1,14,6,1,1,,1,2
1,66,4,3,2007,3,7,1,2,2,1,1,1,1,1,1,2,1,2,14,5,1,1,26,2,2
2,61,1,4,2007,2,1,1,2,2,1,1,1,1,1,1,1,1,2,9,5,1,1,39,2,2
14,63,4,1,2007,2,1,1,2,2,1,2,1,1,1,1,1,1,2,14,5,1,1,35,2,2
14,63,4,1,2007,4,1,1,2,2,1,4,1,1,1,1,1,1,2,15,6,1,1,,2,2
14,63,1,2,2007,1,1,1,2,2,1,4,1,1,1,1,1,1,2,14,11,1,7,45,2,2
7,63,1,4,2007,3,1,1,2,2,1,1,1,1,1,1,1,1,2,8,,,,,,
7,63,4,6,2007,3,3,,,2,1,1,,,,,1,1,2,9,,,,37,2,2
14,63,3,8,2007,1,1,2,2,2,1,3,1,1,1,1,1,1,1,14,5,1,1,,2,2
8,63,3,10,2007,3,7,1,2,2,1,1,1,1,1,1,1,1,2,5,6,1,1,,2,2
8,63,4,11,2007,3,1,1,2,2,1,1,1,1,1,1,1,1,2,6,6,1,1,45,2,2
8,63,3,11,2007,3,1,1,2,2,1,1,1,1,1,1,1,1,2,14,7,1,7,,2,2
14,63,4,10,2007,2,1,1,2,2,1,2,1,1,1,1,1,1,2,15,6,1,1,28,2,2
14,58,4,11,2007,4,1,1,2,,1,3,1,1,1,1,1,1,2,9,6,,,26,2,2
2,59,3,9,2007,4,1,1,2,2,4,4,1,1,1,1,2,1,2,5,5,2,2,22,2,2
6,59,4,10,2007,2,5,1,2,2,1,1,2,1,1,1,3,1,2,,1,2,6,,1,2
1,61,4,12,2007,1,2,1,2,,1,3,1,1,1,1,1,1,2,12,11,1,1,45,2,2
1,62,4,7,2007,3,3,1,2,2,2,1,1,2,1,1,2,1,1,8,6,1,7,,2,2
2,61,4,4,2007,2,1,1,1,1,1,1,1,1,1,1,1,1,2,14,6,1,1,,1,2
8,63,3,10,2007,3,1,1,2,2,1,1,1,1,1,1,1,1,2,9,6,1,1,,2,2
10,63,4,9,2007,2,4,1,2,2,1,1,4,1,1,1,4,1,2,9,6,1,1,,2,2
9,63,4,9,2007,2,1,1,2,2,1,1,1,1,1,1,1,1,2,14,6,1,1,,2,2
7,41,4,4,2007,2,1,1,2,2,1,1,1,1,1,1,1,1,2,8,6,1,1,,2,2
3,47,4,1,2007,2,1,1,2,2,1,1,1,1,1,1,3,1,2,4,6,1,1,,2,2
5,50,3,11,2007,4,1,1,2,2,2,1,1,2,1,1,3,1,2,19,6,1,1,,2,2
2,47,3,6,2007,4,1,1,2,2,2,4,1,2,1,1,1,1,1,9,1,1,7,40,,
3,51,4,3,2007,2,1,1,2,2,1,1,1,1,1,1,2,1,2,14,6,1,7,32,2,2
4,51,4,3,2007,2,1,1,2,2,1,1,1,1,1,1,2,1,1,8,6,1,7,,2,2
2,50,4,7,2007,3,1,1,1,1,1,1,1,1,1,1,1,1,1,10,6,1,1,,2,2
7,50,4,6,2007,3,1,1,2,2,1,1,1,1,1,1,3,1,2,8,6,1,1,30,2,2
4,49,4,7,2007,3,1,1,1,2,1,1,3,1,1,1,1,2,,14,,2,1,,2,2
2,46,4,2,2007,2,1,1,2,2,1,1,1,1,1,1,1,1,1,14,6,1,1,,1,2
1,46,3,6,2007,1,1,1,2,2,1,1,1,1,1,1,1,1,1,14,6,1,7,,2,2
5,41,3,7,2007,4,1,1,1,1,2,4,2,1,1,1,1,1,1,9,,2,1,43,1,2
6,38,4,6,2007,3,3,1,1,2,1,1,1,1,1,1,1,1,1,14,6,2,7,,2,2
5,41,3,5,2007,2,1,1,2,2,1,1,1,1,1,1,1,1,1,14,5,2,1,,,
1,41,3,5,2007,1,1,1,2,2,1,4,1,1,1,1,1,2,2,14,6,1,1,,1,2
7,41,3,4,2007,2,7,1,2,2,1,1,1,1,1,1,1,1,1,8,6,1,7,,1,2
7,41,3,11,2007,1,1,1,2,1,2,1,1,1,1,1,1,1,2,14,6,1,1,,2,2
2,44,4,4,2007,4,1,1,2,2,1,4,1,1,1,1,1,1,2,10,6,2,6,36,2,2
2,39,4,1,2007,4,1,1,2,1,1,4,1,,,1,2,1,2,14,,1,2,28,,2
1,46,2,3,2007,2,1,1,2,2,1,1,1,1,1,1,1,1,1,14,6,1,,,2,2
1,42,2,2,2007,4,1,1,2,2,1,3,1,1,1,1,5,1,1,10,6,,,,,
1,42,2,6,2007,3,1,4,2,1,1,1,1,1,1,1,5,1,1,9,6,,,,2,2
8,42,2,1,2007,1,1,3,1,1,1,1,1,1,1,1,5,1,1,10,6,1,1,38,2,2
8,42,2,4,2007,4,3,4,1,1,1,3,1,1,1,1,5,1,1,10,6,1,1,,2,2
8,42,2,9,2007,3,3,1,2,1,1,1,1,1,1,1,1,1,1,10,6,1,1,,2,2
9,42,1,2,2007,3,2,4,1,1,1,1,1,1,1,1,5,1,1,9,6,1,1,19,2,2
9,42,3,3,2007,2,1,1,2,1,1,1,1,1,1,1,5,1,1,10,6,1,1,20,2,2
9,42,2,3,2007,4,1,4,2,1,3,1,1,1,1,1,5,1,1,9,6,1,1,27,2,2
9,42,2,4,2007,3,1,1,1,1,1,1,1,1,1,1,5,1,1,9,6,1,1,,2,2
9,42,2,5,2007,1,1,1,1,1,1,3,1,1,1,1,5,1,1,14,6,,,,2,2
9,42,3,5,2007,2,2,4,1,1,1,1,1,1,1,1,5,1,1,9,6,,,,2,2
9,42,2,6,2007,3,3,4,1,1,1,1,1,1,1,1,5,1,1,9,6,1,1,25,2,2
9,42,2,7,2007,1,1,1,1,1,1,3,1,1,1,1,5,1,1,14,6,1,1,36,2,2
14,42,2,4,2007,3,3,1,1,1,1,1,1,1,1,1,1,1,1,10,6,,,,,
16,42,2,5,2007,3,3,4,2,1,1,1,1,1,1,1,5,1,1,9,6,,,,2,2
17,42,2,2,2007,2,1,1,1,1,1,1,1,1,1,1,5,1,1,9,6,1,7,,2,2
25,42,2,3,2007,1,3,4,1,1,1,3,1,1,1,1,5,1,1,9,6,1,7,,2,2
9,42,2,5,2007,1,1,1,1,1,1,3,1,1,1,1,5,1,1,14,6,1,1,,2,2
9,42,3,5,2007,2,2,4,1,1,1,1,1,1,1,1,5,1,1,9,6,1,1,,2,2
14,42,2,4,2007,3,3,1,1,1,1,1,1,1,1,1,1,1,1,10,6,,,,,
16,42,2,5,2007,3,3,4,2,1,1,1,1,1,1,1,5,1,1,9,6,1,7,,2,2
27,42,2,4,2007,3,2,4,2,1,1,1,1,1,1,1,5,1,1,9,6,1,7,31,2,2
28,42,3,6,2007,2,3,4,2,1,1,2,1,1,1,1,5,1,1,6,6,1,7,,2,2
28,42,2,8,2007,1,1,1,2,1,1,3,1,1,1,1,5,1,1,14,6,1,7,,2,2
29,42,3,3,2007,1,1,1,2,1,1,3,1,1,1,1,5,1,1,14,6,1,7,40,2,2
29,42,3,9,2007,3,1,1,2,1,1,1,1,1,1,1,5,1,1,,6,1,7,,2,2
33,42,3,5,2007,2,1,1,2,1,1,1,1,1,1,1,1,1,1,14,6,1,7,27,,2
1,21,4,6,2007,3,7,1,1,2,1,1,1,1,1,1,1,1,1,9,6,1,1,,2,2
4,21,4,1,2007,2,1,1,2,2,1,1,1,1,1,1,2,1,2,9,6,1,1,45,2,2
6,21,4,4,2007,2,1,4,2,1,1,1,1,1,1,1,1,1,2,14,5,1,1,,2,2
5,26,4,4,2007,3,1,1,2,1,1,1,1,1,1,1,1,1,1,9,6,1,1,,2,2
5,26,1,4,2007,3,1,1,2,1,1,1,1,1,1,1,1,1,1,9,6,1,1,,2,2
5,26,1,5,2007,4,1,1,2,1,1,1,1,1,1,1,1,1,1,9,6,1,7,30,2,2
5,26,4,5,2007,2,1,1,2,1,1,1,1,1,1,1,1,1,1,12,6,1,7,,2,2
1,22,4,7,2007,2,1,1,2,2,1,1,1,1,1,1,1,1,2,14,6,1,1,30,2,2
7,25,4,6,2007,4,1,1,2,2,2,3,1,2,1,2,2,1,2,12,6,1,1,25,2,2
4,25,3,7,2007,2,1,1,2,2,1,1,1,1,1,1,1,1,2,8,6,1,1,,2,2