Thana,District,Accident_Severity,Month,Year,Time,Junction_Type,Traffic_Control,Movement,Divider,Weather,Light,Road_Geometry,Surface_Condition,Surface_Type,Surface_Quality,Road_Class,Road_Feature,Location_Type,Vehicle_Type,Vehicle_Movement,Vehicle_Loading,Vehicle_Defect,Vehicle_Driver_Age,Vehicle_Alcohol,Vehicle_Seat_Belt
1,22,4,9,2007,4,1,1,1,1,1,2,1,1,1,1,1,1,2,9,6,1,7,,2,2
1,24,4,5,2007,2,1,1,2,2,1,1,1,1,1,1,1,1,2,9,6,1,1,,2,2
2,20,3,12,2007,3,7,1,1,2,1,1,1,1,1,1,3,1,2,9,6,1,1,40,2,2
5,29,4,10,2007,3,7,2,2,1,1,1,1,1,1,1,1,1,2,9,6,1,1,,2,2
7,18,1,2,2007,2,1,7,1,2,1,1,1,1,,1,1,1,2,14,7,1,1,,2,2
6,18,4,1,2007,2,7,3,1,2,1,1,1,1,1,1,1,1,2,13,1,1,1,,2,2
4,28,2,10,2007,3,1,1,1,2,1,1,1,1,1,1,1,1,1,9,6,1,1,37,2,2
4,28,3,12,2007,3,1,1,1,1,1,1,1,1,1,1,1,1,1,14,5,2,1,28,2,2
4,28,4,4,2007,2,3,1,2,2,1,1,1,1,1,1,1,2,2,9,6,1,1,45,1,2
1,15,2,2,2007,4,1,8,2,2,1,2,1,1,1,1,1,5,1,7,6,1,7,,2,2
12,9,4,5,2007,2,1,1,2,2,1,1,1,1,1,1,4,1,2,13,11,1,7,,1,2
8,13,2,2,2007,2,3,1,2,1,1,1,1,1,1,1,1,1,1,9,6,1,7,35,2,2
3,15,3,7,2007,1,1,8,2,1,1,4,1,1,1,1,1,1,1,9,10,1,1,45,1,2
8,3,4,5,2007,2,1,1,2,1,1,1,1,1,1,1,2,1,1,14,6,1,1,27,2,2
8,16,4,2,2007,1,1,1,2,2,4,4,2,2,1,1,3,1,2,9,10,1,1,40,2,2
10,16,3,7,2007,1,1,1,2,2,1,4,1,1,1,1,1,1,1,14,6,1,7,28,2,2
6,16,4,6,2007,1,7,1,2,2,1,3,1,1,1,1,1,1,1,14,7,1,7,35,1,2
3,13,3,8,2007,2,7,1,2,2,1,1,2,1,1,1,2,1,2,14,2,1,7,40,2,2
4,9,3,7,2007,2,1,8,2,1,1,1,1,1,1,1,2,1,1,13,2,1,1,40,2,2
1,6,4,7,2007,3,1,1,2,2,1,1,1,1,1,1,1,1,1,8,6,1,6,41,2,2
1,5,4,5,2007,4,1,1,2,2,1,2,1,1,1,1,1,1,1,9,4,1,1,,1,2
1,5,4,7,2007,2,7,8,2,2,1,1,1,1,1,1,1,1,1,14,6,1,7,40,2,2
5,5,3,2,2007,4,1,1,2,2,1,4,1,1,1,1,1,1,1,12,6,1,7,35,2,2
1,9,1,12,2007,3,7,1,2,2,1,1,1,1,1,1,1,1,1,7,6,1,1,,2,2
7,9,2,12,2007,3,1,1,1,2,1,1,1,1,1,1,1,1,1,8,6,1,1,35,2,2
1,17,4,3,2007,3,7,1,2,2,1,1,1,1,1,1,1,1,1,14,6,1,1,27,2,2
6,15,4,10,2007,2,1,1,1,2,1,1,1,1,1,1,1,1,1,8,5,1,7,30,2,2
3,15,4,11,2007,4,7,1,2,2,1,4,1,1,1,1,1,1,1,9,5,1,1,,2,2
4,15,3,12,2007,1,1,1,2,2,4,3,1,1,1,1,1,1,1,8,9,1,1,42,2,2
5,17,4,12,2007,2,3,1,2,2,1,1,1,1,1,1,3,1,2,8,2,1,1,,2,2
10,11,3,5,2007,1,7,8,2,2,1,1,1,1,1,1,3,1,2,8,4,1,1,42,2,2
1,8,4,7,2007,4,7,8,2,2,1,3,1,1,1,1,2,1,1,9,4,1,7,,2,2
3,14,4,3,2007,3,1,1,2,2,1,1,1,1,1,1,5,1,1,14,6,1,1,,2,2
4,14,3,5,2007,3,1,1,2,2,1,1,1,1,1,1,5,1,1,9,9,2,1,32,2,2
3,14,3,5,2007,2,2,8,2,1,1,1,1,1,1,1,5,1,1,8,2,1,1,50,2,2
2,14,4,5,2007,2,1,1,2,2,1,1,2,1,1,1,2,1,2,9,2,1,1,40,2,2
1,14,1,6,2007,3,2,5,1,1,1,1,1,1,1,1,1,5,1,9,6,1,1,,2,2
1,14,3,7,2007,2,2,3,1,1,1,1,1,1,1,1,1,1,1,6,11,1,1,35,1,2
1,14,3,7,2007,3,1,1,1,1,1,1,1,1,1,1,5,1,1,14,6,1,1,,1,2
2,14,3,7,2007,2,1,1,2,1,1,1,1,1,1,1,2,1,1,14,6,1,1,,2,2
3,14,3,11,2007,3,5,5,2,2,1,1,2,1,1,1,3,4,1,9,6,1,1,45,2,2
6,55,1,1,2007,4,1,1,1,2,1,1,1,1,1,1,1,,,9,11,1,7,34,2,2
2,55,1,3,2007,3,7,1,2,1,1,1,1,1,1,1,3,1,2,13,6,1,1,40,2,2
7,55,3,3,2007,3,1,2,2,2,1,1,1,1,1,1,3,1,2,9,5,1,1,35,2,1
7,56,4,4,2007,4,1,1,2,1,1,3,1,1,1,1,1,1,2,11,2,,,42,2,2
6,55,3,6,2007,3,1,4,2,2,1,1,1,1,1,1,1,1,2,14,6,1,1,45,2,2
3,53,3,6,2007,2,1,1,2,,2,1,4,3,1,2,3,1,2,7,5,2,1,,2,2
8,54,3,3,2007,2,1,1,2,2,1,1,1,1,1,1,3,1,2,13,6,1,1,33,2,2
8,56,4,7,2007,1,3,8,1,2,1,4,1,1,1,1,1,,,13,5,1,1,28,2,2
7,56,2,9,2007,3,2,1,2,2,2,1,1,2,1,1,1,2,,7,1,1,1,32,2,2
13,54,4,7,2007,2,7,1,2,2,1,1,1,1,1,1,3,1,2,14,6,1,,,2,2
13,54,3,8,2007,4,7,1,2,2,1,4,1,1,1,1,1,1,,14,6,1,,,,
13,54,3,8,2007,3,7,1,2,2,1,1,1,1,1,1,3,1,2,9,6,1,,,2,2
13,54,4,9,2007,4,7,1,2,2,1,4,1,1,1,1,1,1,2,14,6,1,,,2,2
7,56,4,10,2007,1,2,4,2,2,1,2,1,1,1,1,1,2,,14,6,,,40,2,2
8,56,4,10,2007,3,1,1,2,2,1,1,1,1,1,1,1,,2,9,5,,1,45,2,2
6,54,1,9,2007,4,7,1,2,2,1,1,1,1,1,1,3,2,2,7,4,1,1,27,2,2
6,63,4,1,2007,2,1,8,2,2,4,1,2,5,1,1,2,1,2,5,1,1,7,24,2,2
13,63,4,2,2007,2,3,1,2,2,1,1,1,1,1,1,1,1,2,5,6,1,1,25,2,2
1,38,4,3,2007,1,1,1,2,2,1,1,1,1,1,1,1,1,2,14,6,1,1,,2,2
5,41,2,2,2007,3,1,1,2,2,1,1,1,1,1,1,1,1,2,9,6,1,1,,2,2
2,50,4,7,2007,3,7,1,2,,1,1,1,1,1,1,1,1,2,9,11,1,1,,2,2
12,50,4,9,2007,3,1,1,1,2,1,1,2,1,1,1,1,1,2,14,6,1,1,,2,2
11,64,1,4,2007,3,7,1,2,2,1,1,1,1,1,1,5,1,1,9,6,1,7,28,1,2
8,58,4,9,2007,3,7,8,2,2,2,1,1,3,1,2,1,1,2,14,11,2,3,,1,2
2,46,3,4,2007,3,1,1,2,2,1,1,1,1,1,1,1,1,2,14,6,1,1,,2,2
9,42,3,6,2007,1,1,1,2,1,1,3,1,1,1,1,5,1,1,14,6,1,1,26,2,2
5,24,3,4,2007,3,1,1,1,1,1,1,1,1,1,1,3,1,1,11,6,1,1,,2,2
1,14,4,6,2007,3,1,1,2,2,1,1,1,1,1,1,2,1,1,9,6,1,1,30,2,2
4,14,1,6,2007,2,1,1,1,2,1,1,1,1,1,1,1,1,2,14,6,1,1,38,2,2
3,14,2,12,2007,2,2,8,1,2,1,1,1,1,1,1,5,1,1,17,6,1,7,,2,2
6,34,4,3,2008,2,1,1,2,2,1,2,2,1,1,1,1,1,2,14,2,1,1,,1,2
4,34,3,4,2008,4,1,1,2,2,1,4,1,1,1,1,1,1,2,9,6,1,1,35,2,2
4,34,4,5,2008,3,1,1,2,2,1,1,1,1,1,1,1,1,2,9,4,1,1,35,2,2
4,34,4,6,2008,4,7,1,2,2,2,2,1,2,1,1,1,1,2,14,11,1,1,40,2,2
1,32,4,5,2008,2,7,1,2,2,1,1,1,1,1,1,2,1,2,6,6,1,1,45,2,2
2,30,1,10,2008,3,1,1,2,2,1,1,1,1,1,1,4,1,2,7,10,1,1,,2,2
1,30,3,11,2008,2,1,1,2,2,1,1,1,1,1,1,1,1,2,6,6,1,1,,2,2
4,31,3,4,2008,4,1,1,2,2,1,4,1,1,1,1,4,1,2,4,6,1,1,38,2,1
4,31,3,9,2008,2,1,1,2,2,1,1,2,1,1,1,4,1,2,9,5,1,1,38,2,2
1,31,4,10,2008,3,1,8,2,2,1,1,1,1,1,3,2,1,2,8,6,1,1,40,2,2
5,33,4,2,2008,3,1,1,2,2,1,1,1,1,1,2,2,1,2,8,4,1,1,,2,2
5,33,4,11,2008,3,1,8,2,2,1,1,1,1,1,1,4,1,2,9,5,1,1,,1,2
2,27,3,2,2008,4,1,1,2,2,1,2,1,1,1,1,1,1,2,3,11,1,3,45,2,2
2,27,4,2,2008,4,1,1,2,2,1,4,1,1,1,1,4,1,2,19,6,1,7,,1,2
2,27,4,5,2008,4,1,1,2,2,2,4,1,2,1,1,1,1,2,9,6,1,1,36,1,2
4,27,4,6,2008,2,1,1,2,2,1,1,2,1,1,1,2,1,2,6,6,1,1,,1,2
1,27,3,1,2008,3,1,2,2,2,1,1,2,1,1,1,3,1,2,6,4,1,7,,2,2
1,27,4,3,2008,3,7,1,2,2,1,1,1,1,1,1,4,1,2,10,9,1,1,,1,2
2,27,4,12,2008,2,1,1,2,2,1,1,1,1,1,1,2,1,2,9,5,1,1,,2,2
1,30,4,12,2008,3,1,1,2,2,1,1,1,1,1,1,1,1,2,2,6,1,1,,2,2
9,64,4,5,2008,3,4,8,2,2,1,1,1,1,1,1,5,1,1,14,6,1,1,25,1,2
8,64,4,5,2008,2,7,2,2,2,1,1,1,1,1,1,5,1,1,9,1,1,1,35,2,2
8,64,4,4,2008,2,2,4,2,1,1,2,1,1,1,1,1,1,1,8,4,1,7,,1,2
8,64,3,10,2008,3,1,4,2,2,1,1,1,1,1,1,5,1,1,5,11,1,1,,1,2
5,64,4,7,2008,3,7,1,2,2,1,1,1,1,1,1,5,1,1,14,6,1,1,28,1,2
5,64,4,11,2008,3,1,1,2,1,1,1,1,1,1,1,1,1,1,8,8,1,1,19,2,2
4,64,4,4,2008,2,7,1,1,1,1,1,1,1,1,1,5,1,1,9,11,1,1,,2,2
4,64,3,8,2008,4,7,3,2,1,1,2,3,1,1,1,5,1,1,5,7,1,1,,2,2
4,64,4,8,2008,3,1,2,2,1,1,1,1,1,1,1,5,1,1,14,6,1,1,,1,2
6,64,3,8,2008,1,2,8,1,2,1,2,1,1,1,1,5,1,1,8,6,1,1,,1,2
6,64,3,9,2008,2,7,8,2,1,1,1,1,1,1,1,5,1,1,2,6,1,1,,2,2
2,64,4,1,2008,3,1,1,2,1,1,1,1,1,1,1,5,1,1,14,6,1,1,,1,2
2,64,4,4,2008,3,1,8,1,2,1,1,1,1,1,1,3,1,1,14,10,1,1,,1,2
2,64,3,5,2008,4,1,8,2,2,1,3,1,1,1,1,5,1,1,14,6,1,1,,1,2
11,64,4,11,2008,3,2,8,1,2,1,2,1,1,1,1,5,1,1,9,6,1,1,,1,2
3,64,4,2,2008,3,7,1,2,2,1,1,1,5,1,1,5,1,1,9,1,2,7,,1,2
3,64,3,3,2008,2,1,8,2,2,1,1,1,5,1,1,5,1,1,7,2,1,7,,1,2
3,64,4,12,2008,2,2,1,2,1,1,1,1,1,1,1,5,1,1,16,6,1,7,,2,2
2,61,4,9,2008,2,1,1,2,2,1,1,1,1,1,1,1,1,1,7,6,1,1,,2,2
4,58,3,9,2008,2,4,1,2,2,1,1,2,1,1,1,1,1,2,8,1,1,1,30,2,2
4,58,2,9,2008,2,1,1,2,2,1,1,1,1,1,1,4,1,2,5,6,1,1,,2,2
14,58,4,1,2008,2,1,1,2,2,1,1,1,1,1,1,4,1,2,13,6,2,1,,2,2
14,58,1,5,2008,3,2,1,2,2,1,1,1,1,1,1,1,1,1,9,6,1,1,,1,2
14,58,4,5,2008,3,4,1,2,2,1,2,3,1,1,1,1,1,1,14,6,2,1,24,2,2
14,58,4,7,2008,1,1,4,2,2,1,1,1,1,1,1,1,1,1,15,6,1,6,35,2,2
1,58,4,4,2008,4,1,1,2,2,1,1,1,1,1,1,4,1,2,5,11,1,1,,2,2
1,58,4,1,2008,2,1,1,2,2,1,1,1,1,1,1,1,1,1,18,6,1,1,32,2,2
2,58,4,1,2008,1,1,1,2,2,1,1,1,1,1,1,3,3,2,9,4,1,1,45,1,2
2,58,4,4,2008,2,1,1,2,2,1,1,1,1,1,1,3,1,2,9,6,1,1,,1,2
2,58,3,4,2008,3,1,1,2,2,1,1,1,1,1,1,1,1,2,9,5,1,1,30,1,2
3,61,4,4,2008,3,1,1,2,2,1,1,1,1,1,1,1,1,1,9,4,2,7,,2,2
1,65,4,9,2008,2,1,1,2,2,1,4,1,1,1,1,1,1,2,8,5,1,1,,2,2
1,65,4,9,2008,2,7,1,2,2,1,4,1,1,1,1,1,1,2,8,5,1,1,,2,2
11,63,4,1,2008,2,1,1,2,2,1,1,1,1,1,1,1,1,2,14,6,1,3,,2,2
7,58,4,6,2008,1,1,1,2,2,1,1,1,1,1,1,2,1,1,,,,,,,
7,58,3,5,2008,2,1,1,2,2,1,1,1,1,1,1,1,1,2,,,,,,,
7,58,4,5,2008,3,1,1,2,2,1,1,1,1,1,1,1,1,2,14,6,1,1,,2,2
1,63,4,8,2008,4,2,1,2,2,1,3,1,1,1,1,1,1,2,8,6,1,1,26,2,2
6,63,3,5,2008,1,7,1,2,2,1,2,1,1,1,1,2,1,2,,,,,,,
7,63,2,7,2008,2,1,8,2,2,1,1,2,1,1,1,1,1,2,,,,,,,
11,63,4,7,2008,4,3,1,2,2,1,1,1,1,1,1,1,1,2,11,2,1,2,35,2,2
14,63,4,9,2008,2,1,1,2,2,1,1,1,1,1,1,1,1,2,7,10,2,7,,2,2
14,63,4,9,2008,2,1,1,2,2,1,2,1,1,1,1,1,1,2,,,,,,,
14,63,4,5,2008,2,1,1,2,2,1,1,1,1,1,1,1,1,2,9,5,2,2,,2,2
14,63,2,5,2008,3,1,1,2,2,1,1,1,1,1,1,1,1,1,14,4,2,2,,2,2
14,63,4,4,2008,2,1,1,2,2,1,1,1,1,1,1,1,1,2,14,4,2,3,,2,2
14,63,4,2,2008,4,1,1,2,2,1,1,1,1,1,1,1,1,2,10,6,1,7,25,2,2
1,62,3,10,2008,2,1,1,2,2,1,1,1,1,1,1,2,1,2,9,6,1,1,32,2,2
3,57,4,10,2008,1,1,1,2,2,1,3,1,1,1,1,1,1,2,9,5,1,1,,2,2
8,57,4,2,2008,2,1,1,2,2,1,1,1,1,1,1,1,1,2,6,11,1,1,,2,2
2,57,3,10,2008,2,1,1,2,2,1,1,1,1,1,1,4,1,2,6,1,1,1,24,2,2
1,57,2,5,2008,4,1,1,2,2,1,1,1,1,1,1,1,1,2,,,,,,,
1,57,4,2,2008,3,1,1,2,2,1,1,1,1,1,1,1,1,2,17,6,1,7,,2,2
1,60,3,4,2008,4,7,1,2,2,1,1,1,1,1,1,1,1,2,9,11,1,7,,1,2
7,60,4,12,2008,2,1,1,2,2,1,1,1,1,1,1,4,1,2,9,6,1,1,35,2,2
6,60,4,1,2008,4,7,1,2,2,1,1,1,1,1,1,4,1,2,9,6,1,1,40,2,2
1,68,4,10,2008,2,1,1,2,2,1,1,4,2,1,2,2,1,1,12,6,1,3,,2,2
3,68,4,1,2008,3,7,1,2,2,1,1,1,1,1,1,3,1,1,14,4,2,7,52,2,2
3,68,3,7,2008,1,1,1,2,2,1,1,1,1,1,1,3,1,2,12,4,1,1,,2,2
1,65,4,9,2008,4,3,8,2,2,1,1,1,1,1,1,1,1,2,,,,,,,
7,60,4,6,2008,2,1,1,2,2,1,1,1,1,1,1,3,1,2,5,6,2,6,,1,2
1,60,1,1,2008,3,1,8,2,2,2,1,1,2,1,1,1,3,2,9,6,1,1,38,1,2
8,66,1,6,2008,3,4,1,2,2,1,1,2,1,1,1,1,2,,9,1,1,1,,2,2
8,66,1,6,2008,3,4,1,2,1,2,1,4,2,1,1,1,1,2,8,4,1,7,,2,2
2,66,3,3,2008,2,1,1,1,1,1,1,1,1,1,1,1,1,2,9,6,1,1,35,2,2
1,61,4,3,2008,2,1,1,2,2,1,1,1,1,1,1,1,1,1,12,6,,1,35,2,2
1,61,4,4,2008,2,1,2,1,1,1,1,1,2,,,,,,14,6,1,1,,,2
4,6,3,1,2008,2,7,1,2,2,4,1,1,1,1,1,1,2,2,9,6,1,1,40,2,2
6,48,4,1,2008,3,1,1,2,2,1,1,1,1,1,1,3,1,2,4,11,1,1,,2,2
3,48,3,1,2008,3,1,1,2,2,1,1,1,1,1,1,5,1,2,19,5,1,1,,2,2
10,50,4,1,2008,2,1,1,2,2,1,1,1,1,1,1,1,1,2,14,6,1,1,,2,2
6,50,4,1,2008,2,7,1,2,1,1,1,1,1,1,1,4,1,2,8,11,1,7,25,2,2
5,50,3,1,2008,3,1,1,2,2,1,1,1,1,1,1,3,1,2,13,6,1,1,42,2,2
13,50,3,1,2008,3,2,1,2,2,1,1,1,1,1,1,1,1,2,14,6,1,1,,2,2
3,38,3,1,2008,3,1,1,1,2,1,1,1,1,1,1,1,1,2,7,6,1,1,,2,2
3,39,4,1,2008,3,1,1,2,2,1,1,1,1,1,1,1,1,1,4,6,1,1,,2,2
4,39,4,1,2008,4,1,1,2,2,1,2,1,1,1,1,2,1,2,19,6,1,1,,2,2
4,39,4,1,2008,2,1,1,2,2,1,1,1,1,1,1,2,1,2,14,6,1,1,46,2,2
4,44,4,1,2008,3,1,1,2,2,1,1,1,1,1,1,2,1,2,8,5,1,1,35,2,2
6,44,4,1,2008,4,1,1,2,1,1,3,1,1,1,1,1,1,1,9,6,1,1,,2,2
5,45,4,1,2008,4,1,1,2,2,1,2,1,1,1,1,1,1,2,14,5,1,7,,2,2
1,45,3,1,2008,4,1,1,2,2,1,2,1,1,1,1,1,1,2,14,6,1,1,,2,2
1,46,4,1,2008,2,1,1,2,2,1,1,1,1,1,1,1,1,2,17,6,1,1,25,2,2
1,46,2,1,2008,2,1,1,2,2,1,1,1,1,1,1,1,1,2,9,6,1,1,,2,2
1,46,3,1,2008,2,1,1,2,2,1,1,1,1,1,1,1,1,1,4,6,1,1,,2,2
1,47,4,1,2008,2,7,1,1,1,1,1,1,1,1,1,1,1,2,14,5,1,1,27,2,2
2,47,4,1,2008,1,1,1,2,2,1,4,1,1,1,1,1,1,2,14,5,1,1,,2,2
1,47,1,1,2008,2,1,1,2,2,1,1,1,1,1,1,1,1,2,14,6,1,1,,2,2
2,47,4,1,2008,3,2,1,2,2,1,4,1,1,1,1,1,1,2,14,5,1,1,28,2,2
6,52,4,1,2008,2,2,1,2,2,1,1,1,1,1,1,1,4,2,14,6,1,1,26,2,2
6,45,4,2,2008,1,1,1,2,2,1,4,1,1,1,1,1,1,1,5,2,1,1,,2,2
1,45,4,2,2008,3,1,1,2,2,1,1,1,1,1,1,1,1,1,9,6,1,1,,2,2
7,48,4,2,2008,3,1,1,2,2,1,1,1,1,1,1,4,1,2,9,6,1,1,,2,2
12,50,4,2,2008,3,1,1,2,2,1,1,1,1,1,1,1,1,2,13,6,1,1,,2,2
5,50,3,2,2008,4,1,1,2,2,1,2,1,1,1,1,1,1,2,9,6,1,1,42,2,2
2,52,3,2,2008,3,2,1,2,2,1,2,1,1,1,1,2,1,2,9,6,1,1,30,2,2
1,38,4,2,2008,1,1,1,2,2,1,4,1,1,1,1,1,1,2,9,6,1,1,,2,2
3,38,4,2,2008,1,1,1,2,2,1,3,1,1,1,1,2,1,2,9,6,1,1,,2,2
3,39,3,2,2008,1,1,1,2,2,1,3,1,1,1,1,1,1,2,19,6,1,1,,2,2
1,47,4,2,2008,3,1,1,2,2,1,1,1,1,1,1,1,1,2,9,6,1,1,,2,2
7,47,4,2,2008,3,7,1,2,2,1,1,1,1,1,1,1,1,2,9,6,1,7,34,2,2
6,44,3,2,2008,3,1,1,2,2,1,1,1,1,1,1,1,1,2,9,5,1,1,,2,2
6,44,4,2,2008,4,1,1,2,2,1,3,1,1,1,1,2,1,2,19,6,1,1,,2,2
3,46,2,3,2008,3,1,1,2,2,1,1,1,1,1,1,3,1,2,19,6,1,1,,2,2
2,46,4,3,2008,2,1,1,2,2,1,1,1,1,1,1,1,1,2,14,6,1,1,,2,2
9,47,1,3,2008,2,2,2,2,2,1,1,1,1,1,1,1,1,2,14,1,1,1,,2,2
1,43,3,3,2008,2,1,1,2,2,1,2,1,1,1,1,4,1,2,14,5,1,1,,2,2
1,51,4,3,2008,3,1,1,2,2,1,1,1,1,1,1,4,1,2,17,11,2,1,19,2,2
3,51,4,3,2008,3,1,1,2,2,1,1,1,1,1,1,3,1,2,6,6,1,1,20,2,2
4,51,3,3,2008,4,5,8,2,2,4,4,4,1,1,1,1,1,2,4,6,1,1,,2,2
7,41,3,3,2008,2,7,8,2,2,1,1,1,1,1,1,2,1,2,14,6,1,1,,2,2
2,45,4,3,2008,2,1,1,2,2,1,1,1,1,1,1,1,1,2,9,4,1,7,,2,2
6,45,3,3,2008,1,1,1,2,2,1,2,1,1,1,1,1,1,2,9,4,1,1,,2,2
6,45,4,3,2008,3,1,1,2,2,1,1,1,1,1,1,1,1,2,14,5,1,1,,2,2
10,50,4,3,2008,3,1,1,2,2,1,1,1,1,3,2,3,1,2,13,7,2,1,,2,2
3,50,3,3,2008,3,1,1,1,2,1,1,1,1,1,1,3,1,2,1,5,1,1,,2,2
4,39,4,3,2008,2,1,1,2,2,1,1,1,1,1,1,1,1,2,3,6,1,1,,2,2
4,39,4,3,2008,3,1,1,2,2,1,1,1,1,1,1,1,1,2,14,6,1,1,,2,2
3,39,4,3,2008,2,1,8,2,2,1,1,1,1,1,1,3,1,2,14,6,1,1,,2,2
1,39,3,3,2008,2,1,1,2,2,1,1,1,1,1,1,1,1,1,8,6,1,1,,2,2
3,35,3,3,2008,3,1,1,2,2,1,1,1,1,1,3,3,1,2,14,5,1,1,40,2,2
6,44,4,4,2008,1,1,1,2,2,1,1,1,1,1,1,1,1,1,6,10,1,1,,2,2
6,44,4,4,2008,4,2,1,2,2,1,4,1,1,1,1,1,1,2,9,6,1,1,30,2,2
2,44,3,4,2008,3,1,1,2,2,1,1,1,1,1,1,1,1,2,9,6,1,1,,2,2
5,43,4,4,2008,3,3,1,2,2,1,1,1,1,1,1,1,1,2,9,6,1,1,,2,2
1,45,4,4,2008,3,7,1,2,2,1,1,1,1,1,1,1,5,1,14,6,1,1,,2,2
6,40,1,4,2008,3,3,1,2,2,1,1,1,1,1,1,1,1,2,14,6,1,1,,2,2
7,41,4,4,2008,4,1,1,2,2,1,4,1,1,1,1,2,1,2,9,6,1,1,,2,2
3,44,4,2,2008,3,1,1,2,2,1,1,1,1,1,1,1,1,2,13,6,1,1,,2,2
7,44,1,3,2008,2,1,1,2,2,1,1,1,1,1,1,3,1,2,7,11,1,1,,2,2
7,44,4,3,2008,3,2,1,2,2,1,1,1,1,1,1,1,1,2,14,6,1,1,,2,2
1,48,4,4,2008,2,7,8,2,2,1,1,1,1,1,1,3,1,2,9,6,1,1,,2,2
1,50,4,4,2008,4,3,1,2,2,1,4,1,1,1,1,5,1,1,14,6,1,7,,2,2
10,50,4,4,2008,1,1,1,2,1,1,4,1,2,1,1,3,1,2,14,1,1,1,,2,2
4,35,4,4,2008,4,7,1,2,2,1,4,1,1,1,1,3,1,1,19,6,1,1,50,2,2
1,39,4,4,2008,3,1,1,2,1,1,1,1,1,1,1,5,1,1,14,6,1,1,,2,2
1,39,4,4,2008,1,1,8,2,1,1,4,1,1,1,1,1,1,2,10,6,1,1,35,2,2
2,39,4,4,2008,4,1,1,2,2,1,2,1,1,1,1,3,1,,19,6,1,1,,2,2
8,38,3,4,2008,3,7,1,2,2,1,1,1,1,1,1,3,3,2,8,8,1,1,,2,2
9,47,2,4,2008,3,7,8,2,2,1,1,2,1,1,1,1,1,2,9,5,1,1,,2,2
8,47,4,4,2008,2,1,3,1,1,1,1,1,1,1,1,3,1,2,9,6,1,1,45,2,2
12,47,4,5,2008,2,1,1,2,2,1,1,1,1,1,1,1,1,2,7,6,1,1,25,2,2
12,47,4,5,2008,4,1,1,2,1,1,1,1,1,1,1,1,1,2,9,4,2,1,,2,2
1,47,4,5,2008,3,1,1,2,2,1,1,1,1,1,1,1,1,2,9,6,1,1,,2,2
6,52,4,5,2008,4,1,1,2,2,1,2,1,1,1,1,3,1,2,12,6,1,1,26,2,2
10,50,3,5,2008,4,1,1,2,2,1,3,1,1,1,1,3,1,2,14,5,1,1,30,2,2
10,50,4,5,2008,3,3,1,2,2,1,1,1,1,1,1,3,1,1,19,6,1,1,42,2,2
1,48,3,5,2008,3,3,2,1,2,1,1,1,1,1,1,3,1,2,9,6,1,1,,2,2
1,48,4,5,2008,2,7,1,2,2,1,3,1,1,1,1,4,1,1,19,6,1,1,,2,2
3,35,3,5,2008,3,1,1,2,2,1,1,1,1,1,1,4,1,2,14,6,1,1,,2,2
6,44,3,3,2008,3,1,1,2,1,1,1,3,1,1,1,1,2,2,14,5,1,1,,2,2
4,44,4,5,2008,2,7,8,2,2,1,1,1,1,1,1,2,1,2,9,4,1,1,40,2,2
7,44,3,5,2008,2,1,1,2,2,1,1,1,1,1,1,3,1,2,14,6,1,1,22,2,2
7,44,4,5,2008,3,7,1,2,2,1,1,1,1,1,1,1,1,2,14,6,1,1,45,2,2
12,50,3,8,2008,2,1,1,2,2,1,1,1,1,1,1,1,1,2,9,6,1,1,,2,2
1,51,4,8,2008,3,1,1,2,2,1,1,1,1,1,1,3,1,2,8,6,1,1,,1,2
12,51,4,8,2008,3,1,8,2,2,1,1,1,1,1,1,2,1,2,17,6,2,1,,2,2
8,51,4,8,2008,3,1,1,2,2,2,1,2,2,1,1,2,1,2,8,6,1,1,,2,2
4,51,4,8,2008,4,1,1,2,2,2,4,1,1,1,1,1,1,2,13,6,1,1,,2,2
1,47,4,8,2008,2,1,1,2,2,1,1,1,1,1,1,1,1,1,9,6,1,1,,2,2
1,45,3,8,2008,4,1,1,2,2,1,1,1,1,1,1,1,1,1,7,6,1,1,,2,2
1,45,4,8,2008,1,1,1,2,2,1,4,1,1,1,1,1,1,2,14,10,1,1,,2,2
4,44,4,8,2008,4,1,1,2,2,1,3,1,1,1,1,2,1,2,9,6,1,1,,2,2
7,44,3,8,2008,4,1,3,1,2,1,2,1,1,1,1,1,1,2,19,6,1,1,,2,2
7,41,2,8,2008,3,3,2,2,2,1,1,2,1,1,1,2,1,2,14,6,1,1,,2,2
1,37,1,9,2008,3,1,1,2,2,1,1,1,1,1,1,3,1,2,4,6,1,1,,2,2
6,38,4,9,2008,3,1,1,2,2,1,1,1,1,1,1,4,1,2,4,6,1,1,,2,2
7,38,4,9,2008,4,1,1,2,1,1,2,1,1,1,1,1,1,2,19,6,1,1,,2,2
3,38,4,9,2008,4,1,1,2,1,1,2,1,1,1,1,1,1,2,19,6,1,1,,2,2
6,45,4,9,2008,2,1,1,2,2,1,1,1,1,1,1,1,1,2,12,6,,,,2,2
4,45,1,9,2008,3,1,1,2,2,1,1,1,1,1,1,3,1,2,14,6,1,1,,2,2
2,45,4,9,2008,4,1,1,2,2,1,2,1,1,1,1,1,1,2,4,6,1,1,,2,2
2,50,4,9,2008,1,1,1,2,1,1,4,1,1,1,1,1,1,2,9,6,1,1,,2,2
9,51,4,9,2008,3,1,3,2,2,1,1,1,1,1,1,1,1,2,9,6,1,1,50,2,2