Thana,District,Accident_Severity,Month,Year,Time,Junction_Type,Traffic_Control,Movement,Divider,Weather,Light,Road_Geometry,Surface_Condition,Surface_Type,Surface_Quality,Road_Class,Road_Feature,Location_Type,Vehicle_Type,Vehicle_Movement,Vehicle_Loading,Vehicle_Defect,Vehicle_Driver_Age,Vehicle_Alcohol,Vehicle_Seat_Belt
12,51,3,9,2008,4,1,1,2,2,1,3,1,1,1,1,3,1,2,14,6,1,1,38,2,2
7,44,4,9,2008,1,1,1,1,1,1,2,1,1,1,1,1,1,2,11,6,1,1,23,2,2
1,47,1,9,2008,3,1,1,2,2,1,1,1,1,1,1,1,1,2,10,6,1,1,30,2,2
2,35,4,7,2008,3,1,1,2,2,1,1,1,1,1,1,4,1,2,4,4,1,1,27,1,2
12,47,4,8,2008,2,1,1,2,2,1,1,1,1,1,1,3,1,2,14,6,1,1,,2,2
1,47,4,7,2008,3,2,1,2,2,1,1,1,1,1,1,1,1,1,9,6,1,7,33,2,2
1,51,3,7,2008,3,1,1,2,2,2,1,2,2,1,1,2,1,1,4,1,1,1,40,2,2
4,50,4,7,2008,4,1,1,2,2,2,2,1,1,1,1,4,4,2,14,5,1,1,,2,2
12,50,3,7,2008,3,1,1,2,2,1,1,2,1,1,1,1,1,2,8,2,1,1,27,2,2
2,50,4,7,2008,3,1,1,1,2,1,1,1,1,1,1,1,1,2,9,6,1,1,,2,2
5,45,1,6,2008,2,1,1,2,2,1,1,1,1,1,1,1,1,2,11,6,1,1,,2,2
1,45,1,6,2008,3,1,1,2,2,1,1,1,1,1,1,1,1,2,9,6,1,1,,1,2
1,47,4,6,2008,3,1,1,2,2,1,1,1,1,1,1,5,1,1,9,6,1,1,,2,2
1,47,4,6,2008,1,1,1,2,1,2,3,1,1,1,1,1,2,2,14,10,1,1,,2,2
1,39,2,6,2008,1,1,1,2,2,1,1,1,1,1,1,1,1,2,14,6,1,1,,2,2
1,38,4,6,2008,2,4,1,2,2,1,1,2,1,1,1,1,1,2,10,6,1,1,,2,2
1,38,4,6,2008,3,1,1,2,2,1,1,1,1,1,1,1,1,2,14,6,1,1,,2,2
8,51,3,6,2008,2,1,1,2,2,1,1,1,1,1,1,2,1,2,9,6,1,1,40,2,2
1,50,4,6,2008,3,1,1,1,1,1,1,1,1,1,1,1,1,2,14,6,1,1,,2,2
11,50,4,6,2008,4,1,3,2,2,1,4,1,1,1,1,2,3,2,14,11,1,1,45,2,2
6,40,3,2,2008,3,1,1,2,2,1,1,1,1,1,1,1,1,2,9,6,1,1,,2,2
6,40,4,2,2008,3,1,1,2,2,1,1,1,1,1,1,1,1,1,9,4,1,1,27,2,2
12,50,4,10,2008,3,1,1,2,2,1,1,1,1,1,1,1,1,2,9,6,1,1,,2,2
8,50,4,10,2008,4,1,1,2,1,4,1,1,1,1,1,4,1,2,9,6,1,1,,2,2
13,50,4,10,2008,2,1,1,2,2,1,1,1,1,1,1,2,1,2,18,10,1,1,,2,2
7,44,3,10,2008,2,1,1,2,2,1,1,1,1,1,1,1,1,2,9,9,1,1,40,2,2
7,44,3,10,2008,4,1,1,2,2,1,4,1,1,1,1,4,1,2,5,6,1,1,,2,2
7,41,4,10,2008,3,1,1,2,2,1,1,1,1,1,1,1,1,2,19,6,1,1,22,2,2
6,41,4,10,2008,4,1,1,2,2,1,3,1,1,1,1,1,1,2,10,4,1,1,,2,2
6,48,3,10,2008,2,1,1,2,1,1,1,1,1,1,1,3,1,2,5,6,1,1,45,2,2
3,38,4,10,2008,2,7,1,2,2,1,1,1,1,1,1,1,2,,7,1,1,1,30,2,2
3,38,4,10,2008,1,1,1,2,2,1,4,1,1,1,1,1,1,2,9,6,1,1,,2,2
5,45,3,10,2008,3,1,1,2,2,1,1,1,1,1,1,1,1,2,6,6,1,1,,2,2
2,45,3,10,2008,3,1,1,2,2,1,1,1,1,1,1,1,1,2,9,6,1,1,,2,2
12,51,4,11,2008,3,7,1,2,2,1,1,1,1,1,1,1,1,2,17,6,1,1,,2,2
1,45,1,11,2008,3,1,1,2,2,1,1,1,1,1,1,1,1,1,14,6,1,7,,2,2
5,45,4,11,2008,1,1,1,2,2,1,4,1,1,1,1,1,1,2,14,6,1,1,,2,2
5,45,4,11,2008,3,1,1,2,2,1,1,1,1,1,1,1,1,2,12,6,1,7,,2,2
1,48,1,11,2008,4,1,4,2,2,1,2,1,1,1,1,5,1,1,13,5,1,1,,2,2
1,50,3,11,2008,1,1,1,1,1,1,3,1,1,1,1,5,1,1,7,6,1,1,50,2,2
12,50,4,11,2008,3,1,1,2,2,1,1,1,1,1,1,1,1,2,7,6,1,1,,2,2
8,50,3,10,2008,3,1,3,2,2,1,1,4,1,1,1,4,4,2,4,6,1,1,17,2,2
12,47,4,11,2008,3,1,1,2,2,1,1,1,1,1,1,1,1,2,14,5,1,1,42,2,2
8,47,3,11,2008,2,1,4,2,2,1,1,1,1,1,1,1,1,1,9,5,1,1,28,2,2
1,49,3,10,2008,2,1,1,2,2,1,1,1,1,1,1,4,1,1,4,5,1,1,20,2,2
1,49,4,11,2008,4,1,1,2,2,1,4,1,1,1,1,3,1,2,14,5,1,1,,2,2
10,50,4,12,2008,2,1,1,2,2,1,1,1,1,1,1,1,1,2,14,6,1,1,,2,2
4,50,4,12,2008,2,1,1,2,2,4,1,1,1,1,1,1,1,2,9,6,1,1,,2,2
12,50,4,12,2008,4,1,1,2,2,4,2,1,1,1,1,1,1,2,9,6,1,1,,2,2
8,50,4,12,2008,3,1,1,1,2,1,1,2,1,1,1,1,1,2,9,6,1,1,,2,2
8,50,4,12,2008,3,1,1,2,2,1,1,1,1,1,1,3,1,2,14,6,1,1,,2,2
7,41,3,12,2008,2,1,1,2,2,1,1,1,1,1,1,1,1,2,8,6,1,1,21,2,2
6,41,2,12,2008,2,3,1,2,2,1,1,2,1,1,1,1,1,1,9,6,1,1,30,2,2
6,41,4,12,2008,2,7,1,2,1,1,1,1,1,1,1,1,1,2,9,6,1,1,,2,2
1,45,4,12,2008,3,1,1,2,1,1,1,2,1,1,1,1,5,1,14,6,1,1,,2,2
13,47,3,10,2008,2,1,1,2,2,4,1,1,1,1,1,3,1,2,4,6,1,1,,2,2
1,47,4,12,2008,2,3,4,2,2,4,1,1,1,1,1,1,1,2,4,2,1,1,,2,2
18,38,4,12,2008,2,1,1,2,2,1,1,1,1,1,1,1,1,2,9,6,1,1,,2,2
1,38,4,12,2008,3,3,1,2,2,1,1,1,1,1,1,2,1,2,14,2,1,1,55,2,2
1,38,4,12,2008,2,1,1,2,2,1,1,1,1,1,1,3,1,2,8,6,1,1,,2,2
1,35,4,12,2008,2,1,1,2,2,1,1,1,1,1,1,1,1,2,9,6,1,1,52,2,2
6,37,4,12,2008,2,1,1,1,2,1,1,1,1,1,1,2,1,2,,,,,,2,2
6,38,4,11,2008,3,1,1,2,2,1,1,4,1,1,1,1,1,2,9,6,1,1,,2,2
4,44,4,11,2008,2,1,1,2,2,1,1,1,1,1,1,1,1,1,6,5,1,1,25,2,2
7,44,4,11,2008,2,1,1,2,2,1,1,1,1,1,1,3,1,2,9,6,1,1,,2,2
4,36,1,1,2008,3,7,1,2,2,1,1,1,1,1,1,2,1,2,14,6,1,1,,2,2
4,36,4,2,2008,3,1,1,2,2,1,1,1,1,1,1,4,1,2,9,6,1,1,,2,2
2,36,4,2,2008,3,2,1,2,2,1,1,1,1,1,1,1,2,,9,4,2,1,,2,2
4,36,4,2,2008,4,1,1,2,2,1,3,1,1,1,1,1,1,2,9,10,1,1,,2,2
3,36,4,3,2008,4,1,1,2,2,1,1,1,1,1,1,1,1,1,9,4,1,1,,2,2
2,36,3,4,2008,3,1,8,2,2,1,1,1,1,1,1,4,1,2,14,2,1,1,,2,2
2,36,4,4,2008,3,1,1,2,2,1,1,1,1,1,1,4,1,2,9,6,1,1,,2,2
3,36,3,12,2008,3,1,1,2,2,1,1,1,1,1,1,1,1,2,9,6,1,1,,2,2
4,36,4,12,2008,3,1,1,2,2,1,1,1,1,1,1,1,1,2,16,6,1,1,,2,2
2,36,3,8,2008,2,1,7,2,2,1,1,3,1,1,1,1,1,2,13,6,1,1,,2,2
1,36,3,10,2008,2,1,1,2,2,1,1,1,1,1,1,1,1,2,9,6,1,1,,2,2
4,36,4,11,2008,2,1,1,2,1,1,1,1,1,1,1,1,1,2,4,6,1,1,,2,2
7,47,4,10,2008,3,3,1,2,2,1,1,1,1,1,1,1,1,1,14,6,1,7,,2,2
1,47,4,9,2008,4,1,1,2,2,1,2,1,1,1,1,1,1,2,11,6,1,1,30,2,2
3,45,4,7,2008,2,1,1,2,2,1,1,1,1,1,1,3,1,2,9,6,1,1,28,1,2
6,45,3,7,2008,2,7,4,2,1,1,1,1,1,1,1,1,,,14,6,1,1,,2,2
1,45,3,10,2008,3,7,1,2,2,1,1,1,1,1,1,1,1,1,9,6,1,7,,1,2
1,45,4,10,2008,3,1,1,2,2,1,1,1,1,1,1,1,1,2,9,6,1,7,,1,2
1,45,3,10,2008,3,1,1,2,2,1,1,1,1,1,1,1,,,9,6,1,1,,1,2
6,45,4,10,2008,2,3,1,2,1,1,2,1,1,1,1,1,1,2,8,6,1,7,,,
6,45,4,10,2008,2,,1,2,,1,1,1,1,1,1,1,,,9,6,1,1,,1,2
5,45,4,1,2008,2,1,1,2,2,1,1,1,1,1,1,1,1,2,9,6,1,3,,1,2
4,36,4,12,2008,2,1,1,2,2,1,1,5,1,1,1,1,2,2,9,6,1,1,,2,2
2,49,4,10,2008,4,1,1,2,2,1,4,1,1,1,1,1,1,2,6,5,2,6,,2,
1,49,4,11,2008,4,7,8,2,2,1,2,1,1,1,1,4,1,2,14,5,2,7,,,
1,46,4,3,2008,,1,2,2,2,1,1,1,1,1,1,2,1,2,4,6,1,1,,2,2
1,46,4,2,2008,3,1,1,2,2,1,1,1,1,1,1,1,1,2,9,6,1,1,,2,2
6,37,4,12,2008,2,1,1,2,2,1,1,1,1,2,1,2,1,2,19,6,1,7,35,2,2
5,37,4,7,2008,4,1,1,2,2,2,1,2,2,1,2,2,1,2,8,6,1,1,30,2,2
3,46,4,5,2008,3,1,1,2,2,1,1,1,1,1,1,3,1,2,9,6,1,1,,2,2
7,44,3,10,2008,2,3,1,1,1,1,1,1,1,1,1,1,1,2,9,1,1,1,40,2,2
1,35,4,1,2008,2,1,1,2,2,1,1,1,1,1,1,3,1,2,6,6,1,1,22,2,2
1,48,4,6,2008,3,1,1,2,2,1,1,1,2,1,2,3,,2,9,6,1,1,,2,2
13,51,3,8,2008,4,1,1,2,2,1,3,1,1,1,2,3,1,2,19,6,1,1,,2,2
1,51,4,4,2008,3,1,3,2,2,1,1,1,1,1,1,2,1,1,9,6,1,1,30,2,2
1,39,3,10,2008,2,3,2,2,1,1,1,1,1,1,1,1,1,1,1,5,1,7,28,2,2
2,50,4,3,2008,4,1,1,2,2,1,1,1,1,1,1,1,1,2,9,6,1,7,42,2,2
7,41,4,10,2008,4,3,1,2,2,1,2,1,1,1,1,1,1,,9,6,,1,,,2
11,50,4,10,2008,2,1,1,2,1,1,1,1,1,1,,2,1,2,6,6,1,1,,1,2
11,50,3,10,2008,3,1,1,2,2,1,1,1,1,1,1,1,1,2,9,6,1,7,,2,2
5,50,3,10,2008,3,1,1,2,2,1,1,1,1,1,1,1,1,2,9,6,1,7,,2,2
1,50,4,10,2008,2,1,1,2,2,1,1,2,1,1,1,2,1,2,19,10,1,7,,2,2
10,50,3,6,2008,2,3,1,2,2,1,1,1,1,1,1,1,1,1,6,2,1,1,31,1,2
2,50,4,6,2008,4,1,1,2,2,1,4,1,1,1,1,1,1,2,14,6,1,1,55,2,2
9,50,3,10,2008,2,1,1,2,2,1,1,3,1,,,2,5,2,9,6,2,7,38,1,2
3,38,4,3,2008,3,5,1,2,1,1,1,2,1,1,2,1,4,1,9,1,1,1,,2,2
6,38,3,4,2008,1,1,1,1,2,1,4,2,1,1,1,1,1,2,12,1,1,1,32,2,1
1,38,4,12,2008,2,7,1,2,1,1,1,1,1,1,1,1,1,2,9,11,1,1,,2,2
12,50,4,2,2008,3,1,1,2,2,1,1,1,1,2,2,1,1,2,6,10,2,1,,2,2
12,50,3,9,2008,3,1,1,2,2,1,1,1,1,1,1,1,1,2,14,6,1,1,,2,2
2,50,4,9,2008,2,1,1,2,2,1,1,1,1,1,1,2,1,2,9,6,1,1,,2,2
7,17,4,10,2008,2,2,1,2,2,1,1,1,1,1,1,1,1,2,1,11,1,1,,2,2
3,17,4,5,2008,3,2,7,1,2,1,1,2,1,1,1,3,1,1,7,6,1,7,22,2,2
3,17,4,11,2008,3,1,1,2,2,1,1,1,1,1,1,4,1,2,14,11,1,7,,2,2
8,17,4,9,2008,2,7,8,1,2,1,1,2,1,1,1,4,1,2,14,6,1,1,35,1,2
1,17,4,8,2008,3,1,1,2,2,2,1,,2,1,1,1,1,2,16,5,1,1,,2,2
3,42,3,1,2008,3,3,3,1,1,1,1,1,1,1,1,1,1,1,9,6,1,1,28,2,2
3,42,4,2,2008,2,1,1,1,1,1,3,1,1,1,1,1,1,1,14,6,1,1,25,1,2
4,42,4,1,2008,3,3,8,,,1,1,1,1,1,1,5,1,1,9,11,1,1,32,2,2
4,42,3,1,2008,2,3,1,,,1,1,1,1,1,1,5,1,1,8,5,1,1,38,2,2
4,42,4,4,2008,1,7,8,,,1,1,1,1,1,1,5,1,1,14,6,1,1,42,1,2
4,42,4,4,2008,3,7,1,1,1,1,1,1,1,1,1,5,1,1,,6,,,,,
8,42,3,2,2008,3,3,1,1,1,1,1,1,1,1,1,5,1,1,10,6,1,1,27,2,2
8,42,3,2,2008,2,3,4,1,1,1,1,1,1,1,1,5,1,1,14,6,1,1,22,1,2
9,42,4,2,2008,1,1,1,1,1,1,2,1,1,1,1,5,1,1,7,6,1,1,40,2,2
9,42,3,4,2008,4,1,1,2,1,2,1,1,1,1,1,5,1,1,10,6,1,1,38,2,2
10,42,1,1,2008,2,1,1,2,2,1,1,1,1,1,1,5,1,1,19,6,1,1,38,2,2
10,42,3,4,2008,2,2,6,1,1,1,1,1,1,1,1,5,1,1,9,6,1,1,35,2,2
10,42,3,5,2008,2,1,1,2,2,1,1,1,1,1,1,5,1,1,9,11,1,1,33,2,2
10,42,4,5,2008,1,4,1,1,1,3,1,1,1,1,1,5,1,1,14,6,1,1,35,1,2
10,42,2,6,2008,4,1,1,1,1,1,3,1,1,1,1,5,1,1,10,6,1,1,35,1,2
10,42,4,6,2008,1,1,1,1,1,1,1,1,1,1,1,5,1,1,6,6,2,1,28,2,2
10,42,4,7,2008,1,2,6,1,1,1,3,1,1,1,1,5,1,1,8,6,2,1,32,1,2
11,42,4,3,2008,4,2,4,1,1,1,3,1,1,1,1,5,1,1,19,6,1,1,35,1,2
11,42,4,4,2008,3,4,2,1,1,1,1,1,1,1,1,5,1,1,9,6,1,1,40,2,2
12,42,1,1,2008,2,1,1,2,2,1,1,1,1,1,1,5,1,1,10,6,1,1,32,2,2
15,42,4,1,2008,4,7,8,2,1,1,2,1,1,1,1,1,1,1,5,6,1,1,22,2,2
15,42,3,2,2008,1,1,8,1,2,1,3,1,1,1,1,2,1,1,9,6,1,1,32,2,2
15,42,1,4,2008,3,7,1,1,1,1,1,1,1,1,1,2,1,1,8,2,1,1,20,2,2
16,42,4,1,2008,2,7,4,2,2,1,3,1,1,1,1,1,1,1,13,5,1,1,32,1,2
16,42,3,1,2008,2,1,4,1,1,1,1,1,1,1,1,1,1,1,19,6,1,1,32,1,2
16,42,4,4,2008,2,1,1,1,1,1,1,1,1,1,1,1,1,1,9,5,1,1,30,2,2
16,42,4,5,2008,1,2,4,1,1,1,3,1,1,1,1,1,1,1,12,6,1,7,28,2,2
17,42,4,5,2008,4,1,1,1,1,1,4,1,1,1,1,5,1,1,,6,,,,,
17,42,3,5,2008,3,1,4,1,1,1,1,1,1,1,1,5,1,1,7,6,1,1,32,2,2
17,42,3,6,2008,2,1,1,2,2,1,1,1,1,1,1,5,1,1,19,6,1,1,38,2,2
17,42,1,6,2008,2,1,1,2,2,1,3,1,1,1,1,5,1,1,19,6,1,1,26,2,2
18,42,4,1,2008,4,1,8,1,1,1,3,1,1,1,1,5,1,1,9,6,1,7,,2,2
18,42,4,2,2008,2,1,1,1,1,1,1,1,1,1,1,5,1,1,14,6,1,1,38,1,2
21,42,4,1,2008,1,7,1,2,2,1,1,1,1,1,1,5,1,1,,6,,,,,
21,42,4,1,2008,1,7,1,2,2,1,1,1,1,1,1,1,1,1,9,6,1,1,32,2,2
21,42,4,5,2008,3,7,1,2,2,1,1,1,1,1,1,1,1,1,9,6,1,1,28,2,2
21,42,4,5,2008,4,7,1,1,2,1,3,1,1,1,1,1,1,1,14,6,1,1,38,2,2
21,42,4,6,2008,3,7,8,2,2,1,1,1,1,1,1,1,1,1,9,6,1,1,39,2,2
24,42,4,6,2008,3,1,1,2,2,1,1,1,1,1,1,1,1,1,14,6,1,,26,2,2
27,42,3,6,2008,3,1,1,1,1,1,1,1,1,1,1,5,1,1,9,6,1,1,38,1,2
28,42,3,1,2008,3,3,2,1,2,1,2,1,1,1,1,5,1,1,2,4,1,7,28,1,2
28,42,4,2,2008,4,2,1,2,1,1,3,1,1,1,1,5,1,1,8,6,1,1,38,2,2
28,42,2,6,2008,3,3,4,1,1,1,1,2,1,1,1,5,1,1,9,6,1,1,38,2,2
33,42,4,3,2008,4,1,4,1,1,1,3,1,1,1,1,1,1,1,9,6,1,1,38,2,2
33,42,4,3,2008,3,1,1,1,1,1,1,1,1,1,1,1,1,1,9,6,1,1,28,2,2
33,42,4,4,2008,2,2,4,1,1,1,1,1,1,1,1,5,1,1,9,6,1,1,32,2,2
33,42,4,4,2008,3,2,4,1,1,1,1,1,1,1,1,1,1,1,14,6,1,1,42,2,2
33,42,3,4,2008,4,1,1,1,1,1,3,1,1,1,1,1,1,1,14,6,1,1,40,1,2
33,42,4,5,2008,4,1,1,1,1,1,3,1,1,1,1,1,1,1,14,6,1,1,35,1,2
32,42,4,2,2008,1,1,4,1,1,1,3,1,1,1,1,5,1,1,14,6,1,1,38,1,2
32,42,4,3,2008,1,2,4,1,1,1,3,1,1,1,1,5,1,1,,6,,,,,
32,42,3,4,2008,1,1,1,1,1,1,3,1,1,1,1,5,1,1,10,6,1,1,28,2,2
32,42,3,6,2008,2,7,4,1,1,1,1,1,1,1,1,5,1,1,9,6,1,1,40,2,2
32,42,3,10,2008,2,1,1,1,1,1,1,1,1,1,1,5,1,1,10,6,1,1,35,2,2
2,42,3,2,2008,2,7,1,2,1,1,1,1,1,1,1,5,1,1,19,6,1,1,30,1,
2,42,1,4,2008,2,2,4,1,2,1,1,1,1,1,1,1,1,1,5,6,1,1,35,1,2
2,42,2,5,2008,3,3,1,1,1,1,1,1,1,1,1,5,1,1,5,6,1,1,35,1,2
1,42,1,5,2008,2,7,1,1,1,1,1,1,1,1,1,1,1,1,8,6,1,1,31,2,2
1,42,2,6,2008,2,2,5,1,1,1,1,1,1,1,1,5,1,1,10,6,1,1,32,2,2
5,42,1,9,2008,3,7,8,2,1,1,1,1,1,1,1,5,1,1,8,6,1,1,38,2,2
5,42,3,9,2008,3,1,8,2,2,1,1,1,1,1,1,5,1,1,7,6,1,1,38,2,2
7,42,3,1,2008,3,1,1,2,2,1,1,1,1,1,1,5,1,1,19,6,1,1,24,2,2
14,42,4,3,2008,1,2,4,1,1,1,2,1,1,1,1,1,1,1,9,6,1,1,28,2,2
14,42,4,6,2008,4,3,1,2,2,1,2,1,1,1,1,1,1,1,14,6,1,1,26,1,2
14,42,3,7,2008,2,1,2,2,1,1,1,1,1,1,1,5,1,1,10,6,1,1,22,2,2
22,42,2,4,2008,3,1,1,2,2,1,1,1,1,1,1,5,1,1,10,6,1,1,42,2,2
29,42,4,5,2008,4,2,8,1,1,1,3,1,1,1,1,5,1,1,9,6,1,1,25,2,2
13,42,3,8,2008,3,6,4,1,1,1,1,1,1,1,1,1,1,1,12,6,1,1,28,2,2
10,42,4,8,2008,2,1,4,1,1,1,3,1,1,1,1,5,1,1,16,6,,,49,1,2
10,42,4,10,2008,4,1,1,1,1,1,2,1,1,1,1,5,1,1,8,6,1,1,39,1,2
24,42,3,9,2008,4,1,1,2,2,1,4,1,1,1,1,2,1,2,10,6,2,1,42,1,2
18,42,4,1,2008,4,1,1,1,1,1,3,1,1,1,1,5,1,1,9,6,1,7,35,2,2
18,42,4,6,2008,3,1,1,1,1,1,1,1,1,1,1,5,1,1,14,6,1,1,38,1,2
18,42,4,7,2008,2,1,1,2,2,1,1,1,1,1,1,5,1,1,7,6,1,1,32,1,2
12,42,3,7,2008,4,1,4,1,1,1,3,1,1,1,1,5,1,1,10,6,1,1,25,2,2
12,42,2,9,2008,3,1,1,1,1,1,1,1,1,1,1,5,1,1,10,6,1,1,35,2,2
12,42,4,10,2008,1,2,4,1,1,1,3,1,1,1,1,5,1,1,14,6,1,1,42,1,2
9,42,2,8,2008,4,3,4,1,1,1,3,1,1,1,1,5,1,1,14,6,1,1,1,1,2
9,42,4,8,2008,3,1,1,1,1,1,1,1,1,1,1,5,1,1,6,6,1,1,22,2,2
9,42,3,8,2008,2,1,1,1,1,1,1,1,1,1,1,5,1,1,9,6,1,1,30,2,2
9,42,4,11,2008,4,1,1,2,2,1,3,1,1,1,1,5,1,1,14,6,1,1,35,1,2
3,42,4,5,2008,3,3,4,1,1,1,1,1,1,1,1,5,1,1,5,6,1,1,36,2,1
3,42,3,5,2008,4,3,4,1,1,1,3,1,1,1,1,5,1,1,14,6,1,1,38,1,2
3,42,4,11,2008,4,3,4,1,1,1,3,1,1,1,1,1,1,1,9,6,1,1,32,2,2
22,42,4,11,2008,2,1,1,2,1,1,2,1,1,1,1,1,1,1,10,6,1,1,36,2,1
22,42,4,6,2008,1,3,1,1,1,1,3,1,1,1,1,1,1,1,14,6,1,1,40,1,2
13,42,4,11,2008,4,1,1,1,1,1,3,1,1,1,1,1,1,1,6,1,1,1,30,2,2
28,42,3,8,2008,2,2,4,1,1,1,1,1,1,1,1,5,1,1,5,6,1,1,34,1,2
28,42,1,9,2008,3,5,6,1,1,1,1,1,1,1,1,5,1,1,9,6,1,1,32,1,2
28,42,2,10,2008,3,7,8,1,1,1,1,1,1,1,1,5,1,1,9,6,1,7,35,1,2
28,42,1,11,2008,3,5,4,1,1,1,1,1,1,1,1,5,1,1,9,6,1,1,38,2,2
28,42,3,11,2008,3,7,1,1,1,1,1,1,1,1,1,5,1,1,10,6,1,1,34,2,2
28,42,2,11,2008,4,5,5,1,1,1,1,1,1,1,1,5,1,1,9,6,1,1,36,2,2
18,42,2,8,2008,2,1,1,1,1,1,3,1,1,1,1,5,1,1,9,6,1,1,37,2,2
11,42,3,8,2008,3,1,1,1,1,1,1,1,1,1,1,5,1,1,9,6,1,1,40,2,2
11,42,4,9,2008,2,1,1,1,1,1,1,1,1,1,1,5,1,1,9,6,1,1,35,2,2
11,42,3,9,2008,1,1,1,1,1,1,1,1,1,1,1,5,1,1,9,6,1,1,38,2,2
26,42,3,8,2008,4,1,1,1,1,1,3,1,1,1,1,5,1,1,8,5,1,3,38,2,2
26,42,1,8,2008,2,2,3,1,1,1,1,1,1,1,1,5,1,1,8,5,1,1,32,2,2
26,42,3,9,2008,4,1,1,1,1,1,3,1,1,1,1,5,1,1,8,5,2,3,35,2,2
15,42,3,9,2008,4,1,1,2,2,1,2,3,1,1,1,5,1,1,9,6,1,1,42,2,2
1,42,4,7,2008,2,3,2,1,1,1,2,2,1,1,1,5,1,1,14,6,1,1,45,1,2
1,42,3,2,2008,1,1,1,1,1,1,1,1,1,1,1,5,1,1,19,6,1,7,45,2,2
1,42,2,9,2008,2,1,8,1,1,1,1,1,1,1,1,5,1,1,9,6,1,1,40,1,2
1,42,4,10,2008,3,2,8,1,1,1,1,1,1,1,1,5,1,1,9,6,1,1,24,2,2
1,42,4,11,2008,4,2,1,1,1,1,3,1,1,1,1,5,1,1,14,6,1,1,35,2,2
8,42,4,4,2008,2,3,1,1,1,1,2,1,1,1,1,5,1,1,10,6,1,1,35,2,2
14,42,2,10,2008,3,2,1,2,2,1,1,1,1,1,1,5,1,1,9,6,1,1,38,2,2
14,42,2,12,2008,4,2,8,1,1,1,3,2,1,1,1,1,1,1,9,6,1,1,40,2,2
14,42,2,12,2008,1,5,4,1,1,1,1,1,1,1,1,1,1,1,,6,,,,,
14,42,2,12,2008,3,2,4,1,1,1,1,1,1,1,1,1,1,1,9,6,1,1,43,2,2
21,42,4,9,2008,2,3,1,2,2,1,2,1,1,1,1,1,1,1,9,6,1,1,42,2,2
21,42,4,9,2008,2,1,4,2,2,1,1,1,1,1,1,1,1,1,9,6,1,1,32,2,2
16,42,4,7,2008,2,1,1,1,1,1,1,1,1,1,1,5,1,1,10,6,1,1,26,2,2
16,42,4,8,2008,2,1,1,1,1,1,2,1,1,1,1,5,1,1,10,6,1,1,26,2,2
17,42,3,7,2008,3,1,4,1,1,1,1,1,1,1,1,5,1,1,9,6,1,1,38,2,2
17,42,4,7,2008,1,1,4,1,1,1,2,1,1,1,1,2,1,1,14,6,1,1,42,2,2
33,42,4,8,2008,1,1,1,1,1,1,3,1,1,1,1,5,1,1,9,6,1,1,30,2,2
33,42,4,10,2008,4,1,1,1,1,1,2,1,1,1,1,1,1,1,,6,,,,,
33,42,4,11,2008,2,1,2,1,1,1,1,1,1,1,1,1,1,1,,6,,,,,
11,42,2,11,2008,2,7,8,2,2,1,1,1,1,1,1,5,1,1,10,6,1,1,45,2,2
4,42,4,7,2008,4,1,1,2,2,1,3,1,1,1,1,5,1,1,14,6,1,1,40,2,2
4,42,3,10,2008,4,1,1,,,1,3,1,1,1,1,5,1,1,9,6,1,1,38,2,2
1,20,4,1,2008,3,1,1,1,2,1,1,1,1,1,1,3,1,2,14,6,1,7,35,2,2
1,20,4,1,2008,2,1,1,2,1,1,1,1,1,1,1,5,1,1,14,6,1,7,32,2,2
1,20,4,6,2008,2,7,8,2,1,1,1,1,1,1,1,2,1,2,14,6,1,1,,2,2
1,20,4,9,2008,2,1,1,2,1,1,1,1,1,1,1,2,1,2,14,6,1,7,,2,2
3,20,4,3,2008,4,7,1,2,1,2,2,1,1,1,1,1,1,2,17,6,1,1,,2,2
3,20,4,6,2008,3,7,1,2,,1,1,2,1,1,,3,1,2,14,6,1,6,,2,2
3,20,4,6,2008,2,1,1,2,2,1,1,1,1,1,1,1,1,1,14,6,1,7,,2,2
3,20,4,10,2008,3,7,1,2,2,1,1,1,1,1,1,1,1,2,14,6,1,1,28,2,2
3,20,4,11,2008,3,1,1,2,2,1,1,1,1,1,1,1,1,2,19,5,1,1,,2,2
2,20,4,9,2008,1,3,1,2,2,1,1,1,1,1,1,1,1,1,14,6,2,1,,2,2
1,21,4,4,2008,2,1,1,2,2,1,1,2,1,1,1,1,1,2,7,6,1,1,,2,2
1,21,4,5,2008,2,1,1,2,2,1,1,1,1,1,1,3,1,2,17,6,1,1,,2,2
1,21,3,8,2008,3,1,1,2,2,1,1,1,1,1,1,1,1,1,12,6,1,1,,2,2
1,21,3,9,2008,3,1,1,2,2,1,1,1,1,1,1,1,1,1,9,6,1,1,,2,2
2,21,4,3,2008,4,1,1,2,1,1,3,1,1,1,1,4,1,2,14,6,1,1,30,2,2
3,21,4,4,2008,2,1,1,2,2,1,1,1,1,1,1,2,1,2,9,6,1,1,40,2,2
4,21,4,5,2008,4,1,1,2,2,1,1,1,1,1,1,1,2,,9,6,1,1,41,2,2