Thana,District,Accident_Severity,Month,Year,Time,Junction_Type,Traffic_Control,Movement,Divider,Weather,Light,Road_Geometry,Surface_Condition,Surface_Type,Surface_Quality,Road_Class,Road_Feature,Location_Type,Vehicle_Type,Vehicle_Movement,Vehicle_Loading,Vehicle_Defect,Vehicle_Driver_Age,Vehicle_Alcohol,Vehicle_Seat_Belt
5,21,4,2,2008,2,3,1,2,2,1,1,1,1,1,1,2,1,1,14,1,1,1,40,2,2
5,21,4,9,2008,4,1,1,2,2,2,4,1,2,1,1,1,1,2,14,6,1,1,36,2,2
6,21,4,8,2008,1,1,1,2,2,1,2,1,1,1,1,1,1,2,14,6,1,1,32,2,2
1,23,4,2,2008,2,1,1,2,2,1,1,1,1,1,1,2,1,2,8,5,1,1,30,2,2
1,23,3,3,2008,3,1,1,2,2,1,1,1,1,1,1,2,1,2,9,6,1,1,22,2,2
1,26,3,1,2008,2,3,1,2,2,1,1,1,1,1,1,2,1,1,9,6,1,1,37,2,2
1,26,4,6,2008,3,1,1,2,2,1,1,1,1,1,2,1,1,2,8,6,1,1,,2,2
4,26,4,5,2008,2,2,8,2,2,1,1,1,1,1,1,1,1,2,8,11,1,1,33,2,2
5,26,3,1,2008,2,1,1,2,2,1,1,1,1,1,1,1,1,1,14,6,1,1,28,2,2
5,26,4,11,2008,3,1,1,2,2,1,1,1,1,1,1,1,1,2,9,6,1,1,42,2,2
2,26,4,3,2008,2,7,8,2,2,1,1,2,1,2,2,2,1,2,4,11,1,1,24,2,2
8,26,4,5,2008,2,7,1,2,2,1,2,1,1,1,1,1,1,2,14,6,1,1,26,2,2
9,26,4,8,2008,2,1,1,2,2,2,1,2,1,1,1,4,1,2,6,5,1,1,40,2,2
1,19,3,2,2008,4,1,1,2,2,2,2,2,2,2,2,3,1,2,19,6,1,1,30,2,2
3,19,4,5,2008,3,1,1,2,2,1,1,1,1,1,1,2,1,2,19,6,1,1,,2,2
3,22,4,7,2008,2,1,1,2,2,2,1,1,2,1,1,1,1,2,9,6,1,1,32,2,2
1,22,3,2,2008,2,7,1,2,2,1,1,1,1,1,1,1,1,2,14,6,1,1,34,2,2
1,22,4,5,2008,4,1,1,2,2,1,4,1,1,1,1,1,1,2,9,6,1,1,,2,2
1,22,4,5,2008,3,1,1,2,2,1,1,1,1,1,1,1,1,2,10,6,1,1,,2,2
1,22,3,5,2008,4,1,1,2,2,1,2,1,1,1,1,1,1,1,10,6,1,1,,2,2
1,22,4,7,2008,4,1,1,1,2,1,1,1,1,1,1,1,1,,9,6,1,1,,2,2
1,22,3,8,2008,2,1,1,1,2,1,1,1,1,1,1,1,1,1,19,11,1,1,,2,2
1,22,3,11,2008,4,1,1,1,2,1,4,1,1,1,1,3,1,2,14,6,1,1,32,2,2
6,18,3,5,2008,4,1,1,1,2,1,4,1,1,1,1,2,1,2,14,5,1,7,,2,2
6,18,4,8,2008,3,1,1,1,2,1,1,5,1,1,1,1,1,2,8,6,1,1,34,2,2
6,18,3,8,2008,2,1,1,2,2,1,2,2,1,1,1,1,1,2,14,11,1,7,,2,2
6,18,4,10,2008,3,1,1,1,2,1,1,1,1,1,1,1,1,2,9,6,1,7,,2,2
4,18,4,3,2008,2,1,1,1,2,1,1,1,1,1,1,5,1,1,14,6,1,7,,2,2
3,18,4,1,2008,3,1,1,1,2,1,1,1,1,1,1,1,1,2,19,6,1,1,50,2,2
5,18,4,3,2008,2,1,1,2,2,1,2,1,1,1,2,1,1,2,14,6,1,1,,2,2
5,18,4,6,2008,1,1,1,2,2,1,1,1,1,1,1,2,1,2,7,7,1,1,,2,2
1,18,4,1,2008,2,1,1,2,2,1,1,1,1,1,1,1,1,1,19,7,1,1,,2,2
1,18,4,1,2008,1,1,1,1,2,1,2,1,1,1,1,2,1,2,14,1,1,1,,2,2
1,18,4,3,2008,4,1,1,1,2,1,4,1,1,1,1,1,1,1,9,6,1,1,,2,2
1,18,4,4,2008,2,1,1,1,2,1,1,1,1,1,1,1,1,2,14,6,1,1,,2,2
1,18,4,4,2008,4,1,1,1,2,1,4,1,1,1,1,2,1,2,14,6,1,1,,2,2
1,18,4,4,2008,2,1,1,1,2,1,1,1,1,1,1,2,1,2,9,6,1,1,50,2,2
1,18,2,5,2008,3,1,1,1,2,1,1,1,1,1,1,2,1,2,13,6,1,1,,2,2
1,18,3,6,2008,1,1,1,1,2,1,1,1,1,1,1,2,1,2,5,6,1,1,,2,2
1,18,3,8,2008,2,1,1,1,2,1,1,1,1,1,1,2,1,2,9,9,1,1,,2,2
1,18,4,8,2008,3,1,1,1,2,1,1,1,1,1,1,2,1,2,14,11,1,1,,2,2
1,18,3,10,2008,3,1,1,1,2,1,1,1,1,1,1,2,1,2,7,5,1,1,,2,2
1,18,4,11,2008,3,1,1,1,2,1,1,1,1,1,1,2,1,2,14,6,1,1,,2,2
2,1,4,1,2008,2,1,1,2,2,1,1,1,1,1,1,1,1,2,9,6,1,1,,2,2
1,24,4,1,2008,2,1,1,2,1,2,2,1,1,1,1,1,1,1,16,6,1,1,,2,2
1,24,4,6,2008,4,1,1,2,2,1,2,1,1,1,1,1,1,2,14,6,1,1,,2,2
1,24,4,7,2008,2,1,1,2,2,1,1,1,1,1,1,1,1,2,9,6,1,1,30,2,2
1,24,4,8,2008,4,1,1,2,2,1,4,2,1,1,1,1,1,2,19,6,1,1,,2,2
1,24,4,10,2008,3,1,1,2,2,1,1,1,1,1,1,1,1,2,11,6,1,1,,2,2
1,24,4,11,2008,2,1,1,2,2,1,1,1,1,1,1,1,1,2,13,6,1,1,,2,2
9,24,4,9,2008,2,1,1,2,2,1,1,1,1,1,1,1,1,1,4,6,1,1,,2,2
7,24,4,2,2008,2,1,1,2,2,1,1,1,1,1,1,1,1,1,4,6,1,1,,2,2
7,24,4,4,2008,4,1,1,2,2,1,2,1,1,1,1,3,1,2,12,6,1,1,,2,2
8,24,4,4,2008,4,1,1,2,2,1,4,1,1,1,1,1,1,2,9,5,1,1,,2,2
4,25,4,5,2008,2,1,1,2,2,1,1,1,1,1,1,4,1,2,9,6,1,1,,2,2
1,25,4,1,2008,2,1,1,2,2,1,1,1,1,1,1,4,1,2,10,1,1,1,,2,2
1,25,4,2,2008,2,1,1,2,2,1,1,1,1,1,1,1,1,2,8,6,1,1,,2,2
5,25,1,11,2008,4,1,1,2,2,1,4,1,1,1,1,4,1,2,8,6,1,2,,2,2
3,25,1,1,2008,3,1,1,1,2,1,1,1,1,1,1,4,1,2,14,6,1,1,,2,2
3,25,3,1,2008,3,1,1,2,2,1,1,1,1,1,1,4,1,2,14,1,1,1,,2,2
3,25,4,9,2008,4,1,1,2,2,1,2,1,1,1,1,4,1,2,19,6,1,1,25,2,2
6,25,4,3,2008,3,1,1,1,2,1,1,1,1,1,1,4,1,2,8,6,1,1,28,2,2
6,25,4,4,2008,3,1,1,1,2,1,1,1,1,1,1,4,1,2,14,6,1,1,,2,2
1,29,3,11,2008,4,1,1,2,2,1,2,1,1,1,1,3,1,2,6,6,1,2,,2,2
2,29,4,11,2008,2,1,1,2,2,1,1,1,1,1,1,4,1,2,8,5,1,1,28,2,2
3,29,4,9,2008,2,1,1,1,1,1,1,1,1,1,1,1,1,2,9,6,1,7,,2,2
6,29,4,12,2008,3,1,1,2,2,1,1,1,1,1,1,1,1,1,9,6,1,1,,2,2
8,29,4,2,2008,2,7,1,2,2,1,3,1,1,1,1,1,1,2,7,6,1,1,,2,2
8,29,4,7,2008,3,7,1,2,2,1,2,1,1,1,1,1,1,2,9,6,1,1,,2,2
1,24,4,10,2008,2,1,1,2,2,1,1,1,1,1,1,1,1,2,14,6,1,1,,2,2
2,24,4,10,2008,2,1,1,2,2,1,1,1,1,1,1,1,1,2,9,6,1,1,,2,2
2,24,4,10,2008,4,1,1,2,2,1,3,1,1,1,1,1,1,2,14,6,1,1,25,2,2
2,24,4,11,2008,1,1,1,2,2,1,1,1,1,1,1,1,1,2,14,6,1,1,45,2,2
3,19,4,12,2008,2,2,1,2,2,1,1,1,1,1,1,2,1,2,17,6,1,1,,2,2
3,20,3,11,2008,2,1,1,2,2,1,2,1,1,1,1,2,1,2,14,6,1,7,22,2,2
1,22,4,12,2008,1,1,1,2,2,1,4,2,1,1,1,1,1,2,10,1,1,1,37,2,2
1,22,3,12,2008,3,1,1,2,2,1,1,1,1,1,1,3,1,2,9,6,1,1,27,2,2
3,29,3,3,2008,2,7,1,2,2,1,1,1,1,1,1,1,1,2,9,6,1,1,,2,2
3,29,3,4,2008,2,1,1,2,2,1,1,1,1,1,1,1,1,2,9,6,1,1,,2,2
5,29,4,5,2008,3,1,1,2,2,1,1,1,1,1,1,1,1,2,4,6,1,1,27,2,1
5,29,4,12,2008,2,1,1,2,2,1,1,1,1,1,1,1,1,2,14,6,1,3,,2,2
3,18,4,2,2008,2,1,2,2,1,2,1,2,1,1,2,1,2,,4,,1,1,26,2,2
3,18,4,2,2008,1,1,1,2,1,1,1,1,1,1,1,2,1,2,9,6,1,1,,1,2
3,18,3,10,2008,3,1,1,2,2,1,1,1,1,1,1,2,1,2,1,6,1,1,45,2,2
1,20,4,2,2008,2,1,8,1,1,1,1,1,1,1,1,4,1,1,6,6,1,6,23,2,2
4,20,4,10,2008,1,1,1,2,2,1,1,1,1,1,1,3,2,,14,6,1,1,,2,2
1,24,4,1,2008,2,1,1,2,2,1,1,1,1,1,1,1,1,2,9,6,2,3,,2,2
4,24,4,10,2008,4,1,1,2,1,4,1,1,1,1,1,4,1,2,19,6,2,3,32,2,2
1,28,1,6,2008,3,1,1,1,2,1,1,4,1,1,1,1,2,1,12,2,1,7,38,1,2
1,28,1,12,2008,4,1,4,1,1,1,3,1,1,1,1,5,1,1,11,6,2,7,21,1,2
2,28,4,12,2008,2,3,1,2,2,1,1,2,1,1,1,1,1,1,8,6,1,1,,2,2
2,28,3,7,2008,3,2,1,2,2,1,1,1,1,1,1,1,2,2,9,4,1,1,49,2,2
3,28,1,2,2008,2,3,1,2,2,1,1,1,1,1,1,5,1,1,14,6,1,7,,2,2
5,28,4,8,2008,2,3,6,2,1,1,3,1,1,1,1,1,1,1,14,6,1,1,35,1,2
1,3,4,3,2008,4,1,1,2,2,1,3,1,1,1,1,1,1,1,19,6,1,7,,2,2
5,13,3,2,2008,1,3,8,2,2,1,2,1,1,1,1,1,1,1,6,6,1,7,,2,2
2,13,4,2,2008,2,1,1,2,2,1,1,1,1,1,2,3,1,2,6,6,1,7,25,2,2
3,8,4,1,2008,3,1,1,2,2,1,1,1,1,1,1,1,1,1,14,6,1,7,,2,2
3,8,4,1,2008,2,1,1,2,2,1,1,1,1,1,1,1,1,1,4,6,1,7,,2,2
1,2,4,1,2008,4,1,1,2,2,1,4,1,1,1,1,3,1,2,5,6,1,7,,2,2
2,2,3,1,2008,2,7,8,2,2,1,1,1,1,1,1,3,1,1,1,6,1,7,,2,2
2,2,4,1,2008,3,1,1,2,2,1,1,1,1,1,3,3,1,1,1,6,1,7,,2,2
1,1,4,3,2008,2,7,1,2,2,1,1,1,1,1,1,1,1,1,17,6,2,7,,2,2
1,1,4,1,2008,3,1,1,2,2,1,2,1,1,1,1,1,1,1,14,6,1,7,40,2,2
1,10,4,9,2008,3,1,1,2,2,1,1,1,1,1,1,2,1,2,1,6,1,1,,2,2
12,9,4,5,2008,3,1,1,2,2,1,2,1,1,1,1,5,1,2,5,6,1,1,,2,2
1,15,4,8,2008,3,1,1,2,2,2,1,2,2,1,1,1,1,2,14,5,1,1,,2,2
1,15,4,8,2008,3,1,1,2,2,2,1,1,2,1,1,1,1,2,12,11,1,6,,2,2
5,12,4,3,2008,3,7,8,2,2,1,1,1,1,1,1,3,1,2,8,4,1,7,,2,2
8,5,4,3,2008,3,1,1,2,2,1,1,1,1,1,1,1,1,2,9,6,1,1,37,2,2
8,5,3,3,2008,2,1,1,2,2,1,1,1,1,1,1,1,1,1,14,6,1,1,38,2,2
8,5,3,8,2008,2,3,1,2,2,1,1,1,1,1,1,1,1,1,9,6,1,1,39,2,2
2,5,4,4,2008,2,7,8,2,2,1,1,1,1,1,1,3,1,2,19,6,1,7,30,2,2
2,5,3,4,2008,2,3,8,2,2,1,1,2,1,1,1,3,1,2,8,6,1,7,28,2,2
2,5,4,6,2008,4,7,8,2,2,1,3,1,1,1,2,3,1,2,14,4,1,7,50,2,2
2,5,1,6,2008,2,1,1,2,2,1,2,1,1,1,1,3,1,2,8,6,1,7,,2,2
5,5,4,6,2008,3,1,1,2,2,1,1,1,1,1,1,1,1,1,9,1,1,7,,2,2
5,5,4,8,2008,2,1,1,2,2,1,1,3,1,1,2,1,1,1,9,6,1,7,55,2,2
6,5,4,5,2008,4,2,1,2,2,2,1,1,2,1,1,1,1,1,9,6,1,7,35,2,2
6,5,3,6,2008,3,1,1,2,2,1,2,2,1,1,1,1,1,1,9,2,1,7,27,2,2
4,5,4,4,2008,2,4,1,2,2,1,1,1,1,1,1,1,1,1,9,10,1,1,40,2,2
4,5,4,8,2008,3,7,1,2,2,1,1,1,1,1,1,1,1,2,9,6,1,1,48,2,2
6,5,1,1,2008,2,1,1,1,2,1,1,2,1,1,1,2,1,2,8,6,1,7,,2,2
4,5,4,1,2008,3,2,1,2,2,4,1,1,1,1,1,1,1,1,8,6,1,1,45,2,2
1,12,4,9,2008,2,3,1,2,2,1,1,1,1,1,1,3,1,2,14,6,1,1,52,2,2
1,12,4,9,2008,3,1,1,2,2,2,1,1,2,1,1,3,1,2,14,6,1,1,,2,2
1,12,4,9,2008,3,1,1,2,2,1,1,1,1,1,1,3,1,1,8,6,1,1,26,2,2
5,12,4,9,2008,2,1,1,2,2,1,1,1,1,1,1,3,1,2,14,6,1,6,29,2,2
11,9,4,1,2008,3,1,1,2,2,1,1,1,1,1,1,1,1,1,2,6,1,7,,2,2
1,12,4,1,2008,4,1,1,2,2,4,4,1,1,1,1,4,1,2,4,6,1,7,,2,2
5,12,4,1,2008,2,1,1,2,2,1,1,1,1,1,1,3,1,2,4,6,2,7,36,2,2
1,12,4,5,2008,3,7,8,2,2,1,1,1,1,1,1,3,2,1,17,6,1,1,,2,2
5,12,4,5,2008,3,7,8,2,2,1,1,1,1,1,1,3,1,2,14,7,1,6,,2,2
3,12,4,5,2008,4,1,1,2,2,1,2,2,1,1,1,3,1,1,14,2,1,1,55,2,2
1,4,3,6,2008,3,7,8,2,2,1,1,1,1,1,1,2,1,2,14,4,1,1,,2,2
6,4,4,6,2008,2,7,1,2,2,1,1,1,1,1,1,1,1,2,14,6,1,1,,2,2
3,4,4,4,2008,3,7,1,2,2,1,1,1,1,3,1,3,1,2,17,11,1,1,23,2,2
7,9,4,9,2008,3,7,1,2,2,1,1,1,1,1,1,4,1,2,9,6,1,7,,2,2
5,9,4,9,2008,3,1,1,2,2,1,1,1,1,1,1,3,1,2,7,4,1,7,,2,2
4,2,4,10,2008,3,3,1,2,2,1,1,1,1,1,1,3,1,2,17,1,2,7,32,2,2
3,12,4,10,2008,4,3,1,2,2,1,2,2,1,1,1,3,1,1,14,6,1,7,,2,2
1,11,4,2,2008,4,1,1,2,2,1,4,1,1,1,1,2,1,2,16,4,1,7,,2,2
6,11,3,5,2008,4,3,1,2,2,1,2,1,1,1,1,2,1,2,1,6,1,7,,2,2
4,11,4,10,2008,4,7,1,2,2,1,2,1,1,1,1,3,1,2,19,5,2,7,42,2,2
1,2,3,4,2008,1,1,1,2,2,1,1,1,1,1,1,3,1,2,8,4,1,1,,2,2
6,9,1,2,2008,2,2,1,2,2,1,1,2,1,1,1,4,1,2,9,6,1,7,20,2,2
7,9,4,3,2008,3,1,1,2,2,1,1,1,1,1,1,1,1,1,6,6,1,7,,2,2
11,9,4,1,2008,1,7,1,2,2,4,4,1,5,1,1,1,1,1,9,6,1,7,,2,2
8,9,4,3,2008,2,1,1,2,2,1,1,1,1,1,1,3,1,1,9,5,1,7,45,2,2
10,16,4,1,2008,3,7,1,2,2,1,1,1,1,1,1,2,1,1,9,6,1,1,,2,2
1,12,4,7,2008,2,1,1,2,2,1,1,1,1,1,1,3,1,2,14,6,1,6,30,2,2
4,9,4,1,2008,3,1,1,2,2,1,1,1,1,1,1,2,1,1,4,6,1,7,25,2,2
3,9,4,1,2008,2,1,1,2,2,4,1,1,2,1,1,4,1,2,6,6,1,7,32,2,2
4,13,3,3,2008,3,7,1,2,2,1,2,1,1,1,1,3,1,2,4,6,2,7,30,2,2
3,9,4,3,2008,3,7,8,2,2,1,1,1,1,1,1,4,1,2,13,5,1,1,24,2,2
7,16,3,1,2008,1,1,1,2,2,1,4,1,1,1,1,2,1,1,9,6,1,7,,2,2
11,16,4,9,2008,2,1,8,2,2,1,2,1,1,1,1,1,1,1,14,6,1,7,35,2,2
10,16,3,9,2008,2,7,1,2,2,1,1,1,1,1,1,2,1,2,13,6,1,7,,2,2
9,16,4,3,2008,3,7,1,2,2,1,1,1,1,1,1,1,1,1,8,11,1,7,,2,2
6,16,4,3,2008,2,7,8,2,2,1,2,1,1,1,1,1,1,,14,1,2,7,50,2,2
10,16,4,3,2008,1,1,4,2,2,1,4,1,1,1,1,2,1,2,14,7,1,3,,2,2
1,6,3,2,2008,3,1,1,2,2,1,1,1,1,1,1,5,1,2,14,6,1,7,40,2,2
2,6,4,2,2008,3,7,1,2,2,1,2,2,1,1,1,1,1,1,9,2,1,7,,2,2
11,16,4,4,2008,4,7,8,2,2,1,4,4,1,1,1,1,1,2,14,10,1,7,,2,2
11,16,4,3,2008,3,7,1,2,2,1,1,1,1,1,1,1,1,2,9,6,1,7,,2,2
8,16,4,4,2008,2,7,1,2,2,1,1,1,1,1,1,1,1,2,14,11,1,7,45,2,2
2,16,4,4,2008,3,1,1,2,2,1,1,4,1,1,1,3,1,2,6,6,1,3,28,2,2
1,16,3,5,2008,2,1,1,2,2,1,1,1,1,1,1,3,1,1,14,5,1,1,46,2,2
10,16,4,5,2008,1,7,4,2,2,1,4,1,1,1,1,2,1,2,9,6,1,1,,2,2
1,16,4,6,2008,2,3,1,2,2,1,1,1,1,1,1,5,1,1,13,6,1,7,,2,2
11,16,4,6,2008,2,1,8,2,2,1,2,1,1,1,1,1,1,2,9,4,1,7,42,1,2
11,16,4,6,2008,3,1,8,2,2,1,1,1,1,1,1,1,1,2,9,11,1,4,,2,2
1,12,4,7,2008,4,3,8,2,2,1,2,1,1,1,1,3,1,1,14,6,1,7,32,2,2
1,12,4,7,2008,1,3,2,1,2,1,1,3,5,1,1,2,1,2,9,6,1,7,38,2,2
7,13,4,8,2008,3,7,1,2,2,1,1,1,1,1,1,2,1,1,7,11,1,3,,2,2
1,13,4,9,2008,2,1,1,2,2,1,1,1,1,1,1,3,1,2,14,6,1,1,,2,2
8,13,4,9,2008,2,1,1,2,1,1,1,1,1,1,1,1,1,2,14,5,1,1,,2,2
8,13,4,9,2008,2,1,1,2,2,1,1,1,1,1,1,1,1,2,19,6,1,1,,2,2
9,16,4,2,2008,2,7,1,2,2,1,1,1,1,1,1,4,1,1,13,5,1,7,40,2,2
7,13,4,1,2008,2,1,1,2,2,1,1,1,1,1,1,2,1,1,8,6,1,7,,2,2
7,13,4,1,2008,2,2,4,2,2,1,1,1,1,1,1,2,1,1,9,6,1,1,,2,2
9,13,4,1,2008,2,7,8,2,2,4,1,1,1,1,1,2,1,1,8,6,1,7,,2,2
8,13,4,1,2008,3,1,8,2,2,1,2,1,1,1,1,1,1,1,9,1,1,7,,2,2
1,9,4,4,2008,3,3,4,2,2,1,1,1,1,1,1,1,1,1,6,8,1,7,,2,2
1,15,4,4,2008,2,7,1,2,2,1,1,1,1,1,1,4,1,2,4,6,1,7,25,2,2
5,15,4,1,2008,3,1,8,2,2,1,1,1,1,1,1,3,1,2,13,5,1,7,,2,2
5,15,4,1,2008,1,1,1,2,2,1,2,1,1,1,1,1,1,1,14,6,1,1,32,2,2
3,15,4,2,2008,3,7,1,2,2,1,1,1,1,1,1,1,1,1,9,6,1,1,32,2,2
3,15,4,7,2008,3,7,1,2,2,1,1,1,1,1,1,3,1,2,5,5,1,7,27,2,2
3,15,4,11,2008,3,1,1,2,2,1,1,1,1,1,2,1,1,2,5,6,2,1,,2,2
6,7,4,11,2008,3,7,1,1,2,1,1,1,1,1,1,3,1,2,4,11,1,1,42,2,2
11,16,1,10,2008,1,7,1,2,2,1,2,1,1,1,1,1,1,2,7,5,1,1,,1,2
1,9,1,7,2008,3,3,4,2,2,1,1,1,1,1,1,1,1,1,13,5,1,7,,2,2
2,9,4,10,2008,3,3,1,2,2,1,1,3,1,1,3,3,2,,9,4,1,7,,2,2
7,9,4,10,2008,3,7,8,2,2,1,1,1,1,1,1,3,1,2,9,6,1,1,45,2,2
6,4,4,11,2008,2,1,1,2,2,1,1,1,1,1,1,1,1,2,11,6,1,1,40,2,1
6,4,4,10,2008,3,3,1,2,2,1,1,1,1,1,1,1,1,2,7,6,1,1,32,2,2
1,11,3,12,2008,2,1,1,1,2,1,1,1,1,1,1,2,1,1,5,6,1,7,40,2,2
1,11,1,12,2008,2,1,8,2,2,1,1,1,1,1,1,1,2,1,12,6,2,7,35,2,2
8,11,4,12,2008,3,1,1,1,2,1,1,1,1,1,2,5,1,1,8,6,1,1,28,1,2
6,11,4,12,2008,3,7,1,1,2,1,1,1,1,1,1,2,1,2,4,5,1,1,,2,2
3,2,4,12,2008,2,3,1,2,2,1,1,2,1,3,2,3,4,2,17,2,1,1,27,2,2
4,15,4,12,2008,2,1,8,2,2,1,1,2,1,1,1,2,1,2,12,6,1,1,40,2,2
8,13,4,12,2008,4,7,1,2,2,1,3,1,1,1,1,1,1,1,9,7,1,1,,2,2
8,13,4,12,2008,3,7,1,2,2,1,1,2,1,1,1,1,1,1,8,11,1,7,23,2,2
1,13,3,12,2008,3,2,8,2,2,1,1,1,1,1,1,3,1,2,10,5,1,1,,2,2
1,12,4,7,2008,4,3,1,2,2,1,2,1,1,1,1,2,1,1,2,6,1,7,32,2,2
5,12,4,5,2008,3,7,8,2,2,1,1,1,1,1,1,3,1,2,14,7,1,6,,2,2
3,12,4,5,2008,4,7,1,2,2,1,2,2,1,1,1,4,1,1,14,2,1,1,55,2,2
1,12,4,3,2008,2,7,8,2,2,1,1,1,1,1,1,2,1,1,14,4,1,7,,2,2
1,12,4,2,2008,2,7,8,2,1,1,1,1,1,1,1,3,1,1,14,7,1,1,30,2,2
5,12,4,1,2008,2,7,1,2,2,1,1,1,1,1,1,3,1,2,5,6,1,1,36,2,2
1,12,4,1,2008,4,1,1,2,2,4,3,1,2,1,1,3,1,2,4,6,1,7,,2,2
4,3,3,5,2008,4,1,1,2,2,1,2,1,1,1,1,4,1,2,19,6,1,7,,2,2
11,16,4,11,2008,3,7,8,2,2,1,1,1,1,1,1,1,2,2,9,5,2,1,35,2,2
1,10,4,3,2008,2,7,1,2,2,1,1,1,1,1,1,2,1,2,9,6,1,7,42,2,2
1,10,1,4,2008,3,1,1,2,2,1,1,1,1,1,1,5,1,1,2,6,1,7,,2,2
5,10,4,8,2008,4,7,1,2,2,1,1,1,1,1,1,3,3,2,8,6,2,1,,2,2
4,10,4,1,2008,3,7,8,2,2,1,2,2,1,1,1,4,1,2,19,6,1,1,,2,2
4,10,4,3,2008,2,2,1,2,2,1,1,1,1,1,1,2,1,2,8,6,1,7,,2,2
3,13,4,11,2008,4,7,8,2,2,1,2,1,1,1,1,3,1,1,9,6,1,7,,2,2
10,9,4,9,2008,3,7,1,2,2,1,4,3,1,1,1,1,2,2,9,4,2,7,,2,2
10,9,4,11,2008,3,2,3,2,2,1,2,1,1,1,1,1,1,1,9,6,2,7,,2,2
12,9,4,11,2008,4,7,1,2,2,1,4,1,1,1,1,1,1,1,14,6,1,7,,2,2
12,9,3,10,2008,3,3,1,2,2,1,1,1,1,1,1,2,1,2,4,11,1,7,,1,2
11,9,4,11,2008,3,7,1,2,2,1,1,1,1,1,1,5,1,2,9,5,2,7,,2,2
1,5,3,10,2008,3,7,1,1,2,1,1,1,1,1,1,1,1,2,14,6,1,1,,2,2
1,5,4,10,2008,4,7,1,2,2,1,1,1,1,1,1,1,1,2,14,6,1,1,45,2,2
1,5,4,11,2008,4,1,1,2,2,1,3,1,1,1,1,1,1,2,9,6,1,7,35,2,2
6,5,4,11,2008,3,7,1,2,2,1,1,1,1,1,1,1,1,2,7,6,1,1,30,2,2
2,5,3,9,2008,3,1,1,2,2,1,1,1,1,1,1,3,1,2,7,6,1,1,38,2,2
5,5,3,9,2008,2,1,1,2,2,1,1,1,1,1,1,1,1,2,9,6,1,7,,2,2
5,5,1,11,2008,3,1,1,2,2,1,1,1,1,1,1,2,1,2,6,6,1,7,,2,2
5,5,4,11,2008,4,1,1,2,2,1,2,1,1,1,1,1,1,2,14,6,1,7,,2,2
6,5,3,11,2008,3,7,8,2,2,1,1,1,1,1,1,4,1,2,17,6,1,7,,2,2
4,5,4,9,2008,4,1,8,2,2,4,3,1,1,1,1,1,1,2,14,6,1,1,,2,2
4,5,4,10,2008,3,4,1,2,2,1,1,1,1,1,1,1,1,2,7,7,1,1,,2,2
1,12,4,11,2008,4,1,1,2,2,1,2,1,1,1,1,1,1,2,19,6,1,1,,2,2
1,12,3,11,2008,2,1,1,2,2,1,1,1,1,1,1,3,1,1,4,6,1,7,,2,2
1,12,4,11,2008,3,3,8,2,2,1,1,2,5,3,3,1,2,,17,6,2,7,,2,2
12,9,4,10,2008,1,7,8,2,2,4,2,1,1,1,1,2,1,1,13,6,1,1,,2,2
11,9,4,10,2008,3,7,8,2,2,1,1,1,1,1,1,1,1,2,9,6,1,1,,2,2
1,1,3,11,2008,3,3,2,2,2,1,1,1,1,1,1,1,1,1,13,6,1,1,,2,2
3,1,4,11,2008,3,7,1,2,2,1,1,1,1,1,1,1,1,2,9,6,1,7,45,2,2
3,1,4,11,2008,2,7,1,2,2,1,1,2,1,1,1,1,1,2,8,6,1,7,,2,2
1,15,4,3,2008,2,7,1,2,2,2,1,1,2,1,1,1,1,1,14,6,1,7,,2,2
1,15,4,5,2008,3,7,1,2,2,2,1,2,2,1,1,1,1,1,14,1,1,7,,2,2
1,15,2,7,2008,3,1,1,2,2,1,1,1,1,1,1,1,1,1,14,6,1,7,,2,2
6,15,4,5,2008,4,1,8,2,2,1,2,1,1,1,1,1,1,2,14,6,1,7,,2,2
6,15,4,5,2008,2,1,1,2,2,1,1,1,1,1,1,1,1,1,14,6,1,1,,2,2
7,15,3,8,2008,2,7,8,2,2,2,1,2,2,1,1,3,1,2,8,2,1,7,43,2,2
5,15,3,7,2008,2,7,1,2,2,1,1,1,1,1,1,3,2,2,7,5,1,7,25,2,2
3,15,3,9,2008,3,1,1,2,2,1,1,1,1,1,1,1,1,1,14,6,1,1,35,2,2
1,15,4,7,2008,2,7,1,2,2,2,1,1,2,1,1,1,1,2,9,11,1,3,40,2,2
12,3,3,8,2008,3,1,8,2,2,1,1,1,1,1,1,3,1,2,14,6,1,7,,2,2
1,9,4,7,2008,2,7,1,2,2,1,1,1,1,1,1,1,1,1,8,6,1,7,,2,2
7,9,4,6,2008,3,7,1,2,2,1,1,1,1,1,1,4,1,2,6,6,1,7,,2,2
6,3,4,9,2008,2,7,8,2,2,1,1,1,1,1,1,3,1,2,7,4,1,1,,2,2
1,16,4,7,2008,3,1,1,2,2,1,1,1,1,1,1,3,1,1,9,6,1,7,,2,2
10,16,4,7,2008,1,7,4,2,2,1,2,1,1,1,1,1,1,2,7,6,1,1,32,2,2
11,16,4,8,2008,2,1,8,2,2,1,2,1,1,1,1,1,1,1,13,6,1,7,36,2,2
1,10,4,7,2008,3,3,1,2,2,1,1,1,1,1,1,2,1,1,13,5,1,3,,2,2
4,3,4,6,2008,2,1,1,2,2,1,1,1,1,1,1,1,1,2,6,6,1,7,,2,2
6,13,4,6,2008,3,7,1,2,2,1,1,1,1,1,1,4,1,2,17,4,1,1,,2,2
1,11,4,7,2008,2,1,1,2,2,1,1,2,1,1,2,1,1,2,14,2,1,3,40,2,2