Thana,District,Accident_Severity,Month,Year,Time,Junction_Type,Traffic_Control,Movement,Divider,Weather,Light,Road_Geometry,Surface_Condition,Surface_Type,Surface_Quality,Road_Class,Road_Feature,Location_Type,Vehicle_Type,Vehicle_Movement,Vehicle_Loading,Vehicle_Defect,Vehicle_Driver_Age,Vehicle_Alcohol,Vehicle_Seat_Belt
1,11,3,3,2008,3,1,1,2,2,1,1,1,1,1,1,1,1,1,6,6,1,7,,2,2
1,11,4,3,2008,1,1,1,2,2,1,2,1,1,1,1,1,1,1,8,5,1,7,,2,2
3,11,3,8,2008,2,7,8,2,2,1,1,1,1,2,1,4,4,2,17,11,2,7,,2,2
5,11,4,7,2008,3,7,8,2,2,1,1,1,1,1,1,4,1,2,17,6,1,1,35,2,2
7,11,2,5,2008,4,1,1,2,2,1,3,1,1,1,1,4,1,1,17,6,1,7,30,2,2
7,11,4,6,2008,3,4,1,2,2,1,1,2,1,1,2,4,1,2,14,6,1,7,35,2,2
1,3,4,11,2008,2,2,1,2,2,4,2,1,1,1,1,1,1,1,14,5,1,1,45,2,2
1,9,4,4,2008,2,4,1,2,2,1,1,1,1,1,1,1,1,1,8,2,1,1,,2,2
1,9,4,4,2008,3,1,1,2,2,1,1,1,1,1,1,1,1,1,9,6,1,1,,2,2
12,9,3,8,2008,2,1,8,2,2,1,1,2,1,1,1,1,1,1,13,1,1,7,27,2,2
1,5,4,12,2008,2,7,8,1,2,4,1,2,1,1,1,2,1,1,9,7,1,7,,2,2
5,5,4,12,2008,2,7,8,2,2,4,1,1,1,1,1,4,1,2,17,4,1,1,48,2,2
4,9,4,12,2008,2,1,2,2,2,1,1,1,1,1,1,1,1,1,8,6,1,7,35,2,2
12,9,4,12,2008,4,7,8,2,2,1,2,1,1,1,1,1,1,1,9,11,1,3,,2,2
1,9,4,7,2008,3,7,1,2,2,1,1,1,1,1,1,1,1,1,8,11,1,1,,2,2
3,9,4,6,2008,3,7,1,2,2,1,1,2,1,2,3,4,1,1,14,6,1,1,29,2,1
1,17,3,11,2008,3,1,8,2,2,1,1,1,1,1,1,4,1,1,19,6,2,7,40,2,2
1,17,4,11,2008,2,7,7,2,2,1,1,1,1,1,1,1,1,1,9,5,1,7,,2,2
9,17,4,8,2008,2,1,8,2,2,1,1,2,1,1,1,3,4,2,8,6,2,6,25,2,1
7,17,4,6,2008,4,1,1,1,2,1,4,1,1,1,1,3,1,2,19,6,1,1,25,2,2
7,17,4,8,2008,2,3,1,2,2,1,1,2,1,1,1,1,1,1,9,6,1,1,35,2,2
7,17,4,9,2008,4,2,8,2,2,1,4,1,1,1,1,1,1,2,14,6,2,1,38,2,2
7,17,4,10,2008,2,2,8,2,2,1,1,1,1,1,1,1,1,1,11,11,1,1,,2,2
3,17,2,5,2008,3,2,7,1,2,1,1,2,1,1,1,3,1,1,7,11,1,7,22,2,2
3,17,4,11,2008,1,7,3,2,2,1,1,1,1,1,1,4,1,2,14,11,1,7,,2,2
8,17,4,9,2008,2,7,8,1,2,1,1,2,1,1,1,4,1,2,14,6,1,1,35,1,2
1,17,4,8,2008,3,7,1,2,2,2,1,1,2,1,1,1,1,1,16,5,1,1,,1,2
2,17,4,10,2008,3,7,8,2,2,1,1,2,1,1,1,1,1,1,9,6,1,7,,2,2
2,12,3,12,2008,3,1,8,2,2,1,1,2,1,1,1,5,1,1,8,6,1,1,29,2,2
10,16,4,12,2008,4,7,1,2,2,1,2,1,1,1,1,2,1,2,9,6,1,7,,2,2
9,16,4,12,2008,1,7,8,2,2,1,2,1,1,1,1,1,1,1,9,6,1,1,30,2,2
11,16,3,12,2008,3,1,8,2,2,1,1,2,1,1,1,3,1,2,9,5,1,7,,2,2
5,10,3,12,2008,3,7,1,2,2,1,2,1,1,1,2,4,1,2,14,4,1,7,,2,2
2,6,4,10,2008,2,7,8,2,2,1,1,1,1,1,1,1,1,1,8,6,1,7,,2,2
5,6,4,7,2008,4,7,1,2,2,1,4,1,1,1,1,1,1,1,14,11,1,1,48,2,2
5,6,3,9,2008,2,7,1,2,2,1,1,1,1,1,1,1,1,1,8,6,1,1,33,2,2
1,8,1,10,2008,2,1,1,2,2,1,1,1,1,1,1,2,1,1,4,6,1,7,,2,2
1,8,4,6,2008,2,1,1,2,2,1,1,1,1,1,1,3,1,2,8,6,1,1,,2,2
4,8,3,3,2008,3,1,8,2,2,1,1,1,1,1,1,2,1,2,14,5,1,1,,2,2
6,8,4,2,2008,4,7,8,2,2,1,2,1,1,1,1,4,1,2,16,6,1,7,,2,2
6,8,4,2,2008,3,2,1,2,2,1,1,1,1,1,1,4,1,1,4,6,1,1,40,2,2
5,8,4,12,2008,1,7,1,2,2,4,2,1,1,1,1,3,1,2,9,6,1,7,,2,2
7,8,3,8,2008,4,1,1,2,2,1,4,1,1,1,1,3,1,2,4,6,1,1,35,2,1
3,8,4,5,2008,2,1,1,2,2,1,2,1,1,1,1,1,1,1,12,6,1,7,,2,2
3,8,4,5,2008,3,1,1,2,2,1,1,1,1,1,1,1,1,1,14,11,1,1,,2,2
3,8,4,4,2008,2,2,1,2,2,1,2,1,1,1,1,1,1,1,14,6,1,7,,2,2
3,8,4,3,2008,4,1,1,2,2,1,2,1,1,1,1,1,1,1,16,6,1,7,,2,2
3,8,4,2,2008,2,3,1,1,1,1,1,1,1,1,1,1,1,1,9,6,1,7,,2,1
3,8,4,11,2008,1,7,8,2,2,4,1,1,1,1,1,3,1,2,12,6,1,1,48,2,2
1,12,4,7,2008,3,3,1,2,2,1,1,3,1,1,1,2,1,2,9,6,1,1,38,2,2
1,12,4,5,2008,3,1,1,2,2,1,1,1,1,1,1,2,1,1,19,6,1,1,,2,2
4,12,4,1,2008,3,1,1,2,2,1,1,2,1,1,1,4,1,2,19,6,1,1,,2,2
3,15,4,4,2008,3,1,1,2,2,1,1,1,1,1,1,1,1,1,9,5,1,1,,1,2
11,9,4,12,2008,3,1,1,2,2,1,1,1,1,1,1,1,1,2,10,9,1,1,24,2,2
4,3,3,5,2008,3,1,1,2,2,1,1,1,1,1,1,1,1,1,8,5,1,6,,1,2
9,13,4,12,2008,2,3,1,2,2,1,1,1,1,1,1,5,1,1,8,6,1,1,,2,2
1,10,3,2,2008,2,3,2,2,2,1,1,1,1,1,1,1,1,1,8,6,1,3,,2,2
1,10,4,2,2008,4,3,1,2,2,1,2,1,1,1,1,1,1,1,14,6,1,3,50,2,2
5,10,4,8,2008,2,2,2,1,1,1,1,1,1,1,1,1,1,1,8,6,1,1,,1,2
8,13,4,6,2008,1,1,1,2,2,1,2,2,2,1,1,1,1,2,6,6,1,1,,2,2
6,5,4,4,2008,2,1,1,2,2,1,1,2,1,1,1,1,1,2,9,6,1,1,,2,2
6,5,4,6,2008,1,1,1,2,2,1,4,1,1,1,1,1,1,1,9,6,1,1,,2,2
6,5,4,6,2008,4,1,1,2,2,1,2,1,1,1,1,1,1,1,9,6,1,1,29,2,2
1,12,4,3,2008,2,2,1,2,2,1,1,1,1,1,1,2,1,2,14,6,1,1,,2,2
1,4,3,11,2008,3,4,1,2,2,1,1,1,1,1,1,2,1,1,8,6,1,1,45,2,2
4,9,3,3,2008,2,1,1,2,2,1,1,1,1,1,1,3,1,1,9,5,1,1,22,2,2
1,15,3,12,2008,3,1,1,2,2,1,1,3,1,1,1,1,1,2,9,6,1,5,,2,2
5,13,4,1,2008,2,3,1,2,2,1,1,1,1,1,1,2,1,1,1,6,1,1,45,2,2
6,15,4,8,2008,2,1,1,2,2,1,1,1,1,1,1,1,1,2,9,6,1,7,,2,2
3,15,4,5,2008,4,1,1,2,2,1,4,1,1,1,1,3,1,2,8,6,1,1,,2,2
2,1,4,12,2008,4,1,1,2,2,4,2,2,1,1,1,2,1,2,8,6,1,1,,1,2
10,16,4,7,2008,1,1,1,2,2,1,2,1,1,1,1,1,1,2,14,4,1,1,35,2,2
1,16,4,7,2008,2,1,1,2,2,1,1,1,1,1,1,3,1,2,9,6,1,3,,2,2
2,16,4,8,2008,3,1,1,2,2,1,1,1,5,1,2,3,1,2,9,4,1,1,,2,2
2,16,4,8,2008,2,3,1,2,2,1,1,2,1,1,1,3,1,2,8,6,2,6,30,2,2
1,15,4,7,2008,1,1,2,2,1,1,2,1,2,1,2,1,1,1,14,11,1,7,,1,2
8,13,3,5,2008,3,4,1,2,2,1,1,1,1,1,1,1,1,1,19,6,2,6,40,2,2
5,13,4,5,2008,2,1,1,2,2,1,1,1,1,1,1,2,1,2,9,6,1,1,,2,2
2,13,4,3,2008,4,1,1,2,2,1,2,1,1,1,1,5,1,2,14,6,1,1,,2,2
2,14,4,1,2008,3,1,1,1,2,1,1,1,1,1,1,5,1,1,9,6,1,1,45,2,2
2,14,4,3,2008,3,1,1,2,2,1,1,1,1,1,1,1,1,1,8,4,1,1,35,2,2
2,14,1,4,2008,2,1,8,1,2,1,1,1,1,1,1,1,1,2,8,6,1,1,30,2,2
1,14,4,4,2008,4,1,1,1,1,1,3,1,1,1,1,1,1,1,8,1,1,1,38,2,2
2,14,3,5,2008,3,2,1,2,2,1,1,1,1,1,1,1,1,2,8,6,1,1,40,2,2
4,14,4,5,2008,2,1,1,2,2,1,2,1,1,1,1,1,1,1,9,6,1,7,,1,2
4,14,4,5,2008,2,1,1,2,2,1,3,1,1,1,2,5,1,1,14,6,2,7,,1,2
2,14,4,6,2008,4,2,8,2,2,2,2,1,2,1,1,1,1,2,9,8,1,1,33,2,2
1,14,4,7,2008,2,3,1,2,2,1,2,2,1,1,1,5,1,1,14,6,1,7,,1,2
3,14,1,7,2008,4,3,1,2,2,1,2,1,1,1,1,5,1,1,6,6,1,1,25,2,2
3,14,4,8,2008,3,1,1,1,2,1,1,1,1,1,1,1,1,1,9,6,1,1,30,2,2
2,14,4,10,2008,4,1,1,2,2,1,2,2,1,1,1,3,1,2,19,1,2,7,26,2,2
1,14,4,10,2008,4,7,2,1,1,1,2,1,1,1,1,5,1,1,9,6,2,7,,1,2
13,54,4,2,2008,4,7,1,2,2,1,4,1,1,1,1,2,1,2,7,6,1,,,,
10,54,1,2,2008,2,,2,2,2,1,1,1,,1,1,4,1,2,13,6,,,,,
13,54,4,2,2008,2,3,1,2,2,1,1,1,1,1,1,3,1,,10,6,,,22,,
9,54,3,3,2008,3,7,1,2,2,1,1,1,1,1,1,1,1,2,10,6,,,,,
13,54,4,3,2008,4,7,1,2,2,1,4,1,1,1,1,1,1,2,14,6,1,,,,
13,54,4,4,2008,2,7,1,2,2,1,1,1,1,1,1,1,1,2,9,6,,,,2,2
3,54,4,4,2008,4,,,2,2,1,2,2,1,1,1,2,3,2,14,6,,3,,1,2
11,54,4,6,2008,3,1,8,2,2,1,1,1,1,1,1,4,1,2,7,1,1,1,,2,1
4,54,4,9,2008,3,1,1,2,2,1,1,1,1,1,1,1,1,2,8,6,1,,,,
7,54,4,9,2008,2,1,1,2,2,1,1,1,1,1,1,2,1,2,14,4,1,6,,,2
3,56,4,2,2008,1,2,,1,2,1,4,1,1,1,,1,,2,14,11,1,1,35,2,2
9,56,4,1,2008,3,2,8,,2,1,1,1,1,1,1,1,2,,9,6,2,7,30,,
7,56,1,3,2008,4,1,1,2,2,1,3,1,1,1,1,1,1,2,19,5,1,1,,1,2
3,56,4,2,2008,4,2,4,1,,1,3,,1,1,1,1,1,2,17,5,2,7,40,,
8,56,3,3,2008,2,7,1,2,2,1,1,1,1,1,1,2,1,2,14,6,1,1,,1,2
4,56,3,4,2008,2,,8,2,2,1,1,2,1,1,1,4,,2,10,6,,,,,
3,56,4,7,2008,3,2,1,2,2,1,1,1,1,1,1,1,,2,9,11,2,7,32,,
9,56,3,7,2008,4,2,,2,2,1,3,1,1,1,1,1,,,9,2,,7,30,2,2
6,55,4,4,2008,2,1,1,2,2,1,1,1,1,1,1,1,1,2,9,6,1,1,,2,2
5,55,4,3,2008,3,,,1,,1,1,1,1,1,1,3,1,2,8,4,,,,,
5,55,4,5,2008,4,1,1,,,1,4,1,1,1,3,2,1,2,7,6,1,1,,2,2
1,55,3,6,2008,2,1,8,2,2,1,1,1,1,1,1,5,1,1,7,6,1,1,,2,2
3,53,3,2,2008,3,1,1,2,2,1,1,1,1,1,1,1,1,2,8,6,1,1,,2,2
12,53,4,3,2008,4,1,1,2,2,1,2,1,1,1,1,2,1,2,8,6,1,,,2,2
3,53,4,6,2008,3,1,1,2,2,2,1,1,2,1,1,3,1,2,14,6,1,,,2,2
12,53,4,6,2008,3,1,1,2,2,1,1,1,1,1,1,1,1,2,8,6,1,,,,
3,53,4,5,2008,3,1,1,2,2,1,1,1,1,1,1,3,1,2,5,6,2,2,,2,2
12,53,3,7,2008,3,1,1,2,2,1,1,1,1,1,1,1,1,2,10,5,1,,,,
1,53,3,1,2008,4,7,1,1,,1,2,1,1,1,1,2,1,2,,6,1,1,30,1,2
12,53,4,10,2008,3,1,1,2,2,1,1,1,1,1,1,2,1,2,8,6,2,,,1,2
7,56,4,10,2008,1,2,,2,2,1,2,1,1,1,1,1,1,2,14,11,2,7,32,,
7,54,4,12,2008,3,1,1,2,2,1,1,1,1,1,1,2,1,2,19,6,,,,,
11,54,4,12,2008,3,1,1,1,,1,1,1,1,1,1,2,1,2,8,6,,,30,,
4,55,4,11,2008,3,1,,2,2,1,1,2,1,1,1,2,1,2,9,6,1,1,,1,2
4,55,2,11,2008,2,,,,,1,1,2,1,1,1,,2,,14,6,,,,,
1,53,1,12,2008,2,1,1,2,2,1,1,1,1,1,1,2,1,2,13,6,1,,32,2,2
5,55,4,10,2008,3,1,1,2,2,1,1,1,1,1,1,2,1,2,8,6,1,1,,2,2
5,54,4,4,2008,4,1,1,2,2,1,4,1,1,1,1,2,1,2,13,6,,,38,,2
3,53,3,10,2008,3,1,1,2,2,1,1,1,1,1,1,2,,,8,6,1,1,,1,2
6,34,3,4,2008,2,1,1,2,2,1,1,1,1,1,1,1,1,2,9,2,1,1,38,2,2
4,34,2,5,2008,2,1,1,2,2,1,1,1,1,1,1,1,1,2,9,6,1,1,,2,2
1,33,3,9,2008,2,7,8,2,2,1,1,2,1,1,2,2,1,2,8,1,1,1,37,2,2
2,27,4,1,2008,2,1,1,2,2,1,1,1,1,1,1,1,1,2,8,1,1,1,35,1,2
2,27,4,2,2008,1,1,1,2,2,4,4,1,1,1,1,2,1,2,12,11,1,7,,2,2
2,27,4,5,2008,4,1,1,2,2,1,1,1,1,1,1,1,1,2,9,6,1,1,38,1,2
1,33,4,12,2008,4,1,1,2,2,4,4,1,1,1,3,2,1,2,9,6,1,1,,2,2
2,61,4,9,2008,2,1,1,2,2,1,1,1,1,1,1,3,1,2,7,6,1,3,,2,2
2,61,4,9,2008,3,1,1,2,2,1,1,1,1,1,1,4,1,2,7,5,1,1,33,2,2
1,48,4,1,2008,2,1,1,2,2,1,1,1,1,3,2,4,1,2,14,6,1,1,35,2,2
1,46,3,1,2008,1,1,1,2,2,1,4,1,1,1,1,1,1,2,12,6,1,1,,2,2
1,46,4,1,2008,3,1,1,2,2,1,1,1,1,1,1,1,1,2,9,6,1,1,,2,2
1,47,4,1,2008,2,1,1,2,2,1,1,1,1,1,1,4,1,2,8,6,1,1,,2,2
9,47,4,1,2008,2,7,1,2,1,1,1,1,1,1,1,1,1,2,7,5,1,1,30,2,2
1,41,4,1,2008,1,1,1,2,2,1,2,1,1,1,1,1,1,2,9,6,1,1,,2,2
6,41,4,1,2008,2,1,1,2,2,1,1,1,1,1,1,1,1,1,5,6,1,1,,2,2
1,46,3,2,2008,3,1,1,2,2,1,1,1,1,1,1,1,1,2,14,6,1,1,,2,2
1,46,4,2,2008,1,1,1,2,2,1,4,1,1,1,1,1,1,2,14,6,1,1,,2,2
7,41,3,2,2008,2,1,1,2,2,1,1,1,1,1,1,1,1,2,14,6,1,1,55,2,2
6,38,4,2,2008,3,1,1,2,2,1,1,1,1,1,1,1,1,2,9,11,1,1,41,2,2
7,38,4,2,2008,3,2,1,1,2,1,1,1,1,1,1,1,1,2,9,6,1,1,,2,2
9,47,4,3,2008,3,1,1,2,2,1,1,1,1,1,1,1,1,2,9,4,1,1,36,2,2
2,50,3,3,2008,4,1,1,1,2,1,3,1,1,1,1,1,1,2,14,6,1,1,35,2,2
1,40,4,4,2008,3,1,1,2,2,1,1,1,1,1,1,1,1,2,12,4,1,1,26,2,2
6,40,3,4,2008,3,3,1,2,2,1,1,1,1,1,1,1,1,2,9,6,1,1,,2,2
6,40,4,4,2008,1,1,1,2,2,1,1,1,1,1,1,1,1,2,14,6,1,1,,2,2
3,40,3,4,2008,2,1,1,2,2,1,1,1,1,1,1,1,1,2,9,4,1,1,37,2,2
1,41,4,4,2008,1,1,1,2,2,1,2,1,1,1,1,1,1,2,9,6,1,1,,2,2
6,44,3,3,2008,2,2,1,2,2,1,1,1,1,1,1,3,1,1,14,6,1,1,,2,2
7,44,4,3,2008,3,1,1,2,2,1,1,1,1,1,1,1,1,1,8,5,1,1,60,2,2
12,50,3,4,2008,2,1,1,2,2,1,1,1,1,1,1,1,1,2,14,1,1,1,,2,2
1,52,4,4,2008,3,1,1,2,2,1,1,1,1,1,1,2,1,1,14,6,1,1,22,2,2
1,38,4,4,2008,2,1,1,2,2,1,1,1,1,1,1,1,3,1,8,6,1,1,28,2,2
7,38,4,4,2008,4,1,1,2,2,1,2,1,1,1,1,1,3,2,9,6,1,1,,2,2
1,47,3,4,2008,2,1,1,2,2,1,1,1,1,1,1,1,1,2,9,6,1,1,35,2,2
8,47,4,4,2008,4,1,1,2,1,2,4,1,2,1,1,3,1,2,13,6,1,1,,2,2
1,47,4,4,2008,2,1,1,2,2,1,1,2,1,1,1,1,1,2,9,6,1,1,,2,2
1,47,4,5,2008,4,1,1,2,2,1,3,1,1,1,1,1,1,1,7,6,1,3,20,2,2
1,39,3,5,2008,3,1,1,2,2,1,1,1,1,1,1,2,2,2,8,6,1,1,30,2,2
1,52,1,5,2008,4,1,4,2,2,1,4,2,1,1,1,2,1,2,9,2,1,1,,2,2
5,50,4,5,2008,3,1,1,2,2,1,1,1,1,1,1,2,1,2,1,6,1,1,,2,2
6,38,4,5,2008,3,1,1,1,1,1,1,1,1,1,1,2,1,2,8,6,1,1,38,2,2
6,44,3,5,2008,2,4,1,2,2,1,1,2,1,1,1,1,1,2,15,6,1,1,,1,2
3,49,4,8,2008,3,1,1,2,2,2,1,2,2,1,1,3,1,2,9,6,1,1,35,2,2
2,35,3,8,2008,3,1,1,2,2,2,1,2,2,1,1,4,1,2,9,4,1,2,,2,2
2,47,4,8,2008,3,1,1,2,2,1,1,1,1,1,1,1,1,2,9,6,1,1,30,2,2
12,47,4,8,2008,1,1,1,2,2,1,2,2,1,1,1,1,1,1,9,4,1,1,,2,2
8,47,4,8,2008,2,1,4,2,2,1,1,1,1,1,1,1,1,1,14,8,1,1,35,2,2
9,47,3,8,2008,2,2,1,2,1,1,1,1,1,1,1,1,1,2,14,2,1,1,35,2,2
5,41,4,9,2008,3,1,1,1,1,1,1,1,1,1,2,1,1,1,,,,,,,
7,41,4,9,2008,3,1,1,2,2,1,2,1,1,1,1,1,1,2,9,6,1,7,,2,2
7,41,3,9,2008,4,1,1,2,2,1,4,1,1,1,1,1,1,2,19,6,1,1,35,2,2
2,47,4,9,2008,4,7,1,2,2,1,2,1,1,1,1,1,1,2,9,6,1,1,52,2,2
1,47,3,9,2008,2,1,1,2,2,1,1,2,1,1,1,1,2,,10,5,1,1,35,2,2
1,47,4,9,2008,4,1,1,2,2,1,2,1,1,1,1,1,1,2,14,6,1,1,45,2,2
1,47,4,9,2008,1,1,1,2,2,1,1,1,1,1,1,1,2,2,14,6,1,1,,2,2
7,44,4,7,2008,1,1,4,1,1,1,4,1,1,1,1,1,1,2,14,6,1,1,,2,2
3,38,4,7,2008,2,7,1,2,2,1,1,1,1,1,1,1,1,2,9,11,1,6,,2,2
2,35,4,7,2008,2,1,1,2,1,1,1,1,1,1,1,3,1,2,10,4,1,1,28,2,2
1,47,4,7,2008,2,3,1,2,2,2,1,1,2,1,1,1,1,2,9,6,1,1,,2,2
13,50,4,7,2008,2,1,1,2,2,2,1,2,2,1,1,1,1,2,9,1,1,1,,2,2
5,47,4,6,2008,3,1,1,1,1,2,1,1,2,1,1,1,1,2,16,6,1,1,,2,2
3,38,4,6,2008,2,1,1,2,2,1,1,1,1,1,1,1,1,2,9,4,1,1,,2,2
4,37,4,6,2008,3,1,1,2,2,1,2,1,1,1,1,1,1,2,9,6,1,1,,2,2
4,37,4,6,2008,4,1,1,2,2,1,1,1,1,1,1,1,1,1,9,6,1,1,,2,2
11,47,4,10,2008,2,1,1,2,2,1,1,1,1,1,1,1,1,2,4,4,1,1,45,2,2
9,47,4,10,2008,2,1,1,2,2,1,1,1,1,1,1,1,1,2,9,2,1,1,,2,2
9,47,4,10,2008,3,1,1,2,2,1,1,2,2,1,1,1,1,2,9,6,1,1,38,2,2
1,47,3,10,2008,3,3,1,2,2,1,1,1,1,1,1,1,1,2,8,6,2,1,,2,2
1,47,4,10,2008,3,1,1,2,2,1,1,1,1,1,1,1,1,2,9,5,1,1,,2,2
4,51,4,10,2008,2,2,1,2,2,1,1,1,1,1,1,1,1,1,9,6,1,1,29,2,2
6,45,1,10,2008,1,1,8,2,2,1,1,1,1,1,1,1,5,2,14,6,1,1,,2,2
6,45,4,10,2008,2,1,1,2,2,1,2,1,1,1,1,1,1,2,8,6,1,1,,2,2
1,47,4,11,2008,2,1,1,2,2,1,1,3,1,1,1,1,1,1,4,10,1,1,,2,2
2,49,1,9,2008,3,3,1,2,2,1,1,1,1,1,1,3,1,2,4,2,1,1,30,2,2
5,41,2,12,2008,2,1,1,2,1,1,1,1,1,1,1,1,1,1,10,9,1,1,,2,2
3,40,3,12,2008,3,1,1,2,2,4,1,1,1,1,1,4,1,2,13,5,1,1,26,2,2
1,45,4,12,2008,1,1,1,2,2,1,4,1,1,1,1,1,1,2,14,6,1,1,,2,2
12,47,4,12,2008,3,1,1,2,2,1,1,1,1,1,1,1,1,2,9,6,1,1,40,2,2
1,38,3,12,2008,3,1,1,2,2,1,1,1,1,1,1,1,1,2,9,4,1,6,38,2,2
3,49,4,12,2008,3,1,2,2,2,1,1,2,1,1,1,1,1,2,4,2,1,1,,2,2
2,44,4,11,2008,1,1,1,2,2,1,4,1,1,1,1,2,1,2,14,6,2,1,32,2,2
1,36,1,1,2008,4,7,7,2,2,1,1,1,1,1,1,1,1,2,9,1,1,1,45,2,2
1,36,4,2,2008,4,1,1,2,2,1,2,1,1,1,1,1,1,2,14,6,1,1,35,2,2
2,47,4,6,2008,2,1,1,2,2,1,1,1,1,1,1,1,1,2,9,6,1,1,35,2,2
11,47,4,10,2008,2,1,1,2,2,1,1,1,1,1,1,4,1,2,4,4,2,1,45,2,2
1,45,3,8,2008,2,1,1,2,2,1,1,1,1,1,1,1,1,2,9,6,1,1,1,2,2
5,45,3,1,2008,2,1,1,2,2,1,1,1,1,1,1,1,1,2,9,5,1,1,,2,2
2,44,4,11,2008,3,1,1,2,,1,1,1,1,1,1,1,1,2,15,6,1,,,2,2
2,44,4,11,2008,1,1,1,2,,1,2,1,1,1,1,1,1,2,12,6,1,1,,2,2
4,35,4,6,2008,3,1,1,2,2,2,1,1,2,1,1,1,1,2,9,6,1,1,42,2,2
16,35,4,6,2008,4,1,1,2,2,2,4,1,2,1,1,1,1,2,9,6,1,1,,2,2
10,52,4,4,2008,2,1,1,2,1,1,2,2,1,1,1,2,1,2,9,1,1,1,29,,
6,41,4,1,2008,2,1,1,2,1,1,1,1,1,1,1,1,,,9,6,1,1,,2,2
6,41,3,9,2008,3,1,1,2,2,1,1,1,1,1,1,1,1,1,9,6,1,1,,2,2
2,50,4,7,2008,3,1,1,2,2,1,1,1,1,1,1,1,1,2,9,6,1,1,,2,2
12,50,4,6,2008,3,1,1,2,2,2,1,1,2,1,1,1,1,2,9,6,1,1,26,1,2
1,39,1,1,2008,3,1,1,2,2,1,1,1,1,1,1,1,1,2,9,5,1,1,45,2,2
1,38,4,3,2008,2,1,1,2,2,1,1,2,1,1,1,1,1,2,9,6,1,1,50,1,2
1,38,3,12,2008,3,1,1,2,2,1,1,1,1,1,1,,1,2,9,6,1,6,38,1,2
1,38,4,7,2008,1,1,1,2,2,1,4,1,1,1,1,1,1,2,9,6,1,1,38,2,2
3,39,4,5,2008,1,1,1,2,2,1,4,1,1,1,1,1,1,2,14,6,1,1,,2,2
12,50,3,9,2008,3,1,1,2,2,1,1,1,1,1,1,1,1,2,9,6,1,1,,2,2
9,42,2,2,2008,4,1,1,2,2,1,3,1,1,1,1,5,1,1,10,6,1,1,21,2,2
9,42,4,5,2008,2,3,4,1,1,1,1,1,1,1,1,5,1,1,6,6,1,1,38,2,2
12,42,2,3,2008,2,3,1,2,2,1,1,1,1,1,1,5,1,1,10,6,1,1,22,2,2
13,42,2,6,2008,2,1,2,2,1,1,1,1,1,1,1,5,1,1,12,6,1,1,36,2,2
24,42,3,1,2008,4,1,1,2,2,1,1,1,1,1,1,1,1,2,9,6,1,2,38,,
24,42,4,4,2008,4,1,1,2,2,1,4,1,1,1,1,1,1,1,14,6,1,1,40,2,2
27,42,4,5,2008,1,1,1,1,1,1,1,1,1,1,1,5,1,1,6,4,1,1,,1,2
32,42,2,7,2008,2,1,1,1,1,1,1,1,1,1,1,5,1,1,9,6,1,1,20,2,2
29,42,2,4,2008,3,2,6,1,1,1,1,1,1,1,1,5,1,1,10,6,1,1,28,2,2
24,42,3,8,2008,3,1,1,2,2,1,1,2,1,1,1,2,1,2,10,6,1,1,26,2,2
24,42,4,9,2008,2,1,1,2,2,2,1,2,2,1,1,1,1,2,8,6,1,7,35,2,2
12,42,2,10,2008,1,1,1,1,1,1,3,1,1,1,1,5,1,1,10,6,1,1,32,2,2
15,42,4,11,2008,3,1,1,2,2,1,1,2,1,1,2,5,1,1,19,6,1,1,45,1,2
1,9,4,8,2008,3,1,1,2,2,1,1,2,1,1,1,1,1,2,8,6,1,1,,2,2
11,9,4,12,2008,3,1,1,2,2,1,1,1,1,1,1,3,1,2,9,6,1,1,32,2,2
5,5,4,7,2008,2,1,1,2,2,1,1,1,1,1,1,1,1,1,9,6,1,1,,2,2
6,5,4,2,2008,2,1,1,2,2,1,1,1,1,1,1,1,1,2,9,5,1,1,,2,2
8,15,3,8,2008,3,1,1,2,2,2,1,1,2,1,1,1,1,2,10,6,1,1,,2,2
10,9,4,5,2008,1,1,1,2,2,1,4,1,1,1,1,1,1,2,9,1,2,2,35,2,2
2,17,4,4,2008,3,1,1,2,1,1,2,1,1,1,1,1,2,,12,11,1,7,35,2,2
1,12,3,11,2008,2,1,1,2,2,1,1,2,1,1,1,3,1,2,14,6,1,1,25,2,2
10,16,4,8,2008,4,1,1,2,2,1,4,1,1,1,1,2,2,2,9,6,1,6,45,2,2
4,55,4,11,2008,3,1,,2,2,1,1,1,1,1,1,2,1,2,8,6,1,1,,2,2
6,56,4,3,2008,2,1,1,2,2,1,1,1,1,1,1,2,2,,9,4,1,1,,2,2
7,56,4,12,2008,1,2,,2,2,4,2,1,1,1,1,1,1,2,14,2,2,7,40,2,2
3,39,3,1,2008,1,1,1,2,2,1,4,1,1,1,1,1,1,2,9,6,1,1,50,2,2
1,46,4,2,2008,3,1,1,2,2,1,1,1,1,1,1,1,1,2,9,6,1,1,,2,2
10,52,3,2,2008,3,1,1,2,2,1,1,1,1,1,1,1,1,2,1,6,1,1,,2,2
5,43,4,3,2008,2,1,1,2,2,1,1,2,1,1,1,1,1,2,9,6,1,3,25,2,2
5,43,3,3,2008,3,1,1,2,2,1,1,1,1,1,1,4,1,2,14,6,1,1,,2,2
1,51,4,3,2008,2,1,1,2,2,1,1,1,1,1,1,2,1,1,14,5,2,1,28,2,2