Thana,District,Accident_Severity,Month,Year,Time,Junction_Type,Traffic_Control,Movement,Divider,Weather,Light,Road_Geometry,Surface_Condition,Surface_Type,Surface_Quality,Road_Class,Road_Feature,Location_Type,Vehicle_Type,Vehicle_Movement,Vehicle_Loading,Vehicle_Defect,Vehicle_Driver_Age,Vehicle_Alcohol,Vehicle_Seat_Belt
15,50,4,3,2008,3,1,1,2,2,1,1,1,1,1,1,1,1,2,14,10,1,1,35,2,2
2,50,4,3,2008,1,1,1,2,2,2,4,1,2,1,1,1,1,2,14,11,1,1,40,2,2
3,44,3,4,2008,3,1,1,2,2,1,1,1,1,1,1,1,1,2,6,6,1,1,,2,2
1,45,3,4,2008,3,1,1,2,2,1,1,1,1,1,1,1,1,1,14,6,1,7,,2,2
1,40,4,4,2008,1,1,1,2,2,1,3,1,1,1,1,1,1,1,14,11,1,7,,2,2
1,47,4,5,2008,1,1,8,2,1,2,1,1,1,1,1,3,1,1,14,10,1,1,40,2,2
13,50,4,5,2008,2,1,1,2,2,1,1,1,1,1,1,2,1,2,4,7,1,1,32,2,2
7,44,2,5,2008,1,1,2,2,1,2,1,1,1,1,1,1,1,2,14,10,1,1,,2,2
6,41,3,8,2008,4,1,1,2,2,1,4,1,1,1,1,1,1,2,14,6,1,1,35,2,2
7,41,3,8,2008,4,3,2,2,2,1,2,1,1,1,1,3,1,2,12,6,1,1,,2,2
1,45,4,9,2008,1,1,1,2,2,1,4,1,1,1,1,1,1,2,14,6,1,1,,2,2
3,39,3,9,2008,1,1,1,2,2,1,4,2,1,1,1,1,1,2,9,5,1,1,,2,2
4,39,4,9,2008,4,1,1,2,2,1,2,1,1,1,1,1,1,2,9,4,1,1,,2,2
4,39,4,9,2008,4,1,1,2,2,1,2,1,1,1,1,4,1,2,9,6,1,1,40,2,2
5,41,1,7,2008,2,1,1,2,2,1,1,1,1,1,1,1,1,2,14,7,1,1,,2,2
2,47,4,6,2008,2,1,1,2,2,2,2,1,2,1,1,1,1,2,14,10,1,1,,2,2
1,39,4,6,2008,1,1,2,2,1,4,4,1,1,1,1,1,1,2,19,5,1,1,,2,2
7,47,4,10,2008,3,1,1,2,2,1,1,1,1,1,1,1,1,2,14,6,1,1,,2,2
1,39,3,10,2008,3,1,1,2,2,1,1,1,1,1,1,1,1,1,10,6,1,1,32,2,2
9,47,4,11,2008,1,1,1,2,2,1,1,1,1,1,1,1,1,2,14,5,1,1,42,2,2
4,44,1,12,2008,3,1,4,2,2,1,1,1,1,1,1,2,1,2,7,6,1,1,,2,2
7,41,2,12,2008,4,1,1,2,1,1,3,1,1,1,1,1,1,2,10,9,1,1,,2,2
1,39,4,12,2008,4,1,1,2,2,1,1,2,1,1,1,1,1,1,1,11,1,1,,2,2
7,44,3,11,2008,3,1,1,2,2,1,1,1,1,1,1,1,1,1,9,6,1,1,35,2,2
1,48,4,1,2008,2,1,1,2,2,1,1,4,1,1,1,1,1,2,14,1,1,1,32,2,2
6,40,3,3,2008,4,3,1,2,2,1,3,1,1,1,1,1,1,2,14,6,1,1,,2,2
12,50,4,3,2008,3,1,1,2,2,1,1,1,1,1,1,1,2,2,14,10,1,2,35,1,2
3,39,4,12,2008,4,3,1,2,2,1,4,1,1,1,1,1,1,2,14,2,1,,,2,2
1,39,4,12,2008,4,1,1,2,2,1,2,2,1,1,1,1,1,1,1,6,1,1,13,2,2
5,50,4,7,2008,3,1,1,2,2,1,1,1,2,1,1,2,1,2,6,1,2,1,,2,2
1,38,4,4,2008,3,1,1,2,2,2,1,1,2,1,1,1,3,2,14,5,1,1,29,2,2
3,42,3,4,2008,3,7,4,1,1,1,1,1,1,1,1,1,1,1,12,6,1,1,28,1,2
8,42,2,2,2008,3,2,1,1,1,1,1,1,1,1,1,5,1,1,9,6,1,1,33,2,2
9,42,4,3,2008,3,1,1,1,1,1,1,1,1,1,1,5,1,1,9,6,1,1,35,2,2
9,42,2,3,2008,3,2,4,1,1,1,1,1,1,1,1,5,1,1,9,6,1,1,20,2,2
9,42,2,3,2008,1,7,4,1,1,1,3,1,1,1,1,5,1,1,9,6,1,1,28,2,2
10,42,2,5,2008,3,2,6,1,1,1,1,1,1,1,1,5,1,1,7,6,1,1,28,2,2
11,42,1,3,2008,2,1,1,1,1,1,1,1,1,1,1,1,1,1,14,6,1,1,38,1,2
11,42,2,3,2008,2,3,4,1,1,1,1,1,1,1,1,1,1,1,14,6,1,1,40,1,2
11,42,3,4,2008,4,2,4,1,1,1,3,1,1,1,1,5,1,1,10,6,1,1,32,2,2
11,42,3,5,2008,3,1,4,1,1,1,1,1,1,1,1,1,1,1,14,6,1,1,28,2,2
11,42,4,6,2008,1,1,1,1,1,1,2,1,1,1,1,5,1,1,9,6,1,1,32,2,2
12,42,3,1,2008,3,2,4,1,1,1,1,1,1,1,1,5,1,1,9,6,1,1,28,2,2
12,42,2,1,2008,4,2,4,1,1,1,3,1,1,1,1,5,1,1,7,6,1,1,34,2,2
12,42,4,2,2008,4,1,1,1,1,1,3,1,1,1,1,5,1,1,9,6,1,1,32,1,2
12,42,2,2,2008,2,1,1,2,2,1,1,1,1,1,1,5,1,1,10,6,1,1,32,2,2
12,42,4,3,2008,3,3,4,1,1,1,1,1,1,1,1,5,1,1,9,6,1,1,37,2,2
12,42,1,3,2008,4,3,4,1,1,1,1,1,1,1,1,5,1,1,9,6,1,1,33,2,2
12,42,2,4,2008,2,2,4,1,1,1,1,1,1,1,1,5,1,1,5,6,1,1,33,2,2
12,42,2,5,2008,2,3,4,1,1,1,1,1,1,1,1,5,1,1,19,6,1,1,25,2,2
12,42,2,6,2008,4,3,4,1,1,1,1,1,1,1,1,5,1,1,7,6,1,1,32,2,2
17,42,2,3,2008,3,3,4,1,1,1,1,2,1,1,1,5,1,1,10,6,1,1,38,1,2
17,42,2,6,2008,2,1,1,1,1,1,1,1,1,1,1,5,1,1,8,6,1,1,40,2,2
23,42,1,1,2008,4,4,2,1,1,1,3,1,1,1,1,1,1,1,9,6,1,1,42,2,2
23,42,3,1,2008,2,1,4,1,1,1,1,1,1,1,1,1,1,1,9,6,,,30,2,2
23,42,1,4,2008,2,1,1,1,1,1,3,1,1,1,1,1,1,1,10,6,1,1,26,2,2
23,42,2,6,2008,3,1,1,1,1,1,1,1,1,1,1,1,1,1,9,6,1,1,38,2,2
24,42,1,1,2008,3,7,1,2,2,1,1,1,1,1,1,1,1,1,9,6,1,3,28,,
24,42,1,3,2008,2,7,8,2,2,1,1,1,1,1,1,5,1,1,19,6,1,1,32,1,2
27,42,4,3,2008,1,3,5,1,1,1,3,1,1,1,1,5,1,1,14,6,2,,,1,2
28,42,3,4,2008,2,2,8,1,1,1,1,1,1,1,1,5,1,1,8,6,1,1,28,2,2
28,42,4,6,2008,3,3,6,1,1,1,1,1,1,1,1,5,1,1,14,6,1,1,40,2,2
33,42,4,1,2008,4,1,1,2,2,1,3,1,1,1,1,1,1,1,14,6,1,1,39,1,2
33,42,2,4,2008,2,1,4,1,1,1,1,1,1,1,1,1,1,1,9,6,1,1,28,2,2
32,42,2,3,2008,1,2,4,1,1,1,3,1,1,1,1,5,1,1,9,6,1,1,38,2,2
32,42,3,6,2008,2,2,4,1,1,1,1,1,1,1,1,5,1,1,9,6,1,1,24,2,2
2,42,2,5,2008,3,2,1,1,1,1,2,1,1,1,1,5,1,1,9,6,,,42,,
1,42,3,2,2008,3,7,4,1,1,1,1,1,1,1,1,5,1,1,8,6,,,28,,
19,42,3,2,2008,1,3,1,2,2,1,1,1,1,1,1,2,1,1,8,6,1,1,25,2,2
14,42,1,1,2008,3,1,4,1,1,1,1,1,1,1,1,1,1,1,9,6,1,1,35,2,2
14,42,2,1,2008,4,1,1,1,1,1,3,1,1,1,1,1,1,1,9,6,1,1,28,2,2
14,42,2,2,2008,4,3,1,1,1,1,3,1,1,1,1,1,1,1,7,6,1,1,32,1,2
14,42,4,3,2008,3,3,4,1,1,1,1,1,1,1,1,1,1,1,14,6,1,1,35,1,2
14,42,2,4,2008,3,1,1,1,1,1,1,1,1,1,1,1,1,1,14,6,1,1,37,1,2
14,42,2,4,2008,4,1,1,1,1,1,3,1,1,1,1,1,1,1,14,6,1,1,27,1,2
14,42,4,5,2008,3,1,1,2,2,1,1,1,1,1,1,1,1,1,12,6,1,1,37,1,2
29,42,2,6,2008,2,1,5,1,1,1,1,1,1,1,1,5,1,1,7,6,1,1,28,2,2
13,42,3,9,2008,3,1,1,1,1,1,1,1,1,1,1,1,1,1,8,6,1,1,40,2,2
13,42,4,9,2008,3,1,1,1,1,1,1,1,1,1,1,1,1,1,9,6,1,1,38,2,2
13,42,3,10,2008,2,1,1,1,1,1,3,1,1,1,1,1,1,1,9,6,1,1,40,2,2
10,42,2,8,2008,2,3,4,1,1,1,2,1,1,1,1,5,1,1,9,6,1,1,32,2,2
18,42,3,5,2008,2,1,1,2,2,1,1,1,1,1,1,5,1,1,9,6,1,1,35,2,2
12,42,2,7,2008,3,1,1,1,1,1,1,1,1,1,1,5,1,1,9,6,1,1,38,2,2
12,42,3,9,2008,2,3,4,1,1,1,1,1,1,1,1,5,1,1,10,6,1,1,33,2,2
12,42,2,10,2008,2,3,4,1,1,1,1,1,1,1,1,5,1,1,9,6,1,1,28,2,2
9,42,2,8,2008,4,1,1,1,1,1,3,1,1,1,1,5,1,1,10,6,1,1,28,2,2
9,42,2,9,2008,4,3,4,1,1,1,3,1,1,1,1,5,1,1,19,6,1,1,32,2,2
9,42,2,9,2008,3,1,4,1,1,1,1,1,1,1,1,5,1,1,9,6,1,1,25,2,2
9,42,2,9,2008,3,2,4,1,1,1,1,1,1,1,1,5,1,1,10,6,1,1,23,2,2
9,42,2,9,2008,2,1,1,1,1,1,1,1,1,1,1,5,1,1,9,6,1,1,28,2,2
9,42,2,9,2008,2,1,1,1,1,1,1,1,1,1,1,5,1,1,9,6,1,1,40,2,2
9,42,3,9,2008,4,1,1,2,2,1,3,1,1,1,1,5,1,1,14,6,1,1,42,1,2
9,42,3,11,2008,1,3,1,1,1,1,3,1,1,1,1,5,1,1,14,6,1,1,38,1,2
9,42,2,12,2008,1,3,4,1,1,1,3,1,1,1,1,5,1,1,14,6,1,1,42,1,2
9,42,3,12,2008,1,1,1,1,1,1,2,1,1,1,1,5,1,1,5,6,1,1,27,2,2
32,42,4,11,2008,2,1,1,1,1,1,1,1,1,1,1,5,1,1,14,6,1,1,25,2,2
32,42,2,11,2008,4,1,1,1,1,1,3,1,1,1,1,5,1,1,9,6,1,1,42,2,2
3,42,2,7,2008,4,3,4,1,1,1,3,1,1,1,1,1,1,1,14,6,1,1,25,2,2
3,42,2,10,2008,3,7,1,1,1,1,1,1,1,1,1,1,1,1,1,1,1,1,50,2,2
13,42,2,12,2008,3,1,1,1,1,1,1,1,1,1,1,1,1,1,7,6,1,1,38,2,2
18,42,1,10,2008,2,1,4,1,1,1,3,4,1,1,1,5,1,1,10,6,1,1,38,2,2
1,42,2,10,2008,2,3,6,1,1,1,1,1,1,1,1,5,1,1,19,6,1,3,40,2,2
2,42,2,9,2008,4,2,1,1,1,1,3,1,1,1,1,5,1,1,9,6,1,1,35,1,2
8,42,2,3,2008,2,1,1,1,1,1,1,1,1,1,1,5,1,1,10,6,1,1,32,2,2
8,42,2,12,2008,4,1,4,1,1,1,2,1,1,1,1,5,1,1,5,6,1,1,35,2,2
14,42,2,11,2008,4,2,6,1,1,1,3,1,1,1,1,1,1,1,14,6,1,1,42,1,2
10,42,2,12,2008,3,1,1,1,1,1,1,1,1,1,1,5,1,1,10,6,1,1,42,2,2
10,42,3,12,2008,3,3,6,1,1,1,1,1,1,1,1,5,1,1,10,6,1,1,40,2,2
17,42,2,10,2008,2,1,4,1,1,1,2,1,1,1,1,5,1,1,9,6,1,1,32,2,2
17,42,2,12,2008,2,1,1,1,1,1,1,1,1,1,1,5,1,1,9,6,1,1,40,2,2
33,42,4,8,2008,3,1,1,2,2,1,1,1,1,1,1,5,1,1,9,6,1,1,38,2,2
33,42,2,10,2008,4,1,1,2,2,1,3,1,1,1,1,5,1,1,14,6,1,1,35,1,2
33,42,4,10,2008,3,1,1,1,1,1,2,1,1,1,1,1,1,1,9,6,1,1,35,1,2
33,42,2,11,2008,3,1,4,1,1,1,1,1,1,1,1,1,1,1,9,6,1,1,40,2,2
33,42,4,11,2008,2,1,1,2,2,1,1,1,1,1,1,1,1,1,9,6,1,1,40,2,2
33,42,4,12,2008,4,1,4,1,1,1,3,1,1,1,1,5,1,1,9,6,1,1,27,2,2
33,42,4,12,2008,2,1,1,1,1,1,1,1,1,1,1,1,1,1,9,6,1,1,38,2,2
18,42,2,12,2008,2,1,4,1,1,1,1,1,1,1,1,5,1,1,9,6,1,1,40,2,2
4,42,2,7,2008,4,1,1,1,1,1,1,3,1,1,1,5,1,1,9,6,1,1,40,2,2
4,42,2,8,2008,3,1,4,1,1,1,1,1,1,1,1,5,1,1,9,6,1,1,40,2,2
4,42,3,12,2008,3,1,1,1,1,1,1,1,1,1,1,5,1,1,12,6,1,1,35,2,2
1,28,4,9,2008,2,2,4,2,2,1,3,1,1,1,1,5,1,1,14,11,1,1,45,2,2
6,11,4,3,2008,4,1,1,2,2,1,4,1,1,1,1,4,1,2,19,6,1,7,25,2,2
5,4,4,9,2008,3,1,1,2,2,1,1,1,1,1,1,3,1,2,14,6,1,1,34,2,2
4,55,3,11,2008,2,1,,2,2,1,1,2,1,1,1,2,1,2,14,3,1,1,25,2,2
3,55,4,6,2008,3,3,1,2,2,1,1,1,4,1,3,1,1,,8,4,1,,,,2
5,2,4,1,2008,3,7,8,2,2,1,1,1,1,1,1,4,1,2,17,11,1,1,35,2,2
6,5,1,7,2008,3,1,1,2,2,1,1,1,1,1,1,1,1,1,13,6,1,1,,2,2
1,11,2,9,2008,3,7,1,2,2,1,1,1,1,1,1,3,1,2,17,6,1,7,22,2,2
1,11,3,11,2008,2,7,1,2,2,1,1,1,1,1,1,2,1,1,7,6,1,7,28,2,2
3,13,3,4,2008,2,1,1,2,2,1,1,1,1,1,1,3,1,2,6,11,1,7,30,2,2
3,15,4,9,2008,3,1,1,2,2,1,1,1,1,1,1,2,1,2,7,5,1,7,27,2,2
7,16,3,2,2008,2,2,1,2,2,2,1,1,2,1,1,1,1,1,12,6,1,1,27,2,2
1,9,4,5,2008,3,7,1,2,2,1,1,1,1,1,1,1,1,1,9,6,1,1,,2,2
9,9,4,5,2008,3,1,1,2,2,1,1,1,1,1,1,4,1,2,8,6,1,1,40,2,2
3,15,4,6,2008,1,1,1,2,2,1,4,1,1,1,1,1,1,1,14,6,1,7,,2,2
3,15,4,4,2008,1,7,1,2,2,1,4,1,1,1,1,3,1,2,14,11,1,7,,2,2
10,11,3,12,2008,3,7,8,2,2,1,1,1,1,1,1,4,1,2,9,11,1,1,40,2,2
10,11,3,12,2008,4,1,8,2,2,1,2,1,1,1,1,3,1,2,13,4,1,5,28,2,2
4,15,4,12,2008,2,7,1,2,2,1,1,1,1,1,1,3,1,2,14,6,1,1,32,2,2
1,12,4,8,2008,4,1,1,2,2,1,3,1,1,1,1,2,1,1,14,6,1,1,,2,2
4,3,3,5,2008,4,1,1,1,2,2,2,2,1,1,1,1,1,1,1,6,1,1,,2,2
6,3,4,9,2008,3,7,1,2,2,1,1,1,1,1,1,1,1,2,8,6,1,1,50,2,2
5,5,4,9,2008,2,7,1,2,2,1,1,1,1,1,1,1,1,2,14,6,1,7,25,2,2
5,5,1,10,2008,4,1,1,2,2,2,4,1,2,1,1,1,1,2,9,6,1,7,,2,2
1,12,3,11,2008,2,1,1,2,2,1,1,1,1,1,1,2,1,1,19,6,1,7,,2,2
6,15,4,6,2008,3,1,1,2,2,2,1,1,2,1,1,1,1,2,14,5,1,1,45,2,2
1,9,4,8,2008,4,7,1,2,2,1,3,1,1,1,1,1,1,1,14,6,1,7,40,2,2
1,11,4,2,2008,2,1,1,2,2,1,1,2,1,1,2,2,1,2,8,6,1,3,40,2,2
10,11,1,5,2008,4,7,8,2,2,1,4,1,1,1,2,1,1,2,8,6,1,7,25,2,2
5,11,4,2,2008,2,3,1,2,2,1,1,1,1,1,1,2,1,1,14,6,1,1,30,2,2
1,9,4,7,2008,2,7,8,2,2,1,2,2,1,1,1,1,1,1,14,1,1,7,35,2,2
1,6,3,6,2008,3,1,1,1,2,2,1,2,2,1,1,1,1,2,8,4,1,1,35,2,2
7,8,4,12,2008,2,7,1,2,2,4,1,1,1,1,1,3,1,2,9,4,1,1,,1,2
13,54,4,7,2008,3,7,1,2,2,1,1,1,1,1,1,1,1,2,14,6,,,,,
13,54,4,8,2008,3,7,1,2,2,1,1,1,1,1,1,1,1,2,9,6,,6,,2,2
13,54,4,8,2008,1,1,1,2,2,1,2,1,1,1,1,1,1,2,14,6,,,,2,2
9,54,4,8,2008,2,7,1,2,2,1,1,1,1,1,1,1,1,2,19,6,,,,2,2
9,54,4,8,2008,2,7,1,2,2,1,1,1,1,1,1,1,1,2,14,6,,,,2,2
13,54,4,9,2008,1,7,1,2,2,1,4,2,1,1,1,2,1,2,14,6,1,,,,2
9,54,4,9,2008,3,7,1,2,2,1,1,1,1,1,1,1,1,,14,6,,,,,2
7,56,4,1,2008,2,2,,1,,1,1,5,1,1,1,1,,2,7,2,2,7,35,,
8,56,1,8,2008,3,7,1,2,2,1,1,2,1,1,1,4,1,2,19,6,,,,,
8,56,4,8,2008,3,1,1,1,2,1,1,3,1,1,2,3,1,2,14,6,1,1,22,2,2
7,55,3,1,2008,2,1,1,1,2,1,1,1,1,1,1,2,1,2,13,4,1,1,,,
3,55,4,1,2008,3,7,8,2,2,4,2,1,2,1,1,5,1,2,8,6,,1,45,,
5,55,4,2,2008,3,1,1,2,2,1,1,2,1,1,1,2,1,2,9,11,1,1,40,2,2
1,55,1,6,2008,3,,8,2,2,1,2,1,1,1,1,1,1,2,14,6,,7,,1,
3,56,4,10,2008,2,2,,2,2,1,1,1,1,1,1,1,,2,9,1,,7,35,,
9,56,4,10,2008,2,3,1,,2,1,1,2,1,1,1,4,1,1,9,1,1,,,,
4,55,3,11,2008,2,1,,2,2,1,1,1,1,1,,2,,2,5,6,1,1,,2,2
3,53,3,12,2008,2,1,1,2,2,1,1,1,1,1,1,2,1,2,9,11,1,,,2,2
5,56,3,12,2008,3,7,1,2,2,1,1,1,1,1,1,2,1,2,7,11,1,,,2,2
14,58,4,7,2008,3,3,1,2,2,1,1,1,1,1,1,3,1,1,9,6,1,1,45,2,2
14,58,2,8,2008,2,1,1,2,1,1,2,1,1,1,1,1,1,1,9,10,1,1,,1,2
11,9,3,1,2008,2,1,1,2,2,4,1,1,2,1,1,1,1,1,14,11,1,7,,2,2
6,15,4,1,2008,2,1,8,2,2,1,1,1,1,1,1,1,1,1,13,6,1,7,26,2,2
7,13,4,10,2008,2,1,1,1,2,1,1,1,1,1,1,2,1,2,8,6,1,7,35,2,2
9,54,4,2,2008,4,7,1,2,2,1,4,1,1,1,1,1,1,2,14,6,1,,,,
1,56,3,4,2008,2,7,2,2,2,1,1,3,1,1,2,1,1,2,19,6,1,3,35,,
11,9,3,4,2008,2,7,1,2,2,1,1,1,1,1,1,3,1,2,4,6,1,7,32,2,2
1,12,4,4,2008,1,1,1,2,2,1,2,1,1,1,1,2,1,1,9,6,1,1,40,2,2
6,15,4,3,2008,3,1,8,2,2,1,1,1,1,1,1,3,1,2,8,6,1,7,32,2,2
7,13,4,10,2008,2,7,1,2,2,1,1,1,1,1,1,2,1,2,14,6,2,7,,2,2
1,15,4,5,2008,3,7,1,2,2,1,1,1,1,1,1,1,1,1,9,5,1,7,,2,2
4,5,4,12,2008,4,7,8,2,2,4,2,1,1,1,1,1,1,2,13,7,1,1,,2,2
1,17,4,9,2008,3,1,1,2,2,1,1,1,1,1,1,1,1,1,14,11,1,7,48,2,2
9,54,4,2,2008,2,7,1,2,2,1,4,1,1,1,1,2,1,2,14,6,1,,,,
9,54,4,2,2008,3,7,1,2,,1,1,3,1,1,2,1,1,2,14,6,1,,,,
13,54,2,9,2008,1,7,1,2,2,1,2,1,1,1,1,1,1,,9,6,,,,,2
7,56,3,1,2008,3,5,1,2,2,1,1,2,1,1,1,1,5,2,9,10,,7,,,
7,56,2,4,2008,2,7,1,2,2,1,1,1,1,1,1,1,1,2,9,6,1,1,57,1,2
1,55,3,10,2008,4,7,1,2,2,1,2,1,1,1,1,1,1,,14,6,,,,,
13,54,4,12,2008,3,1,1,2,2,1,2,1,1,1,1,1,1,2,14,6,1,1,25,2,2
2,64,2,8,2008,3,1,8,2,2,1,1,1,1,1,1,5,1,1,9,6,1,1,,1,2
8,57,4,10,2008,2,1,8,2,2,1,1,1,1,1,1,1,1,2,7,11,1,1,28,2,2
9,54,4,1,2008,3,7,1,2,2,4,4,1,2,1,1,2,1,2,14,10,,,,,
13,54,3,3,2008,3,7,1,2,2,1,1,1,1,1,1,1,1,2,7,6,1,,,,
13,54,4,7,2008,1,7,1,2,2,1,2,1,1,1,1,1,1,2,4,6,,,,1,
8,56,3,10,2008,2,2,,2,2,1,1,1,1,1,1,2,1,2,9,6,,,28,,
5,27,1,9,2008,2,3,1,2,2,1,1,4,1,2,1,4,1,2,2,4,1,1,,2,1
7,64,3,10,2008,2,2,1,1,1,1,1,1,1,1,1,5,1,1,14,9,1,1,38,2,2
12,64,4,9,2008,3,7,8,2,2,1,1,1,1,1,1,1,1,2,14,6,1,1,,1,2
12,64,4,7,2008,3,7,,2,2,1,1,1,1,1,1,2,1,2,7,6,1,1,,2,2
8,64,4,8,2008,2,1,4,2,1,1,1,1,1,1,1,1,1,1,7,4,1,6,22,1,2
4,64,3,2,2008,3,2,6,2,2,1,1,1,1,1,1,5,1,1,10,11,1,1,,2,1
11,64,3,4,2008,2,2,8,1,2,1,2,1,1,1,1,5,1,1,9,6,1,1,,1,2
11,64,3,9,2008,3,2,8,1,2,1,1,1,1,1,1,5,1,1,9,6,1,1,,1,2
11,64,4,8,2008,3,3,8,1,1,1,1,1,1,1,1,5,1,1,8,6,1,1,26,1,2
11,64,4,12,2008,4,1,1,1,2,1,3,1,1,1,1,5,1,1,9,6,1,1,28,1,2
11,64,4,11,2008,2,2,8,1,2,1,1,1,1,1,1,5,1,1,2,6,1,1,,2,2
7,64,3,11,2008,2,1,1,2,2,1,1,4,1,1,1,5,1,1,14,6,1,1,,1,2
7,64,3,12,2008,4,1,8,1,1,1,1,1,1,1,1,5,1,1,14,6,1,1,,1,2
11,64,4,12,2008,4,1,1,2,2,1,4,1,1,1,1,5,1,1,9,11,1,1,30,2,2
1,57,4,6,2008,1,1,1,2,2,1,4,1,1,1,1,1,1,2,14,4,1,1,30,1,2
8,58,4,5,2008,2,1,1,2,2,1,1,1,1,1,1,1,1,2,9,6,1,1,,2,2
2,20,1,7,2008,3,1,1,1,2,1,1,1,1,1,1,1,1,2,7,6,1,1,32,2,1
4,58,4,7,2008,3,1,1,2,2,1,1,1,1,1,1,1,1,2,9,6,1,1,,2,2
14,58,4,2,2008,2,3,1,2,2,1,1,1,1,1,1,3,1,2,8,6,1,1,,2,2
14,58,4,3,2008,1,2,1,2,2,1,4,1,1,1,1,1,1,1,9,6,1,1,42,2,2
14,58,4,5,2008,1,1,1,2,1,2,1,1,1,1,1,1,2,,14,4,1,1,30,2,2
14,58,4,6,2008,1,1,1,2,2,1,3,1,1,1,1,1,1,2,14,6,1,1,42,2,2
14,58,4,9,2008,1,1,1,2,2,1,1,1,1,1,1,1,1,2,8,5,1,1,,2,2
14,58,4,9,2008,3,1,1,2,2,1,1,1,1,1,1,1,1,1,10,4,1,1,,1,2
14,58,4,9,2008,2,1,1,2,2,1,1,1,1,1,1,1,1,1,14,6,1,1,,2,2
6,58,4,1,2008,2,1,1,2,2,1,1,1,1,1,1,1,1,2,15,2,1,2,,2,2
5,58,3,3,2008,4,1,1,2,2,1,4,1,1,1,1,1,1,2,14,5,1,1,42,2,2
5,58,3,3,2008,2,1,1,2,2,1,1,2,1,1,1,1,1,2,14,1,1,1,35,2,2
5,58,4,3,2008,1,1,1,2,2,1,2,1,1,1,1,1,1,2,9,6,1,1,,2,2
1,61,3,6,2008,3,1,1,2,2,1,1,1,1,1,1,1,1,1,9,6,2,1,38,1,1
2,61,4,5,2008,1,1,1,2,2,1,2,1,1,1,1,1,1,2,14,6,1,1,,2,2
4,61,4,7,2008,3,1,1,2,2,1,1,1,2,1,1,3,1,2,9,6,1,1,42,2,2
6,67,1,4,2008,3,1,1,2,2,1,1,2,1,1,1,2,1,2,9,6,1,1,,1,1
7,67,3,1,2008,2,1,1,2,2,2,1,2,2,1,1,1,1,2,14,1,1,1,,2,2
1,65,3,9,2008,3,1,1,2,2,2,1,2,2,1,1,2,1,2,8,6,1,1,55,2,2
1,65,3,8,2008,4,1,1,2,2,1,1,1,1,1,1,1,1,2,8,6,2,1,,2,2
1,65,4,3,2008,1,1,1,2,2,1,1,1,1,1,1,1,1,1,8,6,1,1,35,2,2
1,65,3,9,2008,3,1,1,2,2,2,1,2,2,1,1,2,1,2,8,6,1,1,55,2,2
1,65,3,8,2008,2,1,1,2,2,2,1,1,1,1,1,1,1,2,8,1,1,1,,2,2
1,65,3,1,2008,3,7,1,2,2,1,1,1,1,1,1,1,1,2,9,6,1,1,45,2,2
6,63,4,4,2008,2,1,1,2,2,1,4,1,1,1,1,1,1,2,12,6,1,1,24,2,2
8,63,3,1,2008,4,1,1,2,2,1,1,1,1,1,1,1,1,2,12,5,1,1,,1,2
8,63,4,8,2008,4,7,1,2,2,4,2,1,1,1,1,1,1,2,9,6,1,1,40,2,2
9,63,3,5,2008,4,1,1,2,2,1,4,2,1,1,1,1,1,2,8,2,1,1,,2,2
9,63,3,5,2008,4,1,1,2,2,1,3,2,1,1,1,1,1,2,8,11,1,1,40,1,2
9,63,4,7,2008,4,1,1,2,2,1,2,2,1,1,1,1,1,2,8,6,1,1,,2,2
9,63,4,8,2008,2,1,1,2,2,1,1,1,1,1,1,1,1,2,8,11,1,1,,2,2
11,63,4,7,2008,4,3,1,2,2,1,1,1,1,1,1,1,1,2,11,2,1,3,35,2,1
13,63,4,8,2008,4,1,8,2,2,1,3,1,1,1,1,1,1,2,7,1,1,1,,2,2
14,58,4,9,2008,3,1,2,2,2,1,1,1,1,1,1,2,1,2,7,6,1,1,30,2,2
5,58,4,10,2008,3,3,1,2,1,1,1,1,1,1,1,2,4,2,9,4,1,1,45,2,2
5,58,4,10,2008,1,1,1,2,1,4,4,4,4,1,1,2,1,2,9,4,1,1,,2,2
7,58,2,2,2008,2,1,1,2,2,1,1,1,1,1,1,1,1,2,9,6,1,1,,2,2
7,58,4,10,2008,2,1,1,2,2,1,1,1,1,1,1,1,1,2,9,5,1,1,45,2,2
7,58,4,5,2008,1,1,1,2,2,1,2,1,1,1,1,1,1,2,14,6,1,1,,2,2
6,58,3,6,2008,3,3,1,2,2,1,1,1,1,1,1,1,1,1,9,5,1,1,32,2,2
1,63,4,3,2008,2,7,1,2,2,1,1,1,1,1,1,3,1,2,8,5,1,1,26,2,2
6,63,4,12,2008,3,7,8,2,2,1,1,1,1,1,1,2,1,2,14,11,1,1,32,2,2
6,63,4,4,2008,3,1,1,2,2,1,1,1,1,1,1,2,1,2,,,,,,,
6,63,4,4,2008,4,1,1,2,2,1,4,1,1,1,1,2,1,2,12,6,1,1,28,2,2
6,63,4,4,2008,4,1,1,1,2,1,2,1,1,1,1,2,1,2,12,6,1,1,24,2,2
7,63,4,12,2008,4,1,1,2,2,1,2,2,1,1,1,3,1,2,11,11,1,1,,2,2