Thana,District,Accident_Severity,Month,Year,Time,Junction_Type,Traffic_Control,Movement,Divider,Weather,Light,Road_Geometry,Surface_Condition,Surface_Type,Surface_Quality,Road_Class,Road_Feature,Location_Type,Vehicle_Type,Vehicle_Movement,Vehicle_Loading,Vehicle_Defect,Vehicle_Driver_Age,Vehicle_Alcohol,Vehicle_Seat_Belt
8,63,4,10,2008,3,7,8,2,2,1,1,1,1,1,1,1,1,2,9,2,1,7,48,2,2
8,63,4,8,2008,4,7,1,2,2,4,2,1,1,1,1,1,1,2,9,6,1,1,,2,2
8,63,4,7,2008,1,7,1,2,2,1,4,3,1,1,1,1,1,1,14,1,1,1,32,2,2
8,63,4,1,2008,3,1,1,2,2,1,1,1,1,1,1,1,1,2,12,5,1,1,,,
9,63,4,10,2008,4,3,1,2,2,1,2,3,1,1,1,1,1,2,8,11,1,1,45,2,2
9,63,4,8,2008,2,1,1,2,2,1,1,1,1,1,1,1,1,2,8,11,1,1,,,
9,63,4,5,2008,4,1,1,2,2,1,2,2,1,1,1,1,1,2,8,11,1,1,40,1,2
10,63,4,9,2008,4,1,1,2,2,1,2,3,1,1,1,2,3,2,15,6,1,3,52,2,2
10,63,4,8,2008,2,1,1,2,2,1,1,1,1,1,1,2,1,2,12,5,1,1,38,2,2
10,63,4,5,2008,4,1,1,2,2,1,2,1,1,1,1,2,1,1,14,11,1,7,35,2,2
10,63,4,4,2008,2,1,1,2,2,1,1,1,1,1,1,2,1,2,9,11,1,1,50,2,2
10,63,4,3,2008,2,1,1,2,2,1,1,2,1,1,1,2,1,2,9,2,1,1,40,2,2
2,62,4,10,2008,3,7,8,2,2,1,1,1,1,1,1,2,1,2,7,1,1,1,,2,2
3,57,4,7,2008,1,7,1,2,2,1,1,1,1,1,1,1,1,2,,,,,,,
8,57,4,1,2008,1,1,1,2,2,1,2,1,1,1,1,1,1,2,9,10,1,1,,2,2
8,57,4,7,2008,2,1,1,2,2,1,1,1,1,1,1,1,1,2,6,1,1,1,,2,2
8,57,4,3,2008,1,1,1,2,2,1,2,1,1,1,1,1,1,2,14,1,1,1,,2,2
8,57,4,8,2008,3,7,2,2,2,1,1,1,1,1,1,1,1,2,6,6,1,1,30,2,2
8,57,4,1,2008,3,1,8,2,2,4,1,1,1,1,1,1,1,2,9,6,1,1,40,1,2
1,57,3,6,2008,2,1,1,2,2,1,3,1,1,1,1,1,1,1,9,6,1,1,,2,2
1,57,4,5,2008,3,1,1,2,2,1,1,1,1,1,1,1,1,2,10,6,1,3,,2,2
1,60,4,7,2008,2,2,1,2,2,1,1,1,1,1,1,1,1,2,14,,,,,,
8,60,3,1,2008,2,1,8,2,2,1,1,1,1,1,1,4,1,2,14,6,1,1,40,1,2
8,57,3,5,2008,4,1,1,2,2,1,1,1,1,1,1,1,1,2,14,11,1,1,,2,2
1,61,2,11,2008,4,1,1,2,2,1,1,1,1,1,1,1,1,2,15,11,1,1,,,
1,65,3,8,2008,2,1,1,2,2,1,1,1,1,1,1,1,1,2,8,6,1,1,,2,2
5,58,4,9,2008,1,1,1,2,2,1,4,1,1,1,1,1,2,2,9,5,1,1,50,2,2
6,40,1,2,2008,2,7,1,2,2,1,1,3,1,2,2,4,1,2,14,6,1,1,,2,2
12,50,3,3,2008,3,1,1,2,2,1,1,1,1,1,1,1,1,1,14,6,1,1,,2,2
2,50,4,3,2008,2,1,1,1,2,1,1,1,1,1,1,1,1,2,9,6,1,1,42,2,2
7,44,3,4,2008,3,3,1,2,2,1,1,4,1,1,1,1,1,2,10,2,1,1,24,2,2
6,40,1,4,2008,3,1,1,2,2,1,1,1,1,1,1,1,1,2,14,6,1,1,,2,2
6,40,4,4,2008,1,1,1,2,2,1,3,1,1,1,1,1,1,2,9,11,1,1,45,2,2
1,41,4,4,2008,1,1,1,2,2,1,2,4,1,1,1,1,1,2,12,6,1,1,,2,2
7,44,4,9,2008,4,1,1,2,2,1,1,1,1,1,1,1,1,2,7,6,1,1,,2,2
1,41,4,7,2008,3,1,1,2,2,1,1,1,1,1,1,1,1,2,9,6,1,1,,2,2
1,47,2,9,2008,4,1,1,2,2,1,1,1,1,1,1,1,1,2,14,6,1,1,,2,2
1,47,4,11,2008,1,1,8,2,2,1,1,1,1,1,1,1,1,2,8,2,1,1,50,2,2
2,47,4,11,2008,3,1,1,2,2,1,1,1,1,1,1,1,1,2,14,6,1,1,,2,2
7,41,4,12,2008,3,1,1,2,2,1,1,1,1,1,1,5,1,2,9,6,1,1,,2,2
12,47,4,6,2008,1,1,1,2,1,2,3,1,1,1,1,1,2,2,14,10,1,1,,2,2
6,45,1,10,2008,4,1,,2,1,1,3,1,1,1,1,1,5,2,14,6,1,,,1,2
7,38,3,10,2008,4,1,1,2,2,1,4,1,,1,1,1,1,2,9,5,1,1,38,2,2
8,51,4,1,2008,2,1,1,2,2,4,2,1,1,1,1,3,1,2,14,7,1,1,,2,2
1,38,4,8,2008,1,2,2,2,1,4,1,1,1,1,1,1,1,2,9,6,1,1,,2,2
9,42,4,3,2008,2,1,1,1,1,1,1,1,1,1,1,5,1,1,9,6,1,1,26,2,2
9,42,2,6,2008,3,1,4,1,1,1,1,1,1,1,1,5,1,1,9,6,1,1,34,2,2
33,42,1,2,2008,4,2,4,1,1,1,2,1,1,1,1,5,1,1,9,6,1,1,32,2,2
33,42,4,4,2008,2,1,1,1,1,1,1,1,1,1,1,1,1,1,,6,,,,,
32,42,2,6,2008,1,3,4,1,1,1,3,1,1,1,1,1,5,1,14,6,1,1,42,1,2
32,42,3,10,2008,2,1,4,1,1,1,1,1,1,1,1,5,1,1,9,6,1,1,34,2,2
29,42,2,1,2008,,2,1,1,1,1,1,3,1,1,1,5,1,1,10,2,1,1,38,2,2
29,42,2,3,2008,2,1,4,1,1,1,1,1,1,1,1,5,1,1,8,6,1,1,38,2,2
9,42,4,6,2008,4,1,4,1,1,1,3,1,1,1,1,5,1,1,14,6,1,1,45,1,2
9,42,3,11,2008,3,1,1,1,1,1,1,1,1,1,1,5,1,1,12,6,1,1,40,2,2
32,42,2,11,2008,3,2,4,1,1,1,1,1,1,1,1,5,1,1,6,1,1,1,26,2,2
32,42,3,12,2008,2,2,4,1,1,1,1,1,1,1,1,5,1,1,10,6,1,1,28,2,2
8,42,2,10,2008,2,3,4,1,1,1,2,1,1,1,1,5,1,1,10,6,1,1,28,2,2
1,21,3,3,2008,2,1,1,2,2,1,1,1,1,1,1,1,1,2,9,6,1,1,,2,2
4,21,4,3,2008,2,1,1,2,2,1,1,1,1,1,1,2,1,2,4,6,1,1,35,2,2
6,21,4,8,2008,1,1,1,2,2,1,4,1,1,1,1,1,1,1,14,6,1,1,30,2,2
1,23,4,4,2008,2,1,1,2,2,1,1,1,1,1,1,5,1,1,8,6,1,1,39,2,2
4,26,4,5,2008,2,1,1,1,2,1,1,1,1,1,1,1,1,2,6,11,1,1,40,2,2
5,26,2,9,2008,3,1,1,2,2,1,1,1,1,1,1,1,4,1,9,5,1,1,45,2,2
9,26,4,8,2008,3,1,1,2,2,1,1,1,1,1,1,4,1,2,8,6,1,1,,2,2
3,22,4,9,2008,1,1,1,2,2,1,4,1,1,1,1,1,1,2,19,6,1,1,,2,2
1,22,4,1,2008,2,2,1,2,2,1,1,1,1,1,1,1,1,1,14,6,1,1,,2,2
6,18,3,1,2008,3,1,1,1,2,1,1,1,1,1,1,1,1,2,9,5,1,7,,2,2
5,18,4,8,2008,3,1,1,2,2,1,1,1,1,1,1,1,1,2,9,6,1,1,,2,2
1,18,4,1,2008,4,1,1,2,2,1,4,1,1,1,1,1,1,2,14,6,1,1,,2,2
1,24,4,6,2008,3,1,1,2,2,1,1,1,1,1,1,2,1,2,13,5,1,1,,2,2
1,24,4,7,2008,2,1,1,2,2,1,1,1,1,1,1,1,1,2,7,6,1,1,,2,2
3,24,4,4,2008,2,1,1,2,2,1,1,1,1,1,1,1,1,2,9,6,1,1,,2,2
3,24,4,6,2008,1,1,1,2,2,1,1,2,1,1,2,2,1,2,9,1,1,1,,2,2
3,24,4,8,2008,2,1,1,2,2,1,1,1,1,1,1,1,1,2,7,6,1,1,40,2,2
8,24,4,5,2008,2,1,1,2,2,1,1,1,1,1,1,1,1,2,12,5,1,1,45,2,2
4,25,1,2,2008,2,1,1,2,2,1,1,1,1,1,1,3,1,2,7,6,1,7,30,2,2
1,25,4,7,2008,4,1,1,2,2,1,2,1,1,1,1,1,1,2,9,6,1,1,,2,2
3,29,3,10,2008,3,7,1,2,2,1,1,1,1,1,1,1,1,2,14,11,1,1,,,
3,29,4,11,2008,3,7,1,2,2,1,1,1,1,1,1,1,1,2,9,6,1,7,,2,2
5,29,4,5,2008,1,1,1,2,2,1,1,1,1,1,1,1,1,2,14,6,1,1,35,2,2
8,29,4,12,2008,3,1,1,2,2,1,1,1,1,1,1,1,1,2,9,6,1,7,,2,2
2,24,4,11,2008,2,1,1,2,2,1,2,1,1,1,1,1,1,2,12,6,1,1,35,2,2
3,29,4,4,2008,2,1,1,2,2,1,1,1,1,1,1,1,1,2,12,6,1,1,,2,2
1,29,4,6,2008,1,2,1,2,2,1,1,2,1,1,1,1,1,2,8,1,1,1,38,2,2
8,29,4,6,2008,2,1,1,2,2,2,1,1,2,1,1,1,1,2,4,6,1,2,45,2,2
1,23,3,10,2008,2,1,1,2,2,1,1,1,1,1,1,4,1,2,9,5,1,1,,2,2
8,5,2,7,2008,1,1,1,2,2,1,4,1,1,1,1,1,1,1,14,6,1,1,,2,2
6,5,3,7,2008,3,1,1,2,2,1,1,1,1,1,1,1,1,1,9,6,1,6,,2,2
4,12,4,5,2008,3,3,8,2,2,1,1,1,1,1,1,3,1,2,14,11,1,7,,2,2
3,11,2,9,2008,4,7,1,2,2,1,4,1,1,1,2,3,1,2,7,10,1,1,,2,2
6,9,3,2,2008,3,1,1,2,2,1,1,1,1,1,1,4,1,2,4,6,1,7,40,2,2
3,1,4,9,2008,3,1,1,2,2,1,1,1,1,1,1,1,1,2,9,6,1,1,35,2,2
3,13,3,1,2008,2,3,1,2,2,1,1,1,1,1,1,3,1,2,8,6,1,7,,2,2
5,15,4,6,2008,1,1,1,2,2,1,4,1,1,1,1,1,1,1,14,6,1,1,37,2,2
5,15,4,5,2008,3,7,1,2,2,1,1,1,1,1,1,3,1,2,14,5,1,1,25,2,2
10,16,1,10,2008,2,1,1,2,2,1,2,1,1,1,1,3,1,2,14,10,1,1,32,2,2
1,4,3,9,2008,2,1,1,2,2,1,1,1,1,1,1,3,1,2,12,6,1,1,,2,2
1,12,4,4,2008,1,1,1,2,2,1,2,1,1,1,1,2,1,2,9,3,1,1,40,2,2
1,3,4,6,2008,4,7,1,2,2,2,4,1,2,1,1,3,1,2,9,1,1,1,42,2,2
7,17,4,1,2008,3,1,1,2,2,2,1,1,2,1,1,1,1,1,19,6,2,1,25,2,2
1,14,3,3,2008,2,3,8,2,2,1,1,1,1,1,1,1,1,1,14,6,1,7,27,2,2
3,14,4,4,2008,2,2,6,2,2,1,1,1,1,1,1,5,1,1,14,6,1,1,30,2,2
3,14,4,4,2008,2,7,1,2,2,1,1,1,1,1,1,2,1,2,4,11,1,7,32,2,2
2,14,4,4,2008,3,1,1,2,2,1,1,1,1,1,1,1,1,1,19,6,1,1,32,2,2
3,14,3,5,2008,3,7,1,2,2,1,3,1,1,1,1,5,1,1,14,1,1,1,,2,2
3,14,4,6,2008,3,1,1,2,2,1,1,1,1,1,1,1,1,2,19,6,2,1,20,2,2
4,14,3,8,2008,3,1,1,2,2,1,1,1,1,1,1,1,1,1,19,6,1,1,35,2,2
4,14,3,9,2008,2,7,1,2,2,2,1,1,2,1,1,1,1,1,12,6,1,1,29,2,1
2,14,3,10,2008,3,3,1,2,2,2,1,1,1,2,1,1,1,1,9,6,2,1,41,1,2
2,14,4,11,2008,3,3,2,2,2,1,1,1,1,1,1,1,1,1,9,6,2,7,,1,2
2,14,3,11,2008,4,1,8,2,1,1,3,1,1,1,1,5,1,1,13,2,1,1,32,2,2
5,54,4,4,2008,4,7,8,2,2,1,4,3,1,1,1,3,1,2,17,6,,,25,2,2
7,56,3,8,2008,3,2,,2,2,1,1,1,1,1,1,1,1,2,9,4,,,27,,
1,55,3,5,2008,3,2,4,2,2,1,1,1,1,1,1,1,1,2,8,6,1,1,,2,2
2,27,4,9,2008,2,1,1,2,2,1,1,1,1,1,1,1,1,1,8,6,1,1,30,1,2
7,64,2,8,2008,3,2,6,1,1,1,1,1,1,1,1,5,1,1,10,11,1,1,35,2,2
11,64,3,8,2008,3,2,8,1,2,1,1,1,1,1,1,5,1,1,8,6,1,1,,1,2
7,59,1,10,2008,1,3,1,2,2,1,2,1,1,1,1,2,1,2,10,6,1,1,,2,1
1,61,4,5,2008,1,1,1,2,2,1,4,1,1,1,1,1,1,2,14,6,1,1,40,2,2
14,63,4,7,2008,3,1,1,2,2,1,1,1,1,1,1,1,1,2,15,1,1,1,,,
2,64,4,11,2008,2,1,5,2,1,1,1,3,1,1,1,5,1,1,14,11,1,1,,1,2
2,59,4,3,2008,1,1,1,2,2,1,1,3,3,3,3,3,1,2,17,6,1,,,,2
7,59,4,6,2008,2,1,1,2,2,1,1,1,1,1,1,1,1,2,9,6,1,1,32,2,2
14,58,4,3,2008,3,1,1,2,2,1,1,1,1,1,1,1,1,1,9,6,1,1,,1,2
14,58,4,5,2008,1,3,1,1,2,1,2,1,1,1,1,2,1,2,9,6,1,1,,1,2
1,61,4,5,2008,3,1,1,2,2,2,1,1,2,1,1,1,1,2,4,6,1,1,31,2,2
1,67,4,10,2008,3,7,1,2,2,1,1,4,1,1,1,5,1,1,4,6,2,1,32,2,2
8,63,1,7,2008,2,1,1,2,2,1,4,3,1,1,1,1,1,1,14,6,1,1,32,2,2
13,63,3,8,2008,3,7,8,2,2,1,1,1,1,1,1,1,1,2,9,11,1,7,,2,2
7,58,4,8,2008,3,1,1,2,2,1,1,1,1,1,1,1,1,2,12,1,1,1,45,2,2
7,58,4,7,2008,1,1,1,2,2,1,2,1,1,1,1,1,1,2,12,2,1,1,,2,2
14,63,4,3,2008,2,7,1,2,2,1,4,1,1,1,2,1,1,2,9,6,1,1,,2,2
8,57,4,10,2008,3,1,1,2,2,1,1,1,1,1,1,1,1,2,7,5,1,7,,2,2
8,57,4,9,2008,3,7,1,2,2,4,2,1,1,1,1,1,1,2,9,6,1,1,,2,2
8,57,3,10,2008,4,1,8,2,2,1,1,1,1,1,1,1,1,2,9,1,1,1,40,2,2
1,57,4,6,2008,2,7,1,2,2,1,1,1,1,1,1,1,1,2,9,1,1,3,35,2,2
1,57,3,11,2008,1,1,1,2,2,1,1,1,1,1,1,1,1,2,9,6,1,1,,2,2
1,57,3,10,2008,3,1,1,2,1,1,1,1,1,1,1,1,1,2,10,6,1,1,32,2,2
1,61,4,11,2008,4,1,8,2,2,1,1,1,1,1,1,1,1,2,10,6,1,7,,2,2
2,58,4,3,2008,3,7,1,2,2,1,1,2,1,1,1,3,3,2,14,4,2,1,42,1,2
1,61,3,2,2008,1,1,1,2,2,1,4,1,1,1,1,1,1,2,9,6,1,1,37,2,2
2,61,4,6,2008,3,1,1,2,2,1,1,1,1,1,1,1,1,2,14,1,1,1,,2,2
7,63,2,7,2008,4,1,8,2,2,1,1,2,1,1,1,1,1,2,17,6,1,1,,2,2
7,58,4,7,2008,2,1,1,2,2,1,1,1,1,1,1,1,1,2,9,6,1,1,38,2,2
7,65,4,12,2008,3,1,1,2,2,1,1,1,1,1,1,1,1,2,5,6,1,1,35,2,2
6,61,4,2,2008,4,1,1,1,2,1,2,1,1,1,1,3,1,2,9,6,1,1,41,2,2
1,65,4,4,2008,3,1,1,2,2,1,1,1,1,1,1,1,1,1,12,6,1,1,,1,2
1,65,4,9,2008,3,1,1,2,2,1,1,1,1,1,1,1,1,2,7,6,1,1,,2,2
12,47,4,1,2008,1,1,1,2,2,4,2,1,1,1,1,1,1,2,14,5,1,1,,2,2
1,41,3,4,2008,3,1,1,2,2,1,1,1,5,1,1,1,1,2,2,6,1,1,,2,2
5,44,3,4,2008,4,1,1,2,2,1,4,1,1,1,1,1,2,2,14,6,1,1,38,2,2
3,38,4,7,2008,3,1,1,2,2,1,1,1,1,1,1,1,1,2,13,6,1,1,28,2,2
2,44,4,10,2008,2,1,1,2,2,1,1,1,1,1,1,1,1,2,9,6,1,1,,2,2
1,47,3,6,2008,2,1,1,2,2,1,1,1,1,1,1,1,1,2,7,6,1,1,,2,2
11,42,2,3,2008,2,1,1,1,1,1,1,1,1,1,1,5,1,1,9,6,1,1,38,2,2
33,42,4,2,2008,2,1,1,1,1,1,1,1,1,1,1,1,1,1,9,6,1,1,38,2,2
12,42,3,8,2008,4,1,1,1,1,1,3,1,1,1,1,5,1,1,14,6,1,1,45,2,2
3,20,4,1,2008,2,3,1,2,2,1,1,1,1,1,1,1,1,2,14,,1,7,,2,2
4,26,1,2,2008,4,7,2,2,1,1,1,1,1,1,1,1,1,2,14,9,1,1,,2,2
13,54,4,5,2008,3,7,1,2,2,1,1,1,1,1,1,1,1,2,9,6,,,,,
7,53,4,1,2008,4,1,,2,1,2,2,1,1,1,1,2,2,2,7,6,1,1,25,2,2
9,56,4,7,2008,2,3,,2,2,1,1,4,1,1,1,1,5,2,17,11,,3,32,,
3,34,1,4,2009,3,1,1,2,2,1,1,1,1,1,1,1,1,2,14,6,1,1,,2,2
1,30,4,8,2009,3,1,1,2,2,1,1,1,1,1,1,1,1,1,8,5,1,7,45,2,2
10,34,3,6,2009,4,1,1,2,2,1,2,1,1,1,1,4,1,2,4,6,1,1,30,2,2
2,34,1,2,2009,2,3,1,2,2,1,1,1,1,1,1,4,1,2,7,6,1,1,,2,
6,34,3,6,2009,4,3,1,2,2,1,1,2,1,1,2,4,1,2,19,2,2,1,,2,2
1,34,4,9,2009,3,1,1,2,2,1,1,1,1,1,1,1,1,2,7,6,1,1,,2,2
1,34,4,12,2009,4,1,1,2,2,1,3,1,1,1,1,1,1,1,9,6,1,1,,2,2
3,33,4,4,2009,2,1,1,2,2,1,1,1,1,1,1,4,1,2,1,10,,1,15,2,2
10,34,4,6,2009,3,2,1,2,1,2,,,1,1,1,1,1,2,9,6,1,2,,2,2
3,64,4,4,2009,2,1,1,2,1,1,1,1,1,1,1,5,1,1,10,6,1,1,,2,2
2,64,4,3,2009,4,1,1,2,,1,3,1,1,1,1,5,1,1,9,6,,,,,
5,64,4,5,2009,4,1,3,1,1,1,3,1,1,1,1,1,1,1,14,6,,7,,,2
5,64,3,11,2009,2,1,1,,1,1,1,,1,1,1,1,1,1,10,6,1,,47,2,1
6,64,4,8,2009,1,1,1,2,2,1,1,2,1,1,1,5,1,1,7,6,1,,24,,
4,64,3,9,2009,1,1,3,1,2,1,2,1,1,1,1,5,1,1,13,,,,,2,2
8,57,4,1,2009,1,1,1,2,2,1,2,1,1,1,1,1,1,2,14,3,1,6,60,2,2
8,57,4,3,2009,3,1,1,2,2,1,1,1,1,1,1,1,1,2,9,5,2,2,35,1,2
8,57,4,4,2009,4,1,1,2,2,1,4,1,1,1,1,1,1,2,9,5,1,1,31,1,2
6,58,4,1,2009,3,7,1,2,2,1,1,1,1,1,1,1,1,2,6,11,1,7,38,2,2
2,57,3,1,2009,4,7,1,2,2,1,1,1,1,1,1,4,1,2,6,11,1,1,25,2,2
1,57,3,1,2009,1,1,1,2,2,1,1,1,1,1,1,1,1,2,4,1,1,1,22,2,2
8,57,4,1,2009,1,1,1,2,2,4,2,1,1,1,1,1,1,2,14,11,1,1,,2,2
2,65,4,2,2009,4,7,1,2,2,1,4,2,1,1,1,1,1,2,14,2,1,1,,2,2
1,57,4,6,2009,4,7,8,2,2,1,2,1,1,1,1,4,1,2,6,6,1,1,,2,2
3,57,4,4,2009,4,1,1,2,2,1,2,1,1,1,1,1,1,2,14,1,1,1,45,2,2
7,59,3,3,2009,4,1,1,2,2,1,3,1,1,1,1,4,1,2,19,1,1,1,,2,2
2,59,4,2,2009,3,1,1,2,2,1,1,1,1,1,1,2,1,2,14,6,1,1,,2,2
1,58,4,4,2009,4,7,8,2,2,1,2,1,1,1,1,5,1,2,11,11,1,7,24,2,2
12,58,4,7,2009,2,7,1,2,2,1,1,1,1,1,1,3,1,2,9,1,1,1,,2,2
1,62,4,6,2009,4,2,1,2,2,1,4,1,1,1,1,2,1,2,6,6,1,7,35,2,2
2,59,4,8,2009,1,1,1,2,2,1,3,1,1,1,1,2,1,2,5,6,1,1,,2,2
1,59,3,8,2009,3,7,1,2,2,1,1,1,1,1,1,2,1,2,19,1,1,7,,1,2
7,59,4,3,2009,4,1,1,2,2,1,3,1,1,1,1,2,1,2,19,6,,,,2,2
13,63,4,3,2009,4,1,8,2,2,1,1,1,1,1,1,1,1,2,4,11,1,1,,2,2
6,63,4,7,2009,2,1,8,2,2,1,1,1,1,1,1,1,1,2,12,9,1,1,,1,2
6,66,4,9,2009,4,1,1,2,2,1,1,2,1,2,1,4,1,2,,,,,,,
4,66,3,10,2009,4,1,1,2,2,1,1,1,1,1,1,2,1,1,7,6,1,1,24,2,2
6,59,4,12,2009,3,1,8,2,2,1,1,1,1,1,2,4,1,2,17,6,1,1,30,2,2
9,63,3,5,2009,4,7,1,2,2,1,3,1,1,1,1,1,1,2,7,1,1,1,45,2,2
1,57,4,5,2009,4,1,1,1,2,1,4,1,1,1,1,1,1,2,9,6,,,,2,2
1,57,4,4,2009,2,1,8,2,2,1,1,1,1,1,1,2,2,2,,6,,,,2,2
1,57,4,6,2009,2,1,1,2,1,1,1,1,1,1,1,5,1,1,2,6,,,,2,2
4,58,3,5,2009,2,1,1,2,1,1,2,1,1,2,2,4,4,2,8,6,,7,35,2,2
1,58,3,4,2009,2,1,1,2,2,1,1,1,1,1,1,2,1,2,14,6,1,1,,2,2
7,63,4,5,2009,2,1,1,2,2,1,1,1,1,1,1,1,,2,9,6,1,7,,2,2
13,63,3,1,2009,3,7,1,1,2,1,3,2,1,1,1,1,1,2,7,6,1,1,28,2,2
1,57,4,4,2009,2,7,1,2,,1,1,,,,,3,,2,14,6,1,1,7,2,2
1,57,4,10,2009,3,1,8,2,2,1,1,1,1,1,1,1,1,2,9,5,1,7,35,2,2
1,62,3,12,2009,2,3,1,2,2,1,1,1,1,1,1,5,1,1,5,6,1,1,29,2,2
2,59,4,5,2009,3,2,1,2,2,1,1,1,1,1,1,2,1,2,14,4,,,,2,2
2,59,4,2,2009,3,1,1,2,2,1,1,1,1,1,1,2,1,1,14,7,,,,2,2
7,58,4,8,2009,4,1,1,2,2,1,1,1,1,1,1,1,1,,9,6,1,,,2,2
7,58,4,12,2009,3,1,1,2,1,1,1,1,1,1,1,1,2,,9,1,,,,2,2
14,58,4,9,2009,3,1,1,2,2,1,1,1,1,1,1,1,1,2,14,6,,,,2,2
13,63,4,5,2009,4,1,1,,2,1,3,1,1,1,1,4,1,2,13,6,2,7,,2,2
3,38,4,1,2009,2,7,1,2,2,1,1,1,1,1,1,1,1,2,12,6,1,7,,2,2
4,38,4,1,2009,3,2,1,2,2,1,1,1,1,1,1,3,1,2,14,5,1,1,,2,2
3,38,3,1,2009,3,7,1,2,2,1,1,1,1,1,1,1,1,2,11,6,1,7,,2,2
7,38,4,1,2009,2,1,1,2,2,1,1,1,1,1,2,1,1,2,9,5,1,7,30,2,2
1,47,3,1,2009,3,1,1,2,2,1,1,1,1,1,1,1,1,2,9,5,1,7,32,2,2
2,45,4,1,2009,3,3,1,2,2,1,1,1,1,1,1,3,1,2,14,6,1,7,,2,2
5,45,4,2,2009,3,7,1,2,1,1,1,1,1,1,1,1,1,2,14,6,1,7,,2,2
3,45,4,2,2009,4,7,1,2,2,1,2,1,1,1,1,3,1,2,19,6,1,3,,2,2
6,45,3,2,2009,4,2,1,2,2,1,2,1,1,1,1,1,1,2,9,6,1,1,,2,2
6,51,4,2,2009,2,7,8,2,2,2,1,1,1,1,1,3,1,2,2,6,1,1,,2,2
12,51,4,2,2009,3,7,1,2,2,1,1,1,1,1,1,2,1,2,14,5,1,1,38,2,2
11,51,3,2,2009,2,1,1,2,2,1,1,1,1,1,3,3,1,2,7,6,1,5,30,2,2
5,47,4,2,2009,4,1,4,2,2,1,2,1,1,1,1,3,1,2,9,6,1,3,,2,2
1,38,4,2,2009,1,1,1,2,2,1,2,1,1,1,1,1,1,2,9,5,1,1,,2,2
2,36,3,2,2009,3,1,1,2,2,1,1,1,1,1,1,1,1,2,9,9,1,1,,2,2
4,36,4,2,2009,4,7,1,2,2,1,4,1,1,1,1,3,1,2,7,6,1,1,,2,2
3,38,4,3,2009,3,1,1,2,2,1,1,1,1,1,1,1,1,2,7,6,1,3,,2,2
12,47,4,4,2009,2,7,1,2,2,1,1,2,1,1,1,1,1,2,14,6,1,1,,2,2
3,38,4,4,2009,2,7,1,2,2,1,1,1,1,1,1,1,1,2,6,6,1,3,,2,2
3,38,4,4,2009,4,1,1,2,2,1,4,1,1,1,1,1,1,2,14,6,1,3,,2,2
7,38,4,4,2009,4,7,8,2,2,1,4,1,1,1,1,3,1,2,19,6,1,3,,2,2
1,44,4,4,2009,1,7,8,2,2,1,2,2,1,1,1,2,1,1,14,7,1,3,,2,2
2,35,4,4,2009,3,1,1,2,2,1,1,1,1,1,1,4,1,2,8,6,1,1,,2,2
4,37,4,4,2009,3,7,1,2,2,1,1,1,1,1,1,4,3,2,9,6,1,3,,2,2
6,37,4,4,2009,3,3,8,2,2,1,1,2,1,1,1,4,1,2,9,6,1,3,,2,2
1,49,4,2,2009,2,1,1,2,2,1,1,1,1,1,1,2,1,1,9,6,1,3,,2,2
1,45,4,5,2009,2,7,1,2,2,1,1,1,1,1,1,1,1,1,9,6,1,7,,2,2
2,45,3,5,2009,2,1,1,2,2,1,1,1,1,1,1,1,1,1,15,6,1,3,,2,2
3,45,3,5,2009,3,1,1,2,2,1,1,1,1,1,1,2,1,1,9,6,1,7,,2,2
1,38,4,5,2009,3,7,1,2,2,1,1,1,1,1,1,1,1,2,14,6,1,3,,2,2
1,45,4,6,2009,1,1,1,2,2,1,3,1,1,1,1,1,1,1,9,6,1,7,,2,2
5,45,4,6,2009,4,1,1,2,2,1,2,1,1,1,1,1,1,2,12,6,1,7,,2,2
4,45,2,6,2009,3,1,1,2,2,1,1,1,1,1,1,3,1,2,12,6,1,1,,2,2
6,44,4,6,2009,2,1,1,2,2,1,1,1,1,1,1,2,1,2,9,1,1,1,,2,2
3,38,2,6,2009,3,7,1,2,2,1,1,1,1,1,1,1,1,2,9,6,1,3,,2,2
6,38,3,6,2009,2,1,1,2,2,1,1,1,1,1,1,1,1,2,9,6,1,1,,2,2
1,49,4,6,2009,3,1,1,2,2,1,1,1,1,1,1,2,1,2,14,5,1,1,45,2,2
1,47,4,7,2009,3,1,1,2,2,1,4,1,2,1,1,1,1,1,12,6,1,1,40,2,2
1,47,4,7,2009,2,2,4,2,2,1,1,1,1,1,1,1,1,1,9,6,1,1,,2,2
13,47,4,7,2009,3,1,1,2,2,1,1,1,1,1,1,1,1,2,9,6,1,1,,2,2
4,47,4,7,2009,3,1,1,2,2,1,1,1,1,1,1,3,1,2,9,6,1,1,40,2,2
1,38,3,7,2009,2,7,8,2,2,1,2,1,1,1,1,1,1,1,7,6,1,1,,2,2
1,45,4,7,2009,2,7,1,2,2,1,1,1,1,1,1,1,1,2,9,6,1,7,,2,2
1,45,4,7,2009,4,7,1,2,2,1,3,1,1,1,1,1,1,1,14,6,1,1,,2,2
3,45,4,7,2009,3,1,1,2,2,1,2,2,1,1,1,4,1,2,19,6,1,7,,2,2
1,43,4,7,2009,2,1,1,2,2,1,1,1,1,1,1,5,1,1,6,6,1,1,,2,2
6,43,4,6,2009,2,1,1,2,2,1,1,1,1,1,1,2,1,2,9,6,1,1,,2,2