Thana,District,Accident_Severity,Month,Year,Time,Junction_Type,Traffic_Control,Movement,Divider,Weather,Light,Road_Geometry,Surface_Condition,Surface_Type,Surface_Quality,Road_Class,Road_Feature,Location_Type,Vehicle_Type,Vehicle_Movement,Vehicle_Loading,Vehicle_Defect,Vehicle_Driver_Age,Vehicle_Alcohol,Vehicle_Seat_Belt
1,41,2,2,2009,2,1,1,2,2,1,1,1,1,1,1,1,1,2,14,6,1,3,,2,2
3,41,4,5,2009,3,7,1,2,2,1,1,1,1,1,1,2,1,2,4,6,1,1,40,2,2
6,41,4,6,2009,4,1,1,2,2,1,2,1,1,1,1,1,1,2,2,6,1,1,35,2,2
4,45,4,8,2009,2,1,1,2,2,1,1,1,1,1,1,3,1,2,15,6,1,1,,2,2
1,40,4,2,2009,2,1,1,2,2,1,1,1,1,1,1,1,1,1,14,6,1,3,,2,2
6,40,4,2,2009,2,3,1,2,2,1,1,1,1,1,1,2,1,2,10,6,1,1,25,2,2
6,40,3,2,2009,3,1,1,2,2,1,1,1,1,1,1,1,1,2,10,6,1,1,27,2,2
6,40,4,7,2009,3,1,1,2,2,1,1,1,1,1,1,4,1,2,13,6,1,1,26,2,2
6,40,4,7,2009,2,7,8,2,2,1,2,1,1,1,1,1,1,2,12,6,1,1,,2,2
1,40,3,8,2009,3,1,1,2,2,1,1,1,1,1,1,1,1,1,15,6,1,3,,2,2
6,40,4,8,2009,1,7,1,2,2,1,4,1,1,1,1,1,1,2,13,6,1,1,38,2,2
1,47,3,8,2009,4,1,1,2,2,2,4,2,2,1,1,1,1,2,9,6,1,1,,2,2
3,38,4,9,2009,4,1,1,2,2,1,4,1,1,1,1,1,2,2,19,6,1,1,,2,2
2,50,4,6,2009,4,1,1,2,2,1,2,1,1,1,1,1,1,1,14,6,1,1,,2,2
1,50,4,6,2009,2,1,1,2,2,1,1,1,1,1,1,2,1,2,9,6,1,1,,2,2
8,50,3,7,2009,2,1,1,2,2,1,1,1,1,1,1,4,1,2,9,6,1,1,,2,2
5,50,4,7,2009,3,1,1,2,2,1,1,1,1,1,1,1,1,2,9,6,1,1,,2,2
7,41,4,8,2009,2,3,4,2,2,1,2,2,1,1,1,1,1,1,14,6,1,1,,2,2
9,51,4,9,2009,4,1,1,2,2,1,1,1,1,1,1,2,1,2,9,5,1,1,,2,2
1,40,4,9,2009,4,1,1,2,2,1,3,1,1,1,1,1,1,1,9,6,1,1,,2,2
3,38,4,10,2009,3,1,1,2,2,1,1,1,1,1,1,1,1,2,9,6,1,1,,2,2
3,38,4,10,2009,3,1,1,2,2,1,1,1,1,1,1,1,1,2,9,6,1,1,,2,2
2,50,4,10,2009,2,1,1,2,2,1,1,1,1,1,1,1,1,2,9,6,1,1,,2,2
4,38,3,11,2009,3,3,1,2,2,1,1,1,1,1,1,5,1,1,9,5,1,3,,2,2
3,38,4,11,2009,3,1,1,2,2,1,1,1,1,1,1,1,1,2,8,6,1,1,,2,2
4,37,4,11,2009,3,1,1,2,2,1,1,1,1,1,1,3,1,2,9,6,1,1,30,2,2
1,45,4,11,2009,3,1,1,2,2,1,1,1,1,1,1,1,1,2,12,6,1,3,,2,2
6,40,4,11,2009,4,1,1,2,2,1,2,1,1,1,1,1,1,2,19,6,1,1,45,2,2
1,46,4,2,2009,4,1,1,2,2,1,3,1,1,1,1,2,1,1,9,6,1,6,,2,2
3,46,3,10,2009,1,1,1,2,2,1,4,2,1,1,1,3,1,2,14,6,1,1,,2,2
5,46,4,10,2009,2,1,1,2,2,1,2,1,1,1,1,3,1,2,14,6,1,1,,2,2
6,46,3,3,2009,3,1,4,2,2,1,1,1,1,1,1,1,1,1,9,6,1,3,,2,2
7,44,4,11,2009,2,1,1,2,2,1,2,1,1,1,1,1,3,2,14,6,1,3,,2,2
2,50,4,11,2009,4,1,1,2,2,1,4,1,1,1,1,1,1,2,9,6,1,1,,2,2
7,41,4,11,2009,3,1,1,2,2,1,1,1,1,1,1,1,1,1,9,6,1,1,,2,2
4,43,3,10,2009,4,1,1,2,2,1,4,1,1,1,1,3,1,2,13,7,1,3,43,2,2
12,50,4,12,2009,4,1,1,2,2,1,2,1,1,1,1,1,1,2,7,6,1,1,30,2,2
1,47,4,12,2009,3,1,1,2,2,1,1,5,1,1,1,2,1,2,14,5,1,1,,2,2
3,47,3,12,2009,2,1,1,2,2,1,1,1,1,1,1,2,1,2,14,6,1,1,,2,2
3,43,4,12,2009,4,2,1,2,2,1,2,1,1,1,1,1,1,2,9,6,1,3,,2,2
4,42,4,2,2009,4,1,1,1,1,1,3,1,1,1,1,5,1,1,9,6,1,1,30,2,2
11,42,2,2,2009,3,7,4,1,1,1,1,1,1,1,1,5,1,1,9,6,1,1,45,2,2
17,42,1,1,2009,4,1,1,2,2,1,3,1,1,1,1,5,1,1,10,6,1,1,38,2,2
28,42,3,1,2009,4,1,8,1,1,1,3,1,1,1,1,1,1,1,9,6,1,7,30,1,1
28,42,1,2,2009,4,3,4,1,1,1,3,1,1,1,1,5,1,1,10,6,1,1,38,2,1
28,42,3,3,2009,2,2,4,1,1,1,1,1,1,1,1,5,1,1,9,6,1,1,42,2,2
18,42,2,1,2009,2,6,4,1,1,1,2,1,1,1,1,5,1,1,9,6,1,1,55,2,2
32,42,4,1,2009,1,7,4,1,1,1,2,1,1,1,1,5,1,1,14,6,1,1,40,1,2
15,42,3,2,2009,1,1,1,1,1,1,1,1,1,1,1,5,1,1,8,6,1,1,42,2,2
15,42,3,4,2009,4,1,1,1,1,1,3,1,1,1,1,5,1,1,19,6,1,1,20,2,2
14,42,4,1,2009,,2,4,1,1,1,1,1,1,1,1,1,1,1,9,6,1,1,45,2,2
14,42,3,2,2009,2,2,4,1,1,1,2,1,1,1,1,1,1,1,9,6,1,7,30,1,2
14,42,4,3,2009,4,1,4,1,1,1,3,1,1,1,1,1,1,1,14,6,1,1,52,1,2
14,42,4,4,2009,3,1,1,1,1,1,1,1,1,1,1,1,1,1,10,6,1,1,38,2,2
33,42,4,2,2009,1,1,1,1,1,1,3,1,1,1,1,1,1,1,14,6,1,1,45,1,2
33,42,4,4,2009,3,1,1,1,1,1,1,1,1,1,1,1,1,1,15,1,1,1,45,2,2
1,42,3,4,2009,2,1,1,1,1,1,1,1,1,1,1,5,1,1,9,6,1,1,40,2,2
2,42,1,5,2009,2,1,1,2,2,1,1,3,1,1,1,5,1,1,19,6,1,1,32,2,2
34,42,4,1,2009,2,1,1,1,1,1,1,1,1,1,1,1,1,1,9,6,1,1,42,2,2
29,42,3,4,2009,2,3,4,2,2,1,1,1,1,1,1,5,1,1,9,6,1,1,42,2,2
11,42,4,4,2009,3,3,1,2,2,1,1,1,1,1,1,5,1,1,7,6,1,1,32,2,2
11,42,4,5,2009,1,1,2,1,1,1,1,1,1,1,1,2,1,1,9,6,1,1,45,2,2
7,42,4,1,2009,2,2,5,2,2,1,1,1,1,1,1,2,1,1,9,6,1,1,30,2,2
28,42,1,5,2009,3,1,1,1,1,1,1,1,1,1,1,5,1,1,9,6,1,1,32,2,2
21,42,4,5,2009,3,1,1,2,2,1,1,1,1,1,1,1,1,1,9,6,1,3,35,2,2
8,42,2,5,2009,2,1,1,1,1,1,1,1,1,1,1,5,1,1,9,6,1,1,20,2,2
8,42,4,6,2009,1,2,1,2,1,1,3,1,1,1,1,5,1,1,14,6,1,1,42,1,2
18,42,2,3,2009,2,1,2,2,1,1,2,1,1,1,1,5,1,1,9,6,1,1,42,2,2
32,42,4,4,2009,1,3,1,1,1,1,2,1,1,1,1,5,1,1,14,6,1,1,38,1,2
32,42,3,5,2009,1,3,1,1,1,1,1,1,1,1,1,5,1,1,14,6,1,1,38,2,2
32,42,4,6,2009,1,1,1,1,1,1,3,1,1,1,1,5,1,1,14,6,1,1,40,2,2
26,42,4,6,2009,2,7,1,2,2,1,2,1,1,1,1,5,1,1,9,6,1,1,36,2,2
28,42,2,7,2009,3,5,4,2,2,1,1,1,1,1,1,5,1,1,9,6,1,1,30,2,2
5,42,2,6,2009,2,1,1,1,1,1,1,1,1,1,1,5,1,1,7,6,1,1,40,2,2
27,42,1,6,2009,4,2,5,2,1,1,3,1,1,1,1,5,1,1,8,5,1,1,40,2,2
3,42,4,3,2009,2,3,4,1,1,1,2,1,1,1,1,1,1,1,13,6,1,1,30,1,2
3,42,4,6,2009,2,1,4,1,1,1,2,1,1,1,1,1,1,1,15,6,1,1,40,2,2
12,42,2,2,2009,4,1,2,1,1,1,1,1,1,1,1,5,1,1,12,6,1,1,35,2,2
12,42,2,2,2009,3,1,1,1,1,1,3,1,1,1,1,1,1,1,14,6,1,1,42,1,2
12,42,4,5,2009,3,1,8,1,1,1,2,1,2,1,1,1,1,1,14,6,1,3,45,2,2
33,42,3,5,2009,3,1,1,2,2,1,1,1,1,1,1,1,1,1,9,6,1,1,35,2,1
21,42,3,7,2009,2,1,1,2,2,1,1,1,1,1,1,3,1,1,14,6,1,1,42,2,2
11,42,1,7,2009,3,1,1,1,1,1,1,1,1,1,1,3,1,1,8,6,1,1,34,2,2
12,42,4,7,2009,1,1,1,1,1,1,3,1,1,1,1,5,1,1,8,6,1,7,38,2,2
3,42,4,7,2009,1,1,8,1,1,1,4,1,1,1,1,1,1,1,14,6,1,7,42,1,2
5,42,3,7,2009,2,1,1,2,2,1,1,1,1,1,1,5,1,1,9,6,1,1,42,2,2
32,42,4,8,2009,3,1,1,1,1,1,1,1,1,1,1,5,1,1,14,6,1,1,28,2,2
33,42,4,8,2009,2,3,1,1,1,1,3,1,1,1,1,1,1,1,19,6,1,1,35,2,2
7,42,3,8,2009,3,1,1,1,1,1,1,1,1,1,1,5,1,1,8,5,1,1,25,2,2
9,42,3,8,2009,4,1,1,1,1,1,3,1,1,1,1,5,1,1,10,6,1,1,37,2,2
22,42,4,8,2009,4,2,4,1,1,1,4,1,1,1,1,1,1,1,14,6,1,1,40,2,2
4,42,4,5,2009,1,3,1,2,2,1,2,1,1,1,1,5,1,1,14,6,1,1,37,1,2
37,42,4,8,2009,4,1,1,2,1,1,3,1,1,1,1,5,1,1,14,6,,,,,
23,42,4,5,2009,3,3,4,1,1,1,1,1,1,1,1,1,1,1,14,6,1,7,37,1,2
7,42,3,9,2009,4,1,4,1,1,1,3,1,1,1,1,5,1,1,8,6,1,1,22,1,2
12,42,2,9,2009,2,2,4,1,1,1,1,1,1,1,1,1,1,1,12,6,1,1,35,2,2
34,42,3,9,2009,2,1,2,1,1,1,1,1,1,1,1,1,1,1,9,6,1,1,33,2,2
8,42,3,9,2009,4,3,1,2,2,1,2,1,1,1,1,5,1,1,10,6,1,1,23,2,2
12,42,2,10,2009,2,1,7,1,1,1,1,1,1,1,1,5,1,1,10,6,1,1,42,2,2
12,42,4,11,2009,1,1,6,2,1,1,3,1,1,1,1,1,1,1,14,5,1,1,40,2,2
15,42,4,10,2009,4,3,1,2,2,1,3,1,1,1,1,5,1,1,10,6,1,1,32,2,2
21,42,4,10,2009,3,1,4,2,2,1,4,1,1,1,3,1,1,1,14,6,1,1,38,1,2
24,42,4,10,2009,3,1,1,2,2,1,1,2,1,1,1,1,1,1,9,6,1,1,35,2,2
28,42,2,10,2009,,2,4,1,1,1,1,1,1,1,1,5,1,1,9,6,1,1,42,2,2
28,42,4,10,2009,3,1,5,1,1,1,1,1,1,1,1,5,1,1,9,6,1,1,40,2,2
33,42,4,11,2009,3,3,4,1,1,1,1,1,1,1,1,5,1,1,9,6,1,1,35,2,2
9,42,3,12,2009,4,1,1,1,1,1,3,1,1,1,1,5,1,1,10,6,1,1,28,2,2
2,42,4,12,2009,4,3,1,1,1,1,3,2,1,1,1,5,1,1,9,6,1,1,41,2,2
33,42,4,12,2009,3,1,8,1,1,1,1,1,1,1,1,1,1,1,9,6,1,1,40,2,2
28,42,3,12,2009,3,1,4,1,1,1,1,1,1,1,1,5,1,1,9,6,1,1,38,2,2
14,42,3,12,2009,3,2,4,1,1,1,1,1,1,1,1,1,1,1,7,6,1,1,22,2,2
1,24,4,3,2009,3,1,1,2,2,1,1,1,1,1,1,1,1,2,13,6,1,1,53,1,2
7,24,4,3,2009,3,3,1,2,2,1,1,1,1,1,1,1,1,2,14,6,1,1,,1,2
1,21,4,7,2009,3,1,1,2,2,1,1,1,1,1,1,1,1,2,9,6,1,1,,1,2
3,21,3,7,2009,3,3,1,2,2,1,1,1,1,1,1,4,1,2,13,1,1,1,,1,2
3,20,3,4,2009,3,3,1,2,2,1,1,1,1,1,1,3,1,2,12,6,1,1,,1,2
1,23,4,3,2009,3,1,1,2,2,1,1,2,1,1,1,4,1,2,9,6,1,1,45,1,2
18,3,4,12,2009,4,1,1,2,2,1,2,1,1,1,1,1,1,2,9,6,1,1,40,1,2
7,18,4,12,2009,3,1,1,2,2,1,1,1,1,1,1,2,,1,9,6,1,1,,1,2
1,25,4,10,2009,2,1,1,2,2,1,1,1,1,1,1,2,1,2,19,6,1,1,,1,2
6,25,3,6,2009,4,1,1,2,2,1,2,1,1,1,1,2,1,2,9,6,1,1,,1,2
8,25,3,9,2009,3,1,1,2,2,1,1,1,1,1,1,1,1,2,16,6,1,1,,1,2
4,26,4,1,2009,2,1,1,2,2,1,1,1,1,1,1,2,1,2,9,6,1,1,35,1,2
4,26,4,7,2009,1,1,1,2,2,2,3,1,2,1,1,2,1,2,13,6,1,1,,1,2
4,26,4,10,2009,3,3,1,2,2,1,1,1,1,1,1,2,1,2,13,6,1,1,,1,2
4,26,4,12,2009,3,1,1,2,2,1,1,1,1,1,1,2,1,2,9,6,1,1,,1,2
1,29,4,10,2009,2,1,1,2,2,1,1,1,1,1,1,4,1,2,9,6,1,1,45,1,2
3,29,3,1,2009,3,2,1,2,2,1,1,1,1,1,1,1,1,2,12,2,1,1,28,1,2
3,29,3,9,2009,3,1,1,2,2,1,1,1,1,1,1,2,1,2,6,6,1,1,,1,2
2,29,4,6,2009,3,4,1,2,2,1,1,2,1,1,1,2,1,2,8,6,1,1,,1,2
2,29,3,8,2009,3,2,1,2,2,1,1,1,1,1,1,2,1,2,8,6,1,1,30,1,2
4,29,4,1,2009,2,1,1,2,2,1,1,1,1,1,1,1,1,2,10,6,1,1,,1,2
5,29,4,3,2009,3,1,1,2,2,1,1,1,1,1,1,1,1,2,14,6,1,1,,1,2
5,29,4,4,2009,4,1,1,2,2,1,4,1,1,1,1,1,1,2,9,6,1,1,,1,2
1,18,4,12,2009,4,1,1,1,1,2,1,1,1,1,1,1,1,,3,6,2,1,40,2,2
3,20,3,12,2009,4,1,1,2,2,4,2,1,2,1,1,2,1,2,14,6,1,1,,2,2
2,24,4,10,2009,4,1,1,2,1,1,3,1,1,1,1,1,1,2,14,6,1,1,,2,2
8,24,4,12,2009,1,1,1,2,1,2,1,1,1,1,1,1,2,,14,6,1,7,,2,2
6,21,4,3,2009,2,1,1,2,2,1,2,1,1,1,1,1,1,2,14,6,1,1,26,2,2
1,21,3,4,2009,2,3,1,2,2,1,1,1,1,1,1,1,1,1,8,5,1,1,38,2,2
1,21,4,9,2009,4,1,1,2,2,2,4,1,1,1,1,1,1,2,14,6,1,1,36,2,2
4,55,4,1,2009,2,1,1,2,2,1,1,1,1,1,1,3,,2,6,6,,,,,
5,55,3,1,2009,2,1,1,2,2,1,2,4,1,1,1,4,1,2,14,6,1,1,,,
5,55,3,1,2009,4,1,1,2,2,4,2,1,1,1,1,1,1,2,5,10,,,,,
6,56,2,4,2009,3,,,,,,,,,,,,,,19,,,,,,
9,56,4,8,2009,1,2,1,2,2,1,4,1,1,1,1,1,,2,4,6,,,,,
1,55,4,3,2009,2,3,1,2,2,1,1,2,1,1,1,1,1,2,12,6,,,,,
3,53,3,2,2009,3,1,1,2,2,1,1,1,1,1,1,2,2,2,9,6,1,,,,
7,56,4,6,2009,3,1,2,2,,1,1,1,,1,1,4,1,2,6,6,,,,,
1,53,4,9,2009,3,1,1,2,2,1,1,1,1,1,1,2,1,2,8,6,1,,,,
3,53,4,6,2009,3,1,1,2,2,1,1,1,1,1,1,2,1,2,7,6,1,,,2,2
3,53,4,6,2009,3,1,1,2,2,2,1,1,2,1,1,2,1,2,8,6,1,,,1,2
3,53,4,2,2009,2,1,1,2,2,1,2,1,1,1,1,3,1,2,14,6,1,1,,2,2
4,55,3,10,2009,3,4,,2,2,1,2,,1,1,1,3,1,2,8,6,,,,,
1,54,4,1,2009,2,7,8,2,2,1,1,1,1,1,1,5,1,1,13,6,,,,,
1,54,3,1,2009,4,7,,2,,1,2,1,1,1,,5,1,1,5,6,,,,,
1,54,4,3,2009,2,7,1,2,2,1,3,1,1,1,1,5,1,1,9,2,1,1,,,
1,54,4,8,2009,3,1,1,2,2,1,1,1,1,1,1,2,1,2,8,6,1,,,1,2
12,54,4,3,2009,3,,,2,2,1,1,1,1,,1,1,1,2,7,,,,,,
13,54,3,3,2009,2,1,1,1,2,1,1,2,1,1,1,1,2,1,9,5,1,1,35,2,2
1,54,4,10,2009,2,1,1,2,2,1,4,1,1,1,1,1,1,2,14,6,1,,,,
8,54,3,2,2009,4,,,,,,,,,,,4,,,17,6,,,28,,
8,54,4,3,2009,3,,,,,,,,,,,3,,2,14,6,,,30,,
8,54,4,11,2009,3,1,1,2,2,1,1,1,1,1,1,4,1,2,9,4,1,,30,2,2
1,54,4,10,2009,4,3,1,2,2,1,2,1,1,1,1,1,1,1,14,6,,,,,
4,55,4,12,2009,3,,1,1,2,1,1,1,1,1,1,4,1,2,9,6,1,1,40,2,2
5,54,4,12,2009,4,3,3,2,2,1,1,2,5,1,1,4,1,2,17,6,2,,,,
13,54,4,9,2009,4,7,2,2,1,1,2,1,1,1,1,1,1,2,13,2,1,7,,1,2
5,5,4,1,2009,3,7,8,2,2,1,1,1,1,1,1,1,1,1,12,6,1,6,,2,2
7,5,4,1,2009,3,1,1,2,2,1,1,1,1,1,1,4,1,2,19,6,2,6,25,2,2
6,5,4,2,2009,1,7,8,2,2,1,2,1,1,1,1,1,1,2,14,11,2,1,,2,2
1,5,4,5,2009,4,7,1,2,2,1,4,1,1,1,1,3,1,2,13,6,1,1,29,2,2
1,5,3,5,2009,2,3,1,2,2,1,1,1,1,1,1,5,1,1,14,8,1,1,,1,2
6,5,4,5,2009,3,7,1,2,2,2,1,1,2,1,1,1,1,1,13,6,1,7,,2,2
11,9,4,4,2009,3,1,1,2,1,1,1,1,1,1,3,3,2,2,13,6,1,7,,2,2
11,9,3,1,2009,2,1,1,2,2,4,1,1,1,1,1,3,1,2,8,6,1,7,33,2,2
12,9,4,6,2009,4,7,8,2,2,1,3,1,1,1,1,1,1,1,9,11,1,7,,2,2
8,9,4,6,2009,3,7,8,2,2,1,1,1,1,1,1,3,3,2,13,11,1,7,40,2,2
2,9,4,8,2009,4,7,1,2,2,1,4,1,5,1,1,2,1,2,14,6,1,1,,2,2
9,9,4,7,2009,2,1,1,2,2,1,1,1,1,1,1,3,1,2,9,6,1,7,38,2,1
10,9,4,7,2009,2,7,1,2,2,1,1,1,1,1,1,1,1,1,12,6,1,1,,2,2
10,9,4,8,2009,4,7,8,2,2,1,3,1,5,1,1,1,1,1,14,10,1,7,,2,2
10,9,4,8,2009,3,1,1,2,2,1,1,1,1,1,1,1,1,1,8,6,2,1,42,2,2
11,9,4,6,2009,3,7,8,2,2,1,1,1,1,1,1,2,1,2,14,6,1,1,,2,2
12,9,4,4,2009,1,1,1,2,2,4,2,1,1,1,1,1,1,2,14,11,1,1,35,2,2
12,9,4,4,2009,2,1,1,2,2,1,1,1,1,1,1,1,1,1,9,11,1,1,34,2,2
12,9,4,3,2009,3,4,1,2,2,1,1,2,1,1,2,1,1,2,6,3,2,1,,2,2
12,9,3,3,2009,2,1,1,2,2,1,1,1,1,1,1,1,1,1,14,11,1,7,40,2,2
12,9,4,4,2009,4,3,1,2,2,1,2,1,1,1,1,2,1,2,13,6,1,1,,2,2
6,9,4,5,2009,1,1,8,2,2,2,3,1,2,1,1,2,1,2,12,11,2,7,40,2,2
10,9,4,1,2009,3,7,8,1,2,1,1,1,1,1,1,3,1,1,14,6,1,7,30,2,2
10,9,1,5,2009,1,1,1,2,2,1,2,1,1,1,1,1,1,1,13,10,1,7,35,2,2
8,13,4,5,2009,1,7,1,2,2,1,2,1,1,1,1,1,5,1,14,1,1,7,40,2,1
7,13,4,5,2009,2,7,8,2,2,1,1,1,1,1,1,3,1,2,8,6,1,7,,2,2
8,13,1,1,2009,3,7,1,2,2,1,1,2,1,2,3,1,1,1,9,5,1,1,35,2,2
9,13,4,4,2009,4,7,8,2,2,1,2,1,1,1,1,3,1,2,5,6,1,3,,2,2
9,13,4,3,2009,3,7,8,2,2,1,2,1,1,1,2,3,1,2,8,6,1,1,,2,2
10,16,2,3,2009,2,7,1,2,2,1,1,1,1,1,1,2,1,2,13,10,1,7,,2,2
10,16,4,3,2009,1,7,1,2,2,1,2,1,1,1,1,2,1,2,14,6,1,7,,2,2
10,16,4,3,2009,4,7,1,2,2,1,3,1,1,1,1,1,1,2,14,10,1,1,,2,2
6,16,4,3,2009,2,2,8,2,2,1,1,1,1,1,1,1,1,1,14,6,1,1,,2,2
10,16,4,4,2009,3,2,4,2,2,1,1,1,1,1,1,1,1,1,9,6,1,1,38,1,2
10,16,3,4,2009,3,7,1,2,2,1,1,2,1,1,1,1,1,2,7,6,1,1,,2,2
11,16,4,7,2009,1,7,8,2,2,1,4,1,1,1,2,1,1,1,14,6,1,7,42,2,2
1,16,3,7,2009,3,2,1,2,2,1,1,1,1,1,1,3,1,2,9,6,1,7,29,2,2
6,16,4,2,2009,3,3,1,2,2,1,1,4,1,1,2,3,1,2,14,2,1,1,30,2,2
1,16,1,2,2009,3,1,1,2,2,1,1,1,1,1,1,3,1,1,4,11,1,1,52,2,2
7,16,4,1,2009,2,7,7,2,2,4,2,1,5,1,1,1,1,2,19,6,1,3,,2,2
10,16,4,1,2009,3,7,1,2,2,1,1,1,1,1,1,2,1,2,9,5,1,7,,2,2
10,16,3,6,2009,3,7,1,2,2,1,1,1,1,1,1,3,1,2,13,6,1,3,,2,2
11,16,4,5,2009,3,7,8,2,2,1,1,1,1,1,1,1,1,1,9,6,1,1,42,2,2
10,16,4,5,2009,1,7,1,2,2,1,4,1,1,1,1,2,1,2,14,7,1,1,35,2,2
10,16,4,5,2009,1,7,1,2,2,1,4,1,1,1,1,2,2,2,9,6,1,3,40,2,2
1,11,4,4,2009,3,1,1,2,2,1,1,1,1,1,1,2,1,1,8,6,1,3,35,1,2
1,11,4,6,2009,2,1,1,2,2,1,1,1,1,1,1,2,1,2,6,6,1,1,,2,2
10,11,3,1,2009,2,1,1,2,2,1,1,2,1,1,1,3,1,2,8,2,1,1,28,2,2
10,11,1,1,2009,2,7,1,2,2,1,1,1,1,1,1,3,1,2,19,11,1,7,,2,2
10,11,4,5,2009,2,7,8,2,2,1,2,1,1,1,2,3,1,2,19,3,1,7,,2,2
10,11,4,1,2009,4,1,1,2,2,1,3,1,1,1,1,3,1,2,14,6,1,1,28,2,2
6,11,4,1,2009,3,7,8,2,2,1,1,1,1,1,1,2,1,2,17,6,1,1,30,2,2
6,11,4,4,2009,2,7,8,2,2,1,1,1,1,1,1,2,1,2,9,5,1,1,40,2,2
6,11,2,5,2009,2,7,8,2,2,3,2,1,1,1,1,3,3,2,14,7,1,1,40,2,2
8,11,3,2,2009,1,7,1,2,2,1,1,1,1,1,1,3,1,2,4,11,1,1,30,2,2
10,3,4,1,2009,4,7,1,2,2,4,2,1,1,1,1,3,1,2,13,5,1,1,24,2,2
10,3,4,1,2009,3,7,1,2,2,1,1,2,1,1,1,3,1,2,9,6,1,1,38,2,1
10,3,3,2,2009,3,7,8,1,2,1,1,1,1,1,1,1,1,1,16,6,1,1,45,2,2
1,3,3,2,2009,2,2,4,2,2,1,1,1,1,1,1,5,1,2,14,6,1,1,65,2,2
2,3,4,5,2009,3,1,1,2,2,1,1,1,1,1,1,3,1,2,17,11,1,1,25,2,2
4,3,4,5,2009,2,7,3,1,2,1,1,1,2,1,1,1,1,1,8,6,1,2,,2,2
3,3,4,4,2009,4,7,8,2,2,1,4,3,1,1,1,3,1,1,14,6,1,7,40,1,2
13,3,4,4,2009,3,1,1,2,2,1,1,1,1,1,1,2,1,2,16,11,1,3,60,2,2
13,3,3,4,2009,2,1,1,2,2,1,1,1,1,1,2,2,1,2,14,11,1,3,,2,2
11,3,4,6,2009,3,7,1,2,2,1,1,1,1,1,1,4,1,2,4,6,2,7,,2,2
8,3,4,7,2009,3,7,1,2,2,1,1,1,1,1,1,2,1,2,14,6,1,1,,2,2
5,3,4,8,2009,3,3,1,2,2,1,1,1,1,1,1,3,1,1,8,5,1,1,,2,2
1,17,4,6,2009,2,3,1,2,2,1,1,1,1,1,1,1,1,2,8,5,1,1,45,2,2
9,17,4,3,2009,2,1,1,2,2,1,1,1,1,1,1,4,1,2,19,6,2,6,22,2,2
7,17,4,5,2009,4,5,8,2,2,1,4,1,1,1,1,1,1,1,19,6,2,1,,2,2
5,17,4,4,2009,2,7,1,2,2,1,1,1,1,1,1,3,1,2,14,6,1,7,42,2,2
5,17,4,6,2009,3,1,1,2,2,1,1,1,1,1,1,4,1,1,4,6,1,1,30,2,2
6,17,4,4,2009,4,7,1,2,2,1,2,1,1,1,1,4,1,2,13,6,1,1,23,2,2
10,17,4,1,2009,3,7,8,2,2,1,1,1,1,1,1,1,1,1,9,6,1,7,,2,2
10,17,2,1,2009,2,7,8,2,2,4,1,1,2,1,1,1,1,2,19,6,1,1,,2,2
4,2,4,6,2009,3,3,1,2,2,1,1,1,1,1,1,3,1,1,17,6,1,7,28,2,2
5,2,4,5,2009,3,3,1,2,2,1,1,1,1,1,1,3,1,2,4,6,1,7,,2,2
1,2,3,3,2009,4,7,1,2,2,1,2,1,1,1,1,1,1,1,9,6,2,1,58,2,2
1,2,4,1,2009,3,4,1,2,2,1,1,1,1,1,1,4,1,2,1,6,1,7,30,2,2
1,12,4,6,2009,3,1,4,2,2,1,1,1,1,1,1,5,1,1,1,6,1,1,,2,2
5,12,4,6,2009,3,7,1,2,2,1,1,1,1,1,1,3,1,2,14,6,1,6,45,2,2
1,12,4,6,2009,2,1,8,2,2,1,1,1,1,1,1,3,1,1,8,6,2,1,30,2,2
1,12,4,1,2009,2,2,4,2,2,1,1,2,1,1,1,5,1,1,5,2,1,1,30,1,2
1,12,4,2,2009,4,7,2,2,2,1,4,1,1,1,1,2,1,1,9,6,1,7,,2,2
1,12,4,2,2009,2,1,1,2,2,1,1,1,1,1,1,5,1,1,14,5,1,1,18,2,1
4,12,4,2,2009,3,7,7,2,2,1,1,1,1,1,1,3,1,2,14,6,1,1,,2,2
1,3,4,4,2009,4,2,1,2,2,1,4,1,1,1,1,2,1,1,8,4,1,7,,2,2
5,12,4,4,2009,3,4,8,2,2,1,1,1,1,1,1,3,1,2,14,11,1,6,,2,2
1,12,4,5,2009,2,4,1,2,2,1,1,1,1,1,1,5,1,1,8,5,1,1,,2,2
1,12,4,8,2009,2,1,1,2,2,1,1,1,1,1,1,2,1,2,14,4,1,1,42,2,2
8,5,4,8,2009,2,1,8,2,2,1,1,1,1,1,1,1,1,1,14,6,1,1,35,2,1
1,5,4,7,2009,2,1,1,2,2,1,1,1,1,1,1,1,1,2,9,6,1,1,49,2,2
1,5,3,7,2009,3,1,1,2,2,1,1,1,1,1,1,1,1,1,9,6,1,1,,2,2
8,5,4,7,2009,4,7,8,2,2,1,4,1,1,1,1,1,1,1,19,11,1,7,,1,2
1,11,4,1,2009,3,1,1,2,2,1,1,1,1,1,1,3,1,1,17,6,1,1,,2,2
5,10,4,5,2009,3,1,1,2,2,1,1,1,1,1,1,3,1,2,9,6,1,7,,1,2