Thana,District,Accident_Severity,Month,Year,Time,Junction_Type,Traffic_Control,Movement,Divider,Weather,Light,Road_Geometry,Surface_Condition,Surface_Type,Surface_Quality,Road_Class,Road_Feature,Location_Type,Vehicle_Type,Vehicle_Movement,Vehicle_Loading,Vehicle_Defect,Vehicle_Driver_Age,Vehicle_Alcohol,Vehicle_Seat_Belt
5,10,4,7,2009,2,4,1,2,2,1,1,1,1,1,1,3,1,2,9,6,2,1,,2,2
5,10,4,7,2009,4,7,4,2,2,2,2,1,2,1,1,3,1,1,9,6,2,7,,1,2
1,15,4,1,2009,2,1,1,2,2,1,1,1,1,1,2,1,1,1,14,6,1,7,,2,1
5,15,3,1,2009,3,7,1,2,2,1,1,1,1,1,1,3,1,2,7,11,1,7,,1,2
3,15,4,2,2009,2,1,1,2,2,1,1,1,1,1,2,1,1,1,14,6,2,1,,2,2
3,15,4,2,2009,3,7,1,2,2,1,1,1,1,1,1,2,1,1,9,5,1,1,,2,2
1,15,4,4,2009,3,7,1,2,2,1,1,1,1,1,1,1,1,1,9,4,1,1,,2,2
5,15,4,5,2009,4,1,1,2,2,3,3,1,2,1,1,3,1,2,14,6,1,1,,2,2
1,6,4,6,2009,3,1,1,2,2,1,1,1,1,1,1,1,1,1,9,6,1,1,,2,2
4,6,4,6,2009,3,7,1,2,2,1,1,1,1,1,1,1,1,2,13,6,1,1,40,2,2
1,6,4,1,2009,2,1,1,2,2,1,1,1,1,1,1,1,1,2,9,6,1,1,,2,2
4,6,1,4,2009,4,7,1,2,2,1,4,1,1,1,1,4,1,2,4,6,1,7,20,2,2
1,7,4,6,2009,3,1,1,2,2,1,1,1,1,1,1,1,4,1,14,6,1,1,38,2,2
5,8,3,6,2009,3,1,8,2,2,2,1,2,2,1,1,3,1,2,19,6,2,6,,2,2
4,8,4,4,2009,2,1,1,2,2,1,1,1,1,1,1,2,1,2,8,6,1,7,35,2,2
3,8,3,3,2009,3,1,1,2,2,1,1,1,1,1,1,1,1,1,4,6,1,7,22,2,2
5,8,4,3,2009,3,2,8,2,2,1,1,3,1,1,3,3,1,2,2,6,1,7,,2,2
4,8,4,2,2009,3,7,8,2,2,4,2,1,1,1,1,2,1,2,9,5,1,1,,2,2
1,8,4,2,2009,2,5,5,2,2,1,1,1,1,1,1,2,1,1,9,11,1,7,,2,2
1,8,3,2,2009,4,7,1,2,2,1,4,1,1,1,1,3,1,1,19,4,1,7,,2,2
1,8,4,1,2009,4,7,8,2,2,1,4,1,1,1,1,2,1,1,8,4,1,7,35,2,2
1,9,4,2,2009,3,7,1,2,2,1,1,1,1,1,1,5,1,2,4,3,1,1,,2,2
7,17,4,4,2009,3,4,1,2,2,1,1,1,1,1,1,3,1,2,2,6,1,7,,1,2
10,16,4,8,2009,1,7,1,2,2,1,2,1,1,1,1,2,1,2,14,6,1,7,,2,2
3,13,4,5,2009,3,7,1,2,2,1,1,1,1,1,1,3,1,2,14,6,2,1,,2,2
5,13,4,8,2009,2,7,1,2,2,1,1,1,1,1,1,2,1,2,14,6,1,1,45,2,2
2,13,4,6,2009,2,7,1,2,2,1,1,2,1,1,1,3,1,2,14,2,1,1,,2,2
1,4,4,1,2009,2,7,1,2,2,1,1,1,1,1,1,2,1,2,9,6,1,1,,1,2
2,4,4,7,2009,3,7,1,2,2,1,1,1,1,1,3,3,1,2,17,1,1,1,25,2,2
6,4,4,8,2009,2,1,1,2,2,1,1,1,1,1,1,2,1,2,14,7,1,1,47,2,2
1,4,4,8,2009,3,1,1,2,2,1,1,1,1,1,1,2,1,2,8,6,1,3,,2,2
1,8,4,6,2009,3,4,3,2,2,1,1,1,1,1,2,5,1,1,19,6,1,3,,2,2
3,13,4,11,2009,4,1,1,2,2,1,2,1,1,1,1,3,1,2,4,6,1,7,38,2,1
2,13,4,12,2009,4,7,1,2,2,4,2,1,1,1,1,4,1,2,17,6,1,1,,2,2
1,12,4,12,2009,3,1,1,2,2,1,1,1,1,1,1,5,1,1,14,5,1,1,,1,2
3,12,4,12,2009,2,1,4,2,2,4,1,1,1,1,1,3,1,1,9,6,1,7,,2,2
5,12,4,10,2009,2,1,1,1,2,1,1,1,1,1,2,3,1,1,14,6,2,1,,2,2
11,16,4,11,2009,4,7,8,2,2,1,2,1,1,1,1,1,1,2,14,11,1,7,,2,2
10,16,4,9,2009,3,7,1,2,2,1,1,1,1,1,1,1,1,2,9,6,2,1,,2,2
10,16,3,9,2009,1,7,1,2,2,1,1,1,1,1,1,1,1,2,8,6,1,1,35,2,2
9,16,1,9,2009,3,7,5,2,2,1,1,2,1,1,2,1,1,2,9,1,1,7,,2,2
10,9,4,10,2009,2,3,8,2,2,1,1,1,5,1,1,3,1,1,6,11,1,1,,2,2
11,16,3,10,2009,1,7,8,2,2,1,3,1,1,1,1,1,1,2,15,6,1,3,25,2,2
10,16,4,10,2009,1,2,8,2,2,1,2,1,1,1,1,2,1,1,14,5,1,1,,2,2
4,9,3,12,2009,2,7,1,1,2,4,1,1,1,1,1,2,1,2,9,6,1,1,,2,2
2,9,4,12,2009,3,2,1,2,2,1,1,1,1,1,1,2,1,1,9,6,1,1,,2,2
1,9,4,12,2009,4,3,8,1,2,4,4,1,1,1,1,5,1,1,14,2,1,1,,2,2
1,9,4,12,2009,2,7,8,2,2,1,1,1,1,1,1,5,1,2,19,6,1,6,,2,2
10,9,4,12,2009,3,7,1,2,2,1,1,1,5,1,1,1,1,1,9,6,1,1,,2,2
10,9,4,12,2009,3,1,1,2,2,4,1,1,1,1,1,1,1,1,9,11,1,1,,2,2
10,9,4,11,2009,3,7,8,2,2,1,1,1,5,1,1,3,1,1,19,6,1,1,,2,2
10,9,4,10,2009,3,7,8,2,2,1,1,1,1,1,1,2,1,2,14,6,1,1,,2,2
11,9,4,9,2009,3,7,1,2,2,1,1,1,1,1,1,1,1,2,10,6,1,7,,2,2
11,9,4,9,2009,2,7,1,2,2,1,1,1,1,1,1,2,1,2,9,6,1,7,,2,2
10,9,4,10,2009,4,7,8,1,2,1,3,1,5,1,1,3,1,1,14,11,1,1,,2,2
1,9,4,9,2009,2,7,1,2,2,1,1,1,1,1,1,1,1,1,8,11,1,1,32,2,2
6,5,4,9,2009,3,7,1,2,2,1,4,1,1,1,1,1,1,2,13,10,1,1,,2,2
7,5,4,9,2009,2,7,1,2,2,1,1,1,1,1,1,3,1,2,13,11,1,1,27,2,2
6,5,4,11,2009,2,1,1,1,2,1,1,1,1,1,1,4,1,2,14,1,1,1,27,1,2
1,7,4,12,2009,2,7,1,2,2,4,1,1,1,1,1,3,2,1,4,6,1,1,48,2,2
7,7,4,11,2009,2,1,8,2,2,1,1,1,1,1,3,3,1,2,8,6,1,1,,2,2
3,2,4,12,2009,4,7,8,2,2,4,4,1,1,1,1,4,1,2,14,6,1,1,,2,2
4,15,3,12,2009,2,7,2,2,2,1,1,1,1,1,1,3,1,2,9,6,1,1,,2,2
4,15,3,11,2009,4,7,6,2,2,4,4,5,5,1,3,3,5,2,9,6,1,1,40,2,2
1,15,4,11,2009,2,1,1,2,2,1,1,1,1,1,1,5,1,1,9,6,1,1,,2,2
9,17,4,12,2009,3,1,1,2,2,4,1,1,1,1,1,4,1,1,8,5,2,7,,2,2
3,17,4,12,2009,2,7,1,2,2,1,1,1,1,1,1,3,1,2,8,6,1,2,,2,2
8,17,4,11,2009,4,3,1,2,2,4,3,1,1,1,1,1,1,2,7,5,1,1,35,2,2
1,17,4,10,2009,3,1,1,2,2,1,1,1,1,1,1,4,1,2,14,11,2,1,,2,2
7,17,4,9,2009,2,1,8,2,2,1,1,1,1,1,1,1,1,2,14,5,1,7,40,2,2
8,17,4,9,2009,4,1,8,2,2,1,3,1,1,1,1,3,1,2,14,6,1,1,,2,2
3,11,2,9,2009,3,3,1,2,2,1,1,1,1,1,2,3,1,2,8,10,1,7,,2,2
6,11,4,9,2009,2,3,1,2,2,1,1,1,1,1,1,3,1,2,9,4,1,1,,2,2
1,11,4,11,2009,4,7,1,2,2,1,2,1,1,1,1,2,1,1,13,5,1,7,,2,2
5,11,4,11,2009,3,3,1,2,2,1,1,1,1,1,1,3,1,2,8,6,2,7,28,2,2
5,8,4,11,2009,2,7,8,2,2,1,1,2,1,1,1,4,1,2,6,6,2,1,,2,2
1,8,4,11,2009,4,1,1,2,2,1,2,1,1,1,1,2,1,1,9,6,1,1,,2,2
1,8,4,12,2009,2,1,1,1,2,1,1,1,1,1,1,3,1,2,9,6,1,1,32,2,2
1,8,3,12,2009,2,7,8,2,2,1,3,1,1,1,1,5,1,1,17,4,1,1,28,2,2
7,8,3,12,2009,3,4,8,2,2,1,1,2,1,1,1,3,1,2,4,4,1,1,34,2,2
6,8,4,12,2009,4,1,1,2,2,1,2,4,1,1,1,3,1,2,13,2,1,1,,2,2
1,6,4,9,2009,2,3,1,2,2,1,1,1,1,1,1,1,1,2,9,2,1,1,36,1,2
3,6,4,9,2009,3,1,8,2,2,1,1,1,1,1,1,4,4,2,17,6,1,7,,2,2
5,6,4,9,2009,3,1,1,2,2,1,1,1,1,1,2,1,1,1,14,6,1,1,41,2,2
6,15,4,4,2009,4,1,1,2,2,1,2,1,1,1,1,1,1,2,14,5,1,1,,2,2
2,2,4,6,2009,3,3,1,2,2,1,1,1,1,1,1,1,1,2,8,6,1,1,,2,2
5,13,4,7,2009,3,1,8,2,1,1,1,1,1,1,1,2,1,1,13,6,1,1,,2,2
8,17,4,1,2009,4,2,1,2,1,2,1,1,1,1,1,1,1,,1,,1,1,35,2,2
8,17,4,2,2009,3,1,1,2,2,1,1,1,1,1,1,3,1,2,9,6,1,7,40,2,2
10,17,3,2,2009,2,1,1,2,2,1,1,1,1,1,1,1,1,2,9,10,1,7,,2,2
12,3,4,2,2009,2,6,1,2,2,1,1,1,1,1,1,2,1,1,14,6,1,7,45,2,2
1,8,4,5,2009,3,1,1,2,2,1,2,1,1,1,1,3,1,2,14,6,1,1,,2,2
10,7,4,5,2009,2,1,8,2,2,1,1,1,1,1,1,3,1,2,14,6,1,1,45,2,2
10,7,4,5,2009,2,7,8,2,1,1,1,1,2,1,1,3,1,2,14,6,1,1,55,2,2
1,14,4,2,2009,4,2,5,1,1,1,4,1,1,1,1,1,1,1,14,6,1,1,26,2,1
1,14,4,2,2009,4,1,1,2,2,1,2,1,1,1,1,1,1,1,4,6,1,1,26,1,2
2,14,4,2,2009,3,1,1,2,2,1,1,1,1,1,1,1,1,2,7,6,1,3,,1,2
1,14,4,3,2009,4,1,8,2,2,1,2,1,1,1,1,1,1,1,14,6,2,1,,2,2
1,14,4,3,2009,4,2,5,2,1,1,3,1,1,1,1,5,1,1,19,6,1,1,28,2,2
3,14,4,3,2009,4,3,1,2,2,1,3,1,1,1,1,3,1,1,19,6,1,1,45,2,2
3,14,1,4,2009,3,1,8,2,2,1,1,1,1,1,1,1,1,2,13,1,1,1,26,2,2
4,14,4,6,2009,2,5,1,2,2,1,1,1,1,1,1,1,1,1,9,6,2,1,45,1,2
4,14,4,6,2009,2,7,8,2,2,1,1,1,1,1,1,4,1,2,9,6,1,7,,1,2
4,14,4,7,2009,2,7,1,1,1,2,1,1,1,1,1,1,1,2,14,6,2,7,,1,2
1,14,4,8,2009,4,1,1,2,2,2,3,1,2,1,1,5,1,1,19,5,1,3,,2,2
1,14,4,9,2009,4,1,1,2,2,1,3,1,1,1,1,5,1,1,14,6,1,7,,1,2
4,14,4,9,2009,4,1,1,2,2,1,3,2,1,1,1,5,1,1,18,6,1,1,45,2,2
1,14,3,11,2009,3,2,1,2,2,1,1,1,1,1,1,1,1,2,14,11,1,1,32,2,2
2,14,4,12,2009,3,5,1,2,2,1,3,1,1,1,1,1,1,1,14,3,2,1,,1,2
1,28,4,8,2009,2,7,8,2,1,2,1,1,1,1,1,1,1,1,13,2,1,7,35,1,2
5,28,4,6,2009,2,7,8,1,2,1,1,1,1,1,1,5,1,1,9,11,1,3,26,1,2
3,28,4,1,2009,3,7,1,2,2,1,1,1,1,1,1,5,1,1,13,5,1,1,,2,2
5,28,4,7,2009,3,7,8,1,1,1,1,1,1,1,1,5,1,1,9,11,1,7,,2,2
2,28,4,6,2009,2,7,1,1,2,1,1,1,1,1,1,5,1,1,14,11,1,7,25,2,2
8,28,4,6,2009,4,2,8,2,1,2,3,1,2,1,1,5,1,1,14,6,1,7,52,2,2
2,28,3,12,2009,4,1,1,2,2,1,4,1,5,1,1,5,1,1,9,6,1,7,,2,2
4,28,4,9,2009,2,7,1,2,2,4,2,1,2,1,1,1,1,1,9,5,1,1,45,2,2
4,28,3,7,2009,2,1,4,2,1,1,2,1,1,1,1,3,1,1,9,5,1,1,44,2,1
1,28,4,10,2009,4,2,1,2,1,1,3,1,1,1,1,5,1,1,14,6,1,7,25,2,2
3,33,3,9,2009,4,3,1,2,2,2,3,3,3,1,2,2,1,1,8,6,2,6,25,2,2
2,64,3,4,2009,2,,1,2,,1,1,1,1,1,1,5,1,1,5,6,2,,,2,2
5,64,4,8,2009,4,1,2,2,2,1,4,1,1,1,1,1,1,1,14,11,2,7,,2,2
5,64,3,12,2009,4,1,1,2,1,4,3,1,1,1,1,1,1,1,14,6,,,,,
6,64,4,5,2009,2,7,8,1,,1,2,1,1,1,1,5,1,1,14,6,1,,24,,
6,64,4,11,2009,1,1,8,2,2,1,4,4,1,1,1,3,1,1,4,6,1,1,38,2,2
7,64,4,1,2009,4,3,8,2,2,1,2,1,1,1,2,5,1,1,2,5,1,1,,2,2
7,64,3,1,2009,2,2,8,2,1,1,2,1,1,1,1,5,1,1,19,3,1,1,,2,2
7,64,3,1,2009,3,3,8,2,1,1,1,1,1,1,2,5,1,1,5,11,1,,22,,2
7,64,4,2,2009,4,1,8,2,1,1,3,1,1,1,1,5,1,1,2,7,1,,,2,2
7,64,4,5,2009,3,1,8,2,1,1,1,1,1,1,1,5,1,1,6,11,,1,,2,2
11,64,1,1,2009,4,7,1,1,2,1,4,1,1,1,1,5,1,1,7,6,1,1,25,2,2
11,64,4,4,2009,2,3,1,2,2,1,3,1,1,1,1,5,1,1,14,6,1,1,,2,2
12,64,4,8,2009,4,1,1,2,2,1,2,1,1,1,1,1,1,2,9,6,1,1,,1,2
11,64,3,4,2009,4,1,1,2,2,1,2,1,1,1,1,5,1,1,14,6,1,1,25,2,2
7,57,1,1,2009,4,7,8,1,2,1,3,1,1,1,1,3,1,2,6,6,1,3,,2,2
5,58,1,2,2009,1,1,1,2,2,1,4,1,1,1,1,1,1,2,,,,,,,
5,58,4,2,2009,3,1,1,2,2,1,1,1,1,1,1,1,1,2,9,4,1,1,,2,2
3,57,4,1,2009,4,7,1,2,2,1,2,1,1,1,1,1,1,2,5,1,1,1,30,2,2
7,57,1,1,2009,4,7,8,1,2,1,4,2,1,1,1,3,1,2,6,6,1,7,21,2,2
2,65,4,2,2009,2,7,1,2,2,1,1,2,2,1,1,1,1,2,13,2,1,1,,2,2
1,57,4,3,2009,3,1,1,2,2,1,1,1,1,1,1,4,1,2,19,1,2,1,35,2,2
2,67,4,1,2009,3,7,1,2,2,1,2,2,1,1,1,4,1,2,4,11,1,1,26,2,2
2,62,4,3,2009,3,7,8,2,2,1,1,1,1,1,1,3,1,2,8,1,1,2,,2,2
14,58,2,6,2009,1,7,1,2,2,1,2,1,1,1,1,1,1,2,16,4,1,1,,1,2
14,58,2,5,2009,1,1,8,2,2,2,4,1,2,1,1,1,1,2,14,7,1,7,,2,2
14,58,4,5,2009,1,1,8,2,2,1,2,2,2,1,1,1,1,2,14,6,1,5,,2,2
14,58,4,7,2009,2,1,1,2,2,2,1,1,2,1,1,1,1,2,9,6,1,1,,2,2
1,58,4,5,2009,3,1,8,2,2,1,4,1,1,1,1,1,1,2,14,9,1,7,,2,2
1,58,2,4,2009,2,1,1,2,2,1,1,1,1,1,1,1,1,2,9,5,1,1,34,2,2
4,61,4,1,2009,2,7,1,2,2,4,2,1,2,1,1,3,1,2,9,4,1,7,,2,2
7,66,4,7,2009,3,1,1,2,2,1,1,1,1,1,1,3,1,2,8,1,1,1,,2,2
1,66,4,1,2009,4,1,1,2,2,1,4,1,1,1,1,3,1,2,5,6,1,1,37,2,2
8,67,4,4,2009,3,7,1,2,2,1,1,3,1,1,1,1,1,2,9,6,1,7,26,2,2
7,67,4,1,2009,3,7,1,1,2,1,1,1,1,1,1,4,1,2,4,11,1,1,26,2,2
1,67,3,4,2009,4,1,8,2,2,1,4,4,1,1,1,1,1,2,14,6,2,1,35,2,2
8,63,4,5,2009,2,7,1,2,2,1,1,1,1,1,1,1,1,2,16,4,1,1,35,2,2
6,63,4,7,2009,3,3,1,2,2,1,1,4,2,1,1,2,1,2,5,1,1,7,35,2,2
1,68,3,1,2009,1,7,8,1,2,1,1,4,1,1,2,2,1,2,14,6,1,3,,2,2
5,58,4,8,2009,3,1,1,2,2,1,1,1,1,1,1,1,1,2,9,2,1,1,,2,2
7,58,4,9,2009,3,1,1,2,2,1,1,1,1,1,1,1,1,2,9,1,1,1,,,
7,58,4,9,2009,2,7,1,2,2,1,1,1,1,1,1,1,1,2,,,,,,,
7,58,4,12,2009,4,7,1,2,2,1,1,1,1,1,1,1,1,2,14,6,1,1,,2,2
7,58,4,12,2009,4,1,1,2,2,1,3,1,1,1,1,1,1,2,14,1,1,1,,2,2
10,58,4,2,2009,2,4,2,2,2,1,1,1,1,1,1,4,1,1,10,1,1,1,,2,2
9,63,4,4,2009,4,7,1,2,2,1,3,1,1,1,1,1,1,2,7,6,1,1,,1,2
10,63,4,9,2009,2,7,4,2,2,1,1,1,1,1,1,2,1,2,9,6,1,1,,2,2
10,63,4,2,2009,2,7,1,2,2,1,1,1,1,1,1,1,1,2,14,6,1,1,34,2,2
11,63,4,11,2009,1,1,1,2,2,1,4,1,1,1,1,1,1,2,7,6,1,1,24,1,2
11,63,4,9,2009,3,1,1,2,2,1,1,1,1,1,1,2,1,2,9,6,1,1,36,2,2
11,63,4,9,2009,1,1,1,2,2,1,1,1,1,1,1,2,1,2,9,6,1,1,36,2,2
14,63,4,6,2009,2,3,1,2,2,1,1,1,1,1,1,1,1,2,9,6,2,7,34,1,2
10,63,4,7,2009,4,3,1,2,2,1,3,1,1,1,1,1,1,2,9,6,,1,35,2,1
1,58,4,3,2009,1,1,2,2,1,4,1,1,1,1,1,1,1,2,14,6,1,1,,2,2
4,44,3,1,2009,3,1,1,2,2,1,1,1,1,1,1,2,1,1,4,7,1,1,,2,2
7,44,3,1,2009,3,5,1,1,1,1,1,1,1,1,1,1,1,1,9,6,1,1,40,2,2
2,35,3,1,2009,2,2,1,2,2,1,1,4,1,1,1,3,1,2,12,6,1,1,,2,2
3,38,4,1,2009,4,7,1,2,2,1,4,1,1,1,1,1,1,2,7,11,1,7,,2,2
1,47,3,1,2009,2,1,1,2,2,1,1,2,1,1,1,3,1,2,4,2,2,7,28,2,2
1,47,3,1,2009,2,7,1,2,2,1,1,1,1,1,1,1,1,2,9,4,1,1,,2,2
5,44,1,2,2009,1,1,1,2,2,1,3,1,1,1,1,1,1,2,9,6,1,3,,2,2
6,44,4,2,2009,4,1,1,2,2,1,4,1,1,1,1,1,1,2,8,6,1,1,,2,2
9,47,2,2,2009,4,1,1,2,2,1,1,1,1,1,1,1,1,2,7,2,1,1,,2,2
1,35,4,2,2009,3,7,8,2,2,1,1,1,1,1,1,1,3,2,10,6,1,3,28,2,2
5,45,4,3,2009,1,7,1,2,2,1,2,5,1,1,1,1,1,2,14,6,1,7,,2,2
4,47,3,4,2009,2,7,2,2,2,1,1,1,1,1,1,1,1,1,9,6,1,3,22,2,2
12,47,4,4,2009,3,7,8,2,2,1,1,1,1,1,1,1,2,2,12,6,1,1,,2,2
2,47,2,4,2009,4,1,1,2,2,1,2,2,1,1,1,3,1,2,11,6,1,1,28,2,2
4,47,4,4,2009,1,7,1,2,2,1,4,1,1,1,1,1,1,2,14,6,1,3,,2,2
3,38,4,4,2009,2,7,1,2,2,1,1,1,1,1,1,1,2,2,12,6,1,1,32,2,2
6,38,3,4,2009,4,1,1,2,2,1,4,1,1,1,1,1,1,2,14,6,1,3,,2,2
1,38,3,4,2009,1,1,1,2,2,1,4,1,1,1,1,1,1,2,9,6,1,3,28,2,2
4,44,3,4,2009,3,1,1,2,2,1,1,1,1,1,1,3,1,2,14,6,1,3,,2,2
6,44,4,4,2009,2,1,1,2,2,1,1,1,1,1,1,1,1,1,12,6,1,3,,2,2
12,47,4,6,2009,1,1,1,2,2,1,2,1,1,1,1,1,1,2,14,6,1,1,,2,2
1,49,4,7,2009,3,1,1,2,2,1,1,1,1,1,1,2,1,2,9,6,1,7,,2,2
6,38,4,8,2009,1,1,1,2,2,1,4,1,1,1,1,1,1,2,14,6,1,1,35,2,2
1,47,4,8,2009,3,1,1,2,2,2,1,2,2,1,1,1,1,2,9,6,1,1,,2,2
1,47,4,8,2009,3,1,1,2,2,1,1,1,1,1,1,5,1,1,14,6,1,1,22,2,2
1,50,3,1,2009,2,1,1,2,2,1,1,1,1,1,1,2,1,2,11,6,1,1,,2,2
1,50,3,2,2009,3,3,1,2,2,1,1,1,1,1,1,5,1,1,13,6,1,1,,2,2
1,50,2,3,2009,4,1,1,2,2,1,2,1,1,1,1,1,1,2,10,6,1,1,,2,2
1,50,3,5,2009,3,2,1,2,2,1,1,1,1,1,1,1,1,2,10,9,1,1,40,2,2
7,50,4,8,2009,4,1,1,2,2,1,4,1,1,1,3,3,1,2,9,6,1,6,45,2,2
7,41,4,9,2009,4,1,1,2,2,1,4,1,1,1,1,1,1,1,12,6,1,1,,2,2
13,50,1,10,2009,2,3,1,2,2,1,1,1,1,1,1,2,1,2,9,5,1,1,30,2,2
12,47,3,11,2009,1,1,1,2,2,1,4,1,1,1,1,1,1,2,14,10,1,7,,2,2
12,47,3,11,2009,2,1,1,2,2,1,1,1,1,1,1,1,1,2,9,4,1,1,29,2,2
12,47,2,10,2009,3,1,1,2,2,1,1,1,1,1,1,1,1,2,9,4,1,1,,2,2
9,47,4,11,2009,3,1,1,2,2,1,1,2,1,1,1,1,1,2,13,1,1,1,28,2,2
1,36,4,11,2009,3,1,1,2,2,1,1,1,5,1,1,3,1,1,14,6,1,1,,2,2
1,45,4,11,2009,2,1,1,2,2,1,2,1,1,1,1,1,1,2,7,5,1,6,22,2,2
6,40,3,11,2009,2,3,1,2,2,1,1,2,1,1,1,1,1,2,4,6,1,1,50,2,2
1,46,4,6,2009,3,1,1,2,2,1,1,1,1,1,1,1,1,1,9,6,1,1,,2,2
1,41,3,11,2009,1,1,2,2,1,4,1,1,1,1,1,1,1,2,10,6,1,1,45,2,2
1,45,4,12,2009,3,1,1,2,2,1,1,3,1,1,1,1,5,1,4,6,1,1,,2,2
2,45,4,12,2009,4,1,1,2,2,1,4,1,1,1,1,1,1,2,14,5,1,1,,2,2
12,47,4,12,2009,3,1,1,2,2,1,1,1,1,1,1,1,2,2,14,6,1,1,,2,2
12,47,2,12,2009,1,1,1,2,2,1,3,2,1,1,1,1,2,2,14,5,1,1,,2,2
1,24,4,11,2009,4,3,1,2,2,1,4,1,1,1,1,1,1,1,14,6,1,1,57,1,2
3,21,4,8,2009,3,1,1,1,1,1,1,1,1,1,1,1,1,2,9,6,1,1,,1,2
6,21,4,12,2009,2,1,1,2,2,1,1,1,1,1,1,1,1,2,15,6,1,1,40,1,2
4,26,1,8,2009,3,1,1,2,2,1,1,2,1,1,1,2,1,2,11,6,1,1,,1,2
9,26,4,5,2009,2,1,1,2,2,1,1,1,1,1,1,3,1,2,6,6,1,1,,1,2
1,19,4,2,2009,3,2,1,2,2,1,1,1,1,1,1,2,1,2,12,6,1,1,35,1,2
3,29,4,5,2009,4,1,1,2,2,1,1,1,1,1,1,1,1,2,14,6,1,1,,1,2
3,29,3,8,2009,4,3,1,2,2,1,1,2,1,1,1,2,1,2,9,6,1,1,,1,2
8,29,4,12,2009,2,1,1,2,2,4,2,1,1,1,1,2,1,2,12,6,1,1,55,1,2
3,56,4,9,2009,3,1,1,2,2,1,1,1,1,1,1,1,1,2,9,6,1,1,40,2,2
5,56,4,5,2009,2,2,,2,2,1,1,5,1,1,1,1,,,9,5,,7,32,,
4,56,3,5,2009,4,1,1,,,1,4,1,1,1,1,4,1,2,5,6,,,,,
8,56,4,8,2009,2,2,1,2,2,1,1,1,1,1,1,1,1,2,9,5,,,38,,
3,56,3,9,2009,3,3,1,2,2,1,1,2,1,1,1,1,1,2,9,1,1,7,30,2,2
3,56,2,9,2009,3,2,1,2,1,1,1,1,1,1,1,1,1,2,9,11,1,7,38,2,2
8,56,4,9,2009,3,2,1,2,2,1,1,1,1,1,1,1,1,2,9,1,1,7,40,2,2
1,55,4,8,2009,4,1,1,2,2,1,1,1,1,1,1,1,1,2,9,6,1,1,45,1,2
2,55,4,8,2009,3,1,1,1,2,1,1,1,1,1,1,4,1,2,14,6,1,,,,
3,53,1,8,2009,3,7,1,2,2,1,1,1,1,1,1,4,1,2,10,6,1,,,,
7,56,4,10,2009,3,,,2,2,1,1,2,1,1,1,2,1,2,17,4,,1,,,
1,55,4,10,2009,4,7,,1,2,1,2,1,1,1,1,1,1,2,8,6,1,1,35,2,2
6,55,4,10,2009,3,2,1,2,2,1,1,1,1,1,1,1,1,2,13,2,,,30,,
1,54,4,6,2009,2,7,8,2,2,1,3,1,1,1,1,5,1,1,14,2,,1,,,
12,54,4,5,2009,4,7,1,2,2,1,4,1,1,1,1,1,2,2,12,6,1,1,32,,
7,56,3,12,2009,4,2,1,2,2,1,2,1,1,1,1,1,1,2,14,2,2,7,32,2,2
7,56,3,12,2009,4,2,1,2,2,1,4,1,1,1,1,1,1,2,7,1,1,1,,2,2
3,56,4,10,2009,1,1,1,2,2,1,1,1,1,1,1,1,1,2,14,7,2,7,32,2,2
3,56,4,11,2009,3,2,1,2,2,4,3,1,1,1,1,1,1,2,9,2,1,,41,,
3,5,3,1,2009,2,7,8,2,2,4,1,1,2,1,1,3,1,2,4,5,1,1,50,2,2
2,5,3,1,2009,1,7,8,2,2,4,2,1,2,1,1,3,1,2,19,6,2,7,,2,2
4,5,4,2,2009,3,7,1,2,2,1,1,1,1,1,1,1,1,1,14,9,1,1,,2,2
6,5,3,3,2009,1,7,1,2,2,1,4,1,1,1,1,1,1,1,14,6,1,7,,2,2
5,5,4,4,2009,1,7,8,2,2,1,2,1,1,1,1,1,1,1,14,6,1,1,39,2,2
8,5,4,5,2009,2,7,8,2,2,1,2,1,1,1,1,1,1,1,9,11,1,7,,1,2
12,9,4,6,2009,1,1,1,2,2,1,4,1,1,1,1,1,1,1,14,6,1,7,42,2,2
12,9,4,4,2009,1,1,1,2,2,1,2,1,1,1,1,1,1,1,14,6,1,7,,2,2
1,9,2,1,2009,2,1,1,2,2,4,1,1,1,1,1,1,2,1,14,6,1,1,55,2,2
11,9,4,7,2009,3,1,1,2,2,1,1,1,1,1,1,2,1,1,7,11,1,7,,2,2
11,9,4,7,2009,2,7,1,2,2,2,1,1,2,1,1,2,1,1,9,11,1,7,,2,2
11,9,4,7,2009,2,7,1,2,2,2,1,1,2,1,1,2,2,1,8,11,1,7,,2,2
10,9,4,7,2009,2,7,1,2,2,1,1,1,1,1,1,1,1,2,14,6,1,7,33,2,2
11,9,3,8,2009,2,7,8,2,1,1,1,1,1,1,1,1,1,1,11,11,1,7,30,2,2
6,9,4,1,2009,3,1,1,2,2,1,1,1,1,1,1,2,1,2,9,6,1,7,40,2,2
12,9,4,4,2009,4,1,1,2,2,1,3,1,1,1,1,1,1,2,13,6,2,6,19,2,2
12,9,3,5,2009,2,1,1,2,2,1,1,1,1,1,1,1,1,1,13,5,1,7,,2,2
12,9,4,5,2009,2,1,1,2,2,1,1,1,1,1,1,1,1,1,14,6,1,7,30,2,2