Thana,District,Accident_Severity,Month,Year,Time,Junction_Type,Traffic_Control,Movement,Divider,Weather,Light,Road_Geometry,Surface_Condition,Surface_Type,Surface_Quality,Road_Class,Road_Feature,Location_Type,Vehicle_Type,Vehicle_Movement,Vehicle_Loading,Vehicle_Defect,Vehicle_Driver_Age,Vehicle_Alcohol,Vehicle_Seat_Belt
6,9,4,5,2009,2,1,8,2,2,1,1,1,1,1,1,2,1,2,4,11,1,7,,2,2
8,13,4,7,2009,3,7,1,2,2,1,3,1,1,1,1,1,1,1,14,6,1,1,37,2,2
8,13,4,6,2009,3,7,1,2,2,1,1,1,1,1,1,1,1,2,9,6,2,1,,2,2
8,13,4,6,2009,4,7,8,2,2,1,1,1,1,1,1,1,1,1,13,6,1,1,40,2,2
10,16,4,3,2009,1,3,1,2,2,4,2,1,1,1,2,2,1,2,14,10,1,1,30,2,2
11,16,4,3,2009,2,7,1,2,2,4,1,1,1,1,1,2,1,1,10,11,1,1,25,2,2
10,16,4,4,2009,3,1,1,2,2,1,1,1,1,1,1,1,1,2,10,6,1,1,45,2,2
11,16,4,2,2009,1,7,8,2,2,4,4,2,1,1,1,1,1,2,9,5,1,1,,2,2
10,16,3,1,2009,3,3,4,2,2,1,1,1,1,1,1,1,1,2,7,6,1,1,,2,2
10,16,4,1,2009,4,2,1,2,2,1,2,1,1,1,1,1,1,2,9,6,1,1,40,2,2
6,16,4,6,2009,1,7,8,2,2,1,4,2,1,1,1,1,1,1,14,11,1,7,35,2,2
11,16,4,5,2009,3,7,8,2,2,1,1,2,1,1,1,1,1,1,14,2,1,7,30,2,1
8,16,4,5,2009,2,7,8,2,2,1,1,1,1,1,1,2,1,1,7,6,1,7,38,2,2
6,11,3,6,2009,2,7,1,2,2,1,1,1,1,1,1,2,1,2,5,6,1,1,30,2,2
6,11,3,8,2009,4,3,2,2,2,1,4,1,1,1,1,2,1,2,14,6,1,7,40,1,2
10,17,4,4,2009,2,1,1,2,2,1,1,1,1,1,1,3,1,2,14,6,1,1,55,2,2
6,5,4,8,2009,2,1,1,2,2,1,1,1,1,1,1,1,1,1,14,6,1,1,35,2,1
6,5,4,7,2009,3,7,8,2,2,1,1,1,1,1,1,1,1,1,7,11,1,1,35,2,2
5,11,4,2,2009,2,7,8,2,2,1,1,1,5,3,2,2,1,2,16,11,2,7,40,1,2
5,11,4,4,2009,2,1,1,2,2,1,1,5,1,1,1,2,1,1,9,2,1,7,42,2,2
4,15,4,2,2009,3,7,1,2,2,1,1,2,1,1,1,4,1,2,19,6,1,7,40,2,2
4,15,4,6,2009,3,1,1,2,2,1,1,2,1,1,1,1,5,1,8,3,1,7,,2,2
1,6,4,6,2009,2,7,1,2,2,2,1,2,2,1,1,1,1,2,14,4,1,1,,2,2
1,6,1,1,2009,2,7,8,2,2,1,1,1,1,1,1,1,1,2,12,11,1,1,25,2,2
3,1,3,3,2009,2,7,8,2,1,1,1,1,1,1,1,1,2,1,8,6,1,1,35,2,2
2,1,4,4,2009,1,7,8,2,2,1,4,2,1,1,1,3,1,2,13,6,1,1,,2,2
3,8,4,6,2009,3,1,1,2,2,1,1,1,1,1,1,1,1,1,14,6,1,7,34,2,2
10,16,4,8,2009,1,1,4,2,2,1,2,1,1,1,2,2,1,2,14,6,1,1,35,2,2
1,13,4,6,2009,3,7,1,2,2,1,1,1,1,1,1,3,1,2,14,2,1,1,,2,2
1,13,4,12,2009,4,1,6,2,2,1,2,2,1,1,2,3,1,2,14,2,2,1,35,2,2
11,16,2,12,2009,2,7,8,2,2,1,1,1,1,1,1,2,1,2,14,7,1,1,,2,2
11,9,3,10,2009,2,7,8,2,2,1,1,1,1,1,1,1,1,2,14,6,1,7,,2,2
11,9,4,11,2009,2,7,8,2,2,1,1,1,1,1,1,1,1,2,9,6,1,7,,2,2
12,9,2,11,2009,2,1,1,2,2,1,1,1,1,1,1,1,1,1,14,5,1,1,,2,2
5,9,4,11,2009,4,7,8,2,2,1,2,1,1,1,1,4,1,2,8,6,1,1,27,2,2
1,11,4,12,2009,3,7,8,2,2,4,1,1,1,1,1,5,1,1,4,5,1,7,,2,2
8,11,3,12,2009,2,7,1,2,2,4,1,2,1,1,1,3,1,2,14,2,1,1,47,2,2
1,11,4,10,2009,2,1,1,1,2,1,1,1,1,1,1,2,1,2,14,6,1,7,48,2,2
10,3,4,11,2009,2,1,1,2,2,4,2,1,1,1,1,1,1,2,8,11,1,1,45,2,2
3,15,4,5,2009,2,1,1,2,2,1,1,1,1,1,2,2,1,1,13,2,1,1,,2,2
3,15,4,6,2009,3,1,1,2,2,1,1,1,1,1,1,1,1,1,13,6,1,7,,2,2
3,8,4,8,2009,1,1,1,2,,2,4,1,2,1,1,1,1,2,9,11,1,7,,2,2
4,11,4,11,2009,1,1,1,1,2,4,4,4,1,2,2,3,3,2,9,7,1,6,37,2,2
2,14,3,10,2009,2,7,4,1,2,1,1,1,1,1,1,2,1,1,2,6,1,1,32,2,2
6,34,4,5,2009,1,1,1,2,2,4,1,2,1,1,1,1,2,1,9,6,1,1,35,2,2
9,64,4,6,2009,3,2,3,2,1,1,1,1,1,1,1,5,1,1,8,6,,,25,,
8,57,4,4,2009,2,1,1,2,2,1,1,1,1,1,1,1,1,2,14,4,1,1,,1,2
10,58,4,2,2009,2,1,1,2,2,1,1,1,1,1,1,2,1,2,9,6,1,1,35,2,2
5,58,4,2,2009,1,1,1,2,2,1,2,1,1,1,1,1,1,2,14,6,1,1,,2,2
5,58,4,2,2009,3,7,1,2,2,1,1,1,1,1,1,1,1,2,11,4,1,5,,2,1
8,57,4,1,2009,2,1,1,2,2,4,1,1,1,1,1,1,1,2,9,2,1,1,45,1,2
2,65,4,1,2009,2,4,1,2,2,1,1,1,1,1,1,1,1,2,7,5,1,1,32,2,2
3,57,4,5,2009,2,7,8,2,2,1,1,1,1,1,1,1,1,2,7,11,1,4,,2,2
8,57,4,7,2009,4,2,1,2,2,1,3,1,1,1,1,1,1,2,14,11,1,7,35,2,2
7,67,4,2,2009,2,1,1,2,2,1,1,1,1,1,1,1,1,2,14,6,1,1,41,2,2
7,58,4,8,2009,1,7,1,2,2,1,3,1,1,1,1,1,1,2,9,6,1,1,,2,2
3,58,4,8,2009,4,1,1,2,2,1,4,1,1,1,1,3,1,2,9,6,1,1,,2,2
1,61,3,1,2009,4,1,4,2,2,1,1,1,1,1,1,1,1,2,9,5,1,1,,2,2
8,67,4,2,2009,2,1,1,2,2,1,1,1,1,1,1,1,1,2,14,6,1,1,41,2,2
7,67,4,4,2009,4,7,1,2,2,1,1,4,1,1,1,1,1,2,9,6,1,7,26,2,2
11,63,4,2,2009,2,7,4,2,2,1,1,1,1,1,1,1,1,2,14,6,2,7,,2,2
4,63,4,3,2009,1,1,1,2,2,1,2,1,1,1,1,1,1,2,14,11,1,7,,2,2
7,63,4,5,2009,2,7,8,1,2,1,1,1,1,1,1,1,1,2,9,6,1,1,,2,2
10,63,4,7,2009,3,7,1,2,2,1,1,1,1,1,1,1,1,2,19,6,1,1,45,2,2
1,68,4,2,2009,2,7,1,2,2,1,1,4,1,1,1,2,1,2,11,6,1,4,,1,2
5,58,4,10,2009,3,1,1,1,1,1,1,1,1,1,1,1,1,2,8,5,1,1,40,2,2
6,58,3,6,2009,1,1,1,2,2,1,4,1,1,1,1,1,1,2,14,6,1,1,33,2,2
0,27,1,49,2081,0,,,4,5,,2,1,0,2,1,2,8,,,,,,,,
1,57,4,9,2009,3,1,1,2,1,1,1,1,1,1,1,5,1,2,14,6,1,1,45,2,2
1,57,4,10,2009,4,1,1,2,2,1,1,1,1,1,1,1,1,1,9,6,1,1,39,2,2
8,57,4,11,2009,4,1,4,2,2,1,2,1,1,1,1,1,1,2,9,4,1,1,27,2,2
1,66,3,10,2009,4,1,1,2,2,1,2,3,1,1,1,2,1,2,9,6,1,1,42,2,2
7,63,3,1,2009,4,7,1,2,2,1,4,1,1,1,1,1,1,2,7,6,1,1,25,2,2
14,63,4,3,2009,1,1,1,2,2,1,2,1,1,1,1,1,1,2,14,11,1,7,40,2,2
1,68,3,10,2009,4,1,1,2,2,1,2,3,1,1,1,1,1,2,9,6,1,1,42,2,2
1,39,4,2,2009,2,7,1,2,2,1,1,1,1,1,1,2,1,2,14,5,1,7,,2,2
1,39,3,2,2009,3,7,1,2,2,1,1,1,1,1,1,1,1,2,9,5,1,7,,2,2
5,45,3,3,2009,2,7,1,2,2,1,1,1,1,1,1,1,1,2,9,5,1,1,,2,2
3,36,4,3,2009,3,7,1,2,2,1,1,1,1,1,1,1,1,2,9,6,1,1,,2,2
3,38,3,5,2009,3,1,1,2,2,1,1,1,1,1,1,1,1,2,9,6,1,3,,2,2
1,38,4,5,2009,2,1,1,2,2,1,1,5,1,1,1,1,1,2,8,6,1,1,35,2,2
4,43,3,4,2009,1,7,1,2,2,2,4,1,2,1,1,1,1,2,14,6,1,1,,2,2
1,40,3,6,2009,2,1,1,2,2,1,2,1,1,1,1,1,1,1,9,6,1,1,,2,2
7,40,3,6,2009,2,4,8,2,2,1,3,1,1,1,1,2,1,2,13,6,1,1,,1,1
1,45,4,9,2009,3,1,1,2,2,1,1,1,1,1,1,1,1,2,9,6,1,3,,2,2
12,47,3,10,2009,2,1,1,2,2,1,1,1,1,1,1,1,1,2,14,6,1,3,,2,2
1,46,3,6,2009,3,1,1,2,2,1,1,1,1,1,1,1,1,1,7,6,1,1,,2,2
10,42,2,1,2009,4,3,3,2,1,1,3,1,1,1,1,5,1,1,10,6,1,1,42,2,2
17,42,2,1,2009,2,2,1,1,1,1,1,1,1,1,1,5,1,1,11,6,1,1,45,2,2
13,42,3,1,2009,3,1,1,1,1,1,1,1,1,1,1,1,1,1,10,6,1,1,38,2,2
9,42,2,1,2009,2,2,4,1,1,1,1,1,1,1,1,5,1,1,14,6,1,1,45,2,1
24,42,1,4,2009,2,3,1,2,2,1,1,1,1,1,1,1,1,1,14,6,1,7,35,2,2
24,42,3,4,2009,4,1,1,2,2,1,4,1,1,1,1,1,1,1,14,6,2,1,38,2,2
10,42,3,4,2009,4,1,1,1,1,1,3,1,1,1,1,5,1,1,7,6,1,1,32,1,2
32,42,2,1,2009,2,1,1,1,1,1,1,1,1,1,1,5,1,1,8,6,1,1,40,2,2
32,42,3,2,2009,3,1,1,1,1,1,1,1,1,1,1,5,1,1,10,6,1,1,32,2,2
32,42,2,2,2009,2,1,1,1,1,1,1,1,1,1,1,5,1,1,10,6,1,1,38,1,2
15,42,2,2,2009,2,1,1,1,1,1,1,1,1,1,1,2,1,1,7,6,1,1,40,2,2
22,42,4,4,2009,1,3,1,1,1,1,3,1,1,1,1,1,1,1,14,6,1,1,42,1,1
15,42,2,2,2009,4,1,1,2,2,1,3,1,1,1,1,2,1,1,10,6,1,1,42,2,2
9,42,3,3,2009,1,1,1,1,1,1,3,1,1,1,1,5,1,1,9,6,1,1,45,2,2
33,42,4,3,2009,4,1,1,1,1,1,3,1,1,1,1,5,1,1,14,6,1,1,35,1,2
1,42,2,1,2009,3,2,4,1,1,1,1,1,1,1,1,1,1,1,9,6,1,1,35,2,2
1,42,3,3,2009,2,1,1,1,1,1,1,1,1,1,1,1,1,1,9,6,1,1,40,2,2
29,42,2,1,2009,4,2,4,1,1,1,2,1,1,1,1,5,1,1,9,6,1,1,45,2,2
29,42,2,3,2009,2,1,4,1,1,1,1,1,1,1,1,5,1,1,8,6,1,1,35,2,2
29,42,2,3,2009,3,1,1,1,1,1,1,1,1,1,1,5,1,1,9,6,1,1,30,2,2
28,42,2,4,2009,1,,4,1,1,1,3,1,1,1,1,2,1,1,9,6,1,1,38,2,2
25,42,4,5,2009,2,1,1,2,2,1,1,1,1,1,1,5,1,1,14,6,1,1,40,2,2
10,42,2,5,2009,2,1,1,1,1,1,2,1,1,1,1,5,1,1,8,5,1,1,35,2,2
8,42,2,1,2009,3,1,4,1,1,1,1,1,1,1,1,5,1,1,9,6,1,1,32,2,2
8,42,2,1,2009,4,3,4,1,1,1,3,1,1,1,1,5,1,1,9,6,1,1,30,2,2
32,42,3,3,2009,3,1,1,1,1,1,1,1,1,1,1,5,1,1,10,6,1,1,32,2,2
32,42,2,4,2009,3,1,1,1,1,1,1,1,1,1,1,5,1,1,9,6,1,1,40,2,2
32,42,2,6,2009,2,3,4,1,1,1,1,1,1,1,1,5,1,1,9,6,1,1,40,2,2
14,42,2,6,2009,4,1,1,1,1,1,3,1,1,1,1,1,1,1,12,6,1,7,25,2,2
9,42,2,6,2009,3,1,1,1,1,1,1,1,1,1,1,5,1,1,9,6,1,1,42,2,2
9,42,2,6,2009,4,4,2,1,1,1,3,1,1,1,1,5,1,1,7,6,1,1,35,2,2
9,42,2,6,2009,3,1,1,1,1,1,1,1,1,1,1,5,1,1,10,6,1,1,28,2,2
3,42,2,3,2009,1,2,1,1,1,1,3,2,1,1,1,1,1,1,14,6,1,1,38,2,2
3,42,4,4,2009,4,3,4,1,1,1,4,1,1,1,1,1,1,1,14,6,1,1,40,2,2
12,42,2,1,2009,3,1,4,1,1,1,1,1,1,1,1,1,1,1,10,6,1,7,32,2,2
12,42,3,1,2009,4,1,1,1,1,1,3,1,1,1,1,5,1,1,14,6,1,1,40,2,2
12,42,2,4,2009,3,2,4,1,1,1,1,1,1,1,1,5,1,1,9,6,1,7,40,2,2
12,42,2,6,2009,4,1,1,1,1,2,4,2,2,1,1,5,1,1,14,6,1,1,35,2,2
12,42,2,5,2009,2,1,8,1,1,1,1,1,1,1,1,1,1,1,10,6,1,1,30,2,2
33,42,2,4,2009,2,1,1,1,1,1,1,1,1,1,1,1,1,1,9,6,1,1,40,2,2
33,42,3,6,2009,3,1,1,2,2,1,1,1,1,1,1,1,1,1,9,6,1,1,28,2,2
12,42,3,7,2009,1,2,4,1,1,1,3,1,1,1,1,5,1,1,14,6,1,7,40,2,2
34,42,1,7,2009,3,3,4,1,1,1,1,1,1,1,1,5,1,1,8,6,1,1,28,2,2
9,42,2,7,2009,4,3,4,1,1,1,3,1,1,1,1,5,1,1,8,6,1,1,35,2,1
9,42,3,7,2009,2,1,1,2,2,1,1,1,1,1,1,5,1,1,11,6,1,1,37,2,2
9,42,4,7,2009,4,1,1,2,2,1,3,1,1,1,1,5,1,1,14,6,1,1,38,1,2
18,42,2,6,2009,2,1,1,2,1,1,1,1,1,1,1,1,1,1,9,6,1,1,42,2,2
16,42,2,8,2009,2,3,4,1,1,1,1,1,1,1,1,1,1,1,9,6,1,1,35,2,2
16,42,2,8,2009,4,1,1,1,1,1,3,1,1,1,1,1,1,1,9,6,1,1,40,2,2
1,42,4,6,2009,3,2,4,2,2,1,1,1,1,1,1,5,1,1,9,6,1,1,35,2,2
1,42,2,4,2009,4,2,4,1,1,1,1,1,2,1,1,5,1,1,10,3,1,1,40,2,2
12,42,2,8,2009,1,1,8,1,1,1,2,1,1,1,1,5,1,1,10,6,1,1,30,2,2
12,42,2,8,2009,4,7,4,1,1,1,3,1,1,1,1,5,1,1,9,5,2,7,35,2,2
22,42,1,8,2009,4,1,1,1,1,1,3,1,1,1,1,1,1,1,14,6,1,1,35,2,2
23,42,2,1,2009,2,3,5,1,1,1,1,1,1,1,1,1,1,1,9,6,1,1,25,2,2
23,42,2,1,2009,3,1,1,1,1,1,1,1,1,1,1,1,1,1,9,6,1,1,32,2,2
23,42,2,9,2009,3,1,4,1,1,1,1,1,1,1,1,1,1,1,11,6,1,1,32,2,2
12,42,2,9,2009,3,1,1,1,1,1,1,1,1,1,1,1,1,1,7,6,1,1,35,2,2
22,42,4,9,2009,1,7,5,1,1,1,4,1,1,1,1,1,1,1,14,6,1,7,40,2,2
34,42,3,8,2009,3,3,4,1,1,1,1,1,1,1,1,1,1,1,12,6,1,1,40,2,2
29,42,2,5,2009,2,2,4,1,1,1,1,1,1,1,1,5,1,1,10,6,1,1,28,2,2
29,42,2,8,2009,3,1,4,1,1,1,1,1,1,1,1,5,1,1,9,6,1,1,38,2,2
29,42,2,8,2009,3,1,1,1,1,1,1,1,1,1,1,5,1,1,10,6,1,1,40,2,2
29,42,3,9,2009,1,1,1,1,1,1,3,1,1,1,1,5,1,1,5,6,1,1,35,2,2
37,42,3,9,2009,4,2,4,1,1,1,2,1,1,1,1,5,1,1,9,6,1,1,32,2,2
37,42,2,9,2009,3,1,1,2,1,1,1,1,1,1,1,5,1,1,7,6,1,1,37,2,2
8,42,2,8,2009,3,1,1,1,1,1,1,1,1,1,1,5,1,1,9,6,1,1,35,2,2
12,42,4,10,2009,3,1,1,1,1,1,1,2,1,1,1,5,1,1,9,6,1,1,25,2,2
12,42,3,11,2009,4,1,6,2,1,3,1,1,1,1,1,5,1,1,14,6,1,1,42,1,2
15,42,4,10,2009,4,1,1,2,2,1,3,1,1,1,1,2,1,1,14,6,1,1,42,2,2
18,42,2,10,2009,3,1,1,1,1,1,1,1,1,1,1,1,1,1,8,6,1,3,20,2,2
22,42,1,10,2009,3,1,5,1,1,1,1,1,1,1,1,1,1,1,9,6,1,1,38,2,2
37,42,3,12,2009,3,2,4,2,1,1,1,1,1,1,1,1,1,1,5,6,1,1,35,1,2
23,42,2,12,2009,1,1,1,1,1,1,1,1,1,1,1,1,1,1,14,5,1,1,32,2,2
12,42,1,12,2009,3,2,4,1,1,1,1,1,1,1,1,5,1,1,9,6,1,1,40,2,2
34,42,3,11,2009,3,1,1,1,1,1,1,1,1,1,1,5,1,1,19,6,1,1,30,2,2
1,42,4,8,2009,2,1,1,1,1,1,1,1,1,1,1,5,1,1,19,6,1,1,40,2,2
1,42,3,8,2009,3,3,8,2,2,1,1,1,1,1,1,5,1,1,7,6,1,1,32,2,2
1,42,2,9,2009,3,3,4,1,1,1,1,1,1,1,1,5,1,1,14,6,1,1,40,2,2
1,42,3,12,2009,2,2,5,1,1,1,1,1,1,1,1,5,1,1,8,6,1,1,32,2,2
10,42,4,12,2009,1,1,1,1,1,1,3,1,1,1,1,5,1,1,14,6,1,1,45,1,2
28,42,2,12,2009,3,2,4,1,1,1,1,1,1,1,1,5,1,1,8,6,1,1,20,2,2
4,21,3,3,2009,3,3,1,2,2,1,1,1,1,1,1,4,1,2,9,6,1,1,50,2,2
7,56,4,2,2009,4,1,1,2,2,1,4,1,1,1,1,1,1,2,7,2,1,1,40,2,2
9,56,1,3,2009,3,3,1,2,2,1,1,2,1,1,1,1,5,2,9,11,2,3,40,2,2
4,55,3,7,2009,3,1,1,2,2,1,1,1,1,1,1,2,3,2,8,11,1,1,,2,2
4,55,4,9,2009,3,1,2,2,2,1,3,3,1,1,1,3,1,1,9,2,1,7,38,2,2
7,55,1,8,2009,2,1,1,2,2,1,2,2,1,1,1,4,1,2,14,6,1,1,,,
1,55,4,1,2009,2,1,1,2,2,4,2,1,1,1,1,1,1,2,,,,,,,
12,54,4,10,2009,3,3,1,2,2,1,1,1,1,1,1,1,1,2,9,6,1,1,40,2,2
3,56,4,11,2009,3,2,1,1,2,1,1,5,1,1,1,1,1,2,14,2,2,7,35,2,2
5,55,4,12,2009,3,1,1,2,2,1,2,1,1,1,1,1,1,2,8,6,1,2,35,2,2
7,56,3,12,2009,4,2,1,2,,4,1,1,1,1,1,1,,2,14,6,1,7,32,,
12,9,3,6,2009,2,1,1,2,2,1,2,1,1,1,1,1,1,1,19,11,2,7,,2,2
10,16,3,5,2009,1,7,1,2,2,1,4,1,1,1,1,1,1,2,14,6,1,1,32,2,2
7,13,4,9,2009,2,1,4,2,2,1,1,1,1,1,1,2,1,2,9,6,1,1,30,1,2
12,9,3,8,2009,3,1,1,2,2,2,1,1,2,1,1,5,1,2,9,5,1,7,,2,2
5,2,4,10,2009,3,1,1,2,2,1,1,1,1,1,3,3,1,2,8,6,2,6,,2,2
1,13,4,3,2009,3,2,1,2,2,1,1,1,1,1,1,4,1,2,13,4,1,7,35,2,2
1,9,4,9,2009,1,1,1,2,1,4,1,1,1,1,1,1,2,,9,6,1,1,40,2,2
1,14,3,2,2009,3,2,1,2,2,1,1,1,1,1,1,3,1,1,4,4,1,1,18,2,2
4,58,4,4,2009,1,1,1,2,2,1,4,1,2,1,1,1,1,2,14,11,1,1,,2,2
5,58,4,8,2009,4,1,1,2,2,1,2,1,1,1,1,1,1,2,14,6,1,1,40,1,2
8,66,4,11,2009,4,1,1,2,2,1,1,4,1,1,1,2,1,2,9,1,1,1,32,2,2
8,42,3,12,2009,4,1,1,2,1,1,3,1,1,1,1,5,1,1,10,6,1,1,19,1,2
1,29,4,2,2009,3,2,1,2,2,1,1,1,1,1,1,2,1,2,12,11,1,7,35,1,2
1,39,3,2,2009,3,1,1,2,2,1,1,2,1,1,1,1,1,2,9,6,1,7,,2,2
9,47,4,4,2009,2,1,1,2,2,1,1,1,1,1,1,1,1,2,9,10,1,1,,2,2
12,47,3,6,2009,3,1,1,2,2,1,1,1,1,1,1,1,1,2,9,6,1,1,,2,2
12,50,4,1,2009,2,1,1,2,2,4,2,1,2,1,1,1,1,2,14,6,1,1,,2,2
2,50,3,9,2009,3,1,1,2,2,1,1,1,1,1,1,4,1,2,7,6,1,1,,2,2
4,47,3,9,2009,1,3,4,2,2,1,4,1,1,1,1,1,1,2,9,6,1,1,30,2,2
3,38,4,12,2009,3,1,1,2,2,1,1,1,1,1,1,1,1,2,9,6,1,1,,2,2
3,42,2,7,2009,1,7,8,1,1,1,4,1,1,1,1,1,1,1,9,6,1,1,40,2,1
7,56,4,3,2009,2,2,1,2,2,1,1,1,1,1,1,1,1,2,9,5,2,1,35,2,2
5,29,4,4,2009,3,1,1,2,2,1,1,1,1,1,1,1,1,2,9,6,1,1,35,1,2
4,28,3,1,2009,3,2,4,1,1,1,1,1,1,1,1,1,1,1,14,2,1,1,40,2,2
4,31,4,5,2009,2,1,1,2,2,1,2,1,1,1,1,3,1,2,9,6,1,1,40,2,2
7,31,2,2,2009,2,1,1,1,2,1,2,1,1,1,1,4,1,2,9,6,1,1,30,2,2
3,34,4,2,2009,3,1,1,2,2,1,1,1,1,1,1,1,1,2,11,6,1,1,28,2,2
10,34,1,3,2009,2,2,1,2,2,1,1,1,1,1,1,4,1,2,5,2,1,1,18,2,2
1,27,4,8,2009,2,3,1,2,2,2,1,1,2,1,1,2,4,2,9,6,1,1,,2,2
2,27,4,1,2009,4,1,1,2,2,1,2,1,1,1,1,2,1,2,19,6,1,1,,2,2
2,33,1,2,2009,3,1,1,2,2,1,1,2,1,1,1,2,1,2,6,6,2,1,22,2,2
2,33,4,6,2009,2,1,1,1,2,1,1,1,1,1,1,4,1,2,14,6,1,7,45,2,2
3,33,3,1,2009,2,1,1,2,2,1,1,1,1,1,1,4,1,2,1,4,1,1,12,2,2
7,33,4,2,2009,3,1,1,2,2,1,1,1,1,1,1,4,1,2,11,6,1,1,25,1,2
1,32,4,6,2009,2,1,1,2,2,2,1,1,2,1,1,1,1,2,9,6,1,3,50,2,2
4,32,4,8,2009,3,1,1,2,2,1,1,1,1,1,1,2,1,2,9,6,1,1,38,2,2
1,30,4,9,2009,2,3,1,2,2,1,1,1,1,1,1,3,1,1,9,6,1,7,35,2,2
2,30,1,2,2009,2,1,1,2,2,4,2,2,1,1,1,4,1,2,9,6,1,1,30,2,2
10,34,4,6,2009,2,1,1,2,2,1,1,1,1,1,1,1,1,2,13,6,1,1,35,2,2
4,34,3,4,2009,3,2,1,2,2,1,1,1,1,1,1,1,1,2,9,6,1,1,,2,2
10,34,4,9,2009,2,1,1,2,2,1,1,1,1,1,1,1,1,2,7,6,1,1,,2,2
5,34,4,9,2009,4,3,1,2,2,1,2,1,1,1,1,3,1,2,9,4,1,2,,2,2
7,30,4,7,2009,3,1,8,2,2,1,1,2,1,1,2,3,1,2,8,6,1,1,,2,2
1,34,4,6,2009,2,1,1,2,2,1,2,1,1,1,1,3,1,2,9,2,1,1,,2,2
1,34,4,6,2009,2,1,1,2,2,1,2,1,1,1,1,1,1,2,14,6,1,1,28,1,2
1,34,4,12,2009,3,2,4,2,2,1,1,1,1,1,1,5,1,1,14,2,1,1,,2,2
1,34,3,12,2009,2,1,1,2,2,1,1,1,1,1,1,1,1,1,14,6,1,1,,2,2
4,34,4,9,2009,3,1,1,2,2,2,1,1,2,1,1,1,1,2,9,6,1,1,,2,2
1,33,4,10,2009,4,1,1,2,2,1,4,1,1,1,1,2,1,1,9,6,1,1,39,2,2
3,32,4,10,2009,1,1,1,2,2,1,1,1,1,1,1,2,1,2,9,6,1,1,,2,2
4,64,4,6,2009,4,1,1,2,1,3,1,1,1,3,1,2,1,1,9,,,,,2,2
4,64,3,9,2009,2,1,1,2,2,1,1,1,,,,5,1,1,5,,,,,2,2
11,64,3,4,2009,4,1,1,2,2,1,3,1,1,1,1,5,1,1,5,6,1,1,25,2,2
1,57,3,6,2009,2,1,1,2,2,1,1,1,1,1,1,5,1,1,17,11,,,,2,2
11,63,4,9,2009,2,1,1,2,1,1,1,1,1,1,1,1,1,2,14,2,,3,,2,2
7,63,4,2,2009,4,1,1,2,2,1,1,1,1,1,1,4,1,2,9,6,,,,2,2
6,63,3,2,2009,2,1,1,2,2,1,1,1,1,1,1,2,1,2,9,6,,,,2,2
2,65,3,3,2009,4,1,1,2,2,1,4,1,1,1,1,1,1,2,14,2,1,1,,1,2
1,60,4,2,2009,3,1,1,2,2,1,1,2,1,1,1,4,1,2,9,6,1,1,,2,2
8,63,3,12,2009,3,1,1,2,1,1,1,1,1,1,1,1,1,1,9,6,1,1,,2,2
14,63,4,6,2009,2,1,1,2,2,1,2,3,5,1,2,1,1,2,9,6,1,3,,2,2
10,67,4,8,2009,3,1,1,2,2,2,3,4,1,1,1,3,4,2,5,2,,1,25,2,2
1,67,3,11,2009,2,1,1,2,2,1,3,4,1,1,1,1,,,7,6,,,40,2,2
4,1,4,4,2009,3,1,1,2,2,1,1,1,1,,1,1,1,2,14,11,1,1,,2,2
6,58,4,12,2009,3,2,1,2,2,1,1,1,1,1,1,1,1,2,11,6,1,6,,2,2
6,58,4,5,2009,2,7,1,2,2,1,1,1,1,1,1,1,1,2,,,,,,2,2
7,58,4,9,2009,4,1,1,2,2,1,1,1,1,1,1,1,1,1,9,6,1,1,,2,2
1,58,4,2,2009,4,1,1,2,2,1,4,1,1,1,1,2,1,2,7,6,1,1,,2,2
3,38,3,1,2009,4,1,1,2,2,1,2,1,1,1,1,1,1,2,14,6,1,7,,2,2
1,47,3,1,2009,2,1,1,2,2,1,1,1,1,1,1,1,1,2,14,6,1,7,32,2,2
1,47,4,1,2009,3,7,1,2,2,1,1,1,1,1,1,1,1,2,9,6,1,3,,2,2
10,47,4,1,2009,2,7,8,2,2,1,1,1,1,1,1,3,1,2,6,1,2,7,,2,2
1,45,4,1,2009,2,7,1,2,2,1,1,1,1,1,1,1,1,2,9,6,1,7,,2,2
4,45,4,1,2009,3,3,1,2,2,1,1,1,1,1,1,3,1,2,7,2,1,1,25,2,2
4,45,4,2,2009,4,1,1,2,2,1,4,1,1,1,1,3,1,2,5,6,1,1,,2,2
1,51,3,2,2009,4,3,1,2,2,1,3,1,1,1,1,4,1,2,17,6,2,6,28,2,2
5,38,1,2,2009,3,7,1,2,2,1,1,1,1,2,2,3,1,2,14,6,1,1,21,2,2
3,38,4,2,2009,3,7,1,2,2,1,1,1,1,1,1,3,1,2,14,6,2,1,30,2,2
3,36,4,2,2009,3,1,1,2,2,1,1,1,1,1,1,2,1,2,9,6,1,1,,2,2
2,45,4,3,2009,2,7,1,2,2,1,1,1,1,1,1,1,1,2,9,6,1,7,,2,2
2,47,4,3,2009,1,1,1,2,2,1,1,1,1,1,1,1,1,2,14,1,1,1,25,2,2