Thana,District,Accident_Severity,Month,Year,Time,Junction_Type,Traffic_Control,Movement,Divider,Weather,Light,Road_Geometry,Surface_Condition,Surface_Type,Surface_Quality,Road_Class,Road_Feature,Location_Type,Vehicle_Type,Vehicle_Movement,Vehicle_Loading,Vehicle_Defect,Vehicle_Driver_Age,Vehicle_Alcohol,Vehicle_Seat_Belt
1,45,1,4,2009,4,1,1,2,2,1,2,1,1,1,1,2,1,1,5,6,1,3,,2,2
2,47,3,4,2009,2,1,1,2,2,1,1,2,1,1,1,3,1,2,14,6,1,3,,2,2
2,44,4,4,2009,2,1,1,2,2,1,1,1,1,1,1,1,1,2,12,6,1,1,,2,2
5,44,4,4,2009,3,1,1,2,2,1,1,1,1,1,1,1,1,2,9,6,1,1,,2,2
3,36,4,4,2009,3,7,1,2,2,1,1,2,1,1,1,1,1,2,9,6,1,1,,2,2
4,35,4,4,2009,2,3,1,2,2,1,1,1,1,1,1,1,1,2,9,6,1,1,,2,2
2,35,4,4,2009,2,1,1,2,2,1,1,1,1,1,1,1,1,2,7,4,1,1,,2,2
4,47,4,5,2009,2,1,1,2,2,1,1,2,1,1,1,1,1,2,14,6,1,1,,2,2
2,47,4,5,2009,2,1,1,2,2,1,1,1,1,1,1,1,1,2,9,6,1,1,,2,2
6,45,4,5,2009,1,1,1,2,2,1,2,1,1,1,1,1,1,2,14,6,1,1,,2,2
6,45,3,3,2009,2,1,1,2,2,1,1,1,1,1,1,1,1,2,9,5,1,7,,2,2
6,44,4,5,2009,2,3,1,2,2,1,1,1,1,1,1,2,1,2,12,6,1,1,,2,2
4,36,4,5,2009,3,1,1,2,2,1,4,1,1,1,1,1,1,2,14,6,1,1,,2,2
3,45,4,6,2009,3,1,1,2,2,1,1,1,1,1,1,3,1,2,8,6,1,7,,2,2
6,45,4,6,2009,3,1,1,2,2,1,1,1,1,1,1,1,1,2,9,6,1,3,,2,2
1,37,4,6,2009,3,1,1,2,2,1,1,1,1,1,1,4,1,2,9,6,1,1,,2,2
1,47,4,6,2009,1,1,4,2,2,1,2,1,1,1,1,1,1,2,13,6,1,1,22,2,2
9,47,4,6,2009,3,1,1,2,2,1,1,1,1,1,1,1,1,2,8,6,1,1,45,2,2
12,47,3,6,2009,1,1,1,2,2,1,2,1,1,1,1,1,1,2,14,6,1,1,,2,2
12,47,3,6,2009,3,1,1,2,2,1,1,1,1,1,1,1,1,2,9,6,1,7,35,2,2
5,44,4,7,2009,4,1,1,2,2,1,4,1,1,1,1,1,1,2,9,6,1,1,29,2,2
1,47,4,7,2009,2,1,1,2,2,1,1,1,2,1,1,1,1,1,9,6,1,1,35,2,2
1,47,3,7,2009,1,1,1,2,2,4,2,3,2,1,1,1,1,2,9,4,1,1,25,2,2
3,38,4,7,2009,2,1,1,2,2,1,1,1,1,1,1,1,1,2,9,6,1,1,,2,2
4,36,4,7,2009,3,1,1,2,2,1,1,2,1,1,1,1,1,2,9,4,1,1,,2,2
1,45,4,7,2009,2,1,1,2,2,2,1,1,2,1,1,1,1,2,9,6,1,7,,2,2
6,45,2,7,2009,3,1,1,2,2,1,1,1,1,1,1,1,1,2,7,6,1,7,,2,2
2,45,4,7,2009,3,1,1,2,2,2,1,2,2,1,1,1,1,2,14,6,1,7,,2,2
6,43,4,6,2009,3,1,1,2,2,1,1,1,1,1,1,2,1,2,14,6,1,1,,2,2
4,43,4,6,2009,3,7,1,2,2,1,1,3,1,1,1,1,1,2,9,6,1,1,,2,2
7,41,4,1,2009,2,7,2,2,2,1,1,1,1,1,1,2,1,2,7,4,1,1,,2,2
6,41,3,1,2009,3,3,1,2,2,1,1,1,1,3,1,3,1,2,13,6,1,1,,2,2
1,41,2,2,2009,3,2,1,2,2,1,1,1,1,1,1,1,1,1,10,1,1,1,,2,2
6,41,3,4,2009,2,1,1,2,2,1,1,1,1,1,1,1,1,2,8,6,1,1,,2,2
6,41,3,4,2009,2,1,1,2,2,1,1,1,1,1,1,2,1,2,9,6,1,1,,2,2
7,41,4,7,2009,3,7,4,2,2,1,1,1,1,1,1,1,1,2,14,6,2,3,,2,2
7,41,4,7,2009,2,7,4,2,2,1,1,1,1,1,1,4,1,2,8,6,1,1,,2,2
5,45,4,8,2009,3,1,1,2,2,1,1,1,1,1,1,1,1,2,14,6,1,1,,2,2
2,45,3,8,2009,4,1,1,2,2,1,1,1,1,1,1,1,1,2,9,6,1,1,,2,2
3,40,4,3,2009,,1,1,2,2,1,1,4,1,1,1,1,1,2,9,6,1,1,,2,2
1,40,4,4,2009,3,1,1,2,2,1,1,1,1,1,1,5,1,1,13,6,1,1,,2,2
3,40,4,4,2009,3,1,1,2,2,1,1,1,1,1,1,1,1,2,9,6,1,1,,2,2
6,40,4,6,2009,2,1,1,2,2,1,1,2,1,1,1,3,1,2,14,2,1,1,35,2,2
6,40,4,7,2009,3,1,1,2,2,1,1,1,1,1,1,1,1,2,9,6,1,1,,2,2
1,40,4,8,2009,4,1,1,2,2,1,2,1,1,1,1,1,1,1,9,6,1,1,,2,2
5,40,4,8,2009,2,1,1,2,2,2,1,1,2,1,1,1,1,2,9,4,1,3,39,2,2
1,47,4,8,2009,3,1,1,2,2,1,1,1,1,1,1,1,1,2,14,6,1,1,40,2,2
1,47,4,8,2009,3,1,1,2,2,2,1,2,2,1,1,1,1,2,12,6,1,1,30,2,2
11,47,4,8,2009,4,7,8,2,2,2,4,1,2,3,2,4,1,2,1,6,1,1,14,2,2
7,47,4,8,2009,1,1,1,2,2,1,4,1,1,1,1,1,1,2,14,6,1,1,,2,2
9,47,4,8,2009,2,1,1,2,2,1,1,1,1,1,1,1,1,2,12,6,1,1,29,2,2
6,38,4,9,2009,2,1,1,2,2,1,1,1,1,1,1,1,1,2,9,6,1,1,,2,2
5,45,2,9,2009,4,1,1,2,2,1,4,1,1,1,1,1,2,2,14,6,1,1,,2,2
4,50,3,2,2009,2,2,1,2,2,1,1,1,1,1,1,5,1,1,10,6,1,1,30,2,2
12,50,4,4,2009,2,1,1,2,2,1,1,1,1,1,1,1,1,1,14,6,1,1,,2,2
2,50,4,6,2009,2,1,1,2,2,1,1,1,1,1,1,3,1,2,17,6,2,6,,2,2
5,50,4,6,2009,3,1,1,2,2,1,1,1,1,1,1,2,1,1,9,6,1,1,,2,2
13,50,4,7,2009,3,1,1,2,2,1,1,1,1,1,1,2,1,2,14,6,1,1,40,2,2
12,50,4,7,2009,2,1,1,2,2,2,2,2,2,1,1,1,1,2,9,6,1,3,35,2,2
1,50,3,8,2009,3,2,2,2,2,1,1,1,1,1,1,1,1,1,6,6,1,3,,2,2
4,47,4,9,2009,2,1,1,2,2,1,1,1,1,1,1,3,1,2,14,6,1,1,27,2,2
12,47,4,9,2009,2,1,1,2,2,1,2,1,1,1,1,1,1,2,14,6,1,1,25,2,2
9,47,4,9,2009,2,1,1,2,2,1,1,1,2,1,1,1,1,2,13,1,1,1,35,2,2
1,47,1,9,2009,3,1,1,2,2,2,1,1,2,1,1,1,1,2,9,6,1,3,,2,2
1,47,4,9,2009,4,1,1,2,2,2,1,1,2,1,1,1,1,2,9,6,1,1,,2,2
1,35,3,9,2009,3,1,1,2,2,1,1,1,1,1,1,1,1,2,12,6,1,1,22,2,2
5,37,4,9,2009,3,4,1,2,2,2,1,2,2,1,2,3,4,2,9,6,1,1,50,2,2
6,44,3,8,2009,3,1,1,2,2,1,1,3,1,1,1,2,1,2,8,6,1,1,,2,2
6,44,4,8,2009,2,1,1,2,2,1,1,1,1,1,1,5,1,1,8,6,1,1,,2,2
6,44,2,9,2009,3,1,4,2,2,1,1,1,1,1,1,1,1,2,13,4,1,3,,2,2
1,39,4,9,2009,3,1,1,2,2,1,1,3,1,1,1,3,1,2,8,4,1,1,30,2,2
3,40,4,3,2009,3,1,1,2,2,1,1,1,1,1,1,1,1,2,9,4,1,1,45,2,2
6,40,3,9,2009,3,1,1,2,2,1,1,1,1,1,1,1,1,2,9,4,1,1,,2,2
3,40,3,9,2009,3,1,1,2,2,1,1,1,1,1,1,1,1,2,9,2,1,1,,2,2
3,38,4,10,2009,1,7,1,2,2,1,4,1,1,1,1,1,1,2,7,6,1,1,,2,2
3,38,4,9,2009,2,1,1,2,2,1,1,1,1,1,1,1,1,2,9,6,1,1,,2,2
1,45,4,10,2009,3,1,1,2,2,1,1,1,1,1,1,2,1,2,6,6,1,6,,2,2
2,45,4,10,2009,1,1,1,2,2,1,2,1,1,1,1,1,1,2,14,6,1,1,55,2,2
9,47,4,10,2009,3,1,1,2,2,1,1,1,1,1,1,1,1,2,8,6,1,3,,2,2
2,47,4,10,2009,2,1,1,2,2,1,1,1,1,1,1,3,1,2,9,6,1,1,22,2,2
12,47,2,10,2009,1,1,1,2,2,1,4,1,1,1,1,1,1,2,14,6,1,1,,2,2
2,50,4,10,2009,4,1,1,2,2,1,4,1,1,1,1,1,1,2,9,6,1,1,,2,2
6,41,4,10,2009,3,3,1,2,2,1,1,1,1,1,1,1,1,2,12,4,1,3,,2,2
6,41,4,10,2009,3,1,1,2,2,1,1,1,1,1,1,1,1,2,14,6,1,1,,2,2
12,47,4,11,2009,2,1,1,2,2,1,2,1,1,1,1,1,1,2,14,5,1,3,,2,2
1,47,4,11,2009,3,1,1,2,2,1,1,3,1,1,1,1,1,2,10,2,1,3,,2,2
9,47,4,11,2009,4,1,1,2,2,1,4,1,1,1,1,1,1,2,14,6,1,1,,2,2
9,47,4,11,2009,3,1,1,2,2,1,1,2,1,1,1,1,1,2,9,6,1,1,37,2,2
1,38,4,11,2009,4,1,1,2,2,1,2,1,1,1,1,5,1,1,14,6,1,1,38,2,2
1,38,4,11,2009,3,3,1,2,2,1,1,1,1,1,1,1,1,1,9,6,1,1,35,2,2
7,51,4,11,2009,2,1,1,2,2,1,1,1,1,1,1,3,1,2,17,6,2,6,22,2,2
1,45,4,11,2009,2,1,1,2,2,1,1,1,1,1,1,1,1,2,7,6,1,1,28,2,2
1,40,3,11,2009,3,1,1,2,2,1,1,1,1,1,1,1,1,1,9,6,1,1,,2,2
6,40,4,11,2009,2,1,1,2,2,1,1,1,1,1,1,1,1,2,7,2,1,4,25,2,2
1,46,4,5,2009,4,1,1,2,2,1,4,1,1,1,1,1,1,2,12,6,1,3,,2,2
1,46,4,6,2009,1,1,1,2,2,1,4,1,1,1,1,1,1,2,13,6,1,3,,2,2
1,46,4,6,2009,4,1,1,2,2,1,3,1,1,1,1,1,1,1,10,6,1,1,,2,2
1,46,4,7,2009,2,3,4,2,2,1,1,1,1,1,3,1,1,1,9,6,1,1,,2,2
1,46,4,7,2009,2,1,1,2,2,1,1,1,1,1,1,1,1,2,19,6,1,6,,2,2
1,46,3,8,2009,1,1,1,2,2,1,4,1,2,1,2,1,1,2,14,6,1,3,40,2,2
5,46,3,11,2009,3,1,1,2,2,1,1,1,1,1,1,3,1,1,14,6,1,1,,2,2
4,46,3,7,2009,2,2,1,2,2,1,1,2,1,1,1,1,1,1,8,6,1,3,,2,2
3,46,3,6,2009,3,1,1,2,2,1,1,1,1,1,1,3,1,2,9,6,1,1,,2,2
2,46,4,7,2009,1,1,1,2,2,1,2,1,1,1,1,1,1,2,16,6,1,3,40,2,2
2,46,4,9,2009,3,1,1,2,2,1,1,1,1,1,1,1,1,1,14,6,1,1,,2,2
1,39,4,11,2009,3,1,1,2,2,1,1,1,1,1,1,1,1,2,13,6,1,1,22,2,2
6,44,4,11,2009,1,1,1,2,2,1,2,1,1,1,1,1,1,1,14,6,1,1,35,2,2
7,50,4,11,2009,2,1,1,2,2,4,1,4,1,1,1,2,1,2,9,1,1,1,40,2,2
1,48,3,11,2009,2,1,4,2,2,1,1,1,1,1,1,1,1,2,14,4,1,1,,2,2
5,45,4,12,2009,2,1,1,2,2,1,1,1,1,1,1,3,1,2,6,6,1,1,,2,2
5,45,3,12,2009,2,1,1,2,2,1,1,2,1,1,1,4,1,2,9,6,1,1,,2,2
1,50,4,12,2009,3,1,1,2,2,1,1,1,1,1,1,1,1,2,9,6,1,3,,2,2
12,47,2,12,2009,2,1,1,,,1,1,1,1,1,1,1,1,2,14,6,1,1,,2,2
3,51,4,12,2009,3,1,1,2,2,1,1,2,1,1,1,4,1,2,9,6,1,1,36,2,2
5,44,4,12,2009,3,1,1,2,2,1,1,1,1,1,1,1,1,2,8,6,1,1,,2,2
4,36,4,11,2009,2,7,1,2,2,1,1,2,1,1,1,1,1,2,9,6,1,1,,2,2
3,36,4,12,2009,3,1,1,2,2,1,1,1,1,1,1,2,1,2,9,6,1,1,,2,2
5,44,4,12,2009,3,1,1,2,2,1,1,1,1,1,1,1,1,2,14,6,1,1,,2,2
5,44,4,12,2009,2,1,1,2,2,4,1,1,1,1,1,1,1,2,9,6,1,1,,2,2
1,40,4,12,2009,3,1,1,2,2,1,1,1,1,1,1,5,1,1,14,6,1,1,,2,2
6,42,4,1,2009,2,1,1,2,2,4,1,1,1,1,1,2,1,2,9,6,1,1,42,2,2
15,42,4,3,2009,2,1,1,2,2,1,1,1,1,1,1,1,1,1,14,6,1,1,45,1,2
33,42,4,3,2009,1,1,1,2,1,2,1,1,1,1,1,1,1,1,14,6,1,1,43,1,2
15,42,4,5,2009,2,1,1,1,1,1,3,1,1,1,1,2,1,1,4,6,1,1,27,2,2
15,42,3,6,2009,3,1,1,2,2,1,4,2,1,1,1,2,1,1,10,6,1,1,35,2,2
3,42,4,2,2009,1,1,1,1,1,4,1,1,1,1,1,1,1,1,14,6,1,3,32,2,2
33,42,2,5,2009,2,7,4,1,1,1,2,1,1,1,1,1,1,1,10,6,1,1,32,2,2
33,42,4,6,2009,2,1,1,2,2,1,1,1,1,1,1,1,1,1,8,6,1,1,35,2,2
35,42,4,7,2009,1,7,1,2,2,1,1,1,5,1,2,2,1,2,14,6,1,7,40,2,2
6,42,4,7,2009,1,1,1,2,2,1,2,1,1,1,1,1,1,1,14,6,1,1,40,1,2
6,42,3,8,2009,2,7,8,2,2,1,1,1,5,1,2,2,1,1,19,6,1,7,28,1,2
11,42,4,8,2009,1,7,8,1,1,1,3,1,1,1,1,3,1,1,14,6,1,1,40,2,2
23,42,4,3,2009,2,7,1,1,1,1,1,1,1,1,1,1,1,1,8,6,1,3,30,2,2
23,42,3,3,2009,1,3,1,1,1,1,3,2,1,1,1,1,1,1,11,1,1,7,42,2,2
15,42,4,9,2009,2,1,1,2,2,1,1,1,1,1,1,2,1,1,14,6,1,1,38,1,2
10,42,2,9,2009,2,1,1,1,1,1,1,1,1,1,1,5,1,1,12,6,1,1,32,2,2
33,42,3,9,2009,4,3,1,2,2,1,1,1,1,1,1,5,1,1,14,6,1,1,42,2,2
9,42,2,12,2009,3,1,4,1,1,1,1,1,1,1,1,5,1,1,9,6,1,1,38,2,2
1,42,2,11,2009,3,1,4,1,1,1,1,1,1,1,1,5,1,1,8,6,1,1,35,2,2
15,42,4,12,2009,4,7,1,2,2,1,2,1,1,1,1,2,1,1,14,6,1,1,38,2,1
10,42,3,11,2009,2,1,1,2,2,1,1,1,1,1,1,5,1,1,10,6,1,1,38,2,2
1,26,4,4,2009,3,1,1,2,2,1,1,1,1,1,1,4,1,2,14,6,1,6,20,,2
2,20,4,1,2009,2,3,1,2,2,1,1,2,1,1,1,4,1,2,9,1,1,1,,1,2
4,21,3,3,2009,3,3,1,2,2,1,1,1,1,1,1,4,1,1,9,6,1,1,42,2,2
8,13,4,6,2009,1,7,1,1,1,1,3,1,1,1,1,1,1,2,9,3,1,1,35,2,2
3,8,4,7,2009,3,1,1,2,1,1,1,1,1,1,1,1,1,2,9,6,1,1,,2,2
4,15,4,1,2009,3,1,1,2,1,1,1,1,1,1,2,3,1,1,9,6,1,7,,2,2
1,15,4,4,2009,2,1,4,2,2,1,1,1,1,1,1,1,1,1,9,6,1,1,,2,2
5,13,4,8,2009,2,1,1,1,2,1,1,2,1,1,1,2,1,2,9,1,1,1,,2,2
5,13,4,4,2009,2,1,8,2,1,1,2,2,1,1,1,2,1,2,12,6,1,7,40,2,2
3,8,4,8,2009,1,1,1,2,,2,4,1,2,1,1,1,1,2,9,11,2,7,,2,2
9,13,4,7,2009,2,1,1,2,2,1,1,3,1,1,2,3,1,2,9,2,1,1,30,2,2
5,17,4,7,2009,3,2,1,2,2,1,1,1,1,1,1,4,1,2,8,6,1,1,25,2,2
10,17,4,5,2009,3,7,8,2,2,2,1,1,2,1,2,1,1,2,1,6,1,7,35,2,2
1,2,4,11,2009,2,1,1,1,2,1,1,1,1,1,1,1,1,2,13,6,2,1,31,2,2
1,2,3,12,2009,2,1,1,1,2,4,1,1,1,1,1,1,1,2,8,6,1,1,40,2,2
6,5,4,3,2009,2,1,1,2,2,1,1,1,1,1,1,1,1,2,9,6,1,1,,1,2
6,5,4,5,2009,2,1,1,2,2,2,1,1,2,1,1,1,3,2,13,11,1,7,,2,1
10,9,4,11,2009,3,7,2,2,2,1,1,1,5,1,1,1,1,2,9,6,1,1,,2,2
11,16,4,9,2009,3,7,8,2,2,1,1,1,1,1,1,1,1,2,9,6,1,7,32,2,2
1,12,4,9,2009,1,1,1,2,,1,1,1,1,1,1,2,2,1,8,6,2,1,,2,2
3,17,4,9,2009,2,1,1,2,1,1,1,1,1,1,1,3,1,2,6,5,2,1,,2,2
2,6,4,12,2009,2,1,1,2,2,4,1,2,2,1,1,1,1,2,14,1,1,1,40,2,2
1,3,4,1,2009,3,1,1,2,2,1,1,1,1,1,1,2,1,1,8,6,1,7,45,2,2
10,9,3,2,2009,2,1,1,2,2,1,1,1,1,2,1,1,1,1,14,6,1,7,26,2,2
2,9,3,7,2009,4,1,1,2,2,1,4,1,1,1,1,2,1,2,14,6,1,7,30,2,2
12,9,4,12,2009,4,1,1,2,2,1,2,1,1,1,1,3,1,2,13,6,1,1,,2,2
3,28,3,3,2009,3,1,1,1,2,1,1,1,1,1,1,1,1,1,14,6,1,1,,2,2
4,28,4,8,2009,4,1,4,2,2,1,3,1,1,1,1,1,1,1,14,5,1,1,38,2,1
1,34,4,9,2010,3,1,1,2,2,1,1,1,1,1,1,1,1,2,9,6,1,1,,2,2
10,34,3,6,2010,3,4,1,2,2,1,1,1,1,1,1,1,1,2,9,10,1,1,42,2,2
3,32,4,2,2010,2,1,1,2,2,1,1,1,1,1,1,3,1,2,13,6,1,1,,2,2
4,34,4,3,2010,3,1,1,2,2,1,1,1,1,1,1,1,1,2,8,6,1,1,30,2,2
1,32,4,4,2010,2,3,1,2,2,1,1,1,1,1,1,3,1,1,9,6,1,1,,2,2
2,33,4,8,2010,3,1,1,2,2,2,1,1,2,1,1,3,1,2,14,6,1,1,,2,2
2,31,3,8,2010,4,1,5,2,2,1,2,1,1,1,1,2,1,2,13,6,2,2,23,2,2
2,27,4,1,2010,4,1,1,2,2,1,4,1,1,1,1,2,1,2,9,6,1,1,,2,2
4,34,4,4,2010,2,1,1,2,2,1,1,1,1,1,1,1,1,2,9,5,1,1,48,2,2
2,27,4,5,2010,2,1,1,2,2,1,1,1,1,1,1,3,1,2,9,4,1,1,,2,2
2,27,3,5,2010,1,1,1,2,2,1,1,1,1,1,1,3,1,2,9,6,1,1,,2,2
7,34,4,6,2010,3,1,1,2,2,1,1,1,1,1,1,4,1,2,12,6,1,1,,2,2
5,31,4,6,2010,4,1,1,2,2,1,2,1,1,1,1,3,1,2,15,6,2,6,,2,2
1,27,4,6,2010,4,1,1,2,2,1,2,1,1,1,1,3,1,2,9,6,1,1,,2,2
6,34,4,7,2010,3,1,1,2,2,1,1,1,1,1,1,2,1,2,14,5,2,1,40,2,2
6,34,1,7,2010,3,1,1,2,2,1,1,1,1,1,1,1,1,2,9,6,1,1,42,2,2
8,34,4,7,2010,4,1,1,2,1,4,1,1,1,1,3,1,2,,4,6,1,1,,2,2
2,32,4,7,2010,3,7,8,2,2,1,1,1,1,1,1,3,1,2,19,6,1,7,23,2,2
2,27,3,7,2010,2,1,1,2,2,1,1,1,1,1,1,3,1,2,9,6,1,1,,2,2
3,34,3,9,2010,2,1,8,2,2,1,1,1,1,1,1,2,1,2,9,6,1,1,,2,2
1,32,4,9,2010,3,4,1,2,2,1,1,1,1,1,1,5,1,1,19,5,1,1,23,2,2
3,32,4,9,2010,4,1,1,2,2,1,4,1,1,1,2,3,1,2,8,5,2,1,40,2,2
1,34,4,1,2010,4,1,8,2,2,1,3,1,1,1,1,5,1,1,9,6,1,3,,2,2
1,34,3,3,2010,3,1,1,2,2,1,1,1,1,1,1,5,1,1,14,6,1,1,,2,2
1,34,3,3,2010,1,1,8,2,2,1,1,1,1,1,1,5,1,1,14,6,1,1,,2,2
1,34,4,3,2010,2,1,8,2,2,1,1,1,1,1,1,5,1,1,15,6,1,3,,2,2
1,34,4,4,2010,2,1,1,2,1,1,1,1,1,1,1,1,1,1,9,8,1,1,,2,2
1,34,4,5,2010,1,1,1,2,2,3,1,2,1,1,1,1,1,,14,6,1,1,,2,2
1,34,4,5,2010,3,2,4,2,2,1,1,1,1,1,1,1,1,1,9,6,1,1,,2,2
1,34,4,6,2010,2,1,1,2,2,2,1,1,2,1,1,5,1,1,14,7,1,1,,2,2
1,34,3,6,2010,4,1,1,2,2,2,3,1,2,1,1,5,1,2,14,6,1,1,,2,2
1,34,4,8,2010,3,1,1,2,2,1,1,2,1,1,1,1,1,1,10,6,1,1,,2,2
1,34,4,10,2010,3,1,1,2,2,1,1,1,1,1,1,1,5,,9,6,1,1,,2,2
1,34,4,12,2010,2,1,1,2,2,1,1,1,1,1,1,2,1,2,8,6,1,1,40,2,2
7,34,4,11,2010,2,1,1,2,2,1,1,1,1,1,1,4,1,2,12,6,1,1,25,2,2
6,34,4,11,2010,4,1,1,2,2,1,3,4,1,1,1,2,1,2,9,2,1,1,,2,2
1,31,3,11,2010,2,1,1,2,2,1,1,1,1,1,1,2,1,2,4,6,1,1,25,2,2
3,32,3,11,2010,2,1,1,2,2,1,1,1,1,1,1,1,1,2,7,6,1,1,,2,2
6,34,4,6,2010,2,1,1,2,2,1,1,1,1,1,1,1,1,2,9,6,1,7,40,2,2
6,34,3,9,2010,3,1,1,2,2,1,1,1,1,1,1,1,1,2,9,6,1,1,,2,2
12,64,4,9,2010,3,1,1,2,2,1,1,1,1,1,1,2,1,2,4,6,1,,,1,2
9,64,4,5,2010,4,3,1,2,1,1,2,3,1,1,1,5,1,1,14,6,1,7,40,1,2
9,64,3,10,2010,2,3,1,2,1,1,1,1,1,1,1,5,1,1,14,6,1,7,25,1,2
9,64,4,11,2010,2,1,3,2,1,1,1,1,1,1,1,5,1,1,4,6,1,7,,1,2
8,64,4,12,2010,2,1,1,2,2,1,2,1,1,1,1,5,1,1,5,6,1,,,2,2
6,64,4,1,2010,1,1,1,2,1,1,3,1,1,1,1,5,1,1,9,6,1,1,,1,2
6,64,3,9,2010,3,1,1,2,1,1,1,1,1,1,1,5,1,1,9,6,1,1,,1,2
6,64,4,10,2010,4,1,4,2,1,1,2,1,1,1,1,5,1,1,14,6,1,1,45,1,2
7,64,4,8,2010,3,1,1,2,1,1,1,1,1,1,1,5,1,1,9,6,1,1,30,1,2
7,64,3,11,2010,3,1,4,2,2,1,1,1,1,1,1,5,1,1,9,6,1,1,29,1,2
10,64,1,12,2010,3,1,1,2,2,1,1,1,1,1,1,5,1,1,6,6,1,1,45,1,2
2,64,3,6,2010,2,3,4,2,1,1,1,1,1,1,1,5,1,1,7,6,1,1,35,1,2
2,64,3,3,2010,3,3,4,2,1,1,1,1,1,1,1,5,1,1,14,6,1,1,,1,2
1,64,3,8,2010,2,3,1,2,2,1,1,1,1,1,1,5,1,1,14,6,1,1,24,1,2
1,64,1,11,2010,4,3,4,2,2,1,2,1,1,1,1,5,1,1,14,6,1,1,,1,2
2,62,4,2,2010,3,1,1,2,2,1,1,1,1,1,1,3,1,2,9,5,1,1,37,2,2
2,62,4,2,2010,4,1,1,2,2,1,4,1,1,3,1,3,1,2,6,6,1,7,25,2,2
2,57,4,2,2010,3,4,1,2,2,1,1,1,1,1,1,1,1,2,9,6,1,1,27,2,2
2,65,4,6,2010,2,1,1,2,2,1,1,2,1,1,1,1,1,2,9,5,1,7,37,2,2
1,61,4,3,2010,3,1,1,2,2,1,1,1,1,1,1,1,1,2,14,6,2,7,35,2,2
2,61,4,3,2010,2,3,1,2,2,1,1,1,1,1,1,1,1,2,14,6,1,1,,2,2
1,61,4,5,2010,3,3,1,2,2,1,1,1,1,1,1,4,1,2,14,6,1,1,,2,2
2,61,3,5,2010,3,1,1,2,2,1,1,1,1,1,1,1,1,2,5,1,1,1,,2,2
3,61,4,5,2010,2,7,1,2,2,1,1,2,1,1,1,3,1,2,19,6,2,7,,2,2
1,59,4,8,2010,1,1,1,2,2,1,3,1,1,1,1,2,1,1,5,6,1,1,,2,2
6,59,3,8,2010,2,2,1,2,2,1,1,1,1,1,1,3,1,2,4,6,1,1,22,2,2
1,60,4,3,2010,2,1,1,2,2,1,1,1,1,1,1,1,1,2,13,1,1,2,,2,2
1,60,4,6,2010,2,1,1,2,2,1,1,1,1,1,1,4,1,2,5,6,1,1,,2,2
1,63,2,2,2010,2,7,1,2,2,1,1,1,1,1,1,2,1,2,4,6,1,1,,2,2
5,66,3,4,2010,3,1,1,2,2,1,1,1,1,1,1,4,1,2,,,,,,,
6,66,4,4,2010,3,1,1,2,2,1,1,4,1,1,1,2,1,2,14,6,1,1,32,2,2
1,57,4,5,2010,2,1,1,2,2,1,1,1,1,1,3,1,1,2,10,6,1,1,25,2,2
8,63,4,3,2010,1,1,1,2,2,1,4,1,1,1,1,1,1,2,12,5,1,1,,2,2
8,63,4,5,2010,,1,1,2,2,1,1,1,1,1,1,2,1,2,14,6,1,1,,2,2
9,63,4,5,2010,2,1,1,2,2,1,1,2,1,1,1,1,1,2,8,5,1,1,,2,2
9,63,4,6,2010,4,1,1,2,2,1,4,1,1,1,1,1,1,2,8,6,1,1,,1,2
7,63,4,2,2010,3,1,1,2,2,1,1,1,1,1,1,1,1,2,9,6,1,1,,2,2
14,58,4,1,2010,4,1,1,2,2,4,4,2,1,1,1,4,1,2,8,5,1,7,,2,2
2,65,4,10,2010,3,1,1,2,2,1,1,2,1,1,1,1,1,2,9,6,2,1,,2,2
6,58,4,12,2010,1,1,1,2,2,1,2,1,1,1,1,1,1,2,12,6,1,1,,2,2
1,67,4,6,2010,2,1,1,2,2,1,1,2,1,1,1,1,1,1,14,6,1,1,42,2,2
10,63,4,7,2010,2,1,1,2,2,2,1,1,1,1,1,5,1,1,4,6,1,1,40,2,2
8,63,4,3,2010,2,1,1,2,1,1,1,1,1,1,1,1,1,2,14,5,1,1,40,2,2
9,63,4,10,2010,2,1,1,2,2,1,1,1,1,1,1,1,1,2,9,6,1,1,32,2,2
9,63,4,5,2010,2,1,1,2,2,1,1,2,1,1,1,1,1,,9,5,1,1,48,2,2
6,63,4,4,2010,2,1,1,2,2,1,1,1,1,1,1,2,1,1,14,5,1,1,42,2,2
11,63,4,1,2010,3,1,1,2,2,1,1,2,1,1,1,1,1,2,14,6,1,1,,2,2
3,63,3,3,2010,3,1,1,2,2,1,1,2,1,1,1,3,1,2,9,6,2,1,40,2,2
5,57,4,11,2010,2,1,1,1,1,1,1,1,1,1,1,1,1,2,14,6,1,1,35,2,2
2,61,4,9,2010,4,1,1,2,2,1,4,1,1,1,1,1,1,2,12,10,1,1,,2,2
11,58,4,8,2010,1,1,1,2,2,1,1,1,1,1,1,3,1,2,9,6,1,1,36,2,2
2,65,4,10,2010,3,1,1,2,2,1,1,2,1,1,1,1,1,2,9,2,1,1,,2,2
5,58,1,8,2010,3,1,1,2,2,1,1,1,1,1,1,1,1,2,12,6,1,1,45,2,2
5,67,4,8,2010,3,1,1,2,2,1,1,4,1,1,3,3,1,2,5,6,1,1,25,2,2
9,57,4,12,2010,4,1,1,2,2,1,4,1,1,1,1,2,1,2,17,6,1,1,,2,2