Thana,District,Accident_Severity,Month,Year,Time,Junction_Type,Traffic_Control,Movement,Divider,Weather,Light,Road_Geometry,Surface_Condition,Surface_Type,Surface_Quality,Road_Class,Road_Feature,Location_Type,Vehicle_Type,Vehicle_Movement,Vehicle_Loading,Vehicle_Defect,Vehicle_Driver_Age,Vehicle_Alcohol,Vehicle_Seat_Belt
4,63,3,5,2010,3,1,1,2,2,1,1,1,1,1,1,1,1,2,9,6,1,1,,2,2
4,63,2,5,2010,4,1,1,2,2,1,2,1,1,1,1,1,1,2,13,6,1,1,,2,2
4,60,4,1,2010,2,1,1,2,2,1,1,1,1,1,1,4,1,2,8,5,1,1,38,2,2
10,63,4,11,2010,4,1,1,2,2,1,4,1,1,1,1,2,1,2,12,6,1,1,,2,2
8,63,4,5,2010,2,1,1,2,2,2,2,1,2,1,1,1,1,2,9,6,1,1,,2,2
6,60,4,5,2010,2,1,1,2,2,1,1,1,1,2,2,4,4,2,4,6,1,7,,2,2
6,60,4,1,2010,4,2,1,2,2,1,1,2,1,1,1,1,4,1,9,6,1,1,,2,2
3,61,1,6,2010,3,1,1,2,2,1,1,1,1,1,1,1,1,2,10,5,1,1,,2,2
8,63,4,9,2010,3,1,1,2,2,1,1,1,1,1,1,1,1,2,14,6,1,1,45,2,2
2,57,4,2,2010,3,1,1,2,2,1,1,1,1,1,1,3,1,2,17,6,1,1,26,2,2
10,58,4,10,2010,3,1,1,2,2,1,1,1,1,1,1,2,1,2,9,5,1,1,,2,2
1,60,4,10,2010,4,2,1,2,2,1,3,1,1,1,1,5,1,1,9,6,1,1,,2,2
8,63,4,6,2010,1,1,1,2,2,1,2,1,1,1,1,1,1,2,13,6,1,1,,2,2
9,57,4,4,2010,2,1,1,2,2,1,1,1,1,1,1,2,1,2,17,6,1,1,,2,2
8,57,4,8,2010,2,1,1,2,2,1,1,1,1,1,1,1,1,2,14,6,1,1,,2,2
1,57,4,5,2010,3,1,1,2,2,1,1,1,1,1,2,1,1,1,5,10,1,1,,2,2
6,66,1,8,2010,3,1,1,2,2,1,1,2,1,1,1,3,1,2,17,6,1,1,,2,2
1,47,4,1,2010,3,3,1,2,2,1,1,1,1,1,1,1,1,1,9,6,1,1,,2,2
2,47,4,2,2010,2,1,1,2,2,1,1,1,1,1,1,3,1,2,9,6,1,1,25,2,2
12,47,2,1,2010,1,1,1,2,2,1,3,2,1,1,1,1,2,2,14,6,1,1,,2,2
1,50,3,1,2010,2,1,1,2,2,1,1,1,1,1,1,2,1,2,12,6,1,1,,2,2
11,50,4,1,2010,4,1,1,2,2,1,2,1,1,1,3,2,1,2,12,6,1,1,,2,2
5,37,4,1,2010,2,1,1,2,2,1,1,1,1,3,2,4,1,2,19,6,2,6,30,2,2
4,38,4,2,2010,2,1,1,2,2,1,1,1,1,1,1,2,1,2,4,6,1,3,,2,2
3,38,4,2,2010,3,1,1,2,2,1,1,1,1,1,1,1,3,2,9,6,1,3,,2,2
7,48,4,2,2010,2,1,1,2,2,1,1,2,1,1,1,3,1,2,14,6,1,3,,2,2
3,44,4,2,2010,3,3,1,2,2,1,1,1,1,1,1,1,1,1,8,6,1,3,,2,2
1,49,4,2,2010,3,1,1,2,2,1,1,1,1,1,1,2,1,2,9,6,1,3,,2,2
2,45,4,2,2010,3,1,1,2,2,1,1,1,1,1,1,1,1,2,9,6,1,3,,2,2
1,37,3,2,2010,2,1,1,2,2,1,1,4,1,1,1,2,2,2,7,2,1,3,24,2,2
6,51,4,2,2010,4,1,1,2,2,1,2,3,1,1,1,3,1,2,13,6,1,3,35,2,2
2,47,4,2,2010,2,1,1,2,2,1,1,1,1,1,1,3,1,2,8,6,1,1,25,2,2
6,40,4,2,2010,2,1,1,2,2,1,1,1,1,1,1,1,1,2,9,6,1,1,38,2,2
3,40,4,2,2010,3,2,1,2,2,1,1,1,1,1,1,4,1,2,19,6,1,1,35,2,2
1,35,4,3,2010,3,2,1,2,2,1,1,1,1,1,1,1,1,2,9,6,1,1,,2,2
3,38,4,3,2010,2,1,1,2,2,1,2,1,1,1,1,1,1,2,14,6,1,1,,2,2
12,50,4,3,2010,3,1,1,2,2,1,1,1,1,1,1,4,1,2,10,5,1,1,,2,2
2,50,4,3,2010,3,1,1,2,2,1,1,1,1,1,1,4,1,2,15,6,1,3,,2,2
2,47,3,3,2010,1,1,1,2,2,1,4,1,1,1,1,1,1,2,14,6,1,1,30,2,2
8,47,4,3,2010,2,4,1,2,2,1,1,1,1,1,1,1,1,2,9,6,1,3,,2,2
12,47,3,3,2010,2,1,1,2,2,1,1,1,1,1,1,1,1,2,13,6,1,3,,2,2
5,45,1,3,2010,1,1,1,2,2,1,4,1,1,1,1,1,1,2,9,6,1,1,,2,2
2,49,4,3,2010,3,1,1,2,2,1,1,1,1,1,1,3,1,2,14,6,1,3,,2,2
9,51,4,3,2010,2,1,1,2,2,1,1,1,1,1,1,4,1,2,9,5,1,1,35,2,2
1,44,4,3,2010,3,1,1,2,2,1,1,1,1,1,1,5,1,1,14,2,1,1,32,2,2
4,44,3,1,2010,2,2,1,2,2,1,1,1,1,1,1,2,1,1,9,6,1,3,,2,2
3,44,4,4,2010,3,1,1,2,1,1,1,1,1,1,1,5,1,1,9,6,1,3,,2,2
4,41,4,3,2010,2,1,1,2,2,1,1,1,1,1,1,3,1,2,19,6,1,1,,2,2
6,45,3,4,2010,3,1,1,2,2,1,1,1,1,1,1,1,1,2,7,6,1,1,,2,2
1,48,4,4,2010,4,1,8,2,2,1,2,2,1,1,1,3,1,2,9,6,1,3,,2,2
1,40,3,3,2010,2,1,1,2,2,1,1,1,1,1,1,1,1,2,9,6,1,3,,2,2
1,40,4,4,2010,4,1,1,2,2,1,4,1,1,1,1,1,1,2,9,6,1,1,,2,2
6,40,4,4,2010,4,1,1,2,2,1,4,1,1,1,1,3,1,2,8,6,1,1,,2,2
3,40,4,4,2010,3,1,1,2,2,1,1,2,1,1,1,2,1,2,9,6,1,3,30,2,2
3,36,4,5,2010,2,2,1,2,2,1,1,1,1,1,1,1,1,2,9,5,1,1,,2,2
9,47,4,5,2010,2,1,1,2,2,1,1,1,1,1,1,1,1,2,9,6,1,1,,2,2
6,52,4,5,2010,4,1,1,2,2,1,2,1,1,1,1,3,1,2,9,6,1,1,32,2,2
1,52,4,5,2010,3,1,1,2,2,1,1,1,1,1,1,5,1,1,9,6,1,1,40,2,2
1,45,4,5,2010,3,1,1,2,2,1,1,1,1,1,1,4,1,2,7,6,1,3,40,2,2
3,39,4,5,2010,3,2,1,2,2,1,3,1,1,1,1,1,1,2,8,6,1,1,,2,2
4,39,4,4,2010,2,2,1,2,2,1,1,2,1,1,1,2,1,2,14,6,1,3,45,2,2
4,39,4,2,2010,3,1,1,2,2,1,1,1,1,1,1,4,1,2,13,2,1,1,,2,2
4,39,4,5,2010,2,2,1,2,2,1,1,2,1,1,1,4,1,2,6,5,2,6,22,2,2
2,40,4,6,2010,3,1,1,2,2,1,1,1,1,1,1,3,1,2,14,5,1,1,,2,2
1,47,4,6,2010,4,1,1,2,2,1,4,1,1,1,1,3,1,2,9,6,1,1,32,2,2
1,48,3,5,2010,3,1,1,2,2,1,1,1,1,1,1,1,1,2,10,6,1,1,25,2,2
4,36,4,5,2010,3,1,1,2,2,1,1,1,1,1,1,3,1,2,9,6,1,1,,2,2
1,38,4,6,2010,3,1,1,2,2,1,1,1,1,1,1,1,1,2,7,6,1,1,,2,2
11,50,4,7,2010,2,1,1,2,2,1,1,1,1,1,1,2,1,2,9,6,1,1,,2,2
6,50,4,7,2010,2,3,1,2,2,1,1,1,1,1,1,3,1,2,12,6,1,1,24,2,2
3,44,1,6,2010,3,1,1,2,2,1,1,1,1,1,1,1,1,2,9,6,1,1,33,2,2
5,44,4,5,2010,3,3,1,2,2,1,1,1,1,1,1,1,1,2,14,6,1,1,,2,2
1,38,3,7,2010,1,1,1,2,2,1,1,1,1,1,1,3,1,2,7,5,1,1,,2,2
4,35,4,7,2010,3,4,1,2,2,1,1,1,1,1,1,1,1,2,9,4,1,1,,2,2
5,40,4,7,2010,3,1,1,2,2,1,1,1,2,1,1,1,1,2,13,6,1,1,32,2,2
6,40,2,7,2010,1,1,1,2,2,1,4,1,1,1,1,1,1,2,9,5,1,3,34,2,2
2,36,3,8,2010,2,1,1,2,2,1,1,1,1,1,1,4,1,2,9,6,1,1,,2,2
1,49,4,8,2010,4,1,1,2,2,1,2,1,1,1,1,2,1,2,14,6,1,1,,2,2
2,49,3,8,2010,4,3,1,2,2,1,1,1,1,1,1,3,1,2,17,6,2,6,30,2,2
4,41,1,8,2010,2,1,1,,,1,1,1,1,1,1,2,1,1,14,6,1,1,,2,2
7,41,4,5,2010,2,2,4,2,2,1,1,1,1,1,1,1,1,1,15,6,1,1,35,2,2
7,41,4,7,2010,4,1,2,2,2,1,2,1,1,2,1,4,1,1,9,6,1,3,35,2,2
7,41,4,5,2010,2,1,1,2,2,1,1,1,1,1,1,4,1,2,15,6,1,3,,2,2
7,41,4,7,2010,4,1,1,2,2,1,4,1,1,1,1,2,1,1,13,6,1,1,,2,2
7,41,4,8,2010,3,1,2,2,2,1,1,1,1,1,1,1,1,1,14,6,1,3,28,2,2
7,41,4,5,2010,2,1,1,2,2,1,1,1,1,1,1,2,1,2,8,6,1,3,,2,2
7,41,3,8,2010,2,3,5,2,2,1,1,1,1,1,1,1,1,1,9,5,1,3,28,2,2
7,41,4,9,2010,3,1,1,2,2,1,1,2,1,1,1,2,1,1,5,6,1,3,,2,2
6,46,4,6,2010,4,2,1,2,2,1,3,1,1,1,1,1,1,1,19,6,1,3,,2,2
2,46,3,1,2010,1,1,1,2,2,1,4,1,1,1,1,1,1,2,14,6,1,3,,2,2
2,46,2,1,2010,2,1,1,2,2,1,1,2,1,1,1,1,1,2,9,6,1,3,,2,2
2,46,2,3,2010,4,1,1,2,2,1,1,1,1,1,1,2,1,2,9,6,1,3,,2,2
2,46,4,4,2010,3,1,1,2,2,1,2,1,1,1,1,1,1,1,9,6,1,3,,2,2
1,46,4,1,2010,2,1,1,2,2,1,2,1,1,1,1,1,1,2,14,6,1,3,,2,2
1,46,3,4,2010,4,2,1,2,2,1,1,1,1,1,1,5,1,1,5,6,1,3,20,2,2
8,50,4,7,2010,4,2,1,2,2,1,2,3,1,1,2,4,1,2,4,6,1,1,20,2,2
12,47,4,8,2010,3,5,8,2,2,1,1,1,1,1,1,1,1,1,9,6,1,1,,2,2
13,51,4,6,2010,2,1,1,2,2,1,1,1,1,1,1,4,1,2,6,6,2,6,22,2,2
3,51,3,8,2010,3,1,1,2,2,1,1,1,1,1,1,3,1,2,17,6,2,1,,2,2
3,15,4,8,2010,2,1,1,2,2,1,1,1,1,1,1,2,1,2,14,5,1,1,,2,2
8,47,4,9,2010,2,1,1,2,2,1,1,1,1,1,1,1,1,2,1,6,1,3,25,2,2
12,47,4,9,2010,2,1,1,2,2,1,1,1,1,1,1,1,1,2,9,6,1,1,25,2,2
12,47,4,9,2010,1,1,1,2,2,1,1,1,1,1,1,1,1,2,14,6,1,3,,2,2
12,47,4,9,2010,3,1,1,2,2,1,1,1,1,1,1,1,1,2,9,6,1,1,,2,2
1,38,3,9,2010,4,1,1,2,2,1,2,1,1,1,1,1,1,2,9,6,1,3,,2,2
1,45,4,9,2010,2,1,1,2,2,1,1,1,1,1,1,4,1,2,5,6,1,1,,2,2
1,40,4,8,2010,2,1,1,2,2,1,1,3,1,1,1,1,2,2,9,6,1,3,32,2,2
3,48,4,9,2010,2,3,1,2,2,1,1,1,1,1,1,4,1,2,5,6,1,1,29,2,2
4,43,4,9,2010,2,1,1,2,2,1,1,1,1,1,1,1,1,2,9,5,2,1,,2,2
1,52,4,5,2010,3,1,1,2,2,1,1,1,1,1,1,2,1,2,9,6,1,3,,2,2
6,44,4,10,2010,2,1,1,2,2,1,1,1,1,1,1,2,1,1,9,6,1,3,,2,2
7,44,4,10,2010,4,1,1,2,2,1,3,1,1,1,1,1,1,2,14,6,1,3,42,2,2
5,44,3,10,2010,3,2,1,2,2,1,1,1,1,1,1,3,1,1,14,6,1,3,,2,2
1,51,4,11,2010,2,1,1,2,2,1,1,1,1,1,1,2,1,1,17,6,2,3,,2,2
1,51,3,10,2010,1,2,1,2,2,1,2,3,1,1,1,2,1,2,12,6,1,1,26,2,2
7,41,4,10,2010,3,1,1,2,2,1,1,1,1,1,1,1,1,1,9,6,1,1,40,2,2
6,38,4,10,2010,3,1,1,2,2,1,1,1,1,1,1,1,1,2,14,5,1,3,,2,2
6,38,4,10,2010,3,1,1,2,2,1,1,1,1,1,1,1,1,2,9,6,1,3,,2,2
9,38,4,10,2010,3,1,1,2,2,1,1,3,1,1,1,3,1,2,14,6,1,3,,2,2
2,45,4,10,2010,2,1,1,2,2,1,1,1,1,1,1,1,1,2,14,6,1,3,,2,2
4,44,3,11,2010,2,3,1,2,2,1,2,2,1,1,1,2,1,2,9,6,1,3,,2,2
7,44,4,11,2010,4,3,1,2,2,1,3,1,1,1,1,1,1,2,6,6,1,1,,2,2
1,36,4,11,2010,2,1,1,2,2,1,1,1,1,1,1,1,1,2,9,6,1,3,,2,2
4,49,4,11,2010,4,1,1,2,2,1,2,1,1,1,1,3,1,2,7,6,1,3,20,2,2
7,41,3,11,2010,3,2,1,2,2,1,1,1,1,1,1,3,1,1,14,6,1,1,35,2,2
7,41,4,11,2010,2,1,1,2,2,1,1,1,1,1,1,2,1,1,4,6,1,1,22,2,2
6,52,4,11,2010,2,2,1,2,2,1,1,1,1,1,1,3,1,2,8,4,1,1,32,2,2
1,52,2,11,2010,1,1,1,2,2,1,2,1,1,1,1,5,2,2,14,6,1,1,,2,2
7,41,4,12,2010,3,1,1,2,2,1,1,1,1,1,1,2,1,1,10,6,1,3,,2,2
5,47,4,12,2010,3,1,1,2,2,1,1,1,1,1,1,1,1,2,6,6,1,3,,2,2
1,48,4,10,2010,3,1,1,2,2,1,1,1,1,1,1,1,1,1,14,6,1,3,,2,2
1,48,3,10,2010,2,2,1,2,2,1,1,1,1,1,1,5,1,1,6,6,1,1,35,2,2
3,48,3,11,2010,2,3,1,2,2,1,1,1,1,1,1,3,2,2,14,6,1,1,,2,2
7,48,4,11,2010,3,1,1,2,2,1,1,2,1,1,1,5,1,1,14,2,1,3,27,2,2
3,40,4,10,2010,1,1,1,2,2,1,2,1,1,1,1,1,1,2,9,6,1,3,43,2,2
1,40,4,11,2010,2,1,1,2,2,1,1,1,1,1,1,1,1,2,9,6,1,3,,2,2
2,40,4,11,2010,3,1,1,2,2,1,1,3,1,1,1,3,1,2,17,6,1,6,,2,2
13,50,4,11,2010,2,3,1,2,2,1,1,1,1,1,1,2,1,2,14,6,1,3,,2,2
3,38,4,12,2010,3,1,1,2,2,1,1,1,1,1,1,1,1,2,9,6,1,3,,2,2
1,39,4,12,2010,2,1,1,2,2,1,1,1,1,1,1,4,1,2,16,5,1,3,45,2,2
1,39,4,12,2010,2,1,1,2,2,1,1,1,1,1,1,2,1,1,13,6,1,1,35,2,2
2,39,4,10,2010,4,1,1,2,2,1,2,1,1,1,1,4,4,2,6,6,1,3,,2,2
1,52,4,12,2010,3,1,1,2,2,1,1,1,1,1,1,4,1,2,13,6,1,1,25,2,2
3,38,4,9,2010,2,1,4,2,2,1,1,1,1,1,1,1,1,2,9,6,1,6,,2,1
3,40,4,4,2010,4,1,1,2,2,1,4,1,1,1,1,2,1,2,9,5,1,1,55,2,2
7,41,4,12,2010,3,3,1,2,2,1,1,1,1,1,1,2,1,2,14,6,1,3,,2,2
1,49,4,5,2010,3,1,1,2,2,1,2,1,1,1,1,2,1,2,5,3,1,3,,2,2
1,36,4,12,2010,2,3,1,2,2,4,2,1,1,1,1,2,1,2,12,6,1,1,32,2,2
7,51,4,5,2010,2,1,1,2,2,1,1,1,1,1,1,3,1,2,8,6,2,6,28,2,2
3,51,4,8,2010,2,1,1,2,2,1,1,1,1,1,1,2,1,2,14,5,1,1,30,2,2
6,38,4,6,2010,1,1,2,2,2,1,2,1,1,1,1,1,1,2,9,6,1,1,,2,2
6,45,4,6,2010,2,1,1,2,2,1,1,1,1,1,1,1,1,2,9,6,1,1,,2,2
1,45,4,8,2010,3,1,1,2,2,1,1,1,1,1,1,1,1,2,9,6,1,1,,2,2
7,44,3,8,2010,3,2,1,2,2,1,1,1,1,1,1,1,1,1,12,6,1,3,32,2,2
2,49,4,10,2010,3,3,1,2,2,1,1,1,1,1,1,4,1,2,9,1,1,3,,2,2
28,42,1,1,2010,3,1,1,1,1,1,1,1,1,1,1,5,1,1,8,6,1,1,19,2,2
23,42,4,1,2010,1,3,4,1,1,1,3,1,1,1,1,1,1,1,14,6,1,1,42,1,2
33,42,4,2,2010,2,1,1,2,1,1,1,1,1,1,1,1,1,1,9,6,1,1,40,2,2
23,42,4,2,2010,3,1,1,1,1,1,1,1,1,1,1,1,1,1,8,6,1,1,34,2,2
2,42,4,2,2010,4,1,4,1,1,1,3,1,1,1,1,2,1,1,12,6,1,1,35,2,2
32,42,4,1,2010,4,2,4,1,1,1,3,1,1,1,1,5,1,1,19,6,1,1,40,1,2
14,42,4,2,2010,4,1,1,1,1,1,3,1,2,1,1,1,1,1,10,6,1,1,35,2,2
7,42,4,3,2010,2,1,1,1,1,1,1,1,1,1,1,5,1,1,9,6,2,1,35,2,2
9,42,4,3,2010,1,2,4,2,1,1,2,1,1,1,1,5,1,1,14,6,1,1,42,1,2
11,42,2,3,2010,3,2,4,1,1,1,1,1,1,1,1,5,1,1,8,6,1,1,40,2,2
21,42,3,4,2010,4,2,1,1,1,1,4,1,1,1,1,5,1,1,5,6,1,1,28,2,2
16,42,4,3,2010,2,3,5,1,1,1,1,1,1,1,1,5,1,1,8,5,1,1,40,2,2
38,42,4,4,2010,1,1,1,2,2,1,3,4,1,1,2,5,1,1,13,6,1,1,40,2,2
23,42,2,1,2010,1,1,2,1,1,1,1,1,1,1,1,1,1,1,8,6,1,1,35,2,2
15,42,3,4,2010,2,1,1,2,1,1,1,1,1,1,1,2,1,1,8,6,1,1,38,2,2
23,42,4,5,2010,1,1,1,1,1,1,3,1,1,1,1,1,1,1,15,6,1,1,25,1,2
24,42,3,4,2010,4,1,1,2,2,1,3,1,1,1,1,1,1,1,14,6,1,7,40,1,2
35,42,4,5,2010,4,3,4,2,2,1,3,1,1,1,1,1,1,1,14,6,1,3,28,1,2
37,42,4,5,2010,2,1,6,2,1,1,1,1,1,1,1,5,1,1,9,6,1,1,38,1,2
22,42,3,5,2010,2,1,1,2,1,1,1,1,1,1,1,1,1,1,7,6,1,1,30,1,2
36,42,4,1,2010,4,1,1,2,1,1,3,1,1,1,1,5,1,1,9,6,1,1,27,1,2
18,42,4,6,2010,3,3,1,1,1,1,1,1,1,1,1,5,1,1,9,6,1,1,30,1,2
20,42,3,6,2010,2,1,1,2,2,2,4,1,2,1,1,5,1,1,13,6,1,6,32,2,2
40,42,4,6,2010,1,1,1,1,1,1,2,1,1,1,1,5,1,1,9,6,1,1,45,1,2
9,42,4,6,2010,1,1,1,2,1,1,3,1,1,1,1,5,1,1,9,6,1,1,35,2,2
12,42,3,6,2010,2,1,1,1,1,1,1,1,1,1,1,5,1,1,9,6,1,1,35,2,2
29,42,2,5,2010,3,2,6,1,1,1,3,3,1,1,1,5,1,1,,6,,,,,
2,42,4,1,2010,4,1,1,1,1,1,2,1,1,1,1,5,1,1,9,6,1,3,40,2,2
2,42,3,3,2010,2,1,1,2,2,1,1,1,1,1,1,5,1,1,19,6,1,1,30,2,2
1,42,3,3,2010,3,3,4,2,1,1,1,1,1,1,1,5,1,1,10,6,1,1,20,2,2
1,42,3,6,2010,3,1,4,2,1,1,1,1,1,1,1,5,1,1,9,6,1,1,35,2,2
14,42,4,2,2010,4,1,1,2,1,1,3,1,1,1,1,1,1,1,10,6,1,1,35,2,2
22,42,4,7,2010,1,1,6,2,1,1,3,1,1,1,1,1,1,1,10,6,1,1,23,2,2
24,42,3,7,2010,2,1,1,2,2,1,1,1,1,1,1,1,1,1,12,6,1,7,30,2,2
21,42,4,8,2010,1,7,4,2,2,1,2,3,1,1,1,1,1,1,12,6,1,1,30,2,2
22,42,4,8,2010,4,1,1,2,1,1,3,1,1,1,1,1,1,1,9,6,1,7,40,1,2
22,42,4,8,2010,2,1,1,2,1,1,2,1,1,1,1,1,1,1,9,6,1,1,38,2,2
15,42,4,6,2010,,1,1,2,2,1,1,1,1,1,1,5,1,1,9,6,1,1,1,1,2
15,42,4,7,2010,4,1,1,2,1,1,3,1,1,1,1,5,1,1,8,6,1,1,35,2,2
16,42,4,8,2010,3,3,1,1,1,1,1,1,1,1,1,1,1,1,9,6,1,1,38,2,2
23,42,1,8,2010,1,1,1,1,1,1,1,1,1,1,1,1,1,1,6,1,1,2,35,2,2
36,42,3,9,2010,2,1,1,1,1,1,1,3,1,1,1,1,1,1,9,6,1,1,35,2,2
24,42,4,9,2010,2,1,1,2,2,1,1,1,1,1,1,1,1,1,9,6,1,7,40,2,2
14,42,2,9,2010,4,1,1,1,1,1,3,1,1,1,1,1,1,1,10,6,1,1,20,2,2
22,42,4,9,2010,2,1,4,2,1,1,3,1,1,1,1,1,1,1,2,6,1,1,30,1,2
40,42,3,11,2010,1,2,4,1,1,1,4,1,1,1,1,5,1,1,9,6,1,1,32,1,1
25,42,4,10,2010,1,1,1,2,2,1,2,1,1,1,1,3,1,1,14,6,2,1,40,1,2
19,42,3,9,2010,2,1,1,2,2,1,2,1,1,1,1,5,1,1,6,6,1,1,28,1,2
2,42,4,11,2010,4,2,4,1,1,1,3,1,1,1,1,5,1,1,14,6,1,1,42,1,2
28,42,4,10,2010,1,2,4,1,1,1,1,1,1,1,1,5,1,1,14,6,1,1,42,1,2
3,42,4,10,2010,3,3,4,1,1,1,2,1,1,1,1,1,1,1,10,6,1,1,30,1,2
11,42,2,10,2010,4,1,4,1,1,1,3,1,1,1,1,1,1,1,9,6,1,1,34,2,2
25,42,3,11,2010,1,1,1,2,2,1,1,2,1,1,1,5,1,1,7,6,1,1,30,2,2
32,42,4,11,2010,1,1,2,1,1,3,1,1,1,1,1,5,1,1,7,6,1,1,30,2,2
32,42,4,12,2010,3,1,1,1,1,1,1,1,1,1,1,5,1,1,14,6,1,1,42,2,2
6,42,4,9,2010,4,3,1,2,2,1,4,3,1,1,1,5,1,1,,6,,,,,
39,42,4,6,2010,1,1,1,1,1,1,2,1,1,1,1,5,1,1,9,6,1,1,45,1,2
39,42,3,11,2010,1,1,4,1,1,1,4,1,1,1,1,5,1,1,9,6,1,1,32,1,1
7,42,4,9,2010,2,3,1,2,2,1,4,4,1,1,1,5,1,1,9,6,1,1,,1,1
12,42,4,7,2010,2,1,1,2,1,1,3,1,1,1,1,1,1,1,9,6,1,1,36,2,2
8,42,4,7,2010,4,1,1,2,1,1,3,1,1,1,1,5,1,1,9,6,1,1,36,2,2
8,42,1,6,2010,2,1,1,2,1,1,1,1,1,1,1,5,1,1,9,6,1,1,35,2,1
1,26,2,3,2010,4,1,1,2,2,1,3,1,1,1,1,1,1,2,12,10,1,,,,
4,26,4,3,2010,2,4,1,2,2,1,1,4,1,3,1,3,1,2,19,1,1,1,,,
4,26,4,4,2010,3,1,1,2,2,1,1,1,1,1,1,2,1,2,14,6,1,1,,,
4,26,4,5,2010,4,1,1,2,2,1,3,1,1,1,1,1,1,2,14,6,1,1,,,
6,26,4,3,2010,3,3,1,2,1,1,1,1,1,1,1,2,1,2,9,6,1,1,,1,2
8,26,4,9,2010,2,1,1,2,2,1,1,1,1,1,1,1,1,2,9,,1,1,35,1,2
8,26,4,10,2010,2,1,1,2,2,1,1,1,1,1,1,2,1,2,9,6,1,1,30,1,2
3,29,4,9,2010,4,1,1,2,2,1,2,1,1,1,1,2,1,2,9,6,1,1,,1,2
8,29,4,3,2010,2,1,1,2,2,1,1,2,1,1,1,1,1,2,13,6,1,1,,1,2
1,20,4,1,2010,2,1,1,2,2,1,1,1,1,1,1,1,1,2,4,6,1,1,,1,2
1,20,4,3,2010,4,1,1,2,2,1,2,1,1,1,1,2,1,2,9,6,1,1,,1,2
1,20,4,10,2010,3,1,1,2,2,1,1,1,1,1,1,1,1,2,13,6,1,1,35,1,2
1,20,3,11,2010,2,1,1,2,2,1,3,2,2,2,2,2,1,2,7,6,1,1,38,1,2
2,20,4,3,2010,3,1,1,2,2,1,1,2,1,1,1,2,1,2,12,6,1,1,,1,2
2,20,4,4,2010,2,1,1,2,2,1,2,1,1,1,1,2,1,2,13,6,1,1,50,1,2
2,20,4,5,2010,3,1,1,2,2,1,1,1,1,1,1,1,5,2,13,6,1,1,,1,2
1,19,4,1,2010,3,1,1,2,2,1,2,1,1,1,1,1,1,2,12,6,1,1,,1,2
2,19,4,1,2010,2,1,1,2,2,1,1,1,1,1,1,1,1,2,14,6,1,1,25,1,2
3,19,4,7,2010,1,1,1,2,2,1,1,2,1,2,2,4,1,2,4,6,1,1,,1,2
4,25,4,1,2010,3,1,1,1,1,1,1,1,1,1,1,2,1,2,13,6,1,7,,1,2
4,25,3,1,2010,2,1,1,2,2,1,1,1,1,1,1,2,1,2,13,6,1,7,,1,2
4,25,3,5,2010,1,1,1,2,2,1,1,1,1,1,1,2,1,2,12,6,1,7,,1,2
4,25,4,12,2010,3,1,1,2,2,1,1,1,1,1,1,2,1,2,13,10,1,7,,1,2
5,25,4,8,2010,3,1,1,1,2,1,1,1,1,1,1,2,1,2,8,6,1,7,,1,2
5,25,4,10,2010,2,1,1,2,2,1,1,1,1,1,1,4,1,2,19,6,1,7,,1,2
5,25,4,8,2010,2,1,1,2,2,2,1,1,2,1,1,2,1,2,8,6,1,7,,1,2
7,25,4,7,2010,3,1,1,1,2,2,1,1,2,1,1,2,1,2,13,6,1,7,,1,2
7,25,4,8,2010,2,1,1,1,2,1,1,1,1,1,1,2,1,2,16,6,1,7,42,1,2
8,25,4,1,2010,2,1,1,2,2,1,1,1,1,1,1,2,1,2,13,6,1,1,,1,2
1,24,4,2,2010,2,7,1,2,2,1,1,1,1,1,1,1,1,1,13,6,1,1,,1,2
1,24,4,3,2010,4,1,1,2,2,1,2,1,1,1,1,1,1,1,9,6,1,7,,1,2
1,24,4,4,2010,2,1,1,2,2,1,1,1,1,1,1,2,1,2,14,6,1,1,,1,2
1,24,4,5,2010,2,1,1,2,2,1,1,1,1,1,1,4,1,2,13,6,1,1,,1,2
1,24,4,8,2010,1,1,1,2,2,1,2,1,1,1,1,1,1,2,13,6,1,3,,1,2
1,24,4,10,2010,4,1,1,2,2,1,3,1,1,1,1,1,1,1,14,6,1,7,,1,2
2,24,2,2,2010,1,1,1,2,2,1,3,1,1,1,1,2,1,2,12,6,2,7,,1,2
3,24,4,11,2010,2,1,1,2,2,1,1,1,1,1,1,1,1,2,9,6,1,7,,1,2
5,24,4,9,2010,3,1,1,2,2,1,1,1,1,1,1,1,1,2,14,6,1,1,25,1,2
7,24,4,2,2010,2,1,1,2,2,1,1,1,1,1,1,2,1,2,8,6,1,7,,1,2
8,24,4,10,2010,2,1,1,2,2,1,1,1,1,1,1,2,1,2,9,6,1,7,,1,2
3,21,3,7,2010,3,1,1,1,1,1,1,1,1,1,1,4,1,2,4,6,1,7,,1,2
4,21,4,3,2010,3,1,1,2,2,1,1,1,1,1,1,2,1,2,14,6,2,3,,1,2
5,21,4,5,2010,3,1,1,1,1,1,1,1,1,1,1,2,1,2,17,6,1,7,25,1,2
5,21,4,6,2010,2,1,1,1,1,1,1,1,1,1,1,4,1,2,8,6,1,7,,1,2
3,23,4,7,2010,4,1,1,2,2,1,2,1,1,1,1,2,1,2,8,6,1,7,,1,2
3,23,4,12,2010,2,1,1,2,2,1,1,1,1,1,1,2,1,2,14,6,1,7,30,1,2