Thana,District,Accident_Severity,Month,Year,Time,Junction_Type,Traffic_Control,Movement,Divider,Weather,Light,Road_Geometry,Surface_Condition,Surface_Type,Surface_Quality,Road_Class,Road_Feature,Location_Type,Vehicle_Type,Vehicle_Movement,Vehicle_Loading,Vehicle_Defect,Vehicle_Driver_Age,Vehicle_Alcohol,Vehicle_Seat_Belt
1,22,4,5,2010,3,1,1,2,2,1,1,1,1,1,1,1,1,2,9,6,1,7,,1,2
1,22,4,5,2010,4,1,1,2,2,1,3,1,1,1,1,1,1,1,7,6,1,7,,1,2
1,22,4,6,2010,2,4,1,2,2,1,1,2,1,1,1,2,1,2,4,6,1,7,35,1,2
2,22,4,11,2010,3,1,1,2,2,1,1,1,1,1,1,4,1,2,4,6,1,7,,1,2
1,18,4,2,2010,3,1,1,2,2,1,3,1,1,1,1,1,1,2,14,6,1,7,,1,2
1,18,4,2,2010,2,1,1,2,2,1,1,1,1,1,1,1,1,1,14,6,1,7,42,1,2
1,18,4,5,2010,1,1,1,2,2,1,2,3,1,1,1,1,1,2,14,6,2,7,,1,2
1,18,4,12,2010,3,1,1,1,1,1,1,1,1,1,1,1,1,2,14,6,1,7,,1,2
2,18,4,5,2010,2,1,1,2,2,1,1,1,1,1,1,2,1,2,9,6,1,7,40,1,2
2,18,4,12,2010,3,3,1,2,2,1,1,1,1,1,1,1,1,2,14,6,1,7,,1,2
2,18,3,12,2010,3,1,1,2,2,1,1,1,1,1,1,4,1,2,4,6,1,7,,1,2
3,18,4,3,2010,1,1,1,1,1,1,1,1,1,1,1,2,1,2,4,1,1,7,,1,2
3,18,4,10,2010,3,1,1,1,2,1,1,1,1,1,1,2,1,2,8,6,1,7,,1,2
6,18,2,2,2010,3,1,1,1,1,1,1,2,1,1,1,1,1,2,14,6,1,7,,1,2
6,18,4,6,2010,3,1,1,2,2,1,1,1,1,1,1,4,1,2,14,6,1,7,,1,2
6,18,4,7,2010,3,3,1,2,2,1,1,1,1,1,1,2,1,2,14,6,1,7,,1,2
7,18,4,3,2010,2,1,1,2,2,1,1,1,1,1,1,1,1,2,14,6,1,7,,1,2
7,18,4,6,2010,3,3,1,1,2,1,1,1,1,1,1,2,1,2,14,6,1,7,,1,2
1,18,4,5,2010,2,1,1,2,1,1,1,1,1,1,1,4,1,2,8,6,2,7,40,1,2
1,25,4,8,2010,3,1,1,1,2,1,1,1,1,1,1,1,2,2,14,6,1,1,,2,2
2,28,4,1,2010,3,1,1,2,1,1,1,1,1,1,1,1,1,1,6,6,1,1,,1,2
2,28,4,1,2010,3,1,1,2,2,1,1,1,1,1,1,1,1,1,8,5,1,1,,1,2
4,28,4,5,2010,4,2,1,2,2,1,2,1,1,1,1,1,1,1,9,6,1,1,,1,2
3,28,4,1,2010,3,1,1,2,2,1,1,1,1,1,1,1,1,1,12,5,1,1,35,2,2
5,28,4,10,2010,3,1,1,2,1,1,1,1,1,1,1,5,1,1,12,6,1,1,28,1,2
1,28,3,10,2010,2,1,1,2,2,1,1,1,1,1,1,3,1,1,14,6,1,1,,1,2
4,28,1,11,2010,4,1,1,2,2,1,2,1,1,1,1,1,1,1,14,6,1,1,36,2,2
5,28,4,2,2010,3,5,1,2,1,1,1,1,1,1,1,5,1,1,11,1,1,1,,1,2
2,28,4,10,2010,2,1,1,2,2,1,1,1,1,1,1,1,1,2,10,6,1,1,58,2,2
2,28,4,10,2010,2,1,1,2,2,1,1,1,1,1,1,1,1,1,19,6,1,1,58,1,2
3,13,4,1,2010,3,1,1,2,2,1,1,1,1,1,1,3,3,2,9,5,1,7,,1,2
4,13,4,3,2010,3,3,1,2,2,1,1,1,1,1,1,4,1,1,12,6,1,1,,2,2
1,12,4,3,2010,2,4,3,2,2,1,1,1,1,1,1,2,1,1,9,6,1,1,,2,2
4,12,4,1,2010,3,7,1,2,2,1,1,1,1,1,1,3,1,2,4,6,1,1,22,2,2
1,12,4,2,2010,2,1,1,2,2,1,1,1,1,1,1,2,1,1,8,4,1,1,,1,2
1,12,4,4,2010,3,7,8,1,2,1,1,1,1,1,1,4,1,1,14,6,1,1,,2,2
5,12,3,4,2010,2,1,1,2,2,1,1,1,1,1,1,4,1,2,12,6,1,1,35,2,2
1,12,4,5,2010,2,1,1,2,2,1,1,1,1,1,1,2,1,2,14,6,1,1,,2,2
10,11,4,1,2010,3,3,1,2,2,1,1,1,1,1,1,4,1,2,19,1,2,7,,2,2
6,11,4,2,2010,3,1,1,2,2,1,1,1,1,1,1,2,1,2,14,6,1,1,,2,2
5,11,4,2,2010,2,3,1,2,2,1,1,1,1,1,1,2,1,2,14,6,1,1,42,2,2
5,15,4,1,2010,4,7,8,2,2,4,4,2,1,1,1,4,1,1,8,2,1,1,29,2,2
5,15,4,2,2010,2,1,8,2,2,1,4,1,1,1,1,4,1,2,9,6,1,7,25,2,2
1,15,4,1,2010,3,3,1,2,2,1,1,1,1,1,1,1,1,1,14,6,1,5,45,2,2
1,15,4,2,2010,3,1,2,2,2,1,1,1,1,1,1,1,1,2,14,4,1,1,,2,2
9,17,4,3,2010,2,1,1,2,2,1,1,1,1,1,1,4,1,2,8,4,1,7,28,2,2
2,17,4,3,2010,3,7,8,2,2,1,1,4,1,1,1,4,1,2,7,11,1,1,32,2,2
3,17,4,2,2010,2,2,8,2,2,1,1,1,1,1,1,1,1,2,14,1,1,1,,2,2
8,17,4,2,2010,2,7,1,2,2,1,1,1,1,1,1,4,1,2,7,6,1,1,,2,2
8,17,3,3,2010,4,1,1,2,2,1,4,1,1,1,1,4,1,2,14,6,2,1,40,2,2
3,16,4,3,2010,2,1,1,2,2,1,1,1,1,1,1,4,1,2,19,6,2,1,,2,2
5,16,3,4,2010,1,1,1,2,2,1,1,1,1,1,1,3,1,2,8,6,2,1,39,2,1
7,16,4,2,2010,2,3,1,2,2,1,1,1,1,1,1,2,1,1,14,6,1,1,,2,2
11,16,4,2,2010,2,1,1,2,2,1,1,1,1,1,1,3,1,2,13,6,1,1,,1,2
11,16,2,1,2010,4,7,1,2,2,1,4,1,1,1,1,1,1,2,13,6,1,1,,2,2
2,9,4,2,2010,2,7,1,2,2,1,2,1,1,1,2,3,1,2,6,4,1,1,,2,2
3,9,4,2,2010,3,7,8,2,2,1,1,1,1,1,1,3,1,1,19,6,1,1,,2,2
4,9,3,2,2010,4,7,8,2,2,1,1,1,1,1,1,2,1,1,14,6,1,1,,2,2
2,9,4,1,2010,3,1,8,2,2,1,2,1,1,1,1,2,1,2,19,6,1,1,30,1,2
4,9,4,1,2010,4,7,8,1,2,1,2,1,1,1,2,2,1,2,14,6,1,1,,2,2
12,9,4,1,2010,3,1,1,2,2,1,1,1,1,1,1,1,1,2,13,6,1,1,,2,2
10,9,4,1,2010,3,7,8,2,2,1,1,1,5,1,1,1,1,1,9,6,1,1,,2,2
12,9,4,3,2010,2,7,8,2,2,1,1,1,1,1,1,1,1,1,19,6,1,1,,2,2
10,9,3,4,2010,3,3,1,2,2,1,1,2,1,1,1,1,1,2,19,6,2,1,45,2,2
12,9,4,4,2010,3,7,8,2,2,1,1,4,5,1,1,1,2,1,8,6,1,1,,2,2
1,9,3,4,2010,3,7,8,2,2,1,1,1,1,1,1,1,1,1,19,6,1,1,,2,2
5,9,4,4,2010,2,1,1,2,2,1,2,1,1,1,1,4,1,2,19,5,1,1,,2,2
2,7,4,1,2010,2,7,1,2,2,1,1,1,1,1,1,4,1,2,1,6,1,7,,2,2
1,7,4,1,2010,2,1,1,2,2,1,1,1,1,1,1,1,1,1,14,6,1,1,38,2,2
8,7,4,2,2010,2,7,1,2,2,1,2,1,1,1,1,1,2,2,6,6,1,1,30,2,2
1,7,4,3,2010,1,1,1,2,2,1,1,1,1,1,1,1,1,1,8,6,1,7,42,2,2
1,6,3,3,2010,2,7,1,2,2,1,1,2,1,1,1,1,1,1,9,2,1,7,,2,2
1,6,4,3,2010,3,7,1,2,2,1,1,1,1,1,3,4,1,2,4,4,1,7,32,2,2
3,6,4,1,2010,4,2,8,2,2,1,2,1,1,1,1,4,1,2,14,5,1,7,42,2,2
2,6,4,2,2010,2,7,1,2,2,1,3,1,1,1,1,1,1,2,9,5,1,7,40,2,2
1,6,3,4,2010,3,7,1,2,2,1,1,1,1,1,1,3,1,2,4,6,1,7,25,2,2
3,8,4,4,2010,2,7,8,2,2,1,1,1,1,1,1,1,1,1,4,6,1,7,,2,2
6,8,4,1,2010,3,1,1,2,2,4,1,1,1,1,1,3,1,2,19,6,1,6,,2,2
4,10,3,2,2010,3,7,1,2,2,1,1,1,1,1,1,2,1,2,7,5,1,1,35,2,2
1,2,4,3,2010,4,7,1,2,2,1,4,1,1,1,1,3,1,2,17,7,1,7,24,2,2
1,2,3,1,2010,3,7,1,2,2,1,1,1,1,1,1,1,1,1,1,6,1,7,,2,2
1,2,4,4,2010,3,7,1,2,2,1,1,1,1,1,1,1,1,2,17,11,1,7,,2,2
2,2,4,4,2010,1,7,1,2,2,1,1,1,1,1,1,3,1,2,8,11,1,7,,2,2
13,3,4,1,2010,4,2,1,2,2,4,4,1,1,1,1,3,1,2,4,6,1,7,,2,2
13,3,4,2,2010,3,7,1,2,2,1,1,1,1,1,1,1,1,2,7,6,1,7,,2,2
1,9,4,8,2010,3,4,1,2,2,1,1,1,1,1,1,5,1,1,12,2,1,1,24,2,2
12,9,1,8,2010,2,7,1,2,2,1,1,1,1,1,1,1,1,2,9,11,1,7,,2,2
4,9,4,8,2010,2,1,1,2,2,1,1,1,1,1,1,2,1,2,9,1,1,1,,2,2
10,9,3,8,2010,3,1,1,2,2,1,1,1,1,1,1,1,1,2,14,4,1,1,,1,2
10,9,4,8,2010,3,1,8,2,2,1,1,1,1,1,1,1,1,1,9,6,2,1,,2,2
7,11,4,4,2010,2,1,1,2,2,1,1,1,1,3,1,4,1,2,17,2,1,1,,2,2
6,9,3,6,2010,3,1,1,2,2,1,1,1,1,1,1,2,1,2,13,6,1,1,,2,2
10,9,3,7,2010,4,1,1,2,2,1,1,1,1,1,1,4,1,2,14,6,2,1,35,1,2
10,9,4,7,2010,3,1,1,2,2,1,1,1,1,1,1,1,1,2,14,6,1,7,31,2,2
10,9,4,7,2010,3,3,1,2,2,1,1,1,1,1,1,1,1,2,13,6,1,1,38,2,2
6,5,3,5,2010,2,7,1,2,2,1,1,1,1,1,1,1,1,1,9,6,2,1,,2,2
5,5,4,7,2010,2,7,1,2,2,2,1,1,2,1,1,1,1,2,4,6,1,1,32,2,1
2,5,3,6,2010,4,7,8,2,2,1,4,1,1,1,1,4,1,2,19,6,1,1,30,2,2
1,6,4,5,2010,2,7,1,2,2,1,1,1,1,1,1,1,1,2,10,6,1,1,20,1,2
1,6,4,5,2010,2,7,1,2,2,2,1,1,1,1,1,1,1,2,11,6,1,1,,1,2
4,6,1,5,2010,2,7,1,2,2,1,1,1,1,1,1,4,1,2,14,6,1,1,,2,2
7,8,4,8,2010,2,7,8,2,2,1,1,1,1,1,1,3,1,2,19,6,2,7,32,2,2
11,16,3,8,2010,3,1,1,2,2,1,1,1,1,1,1,1,1,2,5,6,1,1,,2,2
1,5,3,8,2010,3,1,1,2,2,1,1,1,1,1,1,1,1,1,16,6,1,1,45,2,2
1,5,1,8,2010,1,1,1,2,2,1,1,1,1,1,1,1,1,1,12,6,1,1,23,2,2
2,5,4,8,2010,3,7,1,2,2,1,1,1,1,1,1,3,1,2,4,6,1,1,,2,2
13,3,4,5,2010,2,1,8,1,2,1,1,1,1,1,1,4,1,1,14,6,1,1,,1,2
8,3,4,6,2010,2,1,1,2,2,2,2,1,2,1,1,2,1,2,7,6,2,7,30,2,2
4,3,4,7,2010,2,7,1,2,2,1,2,1,1,1,1,1,1,1,19,11,1,1,,2,2
6,4,4,6,2010,4,1,1,2,2,1,1,1,1,1,1,1,1,1,7,6,1,1,25,2,2
1,2,4,7,2010,4,1,1,2,2,1,1,1,2,1,1,3,1,1,17,5,2,7,,1,2
1,1,4,3,2010,3,1,1,2,2,1,1,1,1,1,2,1,1,2,1,6,1,1,,2,2
10,9,4,6,2010,2,1,1,2,2,1,1,1,1,1,1,1,1,2,13,4,1,1,,2,2
10,9,4,6,2010,4,1,1,1,2,1,4,1,1,1,1,1,1,2,4,6,2,1,,2,2
9,9,4,6,2010,1,7,8,2,2,1,1,1,1,1,1,4,1,2,8,11,1,7,,1,1
12,9,4,6,2010,4,7,1,2,2,1,4,1,1,1,1,1,1,1,9,6,1,1,46,2,2
11,16,3,6,2010,1,1,8,2,2,1,4,1,1,1,1,2,1,2,11,5,1,1,50,2,2
10,16,3,6,2010,1,7,1,2,2,1,4,1,1,1,1,1,2,2,13,10,1,1,40,2,2
10,16,4,6,2010,4,3,1,2,2,1,4,1,1,1,1,1,1,2,18,10,1,1,,2,2
1,15,3,1,2010,3,7,8,2,2,1,1,1,1,1,1,1,1,1,10,6,1,1,25,2,2
1,15,4,3,2010,2,1,1,2,2,1,1,1,1,1,1,1,1,2,19,10,1,1,42,2,2
1,15,4,5,2010,2,1,1,2,2,1,1,1,1,1,1,1,1,2,13,5,1,1,,2,2
1,15,2,1,2010,3,7,6,2,2,1,1,1,5,1,1,1,1,2,17,2,1,1,25,2,2
1,15,4,7,2010,2,1,1,2,2,1,1,1,1,1,1,1,1,2,9,5,1,1,,2,2
3,15,4,3,2010,2,1,8,1,2,1,1,1,1,1,1,1,2,,7,6,1,1,32,2,2
3,15,4,5,2010,2,2,8,2,2,1,1,1,1,1,1,1,1,1,14,6,1,1,,2,2
5,12,4,6,2010,3,1,1,2,2,2,1,1,2,1,1,3,1,2,14,5,2,1,,1,2
5,12,4,6,2010,4,1,1,2,2,1,1,1,2,1,2,3,1,2,13,6,1,1,22,2,2
5,12,4,6,2010,4,7,8,2,2,1,2,1,1,1,1,3,1,1,4,5,1,1,,2,2
6,13,3,9,2010,3,4,8,2,1,1,1,1,1,1,1,2,1,2,9,2,1,7,,2,2
8,13,4,10,2010,3,1,4,2,2,1,1,1,1,1,1,1,1,1,9,6,1,7,,2,2
1,12,4,10,2010,4,1,1,1,2,1,2,1,1,1,1,5,1,1,4,6,1,1,,2,2
1,12,4,10,2010,2,7,1,2,2,1,1,1,1,1,1,2,1,2,7,6,1,1,,2,2
5,12,3,9,2010,2,4,8,2,2,1,1,1,1,1,1,3,1,2,8,1,1,1,45,2,2
5,11,4,9,2010,3,1,8,1,2,1,1,1,1,1,1,2,1,2,1,6,,,,2,2
8,11,4,11,2010,2,1,1,1,1,1,1,1,1,1,1,2,1,2,14,4,1,1,,2,2
6,11,4,11,2010,2,1,1,2,1,1,1,1,1,1,2,1,2,,19,6,2,1,,2,2
10,16,4,9,2010,1,7,1,2,2,1,4,1,1,1,1,2,1,2,9,6,1,1,,2,2
4,16,4,10,2010,4,1,2,1,2,1,4,1,5,1,1,4,1,2,6,6,2,7,24,2,2
2,16,4,10,2010,2,1,1,2,2,1,4,1,1,1,1,3,1,2,8,4,1,1,25,2,2
2,16,4,11,2010,2,3,1,2,2,1,1,4,1,1,1,3,1,2,13,6,1,1,,2,2
4,9,4,10,2010,2,2,1,2,1,4,2,4,1,1,2,2,1,2,4,6,1,1,,2,2
10,9,4,10,2010,3,1,1,2,2,1,1,1,1,1,1,1,1,1,19,6,1,1,35,2,2
4,8,4,11,2010,1,7,8,2,2,1,2,1,1,1,1,1,1,1,9,6,1,1,42,2,2
1,7,4,9,2010,2,7,8,2,2,1,1,1,1,1,1,5,1,1,9,6,1,1,36,2,2
12,9,4,11,2010,4,7,1,2,2,4,4,4,1,1,1,5,1,1,9,10,1,7,,2,2
11,9,4,11,2010,3,7,8,2,2,1,1,1,1,1,1,1,1,2,9,6,1,7,,2,2
10,9,4,12,2010,3,1,1,2,1,1,1,1,1,1,1,2,,,12,6,,,,1,2
1,9,4,12,2010,2,1,1,1,2,1,1,1,1,1,1,5,1,1,4,11,1,1,25,2,2
11,9,4,12,2010,1,7,1,2,1,1,3,1,1,1,3,1,2,,8,6,1,1,32,2,2
9,9,4,12,2010,3,3,1,2,2,1,2,1,1,1,1,3,1,2,4,6,1,1,,2,2
1,6,4,9,2010,2,3,3,2,1,2,1,4,1,1,1,1,1,2,9,4,2,7,40,2,2
2,6,1,10,2010,2,1,2,2,1,1,2,1,1,1,1,4,4,2,17,2,1,1,28,2,2
5,6,1,11,2010,3,1,1,2,1,2,1,1,1,1,1,4,1,2,17,4,1,1,,1,2
1,2,4,11,2010,2,1,1,1,2,1,1,1,1,1,1,1,1,1,8,6,1,1,31,2,1
8,11,4,12,2010,3,1,1,2,2,1,1,1,1,1,2,2,1,2,4,6,1,1,,2,2
5,1,4,12,2010,1,1,1,2,2,1,1,1,1,1,1,2,1,2,19,10,1,1,,2,2
1,8,4,12,2010,3,1,2,2,1,1,1,1,1,1,1,2,1,1,14,4,1,1,,2,2
7,7,4,11,2010,2,1,1,2,2,1,1,1,1,1,1,3,1,2,9,6,1,1,,1,2
1,16,4,12,2010,3,7,8,2,2,1,1,1,1,1,1,5,1,1,12,11,1,1,,2,2
10,16,4,12,2010,2,7,2,2,2,4,1,1,1,1,1,2,1,2,14,6,1,1,,2,2
1,15,4,8,2010,1,7,1,1,2,1,1,1,1,1,1,4,1,2,7,4,1,1,,2,2
1,15,4,12,2010,3,7,1,1,2,1,1,2,1,1,1,5,1,1,9,3,1,1,,2,2
5,15,4,11,2010,2,1,1,2,2,1,1,1,1,1,1,3,1,1,17,6,1,1,40,2,2
4,3,4,9,2010,1,7,1,2,1,1,1,1,1,1,2,1,1,,9,6,1,6,45,2,2
7,3,4,10,2010,4,7,8,2,2,1,2,1,1,1,1,2,1,1,17,4,1,1,40,2,2
13,3,4,10,2010,3,7,8,2,2,1,1,1,1,1,1,4,1,2,14,6,1,1,40,2,2
2,3,3,12,2010,2,7,1,2,1,1,2,1,1,1,3,1,2,,8,4,1,1,,2,2
5,13,4,11,2010,3,1,3,2,2,1,1,1,1,1,1,2,1,2,9,6,1,1,,2,2
3,13,3,11,2010,4,1,1,2,2,4,4,1,1,1,1,3,1,2,7,1,1,1,30,1,2
3,13,4,12,2010,2,7,1,2,2,4,2,1,1,1,1,4,1,2,1,6,1,1,40,2,2
4,4,4,10,2010,3,7,8,2,2,1,1,1,1,1,1,3,1,2,12,6,1,1,22,2,2
4,4,4,8,2010,4,1,1,2,1,2,1,1,1,1,3,1,2,,14,6,1,1,35,2,2
2,4,4,7,2010,3,7,8,2,2,1,1,1,1,1,1,3,1,2,19,6,2,3,,2,2
5,17,4,6,2010,4,7,1,2,2,1,4,1,1,1,1,3,1,2,14,6,2,1,40,2,2
6,17,4,6,2010,3,7,1,2,2,1,1,2,1,1,1,3,1,2,19,6,1,1,,2,2
1,17,4,8,2010,4,1,1,2,2,1,2,1,1,1,1,1,1,2,9,6,1,7,,2,2
7,17,4,9,2010,4,7,8,2,2,1,2,1,1,1,1,1,1,2,12,6,1,1,,2,2
7,17,4,10,2010,3,7,1,2,2,1,1,1,1,1,1,1,1,2,9,6,1,1,,2,2
6,17,4,11,2010,2,7,1,2,2,1,1,2,1,1,1,3,1,2,14,6,1,1,,2,2
9,17,4,11,2010,3,1,1,2,2,1,1,1,1,1,1,3,1,2,8,4,2,7,35,1,2
1,17,4,11,2010,3,1,1,2,2,1,1,1,1,1,1,1,1,2,10,6,1,1,41,2,2
7,17,4,12,2010,3,1,8,2,2,1,1,1,1,1,1,5,1,1,4,5,1,1,18,2,2
3,5,4,7,2010,3,1,1,2,2,1,1,1,1,1,1,1,1,1,13,6,1,1,36,2,2
10,16,4,5,2010,1,1,1,2,2,1,2,1,1,1,1,3,1,2,14,4,2,1,,2,2
5,11,4,12,2010,3,1,1,2,2,1,1,1,1,1,1,1,1,1,19,10,1,1,,2,2
1,14,4,1,2010,4,3,1,2,1,1,3,1,1,1,1,1,1,1,14,6,2,7,,1,2
1,14,3,2,2010,4,7,1,2,2,1,3,1,1,1,1,1,1,1,7,5,1,1,35,2,2
1,14,4,4,2010,4,3,1,2,2,1,3,1,1,1,1,5,1,1,9,11,1,,,1,2
4,14,3,4,2010,2,1,1,2,2,1,1,1,1,1,1,1,1,1,5,6,1,7,,2,2
4,14,4,9,2010,2,1,8,2,2,1,1,1,1,1,1,1,1,1,14,6,1,1,32,2,2
3,14,4,10,2010,3,1,1,1,2,1,1,1,1,1,1,1,1,2,14,5,1,1,25,1,2
7,56,4,8,2010,4,2,1,2,2,1,3,1,1,1,1,2,1,2,7,11,1,1,28,2,2
9,56,4,6,2010,4,1,1,2,2,1,2,1,1,1,1,3,1,1,6,6,1,1,,2,2
9,56,3,3,2010,1,1,1,2,2,1,4,1,1,1,1,1,2,1,10,6,1,1,22,1,2
3,56,3,1,2010,1,1,1,2,2,1,1,1,1,1,1,1,1,2,14,5,1,1,,2,2
3,53,4,7,2010,4,1,1,2,2,1,2,1,1,1,1,2,1,2,8,5,1,1,,,
1,53,4,5,2010,3,1,1,2,2,1,1,1,1,1,1,2,1,2,9,,1,1,,2,2
12,53,4,3,2010,3,1,1,2,2,1,1,1,1,1,1,1,1,2,8,5,1,1,,2,2
2,53,3,3,2010,4,1,1,1,2,1,1,1,1,1,1,4,2,2,4,5,1,1,,2,2
3,53,1,1,2010,2,1,1,2,2,1,1,1,1,1,1,2,1,2,13,6,1,1,,2,2
3,55,4,4,2010,3,1,1,2,2,1,1,1,1,1,1,2,1,1,16,1,1,1,26,2,2
1,54,4,1,2010,3,1,1,2,2,1,1,1,1,1,1,2,1,1,13,1,1,1,,,
11,54,4,3,2010,4,1,1,2,2,1,2,1,1,1,1,2,3,2,6,6,1,1,,2,2
3,54,4,5,2010,3,1,1,2,2,1,1,1,1,1,1,2,1,2,7,11,1,1,35,2,2
10,54,4,4,2010,3,1,1,2,2,1,1,1,1,1,1,4,1,2,9,6,1,1,,2,2
5,54,4,5,2010,2,1,8,2,2,1,1,1,1,1,1,4,1,2,5,6,1,1,,2,2
1,55,4,10,2010,2,1,1,2,2,1,1,1,1,1,1,1,1,1,6,6,1,1,,2,2
9,56,3,9,2010,3,1,1,2,2,1,1,1,1,1,1,3,1,2,9,6,1,1,35,2,2
6,56,4,10,2010,3,1,1,2,2,1,1,1,1,1,3,4,1,2,14,6,1,1,31,2,2
3,54,4,3,2010,4,3,1,2,2,1,1,1,1,1,1,4,1,2,8,6,1,1,,2,2
8,56,1,7,2010,2,1,1,2,2,1,1,1,1,1,1,2,1,1,19,6,2,1,,2,2
12,54,4,8,2010,2,1,1,2,2,1,1,1,1,1,1,1,1,2,7,6,1,1,,2,2
5,54,4,2,2010,2,1,1,2,2,1,1,1,1,1,3,4,4,2,17,6,1,1,,2,2
11,54,3,8,2010,4,1,1,2,2,1,2,1,1,1,1,3,1,2,9,6,1,1,,2,2
1,53,4,11,2010,3,1,1,2,2,1,1,1,1,1,1,1,1,1,8,6,1,1,,1,2
3,53,3,10,2010,3,1,1,2,2,1,1,1,1,1,1,2,1,2,7,5,1,1,,2,2
1,53,4,5,2010,2,1,2,2,1,1,1,1,1,1,1,2,1,2,8,2,1,1,,2,2
1,54,3,7,2010,4,1,1,2,2,1,2,1,1,1,1,1,1,2,8,5,1,1,35,1,2
12,54,4,1,2010,4,1,1,2,2,1,3,1,1,1,1,4,1,2,9,6,1,1,25,2,2
3,64,3,5,2010,2,1,1,2,1,1,1,1,1,1,1,5,1,1,19,4,1,1,,1,2
3,64,3,7,2010,2,1,1,2,1,1,1,1,1,1,1,5,1,1,8,2,2,1,,1,2
6,38,4,1,2010,2,1,1,2,2,1,1,1,1,1,1,1,1,2,14,6,1,1,52,2,2
1,47,4,1,2010,3,7,1,2,2,1,1,2,1,1,1,1,1,1,14,6,1,1,,2,2
12,47,4,1,2010,1,1,1,2,2,1,3,1,1,1,1,1,2,2,14,6,1,1,,2,2
2,47,4,2,2010,1,1,1,2,2,1,4,1,1,1,1,1,1,2,14,5,1,1,50,2,2
12,47,4,2,2010,1,1,1,2,2,1,4,1,1,1,1,1,1,2,13,6,1,1,,2,2
9,47,4,2,2010,3,1,1,2,2,1,1,1,1,1,1,1,1,2,13,6,1,1,,2,2
3,40,4,2,2010,3,1,1,2,2,1,1,1,1,1,1,1,1,2,9,6,1,1,,2,2
1,37,4,3,2010,3,1,1,2,2,1,1,2,1,1,1,2,1,2,14,1,1,3,,2,2
7,41,4,3,2010,2,1,1,2,2,1,2,1,1,1,1,1,1,1,9,6,1,3,,2,2
1,47,3,3,2010,2,1,1,2,2,1,1,1,1,1,1,1,1,2,9,6,1,3,32,2,2
12,47,2,3,2010,1,1,1,2,2,1,3,1,1,1,1,1,1,2,14,6,1,1,,2,2
5,45,4,3,2010,4,1,1,2,2,1,4,1,1,1,1,1,1,2,9,6,1,1,,2,2
9,47,3,4,2010,2,1,1,2,2,1,1,2,1,1,1,1,1,2,14,6,1,1,30,2,2
2,47,4,4,2010,3,1,1,2,2,1,1,1,1,1,1,1,1,2,9,6,1,1,30,2,2
1,38,3,5,2010,2,5,1,2,2,1,1,1,1,1,1,5,1,1,4,2,1,1,30,2,2
6,44,1,5,2010,3,1,1,2,2,1,1,1,1,1,1,1,1,1,8,6,1,1,,2,2
2,50,4,5,2010,2,1,1,2,2,1,1,1,1,1,1,1,1,2,9,6,1,1,50,2,2
12,47,3,5,2010,1,1,1,2,2,1,1,1,1,1,1,1,1,2,14,6,1,1,30,2,2
1,49,4,5,2010,3,1,1,2,2,1,1,1,1,1,1,3,1,2,14,6,1,1,28,2,2
6,45,4,5,2010,3,1,1,2,2,1,1,1,1,1,1,1,1,1,9,6,1,1,,2,2
2,45,4,5,2010,3,1,1,2,2,1,1,1,1,1,1,1,1,2,9,6,1,1,,2,2
5,47,3,6,2010,4,1,1,2,2,1,4,1,1,1,1,3,1,2,10,6,1,1,,2,2
7,47,3,6,2010,2,1,1,2,2,1,1,2,1,1,1,1,1,2,14,6,1,1,29,2,2
1,49,4,6,2010,4,1,1,2,2,1,4,1,1,1,1,3,1,2,8,6,1,1,,2,2
6,45,4,6,2010,3,1,1,2,2,1,1,1,1,1,1,1,1,2,9,6,1,1,,2,2
7,38,3,6,2010,3,1,1,2,2,1,1,1,1,1,1,1,1,2,14,6,1,1,,2,2
12,50,3,7,2010,3,1,1,2,2,1,1,2,1,1,1,1,1,2,10,6,1,1,52,2,2
1,38,1,7,2010,3,2,1,2,2,1,1,1,1,1,1,1,1,1,4,6,1,1,,2,2
4,35,4,7,2010,3,1,1,2,2,1,1,1,1,1,1,1,1,2,9,6,1,1,,2,2
2,44,4,7,2010,3,1,1,2,2,1,1,2,1,1,1,2,1,2,14,6,1,1,,2,2
6,40,4,7,2010,2,3,1,2,2,1,2,1,1,1,1,1,1,2,9,6,1,3,28,2,2
1,46,4,4,2010,4,1,1,2,2,1,4,1,1,1,1,1,1,1,9,6,1,3,,2,2
1,46,4,5,2010,4,1,1,2,2,1,1,1,1,1,1,1,1,1,9,6,1,3,,2,2
1,46,4,7,2010,3,1,1,2,2,1,1,1,1,1,1,1,1,2,9,6,1,1,,2,2
1,46,4,8,2010,4,1,1,2,2,1,1,1,1,1,1,1,1,1,14,6,1,1,,2,2
9,15,4,6,2010,2,1,1,2,2,1,1,1,1,1,1,2,1,2,8,6,1,1,,2,2
1,35,4,9,2010,4,3,1,2,2,1,2,1,1,1,1,1,1,1,9,10,1,1,36,2,2
6,45,4,9,2010,3,1,1,2,2,1,1,1,1,1,1,1,1,2,9,6,1,1,,2,2
4,35,3,10,2010,3,1,1,2,2,1,1,1,2,1,1,1,1,2,7,6,1,1,,2,2
12,47,4,11,2010,4,1,1,2,2,1,1,1,1,1,1,1,1,2,9,6,1,1,,2,2
5,45,4,11,2010,3,1,1,2,2,1,1,1,1,1,1,1,1,2,14,6,1,3,,2,2
7,41,4,11,2010,4,1,1,2,2,1,2,1,1,1,1,1,1,1,9,6,1,7,,2,2