Thana,District,Accident_Severity,Month,Year,Time,Junction_Type,Traffic_Control,Movement,Divider,Weather,Light,Road_Geometry,Surface_Condition,Surface_Type,Surface_Quality,Road_Class,Road_Feature,Location_Type,Vehicle_Type,Vehicle_Movement,Vehicle_Loading,Vehicle_Defect,Vehicle_Driver_Age,Vehicle_Alcohol,Vehicle_Seat_Belt
6,38,3,11,2010,2,1,1,2,2,1,1,1,1,1,1,1,1,1,9,6,1,1,45,2,2
12,47,4,12,2010,2,1,1,2,2,1,2,1,1,1,1,1,1,2,9,2,1,1,,2,2
3,38,3,12,2010,2,1,1,2,2,1,1,1,1,1,1,1,1,1,7,6,1,1,,2,2
4,37,3,12,2010,3,1,1,2,2,1,1,1,1,1,1,2,1,2,8,6,1,3,,2,2
5,45,4,12,2010,2,1,1,2,2,1,2,1,1,1,1,1,1,2,12,6,1,1,,2,2
4,45,4,12,2010,3,1,1,2,2,1,1,1,1,1,1,3,1,2,12,6,1,1,32,2,2
2,45,4,12,2010,2,1,1,2,2,1,2,1,1,1,1,1,1,2,12,6,1,7,,2,2
33,42,4,1,2010,2,1,1,2,1,1,2,1,1,1,1,1,1,1,14,6,1,1,40,2,2
14,42,3,2,2010,2,1,1,2,2,1,1,1,1,1,1,1,1,1,8,6,1,1,35,2,2
29,42,2,5,2010,3,1,4,1,1,1,3,1,1,1,1,5,1,1,9,6,1,1,40,1,2
14,42,4,2,2010,3,1,1,2,1,1,1,4,1,1,1,1,1,1,9,6,1,1,28,2,2
10,42,3,6,2010,2,2,5,1,1,1,1,1,1,1,1,5,1,1,8,6,1,1,40,2,2
25,42,4,7,2010,2,7,1,1,1,1,1,1,1,1,1,5,1,1,7,6,1,1,40,2,2
22,42,2,7,2010,3,1,1,2,1,1,1,1,1,1,1,1,1,1,9,6,1,1,42,2,2
12,42,1,11,2010,1,2,4,1,1,1,3,1,1,1,1,5,1,1,14,6,1,1,35,2,2
28,42,2,12,2010,2,2,6,1,1,1,1,1,1,1,1,5,1,1,8,6,1,1,27,2,2
7,56,1,1,2010,2,2,1,2,2,1,1,1,1,1,1,1,1,2,9,11,1,1,35,2,2
1,55,4,2,2010,1,2,1,2,2,1,1,1,1,1,1,1,2,1,7,6,1,1,25,2,2
4,55,3,1,2010,2,1,1,1,1,1,1,1,1,1,1,2,1,1,9,6,1,1,,2,2
6,55,4,7,2010,3,1,1,2,2,1,1,1,1,1,1,1,1,2,7,5,1,1,,2,2
4,55,4,9,2010,2,1,1,2,2,1,1,1,1,1,1,2,1,2,9,6,1,1,44,2,2
10,54,4,7,2010,2,1,1,1,2,1,1,2,1,1,1,4,1,2,8,6,1,1,,2,2
8,54,4,6,2010,2,1,1,2,2,1,1,1,1,1,1,3,2,2,13,6,1,1,30,2,2
2,54,4,10,2010,2,1,1,2,2,1,1,1,1,1,1,2,1,2,8,6,1,1,,2,2
13,54,4,4,2010,4,1,1,2,2,1,2,1,1,1,1,1,1,1,14,6,1,1,,2,2
7,54,4,6,2010,4,1,1,2,2,1,1,1,1,1,1,2,1,2,9,6,1,1,50,2,2
7,54,4,12,2010,3,1,1,2,2,1,1,1,1,1,1,2,1,2,9,6,1,1,48,2,2
1,54,4,7,2010,4,7,1,2,2,1,3,1,1,1,1,1,1,1,14,9,1,1,38,2,2
12,54,4,10,2010,2,1,1,2,2,1,1,1,1,1,1,1,1,1,9,6,1,1,,2,2
8,54,4,11,2010,4,7,1,2,2,1,1,1,1,1,1,4,1,2,13,11,1,1,40,2,2
1,58,4,11,2010,1,1,1,2,2,1,4,1,1,1,1,2,1,2,9,5,1,1,,2,2
9,63,4,12,2010,2,1,1,2,2,1,1,1,1,1,1,1,1,2,9,5,1,1,48,2,2
9,63,4,9,2010,3,1,1,2,2,1,1,1,1,1,1,1,1,2,9,5,1,1,,2,2
6,63,4,11,2010,2,1,1,2,2,1,1,1,1,1,1,1,1,2,14,5,1,1,,2,2
6,63,3,10,2010,4,1,1,2,2,1,4,1,1,1,1,1,1,2,8,5,1,1,42,2,2
3,63,3,12,2010,3,1,1,2,2,1,1,2,1,1,1,4,1,2,5,6,2,1,,2,2
14,58,4,5,2010,1,1,1,2,1,1,4,1,1,2,1,2,1,2,9,5,1,3,,2,2
5,58,2,8,2010,3,1,1,2,2,1,1,1,1,1,1,1,1,2,8,5,1,1,45,2,2
14,58,4,11,2010,4,1,1,2,1,1,4,1,1,1,1,1,1,2,19,6,1,1,,2,2
14,63,4,3,2010,4,3,1,2,1,1,4,1,1,1,3,1,1,2,14,6,1,7,30,2,2
8,56,4,2,2010,2,1,1,2,2,1,1,1,1,1,1,2,1,2,10,6,1,1,40,2,2
13,54,4,5,2010,3,1,1,2,2,1,2,1,1,1,1,1,1,2,4,6,1,1,,2,2
7,64,4,6,2010,1,1,1,2,1,1,3,1,1,1,1,5,1,1,9,6,1,1,,1,2
2,64,3,10,2010,3,1,4,2,1,1,1,1,1,1,1,5,1,1,14,6,,1,,1,2
7,38,3,1,2010,4,2,1,2,2,1,2,1,1,1,1,1,1,2,13,6,1,1,,2,2
3,36,4,1,2010,2,4,8,2,2,1,1,2,1,1,1,1,1,2,9,6,1,1,,2,2
1,45,4,1,2010,3,1,1,2,2,1,1,1,1,1,1,1,1,2,14,6,1,3,,2,2
7,40,4,2,2010,4,1,1,2,2,1,2,1,1,1,1,2,1,2,15,5,1,1,,2,2
3,38,4,3,2010,1,1,1,2,2,1,2,1,1,1,1,1,1,2,14,10,1,2,45,2,2
1,35,4,4,2010,3,1,1,2,2,1,1,1,1,1,1,2,1,2,8,6,1,3,,2,2
6,38,4,4,2010,3,3,1,2,2,1,4,2,1,1,1,1,1,2,13,6,1,1,55,2,2
1,45,3,4,2010,3,1,1,2,2,1,1,1,1,1,1,1,1,2,14,6,1,3,,2,2
1,47,4,5,2010,3,1,1,2,2,1,1,1,1,1,1,1,1,2,9,6,1,1,,2,2
1,39,4,5,2010,1,1,1,2,2,1,4,1,1,1,1,1,1,2,9,6,1,1,,2,2
1,49,3,6,2010,3,1,1,2,2,1,1,1,1,1,1,2,1,2,14,6,1,3,28,2,2
8,47,4,7,2010,2,1,1,2,2,2,1,1,2,1,1,1,1,2,14,6,1,1,32,2,2
6,45,4,7,2010,4,1,1,2,2,1,1,1,1,1,1,1,1,2,9,5,1,1,,2,2
6,44,1,7,2010,3,1,1,2,2,1,1,1,1,1,1,3,1,2,14,6,1,1,28,2,2
1,40,4,7,2010,2,1,1,2,2,1,1,1,1,1,1,1,1,2,14,10,1,1,50,2,2
6,40,4,7,2010,3,1,1,2,2,1,1,1,1,1,1,1,1,2,14,6,1,1,42,2,2
2,35,4,8,2010,1,1,1,2,2,1,4,1,1,1,1,2,1,2,9,6,1,1,,2,2
1,45,3,8,2010,4,1,1,2,2,1,1,1,1,1,1,1,1,1,14,5,1,1,45,2,2
6,46,4,5,2010,4,2,1,2,2,1,3,1,1,1,1,1,1,1,14,2,1,1,18,2,2
6,44,4,8,2010,4,1,1,2,2,1,2,3,1,1,1,1,2,1,14,6,1,1,30,2,2
7,38,3,9,2010,2,1,4,2,2,1,1,1,1,1,1,1,1,2,10,6,1,3,,2,2
5,45,4,9,2010,2,1,1,2,2,1,1,1,1,1,1,1,1,2,9,5,1,1,,2,2
1,49,3,11,2010,2,4,4,2,2,1,1,1,1,1,1,2,1,1,9,6,1,1,40,2,2
3,39,4,11,2010,4,1,1,2,2,1,2,1,1,1,1,1,1,2,14,6,1,1,32,2,2
1,45,3,12,2010,4,1,1,2,2,1,2,1,1,1,1,1,1,1,9,6,1,3,,2,2
15,42,2,1,2010,4,1,1,2,1,1,2,1,1,1,1,2,1,1,14,6,1,1,40,2,2
28,42,2,2,2010,3,3,4,1,1,1,1,1,1,1,1,5,1,1,8,6,1,1,20,2,2
2,42,2,2,2010,3,3,4,1,1,1,1,1,1,1,1,2,1,1,9,6,1,1,51,2,2
32,42,3,1,2010,3,4,2,1,1,1,1,1,1,1,1,5,1,1,12,6,1,1,30,2,2
32,42,3,2,2010,3,1,4,1,1,1,1,1,1,1,1,5,1,1,9,6,1,1,35,2,2
9,42,2,2,2010,3,1,4,2,1,1,1,1,1,1,1,5,1,1,9,6,1,1,34,2,2
15,42,3,3,2010,1,1,1,2,2,1,4,1,1,1,1,2,1,1,14,6,1,1,35,1,2
22,42,3,3,2010,1,1,2,2,1,1,2,1,1,1,1,1,1,1,14,6,1,1,42,1,2
22,42,4,3,2010,2,1,5,2,1,1,1,1,1,1,1,1,1,1,14,6,1,1,40,2,2
12,42,2,4,2010,2,3,4,2,1,1,1,1,1,1,1,5,1,1,8,6,1,1,42,2,2
12,42,4,4,2010,2,1,4,2,1,1,1,1,1,1,1,1,1,1,9,6,1,7,40,2,2
37,42,2,5,2010,2,1,1,2,1,1,1,1,1,1,1,5,1,1,9,6,1,1,42,1,2
13,42,1,4,2010,3,1,1,1,1,1,1,1,1,1,1,1,1,1,9,6,1,1,33,2,2
22,42,4,4,2010,4,2,4,2,1,1,4,1,1,1,1,1,1,1,9,6,1,1,35,2,2
28,42,2,6,2010,2,2,4,1,1,1,1,1,1,1,1,5,1,1,9,6,1,1,38,1,2
9,42,1,5,2010,2,2,4,2,1,1,1,1,1,1,1,5,1,1,9,6,1,1,22,1,2
29,42,4,4,2010,2,5,4,1,1,1,3,2,1,1,1,5,1,1,9,6,1,1,48,2,2
1,42,4,1,2010,3,1,1,2,1,1,1,4,1,1,1,5,1,1,9,6,1,1,30,2,2
1,42,4,4,2010,2,3,4,2,1,1,1,1,1,1,1,5,1,1,9,6,1,1,26,2,2
1,42,2,5,2010,2,3,4,2,1,1,1,1,1,1,1,5,1,1,9,6,1,1,30,2,2
1,42,2,6,2010,4,1,4,2,2,1,3,1,1,1,1,5,1,1,10,6,1,1,30,2,2
2,42,4,6,2010,2,1,1,1,1,1,1,1,1,1,1,5,1,1,9,6,1,1,35,2,2
14,42,2,3,2010,1,1,8,2,1,1,1,1,1,1,1,1,1,1,9,6,1,1,33,1,2
12,42,2,7,2010,2,1,4,1,1,1,1,1,1,1,1,5,1,1,14,6,1,1,40,2,2
12,42,2,7,2010,2,2,4,1,1,1,1,1,1,1,1,1,1,1,9,6,1,1,35,2,2
33,42,4,6,2010,2,1,1,2,1,1,1,1,1,1,1,1,1,1,9,6,2,1,38,2,2
12,42,2,8,2010,2,3,4,2,1,1,1,1,1,1,1,1,1,1,9,6,1,1,40,2,2
12,42,2,8,2010,2,1,4,1,1,1,1,1,1,1,1,5,1,1,9,6,1,1,33,2,2
9,42,4,8,2010,2,7,4,2,1,1,1,1,1,1,1,5,1,1,9,6,1,1,35,2,2
1,42,4,7,2010,4,1,1,1,1,1,3,1,1,1,1,5,1,1,9,6,1,1,30,2,2
23,42,1,8,2010,3,1,1,1,1,1,1,1,1,1,1,1,1,1,4,6,1,1,26,2,2
3,42,2,9,2010,4,1,1,1,1,1,3,1,1,1,1,1,1,1,9,6,1,1,43,2,2
15,42,3,9,2010,4,1,1,2,2,2,4,1,2,1,1,4,1,1,12,6,1,1,33,2,2
3,42,3,10,2010,3,2,4,2,1,1,1,1,1,1,1,1,1,1,15,6,1,1,45,2,2
37,42,4,11,2010,3,2,6,2,1,1,1,1,1,1,1,5,1,1,9,6,1,1,38,1,2
37,42,3,11,2010,3,3,4,2,1,1,1,2,1,1,1,5,1,1,9,6,1,1,43,2,2
12,42,3,10,2010,1,2,4,1,1,1,3,1,1,1,1,5,1,1,10,6,1,1,30,2,2
12,42,3,11,2010,3,3,5,1,1,1,1,1,1,1,1,1,1,1,9,6,1,1,40,2,2
22,42,2,10,2010,2,1,4,1,1,1,1,1,1,1,1,1,1,1,9,6,1,1,30,2,2
14,42,2,10,2010,2,2,4,2,1,1,2,1,1,1,1,1,1,1,9,6,1,7,40,2,2
23,42,3,12,2010,2,4,8,1,1,1,1,1,1,1,1,1,1,1,10,6,1,1,30,2,2
12,42,2,12,2010,4,1,4,1,1,1,3,1,1,1,1,5,1,1,9,6,1,1,42,2,2
1,42,2,10,2010,4,2,4,2,1,1,2,1,1,1,1,5,1,1,9,6,1,1,26,2,2
1,42,2,9,2010,2,2,4,1,1,1,1,1,1,1,1,5,1,1,7,6,1,1,53,2,2
1,42,3,11,2010,4,6,4,1,1,1,3,1,1,1,1,5,1,1,7,6,1,1,30,2,2
1,42,3,12,2010,1,1,1,2,1,1,1,1,1,1,1,5,1,1,11,6,1,1,40,2,2
14,42,4,12,2010,2,2,4,1,1,1,1,1,1,1,1,1,1,1,7,6,1,1,48,1,2
32,42,2,12,2010,3,3,4,1,1,1,1,1,1,1,1,5,1,1,9,6,1,1,38,2,2
9,56,4,1,2010,3,3,1,2,2,1,1,2,1,1,1,1,1,2,14,2,1,1,35,2,2
8,57,4,4,2010,3,1,1,2,2,1,1,1,1,1,1,1,1,2,9,11,1,1,32,2,2
1,65,3,1,2010,2,1,1,2,2,1,2,1,1,1,1,1,1,2,9,5,1,1,,2,2
5,65,4,2,2010,2,1,1,2,2,1,2,1,1,1,1,1,1,2,14,6,1,1,,2,2
1,61,4,3,2010,1,1,1,2,2,1,1,1,1,1,1,1,1,2,8,5,1,1,,2,2
1,61,4,5,2010,1,1,1,2,2,1,2,1,1,1,1,1,1,2,14,6,1,1,,2,2
1,61,4,7,2010,3,1,1,2,2,1,1,1,1,1,1,3,1,2,5,5,1,7,,2,2
1,59,4,3,2010,2,3,1,2,2,1,1,1,1,1,1,2,1,2,9,5,1,1,25,2,2
2,60,4,4,2010,2,1,8,2,2,1,1,1,1,1,1,2,1,2,9,5,1,1,40,2,2
10,66,3,8,2010,4,1,1,2,2,1,4,1,1,1,1,3,1,2,17,6,1,1,25,2,2
3,57,4,9,2010,3,1,1,2,2,1,1,1,1,1,1,1,1,2,10,5,1,1,55,2,2
6,57,4,6,2010,2,1,1,2,2,1,1,1,1,1,1,3,1,2,6,6,1,6,23,2,2
8,63,4,1,2010,4,3,1,2,2,1,4,1,1,1,1,1,1,2,9,5,1,1,32,2,2
9,63,4,3,2010,4,1,1,2,2,1,4,1,1,1,1,2,1,2,13,6,1,1,38,2,2
8,63,2,6,2010,2,1,1,2,2,1,1,1,1,1,1,1,1,2,19,1,1,1,,2,2
8,63,4,4,2010,2,1,1,2,2,1,1,1,1,1,1,1,1,2,14,6,1,1,,2,2
9,63,4,9,2010,3,1,1,2,2,1,1,1,1,1,1,2,1,2,8,5,1,1,32,1,2
8,42,1,11,2010,1,5,4,2,1,1,3,1,1,1,1,5,1,1,14,6,1,1,35,2,2
2,17,3,2,2010,3,1,1,2,2,1,1,1,1,1,1,4,1,2,14,5,1,1,50,2,2
10,16,4,3,2010,2,7,1,2,2,1,1,1,1,1,1,1,2,1,14,5,1,7,,2,2
12,9,3,5,2010,3,1,1,2,2,1,1,1,1,1,1,1,1,1,14,6,1,7,35,2,2
3,8,4,5,2010,1,7,1,2,2,2,2,1,2,1,1,1,1,1,14,6,1,7,26,2,2
3,5,4,2,2010,3,3,8,2,2,1,1,1,1,1,2,3,1,2,17,2,2,7,,2,2
1,2,4,1,2010,3,3,1,2,2,1,1,1,1,1,1,1,1,1,8,6,1,7,,2,2
1,2,4,1,2010,2,1,1,2,2,1,1,2,1,1,1,1,1,1,9,4,1,7,,2,2
10,9,4,8,2010,4,1,1,2,2,1,2,1,1,1,1,1,1,2,14,6,1,1,,2,2
10,9,4,8,2010,3,1,8,2,2,1,1,1,1,1,1,1,1,2,8,6,1,1,,2,2
3,13,3,4,2010,2,3,1,1,2,1,1,1,1,1,1,4,1,2,19,4,2,7,,2,2
5,13,4,7,2010,2,7,1,2,2,1,1,1,1,1,1,2,1,2,8,6,1,1,36,2,2
10,16,3,8,2010,3,7,1,2,2,1,1,1,1,1,1,2,2,2,9,4,2,1,,2,2
11,16,4,8,2010,3,7,1,2,2,1,1,1,1,1,1,2,1,2,9,11,1,7,,2,2
1,9,4,6,2010,1,7,1,2,2,2,1,2,2,1,1,1,1,1,12,4,1,1,35,2,2
1,9,4,6,2010,2,7,8,2,2,1,1,2,1,1,1,1,1,2,9,2,2,7,,2,2
11,9,4,6,2010,3,1,1,2,2,1,1,1,1,1,1,1,1,2,14,6,1,1,,2,2
10,9,4,6,2010,2,1,1,2,2,1,1,1,1,1,1,1,2,,14,4,1,1,35,2,2
11,16,3,6,2010,4,7,8,2,2,1,1,1,1,1,1,3,1,2,14,6,1,1,40,2,2
10,16,4,6,2010,2,3,1,2,2,1,1,1,1,1,1,1,1,2,9,4,1,1,35,2,2
6,9,4,9,2010,4,1,1,2,1,1,2,1,1,1,1,2,1,2,7,6,1,1,50,2,2
10,9,4,10,2010,3,1,1,2,2,1,1,1,1,1,1,1,1,2,9,6,1,1,50,2,2
10,9,4,11,2010,3,7,8,2,2,1,4,1,1,1,1,1,4,2,8,6,1,1,,1,2
10,9,4,12,2010,1,1,1,2,2,4,2,1,1,1,1,1,1,2,9,6,1,1,,2,2
1,9,4,12,2010,2,7,8,2,2,1,1,1,1,1,1,1,1,2,8,6,1,1,,2,2
1,5,4,9,2010,3,1,1,2,1,1,1,1,1,1,1,3,1,1,13,6,1,1,,2,2
3,8,4,12,2010,4,1,8,2,2,1,4,1,1,1,1,1,1,2,14,6,1,7,,2,2
7,7,4,10,2010,2,1,1,2,2,1,1,1,1,1,1,3,1,2,14,6,1,1,32,2,2
10,16,4,12,2010,4,7,1,2,2,1,4,2,1,1,1,2,4,2,14,5,1,1,,2,2
2,6,4,12,2010,2,7,1,2,2,4,1,1,1,1,1,1,1,2,7,4,1,7,,2,2
6,13,4,11,2010,2,1,8,2,1,1,2,1,1,1,2,1,2,,14,2,1,1,40,2,2
6,4,3,10,2010,2,2,1,2,2,1,1,1,1,1,1,3,1,1,1,6,1,1,18,2,2
7,17,4,9,2010,4,5,1,2,2,1,2,4,1,1,1,1,1,2,14,1,1,7,,2,2
7,17,4,10,2010,3,4,1,2,2,1,2,1,1,1,2,4,1,1,4,2,1,1,32,2,2
7,17,4,11,2010,2,1,1,2,2,1,1,2,1,1,1,1,1,2,8,4,1,7,,2,2
3,56,4,8,2010,3,2,4,2,2,1,3,1,1,1,1,1,1,2,10,2,1,1,30,2,1
7,56,4,6,2010,2,1,1,2,2,1,1,1,1,1,1,1,1,2,12,6,1,1,30,2,2
7,56,4,5,2010,3,2,1,2,2,1,1,3,1,1,1,1,1,2,10,6,1,1,48,2,2
3,56,4,5,2010,3,3,1,2,2,1,1,1,1,1,1,1,1,2,9,6,1,1,,2,2
3,56,3,1,2010,4,1,1,2,2,1,3,1,1,1,1,1,1,1,13,6,1,1,27,2,2
6,55,4,11,2010,2,1,1,2,2,1,1,1,1,1,1,1,1,2,14,5,1,1,,2,2
1,55,4,10,2010,4,1,1,1,2,1,2,2,1,1,1,1,1,2,9,6,1,1,,2,2
3,32,4,1,2010,3,1,1,2,2,1,1,1,1,1,1,4,1,2,14,6,1,1,,2,2
1,31,4,2,2010,4,1,1,2,2,1,4,1,1,1,1,3,1,2,9,6,1,1,,2,2
3,27,4,6,2010,1,1,1,2,2,1,1,1,1,1,1,4,1,2,9,6,1,1,35,2,2
10,34,2,7,2010,2,2,1,2,2,1,1,2,1,1,1,1,1,2,9,5,1,1,38,2,2
2,31,4,11,2010,3,1,1,2,2,1,1,2,1,1,1,2,1,2,8,11,1,3,,2,2
7,64,3,6,2010,4,1,1,2,1,1,3,1,1,1,1,5,1,1,19,10,1,1,,1,2
2,64,3,1,2010,4,7,7,2,2,1,3,2,1,1,1,5,1,1,15,6,1,1,,1,2
1,64,3,5,2010,3,1,1,2,1,1,1,2,1,1,1,5,1,1,8,6,1,1,23,1,2
1,64,3,5,2010,1,1,1,2,1,1,3,1,1,1,1,5,1,1,13,6,1,1,,1,2
1,64,2,8,2010,3,3,1,2,1,1,1,1,1,1,1,5,1,1,10,6,1,1,,1,2
1,64,2,11,2010,4,3,1,2,2,1,2,1,1,1,1,5,1,1,14,6,1,1,50,1,2
4,64,4,1,2010,2,1,1,2,1,1,1,1,1,1,1,5,1,1,9,6,1,1,,1,2
4,64,3,2,2010,3,1,1,2,2,1,3,1,1,1,1,5,1,1,14,6,1,1,35,1,2
10,67,3,8,2010,3,1,1,2,2,2,2,3,2,1,1,2,1,2,9,6,2,7,40,2,2
1,67,4,6,2010,3,1,1,2,2,2,1,4,2,1,1,1,1,2,7,5,1,1,,2,2
10,67,3,8,2010,2,1,1,2,2,1,1,4,1,1,1,2,1,2,9,6,1,1,40,2,2
8,67,4,8,2010,2,1,1,2,2,1,1,2,1,1,1,1,1,1,8,5,1,1,40,2,2
1,6,4,10,2010,4,1,1,2,2,1,3,1,1,1,1,5,1,1,9,2,1,1,,2,2
6,63,4,4,2010,3,1,1,2,2,1,1,1,1,1,1,1,1,2,4,6,1,1,30,2,2
6,63,3,1,2010,3,1,1,2,2,1,1,1,1,1,1,1,1,1,,6,1,1,25,2,2
11,58,4,1,2010,2,1,1,2,2,4,2,2,1,1,1,3,1,2,6,5,1,1,,2,2
8,67,4,1,2010,3,1,1,2,2,1,1,1,1,1,1,1,1,2,14,6,1,1,36,2,2
1,60,4,9,2010,2,1,1,2,2,1,1,1,1,1,1,1,1,1,5,6,1,1,,2,2
6,60,4,10,2010,3,1,1,2,2,1,1,1,1,1,1,1,1,2,13,6,1,3,40,2,2
1,67,3,3,2010,3,1,1,2,2,1,1,4,1,1,1,1,1,1,8,6,1,1,38,2,2
4,63,4,12,2010,2,,4,1,1,1,1,1,1,1,1,1,1,2,7,6,1,1,,2,2
15,63,4,6,2010,2,1,1,2,2,1,1,2,1,1,1,1,1,2,14,6,1,,35,2,2
8,47,4,1,2010,4,1,1,2,2,1,2,1,1,1,1,1,1,2,6,6,1,1,25,2,2
1,40,3,6,2010,2,1,1,2,2,2,1,1,2,1,1,1,1,2,9,6,1,3,45,2,2
3,40,4,6,2010,4,1,1,2,2,1,4,1,1,1,1,1,1,2,9,6,1,1,,2,2
12,50,4,8,2010,3,1,1,2,2,1,1,2,1,1,1,1,1,2,9,6,1,1,40,2,2
3,40,2,10,2010,3,1,1,2,2,1,1,1,1,1,1,1,1,1,9,6,1,3,,2,2
3,39,2,10,2010,3,1,1,2,2,1,1,1,1,1,1,1,1,2,9,6,1,7,40,2,2
9,47,4,1,2010,3,1,1,2,2,1,1,1,1,1,1,1,1,2,9,6,1,1,,2,2
7,41,1,12,2010,2,1,1,2,2,1,1,1,1,1,1,2,1,2,9,6,1,3,,2,2
3,40,4,7,2010,3,1,1,2,2,1,1,1,1,1,1,1,1,2,9,6,1,2,40,2,2
9,51,4,6,2010,2,1,1,2,2,1,1,1,1,1,1,2,1,2,8,6,1,1,,2,2
40,42,4,6,2010,4,3,4,1,1,1,2,2,1,1,1,5,1,1,9,2,1,1,35,1,2
14,42,2,3,2010,4,2,4,1,1,1,3,1,1,1,1,1,1,1,10,6,1,1,38,2,2
23,42,2,6,2010,4,1,4,1,1,3,1,1,1,1,1,1,1,1,10,6,1,1,30,2,2
41,42,1,10,2010,2,1,1,2,2,1,1,1,1,1,1,5,1,1,6,6,2,1,25,2,2
13,42,2,11,2010,1,1,1,1,1,1,3,1,1,1,1,1,1,1,14,6,1,1,40,1,2
32,42,3,12,2010,3,2,4,1,1,1,1,1,1,1,1,5,1,1,9,6,1,1,42,2,2
1,42,4,6,2010,2,1,1,2,1,1,1,1,1,1,1,5,1,1,9,6,1,1,35,2,2
8,42,2,8,2010,2,3,4,2,1,1,1,1,1,1,1,1,1,1,9,6,1,1,40,2,2
8,42,2,8,2010,2,2,4,2,1,1,1,1,1,1,1,5,1,1,13,6,1,1,33,2,2
8,42,3,10,2010,1,2,5,2,1,1,3,1,1,1,1,5,1,1,10,6,1,1,30,2,2
8,42,3,11,2010,3,3,4,2,1,1,1,1,1,1,1,1,1,1,9,6,1,1,40,2,2
8,42,2,12,2010,4,1,4,2,1,1,3,1,1,1,1,5,1,1,9,6,1,1,42,2,2
8,42,2,4,2010,2,3,4,2,1,1,1,1,1,1,1,5,1,1,8,6,1,1,42,2,2
8,42,4,4,2010,2,3,4,2,1,1,1,1,1,1,1,5,1,1,9,6,1,7,40,2,2
8,42,1,4,2010,4,6,4,2,1,1,3,1,1,1,1,5,1,1,14,6,1,1,42,1,2
8,42,2,7,2010,2,6,4,2,1,1,1,1,1,1,1,1,1,1,9,6,1,1,35,2,2
4,26,4,6,2010,2,1,1,2,2,1,1,2,1,1,1,2,1,2,14,6,1,1,,1,2
3,29,3,6,2010,2,1,1,2,2,1,1,1,1,1,1,1,1,2,9,6,1,1,,1,2
3,29,4,8,2010,3,3,1,2,2,1,1,1,1,1,1,1,1,2,13,6,1,1,,1,2
5,29,4,6,2010,1,1,1,2,2,1,1,1,1,1,1,1,1,2,9,6,1,1,,1,2
5,29,4,8,2010,1,1,1,2,2,2,1,1,2,1,1,1,1,2,10,6,1,1,,1,2
5,29,4,12,2010,4,1,1,2,2,1,2,1,1,1,1,1,1,2,9,6,1,1,,1,2
7,29,4,10,2010,1,1,1,2,2,1,1,1,1,1,1,2,1,2,4,6,1,1,,1,2
8,29,4,6,2010,4,1,1,2,2,1,4,2,1,1,1,1,1,2,13,6,1,1,,1,2
1,20,3,4,2010,2,1,1,2,2,1,2,1,1,1,1,1,1,2,8,6,1,1,27,1,2
1,24,1,6,2010,1,1,1,2,1,4,1,1,1,1,1,2,1,2,14,6,1,7,,1,2
2,24,4,5,2010,1,1,1,2,2,1,2,1,1,1,1,1,1,2,9,6,1,7,,1,2
5,24,1,7,2010,3,1,1,2,2,1,1,1,1,1,1,1,1,2,13,6,1,7,,1,2
7,24,4,9,2010,2,1,1,2,2,1,1,1,1,1,1,1,1,1,9,6,1,7,,1,2
1,21,4,1,2010,2,3,3,2,2,1,1,1,1,1,1,1,1,2,13,6,1,7,,1,2
6,21,4,2,2010,2,1,1,2,1,1,1,1,1,1,1,2,1,2,8,6,1,7,,1,2
6,21,4,9,2010,3,1,1,2,2,1,1,2,1,1,1,1,1,2,10,6,1,1,28,1,2
1,22,4,5,2010,3,1,1,2,2,1,1,1,1,1,1,1,2,2,4,6,1,2,,1,2
1,21,4,5,2010,2,1,2,1,2,1,3,1,1,1,1,2,1,2,8,6,1,7,,1,2
1,18,4,4,2010,4,4,1,2,1,4,1,1,1,1,1,1,1,2,14,6,2,7,,1,2
7,18,4,6,2010,1,1,1,1,2,1,3,3,1,1,1,1,1,2,14,10,1,6,,1,2
11,16,4,4,2010,1,1,1,2,1,3,4,1,1,1,1,2,1,,14,10,1,1,,2,2
3,9,4,3,2010,2,7,8,2,2,1,1,1,1,1,1,4,1,2,19,6,1,1,,2,2
4,6,3,4,2010,1,1,1,2,2,1,1,1,1,1,1,1,1,2,9,6,1,7,,2,2
5,11,4,3,2010,2,1,8,2,2,1,1,1,5,1,1,2,1,2,13,11,1,1,,2,2
1,11,1,2,2010,4,1,1,2,2,1,3,1,1,1,1,2,1,1,8,6,1,1,32,2,2
1,13,4,7,2010,4,3,8,2,2,1,2,1,1,1,1,5,1,1,8,9,1,1,,2,2
11,3,4,5,2010,3,3,1,1,2,1,1,1,1,1,1,3,1,2,8,4,1,1,,2,2
11,16,4,7,2010,3,7,1,2,2,1,1,1,1,1,1,4,1,2,9,6,1,1,40,2,2
1,2,4,4,2010,3,3,3,2,2,1,1,1,1,1,1,1,1,2,8,6,1,2,30,2,2
1,11,3,10,2010,3,1,8,2,2,1,1,1,1,1,1,2,1,1,9,6,1,1,30,2,2
1,17,4,9,2010,3,1,1,2,2,1,1,1,1,1,1,5,1,2,14,6,1,3,,2,2
9,13,4,8,2010,3,1,1,2,1,1,1,1,1,1,1,2,1,2,8,6,1,1,50,2,2
11,16,3,5,2010,2,1,8,2,,1,1,1,1,1,1,4,1,2,13,6,1,1,,2,2