Thana,District,Accident_Severity,Month,Year,Time,Junction_Type,Traffic_Control,Movement,Divider,Weather,Light,Road_Geometry,Surface_Condition,Surface_Type,Surface_Quality,Road_Class,Road_Feature,Location_Type,Vehicle_Type,Vehicle_Movement,Vehicle_Loading,Vehicle_Defect,Vehicle_Driver_Age,Vehicle_Alcohol,Vehicle_Seat_Belt
3,14,4,11,2010,3,1,1,2,2,1,2,1,1,1,1,1,1,1,9,6,1,1,41,2,2
8,56,3,12,2010,1,1,1,2,2,4,2,1,1,1,1,1,1,2,14,6,1,1,42,2,2
3,56,4,10,2010,2,1,1,2,2,1,1,1,1,1,1,1,1,2,14,6,1,1,30,2,2
1,55,4,8,2010,3,3,1,2,2,1,1,1,1,1,1,1,1,1,8,4,1,1,,2,2
13,54,4,12,2010,4,1,1,2,2,1,3,1,1,1,1,1,1,2,12,6,1,1,22,2,2
1,54,3,12,2010,3,1,1,2,2,1,4,1,1,1,1,5,1,1,14,6,1,1,,2,2
3,32,4,5,2010,2,1,1,2,2,1,1,1,1,1,1,3,1,2,4,6,1,1,25,2,2
4,32,4,7,2010,3,7,1,1,2,1,1,1,1,1,1,4,1,2,1,2,1,1,,2,2
3,64,3,10,2010,2,3,1,2,2,1,1,1,1,1,1,5,1,1,6,10,1,1,,2,2
11,64,1,5,2010,3,3,1,2,2,1,1,2,1,1,1,5,1,1,7,2,1,1,,1,2
12,64,4,6,2010,3,1,1,2,2,1,1,1,1,1,1,2,1,2,5,6,1,1,,1,2
9,64,3,12,2010,3,3,1,2,1,1,1,1,1,1,1,5,1,1,14,6,1,7,,1,2
8,64,4,4,2010,3,1,1,2,2,1,1,1,1,1,1,5,1,1,2,6,1,7,45,2,2
6,64,3,4,2010,1,3,1,2,1,1,2,1,1,1,1,5,1,1,7,1,1,1,30,1,2
4,64,4,4,2010,4,1,1,2,2,1,2,1,1,1,1,5,1,1,5,6,1,1,24,1,2
8,54,4,1,2010,3,1,1,2,2,1,1,1,1,1,1,3,1,2,5,11,1,7,32,2,2
12,54,3,12,2010,1,1,1,1,2,2,3,1,1,1,1,3,1,2,10,10,1,1,,2,2
12,54,4,1,2010,4,1,1,2,2,1,4,2,1,1,1,1,1,2,5,6,1,1,26,2,2
4,34,4,11,2010,2,1,1,2,2,1,1,2,1,1,1,3,1,2,8,2,2,2,,2,2
6,64,4,10,2010,1,1,1,2,2,1,3,1,1,1,1,5,1,1,9,6,1,1,50,1,2
10,64,4,10,2010,2,5,4,2,1,1,2,4,1,1,1,5,1,1,6,10,1,1,20,1,2
1,64,3,7,2010,2,2,4,2,1,1,1,1,1,1,1,5,1,1,9,6,1,1,32,1,2
1,64,4,10,2010,3,2,4,2,2,1,1,4,1,1,1,5,1,1,9,5,1,1,,1,2
4,64,4,6,2010,4,1,1,2,2,1,3,1,1,1,1,5,1,1,14,6,1,1,,1,2
8,64,3,12,2010,2,1,1,2,1,1,1,1,1,1,1,5,1,1,2,6,1,1,45,2,2
4,59,4,2,2010,2,3,1,2,2,1,1,1,1,1,1,2,1,2,6,5,1,1,,2,2
5,61,4,1,2010,3,1,1,2,2,1,1,1,1,1,1,3,1,2,9,5,1,1,,2,2
1,57,3,5,2010,1,1,1,2,2,1,1,1,1,1,1,1,1,2,14,6,2,1,45,2,2
9,63,4,1,2010,1,1,1,2,2,1,1,1,1,1,1,1,1,2,9,5,1,1,,2,2
1,67,4,9,2010,2,2,1,2,2,1,1,3,1,1,1,1,1,,5,6,1,1,28,2,2
3,57,4,2,2010,2,1,1,2,2,1,1,1,1,1,1,1,1,2,14,5,1,1,28,2,2
14,63,4,9,2010,3,4,1,2,2,1,1,1,1,1,1,1,1,2,14,6,1,1,37,2,2
3,57,4,8,2010,1,1,1,2,2,1,2,1,1,1,1,1,1,2,14,10,1,1,35,2,2
5,50,4,1,2010,3,1,1,2,2,1,1,1,1,1,1,2,1,2,14,5,1,1,,2,2
12,47,1,2,2010,4,1,1,2,2,1,4,2,1,1,1,1,1,2,9,6,1,3,,2,2
6,44,4,10,2010,1,1,1,2,2,1,2,1,1,1,1,1,1,1,14,6,1,3,40,2,2
5,45,4,8,2010,2,1,1,2,2,1,1,1,1,1,1,1,3,2,9,6,1,1,,2,2
22,42,4,6,2010,1,1,1,2,1,1,2,1,1,1,1,1,1,1,12,6,1,1,34,1,2
8,42,2,2,2010,1,2,4,2,1,1,3,1,1,1,1,5,1,1,10,6,1,1,40,2,2
8,42,2,7,2010,4,7,4,2,1,1,1,1,1,1,1,5,1,1,12,6,1,1,40,2,2
6,21,3,6,2010,2,2,1,2,2,1,1,1,1,1,1,1,1,2,9,6,1,7,,1,2
1,22,4,9,2010,2,1,1,2,2,1,1,1,1,1,1,2,1,2,4,6,1,7,30,1,2
4,28,4,1,2010,2,3,1,2,2,1,1,1,1,1,1,1,1,1,9,6,1,1,,2,2
5,28,4,9,2010,2,5,4,2,2,1,1,1,1,1,1,5,1,1,2,2,1,1,32,2,2
9,17,4,5,2010,2,1,2,2,1,1,1,1,1,1,1,3,1,1,1,6,1,1,17,2,2
11,16,4,5,2010,3,1,1,2,2,1,1,1,1,1,1,2,1,1,14,11,1,1,35,2,2
8,56,3,7,2010,2,1,1,2,2,1,1,1,1,1,1,2,1,2,12,6,1,1,37,2,2
2,56,4,1,2010,3,1,1,2,2,1,1,1,1,1,1,4,4,2,19,4,2,1,30,2,2
1,54,1,9,2010,2,1,1,2,2,1,1,1,1,1,1,1,1,1,12,6,1,1,30,1,2
3,56,4,9,2010,4,1,1,2,2,1,1,1,1,1,1,1,1,2,14,6,1,2,30,2,2
8,56,4,12,2010,2,1,1,2,2,1,1,1,1,1,1,2,1,2,8,6,1,1,38,2,2
3,56,3,6,2010,2,1,1,2,2,1,1,1,2,1,1,1,1,2,14,6,1,1,40,2,2
1,56,4,3,2010,2,1,1,2,2,1,1,1,1,1,1,2,1,2,9,5,1,1,,2,2
3,53,4,9,2010,3,1,1,2,2,1,1,1,1,1,1,2,1,2,5,6,1,1,,2,2
1,54,4,9,2010,4,1,1,2,2,2,2,2,2,1,1,2,1,1,1,6,1,1,,2,2
12,54,3,1,2010,3,1,1,2,2,1,1,1,1,1,1,1,1,2,7,6,1,1,,2,2
12,54,4,1,2010,3,1,1,2,2,1,1,1,1,1,1,1,1,2,9,6,1,1,41,2,2
12,54,1,6,2010,3,3,1,2,2,1,1,1,1,1,1,1,1,2,12,6,1,1,33,2,2
12,54,4,7,2010,3,1,1,2,1,1,1,1,1,1,1,2,1,2,13,6,1,1,,2,2
9,26,4,2,2011,1,1,1,2,2,1,1,1,1,1,1,3,1,2,9,6,1,6,26,2,2
4,26,4,1,2011,4,2,1,2,2,1,3,1,1,1,1,2,2,1,14,6,1,1,,1,2
1,26,4,5,2011,4,1,2,1,1,1,4,1,1,1,1,1,1,2,4,2,1,1,35,2,2
8,26,4,12,2011,2,1,1,2,2,1,2,1,1,2,2,4,1,1,4,7,1,3,,2,2
1,26,4,11,2011,2,1,1,2,2,1,1,1,1,1,1,1,1,,13,5,1,1,,2,2
1,24,4,3,2011,4,1,4,2,2,1,1,2,1,1,1,1,1,1,13,6,1,1,,2,2
6,26,3,9,2011,3,1,1,2,2,1,1,1,1,1,1,4,1,2,19,6,1,1,,2,2
1,21,4,2,2011,1,1,3,2,1,1,2,1,1,1,1,1,2,,9,6,1,3,35,1,2
3,21,4,8,2011,2,1,1,2,2,1,2,1,1,1,1,1,1,2,14,6,1,7,,2,2
3,21,4,8,2011,3,1,1,2,2,1,1,1,1,1,1,1,1,2,14,6,1,1,,2,2
3,21,3,8,2011,2,1,1,2,2,1,1,1,1,1,1,1,1,2,9,6,1,1,26,2,2
3,21,4,8,2011,2,1,1,2,2,1,1,1,1,1,1,1,1,2,9,6,1,1,,2,2
2,21,4,7,2011,3,1,1,2,2,1,2,1,1,1,1,4,1,2,4,6,1,1,,2,2
1,19,4,12,2011,2,3,8,2,2,1,2,2,1,1,2,3,1,2,14,6,1,1,,2,2
4,22,4,11,2011,3,1,1,2,2,1,1,1,1,1,1,3,1,2,4,6,1,1,55,1,2
1,22,4,9,2011,3,1,1,2,1,1,1,1,1,1,1,1,2,1,14,6,1,1,35,2,2
4,20,4,1,2011,2,1,2,1,1,1,1,1,1,1,3,1,2,,14,8,1,1,,2,2
1,20,4,3,2011,3,1,1,2,2,1,1,2,1,1,1,4,1,2,14,1,1,7,53,2,2
1,18,3,9,2011,2,1,1,2,2,1,1,1,1,1,1,2,1,2,9,6,1,1,,2,2
2,18,4,2,2011,2,1,1,2,2,1,1,1,1,1,1,4,1,,1,6,1,1,38,2,2
1,18,4,11,2011,2,2,1,2,2,1,1,3,1,1,1,5,1,1,19,6,2,6,,2,2
1,18,4,12,2011,2,1,1,2,2,4,2,1,1,1,2,4,1,1,8,6,1,1,30,2,2
5,18,4,12,2011,3,1,1,2,2,1,1,1,1,1,1,2,2,2,4,6,1,1,,1,1
1,18,4,12,2011,3,1,1,2,2,1,1,1,1,1,1,1,1,1,19,6,1,7,,2,2
7,18,4,12,2011,4,1,1,2,2,1,4,1,1,1,1,1,1,1,14,10,1,1,28,2,2
1,18,4,12,2011,3,1,1,2,2,1,1,1,1,1,1,5,1,1,2,6,1,1,38,2,2
1,29,4,7,2011,3,1,8,1,1,4,1,2,,,,,,,6,6,1,7,,2,2
8,29,4,5,2011,4,1,1,2,2,1,4,1,1,1,1,1,1,2,10,6,1,1,,2,2
3,29,4,6,2011,3,1,1,2,2,1,1,1,1,1,1,2,1,2,12,5,1,1,,2,2
8,29,4,5,2011,2,1,1,2,2,1,1,1,1,1,1,1,2,,7,6,2,1,40,2,2
1,25,4,3,2011,2,1,1,2,2,1,1,1,1,1,1,5,1,2,1,9,1,2,,1,1
1,25,4,5,2011,2,1,1,2,2,1,1,1,1,1,1,5,1,1,9,6,1,2,,1,2
1,20,4,12,2011,3,3,1,2,2,1,1,1,1,1,1,2,1,2,17,6,1,7,27,2,2
2,20,2,10,2011,3,1,1,2,2,1,1,1,1,1,1,1,1,1,14,8,1,1,,1,1
4,20,4,11,2011,1,3,1,2,2,1,1,1,1,1,1,2,1,2,17,5,1,1,,2,2
2,25,3,9,2011,2,3,1,2,2,1,1,1,1,1,2,2,1,2,9,6,2,,45,2,2
1,25,4,12,2011,3,1,1,2,2,1,1,1,1,1,1,4,1,1,12,5,1,1,32,2,2
1,25,4,9,2011,3,1,1,2,2,1,1,1,1,1,1,3,1,1,12,5,1,,32,2,2
3,29,3,8,2011,3,1,1,2,1,1,1,1,1,1,1,2,1,1,14,6,1,7,,1,1
1,24,4,9,2011,4,1,1,2,2,1,1,2,1,1,2,1,1,2,9,5,1,1,,1,2
1,24,4,12,2011,2,3,1,2,2,1,1,1,1,1,1,4,1,2,14,5,1,1,,1,2
1,24,4,12,2011,3,1,1,2,2,1,1,1,1,1,1,1,1,1,14,6,1,1,,2,2
2,24,4,11,2011,1,3,1,2,2,1,2,1,1,1,1,1,1,1,14,6,1,7,,1,1
3,24,4,12,2011,1,1,1,2,2,1,1,1,1,1,1,3,4,2,14,6,2,1,,2,2
6,24,4,8,2011,2,1,1,2,2,1,1,1,1,1,1,2,1,1,13,6,1,1,,2,2
3,11,4,3,2011,3,3,1,2,2,1,1,1,1,1,1,4,4,2,14,6,1,7,28,2,2
9,11,4,3,2011,2,7,8,2,2,4,1,1,5,1,2,2,1,2,17,11,1,7,28,2,2
5,11,3,4,2011,3,1,8,2,2,1,1,1,1,1,1,1,1,2,14,6,1,1,25,2,2
5,11,4,4,2011,2,4,2,2,1,1,1,1,1,1,1,3,1,2,17,5,2,1,,2,2
5,11,4,4,2011,3,3,1,1,2,1,1,1,1,1,1,1,1,2,9,5,1,7,,2,2
8,11,4,5,2011,4,7,3,2,2,1,2,4,1,1,1,4,,,8,6,2,1,,2,2
6,11,4,6,2011,4,1,2,1,2,1,3,1,1,1,1,1,1,2,9,6,1,1,,2,2
7,11,4,6,2011,3,7,1,1,2,2,1,5,2,1,2,2,1,2,8,6,1,1,,2,2
5,11,4,6,2011,3,4,1,2,2,1,1,1,1,1,1,1,1,2,4,6,1,1,40,2,2
7,11,1,1,2011,4,1,1,1,2,1,4,2,1,1,1,4,1,2,4,5,1,1,,2,2
8,11,1,1,2011,3,1,1,2,2,1,1,1,1,1,3,2,1,1,17,5,2,7,,2,2
9,11,4,2,2011,2,7,8,2,2,1,1,1,1,1,1,2,1,2,13,5,1,1,,1,2
6,11,4,2,2011,2,7,8,2,2,1,2,1,1,1,1,2,1,2,14,5,1,1,45,1,2
5,11,4,2,2011,2,7,8,2,2,1,1,1,1,1,1,3,1,2,12,4,1,1,30,2,2
5,11,4,2,2011,3,1,1,1,1,1,1,1,1,1,1,1,1,2,9,6,2,1,,2,2
1,12,4,8,2011,2,7,8,2,2,2,1,1,2,1,1,2,1,2,9,11,2,7,33,1,2
5,12,4,8,2011,4,7,1,1,2,1,4,1,1,1,1,1,1,2,14,6,1,1,,1,2
4,12,4,10,2011,2,1,8,1,2,1,1,1,1,1,1,2,1,2,8,6,1,1,25,2,2
1,12,4,10,2011,3,1,1,1,2,1,1,1,1,1,1,2,1,2,17,5,2,7,,2,2
4,12,3,9,2011,2,3,1,2,1,1,2,1,1,1,2,1,2,,13,11,1,7,40,2,2
5,12,4,6,2011,2,7,8,2,2,2,1,1,2,1,2,3,4,2,14,11,2,7,40,2,2
5,12,3,1,2011,3,7,1,2,2,1,1,1,1,1,1,1,1,2,14,5,1,1,60,2,2
3,12,4,1,2011,3,1,1,1,2,1,1,1,1,1,1,2,1,2,8,5,1,1,,2,2
1,12,4,1,2011,2,3,1,2,2,1,1,2,1,1,1,3,1,2,8,5,1,1,48,1,2
1,12,4,1,2011,2,3,1,2,2,1,1,1,1,1,1,2,1,2,8,5,1,1,48,1,2
1,12,3,7,2011,4,2,8,2,2,1,1,1,1,1,1,4,5,2,12,6,1,7,,2,2
1,12,4,2,2011,2,3,3,2,2,1,1,1,1,1,1,1,1,1,9,4,1,1,35,2,2
5,12,4,2,2011,3,7,8,1,2,1,1,1,1,1,1,1,1,2,14,11,1,1,,1,2
3,12,4,2,2011,2,1,1,1,2,1,1,2,1,1,1,4,,,8,11,1,7,,1,2
1,12,4,9,2011,3,7,1,1,2,1,1,1,1,1,1,1,2,1,14,6,2,1,40,1,2
5,12,3,9,2011,3,7,1,2,2,1,1,2,1,1,1,1,1,1,14,6,2,1,,1,2
5,12,4,9,2011,3,7,1,1,1,1,1,1,1,1,1,1,1,2,14,11,1,7,,1,2
3,13,3,5,2011,2,7,1,2,2,1,1,1,1,1,1,3,1,2,8,5,1,1,,2,2
6,13,4,3,2011,3,3,1,2,2,1,1,1,1,1,1,1,1,2,8,6,1,1,33,2,2
2,13,1,3,2011,2,4,8,2,2,1,1,2,1,1,2,4,1,2,17,4,1,1,27,2,2
5,13,4,3,2011,2,7,1,2,2,1,1,2,1,1,1,4,1,2,8,2,1,1,,2,2
5,13,4,4,2011,3,1,1,2,2,1,1,1,1,1,1,1,1,2,14,6,1,1,32,2,2
3,13,4,7,2011,4,1,1,1,2,1,1,1,1,1,1,3,1,2,13,4,1,1,,2,2
7,13,4,7,2011,3,1,1,1,2,1,1,2,1,1,1,2,1,2,8,11,2,7,50,2,2
9,13,4,1,2011,3,7,8,2,2,1,1,1,1,1,2,4,1,2,14,6,1,1,50,2,2
2,16,4,7,2011,3,1,1,2,2,1,1,1,1,1,1,1,1,2,8,11,1,7,,1,2
4,16,4,4,2011,3,1,1,1,2,1,1,1,1,1,1,1,1,2,14,6,1,1,,2,2
2,16,4,4,2011,4,3,1,2,2,1,2,1,1,1,1,2,1,2,4,2,1,1,52,2,2
3,1,4,3,2011,3,2,3,2,2,1,1,1,1,1,1,1,1,1,8,11,,,40,,
4,1,4,4,2011,4,7,1,2,2,1,4,1,1,1,2,1,2,,17,6,2,6,,1,2
4,6,3,1,2011,3,1,1,1,2,1,1,1,1,1,1,4,1,2,14,3,1,1,38,2,2
2,6,2,3,2011,3,7,1,2,2,1,1,1,1,1,1,1,3,2,14,5,1,1,30,2,2
1,6,2,6,2011,3,7,4,2,1,1,1,2,1,1,1,1,1,1,12,6,1,1,,2,2
3,4,4,4,2011,4,1,1,2,2,1,1,1,1,1,1,2,1,2,13,6,1,1,,1,2
2,4,4,4,2011,2,7,1,2,2,1,1,2,2,1,1,3,1,2,8,11,1,1,32,1,2
4,4,1,4,2011,2,1,1,2,2,1,1,1,1,1,1,1,1,2,12,5,1,1,26,2,2
10,7,4,3,2011,3,1,1,2,2,1,1,1,1,1,1,4,1,2,19,6,1,1,,2,2
3,7,4,4,2011,2,1,1,2,2,1,1,1,1,1,1,4,1,2,14,6,1,1,35,1,2
1,2,4,3,2011,4,1,1,1,2,1,4,1,1,1,1,1,1,2,14,5,1,1,37,2,2
1,2,4,10,2011,4,7,5,2,2,1,1,1,1,1,1,1,1,1,8,11,1,1,,2,2
5,2,4,1,2011,3,7,3,2,2,1,1,1,1,1,1,2,1,2,8,4,1,1,58,2,2
1,2,4,4,2011,3,4,8,2,2,1,1,4,1,1,1,4,1,2,17,2,1,1,,2,2
1,2,4,5,2011,3,3,4,2,2,1,1,1,1,1,1,1,1,1,14,5,2,1,,2,2
1,2,4,5,2011,4,1,1,2,2,1,2,1,1,1,1,2,1,2,14,5,,1,40,2,2
1,2,4,6,2011,2,1,2,2,2,1,2,1,1,1,1,1,1,2,12,6,1,1,38,2,2
1,2,4,6,2011,4,1,1,2,2,1,4,4,5,1,2,4,4,2,5,6,1,1,30,2,2
1,3,4,2,2011,3,1,1,1,2,1,1,1,1,1,1,5,1,1,14,5,1,1,45,2,2
3,3,4,2,2011,3,1,2,1,2,1,1,1,1,1,1,1,1,2,14,4,2,3,,2,2
6,3,4,3,2011,2,1,1,2,2,2,1,1,2,1,1,1,1,2,9,6,1,3,,2,2
6,3,4,6,2011,3,1,1,2,2,1,1,1,1,1,1,1,1,2,14,6,1,3,24,2,2
6,3,4,6,2011,3,1,1,2,2,1,1,1,3,1,1,1,1,2,17,5,1,,,2,2
5,8,4,3,2011,3,1,1,2,2,1,1,1,1,1,1,1,1,2,14,6,2,1,,2,2
1,8,4,3,2011,4,1,8,2,2,1,4,1,1,1,1,5,4,1,19,6,2,6,,2,2
3,8,3,4,2011,3,1,8,2,2,1,1,2,1,1,1,4,1,2,19,11,1,7,20,2,2
3,8,4,5,2011,3,1,8,2,2,1,1,1,1,1,1,1,2,,13,5,1,7,26,2,2
1,13,4,10,2011,3,1,8,2,2,1,1,1,1,1,1,2,1,2,13,6,1,1,,1,2
8,13,4,12,2011,2,7,8,2,1,4,2,1,1,1,1,5,1,2,4,5,1,1,,2,2
8,13,4,12,2011,3,1,1,2,2,1,1,1,1,1,1,1,1,2,14,6,1,1,,2,2
3,12,4,12,2011,2,1,1,2,2,1,1,2,1,1,1,2,1,2,4,6,1,1,,2,2
5,12,4,12,2011,2,7,1,2,2,1,1,2,1,1,1,1,1,2,14,6,1,7,,2,2
1,12,4,12,2011,3,3,1,2,2,2,1,1,1,1,1,1,1,1,17,6,1,1,,2,2
5,12,4,11,2011,4,1,1,2,2,1,2,1,1,1,1,1,1,2,7,6,1,1,45,2,2
6,11,3,8,2011,3,7,1,2,2,1,1,1,1,1,1,1,1,1,13,6,1,7,,2,2
8,11,4,9,2011,2,7,8,2,2,1,1,1,1,1,1,1,1,2,8,11,1,7,,2,2
6,11,4,9,2011,3,7,8,2,2,1,1,1,1,1,1,1,1,2,14,6,1,1,40,2,2
5,11,4,9,2011,2,1,1,2,2,1,1,1,1,1,1,1,1,2,9,5,1,1,,2,2
11,11,4,9,2011,4,1,1,2,2,1,1,1,1,1,1,1,1,2,17,1,1,1,,2,2
1,15,4,1,2011,3,1,1,2,2,1,1,1,1,1,1,1,1,2,14,6,1,1,30,2,2
1,15,4,1,2011,3,3,8,1,2,2,1,2,1,1,1,1,1,2,14,6,1,7,45,2,2
3,15,4,5,2011,4,1,1,2,2,1,4,1,1,1,1,1,1,2,14,6,1,1,50,2,2
11,16,4,9,2011,2,7,1,2,2,1,1,1,1,1,1,1,1,2,19,6,1,1,,2,2
10,16,4,11,2011,1,7,1,2,2,1,4,1,1,1,1,1,1,2,9,5,1,1,,2,2
9,16,4,11,2011,4,1,1,2,2,4,4,1,1,1,1,4,1,2,19,6,1,1,30,2,2
10,16,4,12,2011,3,2,1,2,2,1,1,1,1,1,1,1,1,1,9,5,1,1,35,1,2
2,16,3,5,2011,2,7,8,2,2,1,1,1,1,1,1,1,1,2,13,4,1,1,40,2,2
10,16,4,1,2011,1,7,1,2,2,1,4,1,1,1,1,1,2,2,14,6,1,1,,2,2
3,16,3,1,2011,3,1,1,2,2,1,1,1,1,1,1,4,1,2,19,8,1,1,30,2,2
4,16,3,3,2011,3,1,8,1,2,1,1,4,1,1,1,4,1,2,7,1,2,7,,2,2
10,9,4,1,2011,3,1,1,2,2,1,1,1,1,1,1,1,1,2,14,6,1,1,,2,2
11,9,4,3,2011,2,1,1,2,2,1,1,1,1,1,1,1,1,2,9,6,1,1,,2,2
11,9,4,3,2011,3,7,1,2,2,1,1,1,1,1,1,1,1,2,14,6,1,1,,2,2
10,9,4,3,2011,3,1,1,2,2,1,1,1,1,1,1,1,1,2,10,6,1,1,,2,2
10,9,4,4,2011,3,1,1,1,2,1,1,1,1,3,1,4,1,2,13,6,1,7,28,2,2
11,9,4,4,2011,3,7,1,2,2,1,1,2,1,1,1,3,1,2,14,6,1,1,,2,2
1,9,4,5,2011,3,1,1,1,1,1,1,1,1,1,1,5,1,1,9,6,1,1,,2,2
10,9,4,5,2011,3,1,1,2,2,1,1,1,1,1,1,1,2,1,17,6,1,1,,2,2
10,9,4,5,2011,3,1,1,2,2,1,1,1,1,1,1,3,1,2,13,6,1,7,30,2,2
10,9,4,5,2011,1,1,1,1,2,1,1,1,1,1,1,3,1,2,9,6,1,1,35,2,2
11,9,4,5,2011,4,4,1,2,2,1,1,2,2,1,1,2,1,2,13,5,1,1,42,1,1
12,9,3,1,2011,3,1,4,2,1,1,1,1,1,1,1,1,,,5,6,1,1,,2,2
1,2,4,3,2011,3,1,1,2,1,1,1,1,1,1,3,1,2,,6,1,1,2,32,2,2
3,8,4,7,2011,1,1,2,2,1,1,1,1,1,1,1,1,2,2,14,11,1,7,40,2,2
3,13,4,2,2011,2,3,1,2,2,1,1,1,1,1,1,4,1,2,14,6,,,,2,2
5,12,4,6,2011,3,1,1,2,2,1,1,1,2,1,1,3,1,2,14,5,2,1,,2,2
5,12,4,6,2011,4,1,1,1,1,1,1,1,2,1,1,3,1,2,13,9,1,1,22,2,2
5,12,4,6,2011,4,7,8,2,2,1,2,1,1,1,1,3,1,1,4,5,1,1,,2,2
4,15,4,11,2011,4,2,1,2,2,1,2,1,1,1,1,1,1,2,9,6,1,1,42,2,2
11,16,4,5,2011,2,1,1,2,2,1,1,1,1,1,1,1,1,2,9,6,1,1,40,2,2
11,9,1,6,2011,3,3,1,2,2,1,1,1,1,1,2,1,1,,14,5,1,1,,2,2
10,9,4,6,2011,4,1,1,2,2,1,3,1,1,1,1,1,1,1,9,1,1,2,,2,2
10,9,4,6,2011,4,1,1,2,2,1,1,1,1,1,1,1,1,1,2,6,1,1,,2,2
12,9,4,10,2011,3,2,1,2,2,1,1,1,1,1,1,1,1,1,9,6,1,1,48,2,2
12,9,4,10,2011,3,1,1,2,2,1,1,1,1,1,1,1,1,2,14,6,1,1,32,2,2
12,5,4,10,2011,3,2,1,1,2,1,1,1,1,1,1,1,2,2,14,11,1,6,30,2,2
1,9,4,7,2011,3,7,1,2,2,1,1,1,1,1,1,2,1,2,13,1,1,1,26,2,2
2,9,4,7,2011,2,1,8,2,2,1,1,1,1,1,1,3,1,2,8,6,2,7,28,2,2
7,9,4,7,2011,3,1,1,2,2,1,1,1,1,1,1,1,1,1,14,6,1,1,32,2,2
12,9,4,8,2011,2,1,8,2,2,1,1,1,1,1,1,1,1,1,9,6,1,1,,2,2
5,9,4,8,2011,,1,8,2,2,1,1,1,1,1,1,5,1,1,14,6,1,1,,2,2
4,9,4,8,2011,3,1,8,2,2,1,1,1,1,1,1,1,1,2,8,6,1,7,,2,2
4,9,4,12,2011,1,1,4,2,2,1,2,1,1,1,1,1,2,1,19,6,1,7,,2,2
10,9,4,12,2011,4,1,1,2,2,1,2,1,1,1,1,1,1,2,6,6,2,7,,2,2
1,14,4,9,2011,1,3,8,2,1,4,2,1,1,1,1,5,1,1,9,5,1,,,1,2
4,14,4,8,2011,3,7,1,2,2,1,1,1,1,1,1,1,1,1,4,6,1,7,30,2,2
2,14,4,10,2011,3,7,8,2,2,1,3,1,1,1,1,5,1,1,14,6,1,7,30,1,2
1,53,4,1,2011,3,1,1,2,2,1,1,1,1,1,1,1,4,1,19,6,2,7,35,2,2
7,54,4,3,2011,1,3,1,2,2,1,1,1,1,1,1,1,1,2,13,2,1,1,25,2,2
5,56,4,3,2011,3,7,1,2,2,1,1,4,1,1,1,2,1,2,14,6,1,1,26,2,2
5,56,4,1,2011,2,7,8,2,2,4,1,1,1,1,1,4,1,2,5,4,1,7,,2,2
1,54,1,2,2011,3,4,8,2,2,1,1,1,1,1,1,5,1,1,14,6,1,1,32,1,2
5,55,4,6,2011,2,7,1,1,2,1,1,1,1,1,1,4,1,2,13,6,1,1,40,2,2
5,55,4,7,2011,3,3,1,2,2,1,1,1,1,1,1,1,1,2,19,11,2,7,,1,2
10,54,4,2,2011,1,1,8,2,2,1,1,1,1,1,1,1,1,2,19,11,1,7,,1,1
13,54,4,6,2011,,1,1,2,1,1,1,1,1,1,1,1,1,2,19,11,2,7,,,
7,54,4,7,2011,1,7,8,2,2,1,1,1,2,1,1,2,1,2,6,9,1,7,,1,2
5,56,4,4,2011,4,1,1,2,2,1,4,4,1,1,1,2,1,2,3,11,1,7,,2,2
5,56,4,9,2011,3,1,1,2,2,1,1,1,1,1,1,2,1,2,4,5,1,1,25,2,2
6,55,4,9,2011,4,3,1,2,2,1,1,1,1,1,1,1,1,1,14,6,1,1,,2,2
1,55,4,10,2011,3,1,1,2,2,1,1,1,1,1,1,1,1,2,9,11,1,1,35,2,2
6,55,4,10,2011,2,1,1,2,2,1,1,1,1,1,1,2,1,1,14,11,1,1,36,2,2
6,55,4,11,2011,1,1,1,2,2,1,2,1,1,1,1,2,1,2,9,6,1,1,,2,2
4,55,4,1,2011,3,1,1,2,2,1,1,1,1,1,1,5,1,1,14,6,1,1,22,2,2
1,55,4,8,2011,3,1,1,2,2,1,1,1,1,1,1,1,1,2,9,5,1,7,27,2,2
1,54,3,7,2011,4,1,4,2,2,1,2,3,1,1,1,1,1,1,9,6,1,3,,2,2
13,54,4,6,2011,2,1,1,2,2,2,1,1,2,2,1,1,1,2,10,6,2,7,2,1,1
4,54,4,5,2011,3,1,1,2,1,1,1,2,2,1,1,2,1,2,9,11,1,1,35,2,2
8,54,4,8,2011,2,1,1,2,2,1,1,1,1,1,1,3,1,2,14,4,1,7,40,1,2
8,56,4,11,2011,2,1,1,2,2,1,1,1,2,1,1,1,1,2,,5,,1,50,2,2
6,34,3,8,2011,2,1,1,2,2,1,2,2,1,1,1,1,1,2,13,2,1,1,22,2,2
6,34,4,9,2011,3,1,1,2,2,1,1,1,1,1,1,1,1,2,9,6,1,1,,2,2
4,34,4,9,2011,3,1,8,2,2,1,1,1,1,1,1,2,1,2,9,6,1,2,,2,2
5,34,4,9,2011,4,1,1,2,2,1,2,1,1,1,1,4,1,2,14,6,1,1,,2,2
4,34,3,9,2011,3,7,1,2,2,1,4,1,1,1,1,1,1,2,9,6,1,7,45,2,2
2,31,4,10,2011,2,7,8,2,2,1,1,1,1,1,1,2,1,2,12,5,1,1,45,2,2