Thana,District,Accident_Severity,Month,Year,Time,Junction_Type,Traffic_Control,Movement,Divider,Weather,Light,Road_Geometry,Surface_Condition,Surface_Type,Surface_Quality,Road_Class,Road_Feature,Location_Type,Vehicle_Type,Vehicle_Movement,Vehicle_Loading,Vehicle_Defect,Vehicle_Driver_Age,Vehicle_Alcohol,Vehicle_Seat_Belt
1,31,4,11,2011,3,4,3,2,2,1,1,1,1,1,1,4,1,1,4,6,1,1,,2,2
2,31,3,12,2011,2,7,8,2,2,1,1,2,1,1,1,2,1,2,14,6,1,1,26,2,2
3,33,4,10,2011,2,1,1,2,2,1,1,1,1,1,1,2,1,2,7,6,1,7,,2,2
5,33,4,11,2011,3,1,1,2,2,1,1,2,1,1,1,3,1,2,13,9,1,1,,2,2
3,33,4,8,2011,1,1,1,2,2,1,1,1,1,1,1,4,1,2,8,6,1,1,33,2,2
4,33,4,8,2011,2,1,1,2,2,2,1,1,2,1,1,4,1,2,9,6,1,1,30,2,2
4,33,3,8,2011,3,1,1,2,2,1,1,1,1,1,2,4,1,1,4,6,1,1,31,2,2
2,27,4,11,2011,1,1,1,2,2,4,4,1,1,1,1,2,1,2,3,6,1,1,30,2,2
1,30,3,8,2011,4,1,1,2,2,1,3,1,1,1,1,3,1,2,9,6,1,1,,2,2
5,30,4,9,2011,3,1,1,2,2,1,1,1,1,1,1,4,1,2,9,6,1,1,,2,2
1,33,4,5,2011,2,7,1,1,2,1,1,1,1,1,1,2,1,2,13,6,1,1,,2,2
2,27,4,5,2011,3,1,1,2,2,1,1,1,1,1,1,2,1,2,9,6,1,1,,2,2
2,27,4,5,2011,1,1,1,2,1,1,1,1,1,1,1,3,1,2,9,6,1,1,,2,2
4,34,4,3,2011,2,1,1,2,2,1,1,1,1,1,1,1,1,1,9,6,1,1,38,2,2
2,31,4,2,2011,4,1,8,2,1,1,4,1,1,1,1,3,2,2,13,11,1,1,25,2,2
2,33,4,6,2011,3,1,1,2,2,1,1,1,1,1,1,3,1,1,5,6,1,1,,2,2
2,31,4,6,2011,2,1,1,2,2,1,1,1,1,1,1,3,1,2,9,6,1,7,45,2,2
1,31,3,6,2011,2,3,1,2,2,1,1,1,1,1,1,2,1,2,7,6,1,6,,2,2
3,27,4,3,2011,,4,1,1,1,1,1,1,1,1,1,3,1,1,9,9,1,1,48,1,2
1,27,4,3,2011,1,1,1,2,2,1,2,2,1,1,1,4,1,2,4,1,1,1,30,2,2
6,34,4,1,2011,2,1,1,2,2,1,1,1,1,1,1,1,1,2,4,6,1,1,,2,2
3,33,2,1,2011,4,1,1,2,2,1,3,1,1,1,1,4,1,1,9,6,1,1,,2,2
4,34,3,1,2011,4,1,1,2,2,4,4,3,1,1,2,3,4,2,6,6,1,1,18,2,2
1,33,3,2,2011,4,1,1,2,2,1,1,1,1,1,1,2,1,2,5,6,1,1,45,2,2
2,31,4,2,2011,2,1,1,2,2,1,1,1,1,1,1,4,1,2,9,6,1,3,30,2,2
2,27,4,2,2011,3,1,1,2,2,1,1,1,1,1,1,3,1,2,4,6,1,1,42,2,2
3,27,4,2,2011,3,1,1,2,2,1,1,1,1,1,1,4,1,2,19,6,2,2,,2,2
11,34,3,5,2011,2,4,1,2,2,1,1,1,1,1,1,1,1,2,14,1,1,7,,2,2
11,34,3,5,2011,2,1,1,2,2,1,1,1,1,1,1,1,1,1,14,6,1,1,,2,2
1,34,3,7,2011,2,1,1,2,2,1,3,1,1,1,1,4,1,1,9,6,1,1,45,2,2
11,34,3,7,2011,3,1,5,2,1,1,1,1,1,1,1,1,1,1,9,6,1,1,,2,2
11,34,4,7,2011,1,1,8,2,2,1,1,1,1,1,1,1,1,1,9,6,1,1,,2,2
1,34,2,1,2011,2,3,1,2,2,1,1,2,1,1,1,1,1,1,9,6,1,1,45,2,2
1,34,4,1,2011,3,4,1,2,2,1,1,2,1,1,1,2,4,2,9,1,1,1,,2,2
11,34,4,3,2011,2,1,1,2,2,1,1,1,1,1,2,3,1,1,9,6,1,1,,2,2
5,27,3,8,2011,3,1,1,2,2,1,1,1,2,1,2,3,1,2,8,5,1,1,34,2,2
2,33,3,8,2011,3,1,1,2,2,1,1,1,1,1,1,4,1,2,14,6,1,1,,2,2
2,27,3,9,2011,4,1,1,2,2,1,2,1,1,1,1,2,1,1,9,5,1,1,,2,2
11,34,4,12,2011,2,1,1,2,2,1,2,1,1,1,2,1,2,,4,5,1,2,50,2,2
1,64,4,7,2011,1,3,1,2,2,1,2,1,1,1,1,5,1,1,14,6,1,1,,1,2
12,64,3,2,2011,2,1,1,2,2,1,1,1,1,1,1,1,1,1,5,6,1,1,,1,2
2,64,4,4,2011,2,3,6,2,1,1,1,1,1,1,1,5,1,1,14,6,1,1,,1,2
2,64,3,6,2011,3,3,6,2,1,1,1,1,1,1,1,5,1,1,8,5,1,1,24,1,2
2,64,4,7,2011,4,3,1,2,1,1,3,1,1,1,1,5,1,1,14,5,1,1,,1,2
2,64,3,9,2011,4,3,6,2,1,1,3,1,1,1,1,5,1,1,8,5,1,1,25,1,2
2,64,4,11,2011,4,1,5,2,1,1,3,1,1,1,1,5,1,1,4,6,1,1,26,2,2
2,64,4,11,2011,2,3,5,2,1,1,1,1,1,1,1,5,1,1,8,5,1,1,,1,2
9,64,4,7,2011,1,1,1,2,2,2,2,1,2,1,1,5,1,1,14,6,1,1,35,1,2
7,64,4,5,2011,2,1,1,2,1,1,2,1,1,1,1,5,1,1,8,6,1,1,,1,2
7,64,4,10,2011,4,1,1,2,2,1,2,1,1,1,1,5,1,1,13,6,1,1,,1,2
7,64,4,11,2011,2,1,6,2,1,1,1,1,1,1,1,5,1,1,14,6,2,1,42,1,2
6,64,4,12,2011,1,1,1,2,2,1,3,1,1,1,1,5,1,1,5,5,1,1,,1,2
8,64,4,4,2011,4,1,1,2,2,1,2,1,1,1,1,5,1,1,14,6,1,1,38,1,2
3,64,3,3,2011,4,1,1,1,1,1,2,1,1,1,1,5,1,1,9,6,1,1,,1,2
3,64,4,10,2011,2,7,1,2,2,1,1,1,1,1,1,2,1,1,14,6,1,1,,1,2
3,64,4,12,2011,2,1,1,2,2,1,1,1,1,1,1,5,1,1,19,5,2,1,,1,2
10,64,3,1,2011,1,1,1,2,2,1,4,1,1,1,1,1,1,1,10,6,1,1,28,1,1
10,64,4,8,2011,2,5,1,2,2,1,1,3,1,1,1,1,1,1,8,6,1,1,26,1,2
10,64,4,9,2011,4,5,1,2,2,1,3,2,1,1,1,1,1,1,14,5,1,1,,1,2
4,64,4,8,2011,3,1,1,2,1,1,1,1,1,1,1,5,1,1,14,6,1,1,,1,2
4,64,3,10,2011,3,1,1,2,1,1,1,1,1,1,1,5,1,1,9,6,1,1,31,1,2
1,57,4,2,2011,3,1,1,2,1,1,2,1,1,1,1,1,1,2,14,6,1,1,,2,2
5,57,4,3,2011,2,3,8,2,2,1,1,2,1,1,2,1,1,2,9,2,2,7,,2,2
1,57,4,1,2011,2,1,1,2,2,4,1,1,1,1,1,1,1,2,16,4,1,1,45,2,2
2,59,3,7,2011,2,7,8,1,1,1,1,1,1,1,1,1,1,2,5,11,1,7,,1,2
9,60,4,2,2011,4,1,1,2,2,1,3,1,1,1,2,4,1,2,4,11,1,1,,2,2
1,60,1,1,2011,2,1,1,2,2,1,1,1,1,1,1,1,1,2,9,6,1,1,,1,2
1,61,1,1,2011,3,1,1,2,2,1,1,1,1,1,1,1,1,2,9,5,1,1,,2,2
1,61,4,2,2011,3,3,1,2,2,1,1,1,1,1,1,1,1,1,19,4,2,7,,1,2
1,59,4,2,2011,3,1,1,2,2,1,1,2,1,1,1,2,1,2,5,1,2,1,30,1,2
7,63,4,2,2011,2,1,1,1,1,1,1,1,1,1,1,1,1,2,9,6,1,1,,1,2
4,63,4,1,2011,4,1,4,1,2,1,2,2,1,1,1,1,1,2,9,6,1,1,,2,2
14,63,4,2,2011,3,7,2,2,2,1,1,1,1,1,1,5,,,9,,,,,,
2,59,3,1,2011,4,1,8,2,1,2,1,1,1,1,1,1,2,,14,11,1,7,,2,2
1,59,4,8,2011,,3,2,2,1,2,1,1,1,1,1,5,1,1,9,6,1,1,,1,2
1,62,4,3,2011,3,1,1,2,1,1,1,1,1,1,1,1,1,2,5,6,1,3,,2,2
2,65,3,2,2011,3,7,8,2,2,1,1,1,1,1,1,1,1,1,7,5,1,4,,2,2
2,65,4,2,2011,2,7,8,2,2,1,1,2,1,1,1,1,1,2,9,2,1,7,,2,2
1,66,4,2,2011,2,1,1,2,2,1,1,1,1,1,1,2,1,1,14,5,1,1,30,2,2
2,66,3,5,2011,2,4,1,2,2,1,1,4,1,1,1,3,1,2,9,1,1,1,48,2,2
5,58,3,3,2011,3,1,1,2,2,1,1,1,1,1,1,1,1,2,14,2,1,1,,2,2
7,67,4,2,2011,2,7,1,2,2,1,1,4,1,1,1,1,1,2,5,6,1,1,37,2,2
5,66,3,12,2011,3,1,1,2,2,1,1,2,1,1,1,1,1,2,14,6,1,1,44,1,2
5,66,3,12,2011,4,1,8,2,2,1,2,4,1,1,1,1,1,2,14,6,1,1,25,2,2
5,59,3,8,2011,3,1,1,1,2,1,1,1,1,1,1,2,1,2,4,6,1,7,30,1,1
2,59,4,9,2011,2,7,8,2,2,1,1,1,1,1,1,1,1,2,5,6,1,7,,2,2
7,59,4,9,2011,2,1,8,2,2,1,1,1,2,1,1,1,1,2,14,,1,7,,2,2
5,65,4,5,2011,3,1,1,2,2,1,1,1,1,1,1,1,1,2,9,6,1,1,43,2,2
2,65,4,12,2011,2,1,8,2,2,1,1,1,2,1,1,1,1,2,7,11,1,7,,2,2
9,63,4,2,2011,1,1,1,2,2,1,2,1,1,1,1,1,1,1,14,6,1,1,,2,2
7,41,4,1,2011,4,3,1,2,2,4,2,1,1,1,1,1,1,2,9,6,1,1,38,2,2
7,41,4,1,2011,4,3,1,2,2,1,2,1,1,1,1,1,1,2,8,6,1,3,,2,2
13,47,4,1,2011,3,1,1,2,2,1,1,1,1,1,1,4,1,2,15,6,1,3,30,2,2
12,47,3,1,2011,2,1,1,2,2,1,1,1,1,1,3,1,1,2,14,6,1,1,,2,2
8,47,4,2,2011,2,1,1,2,2,1,1,1,1,1,1,1,1,2,9,6,1,3,35,2,2
5,38,3,2,2011,2,3,1,2,2,1,2,1,1,1,1,3,1,1,14,2,1,1,23,2,2
1,45,4,2,2011,2,1,1,2,2,1,1,1,1,1,1,1,1,1,9,6,1,7,,2,2
2,45,4,2,2011,2,1,1,2,2,1,3,1,1,1,1,3,1,1,9,6,1,3,,2,2
7,41,4,3,2011,4,1,1,2,2,1,4,1,1,1,1,2,1,2,9,6,1,3,,2,2
7,41,4,2,2011,3,3,1,2,2,1,1,1,1,1,1,2,1,1,9,5,1,3,,2,2
9,47,4,3,2011,2,1,4,2,2,1,1,1,1,1,1,1,1,2,14,6,1,1,52,2,2
12,47,3,3,2011,1,1,1,2,2,1,4,1,1,1,1,1,1,2,7,5,1,3,,2,2
1,52,4,3,2011,2,1,1,2,2,1,1,1,1,1,1,2,1,2,9,6,1,1,,2,2
9,52,3,3,2011,3,1,1,2,2,1,1,1,1,1,1,4,1,2,12,6,1,3,35,2,2
2,52,4,3,2011,3,1,1,2,2,1,1,1,1,1,1,3,1,2,13,6,1,1,,2,2
2,45,4,3,2011,3,1,1,2,2,1,1,1,1,1,1,3,1,2,11,6,1,1,,2,2
7,40,4,4,2011,2,1,1,2,2,2,1,1,3,1,2,2,1,2,14,6,1,3,32,2,2
7,44,4,4,2011,2,1,4,2,2,1,1,2,1,1,1,1,1,1,9,6,1,3,,2,2
12,47,3,4,2011,3,1,1,2,2,2,1,1,1,1,1,1,5,2,9,6,1,3,,2,2
1,47,4,4,2011,3,1,1,2,2,1,1,1,1,1,1,1,1,2,9,6,1,1,,2,2
6,38,4,3,2011,2,3,1,2,2,1,1,1,1,1,1,1,1,2,9,6,1,3,,2,2
6,45,4,4,2011,2,1,1,2,2,1,2,1,1,1,1,1,1,2,14,6,1,3,,2,2
4,44,4,5,2011,2,1,1,2,2,1,1,1,1,1,1,4,1,2,14,6,1,3,,2,2
4,44,4,5,2011,2,1,1,2,2,1,1,1,1,1,1,4,1,2,14,6,1,3,,2,2
6,44,4,5,2011,1,3,1,2,2,1,3,1,1,1,1,2,1,2,9,6,1,1,35,2,2
5,44,3,5,2011,4,1,1,2,2,1,4,1,1,1,1,1,1,2,9,6,1,3,,2,2
8,47,2,4,2011,3,1,1,2,2,1,1,1,1,1,1,1,1,2,12,6,1,3,,2,2
3,48,3,5,2011,2,1,1,2,2,1,1,1,1,1,1,4,1,2,10,6,1,1,,2,2
1,35,4,5,2011,3,1,1,2,2,1,1,1,1,1,1,1,1,1,9,6,1,3,,2,2
6,38,3,6,2011,3,3,1,2,2,1,1,1,1,1,1,1,1,2,7,5,1,3,,2,2
1,47,4,6,2011,2,1,1,2,2,1,1,1,1,1,1,5,1,1,12,6,1,3,,2,2
1,45,4,7,2011,2,1,1,2,2,1,1,1,1,1,1,1,1,2,14,6,1,3,,2,2
7,47,4,7,2011,3,1,1,2,2,1,1,1,1,1,1,1,1,2,6,6,1,1,,2,2
12,47,2,7,2011,3,1,1,2,2,1,1,1,1,1,1,1,1,2,9,5,1,1,48,2,2
3,38,4,7,2011,3,1,1,2,2,1,1,2,1,1,1,1,1,2,9,6,1,3,,2,2
1,38,4,7,2011,4,1,1,2,2,1,4,3,2,3,3,5,3,1,9,6,1,3,25,2,2
3,36,3,7,2011,2,3,1,2,2,1,1,1,1,1,2,1,2,,12,6,1,1,28,2,2
1,50,4,4,2011,2,1,1,2,2,1,1,1,1,1,1,3,1,2,9,6,1,1,,2,2
2,50,4,5,2011,3,1,1,2,2,1,1,1,1,1,1,1,1,2,9,6,1,3,,2,2
5,50,4,4,2011,2,1,1,2,2,1,1,1,1,1,1,2,1,2,9,6,1,1,,2,2
4,39,3,6,2011,2,1,1,2,2,1,1,1,1,1,1,3,1,2,14,6,1,1,49,2,2
2,44,3,6,2011,3,1,1,2,2,1,1,1,1,1,1,2,1,2,9,6,1,3,,2,2
1,46,4,2,2011,2,1,1,2,2,1,2,1,1,1,1,1,1,1,9,6,1,3,,2,2
1,46,4,4,2011,3,1,1,2,2,1,1,1,1,1,1,1,1,1,10,6,1,3,,2,2
1,46,4,6,2011,1,1,1,2,2,1,2,1,1,1,1,1,1,2,14,6,1,3,,2,2
1,46,4,6,2011,1,1,1,2,2,1,2,1,1,1,1,1,1,1,14,6,1,1,65,2,2
6,46,4,5,2011,2,1,4,2,2,1,1,1,1,1,1,1,1,1,7,6,1,3,18,2,2
7,41,4,4,2011,4,1,1,2,2,1,3,1,1,1,1,1,1,1,14,6,1,3,,2,2
6,41,3,5,2011,3,1,1,2,2,1,1,1,1,1,1,1,1,2,8,6,1,6,,2,2
5,41,3,7,2011,3,1,4,2,2,1,1,1,1,1,1,1,1,1,9,6,1,3,26,2,2
11,47,3,9,2011,3,1,1,2,2,1,2,1,1,1,1,3,1,2,14,6,1,3,40,2,2
1,51,4,5,2011,3,1,1,2,2,1,1,1,1,1,1,2,1,2,4,6,1,1,25,2,2
2,51,4,5,2011,3,1,1,2,2,1,1,1,1,1,1,4,1,2,17,6,2,6,,2,2
1,51,4,6,2011,2,1,1,2,2,1,1,1,1,1,1,4,1,2,19,6,2,6,15,2,2
3,51,3,6,2011,2,1,1,2,2,1,1,1,1,1,1,3,1,2,7,6,1,3,,2,2
7,51,4,7,2011,3,1,1,2,2,1,1,1,1,1,1,4,1,2,17,6,1,6,,2,2
5,41,3,7,2011,3,1,1,2,2,1,1,1,1,1,1,1,1,2,10,6,1,3,20,2,2
7,41,4,8,2011,1,1,1,2,2,1,4,1,1,1,1,5,1,1,10,6,1,3,,2,2
6,41,4,8,2011,3,2,2,2,2,1,1,1,1,1,1,1,1,2,9,6,1,1,,2,2
12,47,4,8,2011,2,1,1,2,2,1,1,1,1,1,1,1,1,2,14,6,1,1,,2,2
5,44,3,10,2011,3,1,1,2,2,1,1,1,1,1,1,3,1,2,16,6,1,1,38,2,2
1,49,4,9,2011,2,1,1,2,2,1,1,2,1,1,1,3,1,2,14,4,1,1,,2,2
1,49,4,9,2011,2,1,1,2,2,1,1,1,1,1,1,5,1,1,9,6,1,1,,2,2
1,39,4,8,2011,3,1,1,2,2,1,1,1,1,1,1,2,1,2,4,6,1,3,,2,2
1,45,4,12,2011,3,1,1,2,2,1,1,1,1,1,1,1,1,1,14,6,1,3,,2,2
5,37,4,11,2011,3,3,1,2,2,1,1,1,1,1,1,3,1,2,6,6,1,3,,2,2
1,48,4,11,2011,3,1,1,2,2,1,1,1,1,1,1,2,1,1,14,6,1,3,,2,2
5,41,4,11,2011,3,1,1,2,2,1,1,1,1,1,1,1,1,1,19,6,1,3,,2,2
1,41,4,11,2011,4,1,1,2,2,1,4,3,1,1,1,1,1,2,10,6,1,3,19,2,2
7,41,4,12,2011,1,1,1,2,2,1,3,1,1,1,1,2,1,1,9,6,1,3,,2,2
7,41,4,12,2011,1,1,1,2,2,1,2,1,1,1,1,2,1,1,19,6,1,3,,2,2
4,44,3,12,2011,4,1,1,2,2,1,3,1,1,1,1,3,1,1,9,6,1,3,,2,2
3,49,3,12,2011,3,1,1,2,2,1,1,1,1,1,1,2,1,2,14,6,1,3,,2,2
2,49,4,12,2011,3,1,1,2,2,1,1,1,1,1,1,3,1,1,14,5,1,3,,2,2
12,51,4,10,2011,4,1,1,2,2,1,2,1,1,1,1,4,1,2,17,6,1,1,,2,2
3,51,4,10,2011,2,1,1,2,2,1,1,1,1,1,1,4,1,2,19,6,2,6,,2,2
4,36,4,11,2011,2,1,1,2,2,1,1,1,1,1,1,1,2,2,9,6,1,1,38,2,2
3,40,2,8,2011,4,2,1,2,2,1,1,1,1,1,1,1,1,1,9,1,1,1,,2,2
1,46,4,11,2011,1,1,1,2,2,1,4,1,1,1,1,1,1,1,12,7,2,7,26,2,2
5,44,4,8,2011,3,1,1,2,2,1,1,1,1,1,1,1,1,2,9,6,1,1,32,2,2
5,46,4,1,2011,2,1,1,2,2,1,1,1,1,1,1,1,1,2,7,6,,,,2,2
3,40,1,8,2011,2,1,1,2,2,1,1,1,1,1,1,1,1,1,10,6,1,1,,2,2
37,4,4,9,2011,3,3,1,2,2,1,1,1,1,1,2,4,1,2,19,6,2,1,,2,2
4,44,4,3,2011,2,1,1,2,2,1,1,1,1,1,1,3,1,1,9,6,1,3,,2,2
12,47,3,3,2011,2,1,1,2,2,1,1,1,1,1,1,1,1,2,9,6,1,7,,2,2
4,48,4,1,2011,4,1,1,2,2,1,2,1,1,1,1,3,1,2,14,6,1,3,,2,2
6,40,4,9,2011,3,1,1,2,2,1,2,1,1,1,1,1,1,2,4,6,1,1,,2,2
6,40,1,7,2011,3,1,1,2,2,1,1,1,1,1,1,2,1,2,11,6,1,1,,2,2
6,40,4,8,2011,3,1,1,2,2,1,1,1,1,1,1,2,1,2,1,7,2,6,,2,2
1,45,4,4,2011,2,1,1,2,2,1,1,1,1,1,1,1,1,1,9,6,1,1,,2,2
5,38,3,12,2011,,1,1,2,2,1,1,4,1,1,1,4,1,2,8,5,1,7,27,2,2
3,38,4,11,2011,4,1,1,2,2,1,1,1,1,1,1,1,1,2,9,6,1,3,,2,2
3,36,4,1,2011,1,1,1,2,1,1,1,1,1,1,1,1,2,,9,6,1,3,,2,2
11,51,3,6,2011,3,1,1,2,2,1,1,1,1,1,1,3,1,2,6,6,2,6,,2,2
3,51,3,6,2011,2,1,1,2,2,1,1,1,1,1,1,2,1,1,7,9,1,3,,2,2
1,40,3,7,2011,3,1,8,2,2,1,1,1,1,1,1,1,1,1,9,10,1,7,41,2,2
2,39,4,9,2011,4,1,1,2,2,1,2,1,1,1,1,3,1,2,13,6,1,1,55,2,2
9,47,4,7,2011,4,1,1,2,2,1,4,1,1,1,1,1,1,2,14,6,1,1,,2,2
6,46,1,1,2011,3,1,1,2,2,1,1,1,1,1,1,1,1,1,10,6,1,1,,2,2
5,45,4,10,2011,3,1,1,2,2,1,1,1,1,1,1,1,1,2,9,6,1,3,,1,2
7,41,4,10,2011,2,1,1,2,2,1,1,,1,1,1,1,1,,19,6,1,1,,2,2
4,36,3,8,2011,2,7,1,2,2,1,1,1,1,1,1,1,1,2,12,6,1,3,22,1,2
4,44,4,1,2011,2,1,1,2,2,1,1,1,1,1,1,3,1,1,9,5,1,3,,2,2
1,38,3,1,2011,3,1,4,2,2,1,1,1,1,1,1,1,2,,9,6,1,3,,2,2
1,45,3,7,2011,4,1,1,2,2,1,4,1,1,1,1,1,1,2,9,6,1,3,,2,2
4,37,4,9,2011,3,3,1,2,2,1,1,1,1,1,2,4,1,2,19,6,2,1,,2,2
6,40,3,11,2011,3,1,1,2,2,1,1,1,1,1,1,1,1,1,4,6,1,1,,2,2
1,42,2,4,2011,2,2,2,1,1,1,1,1,1,1,1,1,1,1,9,6,1,1,38,2,2
2,42,3,3,2011,2,2,4,1,1,1,1,1,1,1,1,5,1,1,9,6,1,1,45,2,2
3,42,4,4,2011,3,1,1,2,2,1,1,1,1,1,1,5,1,1,10,6,1,1,38,2,2
10,42,4,4,2011,1,1,1,1,1,1,3,1,1,1,1,5,1,1,14,6,1,1,45,1,2
11,42,4,4,2011,2,1,1,1,1,1,1,1,1,1,1,5,1,1,8,6,1,1,28,2,2
12,42,4,1,2011,2,3,4,1,1,1,1,1,1,1,1,5,1,1,9,6,1,1,35,2,2
12,42,4,2,2011,4,7,8,1,1,1,1,1,1,1,1,5,1,1,8,6,1,1,25,2,2
12,42,3,2,2011,4,1,1,1,1,1,3,1,1,1,1,5,1,1,4,6,1,7,31,2,1
12,42,4,3,2011,2,1,1,1,1,1,1,1,1,1,1,5,1,1,9,6,1,1,42,2,2
14,42,2,2,2011,2,1,1,1,1,1,1,1,1,1,1,1,1,1,7,5,1,7,32,2,2
14,42,4,3,2011,4,1,1,1,1,1,2,1,1,1,1,1,1,1,10,6,1,1,35,2,2
14,42,4,5,2011,4,1,1,1,1,1,3,1,1,1,1,1,1,1,9,6,1,1,35,1,2
16,42,4,1,2011,1,2,4,1,1,1,3,1,1,1,1,1,1,1,9,6,1,1,42,2,2
17,42,4,1,2011,1,1,1,1,1,1,2,1,1,1,1,5,1,1,8,6,1,1,24,2,2
21,42,4,1,2011,1,6,1,1,1,1,4,1,1,1,1,1,1,1,14,6,1,1,30,2,2
22,42,4,4,2011,1,1,1,1,1,1,3,1,1,1,1,1,1,1,,6,,,,,
22,42,3,5,2011,3,2,4,1,1,1,1,1,1,1,1,1,1,1,9,6,1,1,45,2,2
23,42,3,3,2011,3,1,4,1,1,1,1,1,1,1,1,1,1,1,8,6,1,1,23,2,2
25,42,4,1,2011,2,1,1,2,2,1,1,1,1,1,1,5,1,1,1,9,1,1,40,1,2
25,42,4,4,2011,1,1,1,2,2,1,3,1,1,1,1,5,1,1,,6,,,,,
25,42,4,5,2011,2,1,1,2,2,1,1,1,2,1,1,5,1,1,14,6,1,1,45,1,2
28,42,3,3,2011,2,2,4,1,1,1,1,1,1,1,1,5,1,1,12,6,1,1,38,2,2
29,42,1,2,2011,3,1,1,2,2,1,1,1,1,1,1,1,1,1,11,6,1,1,45,2,2
32,42,3,5,2011,2,3,4,2,2,1,1,1,1,1,1,5,1,1,12,6,1,1,35,2,2
33,42,4,5,2011,3,3,4,1,1,1,1,1,1,1,1,1,1,1,9,6,1,1,40,2,2
36,42,4,1,2011,4,1,4,1,1,1,3,1,1,1,1,5,1,1,14,6,1,1,45,1,2
36,42,3,4,2011,3,1,4,1,1,1,1,1,1,1,1,5,1,1,8,6,1,1,19,2,2
37,42,3,2,2011,2,1,1,1,1,1,1,1,1,1,1,5,1,1,9,6,1,1,35,1,2
37,42,3,5,2011,1,1,1,1,1,1,3,1,1,1,1,5,1,1,13,6,1,1,43,1,2
40,42,3,1,2011,3,3,1,1,1,1,1,1,1,1,1,5,1,1,9,6,1,1,45,2,2
40,42,4,1,2011,2,1,1,1,1,1,2,1,1,1,1,5,1,1,9,6,1,1,40,2,2
27,42,4,7,2011,2,2,5,1,1,1,1,1,1,1,1,1,1,1,6,1,1,1,28,2,2
41,42,4,7,2011,4,2,4,1,1,1,3,1,1,1,1,5,1,1,14,6,1,1,35,2,2
17,42,3,7,2011,1,1,1,1,1,1,3,1,1,1,1,5,1,1,9,6,1,1,28,2,2
17,42,4,12,2011,3,1,1,1,1,1,1,1,1,1,1,5,1,1,9,6,1,1,35,2,2
25,42,4,12,2011,3,1,1,2,2,1,1,1,1,1,1,5,1,1,7,6,1,1,38,2,2
7,42,3,6,2011,2,1,1,2,2,1,1,1,1,1,1,5,1,1,9,6,1,1,38,2,2
40,42,3,11,2011,2,1,1,1,1,1,1,1,1,1,1,5,1,1,,6,1,1,32,2,2
32,42,4,7,2011,2,1,1,2,2,1,1,1,1,1,1,5,1,1,13,6,1,1,24,2,2
34,42,1,12,2011,1,4,2,1,1,1,3,1,1,1,1,5,1,1,14,6,1,1,22,2,2
2,42,3,7,2011,3,2,4,1,1,1,1,1,1,1,1,5,1,1,9,6,2,6,35,2,2
8,42,4,10,2011,4,3,6,1,1,1,3,1,1,1,1,5,1,1,14,6,1,1,42,1,2
8,42,3,11,2011,2,1,4,2,2,1,1,1,1,1,1,3,1,1,7,6,1,1,38,2,2
10,42,4,8,2011,4,1,1,2,2,1,4,1,1,1,1,5,1,1,14,6,1,1,42,1,2
16,42,4,7,2011,1,1,1,1,1,1,3,1,1,1,1,1,1,1,9,6,1,1,40,2,2
16,42,4,9,2011,1,3,1,1,1,1,3,1,1,1,1,5,1,1,14,6,1,1,38,1,2
16,42,4,10,2011,3,1,1,1,1,1,1,1,1,1,1,1,1,1,10,6,1,1,21,2,2
16,42,4,10,2011,3,1,1,1,1,1,1,1,1,1,1,5,1,1,14,6,1,1,38,2,2
11,42,4,7,2011,1,1,1,1,1,1,2,1,1,1,1,2,1,1,12,2,1,1,35,2,2
11,42,1,8,2011,3,2,1,1,1,1,1,1,1,1,1,5,1,1,9,6,1,1,38,2,2
1,42,4,8,2011,4,2,4,1,1,1,3,1,1,1,1,5,1,1,14,6,1,1,42,2,2
3,42,3,6,2011,1,1,2,1,1,1,3,1,1,1,1,5,1,1,7,6,1,1,32,2,2
3,42,4,10,2011,4,3,4,1,1,1,3,1,1,1,1,5,1,1,14,6,2,1,42,1,2
15,42,4,12,2011,1,1,1,2,2,1,1,1,1,1,1,5,1,1,14,6,1,1,35,2,2
12,42,3,8,2011,2,3,1,2,2,1,2,1,1,1,1,5,1,1,10,6,1,1,35,2,2
12,42,4,11,2011,1,1,3,1,1,1,1,1,3,1,1,1,1,1,14,6,1,1,39,2,2
12,42,1,11,2011,2,6,1,1,1,1,1,1,1,1,1,1,1,1,14,6,1,1,38,2,2
33,42,4,10,2011,2,1,1,2,2,1,1,1,1,1,1,5,1,1,,6,,,,,
33,42,3,12,2011,2,3,1,2,2,1,1,1,1,1,1,5,1,1,14,6,1,1,42,1,2
14,42,3,6,2011,4,1,1,2,2,1,2,1,1,1,1,2,1,1,10,6,1,1,32,2,2
14,42,4,8,2011,3,2,4,2,2,1,1,1,1,1,1,1,1,1,7,6,1,1,28,2,2
14,42,4,9,2011,2,1,1,2,2,1,1,1,1,1,1,2,1,1,10,6,1,1,32,2,2
14,42,4,9,2011,3,1,1,1,1,1,1,1,1,1,1,1,1,1,9,6,1,1,38,2,2
32,42,4,11,2011,2,2,4,1,1,1,1,1,1,1,1,5,1,1,9,6,1,1,40,2,2
40,42,3,12,2011,2,1,4,1,1,1,1,1,1,1,1,5,1,1,9,6,1,1,32,2,2
2,42,4,12,2011,3,3,2,1,1,1,1,1,1,1,1,5,1,1,8,6,1,1,38,1,2