Thana,District,Accident_Severity,Month,Year,Time,Junction_Type,Traffic_Control,Movement,Divider,Weather,Light,Road_Geometry,Surface_Condition,Surface_Type,Surface_Quality,Road_Class,Road_Feature,Location_Type,Vehicle_Type,Vehicle_Movement,Vehicle_Loading,Vehicle_Defect,Vehicle_Driver_Age,Vehicle_Alcohol,Vehicle_Seat_Belt
36,42,2,10,2011,2,1,1,1,1,1,1,1,1,1,1,5,1,1,9,6,1,1,42,2,2
39,42,3,1,2011,3,3,1,2,1,1,1,1,1,1,1,5,1,1,9,6,1,1,45,2,2
39,42,4,1,2011,2,1,1,2,1,1,2,1,1,1,1,5,1,1,9,6,1,1,40,2,1
39,42,3,8,2011,1,1,1,2,1,1,1,1,1,1,1,5,1,1,8,6,1,1,32,2,2
39,42,3,12,2011,2,1,3,2,1,1,1,2,1,1,1,5,1,1,9,6,1,1,32,2,2
14,42,4,4,2011,4,1,1,2,1,2,3,1,2,1,1,1,1,1,,6,,,,2,2
1,24,4,3,2011,3,1,1,2,2,1,1,1,1,1,1,1,1,2,14,2,1,6,,2,2
2,22,4,4,2011,3,1,8,2,2,1,1,1,1,1,1,5,1,2,14,5,1,1,31,2,2
5,11,3,2,2011,3,7,8,2,2,1,1,1,1,1,1,1,,,9,6,1,1,,1,2
1,12,4,6,2011,2,3,8,2,2,1,2,2,1,2,1,1,1,1,9,6,1,1,,2,2
1,12,4,3,2011,3,1,1,1,2,1,1,1,1,1,1,4,,,8,5,1,1,,2,2
1,12,4,1,2011,2,1,8,2,2,1,1,1,1,1,1,1,1,1,14,11,1,1,,1,2
4,12,4,4,2011,2,7,8,2,2,1,1,1,1,1,1,2,2,2,14,11,1,7,,1,2
9,13,3,3,2011,2,1,1,1,2,1,1,1,1,1,1,4,1,2,8,7,2,1,,2,2
3,13,2,1,2011,2,2,1,2,2,1,1,1,1,1,1,3,1,2,12,11,1,1,32,2,2
7,7,4,3,2011,4,7,1,2,2,1,4,1,1,1,1,1,1,2,14,4,2,1,,1,2
5,2,1,12,2011,3,3,1,2,2,1,2,2,1,1,1,2,1,2,7,1,1,1,20,2,2
4,2,4,11,2011,3,3,1,2,2,1,1,1,1,1,3,1,2,,17,2,1,1,,1,2
3,8,4,1,2011,2,7,8,2,2,4,2,2,3,1,1,1,2,2,9,6,1,7,,2,2
3,8,4,3,2011,2,1,8,2,2,1,2,1,1,1,1,1,1,1,14,11,1,1,,2,2
3,8,4,2,2011,3,7,8,2,2,1,1,2,1,1,1,1,1,2,9,6,1,7,,2,2
1,8,4,4,2011,1,1,1,2,2,1,4,1,1,1,1,1,1,2,9,6,2,1,26,2,2
3,8,4,5,2011,2,1,8,2,2,1,1,1,1,1,1,1,1,2,8,5,2,7,32,2,2
3,8,4,7,2011,3,1,1,2,2,1,1,1,1,1,1,1,1,2,9,6,1,1,,1,2
4,15,4,1,2011,2,1,1,2,2,1,1,1,1,1,1,1,1,2,9,6,1,1,,2,2
3,15,4,2,2011,2,1,1,2,2,1,1,1,1,1,1,1,1,2,9,6,1,1,50,2,2
4,15,4,7,2011,1,1,1,2,2,1,2,1,1,1,1,1,1,2,9,6,1,1,39,2,2
5,15,4,2,2011,3,3,1,2,1,1,1,1,1,1,1,1,1,2,8,6,1,1,45,2,2
6,15,4,7,2011,2,1,1,2,2,2,2,2,2,1,1,1,1,2,14,6,1,7,35,2,2
10,16,4,12,2011,4,3,4,2,2,1,1,1,1,1,1,1,1,2,9,5,1,1,40,1,2
11,16,4,5,2011,3,7,1,2,2,1,1,1,1,1,1,1,1,2,8,11,1,1,42,2,2
10,16,1,1,2011,3,3,3,2,2,1,1,1,1,1,1,1,1,2,14,4,2,1,,1,2
12,9,1,3,2011,3,1,1,2,2,1,1,1,1,1,1,1,1,1,9,5,1,1,55,2,2
4,12,4,6,2011,3,1,1,2,2,1,1,1,1,1,1,3,1,2,9,6,1,2,,2,2
11,16,4,3,2011,3,1,1,2,2,1,1,1,1,1,1,1,1,2,9,6,1,1,45,2,2
11,16,4,4,2011,1,1,1,2,2,1,4,1,1,1,1,1,1,2,14,5,1,7,,2,2
11,16,4,4,2011,1,1,1,2,2,1,4,1,1,1,1,1,1,2,14,6,1,1,,2,2
12,9,4,6,2011,3,1,1,2,2,1,1,1,1,1,1,1,1,2,9,6,1,7,,2,2
10,16,4,6,2011,1,1,1,2,2,4,2,2,1,1,1,2,1,,14,2,1,1,,2,2
12,9,4,10,2011,3,1,1,2,2,1,1,1,1,1,1,1,1,1,4,6,1,7,40,2,2
7,9,3,10,2011,2,2,1,2,2,1,1,1,1,1,1,1,1,2,9,6,1,1,43,2,2
12,9,4,8,2011,3,1,8,2,2,1,4,2,1,1,1,1,2,,14,6,1,1,37,2,2
4,14,4,9,2011,2,2,1,2,1,1,1,1,1,1,1,1,4,1,4,2,1,1,,2,2
2,14,4,1,2011,2,7,8,2,2,1,1,1,1,1,1,1,1,1,8,6,1,4,40,2,2
3,14,4,5,2011,3,1,1,2,2,1,1,1,1,1,1,1,1,1,11,11,2,7,45,2,2
3,14,3,5,2011,4,3,,2,2,1,1,1,1,1,1,1,5,2,14,4,1,4,,2,2
1,14,3,11,2011,3,4,1,2,2,1,1,1,1,1,1,2,1,1,14,6,1,1,35,1,2
8,54,4,3,2011,4,1,1,2,2,1,1,2,1,1,1,2,1,2,5,6,1,7,28,1,2
3,54,4,1,2011,3,1,1,2,2,1,1,1,1,1,1,2,1,1,8,6,1,1,27,1,2
3,56,4,4,2011,1,2,1,1,2,1,3,1,1,1,1,1,2,,9,2,1,1,27,1,2
9,56,4,4,2011,3,2,1,1,1,1,1,1,1,1,1,1,1,2,14,2,1,7,27,1,2
7,54,4,6,2011,,1,8,2,2,2,1,1,2,1,2,2,5,2,8,7,1,1,38,2,2
9,56,4,1,2011,3,2,1,2,2,1,1,1,1,1,1,1,1,2,12,2,1,1,32,2,2
12,53,3,3,2011,4,1,1,2,2,1,2,1,1,1,2,1,1,2,8,2,1,1,27,2,2
1,54,1,2,2011,2,1,1,2,2,1,1,1,1,1,1,1,1,1,4,11,1,1,,2,2
12,54,4,1,2011,3,1,1,2,2,1,1,1,1,1,1,1,1,2,14,6,1,1,35,2,2
12,54,4,1,2011,3,1,1,1,2,1,1,2,1,1,1,1,1,2,14,5,1,7,36,2,2
1,54,2,5,2011,1,7,5,2,2,2,2,2,1,1,1,5,1,1,14,6,1,2,36,2,2
1,54,1,7,2011,1,7,1,2,2,2,1,1,2,2,2,5,1,1,9,11,1,7,,2,2
1,54,3,7,2011,1,7,4,2,2,1,2,3,1,1,1,1,1,1,9,6,1,7,,2,2
12,54,4,1,2011,1,7,8,2,2,1,1,1,1,1,1,1,1,2,14,4,1,7,,2,2
12,54,4,7,2011,2,1,1,2,2,1,1,1,1,1,1,1,2,,13,6,1,1,29,2,2
11,54,4,2,2011,2,7,1,1,2,4,4,1,1,1,1,2,1,2,5,11,1,7,22,2,2
13,54,4,2,2011,2,1,1,2,2,1,1,1,1,1,1,1,1,2,2,6,1,1,35,1,2
9,54,4,6,2011,1,1,1,2,2,1,1,1,1,1,1,1,1,2,14,6,1,1,36,2,1
7,54,4,7,2011,1,1,8,2,2,1,1,1,1,1,1,2,1,2,10,5,1,1,,2,2
5,54,4,3,2011,2,4,3,1,2,1,1,2,1,1,2,3,1,2,13,2,1,7,,2,2
7,56,4,8,2011,2,1,2,2,2,1,1,1,1,1,1,1,1,2,9,5,1,1,38,1,1
3,56,4,8,2011,4,1,2,2,2,1,2,1,1,1,1,1,1,2,9,5,1,1,27,2,2
8,56,4,9,2011,3,1,2,2,2,2,2,1,2,1,1,1,1,2,10,5,1,1,26,2,2
1,53,3,11,2011,3,1,8,1,2,1,1,2,1,1,1,3,1,2,13,2,1,7,,1,2
7,56,4,11,2011,3,3,1,2,2,1,1,2,1,1,1,1,1,2,9,6,1,1,,2,2
7,56,2,11,2011,4,1,1,2,2,1,4,1,1,1,1,1,1,2,14,11,1,7,,2,2
1,54,4,11,2011,4,1,8,2,2,4,3,1,1,1,1,5,2,1,14,6,1,7,38,1,2
8,56,4,12,2011,3,1,1,2,2,1,1,1,1,1,1,1,1,2,16,5,1,1,50,2,2
9,54,4,9,2011,4,1,1,2,2,1,1,1,1,1,1,1,1,2,7,6,1,7,35,2,2
9,54,4,12,2011,3,1,1,2,2,1,1,1,1,1,1,1,1,2,14,11,1,5,,2,2
17,54,4,12,2011,1,1,8,2,2,4,2,1,1,1,1,5,1,1,14,6,1,1,66,2,2
11,54,1,2,2011,3,1,1,2,2,1,1,1,1,1,1,2,1,2,9,11,1,7,,1,2
3,54,4,1,2011,3,1,1,2,1,1,1,1,1,1,1,2,1,1,8,6,1,1,27,1,2
8,54,4,4,2011,2,1,1,2,2,1,1,1,1,1,1,3,1,2,6,6,1,7,17,1,2
8,54,4,3,2011,3,1,1,2,2,1,1,2,1,1,1,4,1,2,1,5,1,7,28,1,2
4,54,3,12,2011,2,1,1,2,2,1,1,1,1,1,1,4,1,2,8,6,1,7,,1,2
4,53,4,2,2011,3,1,1,2,2,1,1,2,1,1,1,2,1,2,8,6,1,1,45,2,2
10,64,4,2,2011,3,5,1,2,2,1,1,1,1,1,1,1,1,1,7,6,1,1,,1,2
3,38,4,2,2011,3,1,1,2,2,1,1,1,1,1,1,1,1,2,16,6,1,3,,2,2
6,38,3,2,2011,1,1,1,2,2,1,2,1,1,1,1,1,1,2,9,6,1,1,,2,2
7,41,4,3,2011,2,1,1,2,2,1,1,1,1,1,1,2,1,2,14,6,1,1,,2,2
7,41,4,3,2011,2,1,1,2,2,1,1,1,1,1,1,1,1,1,9,6,1,1,,2,2
10,52,4,3,2011,4,1,1,2,2,1,4,1,1,1,1,3,1,2,13,6,1,1,,2,2
5,40,4,3,2011,2,1,1,2,2,1,1,1,1,1,1,1,1,1,9,6,1,3,25,2,2
4,44,4,5,2011,1,3,1,2,2,1,2,1,1,1,1,2,1,2,19,6,1,1,25,2,2
4,44,4,5,2011,3,1,1,2,2,1,1,1,1,1,1,3,1,1,5,6,1,1,35,2,2
1,38,4,5,2011,3,1,1,2,2,1,1,1,1,1,1,1,1,2,14,6,1,3,,2,2
9,47,4,7,2011,1,3,1,2,2,1,2,1,1,1,1,1,1,2,9,6,1,1,,2,2
7,38,4,6,2011,3,1,1,2,2,2,1,2,1,1,1,1,1,2,9,6,1,7,,2,2
12,50,4,4,2011,2,1,1,2,2,1,4,1,1,1,1,1,1,2,13,6,1,1,40,2,2
13,50,4,5,2011,2,1,1,2,2,1,1,1,1,1,1,3,1,2,9,6,1,1,,2,2
1,39,4,5,2011,3,2,1,2,2,1,1,1,1,1,1,4,1,2,14,4,1,1,,2,2
3,39,4,6,2011,1,1,1,2,2,1,4,1,1,1,1,1,1,2,9,6,1,3,31,2,2
5,46,4,8,2011,4,1,4,2,2,1,3,1,1,1,1,1,1,2,12,6,1,1,,2,2
5,46,4,7,2011,3,1,4,2,2,1,1,1,1,1,1,1,1,2,14,6,1,3,,2,2
5,46,3,6,2011,3,1,1,2,2,2,1,1,2,1,1,1,1,1,9,6,1,3,,2,2
1,46,4,3,2011,2,1,1,2,2,1,1,1,1,1,1,1,1,1,19,6,1,1,,2,2
1,46,3,7,2011,4,1,1,2,2,1,2,1,1,1,1,1,1,2,9,4,1,1,,2,2
1,41,4,4,2011,2,1,1,2,2,1,2,1,1,1,1,1,3,2,9,6,1,3,50,2,2
7,41,3,5,2011,2,1,1,2,2,1,1,1,1,1,1,1,1,1,8,6,1,3,,2,2
7,41,3,5,2011,2,1,1,2,2,1,1,1,1,1,1,2,1,2,8,4,1,7,45,2,2
7,41,4,5,2011,3,1,1,2,2,1,1,1,1,1,1,2,1,1,15,6,1,3,32,2,2
7,41,4,6,2011,3,1,1,,2,1,1,1,1,1,1,1,1,1,13,6,1,3,34,2,2
5,41,3,7,2011,2,1,1,2,2,1,2,1,1,1,1,1,1,2,9,6,1,3,,2,2
7,41,4,7,2011,3,1,1,2,2,1,1,1,1,1,1,2,1,1,9,6,1,3,40,2,2
1,41,4,8,2011,2,1,1,1,2,2,1,1,1,1,1,1,1,2,13,6,1,1,,2,2
7,47,4,8,2011,2,1,1,2,2,1,1,1,1,1,1,1,1,1,13,6,1,5,,2,2
1,47,4,8,2011,2,1,1,2,2,1,1,1,1,1,1,1,1,2,14,6,1,1,,2,2
9,47,4,8,2011,2,1,1,2,2,2,1,1,1,1,1,1,1,2,9,6,1,1,,2,2
6,44,4,9,2011,2,1,1,2,2,1,1,1,1,1,1,2,1,1,8,6,1,3,35,2,2
1,47,3,10,2011,3,1,1,2,2,1,1,1,1,1,1,1,1,2,9,6,1,1,,2,2
1,41,4,10,2011,3,1,1,2,2,1,1,1,1,1,1,1,1,2,9,6,1,1,,2,2
6,45,4,11,2011,4,1,1,2,2,1,2,1,1,1,1,1,1,2,9,5,1,1,,2,2
12,47,4,11,2011,2,1,1,2,2,1,1,1,1,1,1,1,1,2,13,5,1,3,,2,2
2,47,4,11,2011,3,1,1,2,2,1,1,1,1,1,1,1,1,2,12,6,1,3,,2,2
1,41,4,11,2011,2,1,1,2,2,4,2,1,1,1,1,1,1,2,15,6,1,1,,2,2
1,41,3,11,2011,1,1,1,2,2,4,4,1,1,1,1,1,1,2,11,6,1,1,,2,2
6,44,4,11,2011,2,3,1,2,2,1,1,1,1,1,1,1,1,1,12,6,1,3,38,2,2
1,40,3,9,2011,3,7,8,2,2,1,1,1,1,1,1,1,1,1,9,11,1,7,,2,2
5,40,4,10,2011,4,2,1,2,2,1,1,1,1,1,1,1,2,2,14,6,2,7,,2,2
5,50,4,10,2011,3,1,1,2,2,1,1,1,1,1,1,1,1,1,12,1,1,1,,2,2
2,50,1,11,2011,3,1,1,1,2,1,1,1,1,1,1,1,2,,10,6,1,7,,2,2
7,41,4,10,2011,3,3,1,2,2,1,1,1,1,1,1,3,1,2,12,6,1,1,22,2,2
5,46,4,9,2011,2,1,1,2,2,1,1,1,2,1,1,1,1,2,7,6,2,1,,2,2
9,4,4,7,2011,1,3,1,2,2,1,2,1,1,1,1,1,1,1,9,6,1,1,,1,2
7,41,4,3,2011,4,1,1,2,2,1,3,1,1,1,1,2,1,2,14,6,1,1,,2,2
3,38,4,2,2011,3,1,1,2,2,1,1,1,1,1,1,2,1,2,8,6,1,1,,2,2
12,47,4,2,2011,3,1,1,2,2,1,1,1,1,1,1,1,2,2,9,1,1,2,,2,2
5,46,4,2,2011,4,1,1,2,1,3,1,1,1,1,1,1,3,2,14,6,1,7,,2,2
9,47,4,8,2011,1,3,1,2,2,2,2,2,2,1,1,1,1,2,9,6,1,7,61,1,2
4,44,3,4,2011,3,1,1,2,2,1,1,1,1,1,1,5,1,1,14,6,1,2,,2,2
12,44,4,4,2011,1,1,1,2,2,1,2,1,1,1,1,1,1,2,9,6,1,1,,2,2
4,40,4,8,2011,3,1,1,2,2,1,1,1,1,1,1,1,2,,1,5,1,1,,2,2
4,44,4,3,2011,4,4,1,2,2,1,3,2,1,1,1,3,1,1,8,6,1,1,21,2,2
5,41,3,2,2011,4,1,1,2,2,1,1,1,1,1,1,1,2,,9,6,1,1,,2,2
9,56,4,12,2011,3,1,1,2,2,1,1,1,1,1,1,1,1,2,,6,,,,2,2
5,34,4,9,2011,4,1,1,2,2,1,2,1,1,1,1,4,1,2,14,1,1,1,,2,2
6,34,4,10,2011,2,7,4,2,2,1,2,1,1,1,1,1,1,2,9,6,1,7,,2,2
2,34,3,10,2011,3,1,1,2,2,1,1,1,1,1,1,2,1,2,14,6,1,1,,2,2
2,33,3,9,2011,2,1,1,2,2,1,1,2,1,1,1,2,1,2,9,6,1,1,27,2,2
4,34,4,7,2011,2,1,1,2,2,1,1,1,1,1,1,1,1,2,8,6,1,1,45,2,2
1,34,4,4,2011,2,1,1,2,2,1,2,1,1,1,1,5,1,2,14,6,1,1,35,2,2
1,34,3,7,2011,4,1,2,2,2,1,2,1,1,1,1,5,1,1,10,6,1,1,,2,2
1,64,4,6,2011,2,1,1,2,1,1,1,1,1,1,1,5,1,1,6,6,2,1,,1,2
1,64,4,12,2011,4,5,6,2,2,1,3,2,1,1,1,5,1,1,8,6,2,1,,1,2
5,64,4,8,2011,3,1,1,2,2,1,2,1,1,1,1,5,1,1,14,6,1,1,,1,2
5,64,4,9,2011,3,3,5,2,1,1,1,1,1,1,1,5,1,1,14,6,1,1,40,1,2
5,64,3,11,2011,3,1,1,2,2,1,1,1,1,1,1,5,1,1,15,5,1,1,,1,2
9,64,4,3,2011,3,2,1,2,1,1,1,1,1,1,1,5,1,1,16,4,1,1,47,1,2
8,64,4,1,2011,4,4,1,2,2,1,2,2,1,1,1,5,1,1,13,2,1,1,,1,2
8,64,3,8,2011,1,1,1,2,2,1,3,2,1,1,1,5,1,1,8,2,1,1,30,1,2
10,64,1,1,2011,4,1,1,2,2,1,4,1,1,1,1,1,1,1,14,6,1,1,25,1,2
10,64,3,5,2011,2,5,6,2,2,1,1,1,5,1,1,1,1,1,6,6,1,1,40,1,2
10,64,4,6,2011,2,5,6,2,2,1,1,1,1,1,1,1,1,1,9,6,1,1,,1,2
4,64,4,6,2011,4,1,1,2,2,1,3,1,1,1,1,5,1,1,9,6,1,1,,1,2
4,64,3,11,2011,4,1,1,1,1,1,2,3,1,1,1,5,1,1,9,6,1,1,25,1,2
1,57,4,2,2011,2,1,1,2,1,1,1,1,1,1,1,1,1,2,4,6,1,1,40,2,2
2,59,4,3,2011,3,7,8,2,2,1,1,1,1,1,1,1,1,2,14,4,1,7,42,1,2
3,59,4,7,2011,2,7,8,2,2,1,1,1,2,1,1,4,1,2,17,11,1,1,43,1,2
4,66,3,12,2011,2,7,1,2,2,2,1,1,2,1,1,4,1,2,11,6,1,1,48,2,1
4,59,4,10,2011,3,1,8,1,2,1,1,1,1,1,1,5,1,2,14,2,1,7,,2,2
2,65,4,11,2011,2,7,8,2,2,1,1,5,1,1,1,1,1,2,9,11,1,7,,2,2
1,45,4,1,2011,2,1,1,2,2,1,1,1,1,1,1,1,1,2,14,5,1,7,,2,2
6,45,4,1,2011,2,1,1,2,2,1,1,1,1,1,1,1,1,2,18,6,1,3,,2,2
6,38,4,1,2011,3,1,1,2,2,1,1,1,1,1,1,1,1,2,9,6,1,3,,2,2
6,38,4,1,2011,3,5,4,1,1,1,1,1,1,1,1,1,1,2,9,6,1,3,,2,2
7,41,4,1,2011,2,1,1,2,2,1,1,1,1,1,1,1,1,1,9,5,1,3,,2,2
7,44,3,1,2011,3,2,1,2,2,1,1,1,1,1,1,1,1,2,13,6,1,3,,2,2
12,47,4,2,2011,2,1,1,2,2,1,1,1,1,1,1,1,1,2,14,9,1,1,28,2,2
2,36,4,2,2011,4,1,2,2,2,1,1,1,1,1,1,2,1,2,14,6,1,3,,2,2
11,47,4,3,2011,3,1,1,2,2,1,1,1,1,1,1,3,1,2,8,6,1,3,25,2,2
12,47,4,3,2011,1,1,1,2,2,1,2,1,1,1,1,1,1,2,14,5,1,1,30,2,2
1,45,4,3,2011,3,1,1,2,2,1,1,1,1,1,1,1,1,2,9,6,1,1,,2,2
1,40,4,2,2011,2,1,1,2,2,1,1,1,1,1,1,1,1,1,9,6,1,3,35,2,2
9,47,3,7,2011,4,1,1,2,2,1,4,1,1,1,1,1,1,2,9,6,1,3,35,2,2
12,47,4,7,2011,4,1,1,2,2,1,4,1,1,1,1,1,1,2,9,6,1,1,,2,2
12,50,4,3,2011,3,2,1,2,2,1,1,1,1,1,1,1,1,2,9,6,1,1,40,2,2
4,39,4,7,2011,3,1,1,2,2,1,1,1,1,1,1,2,1,2,9,6,1,1,33,2,2
1,46,4,5,2011,1,1,1,2,2,1,4,1,1,1,1,2,1,2,6,10,1,7,30,2,2
6,46,2,1,2011,1,1,4,2,2,1,2,1,1,1,1,1,1,1,15,6,1,3,,2,2
1,41,4,7,2011,1,1,1,2,2,1,2,1,1,1,1,1,1,2,8,2,1,1,41,2,2
5,41,4,8,2011,1,2,1,2,2,1,2,1,1,1,1,1,1,1,14,6,1,1,24,2,2
1,38,4,9,2011,3,3,1,2,2,1,1,1,1,1,1,1,1,1,9,6,1,3,30,2,2
5,44,3,9,2011,3,1,1,2,2,1,1,1,1,1,1,1,1,1,9,6,1,3,60,2,2
7,47,1,12,2011,4,1,1,2,2,1,2,1,1,1,1,1,1,2,9,6,1,3,29,2,2
11,47,4,12,2011,3,1,1,2,2,1,1,4,2,1,1,4,1,2,14,6,1,3,,2,2
4,44,4,12,2011,2,1,1,2,2,1,1,1,1,1,1,5,1,1,14,6,1,3,,2,2
5,41,4,8,2011,3,2,1,2,1,1,2,1,1,1,1,1,1,1,14,10,1,1,24,2,2
2,5,4,1,2011,2,1,1,2,2,4,2,1,5,1,1,1,1,1,7,5,1,1,38,2,2
12,47,4,10,2011,1,1,1,2,2,1,2,1,1,1,1,1,2,2,14,6,1,1,40,2,2
9,47,4,11,2011,3,1,1,2,2,1,1,1,1,1,1,1,1,2,9,6,1,1,35,2,2
12,42,1,1,2011,1,3,4,1,1,1,3,1,1,1,1,5,1,1,10,6,1,1,24,2,2
12,42,1,1,2011,4,1,4,1,1,1,3,1,1,1,1,5,1,1,9,6,1,7,32,1,2
23,42,4,8,2011,1,1,1,1,1,1,3,1,1,1,1,1,1,1,14,6,1,1,35,2,2
11,42,1,8,2011,1,1,8,1,1,1,1,1,1,1,1,5,1,1,10,6,1,1,35,2,2
9,42,2,7,2011,2,1,4,1,1,1,1,1,1,1,1,5,1,1,10,6,1,1,39,2,2
1,42,2,1,2011,4,5,4,2,2,1,3,2,1,1,1,5,1,1,10,2,1,1,22,2,2
4,69,4,4,2012,1,1,1,2,2,1,4,1,1,1,1,1,1,1,9,6,1,1,,2,2
4,69,1,4,2012,3,4,1,2,2,1,1,1,1,1,1,1,1,2,14,11,1,1,,2,2
1,69,4,12,2012,3,1,2,2,2,1,1,2,,1,1,5,1,1,1,6,1,1,,2,2
4,69,4,5,2012,4,1,1,2,2,1,4,1,1,1,1,1,1,2,16,6,1,1,45,2,2
2,34,4,1,2012,1,1,1,2,2,4,1,4,1,1,1,4,1,2,9,6,1,7,37,2,2
6,34,4,2,2012,1,7,1,2,2,1,1,2,1,2,3,1,2,,19,6,1,1,,2,2
6,34,4,2,2012,1,3,4,2,2,1,1,1,1,1,1,1,1,2,9,6,1,1,,2,2
6,34,3,2,2012,3,1,1,2,2,1,1,1,1,1,1,1,1,2,14,6,1,1,28,2,2
10,34,4,3,2012,2,1,1,2,2,1,1,1,1,1,1,1,1,2,4,6,1,1,,2,2
6,34,4,1,2012,3,1,4,2,2,1,1,1,1,1,1,1,1,2,9,5,1,1,,2,2
10,34,4,3,2012,2,1,1,2,2,1,1,1,1,1,1,1,1,2,4,6,1,1,27,2,2
6,34,4,3,2012,2,1,1,2,2,1,1,2,1,1,1,4,1,2,9,6,1,3,28,2,2
2,34,1,4,2012,1,1,1,2,2,1,1,2,1,1,2,1,1,2,13,7,1,1,35,2,2
6,34,3,5,2012,3,1,1,2,2,1,1,1,1,1,1,1,1,2,4,6,1,1,,2,2
6,34,4,7,2012,1,1,4,2,2,2,1,1,2,1,1,4,1,2,14,6,1,1,,2,2
6,34,4,10,2012,3,1,1,2,2,1,1,1,1,1,1,1,1,2,9,6,1,1,,2,2
6,31,4,6,2012,3,1,1,2,2,1,1,1,1,1,1,4,1,2,4,6,1,1,27,2,2
1,31,4,10,2012,4,1,1,2,2,1,3,1,1,1,1,4,1,1,19,6,1,1,17,2,2
2,31,4,6,2012,1,1,1,2,1,2,1,1,1,1,2,1,2,,11,6,1,7,,2,2
1,33,3,6,2012,2,7,1,2,2,1,1,2,1,1,1,5,1,1,4,1,1,1,30,2,2
1,33,4,6,2012,2,3,1,2,2,1,1,2,1,1,1,5,1,1,19,6,1,1,,2,2
2,33,1,2,2012,3,1,1,2,2,1,1,1,1,1,1,3,1,2,9,2,1,1,,2,2
2,33,1,11,2012,1,7,1,2,2,1,1,1,1,1,1,1,1,2,11,11,1,1,,2,2
7,33,3,12,2012,2,1,1,2,2,1,1,1,1,1,1,4,1,2,4,6,1,3,35,2,2
5,33,4,3,2012,2,1,2,2,1,1,1,1,1,1,3,1,2,,9,6,1,1,,2,2
5,33,4,12,2012,3,7,8,1,2,1,1,1,1,1,1,3,1,2,9,6,1,1,,2,2
1,27,1,1,2012,2,2,1,1,2,1,1,1,1,1,1,4,1,2,4,6,1,1,32,2,2
1,27,4,6,2012,2,7,1,1,2,1,2,1,1,1,1,2,1,2,14,6,1,1,24,2,2
2,27,4,2,2012,2,1,1,2,2,1,1,2,1,2,3,3,1,2,12,2,1,1,,2,2
4,27,4,4,2012,1,2,1,2,2,1,1,1,1,1,1,4,1,2,9,6,1,1,,2,2
4,27,3,7,2012,1,7,8,2,2,1,1,1,1,1,1,2,1,2,6,1,1,2,,2,2
4,32,4,5,2012,2,1,1,2,2,1,1,1,1,1,1,1,1,2,4,6,1,1,,2,2
4,32,4,11,2012,2,7,4,2,2,1,2,1,1,1,1,3,,,14,6,1,1,,2,2
4,32,4,12,2012,2,7,4,2,2,1,2,1,1,1,1,3,1,2,14,6,1,1,35,2,2
3,32,4,1,2012,3,2,1,2,2,1,1,2,1,1,1,3,1,2,8,2,1,1,22,2,2
1,30,4,3,2012,1,1,6,2,2,1,1,1,1,1,1,1,1,2,8,6,1,7,,2,2
1,30,3,6,2012,2,7,4,2,2,1,1,1,1,1,1,1,1,2,11,6,1,3,,2,2
4,30,4,7,2012,3,1,1,2,2,1,1,3,1,1,1,3,1,1,12,6,1,1,25,2,2
5,30,4,2,2012,2,1,1,2,2,1,2,1,1,1,1,1,1,2,7,6,1,1,,2,2
7,30,4,5,2012,3,4,1,2,2,1,1,2,1,1,2,2,1,2,9,6,1,1,27,2,2
4,64,4,8,2012,4,3,4,2,1,1,3,1,1,1,1,5,1,1,8,6,1,1,24,2,2
4,64,2,12,2012,3,1,1,2,2,1,1,1,1,1,1,5,1,1,10,10,1,1,29,2,1
9,64,4,4,2012,4,1,1,2,2,1,2,1,1,1,1,1,1,1,9,6,1,1,24,1,2
10,64,4,3,2012,2,5,4,2,2,1,1,1,1,1,1,5,1,1,9,6,1,1,40,1,2
2,64,4,10,2012,2,1,1,2,2,4,2,1,1,1,1,5,1,1,8,6,1,1,,1,2
14,63,4,4,2012,3,1,1,2,2,1,1,1,1,1,1,1,1,1,14,6,1,1,,2,2
14,63,3,3,2012,3,1,1,2,2,1,1,1,1,1,1,1,1,1,5,6,1,1,,2,2
14,63,3,5,2012,3,1,1,2,2,1,1,1,1,1,1,1,1,2,14,6,2,1,,2,2
14,63,4,2,2012,2,7,1,2,2,1,1,1,1,1,1,1,1,2,14,6,1,1,,2,2
14,63,4,2,2012,3,7,1,2,2,1,1,1,1,1,1,1,1,2,14,6,1,1,0,2,2
14,63,3,4,2012,2,1,1,2,2,1,1,1,1,1,1,1,1,1,12,5,2,1,,,
8,63,2,1,2012,2,1,1,2,2,1,1,4,1,2,1,1,2,,14,2,1,7,,1,2
8,63,3,2,2012,3,1,1,2,1,1,1,1,1,1,1,1,1,2,14,,1,7,35,2,2
9,63,4,1,2012,2,1,2,1,2,1,1,1,1,1,1,1,2,2,12,4,1,7,,2,2
9,63,4,1,2012,2,1,1,2,2,1,1,1,1,1,1,1,1,2,8,6,1,,31,,2
9,63,4,1,2012,3,7,1,2,2,1,1,2,1,1,1,1,1,2,,,,,,,
9,63,4,4,2012,4,7,1,2,2,1,4,2,1,1,1,1,1,2,14,,,,,,
9,63,3,6,2012,3,1,1,2,2,1,1,2,5,1,1,1,1,2,9,5,1,7,,2,2
9,63,4,6,2012,2,1,1,2,2,1,1,1,1,1,1,2,1,2,10,6,1,,32,,