Thana,District,Accident_Severity,Month,Year,Time,Junction_Type,Traffic_Control,Movement,Divider,Weather,Light,Road_Geometry,Surface_Condition,Surface_Type,Surface_Quality,Road_Class,Road_Feature,Location_Type,Vehicle_Type,Vehicle_Movement,Vehicle_Loading,Vehicle_Defect,Vehicle_Driver_Age,Vehicle_Alcohol,Vehicle_Seat_Belt
7,63,4,1,2012,,7,,2,2,1,2,2,1,1,1,1,1,2,9,,1,1,,2,2
6,63,2,4,2012,3,,1,2,2,2,1,5,2,1,2,,,,5,,,,,,
1,57,4,4,2012,3,7,1,2,2,1,1,1,1,1,1,1,1,2,9,11,1,1,28,1,2
9,57,4,5,2012,4,7,1,2,2,1,1,2,1,1,1,4,1,2,5,,,,,,
6,58,4,2,2012,3,2,2,2,2,1,1,1,1,1,1,1,1,2,14,2,,,,,
1,57,4,4,2012,1,7,8,2,2,2,4,1,2,1,1,2,1,2,4,11,1,7,,,1
1,58,4,4,2012,3,7,2,,,1,1,1,1,1,1,,1,2,14,6,1,1,32,2,
14,58,4,5,2012,3,1,,2,2,2,1,1,2,1,1,2,1,2,14,11,1,7,,,2
5,58,4,6,2012,4,,1,,,1,1,1,1,1,1,1,1,2,12,,,,24,2,2
4,58,3,5,2012,2,,1,1,2,1,1,2,1,1,1,2,1,2,,,,,,,
6,58,4,1,2012,4,,,1,,1,1,1,1,1,1,1,1,2,,1,,,,,
6,58,4,3,2012,4,,,1,,1,1,1,1,1,1,1,1,2,,2,,,,,
6,58,4,3,2012,3,7,,1,,1,1,2,1,1,1,1,,,14,1,,,,,
6,58,4,6,2012,4,,,1,2,1,4,1,1,1,1,1,1,2,9,,,,,,
7,58,4,1,2012,4,1,1,2,2,1,2,1,1,1,1,1,1,2,7,6,1,1,,2,1
7,58,4,3,2012,2,1,1,2,2,1,2,1,1,1,1,1,1,2,14,6,1,1,,2,2
7,58,4,5,2012,3,1,1,2,2,1,1,1,1,1,1,1,1,2,9,5,,1,,,
7,65,4,1,2012,3,1,4,2,1,1,1,4,1,1,1,,1,2,14,7,2,6,,1,2
7,65,4,2,2012,3,3,4,2,1,1,1,1,1,1,2,,1,1,2,11,1,7,,2,2
5,65,3,4,2012,2,7,,,,1,1,1,1,1,1,1,1,2,5,11,1,7,36,2,2
2,65,3,7,2012,4,1,8,2,2,2,4,1,2,1,1,,1,1,14,,1,7,,,
3,59,4,3,2012,3,1,1,2,2,1,1,1,1,1,1,2,1,2,13,11,,1,25,,
1,62,1,4,2012,1,7,1,2,2,1,3,2,1,1,1,2,1,1,9,,,1,,,
1,60,4,3,2012,3,7,1,2,2,1,1,1,1,1,1,4,1,2,,,,,,,
1,60,4,6,2012,3,7,1,2,,1,1,1,1,1,1,1,,,,,,,,,
3,59,4,3,2012,3,1,1,2,2,1,1,1,1,1,1,2,1,2,5,3,1,7,,,
1,59,4,9,2012,4,7,1,2,2,1,2,1,1,1,1,2,1,2,17,11,,7,,1,2
1,59,3,10,2012,3,7,1,2,2,1,1,1,1,1,1,2,1,2,12,6,1,1,,2,2
1,59,4,11,2012,3,3,1,2,,1,1,1,1,1,1,2,1,2,9,11,,7,,,
5,59,4,11,2012,3,7,1,2,2,1,1,2,1,1,1,3,1,2,16,11,1,1,,1,1
3,59,4,12,2012,3,3,1,2,2,1,2,2,1,1,1,3,1,2,5,2,,1,,,
8,59,4,9,2012,3,7,1,2,2,1,1,1,1,1,1,1,1,1,17,6,2,1,22,2,2
9,57,4,8,2012,3,7,1,2,,1,1,2,1,1,1,1,1,2,14,6,,1,35,2,2
3,58,3,9,2012,3,7,1,2,2,1,1,1,1,3,1,1,,,17,,2,7,,2,2
6,58,4,6,2012,2,2,1,1,,1,1,1,1,1,1,1,,2,16,11,,7,,,
6,58,4,3,2012,2,7,,1,2,1,4,1,1,1,1,1,1,2,9,5,,,,,
7,57,4,12,2012,1,7,1,1,2,1,1,1,1,1,1,2,1,2,6,6,1,1,25,1,2
6,57,1,8,2012,3,1,1,2,2,1,1,1,1,1,1,2,1,1,7,6,1,1,,2,2
9,63,4,1,2012,2,1,1,2,2,1,1,1,1,1,1,2,1,2,8,6,1,1,31,2,2
8,63,3,3,2012,1,1,1,2,2,1,4,1,1,1,2,1,1,2,9,5,1,1,36,2,2
9,63,4,3,2012,3,1,1,2,2,1,1,1,1,1,1,1,1,,4,6,1,,,2,2
9,63,4,2,2012,2,1,1,2,2,1,1,1,1,1,1,2,1,2,11,5,2,,35,2,2
6,57,4,1,2012,4,1,4,2,2,1,2,1,1,1,1,3,1,2,4,6,1,1,,2,2
5,58,4,8,2012,3,1,1,2,2,2,1,1,2,1,1,1,1,2,14,6,1,1,,2,2
1,57,3,9,2012,3,4,1,2,2,1,1,1,1,1,1,4,1,1,4,6,1,1,21,2,2
2,65,4,12,2012,4,1,1,2,2,1,3,1,1,1,1,2,1,2,8,2,1,1,46,2,2
8,59,4,1,2012,3,1,1,2,2,1,1,2,1,1,1,2,1,2,1,4,1,1,,2,1
7,18,4,4,2012,2,1,8,2,2,1,1,1,1,1,2,1,1,2,9,6,2,7,1,2,2
5,46,4,5,2012,2,2,1,2,2,1,1,1,1,1,1,1,1,1,14,1,1,2,,2,2
1,46,4,5,2012,2,4,1,2,2,1,1,1,1,1,1,1,1,1,14,6,1,1,,2,2
1,49,4,5,2012,4,7,8,2,2,1,1,1,1,1,1,1,2,1,19,11,1,7,25,2,2
1,45,4,5,2012,3,1,1,2,1,1,1,1,1,1,1,1,2,1,9,11,1,7,,2,2
6,45,4,5,2012,3,1,1,2,2,1,1,1,1,1,1,1,1,1,9,6,1,7,,2,2
1,45,4,7,2012,2,1,1,2,2,2,1,2,1,2,1,2,1,2,14,6,1,7,,2,2
5,45,4,6,2012,3,1,8,2,1,1,1,1,1,1,1,1,2,1,14,11,2,1,,2,2
12,47,3,6,2012,2,1,7,2,2,1,2,2,1,2,2,2,1,2,12,3,2,7,35,2,2
3,45,3,9,2012,4,1,1,2,2,1,3,1,1,1,1,2,3,1,5,11,1,4,,2,1
1,45,4,8,2012,3,1,1,2,2,1,1,1,1,2,1,1,1,2,9,6,1,7,,1,2
1,45,4,8,2012,1,1,1,2,2,1,1,1,1,1,1,1,1,2,14,6,1,7,,2,2
5,45,4,8,2012,1,1,1,1,2,1,1,1,1,1,1,2,1,1,14,6,1,7,,1,2
6,45,3,8,2012,2,1,1,2,2,1,1,1,2,1,1,2,1,2,9,6,1,7,,2,2
9,47,4,8,2012,2,1,1,2,2,2,1,1,1,2,1,2,1,2,9,5,2,1,,2,2
12,47,4,8,2012,3,7,1,1,2,1,1,1,1,2,1,1,5,1,6,6,1,2,,1,2
12,47,4,8,2012,1,7,1,1,2,1,1,2,1,1,2,2,1,1,7,6,1,6,,2,2
1,39,3,7,2012,2,3,1,2,2,1,1,1,2,1,1,1,1,1,4,9,1,1,30,2,2
1,47,4,12,2012,3,1,8,2,2,1,1,1,1,1,1,1,1,1,9,11,2,7,,2,2
12,47,3,12,2012,3,1,1,2,2,1,1,1,1,1,1,1,1,2,14,6,1,7,,2,2
12,47,4,12,2012,1,7,1,2,2,4,4,1,2,1,1,1,2,1,14,5,1,1,,2,2
2,43,4,9,2012,4,1,1,1,2,1,1,3,1,1,1,3,2,2,9,5,2,7,,2,2
3,45,4,11,2012,3,1,1,1,1,1,1,1,1,1,1,2,1,2,9,5,1,7,,2,2
3,45,4,11,2012,2,1,1,2,2,1,1,1,1,1,1,2,1,2,9,11,1,7,,2,2
4,49,4,11,2012,3,1,1,2,2,4,2,1,1,1,1,3,1,2,14,5,1,7,,2,2
7,38,4,11,2012,3,1,1,2,2,1,1,1,1,1,2,2,4,2,8,6,1,7,,2,2
5,46,4,8,2012,3,1,1,2,2,1,1,1,1,1,1,1,1,1,2,6,2,7,,1,2
1,49,4,9,2012,2,1,1,2,2,2,1,1,2,1,1,1,1,2,9,11,2,7,,1,2
4,35,3,6,2012,2,1,1,2,2,1,1,1,1,1,1,1,1,2,4,5,1,7,,1,2
1,40,4,8,2012,4,1,1,2,2,1,4,5,1,1,1,1,5,2,14,11,2,7,,1,2
1,40,4,9,2012,4,1,1,2,2,1,4,1,1,1,1,1,1,2,9,1,2,7,,2,2
6,40,4,9,2012,4,1,1,2,2,1,1,1,1,1,1,1,1,2,7,3,2,7,,2,2
1,50,4,12,2012,3,7,1,2,2,1,1,1,1,1,1,5,1,2,14,4,1,1,,2,2
12,50,4,4,2012,2,1,1,2,2,1,1,1,1,1,1,1,1,2,9,6,1,7,,2,2
2,50,4,11,2012,2,1,1,2,2,1,2,1,1,1,1,1,1,2,9,6,1,1,,2,2
8,50,4,1,2012,3,1,1,2,2,1,1,1,1,1,1,1,1,2,14,11,1,1,,2,2
8,50,4,2,2012,3,1,1,2,2,1,1,1,1,1,1,1,1,2,14,5,1,1,,2,2
4,49,4,11,2012,3,1,1,2,2,4,2,1,1,1,1,3,1,2,14,5,1,7,,2,2
12,47,4,5,2012,1,1,1,2,2,1,2,1,1,2,1,1,2,1,19,6,2,1,,2,2
1,45,3,8,2012,1,1,1,2,2,1,3,1,1,1,1,1,1,1,14,6,1,1,,2,2
2,45,4,8,2012,2,1,1,2,2,1,1,1,1,1,1,1,2,,9,6,1,1,,1,2
2,45,3,12,2012,3,1,1,2,2,1,1,1,1,1,1,1,1,1,7,6,1,7,,1,2
4,37,4,5,2012,3,1,1,1,1,4,1,2,,,,,,,,,,,35,2,2
1,51,4,2,2012,2,1,1,2,2,1,1,1,1,1,1,2,1,2,7,4,1,1,30,2,2
1,51,4,3,2012,3,1,1,2,2,1,1,2,2,1,1,2,2,1,9,6,1,1,,2,2
6,51,4,2,2012,2,1,1,2,2,1,4,1,1,2,3,1,2,,4,6,1,7,45,2,2
4,39,4,1,2012,3,1,1,1,1,1,1,1,1,1,1,1,1,1,10,2,1,1,18,1,1
1,45,4,1,2012,4,2,1,2,1,1,1,1,1,1,1,1,1,1,14,3,1,1,,2,2
4,38,1,1,2012,3,1,2,2,2,1,1,1,1,1,1,4,1,2,19,11,2,7,,2,2
6,40,4,1,2012,2,2,1,2,2,1,1,1,1,1,1,4,1,1,12,5,,7,52,2,2
3,40,3,1,2012,3,2,1,2,2,1,1,1,1,1,1,2,1,2,4,11,2,7,,2,2
1,49,4,2,2012,3,1,2,2,2,1,1,1,1,1,1,2,1,,9,6,1,1,,1,2
7,47,4,2,2012,4,7,1,1,2,1,4,2,1,1,2,4,1,2,14,6,1,6,35,2,2
12,47,2,2,2012,3,7,1,1,2,1,1,1,1,1,1,1,1,1,1,5,2,6,45,2,2
10,47,4,3,2012,2,7,8,2,2,1,2,1,2,1,1,4,1,2,17,6,2,7,,2,2
3,38,4,4,2012,2,1,1,2,2,1,1,1,1,1,1,1,1,2,14,9,1,1,,2,2
4,35,4,3,2012,2,1,1,2,2,1,1,1,1,1,1,1,1,1,19,2,1,1,,2,2
7,37,4,1,2012,3,1,1,2,2,1,1,1,1,1,1,2,1,2,9,11,1,1,41,2,2
1,51,4,2,2012,2,2,1,2,2,1,1,1,1,1,1,1,1,2,7,4,1,1,30,2,2
1,51,4,3,2012,3,1,4,2,2,1,3,1,2,2,1,1,1,1,9,11,2,2,,2,2
2,42,4,2,2012,1,1,1,1,1,1,2,1,1,1,1,5,1,1,14,6,1,1,42,1,2
3,42,4,1,2012,3,7,1,2,2,2,1,1,1,1,1,5,1,1,13,6,1,1,23,2,2
27,42,4,2,2012,2,2,1,1,1,1,3,1,1,1,1,5,1,1,9,6,1,1,22,2,2
40,42,4,2,2012,3,1,4,1,1,1,1,1,1,1,1,5,1,1,9,6,1,1,42,2,2
18,42,4,1,2012,1,1,1,2,2,1,3,1,1,1,1,5,1,1,19,6,1,7,,1,2
12,42,4,2,2012,2,3,4,1,1,1,1,1,1,1,1,5,1,1,9,6,1,1,42,2,2
34,42,2,1,2012,2,1,1,1,1,1,1,1,1,1,1,5,1,1,9,6,1,1,42,2,2
22,42,4,1,2012,4,1,4,1,1,1,3,1,1,1,1,1,1,1,9,6,1,1,40,2,2
15,42,4,1,2012,1,3,1,2,2,1,2,4,1,1,1,5,1,1,14,6,1,1,42,2,2
15,42,2,1,2012,4,1,1,1,1,1,3,1,1,1,1,5,1,1,13,6,1,1,40,2,2
15,42,3,1,2012,3,3,1,2,2,1,1,1,1,1,1,5,1,1,8,6,1,1,18,2,2
20,42,4,4,2012,1,1,1,2,2,1,4,3,1,1,1,3,1,1,14,6,1,1,42,2,2
24,42,3,4,2012,3,1,1,2,2,1,1,1,1,1,1,1,1,1,10,6,1,1,30,1,2
32,42,3,5,2012,3,3,1,1,1,1,1,1,1,1,1,5,1,1,8,6,1,1,40,2,2
25,42,4,3,2012,2,1,1,2,2,1,1,1,1,1,1,5,1,1,9,6,1,1,38,2,2
1,42,4,1,2012,2,3,4,1,1,1,1,1,1,1,1,5,1,1,9,6,1,1,38,2,2
1,42,4,1,2012,4,1,1,1,1,1,1,1,1,1,1,5,1,1,9,6,1,1,28,2,2
1,42,4,3,2012,1,1,1,1,1,1,3,1,1,1,1,5,1,1,7,6,1,1,32,2,2
9,42,2,6,2012,2,1,1,1,1,1,1,1,1,1,1,5,1,1,11,6,1,1,45,2,2
33,42,2,5,2012,4,1,1,1,1,1,3,1,1,1,1,1,1,1,14,6,1,1,45,2,2
14,42,4,2,2012,1,1,4,2,2,1,2,1,1,1,1,1,1,1,9,6,1,1,40,2,2
14,42,4,5,2012,4,1,4,1,1,1,1,1,1,1,1,1,1,1,14,6,1,1,42,1,2
14,42,3,5,2012,4,3,1,2,2,1,3,1,1,1,1,5,1,1,10,6,1,1,32,2,2
34,42,4,8,2012,3,3,1,1,1,1,1,5,1,1,1,1,1,1,13,6,1,1,38,2,2
11,42,4,7,2012,1,4,1,1,1,1,3,1,1,1,1,5,1,1,14,6,1,1,22,2,2
1,42,4,5,2012,3,1,1,1,1,1,1,1,1,1,1,5,1,1,,,1,1,25,2,2
1,42,4,6,2012,2,1,1,1,1,1,2,1,1,1,1,1,5,1,9,6,1,1,25,2,2
36,42,4,7,2012,1,1,1,2,2,1,2,1,1,1,1,3,1,1,14,6,1,1,37,2,2
15,42,4,8,2012,4,1,8,1,1,2,1,1,1,1,1,5,1,1,6,6,1,1,39,2,2
8,42,4,7,2012,4,2,6,1,1,1,3,1,1,1,1,5,1,1,9,6,1,1,40,2,2
8,42,3,8,2012,2,3,4,1,1,1,3,1,1,1,1,5,1,1,10,6,1,1,35,2,2
12,42,3,7,2012,2,2,1,2,2,1,1,1,1,1,1,5,1,1,8,6,1,1,28,2,2
14,42,4,6,2012,1,1,4,1,1,1,1,1,1,1,1,1,1,1,7,6,1,1,32,1,2
46,42,4,6,2012,2,1,1,2,2,1,1,1,1,1,1,5,1,1,14,6,1,1,37,2,2
25,42,4,8,2012,3,1,1,1,1,1,1,1,1,1,1,5,1,1,5,6,1,1,32,2,2
42,42,4,4,2012,2,3,4,1,2,1,1,1,1,1,1,1,1,1,7,6,1,1,32,2,2
42,42,4,5,2012,1,2,1,1,1,1,3,1,1,1,1,1,1,1,14,6,1,1,42,1,2
33,42,1,8,2012,2,1,8,1,2,1,1,1,1,1,1,1,1,1,8,6,1,1,35,2,2
14,42,1,1,2012,3,2,4,1,1,1,1,1,1,1,1,1,1,1,8,6,1,1,30,1,2
34,42,3,11,2012,2,7,8,2,1,1,1,1,1,1,1,1,1,1,4,1,1,7,28,2,1
34,42,4,9,2012,4,1,1,2,1,1,3,1,1,1,1,5,1,1,4,7,2,7,19,1,2
22,42,4,10,2012,3,2,8,1,,1,1,1,1,1,1,5,1,1,9,4,1,1,40,2,2
25,42,1,9,2012,2,1,1,1,1,1,1,1,1,1,1,5,1,1,8,6,1,1,35,1,2
25,42,1,9,2012,4,1,1,2,2,1,4,1,1,1,2,5,1,1,12,6,1,1,30,1,2
40,42,4,9,2012,2,1,1,1,1,1,1,1,1,1,1,5,1,1,9,6,1,7,35,1,2
40,42,4,9,2012,4,1,1,1,1,1,3,1,1,1,1,5,1,1,9,5,1,1,35,1,2
12,42,4,6,2012,2,2,4,1,1,1,2,1,1,1,1,5,1,1,9,6,1,1,35,2,2
10,42,4,8,2012,4,1,1,2,2,1,3,1,1,1,1,5,1,1,10,6,1,1,28,2,2
11,42,3,11,2012,3,1,4,2,1,1,1,1,1,1,1,5,1,1,1,6,1,1,18,2,2
36,42,3,12,2012,3,2,8,2,1,1,1,1,1,1,1,1,1,1,4,6,1,1,45,2,2
46,42,4,6,2012,2,1,8,2,2,1,1,1,1,1,1,5,1,1,9,6,1,1,30,2,2
46,42,4,12,2012,3,1,8,2,2,1,1,1,1,1,1,5,1,1,5,6,1,1,28,2,2
5,42,4,12,2012,2,1,1,2,2,1,1,4,1,1,1,5,1,1,9,6,1,1,35,2,2
8,42,2,12,2012,3,2,6,2,1,1,2,1,1,1,1,5,1,1,10,6,1,1,25,2,2
8,42,3,12,2012,2,3,8,2,1,1,1,1,1,1,1,5,1,1,10,10,1,1,25,2,2
15,42,3,12,2012,2,3,1,2,2,1,1,1,1,1,1,5,1,1,1,6,1,1,21,2,2
39,42,4,2,2012,3,1,4,2,1,1,1,1,1,1,1,5,1,1,9,1,1,1,,2,2
39,42,4,9,2012,2,1,1,2,1,1,1,1,1,1,1,5,1,1,9,5,1,1,35,1,2
39,42,4,9,2012,4,1,1,2,1,1,3,1,1,2,1,5,1,1,9,5,1,1,35,1,2
10,42,4,2,2012,1,1,1,2,2,1,2,1,1,1,1,5,1,,5,6,1,1,43,2,2
34,42,4,6,2012,4,1,1,2,1,1,3,1,1,1,1,5,1,1,14,6,1,1,35,2,2
4,26,4,1,2012,2,1,1,2,2,1,1,1,1,1,1,2,1,2,14,6,2,3,52,1,2
4,26,4,7,2012,2,1,1,2,1,1,1,2,1,1,1,3,1,2,9,6,2,3,,1,
4,26,4,10,2012,2,1,1,2,2,1,1,1,1,2,1,2,1,2,9,6,1,1,42,1,2
5,26,3,1,2012,2,1,1,2,2,1,1,1,1,1,1,1,1,2,10,6,1,7,35,1,2
5,26,4,3,2012,3,1,1,2,2,1,1,1,1,1,1,1,1,2,,6,2,7,38,1,2
7,26,3,9,2012,2,1,1,2,2,1,1,1,1,1,1,2,1,2,9,6,1,1,40,1,2
8,26,3,7,2012,3,1,1,2,2,2,1,2,1,1,1,2,1,2,14,6,1,3,,1,2
9,26,2,10,2012,2,1,8,2,2,1,1,2,1,1,1,4,4,2,12,6,1,7,25,1,2
1,21,3,6,2012,2,1,1,2,2,1,1,1,1,1,1,2,1,2,8,6,1,1,40,1,2
1,21,4,6,2012,4,1,1,2,2,1,2,1,1,1,1,2,1,2,4,6,2,7,35,1,2
3,21,4,2,2012,2,1,1,2,2,1,1,1,1,1,1,1,1,2,14,6,2,7,20,1,2
2,1,3,6,2012,3,1,8,2,2,1,1,1,1,1,2,1,1,1,14,6,1,1,32,1,2
2,21,3,8,2012,3,1,1,2,2,1,1,2,1,2,2,4,1,2,4,6,2,7,,1,2
5,21,4,10,2012,2,1,1,2,2,1,1,1,1,1,1,4,1,2,14,6,1,1,30,1,2
3,29,4,5,2012,3,1,1,2,2,2,1,2,2,1,1,1,1,2,12,1,2,3,30,1,2
4,29,3,7,2012,2,3,8,2,2,1,1,1,1,1,1,1,1,2,9,5,2,7,,1,2
2,23,3,7,2012,4,2,8,2,2,1,4,1,5,1,1,2,1,2,6,6,1,2,23,1,2
1,22,4,5,2012,2,1,1,2,2,1,1,1,1,1,1,1,1,2,14,6,2,1,,1,2
2,25,4,9,2012,2,1,1,2,2,1,1,1,1,1,1,3,1,2,12,6,1,6,,1,2
3,25,3,3,2012,3,1,1,2,2,1,1,1,1,1,1,2,1,2,12,6,2,7,,1,2
3,25,4,3,2012,2,1,1,2,2,1,1,1,1,1,1,2,1,2,9,6,2,7,,1,2
4,25,4,11,2012,4,1,8,2,2,1,1,1,1,1,1,2,1,2,14,6,1,7,32,1,2
6,25,4,3,2012,3,1,1,1,1,1,1,1,1,1,1,3,1,1,4,6,2,7,32,1,2
8,25,4,7,2012,2,1,1,2,2,1,1,1,1,1,1,2,1,2,9,6,1,7,34,1,2
2,19,4,9,2012,2,1,1,2,2,1,1,1,1,1,1,2,1,2,9,6,1,6,32,1,2
1,20,3,1,2012,3,1,1,2,2,1,1,1,1,1,1,2,1,2,9,6,1,3,,1,2
2,20,4,12,2012,3,7,1,2,2,1,2,2,1,1,1,2,1,2,17,6,1,7,30,1,2
3,20,3,2,2012,3,7,8,2,2,1,1,1,1,1,1,3,1,2,14,6,2,7,43,1,2
1,24,3,4,2012,3,1,1,2,2,4,1,2,1,2,2,3,1,2,4,6,2,7,,1,2
1,24,4,5,2012,3,1,1,2,2,1,1,1,1,1,1,1,1,2,14,6,2,7,,1,2
1,24,4,8,2012,3,1,1,2,2,1,1,1,1,1,1,2,1,2,14,6,2,7,,1,2
1,24,4,9,2012,2,1,1,2,2,1,1,1,1,1,1,1,1,2,9,6,2,7,,1,2
1,24,4,12,2012,2,2,4,2,2,1,1,1,1,1,1,1,1,1,14,6,2,7,,1,2
1,24,4,12,2012,3,1,1,2,2,1,1,2,1,1,1,5,1,1,14,6,2,7,,1,2
1,24,4,10,2012,2,1,1,2,2,1,2,1,1,1,1,1,1,2,14,6,2,7,,1,2
3,24,4,10,2012,2,1,1,2,1,1,1,1,1,1,1,1,1,2,8,6,1,3,,1,2
3,24,3,12,2012,2,1,1,2,1,2,1,1,1,1,1,3,1,2,4,6,1,7,35,1,2
2,1,4,4,2012,2,1,1,2,2,1,1,1,1,1,1,1,1,2,9,6,2,7,30,1,2
5,24,4,7,2012,3,1,1,2,2,1,1,1,1,1,1,1,1,2,14,6,2,7,,1,2
6,24,4,6,2012,2,1,1,2,2,1,2,1,1,1,1,2,1,2,14,6,1,7,36,1,2
9,24,4,2,2012,3,1,1,1,2,1,1,1,1,1,1,1,1,1,9,6,1,7,,1,2
1,18,4,4,2012,1,1,1,2,2,1,1,1,1,1,1,1,1,2,14,6,1,7,,1,2
1,18,4,5,2012,3,7,1,2,2,1,1,1,1,1,1,4,1,2,1,6,1,7,,1,2
1,18,4,10,2012,3,1,1,2,2,1,1,1,1,1,1,5,1,2,14,6,1,7,,1,2
1,18,4,12,2012,3,1,1,2,2,1,1,1,1,1,1,1,1,2,9,6,1,7,,1,2
2,18,4,10,2012,3,7,8,2,2,1,1,1,1,1,1,3,1,2,9,6,1,7,27,1,2
2,18,4,10,2012,2,7,1,2,2,1,1,1,1,1,1,3,1,2,4,6,1,7,,1,2
3,18,4,12,2012,3,7,1,2,2,1,2,1,1,1,1,4,1,2,4,6,1,7,30,1,2
5,18,4,3,2012,2,7,8,1,2,1,1,2,1,1,1,3,1,2,4,6,1,7,25,1,2
7,18,4,6,2012,4,1,1,2,2,1,1,1,1,1,1,1,1,2,9,6,2,3,,1,2
7,29,4,6,2012,2,1,1,2,2,1,1,1,1,1,1,2,1,2,9,6,2,3,,1,2
8,26,4,3,2012,4,1,2,1,1,1,3,1,1,1,1,1,1,2,6,7,1,3,,1,2
5,24,4,4,2012,2,1,1,2,2,1,1,1,1,1,1,1,1,2,4,6,2,1,,1,2
4,21,4,6,2012,3,1,1,2,2,1,1,1,1,1,2,3,1,1,14,6,1,1,32,1,2
5,21,3,8,2012,3,1,1,2,2,1,1,2,1,2,2,4,1,2,13,6,2,1,,1,2
6,13,4,1,2012,2,1,1,2,2,4,2,1,1,1,1,2,1,2,14,6,1,1,,1,2
8,13,4,1,2012,2,4,1,1,2,1,1,2,2,1,1,1,,2,17,6,1,1,59,2,2
8,13,4,2,2012,3,1,2,2,2,1,1,1,1,1,1,5,1,2,14,6,1,1,,2,2
2,13,4,3,2012,3,1,1,2,2,1,1,1,1,1,2,4,1,2,9,6,1,1,28,2,2
8,13,4,4,2012,3,1,1,2,2,1,1,1,1,1,1,1,1,2,14,6,1,1,,2,2
9,13,4,4,2012,3,1,1,2,2,1,1,1,1,1,1,3,1,2,19,6,1,1,,2,2
8,13,4,5,2012,3,1,1,2,2,1,1,1,1,1,1,3,1,2,17,1,1,1,32,2,2
7,17,4,12,2012,2,2,4,2,,1,1,2,1,1,1,1,2,2,14,4,1,1,,2,2
7,17,4,7,2012,3,1,4,2,,1,1,1,1,1,1,1,1,2,4,11,1,1,,,
7,17,4,7,2012,3,1,4,1,,2,1,1,1,1,1,1,1,2,6,11,1,1,,2,2
7,17,4,5,2012,4,1,4,1,,1,3,1,1,1,1,1,1,2,4,6,1,1,35,1,2
2,17,4,5,2012,3,1,1,1,,1,1,2,1,1,1,4,1,2,6,1,1,1,22,2,2
8,17,4,2,2012,2,1,1,2,2,1,1,1,2,1,1,1,1,2,5,6,1,3,50,2,2
7,17,4,2,2012,3,1,1,2,2,1,1,1,1,1,1,1,1,2,9,4,1,1,,2,2
5,17,4,1,2012,3,1,1,2,2,1,1,1,1,1,1,2,1,2,16,6,1,1,,1,2
3,10,2,4,2012,2,1,1,2,2,1,1,1,1,1,1,1,1,2,7,5,1,7,,2,2
3,10,4,2,2012,3,1,1,2,2,1,1,1,1,1,1,1,1,2,14,6,1,1,,1,2
7,11,3,9,2012,2,1,1,2,2,1,1,1,1,1,1,3,1,2,9,5,1,1,30,1,2
5,11,4,10,2012,2,4,1,2,2,1,3,2,1,1,1,3,1,2,9,6,1,7,45,2,2
8,11,4,12,2012,3,2,1,2,2,1,1,1,1,1,1,5,1,2,8,4,1,1,,2,2
7,11,4,12,2012,3,1,1,2,2,1,2,1,1,1,1,1,1,2,9,6,1,1,42,2,2
6,11,4,12,2012,2,3,1,2,2,1,1,1,1,1,1,3,1,2,14,6,1,1,,2,2
11,11,4,10,2012,2,3,1,2,2,1,1,1,1,1,1,3,1,2,9,6,1,1,,2,2
5,11,4,7,2012,2,1,1,2,2,1,1,1,1,1,1,1,1,2,12,6,1,1,25,2,2
5,11,3,7,2012,3,1,1,2,2,1,1,1,1,1,1,2,1,2,9,6,1,1,40,2,2
1,15,4,8,2012,3,1,1,2,2,1,1,1,1,1,1,1,1,1,9,5,1,7,,2,2
3,15,4,4,2012,2,1,1,2,2,1,2,1,1,1,1,1,1,2,12,6,1,7,,2,2
3,15,4,6,2012,2,1,1,2,2,1,1,1,1,1,1,1,1,2,13,6,1,1,23,2,2
3,15,4,8,2012,2,1,1,2,2,1,1,1,1,1,1,1,1,2,9,6,1,1,25,2,2
1,15,4,3,2012,3,3,1,1,2,1,1,1,1,1,1,1,1,1,8,6,1,1,,2,2
1,15,4,3,2012,1,3,1,1,2,1,1,1,1,1,1,1,1,1,1,6,1,1,,2,2
1,15,1,9,2012,2,3,1,1,2,1,1,1,1,1,1,1,1,1,14,6,1,1,,2,2
1,15,4,10,2012,1,1,1,1,2,1,4,1,1,1,1,1,1,2,9,6,1,1,,2,2
1,15,2,12,2012,1,1,1,2,2,4,4,1,1,1,1,1,1,2,9,4,1,1,,2,2
3,15,4,9,2012,1,1,1,1,2,1,2,1,1,1,1,1,1,2,14,6,1,1,,2,2
12,9,1,1,2012,2,1,1,2,2,1,1,1,1,1,1,1,1,2,9,5,1,1,,2,2
12,9,3,11,2012,3,1,1,2,2,1,2,1,1,1,1,1,1,2,5,6,1,1,42,2,2
5,9,4,2,2012,1,1,1,2,2,1,1,1,1,1,1,4,1,2,17,1,1,7,,2,2
4,9,3,4,2012,1,1,4,2,2,1,4,1,1,1,1,1,1,1,19,6,1,1,,2,2
8,9,4,5,2012,4,1,8,1,2,1,3,1,1,1,1,2,1,2,5,6,1,1,,2,2
6,9,4,5,2012,3,1,1,1,2,1,1,1,1,1,1,1,1,2,9,6,1,7,38,2,2
8,9,4,5,2012,2,1,1,1,2,1,1,1,1,1,1,4,1,2,13,11,2,7,32,2,2