Thana,District,Accident_Severity,Month,Year,Time,Junction_Type,Traffic_Control,Movement,Divider,Weather,Light,Road_Geometry,Surface_Condition,Surface_Type,Surface_Quality,Road_Class,Road_Feature,Location_Type,Vehicle_Type,Vehicle_Movement,Vehicle_Loading,Vehicle_Defect,Vehicle_Driver_Age,Vehicle_Alcohol,Vehicle_Seat_Belt
10,9,4,6,2012,2,7,1,1,2,1,1,1,1,1,1,1,1,2,12,6,1,1,35,2,2
12,9,4,7,2012,2,7,1,2,2,1,1,1,2,1,1,1,1,2,13,6,1,1,,2,2
12,9,3,9,2012,3,1,1,2,2,1,1,1,1,1,3,1,1,2,8,6,1,1,28,2,2
4,9,1,11,2012,3,1,1,1,2,1,1,1,1,1,1,1,1,1,14,2,1,1,27,1,2
10,9,1,11,2012,3,1,4,2,2,1,1,1,1,1,1,1,1,1,9,10,1,1,35,1,2
10,9,4,12,2012,3,3,1,2,2,1,1,2,1,1,1,1,1,2,14,6,1,7,38,2,2
10,9,4,12,2012,3,1,1,1,2,1,1,1,1,1,1,1,5,2,9,6,2,7,,1,2
1,9,1,3,2012,4,1,1,2,2,1,4,1,1,1,1,1,1,2,14,11,1,1,23,2,2
1,9,4,3,2012,3,1,1,1,2,1,1,1,1,1,1,1,1,2,5,6,1,1,40,1,2
10,9,4,3,2012,3,1,1,2,2,1,1,1,1,1,1,1,1,1,9,6,1,1,,2,2
1,12,4,4,2012,2,2,4,1,2,1,1,1,1,1,1,1,1,1,9,2,1,1,,2,2
3,12,4,4,2012,2,1,1,2,2,1,1,1,1,1,1,2,1,2,19,6,2,1,30,2,2
5,12,4,5,2012,3,1,1,2,2,1,1,1,1,1,1,2,1,2,8,6,1,1,,2,2
5,12,4,7,2012,2,1,1,2,2,1,1,1,1,1,1,2,1,2,14,6,1,1,,1,2
1,12,3,8,2012,3,1,3,1,2,1,1,1,1,1,1,1,1,2,2,6,1,1,,2,2
5,12,4,8,2012,4,1,1,2,2,1,4,1,1,1,1,1,1,2,14,5,1,1,40,2,2
5,12,4,10,2012,2,4,7,2,2,1,1,1,1,1,1,1,1,2,14,9,1,1,25,2,2
3,12,4,12,2012,2,7,8,1,2,4,2,1,1,1,1,4,1,2,14,6,2,1,,2,2
1,13,4,10,2012,3,1,8,2,2,1,1,2,1,1,1,2,1,2,14,6,1,1,,1,2
2,13,4,10,2012,4,3,1,2,2,1,1,2,1,1,1,2,1,2,8,6,1,1,38,2,2
8,13,3,11,2012,3,1,1,2,2,1,1,1,1,1,1,1,1,,17,6,1,1,50,2,2
2,13,4,11,2012,3,1,1,2,2,1,1,1,1,1,1,3,1,2,6,6,2,7,25,2,2
8,13,4,12,2012,1,1,2,1,1,1,1,1,1,1,1,1,1,1,14,7,1,1,23,2,2
5,11,3,6,2012,3,1,1,2,2,1,1,1,1,1,1,2,1,2,8,2,1,1,35,2,2
5,11,3,6,2012,1,1,1,2,2,1,1,1,1,1,1,2,1,2,9,7,1,7,44,2,2
5,11,4,4,2012,4,1,1,2,2,1,1,1,1,1,1,5,1,2,9,6,1,1,,1,2
1,11,4,2,2012,3,1,1,2,2,2,1,2,2,1,1,1,1,2,13,5,1,1,,1,2
6,11,4,4,2012,4,1,3,2,2,1,4,1,1,1,1,5,2,1,13,4,1,1,22,2,2
8,11,4,3,2012,3,7,8,2,2,1,1,1,1,1,1,3,1,2,14,5,1,1,32,2,2
1,11,4,1,2012,3,7,1,2,2,1,1,1,1,1,1,1,1,2,4,6,2,1,17,2,2
11,12,4,1,2012,3,1,1,2,1,1,1,1,1,1,1,1,1,2,9,5,2,1,,1,2
7,16,4,2,2012,3,1,1,2,2,1,1,1,1,1,1,1,1,2,4,6,1,1,25,2,2
8,16,4,2,2012,1,1,1,2,2,1,4,1,1,1,1,1,1,2,9,11,1,7,,,
11,16,4,1,2012,3,1,1,2,2,1,1,1,5,1,1,1,1,2,,,,,,,
10,16,4,4,2012,3,3,1,2,2,1,1,1,1,1,1,1,1,2,9,6,1,1,,2,2
10,16,3,5,2012,1,1,8,2,2,1,2,1,1,1,1,1,1,2,14,6,1,1,,2,2
10,16,4,5,2012,2,1,1,1,2,1,1,1,1,1,1,1,1,2,14,5,1,1,,1,2
11,16,4,5,2012,4,1,1,2,2,1,2,1,1,1,1,1,1,2,19,11,1,3,,1,2
11,16,4,6,2012,1,1,1,2,2,1,1,1,1,1,1,1,1,2,13,6,1,1,,1,2
11,16,3,6,2012,4,1,8,2,2,1,4,1,1,1,1,1,1,2,14,6,1,7,,1,2
11,16,4,6,2012,2,1,1,2,2,1,1,1,1,1,1,1,1,2,14,6,1,1,,1,2
8,16,3,6,2012,4,1,1,2,2,1,4,1,1,1,1,1,1,2,14,6,1,1,,2,2
1,16,4,6,2012,2,5,1,2,2,1,2,2,2,1,1,1,1,2,8,2,1,1,,2,2
6,16,4,6,2012,3,1,1,2,2,1,1,1,1,1,1,1,1,2,13,6,2,1,,2,2
10,16,4,7,2012,1,1,1,2,2,2,2,1,2,1,1,1,1,2,14,6,1,1,,1,2
10,16,4,7,2012,3,1,1,2,2,1,1,1,1,1,1,1,1,2,16,6,1,1,,2,2
6,16,4,7,2012,3,1,1,2,2,1,1,1,1,1,1,1,1,2,19,6,2,1,,2,2
8,16,4,9,2012,2,1,1,2,2,1,1,1,1,1,1,1,1,2,14,6,1,1,,2,2
11,16,4,10,2012,3,1,1,2,2,1,1,1,1,1,1,1,1,2,14,6,1,1,,2,2
10,16,4,10,2012,1,1,1,2,2,1,2,1,1,1,1,5,1,2,9,6,1,1,,1,2
11,16,4,11,2012,1,1,1,2,2,1,1,1,1,1,1,1,1,2,14,6,1,1,,1,2
11,16,4,11,2012,3,1,1,2,2,1,1,1,1,1,1,1,1,2,14,6,1,1,,2,2
10,16,3,11,2012,1,1,1,2,2,1,3,1,2,1,1,1,1,2,4,6,1,1,,2,1
6,16,3,12,2012,1,1,1,2,2,1,4,1,1,1,1,1,1,2,14,6,1,1,,2,2
11,16,4,10,2012,1,1,1,1,1,1,1,1,1,1,1,1,1,2,,6,1,6,,2,2
7,16,4,5,2012,3,1,1,2,2,1,1,2,1,1,1,4,1,2,13,6,1,7,,2,2
10,16,4,7,2012,1,1,1,2,1,1,2,2,1,1,1,2,,,14,6,1,1,,1,2
5,11,3,10,2012,1,6,1,2,2,1,1,1,2,1,1,5,1,1,4,6,1,,35,1,1
7,17,4,8,2012,3,5,4,2,2,1,1,2,1,1,1,1,1,2,9,6,,,,2,2
7,17,4,8,2012,3,1,4,2,2,1,1,1,1,1,1,1,1,1,1,6,,,,2,2
2,13,4,11,2012,3,3,1,1,2,1,1,1,1,1,1,2,1,2,6,5,2,6,32,2,2
1,14,3,2,2012,2,1,3,2,1,1,1,2,1,1,1,1,1,1,14,6,1,1,22,2,2
1,14,4,4,2012,3,7,3,2,2,1,1,1,1,1,1,1,1,1,10,6,2,4,22,2,2
3,14,1,4,2012,4,5,4,1,1,1,3,1,1,1,1,1,1,1,13,6,1,7,34,2,2
3,14,4,5,2012,3,3,1,2,1,1,1,1,1,1,1,5,1,2,4,2,1,7,45,2,2
2,14,4,7,2012,4,7,1,1,2,1,2,1,1,1,1,3,1,2,4,5,2,3,20,2,2
3,6,1,1,2012,2,1,1,2,2,4,1,1,1,1,1,3,1,2,12,6,1,1,35,2,2
1,2,4,3,2012,3,1,1,1,1,1,1,1,1,1,1,2,1,1,14,6,1,1,,2,2
1,2,4,3,2012,4,1,1,2,2,1,2,1,1,1,1,1,1,2,12,6,1,1,,2,2
1,2,4,5,2012,2,1,1,2,2,1,1,1,1,1,1,1,1,2,9,6,1,1,,2,2
1,2,4,11,2012,4,1,1,2,2,1,2,1,1,1,1,1,1,2,1,5,1,1,,1,2
1,7,4,2,2012,4,3,1,2,2,1,2,2,1,1,1,4,1,2,17,4,2,6,,2,2
3,1,4,11,2012,1,1,1,2,1,1,1,1,1,1,1,1,1,2,14,6,1,1,28,1,2
4,6,4,2,2012,3,1,1,2,2,1,1,1,1,1,1,1,1,2,8,6,1,1,35,2,2
2,6,4,2,2012,3,1,1,2,2,1,1,1,1,1,2,1,1,2,9,6,1,1,,2,2
3,6,4,3,2012,4,3,1,2,2,1,2,1,1,1,1,3,1,2,14,6,1,1,,2,2
3,6,4,6,2012,4,1,1,2,2,1,4,1,1,1,1,2,1,2,14,5,1,1,,2,2
1,6,4,9,2012,3,5,1,2,2,1,1,2,1,1,1,1,1,2,8,6,1,1,32,2,2
3,4,4,1,2012,3,1,1,2,2,1,1,1,1,1,1,3,4,2,17,6,2,1,,2,2
6,4,4,2,2012,2,1,1,2,2,1,1,1,1,1,1,3,1,2,14,6,1,1,,2,2
6,4,4,4,2012,3,1,1,2,2,1,1,1,1,1,1,3,1,2,4,5,1,1,,2,2
1,4,4,5,2012,3,1,1,2,2,1,1,1,1,1,1,3,4,2,8,6,1,3,40,2,2
1,4,4,6,2012,3,2,1,2,2,1,1,1,1,1,1,2,1,1,9,6,1,1,38,2,2
3,4,4,6,2012,1,1,1,2,2,1,1,2,1,1,3,3,2,,12,6,1,1,22,2,2
6,4,4,6,2012,4,1,1,2,2,1,4,1,1,1,1,2,1,2,19,6,2,1,25,2,2
1,4,4,7,2012,3,1,1,2,2,1,1,1,1,1,1,2,1,2,14,6,1,1,,2,2
1,4,4,7,2012,2,1,1,2,2,1,1,1,1,1,1,2,1,2,8,6,1,3,37,2,2
3,8,4,2,2012,2,1,1,2,2,1,1,1,1,1,1,1,1,2,9,6,1,1,,2,2
3,8,4,3,2012,2,1,1,2,2,1,1,1,1,1,1,1,1,2,9,6,1,1,,2,2
5,8,3,3,2012,2,1,1,2,2,1,1,1,1,1,1,1,1,2,14,6,1,1,,2,2
3,8,4,6,2012,2,1,1,2,2,1,2,1,1,1,1,1,1,2,9,6,1,1,,2,2
3,8,4,11,2012,3,1,1,2,2,1,1,1,1,1,1,1,1,2,9,6,1,1,,2,2
1,5,3,1,2012,2,1,1,2,2,1,1,1,1,1,1,1,1,1,14,6,1,1,,2,2
4,5,4,1,2012,4,1,1,2,2,4,4,1,2,1,1,4,4,2,1,6,1,6,,2,2
5,5,4,2,2012,2,1,1,2,2,1,1,1,1,1,1,1,1,2,9,6,1,1,,2,2
8,5,4,3,2012,3,1,1,2,2,1,2,1,1,1,1,1,1,2,14,6,1,1,,2,2
1,5,4,3,2012,3,1,1,2,2,1,1,1,1,1,1,2,1,2,14,4,1,1,,2,2
8,5,4,3,2012,2,1,1,2,1,1,1,1,1,1,1,1,1,2,14,6,1,1,,2,2
6,5,1,3,2012,3,1,1,2,2,1,1,1,1,1,1,1,1,2,19,6,1,1,,2,2
8,5,3,3,2012,3,7,8,2,2,1,1,1,1,1,1,2,1,2,7,4,1,7,22,2,2
6,5,4,3,2012,3,1,1,2,2,1,1,1,1,1,1,1,1,2,14,6,1,1,,2,2
1,5,4,4,2012,2,1,1,2,2,1,1,1,1,1,1,1,1,2,9,6,1,1,,2,2
2,5,4,6,2012,4,1,1,2,2,1,4,1,1,1,1,1,1,2,9,6,1,1,,2,2
5,2,4,8,2012,2,1,1,2,2,1,1,1,1,1,1,1,1,2,12,6,1,1,,2,2
2,5,1,10,2012,3,1,1,2,2,4,1,2,1,1,1,2,1,2,11,6,1,1,,2,2
1,3,4,1,2012,3,1,1,2,2,1,1,1,1,1,1,4,1,2,14,6,1,1,,2,2
8,3,4,5,2012,3,1,1,2,2,1,1,1,1,1,1,2,1,2,14,6,1,1,,2,2
4,3,3,10,2012,4,1,1,2,2,1,2,1,1,2,2,3,1,2,19,6,2,2,,1,2
11,3,4,2,2012,1,1,1,2,1,1,1,1,1,1,1,3,1,2,17,6,1,6,,2,2
5,8,3,3,2012,2,1,1,2,2,1,1,1,1,1,1,2,1,1,9,6,1,1,,2,2
3,8,2,3,2012,4,1,1,2,1,1,1,1,1,1,1,1,1,2,19,6,1,1,,2,2
1,8,4,5,2012,1,1,1,2,2,1,4,1,1,1,1,2,1,2,14,5,1,1,25,2,2
1,70,3,12,2012,2,2,1,2,2,1,4,2,1,1,1,5,1,1,12,2,1,2,26,2,2
3,70,4,3,2012,2,7,1,2,2,1,1,1,1,1,1,4,1,2,5,11,2,1,32,2,2
3,70,4,3,2012,3,1,1,2,2,1,1,1,1,1,1,4,1,2,5,6,2,1,1,2,2
16,54,4,1,2012,4,3,1,2,2,4,4,1,1,1,1,2,1,2,5,6,1,7,,2,2
9,56,4,1,2012,3,1,1,2,2,1,1,2,1,1,1,1,1,2,7,4,1,1,,2,2
1,56,4,3,2012,3,7,8,2,2,1,1,1,1,1,1,3,1,1,19,6,2,7,,2,2
5,56,4,2,2012,4,1,1,2,2,1,3,1,1,1,2,4,1,2,17,6,1,1,25,2,2
8,56,4,2,2012,3,3,1,2,2,1,2,1,1,1,1,1,1,2,9,5,1,1,,2,2
3,54,4,3,2012,3,2,1,2,2,1,1,1,1,1,1,2,1,2,10,11,1,1,38,2,2
6,55,4,3,2012,4,1,1,2,2,1,2,1,1,1,1,2,1,1,13,6,1,1,,2,2
3,55,4,4,2012,3,7,1,2,2,1,1,2,1,1,1,2,1,2,14,2,1,7,27,2,2
6,55,4,7,2012,3,1,1,2,1,1,1,1,1,1,1,1,1,2,8,8,1,1,36,2,2
6,55,4,7,2012,3,1,8,2,2,1,1,1,1,1,1,1,1,1,12,11,1,2,,1,2
3,53,4,11,2012,4,7,1,2,2,1,3,1,1,1,1,2,1,2,6,6,1,7,,1,2
6,55,4,9,2012,2,1,8,2,2,1,3,1,1,1,1,1,1,2,4,6,1,7,29,2,2
7,56,4,11,2012,3,7,1,2,2,1,1,1,1,1,1,1,1,2,14,4,1,1,,2,2
3,56,1,11,2012,1,7,1,1,2,1,4,1,1,1,1,1,1,2,9,6,1,1,,2,2
7,56,4,10,2012,3,7,1,2,2,1,1,1,1,1,1,1,1,2,9,5,1,7,,2,2
3,56,4,10,2012,3,2,1,2,2,1,1,1,1,1,1,1,1,2,19,8,1,1,,2,2
7,56,2,7,2012,3,7,1,2,2,1,1,1,1,1,1,1,1,2,9,11,1,1,,2,2
3,53,4,12,2012,3,7,1,2,2,1,1,1,1,1,1,2,1,2,19,6,2,7,,1,2
4,54,4,12,2012,3,1,1,2,2,1,1,1,1,1,1,4,1,2,9,11,1,1,25,2,2
3,54,3,1,2012,3,1,1,2,2,1,1,1,1,1,1,4,1,2,7,11,1,7,35,2,2
1,53,4,1,2012,3,1,1,2,2,1,1,1,1,1,1,2,2,,8,6,1,1,38,2,2
13,54,3,2,2012,1,1,1,2,2,1,1,1,1,1,1,2,1,1,10,5,1,7,20,2,2
6,55,4,6,2012,2,1,1,2,2,1,1,1,1,1,3,5,1,1,5,6,1,7,,2,2
4,55,4,6,2012,4,1,1,2,2,1,1,1,1,1,3,1,2,,13,6,2,7,,2,2
1,69,3,2,2012,3,1,1,2,2,1,1,1,1,1,1,5,1,1,4,6,1,1,22,2,2
3,34,3,2,2012,3,1,4,2,2,1,1,1,1,1,1,1,1,2,12,6,1,1,,2,2
6,34,4,6,2012,2,1,1,2,2,1,1,1,1,1,1,1,1,2,9,4,1,1,,2,2
5,33,4,4,2012,1,1,1,2,2,1,1,1,1,1,1,2,1,2,14,6,1,1,,2,2
4,64,4,6,2012,3,3,4,2,1,2,1,2,2,1,1,5,1,1,14,6,1,1,,1,2
4,64,4,12,2012,2,1,1,2,1,1,1,1,1,1,1,5,1,1,9,5,1,1,,1,2
5,64,4,3,2012,4,1,1,2,2,1,3,1,1,1,1,1,1,1,15,6,1,1,,1,2
5,64,4,10,2012,2,7,1,2,2,1,1,1,1,1,1,1,1,1,14,6,1,1,,1,2
5,64,4,11,2012,1,1,1,2,2,1,3,1,1,1,1,5,1,1,14,6,1,1,24,1,2
11,64,3,9,2012,3,3,1,2,2,1,1,1,1,1,1,5,1,1,5,6,1,1,35,1,2
2,64,2,2,2012,3,1,1,2,2,1,1,1,1,1,1,2,1,1,14,6,1,1,28,1,2
2,64,3,8,2012,4,2,1,2,1,1,3,1,1,1,1,5,1,1,14,5,1,1,,1,2
2,64,4,9,2012,2,3,4,2,1,1,2,1,1,1,1,5,1,1,8,5,1,1,,1,2
14,63,1,1,2012,1,,8,2,1,1,1,1,1,1,1,1,2,,15,6,1,1,,2,2
9,63,1,5,2012,2,1,1,2,2,1,1,1,1,1,1,1,1,2,9,6,1,1,22,2,2
6,63,4,5,2012,3,1,4,2,2,1,1,1,1,1,1,1,1,2,14,6,,,,2,2
7,58,3,7,2012,2,1,1,2,2,1,1,1,1,1,1,1,1,2,13,5,1,1,38,2,2
1,65,4,6,2012,4,1,1,2,2,1,2,1,1,1,1,1,1,1,2,6,1,1,20,2,2
2,65,4,6,2012,2,1,1,2,2,1,2,1,2,1,2,1,1,2,9,6,1,1,,2,2
5,46,4,5,2012,2,1,1,2,1,1,1,1,1,1,1,1,1,1,11,11,1,7,,2,2
1,47,4,5,2012,2,1,1,1,1,1,1,1,1,1,1,1,1,2,19,5,1,7,34,2,2
2,47,4,5,2012,1,7,1,1,2,1,1,1,1,1,1,1,1,2,9,3,1,1,,2,2
1,38,4,5,2012,3,7,1,2,2,1,1,1,1,1,1,1,1,2,9,6,1,6,39,2,2
4,47,4,7,2012,3,1,1,2,2,1,1,1,1,1,1,1,2,1,9,,2,2,,2,2
9,47,4,7,2012,4,1,1,2,2,2,4,1,2,1,1,2,2,1,10,11,1,7,40,2,2
9,47,4,7,2012,2,1,8,2,2,1,1,1,1,1,1,,,1,9,5,1,1,,2,2
12,47,4,7,2012,2,7,1,2,2,1,1,1,1,1,1,1,1,1,9,5,1,7,,2,2
7,47,4,7,2012,3,7,8,2,2,1,1,2,1,2,1,4,1,2,5,11,2,7,40,2,1
6,38,4,5,2012,4,1,1,2,2,1,1,1,1,1,1,1,1,1,9,6,1,7,,2,2
6,40,4,4,2012,3,1,1,2,1,1,1,1,1,1,1,1,1,2,3,5,1,2,,2,2
4,47,4,6,2012,1,1,1,2,2,1,1,1,2,1,1,1,1,2,13,5,1,2,25,2,2
4,47,4,6,2012,3,1,1,2,2,2,2,2,2,1,1,2,2,,7,5,2,1,45,1,1
4,35,4,12,2012,3,1,1,2,2,1,1,1,1,1,1,1,1,2,9,6,1,7,,2,2
2,43,4,10,2012,2,1,1,1,1,1,2,1,1,1,1,1,1,2,7,6,1,1,,2,2
2,43,4,8,2012,3,1,1,2,2,1,1,1,1,1,1,1,1,2,8,11,2,7,,2,2
2,43,4,11,2012,1,1,1,2,1,2,1,1,1,1,1,1,1,2,14,6,1,1,,2,2
1,48,3,12,2012,2,1,1,2,2,4,2,1,1,1,1,1,1,2,14,11,2,7,,2,2
2,35,4,11,2012,4,1,1,2,2,1,2,1,1,1,1,1,1,2,9,5,1,5,45,2,2
9,47,4,9,2012,3,1,1,1,2,1,1,1,1,1,1,1,1,2,14,11,1,7,,2,2
2,47,4,11,2012,2,1,1,2,2,1,1,2,1,1,1,1,1,2,14,5,1,1,,2,2
9,47,4,11,2012,1,1,1,2,2,1,1,1,1,1,1,1,1,2,14,5,1,7,20,2,2
3,45,4,10,2012,3,1,1,2,2,1,1,1,1,1,1,1,1,2,9,6,1,7,,1,2
6,45,4,10,2012,3,1,1,2,2,1,1,1,1,1,1,1,1,2,9,6,1,7,,1,2
1,45,4,10,2012,2,1,1,2,1,1,1,1,1,1,1,2,1,2,4,6,1,7,,1,2
1,39,3,9,2012,2,1,8,2,1,2,1,2,1,1,1,1,1,2,14,1,1,1,,1,2
1,38,4,10,2012,3,1,1,2,2,2,1,2,1,1,2,1,1,2,14,2,1,7,,1,2
3,40,4,8,2012,2,1,1,2,2,2,2,2,2,1,1,1,1,2,9,3,2,7,45,2,2
1,40,4,9,2012,4,1,1,2,2,1,4,1,1,1,1,1,1,2,9,3,2,7,,2,2
1,40,4,10,2012,2,1,1,2,2,1,2,2,1,1,1,1,1,2,7,11,2,7,,2,2
5,40,4,12,2012,2,1,1,2,2,4,2,1,1,1,1,3,1,2,8,6,1,1,,2,2
1,50,4,12,2012,1,2,1,2,2,1,3,2,1,1,1,3,1,2,6,4,1,1,34,1,1
12,50,4,6,2012,3,7,1,2,2,1,1,1,1,1,1,1,1,2,9,6,1,7,,2,2
2,50,4,1,2012,3,1,1,2,2,2,1,1,2,1,1,1,1,2,14,11,2,7,40,2,2
5,50,3,6,2012,2,7,1,1,2,1,1,1,1,1,1,1,1,2,6,11,2,7,,2,2
9,47,4,4,2012,2,1,1,2,2,1,1,1,1,1,1,1,1,,7,5,1,1,29,2,2
12,47,3,4,2012,4,7,1,1,2,1,1,1,1,1,1,1,1,2,14,6,2,1,38,2,2
1,51,4,1,2012,2,1,1,2,2,1,1,1,1,1,2,1,2,,9,5,1,1,,2,2
3,40,4,2,2012,,1,1,2,1,1,1,1,1,1,1,1,1,,9,11,1,1,,2,2
2,40,3,1,2012,4,1,1,1,2,1,4,1,1,1,1,3,1,2,17,6,2,2,25,2,2
12,47,4,2,2012,2,1,1,2,2,1,4,1,1,1,1,5,1,2,,5,2,1,,2,2
12,47,4,2,2012,3,1,1,1,2,1,1,1,1,1,1,1,1,1,9,5,2,6,,2,2
1,45,4,2,2012,3,1,1,1,2,1,1,1,1,1,1,1,1,1,9,6,1,7,35,1,2
1,40,2,1,2012,2,4,8,2,1,1,1,1,1,1,1,1,1,2,9,5,1,1,27,1,1
9,47,4,2,2012,2,1,1,1,2,1,1,1,1,1,1,2,1,2,14,5,1,1,,2,2
12,47,1,3,2012,2,7,1,2,2,1,1,1,1,1,1,1,1,2,14,5,1,2,49,2,2
2,35,4,3,2012,2,1,1,2,2,1,1,1,1,1,1,1,1,1,12,6,2,,,2,2
4,35,3,4,2012,3,1,1,1,2,1,1,1,1,1,1,1,1,1,9,6,1,7,28,2,2
9,47,4,4,2012,2,1,1,2,2,2,1,1,2,1,1,1,1,1,7,5,1,1,29,2,2
2,47,4,4,2012,4,1,1,2,2,2,2,1,2,1,1,1,1,1,10,6,1,7,45,2,2
12,47,3,4,2012,4,7,1,2,2,1,1,1,1,1,1,1,1,1,14,6,1,1,38,2,2
1,51,4,1,2012,2,1,1,1,2,1,1,1,1,1,1,1,1,2,9,5,1,1,,2,2
1,51,4,2,2012,3,3,1,2,2,1,1,1,1,1,1,4,1,2,4,6,1,,,1,2
6,51,4,2,2012,2,2,1,2,2,1,4,1,1,1,1,1,1,,4,6,1,7,45,2,2
28,42,2,2,2012,2,2,4,1,1,1,2,1,1,1,1,2,1,1,5,6,1,1,33,2,2
34,42,2,2,2012,3,1,4,1,1,1,1,1,1,1,1,1,1,1,10,6,1,1,38,2,2
15,42,4,1,2012,3,3,4,2,2,1,1,4,1,1,1,5,1,1,12,6,1,1,35,2,2
33,42,4,2,2012,1,1,1,1,1,1,2,1,1,1,1,1,1,1,14,6,1,1,45,2,2
32,42,2,4,2012,2,3,4,1,1,1,1,1,1,1,1,5,1,1,9,6,1,1,32,2,2
10,42,3,3,2012,4,1,1,2,2,1,2,1,1,1,1,5,1,1,13,6,1,1,36,2,2
1,42,2,2,2012,3,3,4,1,1,1,1,1,1,1,1,5,1,1,9,6,1,1,28,2,2
9,42,2,1,2012,3,1,4,1,1,1,1,1,1,1,1,5,1,1,9,6,1,1,25,1,2
9,42,2,2,2012,3,2,4,1,1,1,1,1,1,1,1,5,1,1,8,6,1,1,28,2,2
9,42,2,4,2012,3,3,4,1,1,1,1,1,1,1,1,5,1,1,14,6,1,1,30,2,2
9,42,2,5,2012,4,1,1,1,1,1,3,1,1,1,1,5,1,1,14,6,1,1,26,2,2
9,42,2,6,2012,4,1,1,1,1,1,3,1,1,1,1,5,1,1,10,6,1,1,43,2,2
22,42,4,4,2012,2,1,1,1,1,1,2,1,1,1,1,1,1,1,9,6,1,1,42,2,2
14,42,1,2,2012,1,1,3,1,1,1,1,1,1,1,1,1,1,1,14,6,1,1,42,2,2
14,42,2,4,2012,2,1,1,1,1,1,1,1,1,1,1,1,1,1,8,6,1,1,35,2,2
9,42,2,7,2012,4,3,4,1,1,1,2,1,1,1,1,5,1,1,12,6,1,1,22,2,2
9,42,4,8,2012,3,1,1,1,1,1,1,1,1,1,1,5,1,1,9,6,1,1,40,2,2
9,42,4,8,2012,2,3,4,1,1,1,1,1,1,1,1,5,1,1,9,6,1,1,38,2,2
33,42,4,6,2012,1,3,4,1,1,1,2,1,1,1,3,5,1,1,14,6,1,1,42,2,2
1,42,3,6,2012,4,3,1,1,1,1,3,1,1,1,1,5,1,1,10,6,1,1,21,2,2
18,42,3,8,2012,3,1,8,2,2,1,1,1,1,1,1,2,1,1,6,6,1,7,32,1,2
8,42,4,6,2012,3,1,4,1,1,1,2,1,1,1,1,5,1,1,8,6,1,1,38,2,2
8,42,2,7,2012,3,7,8,2,2,1,1,3,1,1,1,5,1,1,12,6,1,1,32,2,2
14,42,3,6,2012,1,1,1,1,1,1,2,1,1,1,1,1,1,1,13,6,1,1,30,2,2
14,42,2,6,2012,4,2,4,1,1,1,3,1,1,1,1,1,1,1,14,6,1,1,35,2,2
14,42,4,6,2012,4,5,4,1,1,1,3,1,1,1,1,1,1,1,13,6,1,1,40,2,2
14,42,3,7,2012,3,1,1,1,1,1,1,1,1,1,1,1,1,1,9,6,1,1,40,2,2
19,42,4,6,2012,4,1,1,2,2,1,3,1,1,1,1,5,1,1,13,6,1,1,27,2,2
34,42,1,9,2012,4,7,4,1,1,1,3,1,1,1,1,1,1,1,10,7,1,1,32,2,2
16,42,1,3,2012,4,1,1,1,1,1,3,1,1,1,1,1,1,1,10,10,1,1,33,2,2
16,42,4,6,2012,1,3,4,2,1,1,3,1,1,1,1,1,1,1,2,4,1,1,29,2,2
16,42,4,5,2012,3,1,1,1,1,1,1,1,1,1,1,1,1,1,4,4,1,1,35,1,2
18,42,4,9,2012,3,7,8,2,1,1,1,1,1,1,1,1,,1,2,6,1,7,40,2,2
18,42,3,10,2012,3,7,8,2,2,1,1,1,1,1,1,5,1,1,1,6,1,1,15,1,2
8,42,3,10,2012,4,1,4,1,2,1,1,1,1,1,1,5,1,1,10,1,1,1,35,2,2
15,42,4,10,2012,3,4,4,2,2,1,1,1,1,1,1,5,1,1,9,5,1,1,35,1,2
37,42,2,3,2012,2,3,5,1,1,1,1,1,1,1,1,5,1,1,11,6,1,1,,1,2
37,42,1,5,2012,2,2,1,,,1,2,1,1,1,1,5,1,1,6,6,1,1,31,1,2
37,42,3,4,2012,3,3,6,1,1,1,1,1,1,1,1,5,1,1,4,6,1,1,26,1,1
37,42,1,7,2012,4,2,4,2,2,1,3,1,1,1,1,1,1,1,7,1,1,1,30,1,2
37,42,2,7,2012,3,1,4,2,1,1,1,1,1,1,1,5,1,1,7,6,1,1,30,2,2
37,42,2,5,2012,4,1,8,1,2,2,3,1,2,1,1,5,1,1,12,6,1,1,35,2,2
42,42,3,11,2012,4,7,4,1,1,1,3,2,1,1,1,1,2,1,10,6,1,1,32,2,2
37,42,4,11,2012,1,2,1,2,1,1,3,1,1,1,1,1,1,1,7,4,1,1,45,2,2
49,42,3,9,2012,2,7,8,1,2,1,1,1,1,1,1,5,1,1,2,6,1,1,28,1,2
6,42,4,8,2012,2,1,1,1,2,1,3,1,1,1,1,1,1,1,9,6,1,1,25,2,2
44,42,1,11,2012,3,5,1,2,1,1,1,1,1,1,1,1,1,1,8,6,1,1,32,2,2
37,42,4,12,2012,2,2,1,1,1,1,1,1,1,1,1,1,1,1,9,6,1,7,30,2,2
46,42,3,5,2012,3,7,8,2,2,1,1,2,1,1,1,5,1,2,14,10,1,1,35,2,2
3,42,4,11,2012,4,3,1,1,2,1,4,3,1,1,1,1,1,1,8,4,1,1,27,2,2
8,42,3,12,2012,2,1,8,2,1,1,1,1,1,1,1,5,1,1,2,6,1,1,28,2,2