Thana,District,Accident_Severity,Month,Year,Time,Junction_Type,Traffic_Control,Movement,Divider,Weather,Light,Road_Geometry,Surface_Condition,Surface_Type,Surface_Quality,Road_Class,Road_Feature,Location_Type,Vehicle_Type,Vehicle_Movement,Vehicle_Loading,Vehicle_Defect,Vehicle_Driver_Age,Vehicle_Alcohol,Vehicle_Seat_Belt
34,42,2,12,2012,4,7,1,1,2,1,3,1,1,1,1,1,1,1,10,6,1,1,28,2,1
2,42,2,9,2012,2,1,2,1,1,1,1,1,1,1,1,5,1,1,9,6,1,1,30,1,2
28,42,4,12,2012,4,4,4,2,1,1,3,1,1,1,1,1,1,1,6,6,1,1,25,2,2
25,42,4,12,2012,2,3,1,2,2,1,1,2,1,1,1,3,1,1,9,2,1,1,27,2,2
19,42,4,8,2012,4,1,1,2,2,1,2,3,1,1,1,2,2,2,19,6,1,1,32,2,2
33,42,3,1,2012,2,1,1,2,2,1,1,1,1,1,1,1,1,1,9,6,1,1,42,2,2
8,26,4,3,2012,2,4,1,2,2,1,2,2,1,1,3,4,1,2,8,1,1,3,42,1,2
60,,1,,2006,1,,,,,,1,2,,,1,,,,,,,,,,
4,21,3,1,2012,3,3,1,2,2,1,1,1,1,1,1,3,1,2,4,6,1,1,52,1,2
5,29,4,5,2012,,1,1,1,2,2,1,1,2,1,1,1,1,2,14,5,2,7,,1,2
1,22,4,11,2012,3,7,1,2,2,1,1,1,1,1,1,1,1,1,9,6,1,1,,1,2
2,20,4,1,2012,3,1,8,2,2,1,1,1,1,1,1,3,1,2,4,5,1,7,30,1,2
5,24,3,8,2012,2,1,1,2,2,1,1,1,1,1,1,1,1,2,9,6,2,7,,1,2
7,18,4,4,2012,2,1,8,2,2,1,1,1,1,1,2,1,1,2,9,6,1,7,,1,2
5,18,4,3,2012,2,3,1,1,2,1,1,1,1,3,1,3,1,2,17,4,1,1,30,2,2
8,13,4,5,2012,2,1,1,2,2,1,1,2,1,1,1,1,1,2,14,2,1,1,40,2,2
10,17,4,10,2012,3,7,1,2,1,1,1,2,1,1,1,1,1,2,9,5,1,1,30,2,2
5,11,3,10,2012,2,3,1,2,2,1,1,1,1,1,1,5,1,2,4,6,1,1,,2,2
4,15,4,7,2012,1,1,1,2,2,1,2,1,1,1,1,1,1,2,14,6,1,1,50,2,2
3,15,4,10,2012,2,1,1,2,2,1,1,1,1,1,1,1,1,2,14,6,1,1,,2,2
3,15,4,10,2012,3,1,1,1,2,1,1,1,1,1,1,1,1,2,14,6,1,1,,2,2
3,15,3,11,2012,3,1,1,2,2,1,1,1,2,1,1,1,1,2,9,6,1,1,,2,2
4,15,4,3,2012,1,1,1,2,2,1,4,1,1,1,1,1,1,2,9,6,1,1,44,2,2
4,15,4,8,2012,1,1,1,1,2,1,4,1,1,1,1,1,1,2,14,5,1,1,,2,1
1,15,4,3,2012,4,1,1,2,2,1,2,1,1,1,1,1,1,2,9,6,1,1,35,1,2
1,15,4,12,2012,2,1,1,2,2,1,1,2,1,1,1,1,1,2,9,5,1,1,,2,2
1,15,1,12,2012,2,1,1,2,2,1,1,1,1,1,1,1,1,2,9,6,1,1,,2,2
1,9,4,5,2012,3,1,1,2,2,1,1,1,1,1,1,1,1,2,12,6,1,1,50,2,2
11,9,2,2,2012,1,1,1,2,2,1,4,1,1,1,1,1,1,2,14,6,1,1,,2,2
10,9,4,6,2012,1,7,1,2,2,1,2,1,1,1,1,1,1,2,14,6,1,1,,2,2
10,9,4,6,2012,1,1,1,1,2,1,2,1,1,1,1,1,2,2,9,6,1,1,31,2,2
10,9,4,7,2012,3,7,1,2,2,1,1,1,1,1,1,1,1,2,9,6,1,1,,2,2
7,9,2,7,2012,2,7,1,2,2,1,1,1,1,1,1,1,1,2,14,6,1,1,,2,2
4,9,4,7,2012,3,1,1,1,2,1,1,1,1,1,1,1,1,2,9,6,1,1,,2,2
2,9,4,8,2012,3,1,1,2,2,1,1,1,1,1,1,1,2,,13,6,1,7,35,2,2
4,9,4,9,2012,3,4,1,1,2,1,1,1,1,1,1,1,1,2,8,6,1,1,,2,2
10,9,4,9,2012,1,1,1,2,2,1,2,1,1,1,1,1,1,2,9,6,1,7,42,2,2
12,9,2,9,2012,3,1,1,2,2,1,1,1,1,1,1,1,1,1,11,2,1,1,27,2,2
11,9,4,3,2012,2,1,1,2,2,1,1,1,1,1,1,1,1,1,9,11,1,1,32,2,2
6,13,4,9,2012,2,1,1,2,2,1,2,1,1,1,1,1,1,2,9,6,1,1,30,2,2
5,13,4,12,2012,2,1,7,2,2,1,2,2,1,1,1,1,1,2,4,2,1,2,,2,2
10,16,3,2,2012,3,1,1,2,2,1,1,1,1,1,1,1,1,2,13,5,1,1,,2,2
11,16,4,2,2012,2,1,1,2,2,1,1,1,1,1,1,1,1,2,13,11,1,1,,2,2
10,16,4,3,2012,3,3,1,2,2,1,1,1,1,1,1,1,1,2,14,1,1,1,38,1,2
7,16,3,4,2012,2,1,2,2,1,1,2,1,1,1,1,4,1,2,,6,1,1,,,
2,16,4,4,2012,3,1,1,2,2,1,1,1,1,1,1,2,1,2,8,,1,1,,,
10,16,4,6,2012,3,1,3,2,2,1,1,1,1,1,1,1,1,2,4,6,1,1,28,2,1
11,16,1,7,2012,1,1,1,2,2,1,1,1,1,1,1,1,1,2,14,6,1,1,,1,1
11,16,4,7,2012,2,1,1,2,2,1,1,1,1,1,1,1,1,2,9,6,1,1,,2,2
10,16,4,10,2012,1,2,8,2,2,1,4,1,1,1,1,4,1,2,,,,,,,
7,16,4,5,2012,4,3,1,2,2,1,1,4,1,1,1,2,1,2,14,6,,,45,2,2
10,16,4,7,2012,2,1,1,2,2,1,1,1,1,1,1,1,1,1,1,6,1,1,,1,2
1,14,4,1,2012,3,3,6,2,1,1,1,1,1,1,1,5,1,1,14,1,1,1,,2,2
4,2,4,3,2012,2,1,1,2,2,1,1,1,1,1,1,3,1,2,9,6,1,1,,1,2
9,7,3,2,2012,2,1,1,2,2,1,1,1,1,1,2,4,4,2,19,5,2,6,30,2,2
1,7,3,11,2012,3,5,1,2,2,1,1,2,1,1,1,1,1,1,9,1,1,1,35,2,2
3,8,4,1,2012,2,1,1,2,2,1,1,1,1,1,1,1,1,2,9,6,1,1,,2,2
5,8,4,3,2012,4,1,1,2,2,1,4,1,1,1,1,1,1,2,9,6,1,1,,2,2
4,8,3,5,2012,3,1,1,2,2,2,1,1,2,1,1,1,1,2,8,6,1,1,,2,2
3,8,4,5,2012,2,1,1,2,2,1,2,1,1,1,1,1,1,2,9,6,1,1,,2,2
3,8,4,5,2012,2,1,1,2,2,1,1,1,1,1,1,1,1,2,9,6,1,1,,2,2
3,8,3,7,2012,2,1,1,2,2,1,1,1,1,1,1,1,1,2,14,6,1,1,,2,2
3,8,3,8,2012,3,1,1,2,2,1,1,1,1,1,1,1,1,2,9,6,1,1,,1,1
3,8,3,11,2012,1,1,1,2,2,1,4,1,1,1,1,1,1,2,9,6,1,1,,2,2
5,5,1,6,2012,3,1,1,2,2,1,1,1,1,1,1,1,1,2,14,6,1,1,,2,2
6,5,4,6,2012,2,1,1,2,2,1,2,1,1,1,1,1,1,2,9,5,1,1,,2,2
1,5,4,6,2012,3,1,1,2,2,1,1,1,1,1,1,1,1,2,14,6,1,1,,2,2
6,5,4,11,2012,2,1,1,2,2,1,1,1,1,1,1,1,1,2,13,6,1,1,,2,2
4,3,4,1,2012,2,1,1,2,2,1,1,2,1,1,1,1,1,2,8,6,1,1,,2,2
1,3,4,7,2012,2,1,1,2,2,1,2,1,1,1,1,1,1,2,9,6,1,1,,2,2
6,70,3,6,2012,4,3,3,2,2,1,4,1,1,1,1,1,1,2,,,,,,,
6,70,4,7,2012,3,1,3,2,2,1,1,1,1,1,1,1,1,1,9,7,1,1,30,1,2
6,70,4,8,2012,3,3,3,2,2,2,1,1,2,1,1,5,1,2,13,5,1,1,35,2,2
6,70,4,3,2012,1,7,1,2,2,1,2,1,1,1,1,1,1,1,14,2,1,1,50,2,2
6,70,4,8,2012,4,1,3,2,2,1,1,1,1,1,1,1,1,1,5,6,2,1,40,2,2
5,70,4,2,2012,3,7,1,2,2,1,1,1,1,1,1,1,1,1,4,4,1,7,30,2,2
5,56,4,1,2012,1,1,1,2,2,4,4,1,2,1,1,1,1,2,9,4,1,1,33,2,2
8,56,4,1,2012,4,1,2,2,2,1,4,1,1,1,1,1,1,2,9,4,1,1,30,2,2
5,56,1,3,2012,3,1,2,2,2,1,1,1,1,1,1,2,1,1,6,6,1,1,40,2,2
7,56,4,4,2012,1,1,1,2,2,1,2,1,1,1,1,1,1,2,14,5,2,7,30,1,2
6,53,4,4,2012,2,1,1,1,2,1,1,1,1,1,1,1,1,2,13,5,1,7,25,2,2
5,54,4,1,2012,3,7,2,2,2,1,1,1,1,1,1,2,1,2,14,6,1,1,55,2,2
1,55,4,2,2012,3,1,1,2,2,1,1,1,1,1,1,5,1,2,9,6,1,1,,2,2
5,55,4,4,2012,2,1,1,2,2,1,2,2,1,1,1,1,1,2,12,6,1,1,32,2,2
6,55,4,6,2012,3,1,1,2,2,1,1,1,1,1,1,1,5,2,14,5,1,1,,2,2
5,55,1,6,2012,4,4,8,2,2,2,4,1,2,1,1,1,1,2,5,2,1,7,40,2,2
2,55,4,6,2012,2,1,1,2,2,1,1,1,2,1,1,4,1,1,12,4,1,1,,2,2
7,56,4,5,2012,1,1,1,2,2,1,2,1,1,1,1,1,1,2,12,5,2,7,35,1,2
3,53,4,10,2012,4,7,1,2,1,2,1,1,1,1,1,1,1,2,19,11,2,7,,,
3,53,4,11,2012,1,1,8,2,2,1,2,1,1,1,1,1,1,2,13,5,2,7,,2,2
1,55,4,8,2012,3,7,1,2,2,1,1,1,1,1,1,1,1,2,9,6,1,1,,2,2
6,55,4,8,2012,2,7,8,2,2,1,1,1,1,1,1,4,1,2,8,6,1,7,40,2,2
3,54,4,12,2012,4,1,8,1,2,1,4,1,1,1,1,2,1,2,14,11,1,7,25,2,2
6,54,4,5,2012,3,1,1,2,2,1,1,1,1,1,1,4,1,2,12,6,1,7,,2,2
7,54,4,11,2012,4,1,1,2,2,1,2,1,1,1,1,1,1,2,5,6,1,1,,2,2
5,56,4,12,2012,4,1,1,2,2,4,3,1,1,1,1,1,1,1,9,5,1,1,32,2,2
4,54,3,6,2012,3,7,1,2,2,1,1,1,1,1,1,4,1,1,5,6,1,1,,2,2
7,54,4,9,2012,3,1,1,2,2,1,4,1,1,1,1,2,1,2,8,6,1,1,40,2,2
2,54,4,2,2012,3,1,1,2,2,1,1,1,1,1,1,2,1,2,14,4,2,1,,2,2
9,54,4,3,2012,3,7,1,2,2,1,1,1,1,1,1,1,1,2,8,5,1,1,,2,2
3,56,1,12,2012,2,1,1,2,2,1,1,2,1,1,1,1,1,2,9,2,1,1,60,2,2
13,54,4,6,2012,1,7,1,2,2,1,2,1,1,1,1,1,1,2,13,6,1,7,50,2,2
8,54,4,1,2012,4,7,1,2,2,1,4,1,1,1,1,1,1,2,14,2,1,7,40,2,2
9,54,4,12,2012,3,7,1,2,2,1,2,1,1,1,1,1,1,2,14,6,1,7,45,2,2
1,55,3,6,2012,2,1,5,2,2,1,1,1,1,1,1,1,1,2,8,5,1,3,30,2,2
2,53,4,6,2012,4,1,1,2,2,1,4,1,1,1,2,2,1,2,6,6,1,1,19,2,2
1,1,4,9,2012,4,1,1,2,2,2,2,1,2,1,1,1,1,2,4,6,1,1,45,2,2
3,8,3,2,2012,1,1,1,2,2,1,1,1,1,1,1,1,1,2,14,10,1,1,,2,2
8,5,4,6,2012,2,1,2,2,2,1,2,1,1,1,1,1,1,2,14,10,1,1,,2,2
5,5,1,12,2012,2,1,1,2,2,4,1,1,1,1,1,1,1,2,9,6,1,1,,2,2
3,70,4,3,2012,4,7,8,2,2,1,1,1,1,1,1,1,1,2,13,11,1,7,38,2,2
3,70,4,7,2012,4,7,2,1,1,1,3,1,1,1,1,5,1,1,12,2,1,1,30,2,2
3,70,4,3,2012,4,7,1,2,2,1,4,1,1,1,1,4,1,2,9,11,1,7,35,2,2
6,70,4,10,2012,1,7,1,2,2,2,2,2,2,1,3,1,1,2,7,6,1,1,35,2,2
5,54,4,2,2012,3,7,1,2,2,1,1,1,1,1,1,2,1,2,13,6,1,1,,2,2
7,56,4,5,2012,3,1,1,2,2,1,4,1,1,1,1,1,1,2,14,2,1,1,40,2,2
7,56,4,6,2012,1,7,1,2,2,1,4,1,1,1,1,1,1,2,14,6,1,1,25,2,2
7,56,3,8,2012,4,7,1,2,2,1,1,1,1,1,1,1,1,2,19,5,2,7,,1,2
5,55,4,8,2012,3,7,1,2,2,1,1,1,1,1,1,2,1,2,7,6,1,5,,1,2
6,56,3,6,2012,4,1,1,2,2,1,2,1,1,1,1,2,1,2,12,6,2,7,20,2,2
3,56,4,12,2012,1,2,1,2,2,1,4,1,1,1,1,1,1,2,,,,,,,
3,56,4,8,2012,4,1,1,2,2,1,4,1,1,1,1,1,1,2,12,6,,7,22,2,2
6,16,4,5,2012,1,1,1,2,2,1,4,1,1,1,1,1,1,2,9,6,1,1,,2,2
3,9,4,3,2012,3,1,1,2,2,1,1,1,1,1,1,2,1,2,5,6,1,1,26,2,2
4,69,1,4,2012,3,1,1,2,2,1,1,1,1,1,1,1,1,2,16,11,1,7,,2,2
14,63,4,3,2012,4,1,1,2,2,1,2,1,1,1,1,1,1,2,14,6,1,1,,2,2
10,63,4,5,2012,4,1,1,2,2,1,2,1,1,1,1,1,1,2,11,6,1,1,,2,2
9,63,4,4,2012,4,7,1,1,2,1,4,1,1,1,1,1,1,2,11,5,,,,,
4,57,4,3,2012,4,,1,2,2,1,1,1,1,1,1,1,,,13,6,,,32,2,2
9,57,4,5,2012,3,,1,2,2,1,1,1,1,1,1,1,,2,9,6,,,,2,2
6,58,4,2,2012,4,2,2,2,2,1,1,1,1,1,1,1,1,2,9,2,,7,38,,
6,58,4,6,2012,4,2,2,2,2,1,2,1,1,1,1,1,1,2,9,2,,7,37,,
1,57,4,2,2012,3,7,8,2,,1,1,4,1,1,1,1,1,2,14,6,1,1,,1,2
3,57,3,7,2012,3,,1,2,,2,4,1,2,1,1,1,1,2,14,6,,,,2,2
10,58,4,5,2012,2,1,1,2,2,1,1,1,1,1,2,4,1,2,5,,1,1,27,2,2
7,58,4,6,2012,2,1,1,2,,2,1,1,2,1,1,1,1,2,9,6,1,7,,2,2
8,58,4,1,2012,2,7,8,2,2,1,1,2,5,1,1,1,1,2,9,,,,,,
2,65,4,6,2012,4,1,8,2,2,1,1,2,5,,2,,1,2,9,2,,,,2,2
5,65,4,6,2012,3,3,1,1,,2,1,1,2,1,1,1,1,2,9,,1,7,45,2,2
4,67,3,2,2012,2,7,1,2,2,1,1,2,1,1,1,2,1,2,9,2,1,1,40,2,2
2,62,3,7,2012,3,7,1,1,1,1,1,1,2,1,3,4,1,2,6,1,1,2,45,2,2
2,60,4,6,2012,3,7,1,2,2,1,1,4,1,1,1,4,1,2,10,1,,1,38,,
5,67,4,7,2012,2,,,2,2,2,1,2,1,1,1,2,1,2,14,2,,1,45,,
4,67,3,8,2012,2,7,8,1,2,1,1,2,1,1,1,2,4,2,8,11,1,7,,2,2
1,57,3,11,2012,4,7,1,2,2,1,4,1,1,1,1,1,1,2,14,6,,7,30,2,2
7,58,4,7,2012,2,2,1,2,2,1,1,1,1,1,1,1,1,2,9,5,,7,35,2,2
2,58,4,7,2012,1,2,,2,2,1,1,1,1,1,1,,,2,,11,,1,,,
2,58,4,8,2012,2,2,,2,2,1,1,1,1,1,1,1,,,16,11,,1,,,
2,65,3,12,2012,2,1,1,2,2,1,1,1,1,1,1,1,1,2,7,6,1,1,,2,2
2,65,4,8,2012,1,1,1,2,1,1,2,1,1,1,1,2,1,2,7,2,2,1,,2,2
1,47,4,5,2012,3,1,1,2,1,1,1,1,1,1,1,1,1,1,9,5,1,7,,2,2
1,47,4,7,2012,1,1,1,2,2,1,4,1,1,1,1,1,1,1,9,6,1,7,35,1,2
12,47,4,6,2012,1,7,2,1,1,1,2,1,1,2,1,1,1,2,16,5,2,7,25,1,2
5,47,4,8,2012,1,1,1,2,1,1,1,2,1,1,1,2,1,2,14,6,1,7,40,2,2
1,47,4,8,2012,3,1,1,2,2,1,2,1,1,2,1,2,1,2,9,5,1,7,,2,2
4,37,4,8,2012,3,1,1,2,1,2,1,1,1,1,2,1,1,1,7,7,1,2,28,2,2
7,47,4,12,2012,2,1,1,2,2,4,2,1,1,1,1,1,1,2,8,11,2,7,,2,2
5,49,4,2,2012,3,7,8,2,2,1,1,1,1,1,1,3,1,2,9,6,1,4,38,2,2
4,49,3,3,2012,3,1,1,2,2,1,1,1,1,1,1,2,1,2,17,5,2,7,,2,2
1,47,4,3,2012,1,1,1,2,2,1,1,1,1,1,1,1,1,2,9,6,1,7,35,2,2
46,42,4,5,2012,3,1,1,2,2,1,1,2,1,1,1,5,1,2,14,6,1,1,40,1,2
7,17,3,5,2012,3,1,4,2,,1,1,1,1,1,1,1,1,2,14,4,1,1,,1,2
3,15,4,7,2012,3,1,1,2,2,1,1,1,1,1,1,1,1,2,11,6,1,1,,2,2
4,69,4,2,2013,3,1,1,2,2,1,1,1,1,1,1,1,1,1,9,6,1,1,,2,2
4,69,4,4,2013,3,2,1,2,2,1,1,1,1,1,1,1,4,1,6,6,1,1,,2,2
4,69,3,5,2013,2,1,1,2,2,1,1,1,1,1,1,1,1,1,9,5,1,1,30,2,2
3,34,4,4,2013,2,1,1,2,2,1,1,1,1,1,1,1,1,2,9,6,1,1,,2,2
3,33,3,4,2013,1,1,1,1,2,1,1,1,1,1,1,3,1,2,19,6,1,1,,2,2
3,30,4,3,2013,2,1,1,2,2,1,4,1,1,1,1,3,1,2,19,6,1,1,30,2,2
4,32,3,4,2013,1,1,1,2,1,1,1,1,1,1,1,1,1,,14,6,1,1,,2,2
10,34,4,5,2013,2,1,1,2,2,1,4,1,2,1,1,3,1,2,9,5,1,1,,2,2
1,30,4,5,2013,2,1,1,2,1,4,1,2,1,1,1,1,2,,9,6,1,1,,2,2
5,33,4,5,2013,2,7,1,2,2,2,1,1,2,1,2,3,1,2,6,6,1,1,,2,2
7,30,4,6,2013,1,1,1,2,2,1,2,1,1,1,1,1,1,2,13,6,1,1,28,2,2
3,30,1,6,2013,2,1,1,2,2,1,4,2,1,1,1,3,1,2,8,2,1,1,30,2,2
6,34,4,7,2013,2,2,1,2,2,1,1,1,2,1,1,1,2,,13,6,1,1,,2,2
1,32,3,9,2013,1,7,8,2,2,1,1,1,1,1,1,1,3,2,14,5,1,1,,2,2
1,31,3,9,2013,3,3,1,2,2,1,1,1,1,1,1,2,1,1,4,2,1,1,20,2,2
1,33,4,8,2013,1,3,1,2,2,1,1,1,1,1,1,2,1,1,1,6,1,1,,2,2
6,34,4,9,2013,3,1,1,1,2,1,1,1,1,1,1,1,1,2,12,6,1,7,,2,2
6,34,3,9,2013,1,1,1,2,2,1,1,2,2,1,1,1,1,2,14,6,1,1,,2,2
4,30,3,7,2013,2,1,1,2,2,1,1,1,1,1,1,3,2,,1,2,1,1,,2,2
2,30,3,9,2013,3,1,8,2,2,1,1,1,1,1,1,4,1,2,4,6,1,7,20,2,2
10,34,4,11,2013,4,4,1,2,2,1,1,2,1,1,1,2,1,2,19,1,1,1,22,2,2
6,34,4,11,2013,3,1,1,2,2,1,1,1,1,1,1,1,1,2,4,6,1,1,,2,2
2,30,4,12,2013,2,7,1,2,2,1,2,1,1,1,1,4,1,2,19,11,2,7,30,2,2
2,27,4,6,2013,3,1,1,2,2,1,1,1,1,1,1,4,1,2,9,5,1,1,,2,2
5,27,4,4,2013,4,3,1,2,2,1,1,1,1,1,1,2,,,19,6,1,3,35,2,2
5,27,4,8,2013,3,7,1,2,2,1,1,1,1,1,1,3,1,1,14,6,1,7,30,2,2
3,27,4,3,2013,3,2,1,2,2,1,1,1,1,1,1,3,1,2,17,5,2,6,,2,2
6,34,4,6,2013,2,1,1,2,2,1,1,1,1,1,1,1,1,2,9,6,1,1,,1,1
13,64,4,7,2013,2,3,1,2,2,1,1,1,1,1,1,5,1,1,9,6,1,1,30,1,2
13,64,4,9,2013,4,1,1,1,1,1,2,1,1,1,1,5,1,1,16,6,1,1,35,1,2
5,64,3,3,2013,2,3,1,2,1,1,1,1,1,1,1,5,1,1,14,6,1,1,,1,2
5,64,4,4,2013,3,1,1,2,1,1,1,1,1,1,1,5,1,1,14,6,1,1,50,1,2
9,64,4,11,2013,2,1,1,2,2,1,1,1,1,1,1,5,1,1,6,6,1,1,,1,2
9,64,4,12,2013,3,1,1,2,2,1,1,1,1,1,1,5,1,1,14,6,1,1,,2,2
1,64,4,10,2013,4,3,1,1,1,1,3,1,1,1,1,5,1,1,14,5,1,1,50,2,2
3,64,4,12,2013,3,1,1,1,1,1,1,1,1,1,1,5,1,1,13,5,1,7,,2,2
4,64,3,3,2013,2,1,4,1,2,1,1,1,1,1,1,5,1,1,14,6,1,1,,1,2
11,64,4,8,2013,1,1,1,2,2,1,2,1,1,1,1,5,1,1,6,6,1,1,,1,2
11,64,4,8,2013,3,1,1,2,1,1,1,1,1,1,1,5,4,1,14,6,2,1,,1,2
1,57,4,2,2013,3,1,1,2,1,1,1,1,1,1,1,1,1,2,14,6,1,1,33,2,2
8,57,4,6,2013,2,1,1,2,2,1,1,1,1,1,1,1,1,2,5,6,,1,,2,2
9,57,4,6,2013,4,7,1,2,2,1,2,1,1,1,1,1,1,1,14,6,2,1,,2,2
3,57,4,7,2013,3,7,1,2,2,1,1,1,1,1,1,1,1,2,9,6,,7,,1,2
3,57,4,8,2013,3,7,1,,,1,1,1,1,1,1,4,1,2,14,6,,,,1,2
3,57,3,9,2013,2,7,8,2,2,1,1,1,5,1,1,4,1,2,14,5,1,,35,1,
8,57,4,8,2013,3,7,1,1,2,1,1,1,1,1,1,1,1,2,5,6,,,,1,2
9,57,4,9,2013,4,7,1,2,2,1,2,1,1,1,1,1,2,2,9,6,,1,,,2
1,61,1,8,2013,2,7,1,2,2,1,3,1,1,1,1,1,1,2,9,5,1,7,,1,
4,61,3,4,2013,4,7,1,2,2,1,4,1,1,1,1,4,1,2,19,6,2,7,27,2,2
6,61,3,5,2013,2,7,1,2,2,1,4,2,1,1,2,3,1,2,5,6,1,7,27,1,2
2,65,4,6,2013,2,1,1,2,2,1,1,1,1,1,1,1,1,2,9,6,1,1,40,2,2
2,65,4,9,2013,3,7,1,2,2,2,1,2,2,1,1,1,1,2,9,6,1,1,,2,2
2,65,4,7,2013,2,1,1,2,2,1,1,2,1,1,1,3,1,2,19,6,,1,,2,2
2,65,3,10,2013,3,1,1,2,2,1,1,1,1,1,1,1,1,2,12,6,1,1,,2,2
2,65,3,6,2013,3,7,8,2,2,2,1,1,2,1,1,4,1,2,11,5,1,7,27,2,2
7,59,4,4,2013,4,1,1,2,2,1,2,1,1,1,1,4,1,2,14,11,2,1,,1,2
1,59,3,9,2013,2,1,1,2,2,1,2,1,1,1,1,3,1,2,12,6,,,,1,2
1,66,4,2,2013,2,7,1,2,2,1,1,1,1,1,1,5,1,1,17,6,,,,1,2
1,66,4,6,2013,2,7,4,1,,1,1,1,1,1,1,3,1,1,17,7,,7,,1,
1,66,4,8,2013,3,7,1,2,2,1,1,1,1,1,1,3,1,1,4,4,,7,,1,1
1,66,4,11,2013,2,3,1,2,2,1,1,1,1,1,1,3,1,1,14,6,1,7,,1,2
5,58,4,11,2013,,7,1,2,1,1,,1,1,1,1,1,1,2,12,11,,,24,2,2
2,58,4,10,2013,4,1,8,2,2,1,3,2,1,1,2,1,1,2,9,3,1,,,2,2
14,58,4,3,2013,3,3,1,2,2,1,1,1,1,1,1,2,1,2,14,5,1,2,,1,2
7,58,4,2,2013,2,1,1,2,2,1,1,1,1,1,1,1,1,2,9,6,,,,1,2
7,58,4,6,2013,2,1,1,2,2,1,1,1,1,1,1,1,1,2,9,6,,,,1,2
7,58,4,8,2013,2,1,1,2,2,1,1,1,1,1,1,1,1,2,9,6,1,,,1,2
14,58,4,3,2013,3,3,3,2,2,1,1,1,1,1,1,2,1,2,14,5,1,3,,1,2
15,63,4,7,2013,3,1,1,2,2,1,1,1,1,1,1,3,1,2,14,6,1,1,52,2,2
8,63,4,3,2013,3,2,,2,2,1,1,1,1,1,1,1,1,2,4,6,1,2,33,,1
13,63,4,2,2013,4,1,8,2,2,1,1,1,1,1,1,1,1,2,9,11,1,,,1,2
14,63,4,8,2013,4,7,1,2,2,1,2,2,1,1,1,1,1,2,9,6,1,1,,1,2
14,63,4,7,2013,2,1,1,2,2,1,2,1,1,1,1,1,1,2,5,6,1,7,,1,2
15,63,4,7,2013,3,7,8,2,2,1,1,1,1,1,1,2,2,2,14,6,1,1,52,2,2
11,63,4,5,2013,2,1,,2,2,1,1,1,1,1,1,3,1,2,9,6,1,3,,1,2
11,63,4,4,2013,2,1,,2,2,1,2,1,1,1,1,1,1,2,14,5,1,1,22,2,2
14,63,4,9,2013,1,1,1,2,2,1,2,1,1,1,1,1,1,2,14,6,,,,1,2
1,63,4,2,2013,2,1,,2,2,1,1,1,1,1,1,3,5,2,12,4,1,1,,1,2
6,60,4,4,2013,3,1,1,2,2,1,1,1,1,1,1,3,1,2,12,6,,,,1,2
1,60,4,2,2013,2,1,2,2,2,1,1,1,1,1,1,4,1,1,14,6,,,44,1,2
7,65,4,11,2013,2,1,1,2,2,1,1,2,1,1,1,1,1,2,11,6,,,,1,2
1,65,3,8,2013,4,1,1,2,2,1,4,1,1,1,1,5,1,2,5,6,,,,1,2
1,57,4,11,2013,3,7,1,2,2,1,1,1,1,1,1,1,1,2,17,5,,,,1,2
3,57,4,12,2013,4,1,1,2,2,1,4,1,1,1,1,1,1,2,5,6,,,,1,2
8,59,4,4,2013,3,7,1,2,2,1,1,2,1,1,1,4,1,2,5,1,1,1,,,2
3,39,4,3,2013,3,7,4,2,1,1,1,1,1,1,1,2,1,2,9,11,1,7,,2,2
1,49,4,3,2013,3,7,1,2,2,1,1,1,1,1,1,1,1,2,4,5,1,7,,2,2
1,49,4,3,2013,2,3,8,2,2,1,1,1,1,1,1,1,1,2,4,6,1,7,32,2,2
1,45,3,3,2013,4,1,1,2,2,1,1,1,1,1,1,1,1,2,12,11,1,7,,2,2
1,45,4,3,2013,4,1,1,2,2,1,1,1,1,1,1,1,1,2,9,11,1,7,,2,2
6,45,4,3,2013,2,7,1,2,2,1,1,1,1,1,1,1,1,2,14,11,1,7,45,2,2
2,45,4,3,2013,3,1,1,2,2,1,1,1,1,1,1,1,1,2,19,11,1,7,,2,2
1,38,4,5,2013,3,1,1,2,2,1,1,1,1,1,1,1,1,2,13,11,1,7,,2,2
6,38,4,5,2013,1,1,1,2,2,1,1,1,1,1,1,1,1,2,14,6,1,7,,2,2
9,47,4,9,2013,4,3,1,2,2,1,1,1,1,1,1,1,1,2,14,11,1,7,,2,2
1,45,4,9,2013,3,1,1,2,2,1,1,1,1,1,1,1,1,2,9,11,1,7,,2,2
2,45,4,9,2013,3,1,1,2,2,1,1,1,1,1,1,1,1,2,14,5,1,7,,2,2
3,39,4,10,2013,4,7,1,2,2,1,1,1,1,1,1,1,1,2,9,11,1,7,44,2,2
7,47,4,10,2013,3,7,1,2,2,1,1,1,1,1,1,1,1,2,12,1,1,7,,2,2
1,49,4,5,2013,2,3,1,2,2,1,1,1,1,1,1,1,1,2,14,4,1,7,,2,2
6,45,4,5,2013,4,1,1,2,2,1,1,1,1,1,1,1,1,2,12,11,1,7,,2,2
1,47,4,6,2013,3,7,1,2,2,1,1,1,1,1,1,1,1,2,8,11,1,7,,2,2
6,38,4,7,2013,1,1,1,2,2,1,1,1,1,1,1,1,1,2,14,6,1,7,33,2,2
6,38,3,6,2013,4,7,1,2,2,1,1,1,1,1,1,1,1,2,9,11,1,7,,2,2