Thana,District,Accident_Severity,Month,Year,Time,Junction_Type,Traffic_Control,Movement,Divider,Weather,Light,Road_Geometry,Surface_Condition,Surface_Type,Surface_Quality,Road_Class,Road_Feature,Location_Type,Vehicle_Type,Vehicle_Movement,Vehicle_Loading,Vehicle_Defect,Vehicle_Driver_Age,Vehicle_Alcohol,Vehicle_Seat_Belt
2,39,4,7,2013,3,7,1,2,2,1,1,1,1,1,1,1,1,2,7,2,1,7,24,2,2
1,45,3,12,2013,4,7,1,2,2,1,1,1,1,1,1,1,1,2,9,11,1,7,,2,2
6,48,4,12,2013,3,7,1,2,1,1,1,1,1,1,1,1,1,,14,11,1,7,45,2,2
1,49,4,7,2013,2,2,1,2,2,1,1,1,1,1,1,1,1,2,4,11,1,7,45,2,2
12,47,4,1,2013,3,7,8,2,2,1,1,1,1,1,1,1,1,2,9,11,1,7,,2,2
12,49,4,1,2013,4,1,1,2,2,1,1,1,1,1,1,1,1,2,14,11,1,7,,2,2
2,39,4,1,2013,3,7,8,1,2,1,1,1,1,1,1,1,1,2,9,11,1,7,,2,2
6,46,4,5,2013,1,7,1,2,2,1,1,1,1,1,1,1,1,2,14,11,1,7,,2,2
4,49,4,1,2013,3,1,1,2,2,1,1,1,1,1,1,1,1,2,4,6,1,7,57,2,2
1,45,4,2,2013,4,2,4,2,2,1,1,1,1,1,1,1,1,2,14,11,1,7,,2,2
2,48,4,1,2013,3,1,1,2,2,1,1,1,1,1,1,1,1,2,14,6,1,7,27,2,2
11,49,4,2,2013,1,7,1,2,2,1,1,1,1,1,1,1,1,2,17,5,1,7,,2,2
2,49,4,2,2013,3,7,1,2,2,1,1,1,1,1,1,1,1,2,9,2,1,7,,2,2
5,39,4,9,2013,4,7,1,2,2,1,1,1,1,1,1,1,1,2,14,11,1,7,,2,2
2,44,4,5,2013,3,7,1,2,2,1,1,1,1,1,1,1,1,2,4,11,1,7,,2,2
3,44,4,9,2013,4,7,1,2,2,1,1,1,1,1,1,1,1,2,14,11,1,7,,2,2
1,44,3,10,2013,4,5,1,2,2,1,1,1,1,1,1,1,1,2,14,11,1,7,,2,2
5,41,4,10,2013,2,1,3,2,2,1,1,1,1,1,1,1,1,2,14,6,1,7,,2,2
6,41,4,4,2013,4,7,1,2,2,1,1,1,1,1,1,1,1,2,14,6,1,7,,2,2
7,41,3,10,2013,4,7,1,2,2,1,1,1,1,1,1,1,1,2,14,6,1,7,,2,2
1,47,4,5,2013,4,7,1,2,2,1,1,1,1,1,1,1,1,2,14,11,1,7,,2,2
1,52,4,11,2013,2,7,1,2,2,1,1,1,1,1,1,1,1,2,6,11,1,7,,2,2
6,40,1,5,2013,2,7,1,2,2,1,1,1,1,1,1,1,1,2,10,11,1,7,,2,2
1,40,1,4,2013,2,7,1,2,2,1,1,1,1,1,1,1,1,2,9,11,1,7,,2,2
3,40,4,3,2013,3,7,1,2,2,1,1,1,1,1,1,1,1,2,8,5,1,7,,2,2
1,40,4,1,2013,2,7,1,2,2,1,1,1,1,1,1,1,1,2,2,2,1,7,,2,2
1,40,1,8,2013,4,1,1,2,2,1,1,1,1,1,1,1,1,2,8,11,1,7,,2,2
6,40,4,7,2013,4,7,1,2,2,1,1,1,1,1,1,2,1,2,6,6,1,7,,2,2
6,40,4,10,2013,3,1,1,2,2,1,1,1,1,1,1,2,1,2,14,11,1,7,,2,2
3,40,4,7,2013,3,7,1,2,2,1,1,1,1,1,1,2,1,2,19,11,1,7,,2,2
7,37,4,10,2013,2,1,4,2,1,1,1,1,1,1,1,1,1,2,9,11,1,7,50,2,2
5,52,3,6,2013,2,7,1,2,2,1,1,1,1,1,1,2,1,2,17,11,1,7,22,2,2
1,39,3,8,2013,4,1,1,2,2,1,1,1,1,1,1,2,1,2,8,6,1,7,30,2,2
6,45,4,8,2013,4,1,1,2,2,1,1,1,1,1,1,1,1,2,9,11,1,7,,2,2
4,47,4,8,2013,3,1,1,2,2,1,1,1,1,1,1,1,1,2,4,8,1,7,,2,2
1,38,4,3,2013,3,3,1,2,2,1,1,1,1,1,1,1,1,2,14,6,1,7,35,2,2
3,40,4,12,2013,4,1,1,2,2,1,2,1,1,1,1,1,1,2,8,11,1,7,,2,2
6,45,4,8,2013,3,1,1,2,2,1,1,1,1,1,1,1,1,2,9,11,1,1,,2,2
3,40,4,6,2013,2,1,1,2,2,1,1,2,1,1,1,2,1,2,8,6,1,3,30,2,2
6,40,1,6,2013,1,1,5,2,1,1,2,1,1,1,1,2,2,,9,5,1,7,,2,2
36,42,4,1,2013,3,2,8,2,1,1,1,1,1,1,1,5,1,1,6,6,1,1,30,2,2
37,42,1,1,2013,1,7,8,2,1,1,3,1,1,1,1,1,1,1,12,6,2,1,22,1,2
14,42,4,1,2013,1,7,1,2,1,1,4,1,1,1,1,1,1,1,14,6,1,1,35,2,2
16,42,4,1,2013,3,3,2,2,1,1,3,1,1,1,1,1,1,1,4,6,1,1,24,2,1
6,42,4,3,2013,4,1,4,2,1,1,3,1,1,1,1,1,1,1,14,6,1,1,30,1,2
47,42,4,4,2013,3,1,1,2,1,1,1,1,1,1,1,1,1,1,9,3,1,1,35,2,2
16,42,4,4,2013,1,1,1,2,1,1,3,1,1,1,1,5,1,1,14,6,1,1,30,1,2
15,42,4,5,2013,3,5,4,1,1,1,1,1,1,1,1,1,1,1,9,6,1,1,30,2,2
25,42,2,5,2013,4,2,8,2,1,2,2,1,2,1,1,5,1,1,7,6,1,7,26,2,1
37,42,4,1,2013,4,3,4,2,1,1,2,1,1,1,1,1,1,1,12,6,1,1,35,1,2
49,42,4,5,2013,3,7,8,1,1,1,1,1,1,1,1,3,1,1,14,5,1,1,30,1,2
44,42,4,5,2013,4,7,1,1,1,1,2,1,1,1,1,5,1,1,10,6,1,7,22,1,2
2,42,2,6,2013,2,2,4,2,1,1,1,1,1,1,1,5,1,1,9,6,2,6,25,1,2
14,42,1,7,2013,3,7,2,1,1,1,1,1,1,1,1,1,1,1,12,1,1,1,22,2,2
23,42,4,7,2013,1,6,1,2,1,2,2,1,2,1,1,5,1,1,16,6,1,1,20,1,2
33,42,4,7,2013,2,1,1,2,1,1,2,1,1,1,1,1,1,1,8,6,1,1,30,2,2
33,42,4,7,2013,1,4,8,2,1,1,3,2,1,1,1,5,1,1,14,6,1,1,35,1,2
28,42,4,7,2013,2,1,1,2,1,1,1,1,1,1,1,5,1,1,8,5,1,1,25,2,2
36,42,3,7,2013,4,2,2,2,1,1,3,1,1,1,1,5,1,1,4,6,1,1,25,2,1
12,42,3,8,2013,2,7,1,2,1,1,1,1,1,1,1,5,1,1,10,6,1,1,30,2,2
3,42,4,8,2013,1,7,1,2,1,1,4,3,1,1,3,5,1,1,13,5,1,1,28,1,2
5,42,3,7,2013,4,1,4,2,1,2,3,1,1,1,1,5,1,1,14,6,1,1,30,1,2
25,42,4,8,2013,4,1,4,2,2,1,1,1,1,1,1,5,1,1,9,6,1,1,23,1,2
29,42,3,8,2013,2,2,2,1,1,1,1,1,1,1,1,5,1,1,9,6,1,1,30,2,2
44,42,4,7,2013,4,2,4,2,1,1,2,1,1,1,1,3,1,1,10,6,1,1,40,2,2
2,42,2,8,2013,3,1,2,2,1,1,1,1,1,1,1,5,1,1,10,6,1,6,25,2,2
16,42,4,9,2013,2,1,1,1,2,1,4,1,1,1,1,2,1,1,14,6,1,1,40,1,2
42,42,2,9,2013,4,3,4,2,1,1,3,1,1,1,1,5,1,1,11,2,1,1,45,2,1
49,42,4,9,2013,3,1,8,2,1,1,1,1,1,1,1,5,1,1,9,5,1,1,30,2,2
22,42,4,9,2013,1,1,4,2,2,1,3,1,1,1,1,1,1,1,9,6,1,1,30,2,2
17,42,3,9,2013,3,1,6,2,1,1,1,1,1,1,1,5,1,1,12,6,1,1,28,2,2
37,42,1,9,2013,3,1,1,2,1,1,1,1,1,1,1,5,1,1,4,6,1,1,48,2,1
47,42,4,10,2013,2,1,4,2,1,1,1,1,1,1,1,5,1,1,8,5,1,1,28,2,2
44,42,3,10,2013,4,1,4,1,2,1,2,1,1,1,1,3,1,1,9,5,1,7,30,2,2
10,42,4,10,2013,2,1,1,2,2,1,2,1,1,1,1,5,1,1,9,5,1,1,26,1,2
10,42,3,11,2013,2,1,8,2,1,1,1,1,1,1,1,5,1,1,9,6,1,1,26,2,2
46,42,4,11,2013,4,1,1,2,2,1,4,1,1,1,1,5,1,2,9,6,1,1,30,2,2
12,42,3,5,2013,3,2,1,2,1,1,1,1,1,1,1,5,1,1,13,6,1,1,30,2,2
43,42,4,8,2013,1,3,6,1,1,1,3,1,1,1,1,5,1,1,13,6,1,1,40,2,2
3,42,4,6,2013,1,7,8,1,1,1,4,2,1,1,1,1,1,1,9,4,1,1,24,1,2
45,42,4,10,2013,2,7,1,2,1,1,1,1,1,1,1,5,1,1,9,5,2,1,30,2,2
44,42,1,11,2013,1,3,5,2,2,1,1,1,1,1,1,1,1,1,13,6,1,1,24,2,2
22,42,4,11,2013,4,7,4,2,1,1,2,1,1,1,1,1,1,1,9,6,1,1,40,1,2
22,42,4,11,2013,1,1,8,2,1,1,2,1,1,1,1,5,1,1,10,6,1,1,38,2,1
44,42,3,9,2013,4,3,4,2,1,1,3,1,1,1,1,5,1,1,9,6,1,1,22,2,2
21,42,4,10,2013,1,1,1,2,2,1,3,1,1,1,2,5,1,1,13,6,1,1,35,1,2
21,42,4,10,2013,3,3,1,2,2,1,1,1,1,1,1,5,1,1,8,2,1,1,28,1,2
2,42,4,11,2013,1,6,2,2,1,2,1,1,1,1,1,5,1,1,9,2,1,3,35,2,2
16,42,4,11,2013,4,1,1,2,1,1,3,1,1,1,1,1,1,1,19,5,1,1,40,2,2
32,42,4,11,2013,3,2,4,2,1,1,1,1,1,1,3,5,1,1,9,6,1,1,30,2,2
9,42,3,11,2013,2,1,1,2,2,1,1,1,1,1,1,5,1,1,9,6,1,1,32,1,2
24,42,3,2,2013,4,1,1,2,2,1,1,1,1,1,1,1,1,1,5,11,1,1,28,2,2
24,42,4,7,2013,3,1,1,2,2,1,1,1,1,1,1,5,3,1,9,6,1,1,35,2,2
24,42,2,9,2013,3,7,1,2,2,1,1,1,1,1,1,5,1,1,9,6,1,1,38,2,2
24,42,4,9,2013,4,2,1,2,2,1,3,1,1,1,1,1,1,1,14,6,2,1,30,1,2
8,42,3,12,2013,3,1,4,2,1,1,1,1,1,1,1,5,1,1,9,6,1,1,35,2,2
36,42,4,12,2013,2,1,4,2,2,1,1,1,1,1,1,5,1,1,6,6,1,1,30,2,2
24,42,2,12,2013,2,7,8,2,2,4,2,2,1,1,1,1,1,1,9,6,1,1,40,2,2
34,42,4,10,2013,4,2,6,2,1,1,3,1,1,1,1,5,1,1,9,5,1,1,30,2,2
34,42,4,12,2013,1,7,4,2,1,1,2,1,1,1,1,5,1,1,9,5,1,7,40,2,2
37,42,4,12,2013,4,3,1,1,1,1,3,1,1,1,1,5,1,1,9,6,1,1,30,1,2
45,42,2,4,2013,3,1,4,2,1,1,1,1,1,1,1,5,1,1,5,6,2,1,30,2,2
1,25,3,2,2013,1,1,3,2,2,1,4,1,1,1,1,3,1,1,12,2,1,1,32,1,2
4,25,4,1,2013,3,1,1,2,2,1,3,1,1,1,1,3,1,1,14,6,1,7,32,1,2
3,29,2,2,2013,3,1,8,2,2,1,1,1,1,1,1,1,1,2,8,6,1,3,,1,2
4,29,4,4,2013,3,1,1,2,2,1,1,1,1,1,1,3,1,2,14,6,2,7,,1,2
4,26,4,1,2013,3,1,1,2,2,1,2,2,1,1,1,2,2,,4,6,1,7,,1,2
7,26,3,4,2013,3,1,1,1,2,1,1,1,1,1,1,3,1,2,9,6,1,7,,1,2
1,20,1,1,2013,2,7,8,2,2,1,2,4,1,1,1,3,1,2,12,6,1,7,,1,2
2,20,4,2,2013,3,3,1,2,1,1,2,1,1,1,2,3,2,,14,6,1,7,,1,2
1,19,4,1,2013,2,1,1,2,2,1,1,1,1,1,1,1,1,2,4,6,1,7,35,2,2
1,19,4,3,2013,3,1,1,2,2,1,1,1,1,1,1,3,1,2,4,6,1,7,40,1,2
1,18,4,2,2013,3,1,1,2,2,1,1,1,1,1,1,1,3,1,14,6,1,7,,1,2
1,18,4,2,2013,1,1,1,2,2,1,2,1,1,1,1,1,2,,14,6,2,7,,1,2
1,18,3,4,2013,1,1,1,2,2,1,2,1,1,1,1,3,1,2,14,6,2,7,50,1,2
1,18,4,4,2013,3,1,1,1,2,1,1,1,1,1,1,1,1,1,14,6,1,7,45,1,2
2,18,4,2,2013,3,1,1,2,2,1,1,1,1,1,1,1,2,2,15,6,1,7,,1,2
4,18,4,3,2013,2,1,1,2,2,1,1,3,1,1,1,3,1,2,14,6,1,7,35,1,2
5,18,4,2,2013,2,7,1,2,2,1,2,1,1,1,1,1,1,2,14,6,2,1,,1,2
5,25,3,5,2013,2,1,1,2,1,1,1,1,1,1,1,4,1,2,19,6,2,7,24,1,2
1,26,4,6,2013,4,1,1,2,1,1,3,1,1,1,1,1,1,2,9,5,2,4,,1,2
4,26,2,5,2013,2,1,1,2,2,1,1,1,1,1,1,2,1,2,14,6,2,7,25,1,2
1,26,4,2,2013,2,1,1,2,2,1,1,1,1,1,1,2,1,2,12,6,2,7,32,1,2
8,26,3,8,2013,3,1,1,2,2,1,1,3,1,1,1,1,1,1,14,4,1,4,39,1,2
6,26,4,8,2013,2,1,1,2,2,1,2,1,1,1,2,1,1,1,9,6,1,3,50,1,2
8,26,4,8,2013,3,3,1,2,2,1,1,2,1,1,2,4,1,2,12,6,2,3,,1,2
2,20,3,8,2013,4,1,1,2,2,1,4,2,1,1,2,4,1,2,19,5,2,6,40,2,2
5,21,3,9,2013,3,7,1,2,2,1,1,1,1,1,1,4,1,2,6,6,1,1,47,2,2
1,24,3,7,2013,2,7,8,2,2,1,1,1,1,1,1,1,1,1,14,6,2,7,,1,2
1,24,3,6,2013,4,3,1,2,2,1,1,1,1,1,1,1,1,2,9,6,1,2,,1,2
1,24,4,6,2013,3,1,3,2,2,1,1,1,1,1,1,1,1,2,14,1,1,3,,1,2
2,24,4,7,2013,1,1,1,2,2,1,1,1,1,1,1,1,1,2,9,6,1,3,,1,2
2,24,4,12,2013,4,1,1,1,1,1,2,1,1,1,1,1,1,2,14,6,1,3,,1,2
2,24,4,12,2013,4,1,1,2,2,1,2,1,1,1,1,1,1,2,14,6,1,3,,1,2
3,24,4,11,2013,4,1,8,2,2,1,2,1,1,1,1,1,1,1,9,6,1,1,,1,2
5,24,3,6,2013,3,1,4,2,1,1,1,2,1,1,1,1,1,2,9,6,1,1,,1,2
1,22,4,10,2013,2,1,1,2,2,1,1,1,1,1,1,1,1,2,14,6,1,3,,1,2
1,22,4,12,2013,3,1,1,2,2,1,1,1,1,1,1,1,1,2,19,6,1,1,,1,2
2,25,4,4,2013,1,1,1,2,2,1,1,1,1,1,2,3,1,2,4,6,1,3,,1,2
4,25,3,1,2013,3,1,1,2,2,1,1,1,1,1,1,3,1,2,14,6,1,3,,1,2
4,25,4,12,2013,4,1,1,2,2,1,2,1,1,1,1,3,1,2,9,6,2,3,,1,2
6,25,3,11,2013,1,1,1,2,1,1,2,1,1,1,1,2,1,2,4,6,2,3,,1,2
3,18,4,11,2013,2,1,1,2,2,1,1,1,1,1,1,3,1,2,14,5,1,1,,1,2
5,18,3,5,2013,1,1,4,1,1,1,1,1,1,1,1,1,1,2,7,6,2,3,,1,2
3,18,4,5,2013,1,7,1,2,2,1,1,1,1,1,1,3,1,2,9,6,2,1,40,1,2
5,18,4,11,2013,3,1,1,2,2,1,1,1,1,1,1,3,1,,8,6,1,1,,1,2
6,18,3,4,2013,4,7,1,2,2,2,2,1,2,1,1,2,1,1,12,6,1,1,35,2,2
6,18,3,5,2013,4,7,1,2,2,1,4,1,1,1,1,2,1,1,12,11,1,1,,2,2
6,18,3,6,2013,4,1,4,1,1,1,4,1,1,1,1,1,1,1,12,6,1,7,,1,2
6,18,4,9,2013,1,1,1,2,2,1,1,1,1,1,1,3,1,1,9,6,1,1,38,1,2
6,18,4,10,2013,2,1,1,2,2,1,2,1,1,1,1,1,1,1,12,1,1,1,,1,2
6,18,4,4,2013,2,2,1,2,2,1,1,1,1,1,1,2,1,1,1,6,1,1,40,2,2
2,25,4,1,2013,4,1,1,2,2,2,4,1,1,1,1,4,1,2,19,5,2,7,25,1,2
3,21,4,4,2013,2,1,1,2,2,1,1,1,1,1,1,1,1,2,9,4,1,7,34,2,2
5,21,3,9,2013,3,7,1,2,2,1,,1,1,1,1,4,1,2,6,6,1,1,47,2,2
6,21,4,7,2013,2,3,1,2,2,1,1,1,1,1,1,1,1,2,9,6,1,1,,2,2
1,29,3,4,2013,4,1,1,2,2,1,1,2,2,2,1,2,1,2,6,6,2,1,30,1,2
8,26,3,8,2013,4,1,1,2,2,1,1,1,1,1,1,1,1,2,9,6,1,1,,,
6,20,4,9,2013,1,1,1,2,2,1,2,1,1,1,1,3,1,2,4,6,1,1,38,2,2
7,18,4,1,2013,2,1,1,2,2,4,1,1,1,1,1,1,5,2,12,6,2,1,1,1,1
1,19,4,1,2013,2,1,1,2,2,1,1,1,1,1,1,3,1,2,4,5,,1,35,2,2
8,28,4,10,2013,3,2,1,1,2,1,2,1,1,1,1,4,1,2,13,6,1,1,,2,2
7,26,3,4,2013,3,1,1,2,2,1,1,1,1,1,1,3,1,2,10,6,1,,,2,2
3,21,4,4,2013,2,1,1,2,2,1,2,1,1,1,1,1,1,2,4,6,1,7,34,2,2
1,28,4,3,2013,3,7,8,2,2,1,1,1,1,1,1,5,1,1,4,5,1,1,38,2,2
1,28,4,2,2013,1,1,2,2,1,2,1,1,1,1,1,5,2,1,14,6,1,1,60,2,2
1,28,4,6,2013,2,3,1,2,2,1,1,1,1,1,1,5,1,1,12,6,1,1,,1,2
5,28,4,8,2013,3,1,1,2,2,1,1,1,1,1,1,4,1,1,9,6,1,1,,1,2
9,13,1,1,2013,3,2,1,2,2,1,2,2,1,1,2,4,1,2,4,2,1,1,50,2,2
2,13,4,3,2013,2,1,1,2,2,1,1,1,1,1,2,2,1,2,9,6,1,1,26,2,2
4,13,4,3,2013,2,1,8,2,2,1,1,1,1,1,1,1,1,2,17,5,2,7,,1,2
8,13,4,6,2013,2,2,1,2,2,1,1,1,1,1,1,1,1,1,8,5,1,1,,2,2
5,13,4,10,2013,3,1,1,2,2,1,1,1,1,1,1,2,1,2,9,6,1,7,,2,2
1,12,4,5,2013,2,1,1,2,2,1,1,1,1,1,2,3,1,2,14,6,1,2,38,2,2
1,11,3,8,2013,3,1,3,1,2,1,1,1,1,1,1,3,1,1,4,6,1,1,24,1,2
1,11,4,8,2013,4,1,1,2,2,1,4,1,1,1,1,5,1,1,13,6,1,1,35,2,2
9,11,4,9,2013,4,1,1,2,2,1,4,3,1,1,1,3,1,2,19,6,1,1,,2,2
4,11,3,11,2013,4,1,1,2,2,1,2,1,1,1,1,3,1,2,4,5,1,1,22,2,2
3,15,2,10,2013,2,1,8,2,2,1,1,1,1,1,1,1,1,2,14,6,1,1,,2,2
7,15,4,12,2013,4,1,1,1,1,1,2,2,1,1,1,1,,,14,5,1,1,,2,2
5,15,4,4,2013,3,1,1,2,2,1,1,2,1,1,1,3,1,2,14,1,1,1,,2,2
3,15,4,4,2013,4,2,1,2,2,1,4,1,1,1,1,1,1,2,9,6,1,1,,1,2
3,15,4,6,2013,1,1,1,2,2,1,2,2,1,1,1,1,1,2,9,6,1,1,,2,2
3,15,4,6,2013,1,1,1,1,2,1,1,1,1,1,1,1,1,1,14,6,1,1,,2,2
8,17,1,1,2013,1,1,1,2,2,4,4,1,1,1,1,1,1,2,9,6,1,1,30,1,2
7,17,4,1,2013,2,1,4,2,1,1,1,1,1,1,1,1,1,2,14,10,1,7,,1,2
7,17,1,1,2013,3,1,1,2,2,1,1,1,1,1,1,1,1,2,7,11,1,1,,1,2
7,17,4,5,2013,2,1,1,2,2,1,4,1,1,1,1,1,1,1,1,6,1,1,45,1,2
7,17,4,5,2013,2,1,4,2,2,1,4,1,1,1,1,1,1,2,19,4,2,1,45,1,2
7,17,4,6,2013,2,1,1,2,1,1,1,1,1,1,1,1,1,2,13,4,1,1,22,1,2
7,17,3,6,2013,4,1,1,2,1,1,2,1,1,1,1,1,1,2,4,4,1,1,35,1,2
6,17,4,8,2013,2,1,1,1,2,1,1,1,1,1,1,4,1,2,19,11,2,1,25,2,2
2,17,1,8,2013,1,1,1,1,2,1,1,1,1,1,1,3,1,2,9,7,1,1,30,2,2
7,17,4,10,2013,4,3,4,2,1,1,4,2,1,1,2,1,1,2,4,2,1,1,40,2,2
10,9,3,9,2013,2,1,1,2,2,1,1,1,1,1,1,1,2,,14,6,1,1,,2,2
10,9,4,1,2013,3,1,1,1,2,1,1,1,1,1,1,3,2,2,13,6,1,7,45,1,2
1,9,4,1,2013,2,1,1,2,2,1,1,1,1,1,1,5,1,2,9,11,1,1,38,2,2
10,9,4,1,2013,2,1,1,2,2,1,2,1,1,1,1,3,1,2,13,6,2,7,28,1,2
10,9,4,2,2013,2,5,1,2,2,1,1,2,1,1,1,1,1,2,19,6,1,7,,2,2
10,9,4,4,2013,4,1,1,2,2,1,4,2,1,1,1,1,1,2,14,6,1,7,,1,2
1,9,4,5,2013,2,3,1,1,2,1,1,1,1,1,1,4,1,2,9,6,1,7,,2,2
7,9,4,10,2013,2,1,8,2,2,1,1,1,1,1,1,1,1,2,19,6,1,1,26,1,2
11,9,4,10,2013,3,1,1,2,2,1,1,1,1,1,1,1,1,2,9,6,1,7,40,1,2
12,9,4,10,2013,2,1,1,2,2,1,1,1,1,1,1,1,1,2,13,6,1,1,,,2
1,9,4,6,2013,4,1,1,1,2,1,4,1,1,1,1,1,1,1,7,6,1,7,35,1,2
10,9,4,6,2013,1,1,1,2,2,1,1,1,1,1,1,1,1,2,9,6,1,6,,2,2
10,9,4,7,2013,1,1,1,1,2,1,4,1,1,1,1,1,1,1,14,6,1,7,41,1,2
1,9,4,7,2013,3,2,4,1,2,1,1,1,1,1,1,1,1,1,13,5,1,7,,1,2
11,9,1,6,2013,3,3,1,2,2,1,1,1,1,1,1,2,1,2,9,6,1,7,45,2,2
12,9,4,8,2013,3,1,1,2,2,1,1,1,1,1,1,1,1,1,9,6,1,7,38,2,2
1,9,4,9,2013,4,1,1,2,2,1,4,1,1,1,1,1,1,2,14,5,1,7,,1,2
12,9,3,9,2013,2,1,1,2,2,1,2,1,1,1,1,1,1,2,10,6,1,7,35,1,2
10,16,4,7,2013,1,1,1,1,2,1,2,1,5,1,1,1,1,1,14,4,1,7,48,2,2
11,16,4,7,2013,1,1,1,2,2,1,4,1,1,1,1,1,1,2,19,6,1,1,,1,2
11,16,4,8,2013,2,1,1,2,1,1,1,1,1,1,1,1,2,2,9,6,1,1,,1,2
10,16,4,8,2013,2,1,3,2,2,1,1,1,1,1,1,1,1,2,17,4,1,1,,2,2
11,16,4,9,2013,3,1,1,2,1,1,1,1,1,1,1,1,1,2,7,6,1,1,,1,2
8,16,4,10,2013,4,1,1,2,1,1,1,1,1,1,1,1,1,1,9,10,1,1,,2,2
11,16,4,1,2013,3,1,1,2,2,1,1,1,1,1,1,1,1,2,14,6,1,1,,1,2
8,16,4,1,2013,1,1,1,2,2,4,4,1,1,1,1,1,1,2,9,6,1,1,,2,2
6,16,4,1,2013,3,1,1,2,2,1,1,1,1,1,1,1,1,2,14,6,1,1,,2,2
10,16,4,2,2013,1,5,1,1,2,1,3,2,1,1,1,1,1,2,14,5,1,1,38,2,2
11,16,4,2,2013,2,1,1,2,2,1,1,1,1,1,1,1,1,2,7,6,1,1,,2,2
11,16,4,3,2013,2,1,1,2,2,1,1,1,1,1,1,1,1,2,14,6,1,1,29,2,2
11,16,4,4,2013,2,1,1,2,2,1,1,1,1,1,1,1,1,2,10,6,1,1,,2,2
7,16,4,4,2013,2,1,1,2,2,1,1,1,1,1,1,1,1,2,9,5,1,1,30,2,2
11,16,4,5,2013,1,1,1,2,2,1,4,1,1,1,1,1,1,2,14,6,1,1,,1,2
11,16,4,5,2013,1,1,1,2,2,1,2,1,1,1,1,1,1,2,14,7,1,1,,1,2
10,16,4,6,2013,3,1,1,2,2,1,1,1,1,1,1,1,1,2,1,5,1,7,,1,
11,16,4,6,2013,3,1,1,2,2,1,1,1,1,1,1,1,1,2,14,6,1,1,,1,2
11,16,4,6,2013,2,1,1,2,2,1,1,1,1,1,1,1,1,2,13,6,1,1,,2,2
1,10,1,2,2013,4,1,1,2,2,1,1,1,1,1,1,5,1,1,19,5,1,7,20,,
3,12,4,11,2013,4,1,1,1,2,1,1,1,1,1,1,2,1,2,14,6,2,1,,1,2
7,11,1,6,2013,3,1,1,1,2,1,1,1,1,2,2,4,1,2,14,6,1,1,,2,2
10,16,4,1,2013,3,2,1,2,2,1,2,1,1,1,1,1,1,2,10,5,1,1,50,2,1
11,16,4,1,2013,1,1,1,2,2,1,1,1,1,1,1,1,1,2,1,6,1,1,,2,2
7,16,4,11,2013,3,,1,2,,1,1,1,1,1,1,1,1,2,9,6,1,1,,2,2
1,11,4,4,2013,2,3,3,2,2,1,1,1,1,1,1,2,1,2,9,6,1,1,,,
7,11,4,2,2013,1,1,1,2,2,1,1,2,1,1,2,3,1,2,14,3,1,1,45,2,2
1,15,4,5,2013,1,1,1,2,2,3,1,1,2,1,1,1,,,14,1,1,1,,2,2
9,17,4,3,2013,2,1,1,2,2,1,1,1,1,3,2,4,1,2,17,4,1,1,,2,2
5,17,3,6,2013,2,1,1,2,2,1,1,2,1,1,1,3,1,2,9,1,1,4,,2,2
6,17,4,8,2013,2,1,1,2,2,1,1,1,1,1,2,3,1,2,5,6,1,7,25,2,2
12,9,4,6,2013,2,1,1,2,2,1,1,1,1,1,1,1,1,2,14,6,1,1,,1,2
12,9,4,4,2013,2,1,1,2,2,1,1,1,1,1,1,1,1,2,13,6,1,1,,2,2
1,9,4,1,2013,2,1,1,1,2,1,1,1,1,1,1,1,1,1,13,6,2,1,,2,2
10,9,4,1,2013,4,1,1,1,2,1,2,1,1,1,1,1,1,2,14,8,1,1,,2,2
11,9,3,9,2013,2,1,1,2,2,1,1,1,1,1,1,4,1,2,13,6,1,1,,2,2
5,13,4,1,2013,4,3,8,2,2,1,2,1,1,1,1,2,1,2,4,6,1,1,,2,1
4,13,4,3,2013,3,1,1,1,1,1,1,1,1,,,,1,1,14,6,1,1,,2,2
9,13,4,3,2013,3,1,1,2,2,1,1,1,1,1,1,4,1,2,8,5,2,1,35,2,2
8,13,1,6,2013,2,1,1,2,2,1,1,1,1,1,1,3,1,,4,6,,,2,2,2
8,13,4,7,2013,2,,1,1,2,1,1,1,1,1,1,1,1,2,9,5,1,2,,2,2
1,2,4,3,2013,2,1,1,2,2,1,1,1,1,1,1,3,1,2,14,6,1,1,,2,2
1,2,4,8,2013,2,1,1,2,2,1,1,1,1,1,1,1,1,1,14,6,1,1,35,2,2
1,2,4,9,2013,4,1,1,2,2,1,2,1,1,1,1,1,1,2,14,6,1,1,,2,2
3,6,4,2,2013,3,1,1,2,2,1,1,1,1,1,1,1,1,2,9,9,1,1,,2,2
3,6,3,5,2013,4,1,1,2,2,1,1,1,1,1,1,1,1,2,9,6,1,1,,2,1
3,6,4,5,2013,2,1,1,2,2,1,1,1,1,1,1,4,1,2,14,6,1,1,,2,2
2,6,4,7,2013,3,1,1,2,2,1,1,2,1,1,1,1,1,2,9,6,1,1,45,2,2
1,6,3,8,2013,2,1,1,1,1,1,1,1,1,1,1,1,1,1,12,2,1,1,35,2,2
7,7,3,1,2013,2,1,1,2,2,4,1,1,1,1,1,3,1,2,9,9,1,1,38,2,2