Thana,District,Accident_Severity,Month,Year,Time,Junction_Type,Traffic_Control,Movement,Divider,Weather,Light,Road_Geometry,Surface_Condition,Surface_Type,Surface_Quality,Road_Class,Road_Feature,Location_Type,Vehicle_Type,Vehicle_Movement,Vehicle_Loading,Vehicle_Defect,Vehicle_Driver_Age,Vehicle_Alcohol,Vehicle_Seat_Belt
2,7,3,1,2013,2,1,1,2,2,4,1,1,1,1,1,3,1,2,8,6,1,1,,2,2
3,8,4,2,2013,1,1,2,2,1,1,1,1,1,1,1,1,1,2,9,6,1,1,,2,2
10,7,4,7,2013,1,1,1,2,2,2,4,1,2,1,1,3,4,2,4,6,1,1,35,1,2
2,7,4,7,2013,1,1,1,2,1,1,1,1,1,1,1,3,1,2,8,6,1,1,45,2,2
5,6,3,11,2013,4,1,1,2,2,1,2,2,1,1,1,1,1,2,14,5,1,1,,1,2
5,2,1,11,2013,3,1,1,2,2,1,1,1,1,1,1,3,1,2,1,6,1,1,,2,2
1,1,3,10,2013,3,1,1,2,2,1,1,1,1,1,1,4,1,2,4,6,1,1,40,2,2
3,1,4,6,2013,3,1,1,2,2,1,1,1,1,1,1,1,1,2,14,6,1,1,,1,2
8,3,4,5,2013,4,1,1,2,2,1,2,1,1,1,1,2,1,2,13,6,1,1,30,2,2
5,3,4,6,2013,1,1,2,2,1,1,1,2,1,1,1,3,1,2,17,6,1,1,25,2,2
3,3,4,6,2013,4,1,1,2,2,1,2,1,2,1,1,1,1,2,12,6,1,1,30,2,2
8,3,4,7,2013,4,1,1,2,2,1,3,1,1,1,1,1,1,1,14,6,1,1,35,2,2
6,3,4,8,2013,3,1,1,2,2,1,1,1,1,1,1,3,1,1,14,6,1,1,42,2,2
13,3,4,10,2013,1,1,1,2,2,1,2,1,1,1,1,1,1,2,8,6,1,1,46,2,2
13,3,4,11,2013,2,1,1,2,2,1,1,1,1,1,1,3,4,2,4,6,1,1,25,2,2
3,8,4,5,2013,3,1,2,2,2,1,1,1,1,1,1,1,1,2,8,6,1,1,,2,2
1,8,4,9,2013,4,1,1,2,2,1,2,1,1,1,1,4,1,2,17,6,2,1,,2,2
3,8,4,10,2013,3,1,1,2,2,1,1,1,1,1,1,5,1,2,4,6,1,1,43,2,2
1,5,4,1,2013,2,1,1,1,1,1,1,1,1,1,1,5,1,1,14,6,1,3,26,1,2
1,5,4,5,2013,1,1,2,2,2,1,1,1,1,1,1,1,1,1,9,6,1,3,,1,2
3,5,4,10,2013,1,1,2,2,2,1,1,1,1,1,1,1,1,2,10,6,1,1,,2,2
8,5,4,6,2013,4,1,1,2,2,1,2,1,1,1,1,1,1,2,9,6,1,1,,2,2
8,5,4,9,2013,1,1,2,2,2,1,1,1,1,1,1,1,1,2,16,6,1,1,,2,2
8,5,4,12,2013,4,1,1,2,2,4,4,1,1,1,1,1,1,2,14,10,1,1,,2,2
2,8,3,9,2013,2,1,1,2,2,1,1,1,1,1,1,3,1,1,4,5,1,1,25,2,2
6,5,2,4,2013,1,1,1,2,2,1,4,1,1,1,1,1,1,2,11,6,1,1,22,2,2
6,5,4,12,2013,1,1,1,2,2,2,2,1,1,1,1,1,1,2,14,6,1,1,,1,2
3,8,4,12,2013,3,1,1,2,2,1,1,1,1,1,1,1,1,1,14,6,1,1,32,2,2
1,7,4,11,2013,2,2,1,2,2,1,1,2,1,1,1,3,1,2,17,6,1,1,22,2,2
7,7,4,12,2013,2,1,1,2,2,1,1,1,1,1,1,3,1,1,14,6,1,3,40,2,2
2,4,4,1,2013,4,1,1,2,2,1,2,1,1,1,1,3,1,2,4,6,1,1,35,2,2
6,4,3,5,2013,2,1,1,2,2,1,1,1,1,1,1,3,1,1,4,6,1,1,57,2,2
2,4,4,7,2013,3,1,1,2,2,1,1,1,1,1,1,3,1,2,14,6,1,1,31,2,2
1,4,4,7,2013,3,1,1,2,2,1,1,1,1,1,1,3,1,2,8,6,1,1,45,2,2
6,3,4,7,2013,2,1,1,2,2,1,1,3,1,1,1,1,5,2,8,2,1,1,56,2,2
6,3,4,7,2013,1,1,1,2,2,1,2,1,1,1,1,1,5,1,2,4,1,1,,2,2
1,3,4,4,2013,1,1,4,2,1,3,1,1,1,1,3,1,2,,4,6,1,1,22,2,2
3,14,1,5,2013,4,4,1,2,2,2,2,2,2,1,1,3,1,1,19,4,1,7,30,2,2
4,14,4,3,2013,3,7,8,2,2,1,1,1,1,1,1,5,1,2,4,5,1,3,35,2,2
2,14,4,7,2013,2,4,1,2,2,1,1,1,1,1,1,5,1,,9,2,1,1,35,2,2
3,14,4,8,2013,3,7,8,2,2,1,1,4,1,1,1,5,1,1,14,2,,7,,1,2
4,14,4,12,2013,2,1,1,2,2,4,2,1,2,1,1,1,1,1,14,11,,7,,,
2,14,4,11,2013,2,1,1,1,2,1,1,1,1,1,1,1,1,1,19,5,,,,2,2
1,53,4,2,2013,3,7,1,2,2,1,1,1,1,1,1,2,1,2,13,6,1,7,,2,2
12,53,4,9,2013,4,7,1,2,2,1,3,1,1,1,1,1,1,1,9,6,1,7,,2,2
2,55,4,3,2013,2,1,1,2,2,1,4,1,1,1,1,4,1,2,14,6,1,7,,2,2
1,55,4,6,2013,3,1,1,1,1,1,1,1,1,1,1,2,1,1,11,11,1,7,,1,2
6,55,4,9,2013,2,1,1,2,2,1,1,1,1,1,1,2,1,2,5,5,1,7,30,1,2
8,54,3,6,2013,3,1,1,2,2,1,1,1,1,1,1,1,1,2,4,11,1,7,,2,2
4,54,4,11,2013,4,7,1,2,2,1,1,1,1,1,2,4,1,2,14,6,1,7,,2,2
1,56,3,1,2013,4,1,1,2,2,1,1,1,1,1,1,5,1,1,5,6,1,1,,2,2
5,56,4,11,2013,2,1,1,2,2,1,1,1,1,1,1,1,1,1,9,6,1,1,45,2,2
9,56,4,12,2013,3,1,1,2,1,1,1,1,1,1,1,1,1,2,14,11,1,7,35,2,2
3,56,4,8,2013,4,1,1,2,2,1,1,1,1,1,1,1,1,2,12,6,1,1,33,2,2
6,34,3,4,2013,1,1,1,2,2,1,2,1,1,1,1,1,1,2,14,6,1,1,,2,2
6,34,4,6,2013,4,1,1,2,2,1,1,1,1,1,1,1,1,2,9,11,1,7,,2,2
5,33,4,9,2013,1,7,1,2,2,1,1,1,1,1,1,4,1,2,4,6,2,7,,2,2
9,64,4,7,2013,4,1,1,1,1,1,3,1,1,1,1,1,1,1,14,6,1,1,,2,2
7,64,4,3,2013,3,1,4,1,1,1,1,1,1,1,1,5,1,1,14,5,1,1,40,1,2
2,64,3,11,2013,2,1,1,2,2,1,1,1,1,1,1,5,1,1,8,6,1,1,,1,2
6,64,4,8,2013,4,1,1,1,1,1,3,1,1,1,1,5,1,1,9,6,1,1,28,1,2
4,64,4,4,2013,3,1,5,2,1,1,1,1,1,1,1,5,1,1,14,5,1,1,36,2,2
4,64,4,7,2013,3,2,4,2,2,1,1,4,1,1,1,5,2,1,9,5,1,1,,1,2
11,64,4,5,2013,2,6,1,2,2,2,2,3,2,1,1,5,4,1,5,6,2,1,,2,2
9,57,4,2,2013,2,7,1,2,2,1,1,1,1,1,1,1,1,2,16,6,,7,,2,2
8,57,4,4,2013,3,7,8,2,2,1,2,1,1,1,1,1,1,2,13,6,1,1,22,2,2
9,57,4,2,2013,2,7,1,2,2,1,1,1,1,1,1,1,1,1,16,6,,1,,2,2
5,57,4,9,2013,4,7,8,1,2,1,2,1,1,1,1,3,1,2,17,5,1,1,35,2,2
1,61,3,7,2013,3,7,8,2,2,1,1,1,1,1,1,1,1,2,16,5,1,7,40,1,1
1,61,4,8,2013,2,7,8,2,2,1,1,1,1,1,1,1,1,2,9,5,1,7,25,,
1,61,4,8,2013,2,7,1,2,2,1,1,4,1,1,1,1,1,1,10,5,1,7,,,2
1,61,4,10,2013,2,7,1,2,2,1,1,1,1,1,1,1,1,2,9,11,1,7,,2,2
1,61,4,10,2013,3,2,1,2,2,1,1,1,1,1,1,1,1,2,9,11,1,,,2,2
1,61,4,6,2013,2,7,8,2,2,2,1,1,2,1,1,1,1,1,14,6,1,7,,2,2
1,61,4,5,2013,2,7,1,2,2,1,1,1,1,1,1,1,1,2,14,6,1,7,,2,2
1,61,4,5,2013,2,7,1,2,1,1,1,1,1,1,1,1,1,2,9,6,1,7,45,2,2
1,61,4,5,2013,2,7,1,2,2,1,1,1,1,1,1,1,1,2,9,11,1,7,,2,2
1,61,4,2,2013,3,7,1,2,2,1,1,1,1,1,1,1,1,2,14,5,1,7,,2,2
1,61,4,1,2013,2,7,1,2,2,1,1,1,1,1,1,1,1,2,14,11,1,7,,2,2
1,65,4,5,2013,2,7,1,2,2,2,1,2,2,1,1,1,1,2,9,6,1,1,,2,2
5,59,4,9,2013,,3,1,2,2,1,1,1,1,1,2,3,4,2,12,6,1,1,25,1,
5,59,4,11,2013,1,1,,2,2,1,1,1,1,1,1,1,1,1,17,6,,,,1,2
11,67,4,8,2013,1,7,8,1,2,1,1,3,1,1,1,3,1,2,11,1,2,6,24,2,2
5,66,1,11,2013,2,1,1,1,,1,2,2,1,1,1,3,1,2,14,2,2,1,34,1,2
1,58,1,8,2013,2,1,,1,,1,1,2,1,1,1,1,1,2,14,6,,,32,1,2
13,58,4,6,2013,2,7,1,2,2,1,2,1,1,1,1,3,1,1,14,6,1,6,,2,2
13,58,4,7,2013,4,,1,2,2,1,2,1,1,1,1,2,1,1,12,6,,,,1,2
13,58,4,9,2013,1,7,1,2,2,1,4,1,1,1,1,2,1,2,9,6,,,,1,
13,58,4,2,2013,3,7,1,2,2,1,1,2,1,1,1,2,1,2,9,6,1,6,45,2,2
2,58,4,8,2013,1,1,8,2,2,1,2,1,1,1,1,1,1,2,15,6,,,,1,
7,58,4,5,2013,2,1,1,2,2,1,1,1,1,1,1,1,1,2,15,5,2,1,,2,2
7,58,3,6,2013,3,1,1,2,2,1,1,1,1,1,1,1,1,2,14,6,,,,1,2
7,58,4,7,2013,1,1,1,2,2,1,4,1,1,1,1,1,1,2,12,10,1,6,,2,2
7,58,3,8,2013,2,1,1,2,2,1,1,1,1,1,1,1,1,2,11,5,1,1,,2,1
7,58,4,8,2013,2,1,1,2,2,1,1,1,1,1,1,1,1,2,9,5,1,1,,2,1
7,58,4,9,2013,1,1,1,2,2,1,4,1,1,1,1,1,1,2,14,6,1,1,45,2,2
7,58,4,10,2013,3,1,1,2,2,1,1,4,1,1,1,1,1,2,9,5,1,1,43,2,1
8,63,4,1,2013,2,1,,2,2,1,1,1,1,1,1,1,1,2,9,2,,,,1,2
8,63,4,9,2013,2,2,,2,2,1,1,1,1,1,1,1,1,2,15,6,,,32,,
8,63,4,3,2013,1,2,2,2,2,1,3,1,1,1,1,1,1,2,15,1,2,1,35,,2
7,63,4,5,2013,2,1,1,2,2,1,1,1,1,1,1,1,1,2,17,5,1,6,22,2,2
14,63,4,3,2013,2,7,1,2,2,1,1,1,1,1,1,1,1,2,14,6,1,1,,1,2
10,63,4,10,2013,4,1,1,2,2,1,2,1,1,1,1,3,1,2,7,6,,,,1,2
14,63,4,10,2013,1,1,1,2,2,1,1,1,2,1,1,1,1,2,9,6,,,,,
14,63,4,10,2013,1,3,1,2,2,1,1,1,1,1,1,1,1,2,10,6,1,,25,2,2
14,63,4,8,2013,2,3,1,2,2,2,2,1,2,1,1,1,1,2,13,6,1,,25,2,2
14,63,4,6,2013,3,1,2,2,2,1,3,1,1,1,1,1,1,2,12,5,,1,,1,2
1,60,4,7,2013,2,1,,2,2,1,2,1,1,1,1,4,1,2,14,6,,,,1,
1,65,4,1,2013,4,2,1,2,2,3,3,2,1,1,1,2,1,1,14,2,2,1,,2,2
13,58,4,1,2013,2,,1,2,2,1,1,2,1,1,1,2,1,2,13,6,1,1,28,2,2
1,47,4,3,2013,4,7,1,2,2,1,1,1,1,1,1,1,1,2,14,11,1,7,,2,2
9,47,3,4,2013,4,1,1,2,2,1,1,1,1,1,1,1,1,2,9,4,1,7,,2,2
9,38,4,4,2013,3,7,8,2,2,1,1,1,1,1,1,1,1,2,8,11,1,7,,2,2
2,43,4,5,2013,3,7,1,2,2,1,1,1,1,1,1,1,1,2,8,6,1,7,,2,2
2,47,4,9,2013,3,1,8,2,2,1,2,1,1,1,1,1,1,2,9,5,1,7,,2,2
5,45,4,10,2013,4,1,1,2,2,1,1,1,1,1,1,1,1,2,8,11,1,7,,2,2
1,47,4,10,2013,4,1,4,2,2,1,1,1,1,1,1,1,1,2,8,11,1,7,,2,2
9,47,4,10,2013,4,1,8,2,2,1,1,1,1,1,1,1,1,2,9,11,1,7,,2,2
2,39,4,6,2013,3,2,6,2,2,2,1,1,1,1,1,1,1,2,11,6,1,7,,2,2
4,35,4,7,2013,4,1,1,2,2,2,1,1,1,1,1,1,1,2,9,9,1,7,,2,2
9,47,4,1,2013,3,1,1,2,2,1,1,1,1,1,1,1,1,2,14,5,1,7,,2,2
1,38,4,9,2013,3,1,1,2,2,1,1,1,1,1,1,1,1,2,14,6,1,7,30,2,2
1,39,4,2,2013,3,1,1,2,2,1,1,1,1,1,1,1,1,2,14,6,1,7,37,2,2
1,46,4,10,2013,2,7,1,2,2,1,1,1,1,1,1,1,1,2,9,11,1,7,,2,2
3,44,4,5,2013,4,7,1,2,2,1,1,1,1,1,1,1,1,2,15,11,1,7,21,2,2
3,41,4,7,2013,3,7,1,2,2,1,1,1,1,1,1,1,1,2,9,9,1,7,,2,2
5,40,4,5,2013,3,1,1,2,2,1,1,1,1,1,1,1,1,2,5,6,1,7,20,2,2
5,40,1,3,2013,1,1,1,2,2,1,1,1,1,1,1,1,1,2,9,11,1,7,,2,2
1,40,3,6,2013,2,1,1,2,2,1,1,1,1,1,1,1,1,2,8,11,1,7,,2,2
1,40,4,1,2013,3,7,1,2,2,1,1,1,1,1,1,1,1,2,14,11,1,7,,2,2
1,40,1,2,2013,3,1,1,2,2,1,1,1,1,1,1,1,1,2,14,5,1,7,28,2,2
6,40,4,8,2013,4,7,1,2,2,1,1,1,1,1,1,1,1,2,9,11,1,7,,2,2
3,34,3,12,2013,4,7,1,2,2,1,1,1,1,1,1,2,1,2,8,11,1,7,,2,2
1,49,4,12,2013,3,7,1,2,2,1,1,1,1,1,1,2,1,2,14,6,1,7,,2,2
1,41,4,12,2013,2,7,1,2,2,2,1,1,1,1,1,1,1,2,8,11,1,7,,2,2
2,45,4,8,2013,4,1,1,2,2,1,1,1,1,1,1,1,1,2,14,11,1,7,,2,2
2,47,1,8,2013,4,1,8,2,2,1,1,1,1,1,1,1,1,2,14,2,1,7,,2,2
3,38,3,3,2013,2,1,4,2,1,1,1,1,1,1,1,1,1,2,13,11,1,7,42,2,2
32,42,3,1,2013,4,7,8,2,2,1,2,2,1,1,1,5,1,1,4,1,1,1,23,2,2
13,42,3,1,2013,3,7,8,1,2,1,1,1,1,1,1,1,1,1,8,1,1,7,30,1,2
25,42,4,1,2013,4,5,1,1,2,1,3,1,1,1,1,5,1,1,4,1,1,1,32,2,2
43,42,4,1,2013,3,1,1,1,1,1,1,1,1,1,1,5,1,1,9,6,1,1,25,2,2
23,42,2,2,2013,2,7,8,1,1,1,3,3,1,1,1,1,1,1,15,6,1,7,25,2,1
18,42,4,2,2013,4,1,1,2,1,1,2,1,1,1,1,5,1,1,6,5,1,1,35,1,2
25,42,4,3,2013,3,7,8,2,1,1,1,1,1,1,1,1,1,2,9,6,1,1,30,1,2
12,42,3,3,2013,3,3,8,2,1,1,3,1,1,1,1,5,1,1,10,3,1,1,25,2,1
15,42,2,4,2013,1,7,1,1,1,1,2,1,1,1,1,5,1,1,7,6,1,1,30,2,2
22,42,4,4,2013,3,1,2,2,1,1,1,1,1,1,1,1,1,1,9,6,1,1,28,1,2
16,42,4,5,2013,1,7,8,2,2,1,2,1,1,1,1,5,1,1,7,6,1,1,35,2,2
16,42,4,3,2013,3,1,4,2,1,1,1,1,1,1,1,1,1,1,9,6,1,1,38,2,2
13,42,1,4,2013,3,7,8,2,1,1,3,1,1,1,1,1,1,1,10,6,1,1,50,2,2
34,42,4,5,2013,3,1,1,2,2,1,1,1,1,1,1,5,1,1,11,6,1,1,30,2,2
23,42,2,6,2013,4,4,6,1,1,1,3,1,1,1,1,5,1,1,10,2,1,1,30,2,1
44,42,3,6,2013,4,1,4,2,2,1,3,1,1,1,1,5,1,1,7,6,1,1,40,1,2
28,42,4,6,2013,4,3,1,1,2,1,3,1,1,1,1,5,1,1,4,2,1,1,35,2,2
47,42,4,6,2013,2,2,4,1,2,1,1,1,1,1,1,5,1,1,2,3,1,1,35,2,2
29,42,4,2,2013,2,1,4,2,1,1,2,1,1,1,1,5,1,1,6,6,1,1,25,2,2
29,42,3,4,2013,4,2,1,2,1,1,3,1,1,1,1,5,5,1,14,5,1,1,48,2,2
29,42,4,5,2013,3,2,1,2,1,1,3,1,1,1,1,5,1,1,14,6,1,1,28,2,2
42,42,4,6,2013,2,1,4,1,1,1,2,1,1,1,1,1,1,1,4,6,1,1,25,2,2
9,42,3,3,2013,3,1,4,1,1,1,1,1,1,1,1,5,1,1,10,6,1,1,38,2,2
9,42,2,5,2013,1,2,4,1,1,1,2,1,1,1,1,5,1,1,14,6,1,1,28,2,2
9,42,2,6,2013,2,1,1,1,1,1,1,1,1,1,1,5,1,1,5,6,1,1,30,2,2
9,42,2,7,2013,4,1,1,1,1,1,3,1,1,1,1,5,1,1,14,6,1,1,33,2,2
8,42,4,7,2013,4,4,4,2,1,1,3,1,1,1,1,5,1,1,6,6,1,1,25,2,2
37,42,3,8,2013,4,2,8,2,1,1,3,1,1,1,1,1,1,1,4,4,1,7,20,2,1
37,42,2,8,2013,4,1,8,2,1,1,2,1,1,1,1,5,1,1,10,6,1,1,25,2,2
7,42,4,8,2013,2,1,1,2,1,1,1,1,1,1,1,5,1,1,9,5,1,1,32,2,2
44,42,3,8,2013,2,2,3,1,1,1,2,1,1,1,1,5,1,1,8,4,1,1,50,1,2
1,42,1,3,2013,4,3,1,2,1,1,3,1,1,1,1,5,1,1,7,6,1,1,37,2,2
14,42,4,9,2013,1,1,1,1,2,1,3,1,1,1,1,1,1,1,12,7,1,1,28,2,2
39,42,3,10,2013,4,3,1,2,1,1,3,1,1,1,1,5,1,1,10,4,1,1,40,1,2
13,42,3,11,2013,3,1,8,1,1,1,1,1,1,1,1,1,1,1,9,6,1,1,30,2,2
3,42,3,11,2013,3,1,2,2,1,1,1,1,1,1,1,5,1,1,6,2,1,1,22,2,2
42,42,1,12,2013,2,1,2,1,1,1,1,1,1,1,1,1,5,1,12,1,1,1,30,1,2
15,42,1,12,2013,2,7,4,1,1,1,1,1,1,1,1,5,1,1,9,6,1,1,45,2,2
27,42,1,8,2013,2,1,4,2,1,1,1,1,1,1,1,5,1,1,9,6,1,1,40,2,2
10,42,1,11,2013,3,7,8,1,1,1,1,1,1,1,1,5,1,1,6,11,1,7,26,2,2
10,42,3,11,2013,3,1,8,2,1,1,1,1,1,1,1,5,1,1,6,11,1,7,26,1,2
33,42,1,2,2013,2,1,2,2,1,3,1,1,1,1,1,1,1,1,5,1,1,2,25,2,1
1,42,4,8,2013,4,6,8,2,1,1,3,1,1,1,1,5,1,1,9,6,1,7,30,2,2
4,26,4,1,2013,2,1,1,1,2,1,1,1,1,1,1,2,1,2,9,6,1,7,,1,2
6,21,3,4,2013,1,1,8,2,2,1,4,1,1,1,1,1,1,2,14,6,2,7,,1,2
7,25,3,5,2013,2,1,1,1,2,1,1,1,1,1,1,4,1,2,14,6,2,1,,1,2
7,25,3,5,2013,4,1,1,2,2,1,2,1,1,1,1,3,1,2,4,6,2,7,32,1,2
5,26,4,9,2013,3,5,1,2,2,1,1,2,1,1,1,1,1,2,9,1,2,1,23,1,2
1,29,4,2,2013,3,1,1,2,2,1,1,1,1,1,1,2,1,1,14,5,1,1,40,2,2
5,29,3,5,2013,,1,1,2,2,1,1,1,1,1,1,2,1,1,9,5,1,7,,1,2
4,20,4,5,2013,2,1,1,2,2,1,1,1,1,1,1,3,1,1,4,6,2,7,37,1,2
6,21,4,3,2013,4,7,1,2,2,1,4,1,1,1,1,1,1,1,14,10,1,7,,1,2
1,25,4,6,2013,3,1,1,2,2,1,1,1,1,1,1,1,1,2,4,6,1,3,,1,2
1,25,4,12,2013,1,1,3,2,2,1,1,3,1,1,1,4,1,2,4,6,2,3,,1,2
1,18,1,6,2013,3,7,1,2,2,1,1,1,1,1,1,1,1,1,14,6,1,1,40,1,2
1,18,4,7,2013,1,7,1,2,2,1,4,2,1,1,1,1,1,1,14,11,1,7,,1,2
1,18,4,11,2013,1,1,1,2,2,1,1,1,1,1,1,2,1,1,14,5,1,1,30,2,2
6,18,4,10,2013,2,1,1,2,2,1,1,2,1,1,1,1,1,1,9,6,1,1,46,2,2
7,18,1,7,2013,1,7,1,2,2,1,1,1,1,1,1,1,1,1,9,11,,,,2,2
1,18,3,2,2013,2,1,1,2,2,1,1,1,1,1,1,5,1,2,4,6,1,7,36,1,2
6,21,3,4,2013,1,1,8,2,1,4,1,1,1,1,1,1,2,,14,6,2,2,,2,2
5,25,4,3,2013,2,1,1,2,2,1,1,1,1,1,1,3,1,2,8,5,1,1,35,2,2
6,18,4,9,2013,1,1,1,1,2,1,4,1,1,1,1,3,1,2,14,10,1,3,22,2,2
5,28,4,5,2013,2,1,1,2,1,1,1,1,1,1,1,4,1,1,14,11,1,1,20,1,2
5,28,4,8,2013,3,1,1,2,1,2,1,1,2,1,1,5,1,1,9,2,1,1,47,1,2
1,28,4,9,2013,4,1,1,2,1,1,2,1,1,1,1,5,1,1,9,6,1,1,26,1,2
2,28,3,10,2013,2,1,1,2,2,1,1,1,1,1,1,5,1,1,10,5,1,1,,2,2
6,13,4,1,2013,3,1,4,2,1,1,1,1,1,1,1,1,1,2,13,6,1,3,,2,2
8,13,4,3,2013,1,1,1,2,2,1,1,1,1,1,1,1,1,1,14,6,1,1,,2,2
5,13,4,3,2013,4,1,1,1,2,1,2,1,1,1,1,2,1,2,14,4,2,1,,1,2
8,13,1,5,2013,3,1,1,2,2,1,1,1,1,1,1,1,1,2,6,6,1,1,35,1,2
5,13,4,6,2013,2,2,1,2,2,1,1,1,1,1,1,1,1,1,8,6,1,1,35,2,2
8,13,4,7,2013,2,1,1,1,2,1,1,1,1,1,1,1,2,2,9,6,,1,,2,2
1,12,4,6,2013,2,7,1,2,2,1,1,1,1,1,2,2,1,2,4,6,1,7,20,2,2
3,13,4,11,2013,2,1,1,1,2,1,1,1,1,1,1,2,1,2,14,6,2,1,,1,2
1,11,4,4,2013,4,3,1,2,2,1,2,1,1,1,1,5,1,1,19,6,2,7,25,2,2
5,17,4,8,2013,4,1,1,2,2,1,3,1,1,1,1,3,1,2,1,6,1,3,,2,2
12,9,4,4,2013,2,1,1,1,2,1,1,1,1,1,1,1,1,2,13,6,1,1,,1,2
12,9,4,6,2013,3,1,1,1,2,1,1,1,1,1,1,1,1,2,9,4,1,7,,1,2
1,17,4,2,2013,2,2,1,2,2,4,1,1,1,1,1,1,1,2,14,6,1,1,,1,2
9,16,4,10,2013,2,1,1,2,2,1,1,1,1,1,1,1,1,2,5,6,1,1,50,2,2
11,16,4,4,2013,1,1,1,2,2,1,1,1,1,1,1,1,1,2,14,6,1,1,35,2,2
7,16,4,10,2013,2,1,2,2,2,1,1,1,1,1,1,1,1,2,5,10,1,1,50,2,2
1,9,4,6,2013,1,1,1,2,2,2,4,1,2,1,1,1,1,2,16,5,1,1,,2,2
1,2,4,5,2013,3,1,1,2,2,1,1,1,1,1,1,1,1,1,10,6,1,1,,2,1
4,8,1,4,2013,4,1,1,2,2,1,2,1,2,1,1,1,1,2,9,6,1,1,,2,2
1,2,4,11,2013,2,1,1,2,2,1,1,1,1,1,1,4,1,2,1,6,1,1,30,2,2
6,3,3,5,2013,3,1,1,2,2,1,1,1,1,1,1,1,1,2,10,6,1,1,,2,2
3,8,4,5,2013,4,1,1,2,2,1,4,1,1,1,1,1,1,2,9,6,1,1,,2,2
4,8,4,7,2013,2,1,1,2,2,1,2,1,1,1,1,1,1,2,9,6,1,1,50,2,2
3,8,4,7,2013,1,1,1,2,2,1,1,1,1,1,1,1,1,2,14,6,1,1,34,2,2
8,5,4,12,2013,1,1,8,2,1,1,1,1,1,1,1,1,1,2,9,6,1,1,,2,2
6,5,4,1,2013,4,1,1,2,2,1,4,1,1,1,1,1,1,2,9,6,1,1,,2,2
4,5,1,7,2013,2,1,1,2,2,1,1,1,1,1,1,2,1,2,9,6,1,1,30,2,2
7,3,4,8,2013,2,3,1,2,2,2,1,1,2,1,1,2,1,1,8,1,1,1,45,2,2
6,3,4,4,2013,3,1,1,2,2,1,1,1,1,1,1,1,1,2,10,4,1,1,25,2,2
6,70,4,5,2013,3,3,1,2,2,1,1,1,1,1,1,2,1,2,13,6,1,1,35,2,2
1,70,3,1,2013,3,2,4,2,2,1,1,1,1,1,1,5,2,1,5,5,1,1,35,2,2
1,70,4,6,2013,4,1,2,2,2,1,3,1,1,1,1,5,2,1,14,5,1,1,30,1,2
3,70,4,2,2013,3,7,8,2,2,1,1,1,1,1,1,5,1,2,5,6,1,1,35,2,2
3,70,4,3,2013,4,7,1,2,2,1,4,1,1,1,1,5,1,2,5,6,1,7,30,2,2
5,70,4,2,2013,3,1,1,2,2,1,1,1,1,1,1,5,3,2,8,6,1,1,30,2,2
5,70,4,3,2013,4,7,1,2,2,1,4,1,1,1,1,5,1,2,14,6,1,1,30,2,2
2,70,4,2,2013,3,1,1,2,2,1,1,1,1,1,1,5,1,1,5,6,1,1,26,2,2
3,53,4,1,2013,3,7,1,2,2,1,1,1,1,1,1,2,1,2,19,2,1,7,,2,2
12,53,4,2,2013,2,5,8,2,2,1,2,1,1,1,1,2,1,2,13,11,1,7,,1,2
6,53,4,2,2013,4,7,1,2,2,1,1,1,1,1,1,2,1,2,4,11,1,7,32,2,2
5,53,4,6,2013,4,1,1,2,2,1,1,1,1,1,1,4,1,2,6,4,1,1,48,2,2
12,53,4,5,2013,4,3,1,2,2,1,1,1,1,1,1,2,4,2,8,6,1,7,,2,2
6,55,4,7,2013,3,7,1,2,2,1,1,2,1,1,1,1,1,2,9,2,1,7,50,2,2
1,55,4,8,2013,4,3,1,1,2,1,1,1,1,1,1,1,1,2,9,6,2,1,,2,2
1,55,4,9,2013,4,2,1,1,2,1,1,1,1,1,1,1,1,2,9,1,2,1,,2,2
6,55,4,4,2013,2,1,1,2,2,1,1,1,1,1,1,1,1,2,9,5,1,7,,2,2
11,54,3,4,2013,2,3,6,2,2,1,1,1,1,1,1,1,1,2,10,6,,1,,2,2
11,54,4,3,2013,4,1,8,2,2,1,1,1,1,1,1,1,1,2,13,11,1,1,30,1,2
8,54,4,1,2013,4,7,1,2,2,1,1,1,1,1,1,1,1,2,14,6,1,7,35,2,2
11,54,4,10,2013,2,1,8,2,2,1,1,1,1,1,1,1,1,2,9,5,1,7,45,2,2
11,54,4,10,2013,3,2,1,1,2,1,2,1,1,1,1,1,1,2,9,9,2,1,,2,2
3,56,4,1,2013,3,7,1,2,2,1,1,1,1,1,1,1,1,2,14,5,1,1,35,2,2
1,56,4,3,2013,4,3,1,2,2,1,2,1,1,1,1,2,1,2,10,5,1,1,,2,2
7,56,4,3,2013,4,7,1,2,2,1,4,1,1,1,1,1,1,2,14,2,1,7,32,2,2
3,56,4,4,2013,4,7,1,2,2,1,1,1,1,1,1,1,1,2,9,6,1,7,,2,2
8,56,4,11,2013,4,7,1,1,2,1,1,1,1,1,1,2,1,2,6,6,1,1,23,2,2
7,56,4,3,2013,1,7,1,2,2,1,1,1,1,1,1,1,1,2,14,2,1,1,,2,2
2,54,4,1,2013,3,3,1,1,2,4,2,1,1,1,1,2,1,2,12,6,1,1,32,2,2