Thana,District,Accident_Severity,Month,Year,Time,Junction_Type,Traffic_Control,Movement,Divider,Weather,Light,Road_Geometry,Surface_Condition,Surface_Type,Surface_Quality,Road_Class,Road_Feature,Location_Type,Vehicle_Type,Vehicle_Movement,Vehicle_Loading,Vehicle_Defect,Vehicle_Driver_Age,Vehicle_Alcohol,Vehicle_Seat_Belt
1,32,4,2,2013,1,7,8,2,2,1,1,1,1,1,1,1,1,1,4,6,1,7,50,2,2
11,64,3,5,2013,3,1,1,2,2,1,1,1,1,1,1,5,1,1,10,6,1,1,,2,1
7,58,4,10,2013,1,1,1,2,2,1,4,1,1,1,1,1,1,2,14,6,1,,,,2
1,7,4,9,2013,3,1,1,2,2,1,1,1,1,1,1,2,1,2,4,6,1,1,55,1,2
13,3,4,12,2013,2,1,1,2,2,1,1,2,1,1,1,2,1,2,4,6,1,1,23,2,2
3,8,4,9,2013,1,1,2,2,1,1,2,1,1,1,1,1,1,2,4,9,1,1,30,2,2
4,55,4,8,2013,2,7,1,2,2,1,1,1,1,1,1,2,1,2,9,6,1,7,,1,2
11,54,4,11,2013,3,1,8,2,2,1,1,1,1,1,1,1,1,2,5,11,1,7,,2,2
1,59,4,1,2013,1,7,5,,,1,3,1,1,1,1,4,1,1,14,6,1,1,,2,2
1,61,4,9,2013,2,3,8,2,2,1,1,1,1,1,1,1,1,2,16,5,1,7,,1,2
1,67,1,7,2013,3,5,8,2,2,1,1,2,1,1,1,3,1,1,11,1,1,,37,2,2
1,66,3,3,2013,1,3,1,2,2,1,2,1,1,1,1,5,1,1,12,10,1,7,,1,2
1,58,4,11,2013,3,4,3,2,1,1,2,2,1,1,1,1,1,1,14,6,,,,1,2
2,58,1,7,2013,3,1,1,1,2,1,1,1,1,1,1,1,1,2,14,6,,1,,2,2
3,39,4,5,2013,3,7,8,2,2,1,1,1,1,1,1,1,1,2,9,11,1,7,,2,2
1,39,4,4,2013,3,7,1,2,2,1,1,1,1,1,1,1,1,2,9,11,1,7,,2,2
12,51,1,11,2013,4,2,1,2,2,1,1,1,1,1,1,1,1,2,1,11,1,7,26,2,2
46,42,3,1,2013,2,7,1,2,2,4,2,1,1,1,1,5,1,2,12,6,1,1,25,2,2
46,42,3,1,2013,2,4,8,2,2,1,1,2,1,1,1,5,1,1,8,6,1,7,32,1,2
1,28,4,9,2013,4,7,8,2,1,1,2,1,1,1,1,5,1,1,9,11,1,1,26,1,2
3,70,4,1,2013,3,1,1,2,2,1,1,1,1,1,1,5,1,2,14,6,1,3,45,2,2
3,56,1,9,2013,3,3,7,1,2,1,1,1,1,1,1,5,1,1,14,11,1,7,27,2,2
7,55,4,2,2013,2,1,8,2,2,1,2,1,1,1,1,2,1,2,1,6,1,1,35,2,2
4,55,4,3,2013,1,7,1,2,2,1,1,2,1,1,1,2,1,2,12,1,1,7,35,2,2
7,55,4,4,2013,3,1,8,2,1,1,1,1,1,1,1,2,1,2,14,5,1,7,,2,2
1,55,4,8,2013,4,7,1,2,2,1,1,1,1,1,1,1,1,2,12,6,1,5,30,2,2
6,54,4,6,2013,2,1,8,2,1,4,1,1,1,1,2,1,2,2,11,11,1,7,50,2,2
7,54,4,9,2013,4,1,1,2,2,1,1,4,1,1,1,1,1,2,14,6,1,1,,2,2
3,56,4,3,2013,4,7,1,2,2,1,2,1,1,1,1,1,1,2,14,6,1,1,40,2,2
7,56,4,4,2013,4,7,1,2,2,1,4,1,1,1,1,1,1,2,14,6,2,7,35,2,2
7,56,4,7,2013,4,1,1,2,2,1,1,1,1,1,1,1,1,2,17,6,1,7,25,2,2
8,56,4,7,2013,1,1,2,2,1,4,1,1,1,1,1,1,2,,14,6,2,1,,2,2
1,56,4,8,2013,4,7,1,2,2,1,1,1,1,1,1,5,1,1,19,6,1,1,20,2,2
7,56,4,8,2013,4,7,1,2,2,1,4,1,1,1,1,1,1,2,14,2,2,5,28,2,2
2,69,3,7,2014,3,1,1,2,2,1,1,1,1,1,1,1,1,2,14,6,2,1,24,2,2
4,69,4,12,2014,3,1,1,2,2,1,1,1,1,1,1,1,1,1,14,8,1,1,,2,2
4,34,4,2,2014,3,4,1,2,2,1,1,1,1,1,1,1,1,2,9,6,,,,2,2
2,27,4,2,2014,2,1,4,2,2,1,1,2,1,1,1,1,1,2,8,6,1,7,,2,2
3,27,4,3,2014,3,1,1,2,2,1,1,1,5,1,1,4,4,2,19,6,1,7,,2,2
1,30,3,1,2014,4,2,1,2,2,1,1,1,1,1,1,1,1,1,10,1,1,7,40,2,2
4,33,4,2,2014,2,7,8,2,2,1,2,1,1,1,1,1,1,2,19,6,1,7,,2,2
4,32,4,6,2014,2,7,1,2,1,2,1,1,1,1,1,1,2,,9,6,1,1,,2,2
1,30,4,4,2014,1,1,1,2,2,1,1,1,1,1,1,1,1,1,14,6,1,1,,2,2
6,34,3,12,2014,3,1,1,2,1,1,1,1,1,1,1,1,1,1,14,6,1,1,,2,2
3,32,4,12,2014,3,3,1,2,2,1,1,1,1,1,1,1,1,2,9,6,1,1,28,2,2
3,32,4,8,2014,3,1,1,2,2,2,1,1,2,1,1,1,1,2,9,6,1,1,,2,2
3,32,4,7,2014,2,1,1,2,2,2,2,1,2,1,1,2,1,2,7,6,1,1,,2,2
4,32,4,10,2014,3,1,1,2,2,1,1,2,1,1,1,2,1,2,7,1,1,1,,2,2
4,32,4,11,2014,,1,1,2,2,1,1,2,1,1,1,2,1,2,14,2,1,1,,2,2
1,30,4,10,2014,2,1,1,2,2,1,1,1,1,1,1,1,2,2,9,5,1,1,32,2,2
1,32,4,10,2014,2,1,1,2,2,1,3,1,1,1,2,1,2,2,9,6,1,1,,2,2
5,33,4,11,2014,1,1,1,2,2,1,2,1,1,1,1,2,1,2,9,1,1,1,50,1,2
1,5,4,11,2014,3,1,1,2,2,4,1,1,1,1,1,4,1,2,4,5,1,1,25,2,2
4,34,4,12,2014,4,1,1,2,2,1,1,1,1,1,2,3,1,1,9,6,1,1,45,1,2
1,64,3,9,2014,3,3,1,1,1,1,1,1,1,1,1,5,1,1,10,6,1,3,23,2,2
1,64,4,11,2014,4,2,6,2,1,1,2,1,1,1,1,5,1,1,14,5,1,1,,2,2
3,64,4,5,2014,4,3,1,2,1,1,2,1,1,1,1,5,1,1,8,6,1,1,24,1,2
3,64,3,9,2014,3,1,1,2,1,1,1,3,1,1,2,2,1,1,14,6,1,1,,2,2
4,64,3,11,2014,1,2,5,2,2,1,3,1,1,1,1,5,1,1,14,6,1,1,,1,2
4,64,4,12,2014,4,1,1,2,1,1,3,1,1,1,1,5,1,1,14,6,1,1,,1,2
6,64,4,1,2014,1,2,6,2,2,1,3,1,1,1,1,5,1,1,9,6,1,1,,1,2
9,64,4,11,2014,3,1,1,2,2,1,1,1,1,1,1,1,1,1,14,6,1,1,35,1,2
13,64,3,7,2014,3,1,1,2,2,1,1,1,1,1,1,1,1,1,13,6,1,1,24,1,2
14,64,4,4,2014,4,4,4,2,2,1,3,2,1,1,1,5,1,1,14,5,1,1,25,2,2
14,64,4,12,2014,2,1,2,2,2,1,1,1,1,1,1,5,1,1,8,6,1,1,,1,2
16,64,3,7,2014,4,1,1,2,2,1,4,1,1,1,1,5,1,1,4,6,1,1,22,2,2
7,65,4,4,2014,3,1,1,2,2,1,1,2,1,1,1,1,1,2,9,6,,,,1,2
2,65,4,4,2014,3,1,1,2,2,1,1,1,1,1,1,2,1,2,12,6,1,1,,2,2
4,59,4,2,2014,2,7,1,2,2,1,1,1,1,1,1,2,1,2,14,6,1,1,35,2,1
2,59,4,3,2014,3,7,1,2,2,1,1,1,1,1,1,4,1,2,17,7,,,,1,2
1,59,4,4,2014,1,7,1,2,2,1,1,1,1,1,1,2,1,2,14,6,,1,40,1,2
14,63,4,4,2014,1,1,1,2,1,1,4,1,1,1,1,1,1,2,12,6,,,,1,2
14,63,4,5,2014,2,1,,2,2,1,2,1,1,1,1,1,1,2,9,6,,,40,,
14,63,4,5,2014,2,1,1,2,2,1,1,1,1,1,1,1,1,1,9,5,1,1,40,2,2
16,63,4,6,2014,1,1,1,1,1,1,2,1,5,1,1,1,1,2,19,10,1,7,41,2,2
16,63,4,10,2014,2,1,1,2,2,1,2,1,1,1,1,1,1,2,9,4,1,7,50,2,2
16,63,4,10,2014,1,3,2,2,1,1,3,1,1,1,1,1,1,1,14,6,1,1,38,1,2
9,63,3,1,2014,,1,1,2,1,1,2,1,1,1,1,1,1,2,13,6,1,3,,2,2
9,63,4,6,2014,,1,,1,,1,2,1,1,1,1,1,1,2,13,2,1,3,,,
9,63,4,6,2014,3,1,1,1,1,1,1,1,1,1,1,1,1,2,7,1,,,40,,
9,63,2,8,2014,1,1,,,,1,4,1,1,1,1,1,1,2,5,5,1,1,28,2,2
9,63,4,9,2014,4,1,,,,1,2,1,1,1,1,1,1,2,13,5,1,,30,,2
9,63,4,10,2014,4,1,4,2,1,1,3,1,1,1,1,1,1,2,14,4,1,3,25,2,2
9,63,3,10,2014,4,1,4,2,1,1,3,1,1,1,1,1,1,2,9,6,1,3,,2,2
5,63,4,12,2014,3,1,,2,2,1,1,1,1,1,1,2,1,2,14,2,,,,,
1,63,3,12,2014,3,1,1,2,2,1,1,1,1,1,1,4,1,2,9,1,,,,,
7,65,4,8,2014,3,1,1,2,2,1,1,2,1,1,1,1,1,2,4,2,1,1,,2,2
2,65,4,11,2014,2,,1,2,2,1,2,1,1,1,1,1,1,2,14,6,1,,,2,2
6,58,4,2,2014,2,7,8,2,2,1,1,1,1,1,1,1,1,1,12,11,,,,,
6,58,4,3,2014,3,7,8,2,2,1,1,1,1,1,1,4,1,2,5,6,,,,,
6,58,4,5,2014,3,7,8,2,2,1,1,1,1,1,1,1,1,1,9,6,,,,,
6,58,4,7,2014,3,7,8,2,2,1,1,1,1,1,1,1,1,1,14,6,,,,,
4,58,4,5,2014,3,1,5,2,2,1,1,1,1,1,1,2,1,2,5,6,1,,,,
7,57,4,9,2014,3,2,1,2,2,1,1,1,1,1,1,2,1,2,5,1,1,1,30,2,2
3,57,4,7,2014,1,2,,2,2,1,3,1,1,1,1,1,1,2,15,11,1,,28,1,2
3,57,4,8,2014,4,2,,2,2,1,4,1,1,1,1,1,1,2,5,6,1,,,,
3,57,4,1,2014,4,7,1,2,2,1,2,1,1,1,1,1,,2,14,6,,,,,
8,57,4,3,2014,3,7,1,2,2,1,1,1,1,1,1,1,1,2,11,6,,,,1,2
6,60,4,7,2014,2,7,1,2,1,1,4,1,1,1,1,1,1,1,13,11,1,1,32,2,2
6,60,4,3,2014,2,7,1,2,2,1,1,1,1,1,1,1,1,1,14,11,1,7,,2,2
3,60,4,4,2014,2,1,1,2,2,1,4,1,1,1,1,2,1,2,5,6,,,32,1,2
1,61,4,4,2014,4,7,1,2,2,1,4,1,1,1,2,1,1,2,14,11,1,,,2,2
1,61,4,10,2014,4,7,8,2,2,2,2,1,2,1,1,1,1,2,4,11,1,7,,2,2
1,61,4,10,2014,3,7,8,2,2,1,1,1,1,1,1,1,1,2,19,6,,,,,
2,61,4,9,2014,3,1,8,2,2,1,1,1,1,1,1,2,1,2,14,4,1,1,29,2,2
5,67,4,10,2014,2,1,8,2,2,1,1,4,1,1,1,4,4,2,14,3,2,,,1,2
5,66,4,11,2014,2,1,1,2,2,1,1,1,1,1,1,2,1,1,9,7,,,40,,2
8,66,4,10,2014,3,1,8,2,2,1,1,4,1,1,2,1,1,2,8,2,,1,35,2,2
9,66,4,12,2014,3,4,1,2,2,1,1,2,1,1,1,1,1,2,8,6,,,,,
9,66,4,5,2014,4,7,1,2,2,2,4,4,2,1,1,1,1,2,9,6,,,40,,
9,66,4,5,2014,3,,8,2,2,2,1,2,2,1,1,1,1,2,9,2,1,1,,1,2
2,61,4,9,2014,3,1,8,2,2,1,1,1,1,1,1,2,1,2,14,4,1,1,29,2,2
1,61,4,12,2014,2,,4,2,2,1,1,1,1,1,1,1,1,1,15,6,1,,24,2,2
15,58,4,2,2014,4,7,8,2,2,1,2,1,1,1,1,2,1,2,19,6,,,,,2
7,58,4,12,2014,1,4,2,2,1,2,2,2,1,1,3,1,3,2,12,5,,,,1,2
7,58,4,11,2014,3,,1,2,1,1,1,1,1,1,1,1,1,2,12,8,,,,,2
7,58,4,8,2014,3,2,1,1,2,1,1,1,1,1,1,1,1,2,9,6,,,,1,2
5,58,4,2,2014,3,1,1,2,2,1,1,1,1,1,1,1,1,2,7,6,1,1,30,2,2
5,58,3,4,2014,1,3,1,1,2,1,4,1,1,1,3,1,1,2,9,1,1,1,,2,1
10,47,3,2,2014,3,7,1,2,2,1,1,1,1,1,1,2,1,2,8,4,1,7,,2,2
5,39,4,3,2014,1,7,1,2,2,1,1,1,1,1,1,2,1,2,14,11,1,7,30,2,2
1,52,4,2,2014,3,2,1,2,2,1,1,1,1,1,1,2,1,2,14,11,1,7,,2,2
1,52,4,2,2014,4,2,1,2,2,1,1,1,1,1,1,2,1,2,9,11,1,7,,2,2
4,47,4,3,2014,3,7,1,2,2,1,1,1,1,1,1,2,1,2,14,11,1,7,,2,2
6,37,4,3,2014,4,7,1,2,2,1,1,1,1,1,1,2,1,2,14,11,1,7,42,2,2
9,52,3,3,2014,2,7,1,2,2,1,1,1,1,1,1,2,1,2,6,11,1,7,,2,2
1,39,4,4,2014,2,1,1,2,2,1,1,1,1,1,1,2,1,2,9,11,1,7,,2,2
5,45,3,3,2014,4,1,1,2,2,1,1,1,1,1,1,2,1,2,14,11,1,7,,2,2
5,45,4,3,2014,3,1,1,2,2,1,1,1,1,1,1,2,1,2,10,11,1,7,,2,2
3,38,4,3,2014,2,1,1,2,2,1,1,1,1,1,1,2,1,2,11,11,1,7,,2,2
1,37,3,4,2014,1,3,1,2,2,1,1,1,1,1,1,2,1,2,19,11,1,7,1,2,2
1,45,3,4,2014,4,1,1,2,2,1,1,1,1,1,1,2,1,2,14,11,1,7,,2,2
6,45,4,4,2014,4,1,1,2,2,1,1,1,1,1,1,2,1,2,9,11,1,7,35,2,2
6,38,4,4,2014,1,3,1,2,2,1,1,1,1,1,1,1,1,2,17,11,1,7,,2,2
1,38,4,4,2014,4,3,1,2,2,1,1,1,1,1,1,2,1,2,9,6,1,7,49,2,2
3,44,4,2,2014,3,1,1,2,2,1,1,1,1,1,1,2,1,2,14,11,1,7,22,2,2
12,51,4,4,2014,3,1,1,2,2,1,1,1,1,1,1,2,1,2,9,11,1,7,,2,2
3,40,4,3,2014,3,3,1,2,2,1,1,1,1,1,1,2,1,2,9,11,1,7,,2,2
5,46,4,4,2014,4,1,1,2,2,1,1,1,1,1,1,2,1,2,9,11,1,7,,2,2
1,46,4,1,2014,4,7,1,2,2,1,1,1,1,1,1,2,1,2,2,11,1,7,,2,2
1,46,4,4,2014,3,7,1,2,2,1,1,1,1,1,1,2,1,2,9,11,1,7,,2,2
6,46,4,5,2014,2,7,1,2,2,2,1,1,1,1,1,2,1,2,9,11,1,7,,2,2
6,46,4,5,2014,2,7,1,2,2,1,1,1,1,1,1,2,1,2,9,11,1,7,18,2,2
4,50,3,2,2014,3,7,1,2,2,1,1,1,1,1,1,2,1,2,4,11,1,7,,2,2
2,50,4,1,2014,4,7,1,2,2,1,1,1,1,1,1,2,1,2,9,11,1,7,22,2,2
2,50,4,4,2014,4,7,1,2,2,2,1,1,1,1,1,2,1,2,9,11,1,7,,2,2
2,50,4,5,2014,4,7,1,2,2,1,1,1,1,1,1,2,1,2,9,11,1,7,,2,2
6,40,4,5,2014,2,7,1,2,2,1,1,1,1,1,1,2,1,2,9,11,1,7,,2,2
1,49,4,5,2014,3,7,1,2,2,1,1,1,1,1,1,2,1,2,19,11,1,7,,2,2
2,47,4,6,2014,2,1,1,2,2,1,1,1,1,1,1,1,1,2,13,11,1,7,37,2,2
3,39,4,6,2014,1,1,1,2,2,1,1,1,1,1,1,2,1,2,9,11,1,7,,2,2
4,44,4,7,2014,4,1,1,2,2,1,1,1,1,1,1,1,1,2,14,11,1,7,22,2,2
7,37,4,7,2014,4,1,1,2,2,1,1,1,1,1,1,1,1,2,14,11,1,7,30,2,2
1,40,4,6,2014,3,1,1,2,2,1,1,1,1,1,1,1,1,2,9,11,1,7,,2,2
3,40,4,6,2014,3,7,1,2,2,1,1,1,1,1,1,1,1,2,9,11,1,7,,2,2
1,45,3,7,2014,3,1,1,2,2,1,1,1,1,1,1,1,1,2,14,11,1,7,,2,2
5,45,4,7,2014,4,1,1,2,2,1,1,1,1,1,1,1,1,2,19,11,1,7,,2,2
6,45,4,7,2014,2,1,1,2,2,1,2,1,1,1,1,2,1,2,7,11,1,7,,2,2
3,39,4,7,2014,3,1,1,2,2,1,1,1,1,1,1,1,1,2,9,11,1,7,,2,2
1,49,4,6,2014,3,7,1,2,2,1,1,1,1,1,1,2,1,2,9,11,1,7,,2,2
1,38,4,7,2014,2,1,1,2,2,1,1,1,1,1,1,1,1,2,9,6,1,7,,2,2
6,37,4,8,2014,2,7,1,2,2,1,1,1,1,1,1,2,1,2,14,11,1,7,42,2,2
9,47,4,7,2014,3,7,1,2,2,2,1,1,1,1,1,1,1,2,6,6,1,7,47,2,2
10,52,4,8,2014,3,1,2,2,1,1,1,1,1,1,1,2,1,2,19,11,1,7,,2,2
1,45,4,8,2014,3,1,1,2,2,1,1,1,1,1,1,1,1,2,14,11,1,7,,2,2
6,45,4,8,2014,4,1,1,2,2,1,1,1,1,1,1,1,1,2,9,11,1,7,,2,2
2,45,4,8,2014,4,1,1,2,2,1,1,1,1,1,1,1,1,2,9,11,1,7,,2,2
3,49,4,9,2014,3,7,1,2,2,1,1,1,1,1,1,2,1,2,9,11,1,7,29,2,2
1,45,4,8,2014,4,1,1,2,2,1,4,1,1,1,1,1,1,2,14,11,1,7,,2,2
5,45,4,9,2014,3,1,1,2,2,1,1,1,1,1,1,2,1,2,19,11,1,7,,2,2
6,45,4,9,2014,3,1,1,2,2,1,1,1,1,1,1,1,1,2,19,11,1,7,,2,2
2,45,4,9,2014,2,1,1,2,2,1,1,1,1,1,1,1,1,2,12,11,1,7,,2,2
5,45,4,10,2014,3,1,1,2,2,1,1,1,1,1,1,1,1,2,14,11,1,7,,2,2
6,45,3,10,2014,4,1,1,2,2,1,1,1,1,1,1,1,1,2,14,11,1,7,30,2,2
3,39,4,11,2014,4,7,1,2,2,1,1,1,1,1,1,1,1,2,13,11,1,7,,2,2
3,39,3,11,2014,3,1,1,2,2,1,1,1,1,1,1,1,1,2,9,11,1,7,,2,2
12,47,4,8,2014,4,1,1,2,2,1,1,1,1,1,1,1,1,2,9,11,1,7,,2,2
4,47,4,8,2014,4,1,1,2,2,1,1,1,1,1,1,1,1,2,4,11,1,7,24,2,2
4,47,4,8,2014,1,1,1,2,2,1,1,1,1,1,1,1,1,2,14,11,1,7,35,2,2
1,47,3,8,2014,4,1,1,2,2,1,1,1,1,1,1,1,1,2,14,11,1,7,,2,2
5,46,4,9,2014,2,1,1,2,2,1,1,1,1,1,1,1,1,2,13,11,1,7,,2,2
1,46,4,10,2014,2,7,1,2,2,1,1,1,1,1,1,1,1,2,14,11,1,7,,2,2
10,52,4,9,2014,4,7,1,2,2,1,1,1,1,1,1,1,1,2,14,11,1,7,,2,2
3,39,4,11,2014,3,1,1,2,2,1,1,1,1,1,1,1,1,2,13,5,1,7,,2,2
1,38,4,12,2014,3,7,1,2,2,1,1,1,1,1,1,1,1,2,9,11,1,7,,2,2
6,52,3,12,2014,2,1,1,2,2,1,1,1,1,1,1,1,1,2,12,11,1,7,32,2,2
1,40,4,10,2014,4,7,1,2,2,1,1,1,1,1,1,1,1,2,4,11,1,7,19,2,2
1,36,4,3,2014,4,3,1,2,2,1,4,1,1,1,1,1,1,2,9,11,1,7,30,2,2
1,40,4,12,2014,4,1,1,2,2,1,1,1,1,1,1,1,1,2,14,11,1,7,30,2,2
1,40,4,11,2014,2,3,1,2,2,1,1,1,1,1,1,1,1,2,4,6,1,7,27,2,2
1,40,1,11,2014,1,1,1,2,2,1,1,1,1,1,1,1,1,2,9,11,1,7,48,2,2
7,40,4,11,2014,2,1,1,2,2,1,1,1,1,1,1,1,1,2,14,11,1,7,,2,2
6,40,4,11,2014,3,1,1,2,2,1,1,1,1,1,1,1,1,2,6,11,1,7,,2,2
2,46,4,5,2014,1,7,1,1,2,1,1,2,1,1,1,1,1,2,8,11,1,7,,2,2
1,39,4,2,2014,2,1,1,2,2,1,1,1,1,1,1,1,1,1,8,6,1,7,,2,2
16,42,4,1,2014,1,3,4,2,1,1,2,1,1,1,1,2,1,1,9,5,1,1,35,2,2
33,42,4,1,2014,2,1,8,2,1,1,1,1,1,1,1,5,1,1,9,6,1,1,30,2,2
15,42,4,1,2014,1,5,4,2,1,1,3,1,1,1,1,5,1,1,14,6,1,1,40,1,2
29,42,1,1,2014,3,1,4,2,1,2,1,1,1,1,1,5,1,1,9,5,1,1,35,2,2
41,42,4,1,2014,1,2,1,2,1,1,3,1,1,1,1,3,1,1,13,11,1,1,35,1,2
41,42,1,1,2014,2,2,1,2,1,1,1,1,1,1,1,3,1,1,8,11,1,1,32,2,2
32,42,3,2,2014,3,7,4,2,1,1,1,1,5,1,1,2,1,1,9,6,1,1,40,2,2
33,42,4,2,2014,1,2,4,2,1,1,2,1,1,1,3,5,1,1,13,6,1,1,40,1,2
13,42,3,2,2014,3,7,8,1,2,1,1,1,1,1,1,5,1,1,9,6,1,1,35,2,2
25,42,4,2,2014,4,1,1,2,1,1,3,1,1,1,1,5,1,1,14,6,1,1,40,2,2
34,42,3,2,2014,4,1,1,2,1,1,3,1,1,1,1,5,1,1,14,6,1,1,35,1,2
28,42,4,3,2014,1,2,5,2,1,1,4,1,1,1,1,5,1,1,9,4,1,1,35,1,2
42,42,4,3,2014,2,3,1,2,1,1,2,1,1,1,1,5,1,1,8,11,1,1,34,2,2
10,42,2,3,2014,4,2,8,1,2,1,4,1,1,1,1,1,5,1,14,6,1,1,30,1,2
33,42,2,3,2014,2,7,4,2,1,1,1,1,1,1,1,5,1,1,19,6,1,1,30,1,2
34,42,3,4,2014,3,1,1,2,1,1,1,1,1,1,1,5,1,1,12,5,1,7,28,1,2
33,42,4,4,2014,1,7,4,2,1,1,3,1,1,1,1,1,1,1,12,6,1,1,40,1,2
37,42,2,3,2014,1,7,1,2,1,1,2,1,1,1,1,5,1,1,7,6,1,1,28,1,2
29,42,4,5,2014,4,1,4,1,2,1,2,1,1,1,1,5,1,1,10,6,1,1,30,2,2
42,42,3,5,2014,4,3,4,2,2,1,2,1,1,1,1,5,1,1,10,6,1,1,28,2,2
42,42,1,5,2014,2,2,5,2,2,1,2,1,1,1,1,5,1,1,9,6,1,1,40,2,2
16,42,3,5,2014,1,3,4,1,2,1,2,1,1,1,1,3,1,1,14,6,1,1,35,1,2
34,42,4,5,2014,1,1,1,1,2,2,1,1,1,1,1,1,2,1,6,5,1,3,25,1,2
9,42,4,2,2014,1,1,1,2,2,1,2,1,1,1,1,5,1,1,9,6,1,1,30,1,2
19,42,4,6,2014,2,1,1,2,2,1,1,1,1,1,1,5,1,1,14,6,1,1,50,2,2
32,42,2,5,2014,2,2,6,1,1,1,1,1,1,1,3,5,1,1,9,5,1,3,45,1,2
34,42,4,7,2014,1,3,4,2,1,1,1,1,1,1,1,5,1,1,13,6,1,1,35,2,2
10,42,1,7,2014,3,3,8,1,1,1,1,1,1,1,1,5,1,1,9,5,1,7,32,1,2
33,42,4,7,2014,2,7,1,2,1,1,1,1,1,1,1,1,1,1,19,6,1,1,40,2,2
13,42,4,6,2014,4,2,1,1,1,1,2,1,1,1,1,5,1,1,2,6,2,1,28,2,2
28,42,1,7,2014,2,1,4,1,2,1,1,1,2,1,1,5,1,1,9,6,1,1,30,2,2
13,42,2,6,2014,3,1,8,2,1,1,1,1,1,1,1,1,1,1,10,6,1,7,48,2,2
15,42,3,8,2014,2,1,4,2,1,1,1,1,1,1,1,5,1,1,10,5,1,1,28,2,1
46,42,4,8,2014,2,1,1,1,1,1,1,1,1,1,1,4,1,1,8,6,1,1,45,2,2
33,42,4,8,2014,4,1,4,2,1,1,3,4,1,1,1,5,1,1,13,5,1,1,35,2,2
33,42,4,7,2014,2,3,4,2,2,1,1,1,1,1,1,1,1,1,9,6,1,1,30,2,2
36,42,4,9,2014,2,4,1,2,1,1,1,1,1,1,1,5,1,1,16,6,1,1,30,2,2
16,42,4,9,2014,4,3,1,2,2,1,3,1,1,1,1,5,2,1,9,5,1,1,35,2,2
21,42,4,9,2014,1,3,1,2,2,1,2,1,1,1,2,3,1,1,14,5,1,1,40,1,2
1,42,4,9,2014,2,2,6,1,1,1,2,1,1,1,1,5,1,1,9,6,1,1,40,1,2
26,42,2,9,2014,4,1,4,1,1,1,2,1,1,1,1,5,1,1,7,6,1,1,30,2,2
15,42,4,9,2014,4,1,1,1,2,1,3,1,1,1,1,5,1,1,9,5,1,1,30,2,2
34,42,1,9,2014,2,1,1,2,1,1,1,1,1,1,1,5,1,1,9,7,1,1,28,1,2
10,42,1,9,2014,1,1,4,2,1,1,2,1,1,1,1,5,1,1,14,6,1,1,45,1,2
37,42,4,9,2014,3,1,1,2,1,1,1,1,1,1,1,5,1,1,9,4,1,1,30,1,2
37,42,3,9,2014,4,3,1,1,2,1,4,1,1,1,1,5,1,1,10,5,1,1,48,2,1
37,42,4,9,2014,4,4,4,1,1,1,3,1,1,1,1,5,1,1,14,6,1,1,30,1,2
32,42,3,10,2014,1,1,4,1,1,1,3,1,1,1,1,5,1,1,9,5,1,1,40,2,2
25,42,3,10,2014,2,3,4,2,2,1,1,1,1,1,1,3,1,1,6,2,1,7,30,2,2
24,42,4,10,2014,3,3,1,2,2,1,1,1,1,1,1,5,1,1,9,5,1,1,30,2,2
28,42,3,9,2014,2,1,1,1,1,1,2,1,1,1,1,5,1,1,8,5,1,1,30,2,2
44,42,4,10,2014,1,1,1,2,2,1,3,1,1,1,1,1,1,1,10,6,1,1,30,2,2
44,42,1,10,2014,1,2,4,2,2,1,2,1,1,1,1,1,1,1,9,2,1,1,40,1,2
22,42,4,10,2014,4,1,4,1,2,1,2,1,1,1,1,1,1,1,9,5,1,1,35,2,2
18,42,4,7,2014,2,1,1,2,2,1,1,1,1,1,1,5,1,1,6,6,1,1,33,1,2
12,42,3,11,2014,2,1,4,2,1,1,2,1,1,1,1,5,1,1,9,5,1,1,40,2,2
40,42,4,1,2014,2,1,4,2,1,1,1,1,1,1,1,5,1,1,9,6,1,1,40,2,2
40,42,4,6,2014,1,1,4,2,1,1,3,1,1,1,1,5,1,1,14,6,1,1,40,1,2
40,42,4,3,2014,2,1,4,2,1,1,1,1,1,1,1,5,1,1,9,6,1,1,40,2,2
14,42,4,11,2014,1,1,4,1,2,1,2,1,1,1,1,1,1,1,12,6,1,1,30,2,2
1,42,4,11,2014,4,1,4,1,2,1,2,2,1,1,1,5,1,1,8,1,1,1,38,2,2
33,42,4,12,2014,3,1,4,1,1,1,1,1,1,1,1,1,1,1,8,6,1,3,35,2,2
33,42,4,12,2014,2,1,4,1,2,1,1,1,1,1,3,1,1,1,9,5,1,1,40,2,2
36,42,3,12,2014,2,1,4,2,1,1,1,1,1,1,1,5,1,1,8,7,1,1,34,2,2
36,42,3,12,2014,2,1,4,2,1,1,1,1,1,1,1,5,1,1,8,6,1,1,40,2,2
10,42,1,11,2014,1,2,4,1,1,1,3,1,1,1,1,5,1,1,10,6,1,1,28,2,2