Thana,District,Accident_Severity,Month,Year,Time,Junction_Type,Traffic_Control,Movement,Divider,Weather,Light,Road_Geometry,Surface_Condition,Surface_Type,Surface_Quality,Road_Class,Road_Feature,Location_Type,Vehicle_Type,Vehicle_Movement,Vehicle_Loading,Vehicle_Defect,Vehicle_Driver_Age,Vehicle_Alcohol,Vehicle_Seat_Belt
48,42,2,1,2014,2,1,4,2,1,1,2,1,1,1,1,5,1,1,10,6,1,1,40,2,1
1,42,4,9,2014,2,2,6,1,1,1,3,1,1,1,1,5,1,1,8,1,,,35,2,2
39,42,4,1,2014,2,1,4,2,1,1,1,1,1,1,1,5,1,1,9,6,1,1,40,2,2
39,42,4,3,2014,2,1,4,2,1,1,1,1,1,1,1,5,1,1,9,6,1,1,40,2,2
3,24,4,1,2014,2,1,1,2,2,1,1,1,1,1,1,1,1,1,9,6,2,7,,1,2
3,21,4,5,2014,2,1,1,2,2,1,2,1,1,1,1,2,1,2,9,6,1,1,,2,2
3,21,4,2,2014,3,1,1,2,2,1,1,1,1,1,1,1,1,1,9,6,1,1,28,2,2
1,29,4,2,2014,2,1,1,2,2,1,1,1,1,1,1,1,1,1,14,5,1,1,,2,2
4,29,4,1,2014,2,1,1,2,2,1,1,1,1,1,1,1,1,1,9,6,1,1,,2,2
1,19,4,4,2014,2,1,1,2,2,1,1,1,1,1,1,2,1,1,14,6,1,1,,2,2
1,18,4,2,2014,4,1,1,2,2,1,1,1,1,1,1,5,1,2,14,6,1,1,,2,2
1,18,4,4,2014,4,1,1,2,2,1,2,1,1,1,1,5,1,1,14,6,1,1,40,2,2
2,18,4,4,2014,3,1,1,2,2,1,1,1,1,1,1,1,1,1,14,6,1,2,,2,2
3,18,4,2,2014,3,1,1,2,2,1,1,1,1,1,1,4,4,2,14,6,1,1,46,2,2
5,18,4,1,2014,3,1,1,2,2,1,1,1,1,1,1,1,1,1,17,6,2,1,,2,2
2,18,4,6,2014,3,1,1,2,2,1,1,1,1,1,1,3,1,2,19,6,2,7,,2,2
5,18,4,3,2014,1,1,2,2,1,1,1,1,1,1,1,2,1,2,14,6,1,1,,2,2
5,18,4,5,2014,3,1,1,2,2,1,1,1,1,1,1,2,1,2,4,6,1,1,38,2,2
3,20,1,6,2014,3,1,1,2,2,1,1,1,1,1,1,2,3,2,6,2,1,1,30,2,2
4,20,4,2,2014,3,2,1,2,2,1,2,1,1,1,1,3,1,2,14,6,2,1,,2,2
4,20,4,6,2014,1,1,1,2,2,1,2,2,1,1,1,3,1,2,4,6,1,1,52,1,2
1,21,4,6,2014,2,3,1,2,2,1,1,2,1,1,1,1,1,1,9,6,1,1,,2,2
1,24,4,11,2014,2,1,7,2,2,1,1,1,1,1,1,1,1,2,5,6,1,1,,2,2
1,24,4,11,2014,3,1,1,2,2,1,2,1,1,1,1,1,1,1,12,6,1,1,30,2,2
8,26,3,9,2014,2,1,1,2,2,1,1,1,1,1,1,2,1,2,17,5,2,1,22,2,2
1,19,4,12,2014,1,1,1,2,2,1,2,1,1,1,1,5,1,1,14,6,1,1,40,2,2
2,19,4,7,2014,3,1,1,2,2,1,1,1,1,1,1,2,,,14,6,2,1,32,2,2
1,24,4,12,2014,3,1,7,2,2,1,1,1,1,1,1,1,1,2,9,6,1,1,24,2,2
2,24,4,6,2014,2,3,1,2,2,1,1,1,1,1,1,1,1,1,14,6,1,1,,2,2
3,29,4,10,2014,3,1,1,2,2,1,1,1,1,1,1,2,1,2,12,6,1,1,,2,2
7,29,4,7,2014,4,7,1,2,2,1,2,1,1,1,1,3,3,2,9,6,1,1,30,2,2
8,24,4,12,2014,2,1,1,2,2,1,1,1,1,1,1,2,1,2,9,6,1,1,40,2,2
1,23,3,6,2014,4,3,1,2,2,1,2,2,1,1,1,5,1,1,4,1,1,1,,2,1
3,23,4,6,2014,1,7,1,2,2,1,1,1,1,1,1,3,1,2,14,6,1,7,,2,2
1,21,3,12,2014,2,3,1,2,2,1,1,1,1,2,2,5,1,1,12,6,1,1,46,2,2
3,21,4,10,2014,3,1,1,2,2,1,1,1,1,1,1,4,1,2,9,6,2,1,,2,2
4,21,3,11,2014,2,2,1,2,2,1,1,1,1,1,1,4,1,1,14,6,1,7,35,2,2
6,21,4,12,2014,1,1,1,2,1,1,1,1,1,1,1,1,1,2,13,5,2,1,,2,2
1,18,4,12,2014,4,1,1,2,2,1,2,1,1,1,1,3,1,2,19,6,2,3,19,2,2
3,25,1,6,2014,1,1,1,2,2,1,1,1,1,1,1,4,1,2,13,11,1,1,,2,2
1,25,4,1,2014,4,1,1,2,2,1,2,1,1,1,1,2,1,2,9,6,1,1,,2,2
1,25,4,3,2014,4,1,1,2,2,1,2,1,1,1,1,4,1,2,7,6,1,1,,2,2
1,25,3,4,2014,2,1,1,2,2,1,1,1,1,1,1,2,1,2,9,5,1,1,,2,2
7,18,4,7,2014,2,1,1,2,2,2,1,1,2,1,2,1,1,2,9,6,1,1,,2,2
1,29,4,2,2014,3,4,1,2,2,1,1,1,1,1,1,2,1,2,14,6,2,1,,2,2
3,20,1,12,2014,2,1,1,2,2,1,1,1,1,1,1,4,1,2,14,6,1,1,45,2,2
5,18,4,2,2014,3,1,2,1,1,1,2,2,1,1,1,1,1,1,14,6,2,1,,2,2
3,21,4,11,2014,3,7,1,2,2,1,1,4,1,1,1,1,1,1,14,5,2,7,42,2,2
2,24,3,11,2014,3,3,1,2,1,1,1,1,1,1,1,1,1,2,11,5,1,1,,1,2
1,24,4,12,2014,2,3,7,2,2,1,1,1,1,1,1,1,1,2,14,6,1,1,40,2,2
3,24,4,3,2014,3,1,1,1,2,1,1,1,1,1,2,3,1,2,19,5,1,7,,1,2
7,24,4,5,2014,3,1,1,1,2,1,1,1,1,1,1,1,1,1,9,5,1,1,,2,2
8,24,4,10,2014,3,1,1,2,2,1,1,1,1,1,1,2,1,2,14,6,1,1,,2,2
3,25,3,8,2014,2,1,1,2,2,1,1,1,1,1,1,4,1,2,14,5,1,1,,2,2
4,28,3,11,2014,4,1,8,2,2,1,3,1,1,1,1,5,1,1,7,11,1,1,,1,2
6,28,4,5,2014,4,7,1,2,2,1,3,1,1,1,1,5,1,2,14,11,1,7,,1,2
5,13,4,1,2014,1,1,1,1,2,1,2,1,1,1,1,1,1,2,14,6,1,1,38,2,2
1,13,4,1,2014,1,1,1,1,2,4,1,1,1,1,2,1,2,,13,1,1,1,,1,2
7,13,1,2,2014,4,1,1,2,2,1,4,1,1,1,1,1,2,,9,1,1,1,35,2,1
1,13,1,3,2014,1,3,1,1,2,1,1,2,1,1,1,2,1,2,13,1,1,1,,,2
5,13,4,4,2014,3,2,1,2,2,1,1,1,1,1,1,1,1,2,9,6,1,1,40,2,2
8,13,4,5,2014,4,1,1,2,2,1,2,1,1,1,1,1,1,1,14,6,1,1,,1,2
4,13,3,7,2014,2,1,1,2,2,1,1,1,1,1,1,1,4,2,4,4,1,1,,,
8,13,2,9,2014,1,1,1,2,2,2,1,1,2,1,1,1,1,1,10,6,1,1,25,2,2
8,13,1,10,2014,1,1,1,2,2,1,1,1,1,1,1,1,1,2,9,6,1,1,30,2,1
5,12,3,1,2014,2,1,1,2,2,1,1,1,1,1,1,1,1,2,14,6,1,1,,2,1
1,12,4,1,2014,3,1,1,2,2,1,1,1,1,1,1,1,1,1,16,1,1,1,,1,2
5,12,4,3,2014,2,1,1,2,2,1,1,1,1,1,1,1,1,2,14,6,1,1,40,2,2
1,12,4,5,2014,2,1,1,2,2,1,1,1,1,1,1,1,1,1,14,6,1,1,30,2,2
1,12,4,6,2014,3,1,1,2,2,1,3,5,1,1,2,4,1,2,14,6,1,1,30,2,2
5,12,4,7,2014,2,1,1,2,2,1,1,1,1,1,1,1,1,2,14,6,1,1,,2,2
9,11,3,3,2014,4,1,1,2,2,1,2,2,1,1,2,2,1,2,4,6,1,1,36,2,1
4,11,1,4,2014,3,2,1,2,1,1,1,1,1,2,1,2,1,1,12,6,1,1,,2,2
8,11,3,2,2014,4,1,1,2,2,1,1,1,1,1,1,1,1,2,19,6,1,1,,2,2
5,11,4,8,2014,3,1,1,1,1,1,1,1,1,1,1,1,1,2,14,6,1,1,40,2,2
5,11,3,11,2014,3,1,1,1,1,1,1,1,1,1,1,1,1,2,19,4,2,7,28,2,2
6,11,4,12,2014,2,1,1,1,1,1,1,1,1,1,1,1,1,2,14,6,1,1,30,2,2
5,11,3,11,2014,2,1,1,1,1,1,1,1,1,1,1,1,1,2,14,6,1,1,28,2,2
3,10,4,4,2014,3,1,1,1,2,1,1,1,1,1,1,1,1,2,13,6,1,1,19,1,2
5,10,4,12,2014,3,1,1,1,2,1,1,1,1,1,1,1,1,2,8,5,1,1,,1,2
5,10,4,8,2014,3,1,2,1,1,1,1,1,1,1,1,1,1,1,19,6,1,1,,1,2
1,15,3,2,2014,3,1,1,1,2,2,1,1,1,1,1,1,1,2,17,6,1,1,35,2,2
1,15,4,2,2014,1,1,1,2,2,1,1,1,1,1,1,1,1,1,13,6,1,1,25,2,2
1,15,4,5,2014,1,1,1,2,2,1,1,1,1,1,1,1,1,1,13,5,1,1,45,2,2
1,15,4,8,2014,3,1,1,2,2,1,1,1,1,1,1,1,1,2,16,6,1,1,37,2,2
4,15,4,6,2014,1,1,1,2,2,2,2,1,2,1,1,1,1,1,14,6,1,1,,2,2
3,15,4,1,2014,2,1,1,2,2,1,1,1,1,1,1,1,1,2,14,6,1,1,20,2,2
3,15,4,3,2014,2,1,1,2,2,1,1,1,1,1,1,1,1,2,12,6,1,1,,2,2
3,15,1,4,2014,4,1,1,1,2,1,2,1,1,1,1,1,2,2,1,6,1,1,20,2,2
3,15,3,4,2014,2,1,1,2,2,1,1,1,1,1,1,1,2,2,4,6,1,1,46,2,2
3,15,3,6,2014,1,1,1,1,2,1,2,1,1,1,1,2,1,2,14,6,1,2,25,2,2
3,15,4,6,2014,3,1,1,2,2,1,1,1,1,1,1,1,1,2,14,6,1,1,,2,2
3,15,3,6,2014,3,1,1,1,2,2,1,1,1,1,1,1,1,2,14,6,1,1,29,1,2
3,15,4,6,2014,1,1,1,1,2,1,4,1,1,1,1,1,1,1,14,6,1,1,,2,2
3,15,3,6,2014,2,1,1,2,2,1,1,1,1,1,1,1,1,2,14,6,1,1,,2,2
3,15,4,7,2014,2,1,1,1,2,1,1,1,1,1,1,2,1,2,14,6,1,1,,2,2
3,15,4,9,2014,4,1,1,2,1,1,4,1,1,1,1,1,1,1,14,6,1,1,24,2,2
3,15,4,10,2014,3,1,1,2,2,1,1,1,1,1,1,1,1,2,14,6,1,1,,2,2
3,15,3,10,2014,2,1,1,2,2,1,1,1,1,1,1,1,1,2,14,6,1,1,,1,2
3,15,3,10,2014,2,1,1,2,2,1,1,1,1,1,1,1,1,2,9,6,1,1,,2,2
3,15,4,10,2014,3,1,1,2,2,1,1,1,1,1,1,1,1,2,9,6,1,1,,,2
3,15,4,10,2014,3,1,1,2,2,1,1,1,1,1,1,1,1,2,14,6,1,1,,2,2
3,15,4,10,2014,3,1,1,2,2,1,1,1,1,1,1,1,1,2,9,6,1,1,40,2,2
3,15,4,10,2014,3,1,1,2,2,1,1,1,1,1,1,1,2,2,8,5,1,1,,2,2
6,15,4,11,2014,3,1,1,2,2,1,1,1,1,1,1,1,1,2,4,2,1,1,,2,2
4,15,4,11,2014,1,1,1,1,2,1,2,1,1,1,1,1,1,2,14,6,1,1,54,2,2
5,15,3,11,2014,1,1,1,1,1,2,1,1,1,1,1,1,1,2,14,6,1,1,,2,2
3,15,4,11,2014,4,1,1,1,2,1,2,1,1,1,1,1,1,2,14,6,1,1,,2,2
4,15,3,12,2014,2,1,1,1,1,1,1,1,1,1,1,1,1,2,8,6,1,1,,1,
3,15,4,12,2014,4,1,1,1,2,1,2,1,1,1,1,1,1,2,14,6,1,1,,,
7,17,4,1,2014,1,1,1,2,2,1,2,1,1,1,1,1,1,1,13,6,1,1,,2,2
1,17,4,2,2014,3,1,1,2,2,1,1,1,1,1,1,1,1,1,14,6,1,1,,2,2
7,17,4,2,2014,1,1,1,2,1,1,1,1,1,1,1,1,1,2,14,6,1,1,,2,2
7,17,4,4,2014,1,1,2,2,2,1,2,1,1,1,1,1,1,2,14,6,1,1,,,2
10,9,4,12,2014,4,3,1,2,2,1,3,1,1,1,1,1,1,1,14,6,1,1,30,2,2
11,9,4,11,2014,3,1,2,1,1,1,1,1,1,1,1,1,2,2,14,6,1,1,,2,2
10,9,4,8,2014,3,1,1,2,2,1,1,1,1,1,1,1,1,2,9,6,1,1,,2,2
4,9,4,1,2014,3,1,1,2,2,1,1,1,1,1,1,1,1,2,9,6,1,1,29,2,2
3,9,4,7,2014,4,1,1,2,2,1,2,1,1,1,1,1,1,2,14,6,1,1,,2,2
11,9,4,3,2014,4,1,1,2,2,1,1,1,1,1,1,1,1,1,10,6,1,1,,2,2
6,9,4,3,2014,1,1,1,2,1,2,1,1,1,1,1,1,1,1,19,6,1,1,,2,2
11,16,3,1,2014,2,1,1,2,2,1,1,1,1,1,1,1,2,2,19,6,1,1,,2,2
11,16,4,1,2014,1,1,1,2,2,1,1,1,1,1,1,1,1,1,14,6,1,1,,2,2
1,16,3,2,2014,3,1,1,2,2,1,1,1,1,1,1,1,1,1,14,6,1,1,35,2,2
7,16,4,2,2014,4,1,1,2,2,1,1,1,1,1,1,1,1,2,9,6,1,1,,2,2
11,16,4,3,2014,3,1,1,2,2,1,1,1,1,1,1,1,1,2,13,6,1,1,,1,2
10,16,4,4,2014,3,1,1,2,2,1,1,1,1,1,1,1,1,2,10,6,1,1,35,1,2
10,16,3,4,2014,3,1,1,1,2,1,1,1,1,1,1,1,1,1,12,6,1,1,28,2,2
11,16,3,4,2014,3,1,1,2,2,1,1,1,1,1,1,1,1,1,9,6,1,1,,2,1
1,16,4,6,2014,4,1,1,2,2,1,2,1,1,1,1,1,1,1,9,6,1,1,,,2
10,16,1,6,2014,2,1,1,2,2,1,1,1,1,1,1,1,1,2,14,6,1,1,30,1,2
7,16,4,6,2014,3,1,1,2,2,1,1,1,1,1,1,1,1,2,14,6,1,1,,2,2
11,16,4,6,2014,2,1,1,2,2,1,1,1,1,1,1,1,1,2,9,6,1,1,,2,2
6,16,4,6,2014,1,1,1,2,2,1,2,1,1,1,1,1,1,2,14,6,1,1,,1,2
11,16,3,6,2014,2,1,1,2,2,1,1,1,1,1,1,1,2,2,13,6,1,1,,2,2
10,16,4,7,2014,3,1,1,1,2,1,1,1,1,1,1,1,1,1,9,6,1,1,35,2,2
2,16,4,7,2014,3,1,1,1,2,1,1,1,1,1,1,1,2,1,13,6,1,1,,2,2
8,16,4,7,2014,1,1,1,2,2,1,1,1,1,1,1,1,1,2,14,6,1,1,,2,2
11,16,3,8,2014,2,1,1,2,2,1,1,1,1,1,1,1,1,2,7,2,1,1,32,2,2
6,16,4,8,2014,3,1,1,2,2,1,1,1,1,1,1,2,1,2,14,6,1,1,,1,2
11,16,4,10,2014,4,1,1,2,2,1,2,1,1,1,1,1,1,2,13,6,1,1,,2,2
11,16,4,10,2014,2,1,1,2,2,1,1,1,1,1,1,1,2,2,12,6,1,1,,2,2
10,16,4,10,2014,2,1,1,2,2,1,1,1,1,1,1,1,1,2,9,6,1,1,,2,2
11,16,4,10,2014,2,1,1,2,2,1,1,1,1,1,1,1,2,2,14,6,1,1,25,2,2
11,16,4,11,2014,4,1,1,2,2,1,2,1,1,1,1,1,2,2,14,6,1,1,,2,2
11,16,3,11,2014,2,1,1,2,2,1,1,1,1,1,1,1,2,2,9,6,1,1,,2,2
10,16,4,12,2014,1,1,1,2,2,1,2,1,1,1,1,1,2,2,14,6,1,1,,2,2
3,8,4,3,2014,3,1,1,2,1,1,1,1,1,1,1,1,1,1,9,6,1,1,,2,2
3,8,4,2,2014,3,1,1,2,2,1,1,1,1,1,1,2,1,2,14,6,1,1,,2,2
3,8,4,4,2014,3,1,1,2,2,1,1,1,1,1,1,1,1,1,19,6,1,1,,2,2
1,8,4,4,2014,3,1,1,2,2,1,1,1,1,1,1,3,1,2,4,6,1,1,,2,2
4,2,4,10,2014,2,1,1,2,2,1,1,1,1,1,1,3,1,2,19,6,1,1,35,2,2
5,2,4,10,2014,3,7,1,2,2,1,1,1,1,1,1,3,1,2,7,6,1,1,,2,2
2,6,4,5,2014,4,1,1,2,2,4,1,1,1,1,1,1,1,2,14,6,1,1,,2,2
1,6,4,7,2014,2,1,1,1,2,1,1,2,1,1,1,1,1,2,9,4,1,1,,2,2
1,6,4,12,2014,4,1,1,2,2,4,2,1,1,1,1,3,1,2,4,6,1,1,,2,2
6,2,4,1,2014,2,1,1,2,2,1,1,1,1,1,1,3,1,2,14,6,1,1,,2,2
4,2,4,1,2014,3,1,1,2,2,1,1,1,1,1,1,3,1,2,9,6,1,1,,2,2
4,2,4,5,2014,3,1,1,2,1,1,1,1,1,1,1,3,1,2,14,6,1,1,22,2,2
4,2,4,7,2014,2,2,1,2,2,1,1,1,1,1,1,4,1,2,13,6,1,1,23,2,2
4,2,3,6,2014,2,3,1,2,2,1,1,1,1,1,1,3,1,2,4,6,1,1,52,2,1
1,2,4,7,2014,2,1,1,2,2,1,2,1,1,1,1,1,1,1,12,1,1,3,,2,2
1,6,4,8,2014,2,1,1,2,2,1,1,1,1,1,2,3,4,1,14,6,1,1,55,2,2
4,1,3,4,2014,1,1,1,2,2,1,4,1,1,1,1,3,1,2,14,5,1,1,,2,2
1,1,4,2,2014,4,1,1,2,2,1,4,1,1,1,1,1,1,2,14,6,1,1,,2,2
1,2,4,12,2014,2,1,1,2,2,4,2,1,1,1,1,1,1,2,9,5,1,1,,2,2
1,2,4,11,2014,2,1,1,2,2,4,2,1,1,1,1,1,1,2,9,6,1,1,,2,2
4,6,4,12,2014,2,1,1,2,2,1,1,1,1,1,1,1,1,2,9,6,1,1,,2,2
4,45,1,10,2014,4,1,1,2,2,1,1,1,1,1,1,1,1,1,12,5,1,7,40,1,2
4,70,4,3,2014,4,1,1,2,2,1,3,1,1,1,1,5,1,2,10,5,1,1,25,2,2
4,70,1,10,2014,3,1,1,2,2,1,1,1,1,1,1,5,1,1,12,5,1,7,40,1,2
6,70,4,10,2014,2,1,1,1,2,1,1,1,1,1,1,5,1,2,8,11,1,7,45,2,2
4,32,4,2,2014,2,7,1,2,1,1,2,1,1,1,1,1,2,,9,2,1,7,,2,2
6,34,4,12,2014,3,1,1,2,2,1,2,1,1,1,1,1,1,1,14,6,1,5,47,2,2
1,64,3,5,2014,3,5,4,2,1,1,1,3,1,1,1,5,1,1,14,6,1,1,32,1,2
1,64,2,11,2014,3,2,3,1,1,1,2,1,1,1,1,5,1,1,14,6,1,1,25,2,1
5,64,4,4,2014,2,1,1,2,1,1,1,1,1,1,1,5,1,1,9,6,1,1,28,1,2
14,64,1,2,2014,4,1,4,2,2,1,3,4,1,1,1,5,1,1,10,2,1,1,,1,2
15,64,4,6,2014,1,1,1,2,2,1,4,1,1,1,1,5,1,1,14,10,1,3,,2,2
16,64,4,7,2014,3,1,1,2,1,1,1,1,1,1,1,5,1,1,1,4,1,1,35,2,2
16,64,3,9,2014,4,1,1,2,1,1,4,1,1,1,1,5,1,1,5,6,1,1,,2,2
7,65,4,6,2014,2,1,4,2,2,1,1,1,1,1,1,2,1,2,5,6,,,,,2
2,65,4,5,2014,4,7,1,2,2,2,4,1,2,1,1,1,1,2,14,5,,1,,2,2
2,65,4,6,2014,3,1,1,2,2,2,1,1,2,1,1,1,1,2,7,1,1,1,,2,2
4,59,4,1,2014,2,1,1,2,2,1,1,1,1,1,1,2,1,2,9,6,1,1,46,,1
14,63,4,10,2014,1,1,1,2,2,1,1,3,1,1,1,1,1,2,14,6,,,,1,2
14,63,3,3,2014,2,1,1,2,2,1,2,1,1,1,1,1,1,2,7,6,,,40,1,
14,63,4,1,2014,2,1,,2,2,1,2,1,1,1,1,1,2,2,14,6,1,,,1,2
14,63,4,8,2014,2,1,1,2,2,1,2,1,1,1,1,1,1,2,9,6,1,,35,1,2
14,63,4,11,2014,3,1,1,2,2,1,1,1,1,1,1,1,1,2,14,6,1,,,1,2
14,63,3,7,2014,3,4,1,2,2,1,1,1,1,1,1,1,1,2,15,6,1,1,35,2,2
14,63,4,8,2014,2,4,1,2,2,1,2,1,1,1,1,1,1,2,9,6,1,1,30,2,2
14,63,2,7,2014,1,1,8,2,2,1,2,1,1,1,1,1,1,2,9,6,1,1,,2,1
14,63,4,7,2014,3,7,1,2,2,1,1,1,1,1,1,1,1,1,9,6,1,1,,2,2
14,63,4,6,2014,2,7,1,2,2,1,1,1,1,1,1,1,1,2,14,6,1,1,,2,2
9,63,4,11,2014,3,1,4,1,1,1,1,1,1,1,1,1,1,2,12,6,1,3,,2,2
9,63,4,6,2014,2,7,2,2,2,1,1,1,1,1,1,1,1,2,14,6,1,,60,2,2
1,63,4,12,2014,2,1,2,2,2,1,1,4,1,1,1,4,1,2,9,1,,,45,,
13,63,4,12,2014,3,1,1,2,2,1,2,1,1,1,1,1,1,2,9,6,,,,1,
1,65,4,6,2014,3,1,1,2,2,1,1,2,1,1,1,1,1,2,9,2,1,1,37,2,2
2,65,1,7,2014,2,7,1,2,2,2,1,1,2,1,1,2,1,2,14,4,1,,,2,2
2,65,4,8,2014,3,7,1,2,2,1,1,1,1,1,1,1,1,2,9,4,,1,,2,
6,65,4,9,2014,2,1,1,2,2,1,1,1,1,1,1,1,1,2,14,6,,1,,,
12,58,4,7,2014,1,7,1,1,2,1,1,1,1,1,1,2,2,2,9,7,,,,2,2
12,58,1,7,2014,2,7,1,2,,1,1,1,1,1,1,2,1,2,17,6,2,,30,1,2
10,58,4,5,2014,2,3,7,1,2,1,2,2,1,1,1,2,1,2,14,11,,,,1,2
8,58,4,11,2014,2,1,4,2,2,1,1,3,1,1,1,2,1,2,9,6,1,,,2,2
9,57,4,5,2014,2,2,,2,2,1,1,1,1,1,1,1,1,2,10,,,,38,,2
8,57,4,7,2014,3,1,,2,2,1,1,1,1,1,1,1,1,2,14,6,,,,1,2
8,57,4,7,2014,4,2,1,2,2,1,3,1,1,1,1,1,1,2,14,,1,5,25,1,2
3,57,4,6,2014,2,3,1,2,2,1,1,1,1,1,1,1,,2,9,7,2,7,35,1,2
8,57,4,1,2014,1,1,1,2,2,4,4,1,1,1,1,1,1,2,9,6,,,,,
9,57,4,1,2014,2,1,1,2,2,4,1,1,1,1,1,1,2,2,14,6,1,,,,
1,57,4,11,2014,3,7,1,2,2,1,1,1,1,1,1,4,1,1,9,2,1,7,,2,2
3,57,4,11,2014,3,7,1,2,2,1,1,1,1,1,1,1,1,2,10,6,1,7,,2,2
3,57,4,12,2014,4,1,1,2,2,1,2,1,1,1,1,4,1,2,14,6,1,7,,2,2
4,57,3,11,2014,2,3,1,2,2,1,1,2,1,1,1,4,1,2,7,2,1,,22,2,2
5,60,4,3,2014,3,7,1,2,2,1,1,1,1,1,1,1,1,2,13,6,,,,1,2
6,60,4,2,2014,2,7,1,2,2,1,4,1,1,1,1,2,1,2,12,6,2,1,29,2,2
6,60,3,1,2014,3,7,1,2,1,1,1,1,1,1,1,1,1,1,12,11,1,1,27,2,2
1,61,4,3,2014,3,7,1,2,2,1,1,1,1,1,1,1,1,2,9,11,1,7,35,2,2
1,61,4,4,2014,3,7,8,2,2,1,1,2,1,1,1,2,1,2,7,11,1,7,24,2,1
1,61,3,7,2014,3,7,1,2,2,1,1,1,1,1,1,1,1,2,9,5,,,60,,2
1,61,3,10,2014,2,7,8,2,2,1,1,1,5,1,1,1,1,2,19,2,1,7,34,2,2
2,61,4,4,2014,1,2,1,2,2,1,4,1,1,1,1,1,1,2,14,11,1,,,2,2
5,66,1,2,2014,2,,1,2,1,1,1,4,1,1,1,2,1,2,14,6,,,,2,2
2,61,4,4,2014,1,2,1,2,2,1,4,1,1,1,1,1,1,2,14,11,1,,,2,2
1,61,3,5,2014,3,7,8,2,2,1,1,1,1,1,1,2,1,2,11,5,1,,34,2,1
1,61,4,4,2014,2,2,1,2,2,1,1,1,1,1,1,1,1,2,9,11,1,,,2,2
1,61,4,5,2014,3,2,1,2,2,1,1,1,1,1,1,1,1,2,14,6,,,,,
4,58,4,5,2014,3,7,1,2,2,1,1,1,1,1,1,2,1,2,5,6,1,,,,
7,58,4,12,2014,3,2,1,2,2,1,1,1,1,1,1,1,1,2,14,6,,,55,,
7,58,4,12,2014,3,4,2,2,1,1,1,2,1,1,2,1,1,2,14,1,1,1,,,2
13,58,3,9,2014,3,7,8,2,2,1,1,1,1,1,1,1,1,1,9,5,,,32,,2
5,58,3,1,2014,1,1,1,2,2,1,1,1,1,1,1,1,1,2,5,6,1,1,,2,2
5,58,4,8,2014,1,1,1,2,1,1,4,1,2,1,2,1,1,2,16,7,1,2,,,
5,58,4,8,2014,1,1,,2,2,1,1,1,2,1,2,1,1,2,13,6,1,1,20,2,2
5,58,1,1,2014,2,1,1,2,2,1,1,1,1,1,1,1,1,2,10,2,1,1,,2,2
5,58,3,10,2014,1,2,1,2,2,1,2,1,2,1,1,1,1,2,14,4,2,3,30,1,2
5,58,4,1,2014,2,1,1,2,2,1,1,1,1,1,1,1,1,2,13,6,1,1,,2,2
6,38,4,2,2014,3,1,1,2,2,1,1,1,1,1,1,2,1,2,9,6,1,7,,2,2
9,47,4,1,2014,4,1,1,2,2,1,1,1,1,1,1,2,1,2,14,11,1,7,,2,2
6,38,4,2,2014,4,3,1,2,2,1,1,1,1,1,1,2,1,2,9,6,1,7,,2,2
6,37,4,3,2014,3,1,1,2,2,1,1,1,1,1,1,2,1,2,4,11,1,7,18,2,2
7,44,3,4,2014,4,7,1,2,2,1,1,1,1,1,1,2,1,2,7,11,1,7,53,2,2
5,36,3,1,2014,2,3,1,2,2,1,1,1,1,1,1,2,1,2,19,11,1,7,42,2,2
1,40,3,3,2014,4,1,1,2,2,1,1,1,1,1,1,2,1,2,9,11,1,7,,2,2
6,40,4,4,2014,2,7,1,2,2,1,1,1,1,1,1,2,1,2,9,11,1,7,28,2,2
1,40,3,4,2014,4,1,1,2,2,1,1,1,1,1,1,2,1,2,14,11,1,7,45,2,2
1,41,4,4,2014,4,7,1,2,2,1,1,1,1,1,1,2,1,2,9,11,1,7,,2,2
5,41,4,3,2014,1,7,1,2,2,1,1,1,1,1,1,2,1,2,14,11,1,7,,2,2
9,47,4,5,2014,3,1,1,2,2,1,1,1,1,1,1,2,1,2,12,11,1,7,40,2,2
1,39,4,5,2014,1,1,1,2,2,1,1,1,1,1,1,2,1,2,9,11,1,7,,2,2
2,50,4,3,2014,2,7,1,2,2,1,1,1,1,1,1,2,1,2,9,11,1,7,37,2,2
2,50,4,3,2014,4,1,1,2,2,1,1,1,1,1,1,2,1,2,14,11,1,7,,2,2
8,50,4,4,2014,4,1,1,2,2,1,1,1,1,1,1,2,1,2,9,11,1,7,,2,2
1,40,4,5,2014,2,1,1,2,2,1,1,1,1,1,1,2,1,2,4,11,1,7,45,2,2
7,47,4,6,2014,2,7,1,2,2,1,1,1,1,1,1,1,1,2,14,11,1,7,25,2,2
12,47,4,6,2014,3,7,1,2,2,2,2,1,2,1,1,1,1,2,12,11,1,7,50,2,2
3,40,4,7,2014,2,7,1,2,2,1,2,1,1,1,1,1,1,2,11,11,1,7,,2,2
1,40,4,6,2014,3,2,1,2,2,1,1,1,1,1,1,1,1,2,9,11,1,7,,2,2
6,40,4,6,2014,4,7,1,2,2,1,2,1,1,1,1,1,1,2,9,11,1,7,,2,2
1,40,3,6,2014,4,7,1,2,2,1,1,1,1,1,1,1,1,2,4,11,1,7,,2,2
3,40,3,6,2014,3,7,1,2,2,1,4,1,1,1,1,1,1,2,9,11,1,7,,2,2