Thana,District,Accident_Severity,Month,Year,Time,Junction_Type,Traffic_Control,Movement,Divider,Weather,Light,Road_Geometry,Surface_Condition,Surface_Type,Surface_Quality,Road_Class,Road_Feature,Location_Type,Vehicle_Type,Vehicle_Movement,Vehicle_Loading,Vehicle_Defect,Vehicle_Driver_Age,Vehicle_Alcohol,Vehicle_Seat_Belt
1,39,4,7,2014,1,1,1,2,2,1,4,1,1,1,1,1,1,2,14,11,1,7,,2,2
6,37,4,8,2014,1,7,1,2,2,1,1,1,1,1,1,2,1,2,17,11,1,7,28,2,2
9,47,4,7,2014,4,1,1,2,2,1,1,1,1,1,1,1,1,2,14,6,1,7,,2,2
1,39,4,11,2014,3,1,1,2,2,1,1,1,1,1,1,1,1,2,6,11,1,7,,2,2
9,47,4,8,2014,3,1,1,2,2,1,1,1,1,1,1,1,1,2,12,11,1,7,,2,2
2,47,1,9,2014,3,1,1,2,2,1,1,1,1,1,1,1,1,2,9,11,1,7,50,2,2
9,47,4,9,2014,4,1,1,2,2,1,1,4,2,2,1,1,1,2,9,11,1,7,,2,2
9,47,4,9,2014,4,3,1,1,2,1,1,1,1,1,1,1,1,2,12,11,1,7,,2,2
1,52,4,9,2014,3,1,1,2,2,1,1,1,1,1,1,1,1,2,4,11,1,7,32,2,2
1,40,1,10,2014,3,4,1,2,2,1,1,1,1,1,1,1,1,2,19,11,1,7,28,2,2
7,40,4,8,2014,4,7,1,2,2,1,1,1,1,1,1,1,1,2,19,11,1,7,35,1,1
6,45,4,12,2014,4,1,1,2,2,1,1,1,1,1,1,1,1,2,9,11,1,7,,2,2
1,40,3,12,2014,4,7,1,2,2,1,1,1,1,1,1,1,1,2,9,11,1,7,35,2,2
20,16,3,8,2014,3,1,1,2,2,1,1,1,1,1,1,2,1,2,7,11,1,7,,2,2
37,42,2,1,2014,1,2,5,2,1,1,3,1,1,1,1,5,1,1,7,3,1,1,35,2,1
8,42,2,2,2014,3,2,4,2,1,1,1,1,1,1,1,5,1,1,9,4,1,1,45,2,2
37,42,4,2,2014,3,7,1,2,1,1,1,1,1,1,1,5,1,1,10,6,1,1,28,2,2
33,42,2,2,2014,2,7,1,2,1,1,1,1,1,1,1,5,1,1,8,6,1,1,40,2,2
23,42,2,2,2014,4,7,1,2,1,1,2,2,1,1,1,3,1,1,7,5,1,1,35,2,1
46,42,3,2,2014,4,3,1,2,1,1,2,1,1,1,1,2,1,1,13,1,1,1,50,2,2
46,42,4,2,2014,4,7,1,2,1,1,4,2,1,1,1,5,1,1,14,6,1,1,40,2,2
9,42,1,1,2014,4,1,1,2,1,1,3,1,1,1,1,5,1,1,8,6,1,1,30,2,2
42,42,2,4,2014,2,1,6,2,1,1,1,1,1,1,1,1,1,1,9,6,1,7,35,2,2
15,42,4,4,2014,1,1,2,2,1,1,2,1,1,1,1,2,1,1,19,6,1,1,40,2,2
28,42,4,1,2014,1,2,4,2,1,1,2,1,1,1,1,5,1,1,14,6,1,1,45,1,2
17,42,3,6,2014,2,2,6,2,1,1,1,1,1,1,1,5,1,1,8,6,1,1,40,2,2
15,42,1,6,2014,4,3,4,2,1,1,2,1,1,1,3,1,1,1,14,6,2,1,35,1,2
9,42,2,2,2014,1,1,1,1,1,1,2,1,1,1,1,5,1,1,13,5,1,1,32,2,1
9,42,2,5,2014,4,1,1,1,1,1,3,1,1,1,1,5,1,1,8,6,1,1,24,2,2
37,42,3,6,2014,3,7,1,2,1,1,1,1,1,1,1,5,1,1,10,5,1,7,21,2,2
47,42,4,7,2014,2,2,6,1,1,1,1,1,1,1,1,5,1,1,9,6,1,1,40,2,2
9,42,4,7,2014,1,7,1,1,1,1,3,3,1,1,1,5,1,1,10,6,1,1,23,2,1
2,42,3,7,2014,2,1,2,1,1,1,1,1,1,1,1,5,1,1,9,5,1,6,40,1,2
12,42,2,7,2014,3,7,1,2,2,1,1,2,1,1,1,3,1,1,10,6,1,4,28,2,1
37,42,1,7,2014,3,3,1,2,2,1,1,1,1,1,1,5,1,1,10,5,1,7,21,2,2
42,42,1,8,2014,4,2,2,1,1,1,3,1,1,1,1,1,1,1,13,11,1,7,42,1,2
23,42,2,9,2014,3,1,1,1,2,1,1,1,1,1,1,1,1,1,10,6,1,1,30,2,1
29,42,4,9,2014,2,1,4,2,1,1,1,1,1,1,1,5,1,1,9,6,1,1,32,2,2
1,42,4,9,2014,2,3,5,1,1,1,1,1,1,1,1,5,1,1,8,5,1,1,26,2,2
34,42,4,9,2014,4,1,1,2,1,1,3,1,1,1,1,5,1,1,8,6,1,1,40,2,2
32,42,4,10,2014,3,2,4,2,1,1,1,1,1,1,1,2,1,1,9,5,1,1,40,2,2
14,42,2,11,2014,2,1,4,2,2,1,1,1,1,1,1,3,1,1,10,6,1,1,28,2,1
32,42,3,12,2014,3,3,4,2,1,1,1,2,1,1,1,5,5,1,9,5,1,1,40,2,2
10,42,2,11,2014,4,1,6,1,1,1,3,1,1,1,1,1,5,1,14,6,1,1,45,2,2
13,42,4,3,2014,2,7,4,2,1,1,1,1,1,1,1,5,1,1,7,1,1,7,35,2,2
13,42,4,11,2014,4,3,1,2,1,1,2,1,1,1,1,1,1,1,9,1,1,7,33,2,1
3,29,4,3,2014,4,1,1,2,2,1,4,1,1,1,1,1,1,1,8,6,2,7,44,2,2
3,29,2,1,2014,1,1,1,2,2,1,2,1,1,1,1,1,1,1,14,10,1,1,45,1,2
7,29,2,5,2014,2,1,1,2,2,1,1,1,1,1,1,1,1,1,14,6,1,7,24,1,2
3,29,4,5,2014,4,1,1,2,2,2,2,1,2,1,1,1,1,1,9,6,2,1,,1,2
1,19,3,5,2014,4,3,1,2,2,1,2,2,1,1,1,1,1,1,9,6,1,1,,2,2
1,18,4,6,2014,2,1,1,2,2,1,2,2,1,1,1,5,1,2,9,6,1,1,,2,2
2,18,4,8,2014,2,1,1,2,2,1,1,1,1,1,1,1,1,2,9,5,2,1,35,2,2
6,18,4,1,2014,1,3,1,2,2,1,2,1,1,1,1,2,2,1,4,6,1,1,,2,2
7,18,4,3,2014,4,1,1,2,2,1,4,1,1,1,1,1,1,2,14,6,1,1,,2,2
1,20,3,12,2014,1,1,1,2,2,1,1,1,1,1,1,2,1,2,6,5,2,1,,2,2
1,24,4,12,2014,3,1,1,2,2,1,1,1,1,1,1,1,1,2,13,6,1,1,,2,2
1,24,3,12,2014,3,1,1,2,2,1,1,1,1,1,1,1,1,2,9,6,1,1,46,2,2
1,19,2,10,2014,3,3,1,2,2,1,1,1,1,1,1,4,1,1,10,4,1,1,32,2,2
1,21,4,8,2014,3,1,1,2,2,1,1,2,1,1,1,1,1,2,13,2,1,1,30,2,2
3,21,4,10,2014,2,1,1,2,2,1,1,1,1,1,1,4,1,2,14,6,1,1,35,1,2
7,18,4,11,2014,3,3,1,2,2,1,1,1,1,1,1,3,1,2,9,5,1,1,,2,2
1,22,4,7,2014,2,1,1,2,2,1,1,1,1,1,1,1,1,2,14,6,2,1,,2,2
1,22,4,12,2014,1,1,1,2,2,1,1,1,1,1,1,1,1,2,9,6,2,1,54,2,2
1,25,2,2,2014,2,1,1,2,2,1,1,1,1,1,1,2,1,1,14,6,1,1,,2,2
2,20,3,2,2014,2,1,1,2,2,1,1,2,1,1,1,4,1,2,14,6,1,1,,2,2
4,28,4,2,2014,3,7,8,2,2,1,1,1,1,1,1,5,1,1,4,6,1,7,28,1,2
3,8,2,1,2014,4,3,1,2,1,1,4,1,1,1,1,1,1,2,9,6,1,1,,2,2
3,8,4,5,2014,2,1,1,2,2,1,1,1,1,1,1,1,1,2,9,5,1,1,,2,2
3,8,1,6,2014,1,1,1,2,1,1,2,1,1,1,1,1,1,1,14,10,1,1,,2,2
1,1,4,7,2014,3,1,1,2,2,1,1,1,1,1,1,1,1,1,8,6,1,1,41,2,2
1,70,4,1,2014,1,2,8,2,2,1,3,1,1,1,1,5,1,1,14,4,1,1,38,1,2
1,70,3,2,2014,4,1,1,2,2,1,3,3,1,1,1,5,1,1,10,6,1,7,27,2,2
2,56,3,7,2014,2,3,1,2,2,1,2,2,1,1,2,3,1,2,14,1,1,1,32,2,2
2,70,3,7,2014,2,3,1,2,2,1,2,2,1,1,2,5,1,2,14,1,1,1,32,2,2
4,70,4,4,2014,3,1,1,2,2,1,1,1,1,1,1,5,2,1,9,11,1,7,42,2,2
4,56,4,3,2014,2,1,1,2,2,1,2,1,1,1,1,1,1,2,10,5,1,1,25,2,2
4,70,4,2,2014,3,1,1,2,2,1,1,1,1,1,1,5,1,1,14,11,1,7,38,2,2
5,56,4,12,2014,4,1,1,2,2,4,1,1,1,1,1,1,1,1,13,11,1,1,35,2,2
6,70,4,6,2014,3,1,8,2,2,1,1,1,1,1,2,5,1,2,19,6,1,7,35,2,2
6,70,4,7,2014,2,1,1,1,2,1,1,1,1,1,1,5,2,2,9,6,1,7,43,2,2
6,56,4,7,2014,4,7,1,1,2,1,1,1,1,1,1,1,1,2,7,6,1,1,27,2,2
6,56,4,10,2014,3,3,4,2,2,1,1,1,1,1,1,1,1,2,9,6,1,5,45,2,1
6,70,4,11,2014,2,3,4,2,2,1,4,1,1,1,1,5,1,2,14,6,1,7,28,2,1
6,70,4,12,2014,2,7,1,2,2,1,1,1,1,1,1,5,1,2,8,5,1,1,30,2,2
5,70,4,12,2014,1,1,1,2,2,4,2,1,1,1,1,5,1,1,13,11,1,1,35,2,2
6,70,4,7,2014,3,7,1,1,2,1,1,1,1,1,1,5,1,2,7,6,1,1,27,2,2
6,70,4,10,2014,2,3,4,2,2,1,1,1,1,1,1,1,1,2,9,6,1,5,45,2,1
3,56,4,3,2014,4,7,1,2,2,1,1,1,1,1,1,1,1,2,7,2,1,5,27,2,2
2,27,3,1,2014,2,1,8,2,2,1,4,2,1,1,1,1,1,2,14,6,1,7,30,2,2
3,32,4,6,2014,1,1,2,2,2,1,4,1,1,1,1,2,1,2,9,6,1,1,,2,2
11,54,4,11,2014,4,2,1,1,2,1,1,1,1,1,1,1,1,2,14,6,1,1,40,2,2
4,55,2,3,2014,4,7,8,2,2,1,1,1,1,1,1,5,1,2,7,6,1,7,25,2,2
3,56,4,5,2014,4,7,1,2,1,1,1,1,1,1,1,1,2,1,13,2,1,7,28,2,2
7,56,4,5,2014,4,7,1,2,2,1,1,1,1,1,1,1,1,2,19,11,1,7,40,2,2
3,56,4,10,2014,3,7,1,2,2,1,1,1,1,1,1,1,1,2,19,11,2,7,30,2,2
11,54,4,12,2014,4,7,1,2,1,1,1,1,1,1,1,2,1,2,9,11,1,1,40,2,2
1,55,4,3,2014,4,3,1,1,2,1,1,1,1,1,1,1,1,1,9,6,2,1,30,2,2
7,56,4,5,2014,4,7,1,2,2,1,1,1,1,1,1,1,1,2,7,11,1,7,25,2,2
3,56,4,5,2014,4,7,1,2,2,1,2,1,1,1,1,1,1,2,7,7,1,7,35,2,2
3,56,4,8,2014,4,7,1,2,2,1,1,1,1,1,1,1,1,2,9,6,1,7,32,2,2
1,55,4,2,2014,3,2,8,2,2,1,1,1,1,1,1,1,1,2,14,6,1,1,32,2,2
11,54,4,1,2014,4,3,1,2,1,1,1,1,1,1,1,1,2,1,12,6,1,1,1,2,2
1,54,4,1,2014,1,1,1,2,1,1,2,1,1,1,1,1,2,1,9,2,1,1,0,2,2
11,54,3,10,2014,3,7,2,1,2,1,2,1,1,1,1,1,1,2,12,6,1,7,24,2,2
9,54,4,10,2014,4,7,1,2,2,1,2,1,1,1,1,1,1,2,8,6,1,1,35,2,2
6,55,4,5,2014,3,7,8,2,2,1,1,1,1,1,1,4,1,2,14,6,1,1,32,2,2
6,55,4,10,2014,4,7,8,2,2,1,1,1,1,1,1,1,1,2,14,6,1,1,30,2,2
8,56,4,6,2014,4,7,1,2,2,1,2,1,1,1,1,1,1,2,14,6,1,1,40,2,2
9,56,4,6,2014,2,7,1,2,2,1,1,1,1,1,1,1,1,2,10,6,1,7,25,2,2
3,56,4,7,2014,3,7,1,2,2,1,1,1,1,1,1,1,1,2,14,2,1,7,25,2,2
3,56,4,7,2014,4,7,1,2,2,1,2,1,1,1,1,1,1,2,14,2,1,7,14,2,2
9,56,4,8,2014,4,7,1,2,2,1,1,1,1,1,1,1,1,2,15,6,1,1,35,2,2
9,56,3,8,2014,4,7,1,2,2,1,1,1,1,1,1,1,1,2,14,5,1,7,26,2,2
6,56,4,8,2014,2,7,1,1,2,1,2,1,1,1,1,1,1,2,8,2,2,7,25,2,2
7,56,4,10,2014,3,7,1,2,2,1,4,1,1,1,1,1,1,2,14,6,1,7,40,2,2
3,56,4,11,2014,4,4,1,2,2,1,1,2,1,1,1,1,1,2,13,1,1,7,29,2,2
3,56,4,11,2014,4,7,1,2,2,1,4,1,1,1,1,1,1,2,14,6,1,7,44,2,2
10,34,4,6,2014,2,1,1,2,2,1,4,2,1,1,1,1,1,2,6,1,1,5,45,2,2
4,34,4,11,2014,2,1,1,2,2,1,1,1,1,1,1,3,1,2,9,5,1,1,,1,2
1,40,4,6,2014,4,7,1,2,2,1,1,1,1,1,1,1,1,2,4,11,1,7,25,2,2
3,14,4,12,2014,3,1,2,2,2,1,1,1,1,1,1,5,1,2,9,2,1,7,43,2,2
4,14,4,4,2014,4,1,1,2,2,1,2,1,1,1,1,5,1,2,14,4,1,7,,2,2
3,14,4,12,2014,3,7,8,2,2,1,1,1,1,1,1,5,1,1,14,4,1,7,,2,2
1,56,4,2,2014,4,1,1,2,2,1,2,1,1,1,1,1,1,2,9,5,1,2,35,2,2
7,56,4,3,2014,4,7,1,2,2,1,1,1,1,1,1,1,1,2,14,11,1,7,25,2,2
8,56,4,3,2014,3,3,1,1,2,1,1,1,1,1,1,1,1,2,10,6,1,1,30,2,2
2,56,4,3,2014,4,7,1,2,2,1,1,1,1,1,1,2,1,2,11,6,1,6,25,2,2
7,56,4,11,2014,3,7,1,2,2,1,4,1,1,1,1,1,1,2,14,2,1,7,29,2,2
6,56,4,1,2014,2,1,4,2,2,1,1,1,1,1,1,2,1,2,19,6,1,1,30,2,2
7,54,4,3,2014,3,2,8,2,2,1,1,1,1,1,1,1,1,2,14,6,1,1,30,2,2
11,54,4,4,2014,4,2,1,2,2,1,2,1,1,1,1,1,2,1,14,2,1,7,37,2,2
11,54,4,4,2014,1,2,1,2,2,1,1,1,1,1,1,1,1,1,14,2,1,7,30,2,2
8,54,4,7,2014,2,2,8,1,1,1,2,1,1,1,1,1,1,2,14,6,1,1,39,2,2
4,28,4,9,2014,4,1,8,2,1,1,2,1,1,1,1,5,1,1,5,2,1,1,,1,2
6,28,3,7,2014,3,2,8,2,2,2,1,2,1,1,1,5,2,1,13,6,1,7,38,1,2
8,28,4,1,2014,4,2,8,2,2,1,3,1,1,1,1,1,1,1,9,11,1,1,,2,2
1,28,4,1,2014,1,2,8,2,2,1,3,1,1,1,1,5,1,1,9,11,1,1,,2,2
7,60,4,10,2014,4,7,1,2,2,1,2,1,1,1,1,2,1,2,9,11,1,1,,2,
4,69,3,1,2014,4,1,1,1,2,1,1,1,1,1,1,1,1,2,9,5,2,1,,1,2
6,27,3,7,2015,4,1,1,2,2,1,2,2,2,1,1,4,1,2,13,2,1,1,,1,2
10,34,4,4,2015,3,1,1,1,2,1,1,1,1,1,1,1,1,2,9,6,1,7,,1,2
1,31,4,10,2015,2,7,1,2,2,1,1,1,1,1,1,3,1,1,9,6,1,1,30,2,2
6,30,4,2,2015,2,7,8,2,2,1,1,2,1,1,1,4,,,14,1,1,1,42,1,2
5,31,4,11,2015,2,1,1,1,2,1,1,1,2,1,2,3,1,2,9,6,1,1,,2,2
2,1,4,8,2015,2,1,1,1,2,1,1,1,1,1,1,4,1,1,17,6,1,7,22,1,2
3,33,4,4,2015,3,1,1,2,1,1,2,1,1,1,1,4,1,2,14,4,1,7,,1,2
2,30,4,5,2015,2,3,1,2,2,1,1,2,1,1,1,4,1,2,9,5,1,1,40,2,2
2,31,4,5,2015,4,7,1,1,2,1,2,1,1,1,1,2,1,2,9,6,1,7,,2,2
6,31,4,8,2015,4,1,1,1,2,2,2,1,2,1,1,4,1,2,9,6,1,7,,1,2
2,33,4,10,2015,4,7,1,2,1,1,1,1,1,1,1,2,1,2,9,6,2,7,,1,2
1,27,3,9,2015,3,1,1,2,2,1,1,1,1,1,1,3,1,2,9,6,1,1,,2,2
10,34,4,11,2015,3,7,8,2,2,1,2,1,1,1,1,1,1,2,12,6,1,1,45,2,2
10,34,3,9,2015,3,7,8,1,2,1,2,1,1,1,1,1,1,2,14,11,1,1,50,2,2
4,34,4,10,2015,3,1,1,1,2,4,1,4,1,1,1,4,,2,19,5,2,1,,2,
4,34,4,11,2015,2,3,1,1,2,4,1,1,1,1,2,1,1,2,9,5,1,1,,2,2
6,34,4,8,2015,2,1,1,1,2,1,1,1,1,1,1,1,1,1,2,6,1,4,40,2,2
10,34,4,8,2015,3,1,1,1,2,1,4,1,1,1,1,1,1,2,19,6,2,1,,2,2
9,34,4,11,2015,4,7,1,2,2,1,2,2,1,1,1,3,,,4,1,1,1,25,2,2
5,34,3,12,2015,4,1,1,2,2,1,1,1,1,1,1,1,,,9,6,1,1,,2,2
3,32,4,8,2015,2,7,1,1,2,1,1,1,1,1,1,2,1,2,12,6,1,1,,2,2
1,30,4,6,2015,3,1,1,2,2,1,1,3,1,1,1,1,1,2,8,5,1,1,40,2,2
6,30,4,9,2015,4,1,1,2,2,1,2,1,1,1,1,2,1,2,9,6,1,1,35,2,2
5,30,4,12,2015,4,1,1,2,1,1,2,1,1,1,1,2,1,2,10,5,1,3,30,1,2
4,31,4,11,2015,2,1,1,1,1,1,1,1,2,2,3,3,2,,2,6,1,1,,2,2
4,33,4,8,2015,2,1,1,2,2,1,1,1,1,1,1,4,1,1,17,6,1,7,22,1,2
2,27,4,9,2015,2,7,1,2,2,1,1,1,1,1,1,4,1,2,12,11,1,1,,1,2
3,27,4,8,2015,3,7,1,1,2,1,1,2,1,1,1,4,1,2,8,6,1,,,2,2
4,32,4,2,2015,3,7,1,2,2,1,1,1,1,1,1,2,1,1,14,6,1,1,,2,2
2,30,4,2,2015,2,1,1,2,2,4,2,1,1,1,1,4,1,2,17,6,1,1,,2,2
6,34,3,4,2015,2,1,1,2,1,1,1,1,1,1,1,1,1,2,4,6,,,22,1,2
6,34,4,7,2015,3,1,1,2,2,2,1,1,2,1,1,1,1,2,9,6,1,1,,2,2
1,30,4,9,2015,2,1,3,1,2,1,2,1,1,1,1,1,1,1,8,6,1,1,35,2,2
1,64,1,8,2015,3,7,1,2,1,1,1,1,1,1,1,5,1,1,10,6,1,1,,2,2
5,64,4,4,2015,2,7,4,2,1,1,1,1,1,1,1,5,1,1,8,6,1,1,4,1,2
5,64,4,8,2015,3,1,4,2,1,1,1,1,5,1,1,5,1,,9,5,1,1,,1,2
5,64,2,9,2015,3,1,4,2,1,1,1,1,1,1,1,5,1,1,10,6,1,1,,2,2
5,64,4,10,2015,3,2,4,2,2,1,1,1,1,1,1,5,1,1,14,6,1,1,,1,2
5,64,3,12,2015,2,3,8,2,1,1,1,1,1,1,1,5,1,1,8,6,1,1,,2,2
9,64,3,4,2015,1,1,1,2,2,1,2,1,1,1,1,1,1,1,14,6,1,1,33,1,
11,64,3,8,2015,3,7,4,2,2,1,1,1,1,1,1,5,1,1,10,6,1,1,18,2,2
11,64,4,9,2015,1,1,2,1,1,1,1,1,1,1,1,5,1,1,19,6,1,1,,2,2
11,64,3,10,2015,2,7,1,2,2,1,1,3,1,1,1,5,4,1,7,11,1,1,35,2,2
10,64,4,8,2015,4,2,4,1,1,1,3,1,1,1,1,5,1,1,4,6,1,1,,,
10,64,4,8,2015,4,2,4,2,,1,3,1,1,1,1,5,1,1,14,6,1,3,,1,2
2,64,4,6,2015,3,7,4,2,1,1,1,1,1,1,2,5,1,1,15,6,1,1,,1,2
2,64,4,6,2015,1,2,1,1,1,1,1,1,1,1,1,5,1,1,15,6,1,1,,1,2
13,64,3,1,2015,4,7,1,2,2,1,3,1,1,1,1,5,1,1,8,11,1,1,,,2
13,64,4,3,2015,2,2,4,2,1,1,2,1,1,1,1,5,1,1,16,6,2,7,,1,2
14,64,4,1,2015,2,1,1,2,1,1,1,1,1,1,1,5,1,1,9,5,1,1,,2,2
14,64,4,2,2015,3,3,1,2,1,1,3,1,1,1,1,1,1,1,14,5,1,1,,1,2
14,64,4,3,2015,3,1,4,2,1,1,1,1,1,1,1,5,1,1,14,5,1,1,30,1,2
14,64,3,3,2015,1,1,1,2,1,1,2,1,1,1,1,5,1,1,8,2,1,3,22,2,2
14,64,4,10,2015,2,4,1,2,1,1,2,2,1,1,1,5,1,1,14,5,1,1,,1,2
7,59,4,1,2015,2,7,8,2,1,1,1,2,1,1,1,2,1,2,14,5,,,30,2,2
2,59,4,1,2015,3,3,1,2,2,1,1,2,1,1,1,2,1,2,5,6,,,,,2
4,59,4,2,2015,4,1,8,2,2,1,4,1,1,1,1,2,1,2,5,6,,1,25,2,2
2,59,4,5,2015,3,3,8,2,2,1,1,1,1,1,1,2,1,2,19,5,1,,29,2,2
2,59,4,5,2015,2,3,8,2,2,1,2,2,1,1,1,2,1,2,4,5,1,,40,2,2
4,59,4,6,2015,3,1,,1,1,1,1,1,1,1,1,1,1,2,9,6,,,,,
2,59,4,6,2015,3,7,1,2,2,2,1,1,2,1,1,2,1,2,5,4,1,7,,1,2
4,59,3,7,2015,1,1,1,1,2,1,3,1,1,1,1,2,1,2,10,7,,,,,2
4,59,4,7,2015,4,1,1,2,2,1,2,1,1,1,1,2,1,2,14,4,,,50,2,2
4,59,1,7,2015,4,1,1,2,2,1,3,1,1,1,1,4,1,2,5,6,,,,,
6,59,3,7,2015,2,7,1,,,1,1,1,1,1,1,4,1,2,17,5,,,22,,
2,59,3,8,2015,3,2,7,2,2,1,1,1,1,1,1,1,1,2,5,7,,,,,
4,59,4,9,2015,1,1,1,2,2,1,3,1,1,1,1,2,1,1,14,7,,,,,
3,59,3,9,2015,3,1,8,2,2,1,2,3,1,1,2,3,5,2,6,11,1,7,,1,
14,63,4,8,2015,4,3,,1,1,1,4,4,1,1,1,1,1,1,14,5,1,1,55,,2
14,63,4,5,2015,2,1,,1,1,1,1,1,1,1,1,1,1,2,14,11,1,,,,2
14,63,1,11,2015,4,7,1,2,2,4,4,4,2,1,3,1,2,1,9,6,2,1,,,2
14,63,4,10,2015,2,2,1,2,2,4,1,2,5,1,3,1,1,1,9,6,2,1,28,,
6,63,4,10,2015,1,7,1,2,2,1,4,1,1,1,1,2,1,2,9,6,1,,43,2,2
5,63,3,5,2015,3,1,1,2,2,1,1,1,1,1,1,1,1,2,12,5,,1,,2,2
5,63,4,8,2015,2,7,1,2,2,1,1,1,1,1,1,1,1,2,9,4,1,1,,2,2
15,63,1,5,2015,2,1,1,2,2,1,1,2,1,1,1,2,1,2,13,11,1,1,32,2,2
1,63,4,10,2015,2,7,1,2,2,1,1,1,1,1,1,4,1,2,5,6,,,25,2,2
13,63,4,10,2015,2,1,2,2,2,1,1,1,1,1,1,3,1,2,9,11,,7,,,
7,65,4,1,2015,3,1,1,2,2,1,2,2,1,1,1,1,1,2,12,6,,,,,
2,65,4,1,2015,2,3,1,2,2,3,1,1,2,1,1,1,1,2,9,11,1,,,1,2
2,65,4,1,2015,3,1,1,2,2,1,1,1,1,1,1,1,1,2,13,6,1,,,1,2
2,65,3,1,2015,3,1,1,2,2,1,1,2,1,1,1,1,1,2,19,6,,,20,2,2
5,65,4,5,2015,2,7,1,2,2,2,1,2,2,1,1,1,1,2,9,11,1,1,,1,2
6,65,4,7,2015,3,7,8,2,2,1,1,1,1,1,1,1,1,2,7,6,,,,,
6,65,4,7,2015,3,7,1,2,2,1,1,1,1,1,1,1,1,2,9,6,,,,,
6,65,3,11,2015,3,7,7,2,2,1,1,3,1,1,2,1,1,2,15,6,,,,,
7,65,4,1,2015,3,1,1,2,2,1,2,2,1,1,1,1,1,2,12,6,,,,,
7,65,1,12,2015,3,7,8,2,2,2,1,1,2,1,2,4,1,2,8,6,,7,,2,2
1,65,3,5,2015,3,3,1,2,2,1,1,1,1,1,1,1,1,2,13,6,1,1,,1,2
1,65,4,10,2015,1,7,1,2,2,1,4,1,1,1,1,1,1,1,9,2,,,,2,2
1,58,4,8,2015,3,1,8,2,2,1,1,1,1,1,3,1,1,1,9,7,1,1,,2,2
1,58,4,7,2015,2,1,8,2,2,1,1,1,,,3,1,1,2,9,6,1,1,40,2,2
13,58,4,6,2015,4,1,1,2,2,1,4,1,1,1,1,1,1,2,9,6,1,1,,2,2
13,58,4,2,2015,2,7,8,2,2,1,1,1,1,1,1,1,1,1,14,6,,,,1,2
13,58,4,2,2015,3,7,8,2,2,1,1,1,1,1,1,2,1,1,19,6,,,,1,
7,58,4,7,2015,3,1,1,2,2,1,1,1,1,1,1,1,1,2,14,11,1,7,60,,2
7,58,4,1,2015,4,1,1,1,,1,2,1,1,1,1,1,1,2,14,6,1,1,29,2,2
7,58,2,2,2015,,2,1,1,1,1,1,1,1,1,1,1,1,1,19,6,,,,,
7,58,4,4,2015,3,3,1,1,1,1,1,1,1,1,1,3,1,1,7,1,1,1,,2,1
7,58,4,6,2015,1,1,1,1,,1,2,1,1,1,1,1,1,2,14,8,1,1,,2,2
7,58,4,6,2015,1,2,1,2,1,1,1,1,1,1,1,4,1,2,14,10,,6,,,
7,58,4,7,2015,3,2,1,1,1,1,1,1,1,1,1,1,1,2,14,11,2,1,,2,2
6,58,4,9,2015,1,1,1,2,2,1,4,1,1,1,1,1,1,2,14,11,1,7,,1,2
15,58,4,5,2015,1,7,8,2,2,2,1,,2,1,1,1,1,2,5,6,,,,,
15,58,4,3,2015,4,7,,1,2,1,2,1,1,1,1,2,1,2,17,6,,,,,
2,58,4,6,2015,1,1,1,2,2,1,2,1,1,1,1,1,1,2,16,6,1,1,,2,2
1,58,4,10,2015,3,1,1,2,1,1,1,1,1,1,1,1,1,2,9,6,1,1,,2,2
1,58,4,11,2015,3,1,1,2,2,1,1,1,1,1,1,1,1,2,14,6,1,1,,2,2
2,58,4,1,2015,1,1,,2,2,1,4,1,1,1,1,1,1,2,14,6,,,,,
2,58,4,6,2015,2,1,8,2,2,1,1,1,1,1,1,1,1,2,9,7,1,1,,2,2
2,58,4,9,2015,2,1,1,2,2,1,1,1,1,1,1,1,1,2,7,8,1,1,,2,2
2,58,4,10,2015,3,1,1,2,2,1,1,1,1,1,1,1,1,2,14,2,1,1,,2,2
2,58,4,9,2015,1,7,8,1,2,1,4,4,5,1,2,1,1,2,19,11,,7,,1,
2,58,3,5,2015,4,1,1,2,2,1,4,1,1,1,1,1,1,2,16,6,1,1,28,2,
6,58,1,2,2015,1,7,1,2,1,1,1,1,1,1,1,1,1,2,10,6,1,1,48,1,1
13,58,4,5,2015,1,1,2,1,2,1,3,1,1,1,3,1,1,1,13,2,1,1,,2,2
13,58,4,6,2015,3,1,1,2,2,1,,1,1,1,1,1,1,2,9,6,1,,44,,
13,58,4,7,2015,3,1,1,2,2,1,1,1,1,1,1,1,1,2,9,6,1,1,,2,2
13,58,4,8,2015,3,1,1,2,2,1,1,1,1,1,1,1,1,2,9,6,1,1,36,2,2
13,58,4,9,2015,2,1,8,1,2,1,2,2,5,1,2,1,1,1,19,6,,7,42,2,
13,58,4,11,2015,3,1,1,2,2,1,1,1,1,1,1,2,1,2,19,6,2,1,,2,2
13,58,4,11,2015,2,7,8,1,2,1,4,1,1,1,3,1,1,2,14,6,1,7,,2,2
13,58,4,11,2015,2,1,1,2,2,1,1,1,1,1,1,1,1,2,19,6,2,1,30,2,2