Thana,District,Accident_Severity,Month,Year,Time,Junction_Type,Traffic_Control,Movement,Divider,Weather,Light,Road_Geometry,Surface_Condition,Surface_Type,Surface_Quality,Road_Class,Road_Feature,Location_Type,Vehicle_Type,Vehicle_Movement,Vehicle_Loading,Vehicle_Defect,Vehicle_Driver_Age,Vehicle_Alcohol,Vehicle_Seat_Belt
13,58,4,11,2015,1,7,,2,2,1,2,1,1,1,1,2,1,2,5,6,1,1,,2,2
10,58,4,5,2015,3,7,8,2,2,1,1,1,1,1,1,2,1,2,14,6,,6,,1,2
10,58,4,11,2015,2,7,1,2,2,1,1,2,1,1,1,2,1,1,14,6,,,,,
7,58,4,11,2015,3,1,1,1,2,1,1,1,1,1,1,1,1,2,14,6,1,1,30,2,2
7,58,4,12,2015,3,1,1,1,2,1,1,1,1,1,1,1,1,2,9,6,1,1,54,1,2
12,58,4,9,2015,2,7,1,2,2,1,1,1,1,1,1,1,1,2,14,5,,,,,
3,57,4,8,2015,2,7,1,2,2,1,1,1,1,1,1,4,1,2,14,6,,,34,,
8,57,4,7,2015,2,7,,2,2,1,1,1,1,1,1,4,1,2,9,7,,,,,
5,57,4,4,2015,2,1,6,2,2,2,1,,1,1,1,1,2,2,12,6,1,,,,2
2,57,4,7,2015,2,7,8,1,2,1,1,1,1,1,1,4,1,2,7,5,1,7,22,2,2
9,57,4,7,2015,3,1,1,2,2,1,2,1,1,1,1,4,1,2,12,6,,,,,
9,57,4,7,2015,2,7,,2,2,1,2,1,1,1,1,4,1,2,9,6,,7,,2,2
2,61,4,12,2015,1,7,8,2,1,1,2,1,1,1,1,1,1,2,9,6,,,,,2
1,61,4,7,2015,3,,1,1,1,2,1,1,2,1,1,1,1,2,9,6,,,,1,2
1,61,4,6,2015,4,3,1,2,2,1,4,1,1,1,1,1,1,2,4,6,,7,57,2,2
1,61,4,4,2015,4,7,,2,2,1,4,1,1,1,1,1,1,2,9,6,,,,,
8,67,3,5,2015,2,1,8,2,2,1,1,1,1,1,1,1,1,1,14,1,1,,,2,2
1,67,3,10,2015,2,7,8,2,2,1,1,4,1,1,1,1,1,1,14,11,1,1,55,1,2
7,67,4,7,2015,1,1,1,1,2,1,2,4,1,1,1,2,1,2,14,5,2,,35,2,2
8,67,4,1,2015,3,7,8,2,2,1,1,4,1,1,1,1,1,2,9,6,1,,34,2,2
1,66,1,1,2015,2,1,8,2,2,1,1,4,1,1,1,4,1,2,14,11,1,7,35,2,2
1,66,4,1,2015,2,1,1,2,2,1,1,3,1,1,1,2,1,2,5,6,,,28,2,2
2,66,4,11,2015,2,3,4,2,2,1,1,4,1,1,1,2,1,2,8,5,2,2,30,1,2
8,66,3,7,2015,1,7,1,2,2,1,1,4,1,1,1,2,1,2,12,6,1,2,30,2,2
9,66,1,1,2015,2,3,1,2,2,1,1,2,1,1,1,1,1,2,8,4,1,1,25,,2
1,68,4,2,2015,2,1,,2,2,1,1,4,1,1,1,2,1,1,5,2,,,,1,
1,68,4,4,2015,2,1,1,2,2,1,1,1,1,1,1,2,1,2,12,6,,,,1,2
1,61,4,9,2015,1,1,,2,1,1,4,1,1,1,1,1,1,2,14,10,1,5,,,
4,58,4,12,2015,2,7,8,2,2,1,1,2,1,1,1,,1,2,19,6,1,,28,2,2
7,40,4,10,2015,2,7,3,2,2,1,1,1,1,1,1,1,1,2,9,1,1,7,46,2,2
7,41,4,6,2015,3,7,3,2,2,1,1,1,1,1,1,2,1,2,12,2,1,7,48,2,2
7,41,4,12,2015,4,7,8,2,2,1,4,1,1,1,1,1,2,1,8,6,1,7,40,2,2
5,41,4,12,2015,1,1,8,2,2,4,4,5,5,1,2,4,2,2,13,7,1,3,22,2,2
1,41,1,7,2015,3,1,1,2,1,1,1,1,2,1,1,1,1,2,5,6,1,1,28,2,2
6,41,4,7,2015,4,7,8,2,2,1,4,1,1,1,1,1,1,2,19,11,1,1,35,2,2
1,40,3,10,2015,2,1,8,2,2,1,1,1,1,1,1,1,1,1,14,5,1,6,40,2,2
1,40,4,11,2015,2,1,1,2,1,1,1,1,1,1,1,1,1,2,7,6,1,1,28,2,1
6,40,3,9,2015,3,1,1,2,2,1,1,1,1,1,1,1,1,2,14,6,1,7,33,2,2
6,40,4,9,2015,1,1,1,2,2,1,1,1,1,1,1,1,1,2,14,10,1,1,40,2,2
3,40,3,12,2015,3,1,1,1,1,1,1,1,1,1,1,1,1,2,9,5,1,7,30,2,2
6,43,3,9,2015,2,7,8,2,2,1,4,2,1,1,1,2,2,2,19,5,1,7,30,2,2
1,43,3,7,2015,2,7,1,2,2,1,1,2,1,1,1,4,1,2,13,1,1,1,30,2,2
1,43,3,10,2015,3,7,1,2,2,1,1,1,1,1,1,4,1,2,12,1,1,1,31,2,2
5,47,4,1,2015,2,3,8,1,1,1,1,1,1,1,1,1,1,2,14,11,1,7,38,2,2
4,47,4,3,2015,3,1,1,2,2,1,1,1,1,1,1,1,1,2,14,6,1,2,38,2,2
5,39,4,4,2015,3,1,1,2,2,1,1,1,1,1,1,2,1,2,9,6,2,7,25,2,2
1,39,4,6,2015,2,7,2,2,2,1,1,1,1,1,1,1,1,1,9,6,1,1,45,2,2
1,39,1,7,2015,4,7,1,2,2,1,4,1,2,1,1,2,1,2,14,11,1,7,28,2,2
3,39,4,8,2015,2,7,8,2,2,1,1,1,1,1,1,1,1,2,9,11,1,7,25,2,2
7,38,4,1,2015,1,7,1,2,2,1,1,1,1,1,1,1,1,2,9,6,1,7,35,2,2
1,38,4,2,2015,2,7,1,2,2,1,1,1,1,1,1,1,1,1,13,11,1,7,40,2,2
1,27,4,12,2015,2,1,1,2,2,1,1,1,1,1,1,1,1,2,10,5,1,7,35,2,2
1,38,4,3,2015,4,7,8,2,2,1,2,1,1,1,1,1,1,1,14,11,1,1,19,2,2
7,38,4,7,2015,3,1,8,2,1,1,1,1,1,1,1,1,1,2,9,11,1,7,40,2,2
1,38,4,8,2015,1,7,1,1,2,1,3,1,1,1,1,5,2,1,7,4,1,7,40,2,2
1,38,4,9,2015,4,1,1,2,2,1,1,1,1,1,1,1,1,2,8,6,1,7,35,2,2
3,38,4,5,2015,4,1,1,2,2,1,2,1,1,1,1,1,1,2,7,6,1,7,42,2,2
1,38,4,5,2015,3,7,1,2,2,1,1,2,1,1,1,1,1,2,9,5,1,7,43,2,2
7,38,4,10,2015,3,7,8,2,2,1,2,2,1,1,1,3,1,2,19,11,1,7,40,2,2
4,35,4,5,2015,2,1,1,2,2,1,1,1,1,1,1,1,1,2,14,11,1,1,38,2,2
2,35,4,7,2015,2,1,1,2,2,2,1,1,2,1,1,1,2,,8,6,1,7,40,2,2
6,51,4,1,2015,4,7,8,2,2,1,3,1,1,1,1,4,1,1,17,11,2,7,35,2,2
13,51,4,4,2015,3,7,8,2,2,1,1,,,,,,,,14,11,1,5,30,2,2
1,51,4,7,2015,3,1,1,2,2,1,1,1,1,1,1,1,1,2,8,4,1,1,33,2,2
8,51,4,7,2015,2,7,1,2,2,1,1,1,1,1,1,4,1,1,19,11,1,7,35,2,2
1,51,3,9,2015,3,7,8,2,2,1,1,1,5,1,1,1,1,2,7,4,1,7,45,2,2
2,46,4,11,2015,2,1,1,2,2,1,1,1,1,1,1,1,1,2,9,11,1,7,35,2,2
2,46,4,8,2015,3,1,1,2,2,1,1,1,1,1,1,1,1,2,12,6,1,7,28,2,2
4,46,4,10,2015,2,7,1,2,2,1,1,2,1,1,1,3,1,2,14,11,1,7,29,2,2
5,44,4,2,2015,2,1,1,2,2,1,1,1,1,1,1,1,1,2,9,11,1,7,34,2,2
5,44,4,2,2015,2,1,1,2,2,1,1,1,1,1,1,1,1,2,14,11,1,7,35,2,2
5,44,4,3,2015,1,1,1,2,2,1,1,1,1,1,1,1,1,2,14,11,1,7,40,2,2
2,44,4,8,2015,2,1,1,1,2,1,1,1,1,1,1,1,1,1,19,11,1,7,40,2,2
3,44,4,6,2015,2,1,4,1,1,1,2,1,1,1,1,1,1,2,12,11,1,7,28,2,2
6,44,4,4,2015,3,7,4,1,2,1,1,1,1,1,1,1,1,1,4,11,1,7,45,2,2
2,45,4,3,2015,2,7,8,2,2,1,1,1,1,1,1,1,1,1,9,11,1,7,40,2,2
6,45,4,4,2015,2,7,8,2,2,1,1,1,1,1,1,1,1,2,9,11,1,7,28,2,2
5,45,4,5,2015,1,7,8,2,1,1,3,1,1,1,1,1,1,1,4,4,1,7,25,2,2
5,45,3,5,2015,1,7,8,2,2,1,1,1,1,1,1,1,1,2,19,4,1,7,28,2,2
6,48,4,9,2015,1,7,1,1,2,1,1,2,1,1,1,2,1,2,14,11,1,7,27,2,2
1,49,4,1,2015,1,7,1,2,2,1,1,1,1,1,1,1,1,2,19,11,1,7,35,2,2
3,49,4,11,2015,3,7,1,2,2,1,1,1,1,1,1,1,1,1,9,6,1,7,26,2,2
1,47,4,11,2015,3,7,1,2,2,1,1,1,1,1,1,1,1,2,9,6,1,1,42,2,2
9,47,4,11,2015,3,3,1,2,2,1,1,1,1,1,1,1,1,2,9,6,1,1,35,,2
9,47,3,11,2015,3,3,1,2,2,1,2,1,1,1,1,1,1,1,14,5,1,7,40,2,2
2,47,1,11,2015,3,4,1,2,2,1,1,1,1,1,1,1,1,2,9,6,2,7,38,2,2
4,47,4,11,2015,4,1,1,2,2,1,2,1,1,1,1,1,1,2,14,6,1,1,45,2,2
1,47,4,11,2015,3,7,1,2,2,1,1,1,1,1,1,1,1,2,4,6,1,1,35,2,2
4,39,4,7,2015,2,2,1,2,2,2,1,1,2,1,1,2,1,2,14,4,1,7,25,1,2
9,47,4,1,2015,3,1,1,2,1,1,1,1,1,1,1,1,1,2,4,11,1,7,40,2,2
12,47,3,1,2015,2,3,1,2,1,1,2,1,1,1,1,1,1,2,5,6,2,7,42,1,2
1,47,4,2,2015,1,1,1,2,2,1,1,1,1,1,1,1,1,2,11,7,1,7,38,2,2
5,47,4,3,2015,1,3,2,1,1,1,1,1,1,1,1,1,1,1,4,6,1,7,35,2,2
4,47,4,3,2015,3,1,1,2,2,1,1,1,1,1,1,1,1,2,14,6,1,2,38,2,2
3,40,1,11,2015,1,1,8,2,1,4,1,1,1,1,1,1,1,2,13,6,1,1,35,2,2
7,40,1,10,2015,3,1,1,2,2,1,1,1,1,1,1,3,1,2,4,6,1,7,32,1,2
6,40,3,10,2015,1,1,1,2,1,1,3,1,1,1,1,2,2,2,5,11,1,7,28,2,1
1,40,4,10,2015,2,1,1,2,2,1,1,1,1,1,1,1,1,2,1,6,1,1,44,2,2
3,40,3,10,2015,3,7,8,2,1,1,1,1,1,1,1,1,1,2,14,5,1,1,36,2,2
1,43,4,2,2015,4,7,1,2,2,1,4,2,1,1,1,2,1,2,5,2,1,2,28,2,2
2,43,4,1,2015,3,7,8,1,2,1,1,1,1,1,1,1,1,1,19,11,1,7,32,2,2
7,41,3,11,2015,2,7,7,2,2,1,1,1,1,1,1,1,1,2,7,1,1,7,46,2,1
7,41,3,5,2015,3,7,2,2,2,1,1,1,1,1,1,1,1,2,12,1,1,7,40,1,2
7,41,4,1,2015,3,7,1,2,2,1,1,2,1,1,1,1,2,1,8,6,1,7,26,2,2
7,41,4,12,2015,3,7,8,1,2,1,1,1,1,1,1,1,1,2,8,5,1,7,29,1,2
5,41,4,5,2015,2,7,8,1,2,1,1,1,1,1,1,1,1,1,9,11,1,7,35,2,2
5,41,4,10,2015,4,3,8,1,1,1,3,5,5,1,1,1,1,1,13,1,1,7,24,2,2
1,41,4,11,2015,1,1,1,1,1,1,1,1,1,1,1,1,,,9,7,1,1,56,2,2
1,41,4,4,2015,3,1,1,2,2,1,1,1,1,1,1,1,1,2,9,6,1,1,32,2,2
6,41,4,1,2015,1,7,8,2,2,1,1,1,1,1,1,5,4,2,5,11,1,1,55,2,2
16,42,4,1,2015,4,1,4,2,1,1,3,1,1,1,1,5,1,1,14,6,1,1,38,2,2
14,42,2,1,2015,3,1,7,2,1,1,1,1,1,1,1,1,1,1,8,6,1,1,26,2,2
33,42,4,1,2015,1,2,4,2,1,1,4,1,1,1,1,1,1,1,9,5,1,1,40,2,2
44,42,4,1,2015,4,5,6,2,1,1,2,1,1,1,1,1,1,1,9,9,1,1,29,1,2
10,42,3,1,2015,3,1,4,1,1,1,1,1,1,1,1,5,1,1,10,6,1,1,30,1,1
37,42,2,1,2015,2,2,4,2,1,1,1,1,1,1,1,5,1,1,10,4,1,1,48,2,2
2,42,4,1,2015,1,2,6,2,1,1,2,1,1,1,1,5,1,1,9,6,1,1,49,2,2
43,42,4,1,2015,1,3,4,2,1,1,2,1,1,1,1,5,1,1,14,6,1,1,38,1,2
43,42,3,2,2015,1,1,4,1,1,1,3,1,1,1,1,2,1,1,12,5,1,1,21,2,2
25,42,4,2,2015,4,1,1,2,2,1,4,1,1,1,1,5,1,1,8,5,1,6,22,2,2
40,42,4,2,2015,1,2,4,2,1,1,2,1,1,1,1,5,1,1,13,5,1,1,35,2,2
9,42,2,2,2015,2,7,1,1,1,1,1,1,1,1,1,1,1,1,10,6,1,1,32,2,1
18,42,4,2,2015,1,2,7,2,1,1,4,2,1,1,1,5,4,1,14,5,2,7,40,1,2
40,42,4,3,2015,4,1,4,2,1,1,2,1,1,1,1,5,1,1,9,5,1,1,32,2,2
28,42,1,3,2015,2,2,5,2,1,1,1,1,1,1,1,5,1,1,8,6,1,1,45,2,2
33,42,4,3,2015,2,1,1,1,1,1,1,1,1,1,1,1,1,1,8,6,1,1,40,2,2
33,42,4,3,2015,1,5,4,2,2,1,4,4,1,1,1,1,1,1,14,6,1,1,40,2,2
48,42,3,1,2015,3,1,1,2,2,1,1,1,1,1,1,5,1,1,9,5,1,2,40,2,2
23,42,3,1,2015,2,4,1,2,2,1,1,3,1,1,1,5,2,1,13,7,1,1,30,2,2
33,42,1,1,2015,4,7,1,2,1,1,2,1,1,1,1,5,2,1,4,6,1,1,35,2,1
22,42,4,3,2015,2,1,4,1,1,1,1,1,1,1,1,1,1,1,9,6,1,1,40,2,2
9,42,2,3,2015,1,1,1,1,1,1,3,1,1,1,1,5,1,1,10,6,1,1,35,2,1
13,42,4,2,2015,3,1,4,2,2,1,1,1,1,1,1,5,1,1,12,6,1,1,36,2,2
18,42,1,3,2015,4,2,1,1,1,1,3,1,1,1,1,1,1,1,10,6,1,1,40,2,1
1,42,2,3,2015,4,2,4,2,1,1,3,1,1,1,1,5,1,1,10,10,1,1,34,2,1
1,42,3,3,2015,4,2,4,2,1,1,3,1,1,1,1,5,1,1,9,6,1,1,40,2,2
1,42,3,4,2015,2,2,4,2,1,1,1,1,1,1,1,5,1,1,8,6,1,1,35,2,2
34,42,2,4,2015,2,1,1,1,2,1,1,1,1,1,1,5,1,1,7,6,1,1,28,2,1
6,42,4,4,2015,2,1,4,2,2,1,1,1,1,1,1,5,1,1,11,6,1,1,40,2,2
40,42,1,4,2015,4,1,4,2,1,1,3,1,1,1,1,5,1,1,9,6,1,1,35,2,2
40,42,1,5,2015,2,1,4,2,1,1,1,1,1,1,1,5,1,1,9,4,1,1,30,2,2
25,42,1,5,2015,4,2,1,2,1,1,3,2,1,1,1,5,1,1,15,7,1,1,30,1,2
33,42,4,5,2015,3,5,4,1,2,1,1,2,1,1,1,1,1,1,9,6,1,1,35,2,2
9,42,4,5,2015,1,1,1,2,2,1,3,1,1,1,1,1,1,1,9,6,1,1,30,2,2
10,42,4,5,2015,1,2,4,2,2,1,3,1,1,1,1,5,1,1,14,6,1,1,40,2,2
9,42,4,6,2015,4,7,1,1,1,1,1,1,1,1,1,1,1,1,9,5,1,2,40,2,2
22,42,4,6,2015,1,1,4,1,1,1,3,1,1,1,1,1,1,1,13,5,1,1,30,1,2
29,42,2,7,2015,2,2,4,2,1,1,1,1,1,1,1,1,1,1,9,1,1,1,30,2,2
43,42,3,7,2015,1,1,1,1,1,1,3,1,1,1,1,1,1,1,8,6,1,1,22,1,2
44,42,3,7,2015,3,7,4,2,2,2,2,1,1,1,1,5,1,1,9,4,1,1,40,1,2
11,42,2,7,2015,2,3,1,1,1,1,1,1,1,1,1,2,1,1,8,6,1,1,30,2,2
11,42,4,7,2015,4,1,1,1,1,1,4,1,1,1,1,5,1,1,14,6,1,1,35,2,2
34,42,2,7,2015,3,1,1,1,1,1,1,1,1,1,1,5,1,1,10,6,1,1,40,2,1
26,42,4,7,2015,3,1,1,2,1,1,1,1,1,1,1,1,1,1,9,5,1,1,40,1,2
9,42,4,7,2015,3,1,1,1,1,1,1,1,1,1,1,1,1,1,9,6,1,1,45,2,2
26,42,4,7,2015,4,3,1,2,2,1,4,1,1,1,1,5,1,1,14,6,1,1,40,2,2
12,42,3,7,2015,1,7,1,1,1,1,3,1,1,1,1,1,1,1,19,6,1,1,35,2,1
8,42,3,2,2015,2,7,4,1,1,1,1,1,1,1,1,5,1,1,19,5,1,1,30,2,2
37,42,4,8,2015,1,2,1,1,1,1,1,1,1,1,1,5,1,1,14,6,1,1,40,2,2
29,42,3,8,2015,3,2,4,1,1,1,1,1,1,1,1,1,1,1,14,6,1,1,35,2,2
36,42,1,8,2015,3,3,4,2,1,2,1,3,2,1,1,1,1,1,10,6,1,1,28,2,1
42,42,4,8,2015,3,2,4,1,2,1,1,5,1,1,1,1,1,1,9,6,1,1,35,2,2
15,42,4,8,2015,2,2,4,2,1,1,3,1,1,1,1,2,1,1,9,6,1,1,45,2,2
1,42,4,8,2015,2,3,4,1,1,1,2,1,1,1,1,5,1,1,8,6,1,1,40,2,2
17,42,4,8,2015,2,2,4,2,1,1,2,1,2,1,1,5,1,1,9,9,1,1,45,2,2
22,42,4,8,2015,3,2,4,2,1,1,1,1,1,1,1,1,1,1,8,6,1,1,45,2,2
8,42,2,8,2015,1,3,4,1,1,1,2,1,1,1,1,3,4,1,14,6,2,1,50,1,2
8,42,4,7,2015,3,3,4,1,1,1,1,1,1,1,1,5,1,1,9,6,1,1,40,2,2
23,42,4,8,2015,4,2,4,2,2,1,3,1,1,1,1,1,1,1,12,6,1,1,35,2,2
23,42,1,8,2015,1,4,1,1,1,2,1,4,2,1,1,3,4,1,7,2,1,1,40,2,1
9,42,3,9,2015,3,7,4,1,1,1,1,1,1,1,1,1,1,1,19,6,1,1,18,2,2
29,42,1,8,2015,2,2,4,1,1,1,1,1,1,1,1,1,2,1,9,6,1,1,42,2,2
22,42,4,8,2015,4,2,4,2,1,1,1,1,1,1,1,1,1,1,4,6,1,1,30,2,1
5,42,3,9,2015,3,2,4,2,1,1,1,1,1,1,1,5,1,1,9,6,1,1,29,2,2
1,42,4,9,2015,1,2,3,2,1,1,3,1,1,1,1,5,1,1,9,6,1,1,40,1,2
1,42,4,9,2015,3,3,1,2,1,1,3,2,1,1,1,5,1,1,10,1,1,1,35,2,1
2,42,3,10,2015,2,2,4,1,1,1,1,1,1,1,1,5,1,1,9,6,1,6,40,2,2
21,42,4,10,2015,3,1,4,1,1,1,1,1,1,1,1,1,1,1,9,6,1,1,30,2,2
1,42,4,10,2015,1,2,4,2,1,1,4,1,1,1,1,5,1,1,10,2,1,1,30,2,2
5,42,2,10,2015,4,2,4,1,1,1,1,1,1,1,1,1,2,1,19,6,1,1,35,2,2
12,42,4,11,2015,2,1,4,1,2,1,2,1,1,1,1,5,1,1,8,6,1,1,30,2,2
47,42,4,11,2015,4,7,1,2,2,1,3,1,1,1,1,5,1,1,14,6,1,1,50,2,2
1,42,3,11,2015,4,2,4,2,1,1,2,2,3,1,1,5,1,1,14,6,1,1,50,2,2
22,42,4,11,2015,4,2,4,2,1,1,3,1,1,1,1,1,1,1,9,6,1,1,35,2,2
2,42,2,11,2015,4,3,4,1,1,1,3,1,1,1,1,5,1,1,9,5,1,7,30,2,2
18,42,4,12,2015,1,2,4,2,1,4,2,1,1,1,1,5,1,1,6,6,1,1,35,2,2
16,42,4,12,2015,1,1,4,1,1,1,1,1,1,1,1,1,1,1,8,8,1,1,30,2,2
13,42,4,12,2015,3,2,4,1,1,1,1,1,1,1,1,1,1,1,9,6,1,1,35,2,2
11,42,3,12,2015,3,2,4,1,1,1,1,1,1,1,1,1,1,1,8,6,1,1,30,2,2
24,42,4,12,2015,2,2,4,2,2,1,4,1,1,1,1,5,1,1,14,6,1,1,35,2,2
44,42,4,12,2015,4,2,4,2,2,1,1,1,1,1,1,1,1,1,14,6,1,1,30,2,2
19,42,3,3,2015,3,1,1,2,2,1,1,5,1,1,1,2,2,1,14,4,1,7,40,2,2
19,42,3,6,2015,1,1,4,2,2,1,2,1,1,2,3,1,1,1,9,5,1,1,35,2,2
19,42,4,6,2015,2,1,1,2,2,1,3,1,1,1,1,5,1,1,14,7,1,1,46,1,2
47,42,4,2,2015,2,3,4,2,1,1,2,1,1,1,1,5,1,1,16,6,1,3,38,2,2
16,42,3,6,2015,3,1,1,2,1,1,1,1,1,1,1,5,1,1,10,6,1,1,,2,1
41,42,3,6,2015,2,3,4,2,2,1,1,1,1,1,1,5,1,1,7,5,1,2,28,2,1
14,42,4,12,2015,3,1,3,2,1,1,1,1,1,1,1,1,1,1,9,4,1,7,44,2,2
22,42,4,1,2015,2,1,4,2,1,1,1,1,1,1,1,1,1,1,9,5,1,1,45,2,2
1,24,4,1,2015,3,1,2,2,2,1,2,1,1,1,1,1,1,2,14,6,2,1,,1,2
1,24,4,1,2015,3,1,7,2,2,1,1,1,1,1,1,1,1,2,14,6,2,1,,2,2
1,24,4,2,2015,2,1,7,2,2,1,1,1,1,1,1,1,1,2,14,6,1,1,,2,2
1,24,4,2,2015,3,3,1,2,2,1,1,1,1,1,1,1,1,2,9,6,2,1,,1,2
2,24,4,3,2015,1,1,1,2,2,1,1,1,1,1,1,1,1,1,14,6,1,1,36,2,2
7,24,4,2,2015,1,1,1,2,2,1,3,2,1,1,1,2,1,2,13,6,2,1,,1,2
7,24,4,5,2015,3,1,1,2,2,1,1,1,1,1,1,2,1,2,9,6,1,1,60,2,2
9,24,4,3,2015,2,7,1,2,2,1,1,1,1,1,2,4,1,1,14,6,1,1,,1,2
9,24,4,5,2015,3,1,1,2,2,1,1,1,1,1,1,1,1,1,14,6,1,1,,2,2
1,18,4,2,2015,3,1,1,2,2,1,1,1,1,1,1,1,1,1,13,1,1,1,38,2,2
1,29,3,7,2015,4,1,1,2,2,1,2,1,2,1,1,2,1,2,14,6,2,1,32,2,2
3,29,4,4,2015,3,1,1,2,2,1,1,1,1,1,1,2,1,2,9,6,1,1,25,2,2
2,25,4,10,2015,2,1,1,2,2,1,1,1,1,1,1,4,1,2,13,2,1,1,35,2,2
6,25,4,1,2015,1,1,1,2,2,1,1,1,1,1,1,4,1,2,9,5,2,1,26,1,2
8,25,3,7,2015,3,1,1,2,2,1,1,1,1,1,2,2,1,2,9,6,,,,2,2
1,21,4,9,2015,2,7,1,2,2,1,1,2,1,1,2,3,4,2,14,6,1,1,,2,2
4,21,4,3,2015,3,1,1,2,2,1,1,1,1,1,1,2,1,2,14,5,,,,2,2
5,21,4,4,2015,3,1,1,2,2,1,1,1,1,1,1,3,1,2,9,6,1,1,,2,2
6,21,4,10,2015,1,1,1,2,2,1,1,1,1,1,1,3,1,2,14,9,1,1,30,2,2
6,21,4,10,2015,1,1,1,2,2,1,2,1,1,1,1,3,1,2,14,9,1,1,30,2,2
4,26,4,3,2015,2,4,1,2,2,4,1,1,2,1,2,2,1,2,14,6,1,1,55,2,2
5,26,4,12,2015,1,1,1,2,1,1,1,1,1,1,1,1,1,,4,6,1,1,38,2,2
8,26,3,8,2015,3,2,1,2,2,1,1,1,1,1,1,4,1,2,19,6,1,1,51,2,2
8,26,3,8,2015,3,3,1,2,2,1,1,1,1,1,1,3,1,2,9,4,1,1,,2,2
1,20,3,2,2015,2,7,1,2,2,1,1,1,1,1,1,2,1,2,19,6,2,1,35,2,2
2,20,4,11,2015,3,1,1,2,2,1,1,1,1,1,1,1,4,2,14,6,1,1,30,2,2
2,20,4,12,2015,2,1,1,2,2,1,1,1,1,1,1,4,2,2,14,6,1,1,40,2,2
3,20,4,3,2015,4,1,1,2,2,1,3,1,1,1,1,4,1,2,9,6,1,1,30,2,2
1,23,4,2,2015,4,7,1,2,2,1,4,2,1,1,1,4,1,2,9,2,1,7,,2,2
1,23,4,7,2015,1,1,1,2,2,2,1,1,2,1,1,5,1,1,9,6,2,1,35,2,2
1,23,4,11,2015,3,1,1,2,2,1,1,1,1,1,1,4,1,2,4,6,1,1,23,2,2
1,23,1,12,2015,4,3,1,2,2,1,3,1,1,1,1,3,1,1,12,2,1,1,,1,2
3,23,4,4,2015,3,1,1,2,2,1,1,1,1,1,1,4,1,2,9,6,1,1,45,2,2
3,23,4,9,2015,1,1,1,2,2,1,1,1,1,1,2,4,1,1,14,6,2,1,,2,2
2,18,4,12,2015,4,1,1,2,2,1,2,1,1,1,2,1,1,2,9,5,1,7,35,2,2
6,18,4,9,2015,3,1,5,2,2,1,1,1,1,1,1,1,1,2,19,6,2,1,,1,2
7,18,4,6,2015,1,1,1,2,2,1,1,1,1,1,1,4,1,2,8,6,1,1,,2,2
7,18,4,12,2015,2,1,1,2,2,1,1,1,1,1,1,3,1,1,14,6,1,1,,2,2
1,22,4,2,2015,2,1,1,2,2,1,1,1,1,1,1,1,1,1,14,5,2,2,33,1,2
1,22,4,4,2015,4,1,1,2,2,1,4,1,1,1,1,1,1,1,15,5,2,1,,2,2
1,22,4,12,2015,3,1,1,2,2,1,2,1,1,1,1,1,1,2,14,6,1,1,,2,2
3,29,3,11,2015,2,1,1,2,2,1,1,1,1,1,1,2,1,2,4,5,1,1,35,2,2
4,29,4,7,2015,3,1,1,2,2,1,1,1,1,1,1,4,1,2,14,6,1,1,,2,2
8,29,3,5,2015,2,7,1,2,2,1,2,2,1,1,1,4,1,2,4,1,1,1,24,2,2
5,29,3,2,2015,2,1,1,2,2,1,1,1,1,1,1,1,1,2,14,6,1,1,20,2,2
8,29,3,10,2015,1,1,1,2,2,1,4,1,1,1,1,1,1,2,13,6,2,1,25,2,2
3,22,4,1,2015,3,1,1,2,2,1,1,2,1,1,1,3,1,2,4,1,1,1,42,2,2
1,24,4,5,2015,4,1,7,2,2,1,4,1,1,1,1,4,1,2,17,6,1,7,,2,2
1,24,4,6,2015,2,1,1,2,2,1,2,2,1,1,1,1,5,2,14,6,1,1,,2,2
1,24,4,7,2015,3,1,1,2,2,1,1,1,1,1,1,1,1,1,1,5,2,1,,2,2
1,24,4,12,2015,1,4,1,2,2,1,1,3,1,1,1,1,1,1,14,1,2,1,,1,2
2,24,4,11,2015,2,1,2,2,1,1,1,1,1,1,1,1,1,,4,5,1,1,17,2,2
6,18,4,2,2015,3,1,1,2,2,1,1,1,1,1,1,1,1,2,13,2,1,1,40,1,2
1,29,1,11,2015,2,1,1,2,2,1,1,1,1,1,1,2,1,2,9,6,2,1,,2,2
3,29,4,1,2015,2,1,1,2,2,1,1,1,1,1,1,1,1,2,14,6,2,1,42,2,2
1,29,3,11,2015,2,1,1,2,2,1,1,1,1,1,1,1,1,2,4,5,1,1,35,2,2
8,29,3,10,2015,1,1,1,1,2,1,2,1,1,1,1,1,1,2,13,6,2,1,25,2,2
3,20,4,3,2015,4,1,1,1,2,1,3,1,1,1,1,4,1,2,9,6,1,1,30,2,2
8,26,3,8,2015,1,1,4,2,1,1,1,1,1,1,2,1,1,2,9,4,1,1,,2,2
1,24,4,10,2015,1,1,1,2,2,1,1,1,1,1,1,1,1,2,13,5,1,1,,2,2