Thana,District,Accident_Severity,Month,Year,Time,Junction_Type,Traffic_Control,Movement,Divider,Weather,Light,Road_Geometry,Surface_Condition,Surface_Type,Surface_Quality,Road_Class,Road_Feature,Location_Type,Vehicle_Type,Vehicle_Movement,Vehicle_Loading,Vehicle_Defect,Vehicle_Driver_Age,Vehicle_Alcohol,Vehicle_Seat_Belt
7,24,4,1,2015,3,1,1,2,2,1,1,1,1,1,1,5,1,2,14,1,1,1,35,2,2
1,28,4,3,2015,4,7,4,2,2,1,1,1,1,1,1,1,1,1,13,11,1,7,,2,2
4,28,3,2,2015,3,7,8,1,2,1,1,1,1,1,1,5,1,1,10,2,1,7,,2,2
6,28,3,5,2015,3,7,8,2,2,1,1,1,1,1,1,5,1,2,10,11,1,1,35,2,2
7,28,4,9,2015,3,2,1,2,2,1,1,1,1,1,1,5,1,1,2,2,1,7,37,1,2
3,28,4,12,2015,3,7,8,2,2,1,1,1,1,1,1,1,1,1,9,11,2,7,,2,2
8,28,4,10,2015,4,1,1,2,1,1,2,1,1,1,1,5,1,1,14,6,2,7,,2,2
4,28,4,12,2015,3,7,8,2,2,1,1,1,1,1,1,5,1,1,9,11,2,7,,2,2
10,16,1,1,2015,4,7,8,2,2,4,4,2,3,2,2,2,3,2,7,7,1,7,,2,2
7,16,4,2,2015,2,1,1,2,,4,1,1,1,1,1,,1,2,14,4,2,7,30,2,2
10,16,2,3,2015,1,1,8,2,1,1,4,1,1,1,1,1,2,,12,1,1,1,26,2,2
11,16,4,3,2015,1,1,1,2,,1,2,4,1,1,1,1,1,2,14,11,1,1,,2,2
10,16,4,3,2015,1,1,8,2,2,4,4,,5,1,1,1,2,2,19,6,1,1,,2,2
11,16,3,3,2015,2,1,1,2,,1,1,1,1,1,1,1,,2,14,6,2,1,,2,2
11,16,4,3,2015,3,1,1,2,,1,1,2,1,1,1,1,1,2,9,6,1,1,,2,2
7,16,4,4,2015,1,1,1,2,,2,1,1,1,1,1,1,2,,14,11,1,1,,2,2
10,16,4,5,2015,3,2,1,2,2,1,1,1,1,1,1,1,1,2,14,4,1,1,40,1,2
9,16,4,5,2015,4,1,1,2,2,1,2,1,1,1,1,1,1,2,9,,1,1,,2,2
11,16,3,5,2015,4,1,1,2,,1,2,1,1,1,1,1,1,2,14,11,1,1,,2,2
10,16,2,6,2015,2,2,8,2,2,1,1,1,1,1,1,1,5,2,14,11,1,7,48,1,2
1,16,3,6,2015,4,1,1,2,2,1,4,2,1,1,1,2,1,1,12,2,,1,42,2,1
11,16,4,6,2015,2,1,1,2,1,1,1,1,1,1,1,1,2,,7,11,1,1,,2,2
10,16,4,7,2015,1,1,8,2,2,2,2,1,2,1,1,1,1,2,9,6,1,1,,1,2
10,16,4,7,2015,1,1,8,1,2,1,2,1,1,1,1,1,1,2,14,10,1,1,,2,2
10,16,4,7,2015,1,1,1,2,2,1,4,1,1,1,1,1,1,2,9,5,1,7,,1,2
10,16,4,7,2015,1,1,1,2,1,1,1,1,1,1,1,1,2,,9,11,1,1,,1,2
8,16,4,7,2015,2,1,1,2,,1,2,1,1,1,1,1,1,2,12,,1,1,,2,2
11,16,3,7,2015,3,1,1,2,1,1,1,1,1,1,1,1,1,2,9,5,1,1,,2,2
11,16,4,7,2015,2,1,1,2,1,2,1,1,1,1,1,1,1,2,14,6,1,,,,
11,16,4,8,2015,2,1,1,2,,1,1,1,1,1,1,1,1,2,14,6,1,1,,2,2
11,16,4,8,2015,1,1,1,2,,1,2,1,1,1,1,1,1,2,14,6,1,1,,2,2
6,16,4,8,2015,2,1,1,2,,1,2,1,1,1,1,1,1,2,14,11,1,1,,2,2
10,16,4,9,2015,3,7,1,2,2,1,1,1,1,1,1,1,1,2,9,11,1,1,,1,2
9,16,3,9,2015,4,1,1,2,,1,3,1,1,1,1,1,1,2,14,5,2,1,20,2,2
8,16,4,9,2015,4,1,1,2,2,1,4,1,1,1,1,1,1,2,9,6,1,1,,2,2
11,16,3,9,2015,2,1,1,2,2,1,3,1,1,1,1,1,1,2,14,6,2,1,,1,2
6,16,4,10,2015,3,1,1,2,,1,1,1,1,1,1,1,1,2,9,6,1,1,,2,2
11,16,4,10,2015,2,2,1,1,,1,4,1,1,1,1,1,1,2,13,5,1,1,35,2,2
10,16,4,11,2015,3,2,8,2,,1,1,1,1,1,1,1,2,2,10,,1,1,29,1,2
11,16,4,9,2015,1,1,1,2,,1,2,1,1,1,1,1,1,2,9,5,1,1,,2,2
11,16,4,11,2015,4,1,1,2,1,4,1,1,1,1,1,1,1,2,14,6,1,1,,2,2
11,16,4,11,2015,3,1,1,2,1,1,1,1,1,1,1,1,1,2,9,5,1,1,,2,2
7,16,4,12,2015,3,1,1,2,,1,1,1,1,1,1,1,1,2,9,5,1,1,,2,2
7,16,4,12,2015,1,,,2,,1,2,1,1,1,1,1,1,2,16,6,1,1,,2,2
10,16,4,12,2015,4,3,2,1,2,2,1,1,1,1,1,2,,,5,1,1,7,,1,1
11,16,4,12,2015,2,1,1,2,1,1,1,1,1,1,1,1,1,2,6,1,1,1,,2,2
10,9,4,7,2015,4,1,1,2,2,1,4,1,1,1,1,1,1,2,9,6,1,7,37,2,2
10,9,4,7,2015,4,1,1,2,2,1,4,1,1,1,1,1,1,2,9,6,1,7,,1,2
10,9,4,8,2015,1,1,1,2,2,1,2,1,1,1,1,1,1,2,12,6,1,7,32,2,2
10,9,4,9,2015,1,3,1,2,2,1,2,1,1,1,1,1,1,1,9,6,1,7,32,1,2
10,9,3,11,2015,3,1,1,2,2,1,1,1,1,1,1,1,1,2,9,6,1,7,,2,2
11,16,4,12,2015,2,1,1,2,1,1,1,1,1,1,1,1,1,2,9,5,1,1,,2,2
1,12,4,10,2015,3,3,1,2,2,1,1,1,1,1,1,4,4,2,17,1,1,1,22,2,2
1,9,4,7,2015,3,,1,1,1,1,1,1,1,1,1,1,1,2,14,11,1,,35,2,2
1,9,3,5,2015,4,1,1,1,2,1,2,1,1,1,1,1,1,2,7,6,1,1,29,2,2
1,9,4,6,2015,1,1,1,1,,1,1,1,1,1,1,1,,,16,6,2,,40,2,2
12,9,4,12,2015,3,1,,2,2,1,1,1,1,1,1,1,1,2,9,11,1,1,50,2,2
1,10,4,5,2015,3,1,1,2,2,1,2,2,1,1,1,4,1,2,14,2,1,7,,1,2
1,10,4,8,2015,4,7,1,1,,1,4,2,1,1,1,3,4,2,19,1,,6,30,1,2
8,13,4,7,2015,2,7,8,2,2,2,1,1,2,1,1,1,1,1,14,6,1,1,26,2,2
8,13,4,1,2015,3,1,1,2,2,1,1,1,1,1,1,1,1,1,14,6,1,1,28,2,2
8,13,3,5,2015,3,2,1,2,2,1,1,1,1,1,1,3,1,2,13,5,1,1,,2,2
8,13,4,8,2015,3,1,1,2,2,1,1,1,1,1,1,2,1,2,14,6,1,1,,2,2
1,9,2,8,2015,3,3,8,,1,1,1,1,1,1,1,1,1,1,9,6,1,7,45,2,2
1,9,4,7,2015,2,1,8,2,2,1,1,1,1,1,1,1,1,2,4,6,,,16,2,2
5,15,4,4,2015,2,1,1,2,2,1,1,1,2,1,1,2,1,2,14,6,1,7,49,1,2
5,15,4,2,2015,2,3,3,2,2,1,1,2,1,1,1,,1,2,13,6,2,1,30,1,2
1,15,4,12,2015,1,1,1,1,1,1,1,1,1,1,1,1,1,1,19,6,1,1,,2,2
1,15,4,12,2015,4,,1,,,1,2,,1,1,1,1,,,14,6,1,1,,2,2
1,15,3,5,2015,1,,1,2,,1,2,1,1,1,1,1,,,13,,1,1,,2,2
1,15,4,4,2015,3,,,2,,1,,1,1,1,1,1,1,,,6,1,1,,2,2
1,15,4,4,2015,2,1,1,2,,1,1,1,1,1,1,1,1,1,14,,1,1,,2,2
1,15,4,3,2015,1,1,1,2,,1,4,1,1,1,1,1,,,4,6,1,1,45,2,2
1,15,4,1,2015,4,,1,2,2,1,2,1,1,1,1,1,,2,,6,1,1,,2,2
3,15,4,11,2015,3,1,1,2,,1,1,1,1,1,1,1,,,9,6,1,1,,2,2
3,15,4,10,2015,2,2,1,2,,1,1,1,1,1,1,1,,,9,6,1,1,,2,2
3,15,4,5,2015,4,1,1,2,2,1,1,1,1,1,1,1,1,2,9,,1,1,,2,2
3,15,4,9,2015,3,1,1,2,2,1,1,1,1,1,1,1,1,2,1,9,1,7,43,2,2
3,15,4,8,2015,3,1,1,2,,1,1,1,1,1,1,1,,,14,6,1,1,,2,2
3,15,3,7,2015,2,1,1,2,,1,1,1,1,1,1,1,1,,9,6,1,1,,2,2
3,15,4,7,2015,1,1,1,,,1,2,1,1,1,1,1,1,2,14,11,1,7,,2,2
3,15,3,5,2015,2,1,1,2,,1,1,1,1,1,1,1,1,2,14,1,1,1,,2,2
3,15,4,3,2015,4,1,1,2,,1,2,1,1,1,1,1,,2,9,6,1,1,27,2,2
3,15,4,3,2015,2,2,1,2,,2,1,1,1,1,1,1,1,2,11,6,1,1,28,2,2
3,15,4,2,2015,3,1,1,2,2,1,1,1,1,1,1,1,1,2,2,4,1,1,35,,2
3,15,4,1,2015,3,1,1,2,2,1,1,2,1,1,1,1,1,2,1,4,2,,,,2
3,10,4,6,2015,2,1,1,2,,1,1,1,1,1,1,2,1,2,5,6,1,1,,2,2
3,10,4,7,2015,3,1,1,2,2,1,1,1,1,1,1,2,1,2,12,5,1,7,,2,2
11,9,4,12,2015,3,1,1,2,2,1,2,2,1,1,,1,1,2,14,,1,1,,2,2
11,9,4,8,2015,2,1,1,2,2,1,1,1,1,1,1,1,1,2,9,4,1,,,2,2
11,9,4,9,2015,2,1,1,2,,1,1,1,1,1,1,1,1,2,9,6,1,1,,2,2
11,9,4,8,2015,3,1,1,2,1,1,1,1,1,1,1,1,2,,9,6,1,1,,2,2
7,9,4,12,2015,2,,1,2,2,1,1,1,1,1,1,1,1,2,9,5,1,,,2,2
5,13,4,6,2015,2,1,1,1,2,2,1,1,2,1,1,2,1,2,14,6,1,1,,2,2
9,13,4,5,2015,2,3,1,2,2,1,1,1,1,1,1,2,1,2,9,6,1,1,50,2,2
5,12,3,8,2015,4,1,1,2,2,1,4,2,1,1,1,2,1,2,4,4,1,1,,,2
7,17,4,5,2015,2,1,1,2,1,1,1,1,1,1,1,2,1,2,9,6,1,7,28,2,2
8,17,4,5,2015,2,,6,2,2,2,1,2,2,1,1,2,1,1,6,6,1,1,30,1,1
7,17,3,5,2015,3,,1,2,,1,1,1,1,1,1,1,1,2,4,6,1,1,28,2,2
17,7,1,9,2015,,1,2,,1,1,1,1,1,1,1,1,1,2,14,6,1,1,28,,
7,17,4,9,2015,3,1,1,2,2,1,1,1,1,1,1,1,1,2,4,6,1,1,30,2,2
10,17,4,3,2015,2,3,1,2,2,1,1,1,1,1,1,2,1,2,14,6,1,1,40,1,2
10,17,4,2,2015,2,3,1,2,2,1,1,1,1,1,1,1,1,1,14,6,2,7,40,1,1
20,17,4,7,2015,4,7,1,1,,1,2,2,1,1,1,1,1,2,8,11,1,1,33,2,2
1,17,4,4,2015,2,1,4,2,1,1,1,1,1,1,1,1,1,2,9,6,1,1,,2,2
1,17,4,6,2015,2,2,4,2,1,1,1,1,1,1,1,1,1,2,5,6,1,1,,2,2
1,17,1,1,2015,3,7,1,1,,1,1,1,1,1,1,1,1,2,14,6,1,1,21,2,2
7,56,4,1,2015,3,7,8,2,2,1,1,1,,1,1,1,1,2,5,6,1,1,30,2,2
7,56,4,3,2015,4,1,8,2,2,1,2,1,1,1,1,1,1,1,14,6,2,7,,1,2
1,5,4,4,2015,2,4,2,2,2,1,1,1,1,1,1,4,1,1,15,6,1,7,,2,2
3,56,4,4,2015,3,1,1,2,2,1,1,1,1,1,1,1,1,2,14,11,2,7,,2,2
7,56,4,5,2015,1,1,1,2,2,1,3,1,1,1,1,1,1,2,9,11,2,7,,1,2
9,56,4,5,2015,2,1,4,2,2,1,1,,1,1,1,1,1,2,14,6,2,1,,2,2
8,56,3,5,2015,4,3,8,1,2,1,3,1,2,1,1,3,1,1,12,11,1,4,27,2,2
8,56,4,6,2015,1,1,1,2,2,1,4,2,1,1,1,1,1,2,2,1,1,1,30,2,2
8,56,3,6,2015,4,1,1,2,2,1,4,1,1,1,1,1,1,2,14,6,1,1,29,2,2
1,11,4,3,2015,2,1,1,2,2,1,1,1,1,1,1,3,1,2,17,6,1,7,,2,2
1,11,4,2,2015,3,4,1,2,2,1,1,1,1,1,1,1,1,1,17,6,1,3,,1,2
1,11,4,7,2015,3,1,1,2,2,1,1,1,1,1,1,3,1,1,13,6,1,7,28,1,2
7,11,4,3,2015,2,3,3,2,1,1,1,2,1,1,1,,1,2,8,6,1,3,45,2,2
3,11,4,2,2015,2,3,1,2,2,1,1,2,1,1,1,2,1,2,8,5,1,,42,2,2
10,11,4,4,2015,3,1,8,2,2,1,1,1,1,1,1,2,1,2,11,6,1,1,,2,
6,11,4,3,2015,4,1,1,2,2,1,2,1,1,1,1,2,1,2,6,4,2,7,,,2
6,11,4,5,2015,2,2,1,2,2,1,1,1,1,3,1,4,1,2,13,4,1,7,,2,2
6,11,4,3,2015,1,1,1,2,2,1,2,1,1,1,1,2,1,2,14,6,2,7,,1,2
6,11,4,3,2015,4,7,1,,2,1,4,1,1,1,1,2,1,2,9,6,1,,,,2
32,11,4,5,2015,3,1,,2,2,1,1,1,1,1,1,2,1,2,14,6,,,,,2
6,11,4,3,2015,2,2,1,2,2,1,1,1,1,1,1,2,1,2,8,1,,7,,,2
4,11,3,2,2015,3,1,1,2,2,1,1,2,1,1,1,2,1,2,13,2,1,1,50,1,2
4,11,4,6,2015,3,7,,2,2,1,1,1,1,1,1,2,1,2,14,6,1,1,,2,2
8,7,1,7,2015,3,1,1,2,1,1,1,1,1,1,1,1,1,2,14,4,1,1,,2,2
1,7,4,10,2015,3,3,1,2,2,1,1,1,1,1,1,2,1,2,14,6,1,1,48,2,2
1,7,3,11,2015,1,1,2,2,2,1,4,1,1,1,1,2,1,2,7,5,1,1,,2,2
8,7,4,11,2015,3,3,1,2,2,1,1,1,1,1,1,2,1,1,14,4,1,1,30,2,2
9,7,4,5,2015,2,1,1,2,2,1,1,1,1,1,2,2,1,2,19,6,1,1,30,2,2
5,2,3,12,2015,2,1,1,2,2,1,1,1,1,1,2,3,1,2,1,6,1,1,14,2,2
5,1,4,6,2015,3,1,1,2,2,1,1,1,1,1,1,1,1,2,14,5,1,1,,1,2
5,1,3,2,2015,4,1,1,2,2,1,4,1,1,1,1,1,1,2,12,6,1,1,22,1,2
1,1,3,5,2015,4,1,1,2,2,1,3,2,1,1,1,1,1,1,14,6,1,1,,2,2
12,3,3,1,2015,3,1,1,2,2,1,1,1,1,1,1,1,1,2,14,6,1,1,38,2,2
2,3,3,5,2015,3,2,1,2,2,1,1,1,1,1,1,3,1,2,14,2,1,7,38,2,2
1,2,4,5,2015,3,1,1,2,2,1,1,1,1,1,1,1,1,2,9,6,1,1,,2,2
8,3,3,6,2015,2,1,1,2,2,1,1,1,1,1,1,3,1,2,12,6,1,1,30,2,2
13,3,4,6,2015,4,3,1,2,2,1,3,1,1,1,1,3,1,2,14,4,2,1,45,2,2
8,3,3,7,2015,2,3,1,2,2,1,1,2,1,1,1,3,1,2,14,1,1,1,30,2,2
1,3,4,7,2015,2,1,1,2,2,1,1,1,1,1,1,3,1,2,9,5,1,7,,2,2
1,3,4,7,2015,4,1,1,2,2,1,2,1,1,1,1,3,1,1,9,6,1,7,,2,2
6,3,4,9,2015,2,1,1,2,2,1,1,1,1,1,1,1,1,2,9,6,1,1,30,2,2
1,3,4,10,2015,2,1,1,2,2,1,1,1,1,1,1,3,1,2,17,4,1,7,,2,2
12,3,4,11,2015,1,1,1,2,2,1,2,1,1,1,1,4,1,2,14,6,1,1,,2,2
8,3,4,12,2015,3,1,1,2,2,1,1,2,1,1,1,1,1,2,14,1,1,7,,1,2
1,2,4,2,2015,3,3,1,2,2,1,1,1,1,1,1,2,1,1,19,2,1,1,,2,2
1,1,4,5,2015,2,1,1,2,2,1,1,1,1,1,1,1,1,2,14,6,1,1,26,2,2
4,1,4,6,2015,3,1,1,2,2,1,1,1,1,1,1,1,1,2,14,6,1,1,,2,2
5,6,3,7,2015,3,3,1,2,2,1,1,1,1,1,2,4,1,2,19,10,1,3,20,2,2
5,6,4,7,2015,4,1,1,2,1,4,2,1,1,1,1,1,1,1,14,6,1,2,,2,2
5,6,4,8,2015,2,1,1,2,2,1,1,1,1,1,1,1,1,2,14,6,1,1,,2,2
5,6,4,11,2015,4,1,1,2,2,1,4,2,1,1,1,1,1,1,14,6,1,1,40,2,2
4,6,4,5,2015,1,1,1,2,2,1,1,1,1,1,1,1,1,2,14,6,1,1,,2,2
4,6,4,5,2015,2,4,1,2,2,1,4,1,1,1,1,1,1,2,14,6,1,1,,2,2
1,6,4,4,2015,2,1,1,2,2,1,1,1,1,1,1,1,1,2,9,6,1,1,,2,2
1,6,4,2,2015,3,3,1,2,2,1,1,1,1,1,1,1,1,1,14,6,1,1,,2,2
1,6,3,6,2015,2,1,1,2,2,2,1,1,2,1,1,5,1,1,14,6,1,1,25,2,2
1,8,1,1,2015,3,1,1,2,2,1,2,1,1,1,1,5,1,1,9,6,1,1,,1,2
7,8,4,1,2015,3,1,1,2,2,1,1,1,1,1,1,3,1,2,17,6,1,1,21,1,2
1,8,4,3,2015,2,1,1,2,2,1,1,1,1,1,1,2,1,1,14,6,1,1,,2,2
4,8,4,3,2015,4,1,1,2,2,2,4,1,2,1,2,3,1,2,17,6,1,1,,1,2
3,8,3,3,2015,2,1,1,2,2,1,1,2,1,1,1,1,1,2,9,6,1,7,40,2,2
4,8,4,5,2015,3,1,1,2,2,1,1,1,1,1,2,4,1,2,9,6,2,1,43,2,2
7,8,4,6,2015,2,1,1,2,2,2,1,1,2,1,1,3,1,2,14,6,1,1,38,2,2
3,8,4,7,2015,2,1,1,2,2,1,4,1,1,1,1,3,1,2,8,4,1,1,,2,2
5,8,4,8,2015,2,1,1,2,2,2,1,1,2,1,1,3,1,2,9,6,1,1,,2,2
7,8,4,9,2015,3,1,1,2,2,1,1,2,1,1,1,3,1,2,9,11,1,1,52,2,2
3,8,4,10,2015,3,1,1,2,2,1,1,1,1,1,1,1,1,2,9,6,1,7,,2,2
1,8,4,11,2015,2,7,4,2,2,1,1,1,1,1,1,2,1,1,8,11,1,7,,2,2
3,8,4,12,2015,1,1,1,2,2,1,4,1,1,1,1,1,1,2,9,6,1,7,,2,2
3,6,4,8,2015,3,1,1,2,2,1,1,1,1,1,1,4,1,2,17,4,1,3,20,2,2
1,5,4,2,2015,3,1,4,2,2,1,1,1,1,1,1,1,1,2,9,6,1,1,52,1,2
1,5,4,5,2015,3,5,3,2,2,1,1,1,1,1,1,5,1,2,9,6,1,7,,2,2
1,5,3,6,2015,3,7,1,2,2,1,1,1,1,1,3,2,1,1,6,6,1,7,28,2,2
1,5,4,11,2015,2,1,1,2,2,1,1,1,1,1,1,3,1,2,9,6,1,7,80,2,2
8,5,4,7,2015,3,1,1,2,2,1,1,1,1,1,1,3,1,2,12,6,1,7,,2,2
8,5,4,10,2015,4,1,1,2,2,1,4,1,1,1,1,1,1,2,9,5,1,1,,2,2
6,5,4,9,2015,2,1,1,2,2,4,1,1,1,1,1,1,1,2,14,10,1,7,,2,2
6,5,4,10,2015,1,3,4,2,2,1,2,1,1,1,1,1,1,2,14,5,1,7,,2,2
6,5,1,11,2015,4,1,1,2,2,4,4,1,1,1,1,1,1,2,12,5,2,1,,2,2
6,5,4,11,2015,3,1,4,2,2,1,1,1,1,1,1,1,1,2,9,5,1,7,,2,2
4,5,4,3,2015,4,3,1,2,2,1,4,1,1,1,1,3,1,2,8,6,2,7,,2,2
4,5,4,6,2015,2,1,1,2,2,1,1,1,1,1,1,3,1,2,9,6,1,7,,2,2
4,5,4,6,2015,2,7,8,2,2,1,1,1,1,1,1,3,1,2,7,6,1,7,,2,2
4,5,4,7,2015,3,1,1,2,2,1,1,1,1,1,1,2,1,2,6,6,1,6,,2,2
3,8,4,7,2015,3,1,1,2,2,1,1,1,1,1,1,1,1,2,8,6,1,7,,2,2
2,3,3,5,2015,3,7,8,2,2,1,1,1,1,1,1,1,1,2,14,1,1,1,60,1,2
5,3,3,5,2015,3,2,8,2,2,1,1,1,1,1,1,3,1,1,14,2,1,7,38,2,2
3,8,4,1,2015,4,1,1,2,2,1,4,1,1,1,1,1,1,2,10,6,1,,,,2
4,8,4,2,2015,1,1,2,2,2,4,1,2,1,1,3,1,2,,14,9,,,,2,2
5,6,4,6,2015,3,3,1,1,2,1,1,2,1,1,1,1,1,2,9,6,1,1,,2,2
3,8,4,11,2015,2,3,4,2,,1,1,1,1,1,1,2,1,1,8,11,1,1,,,2
3,14,4,11,2015,2,1,8,2,2,1,1,1,1,1,1,5,1,1,19,6,1,7,,2,2
3,14,4,6,2015,1,1,3,2,1,2,1,1,1,1,1,5,1,1,9,6,1,7,,2,2
2,14,4,7,2015,2,1,1,1,2,1,1,1,1,1,1,5,1,2,14,6,,7,,,2
2,14,4,9,2015,3,1,1,2,2,1,1,1,1,1,1,1,1,2,14,6,1,1,,2,2
7,14,4,11,2015,1,3,1,1,2,1,1,1,1,1,1,1,1,1,9,6,,7,,2,2
4,14,4,12,2015,3,6,1,1,1,1,3,1,1,1,1,5,1,2,14,9,2,7,,2,2
4,14,4,7,2015,3,3,1,2,2,1,1,1,1,1,1,1,1,1,14,6,,7,,2,2
4,14,4,7,2015,1,1,1,2,1,2,1,1,1,1,1,1,1,1,19,6,,7,,,
4,14,4,5,2015,2,2,1,2,2,1,1,1,1,1,1,1,1,1,9,6,1,1,,2,2
4,14,4,12,2015,3,1,1,2,2,1,1,1,1,1,1,1,1,1,17,6,,7,,2,2
4,14,4,3,2015,2,1,1,2,2,1,1,1,,1,1,5,1,1,14,,1,1,35,2,2
1,14,4,6,2015,1,2,1,2,1,1,3,1,1,1,1,5,1,1,10,6,1,7,,2,2
1,70,4,5,2015,2,7,8,2,1,1,1,1,1,1,1,5,1,1,14,6,1,1,25,2,2
3,70,4,4,2015,2,7,8,1,1,2,1,4,2,1,3,5,4,1,5,8,1,1,32,2,2
4,70,4,6,2015,4,1,1,1,1,1,2,1,1,1,1,5,1,1,4,2,1,1,65,2,2
9,56,4,10,2015,2,1,4,2,2,1,1,2,1,1,1,1,1,2,9,6,1,1,43,2,2
7,56,4,12,2015,2,7,4,2,2,1,1,1,1,1,1,1,1,2,9,5,1,7,,2,2
7,55,3,5,2015,3,1,1,2,2,1,1,2,,1,1,2,1,2,6,5,1,7,,2,2
1,5,4,10,2015,2,1,8,2,2,1,1,1,1,1,1,1,1,,14,11,1,7,23,2,2
6,55,4,11,2015,4,3,1,2,2,4,4,1,1,1,1,1,1,2,1,1,1,7,,2,2
11,54,4,2,2015,3,7,8,2,2,1,1,1,1,1,1,1,1,2,9,3,1,7,,2,2
8,54,3,1,2015,2,2,1,1,2,1,2,1,1,1,1,1,1,2,2,8,1,1,,2,2
6,54,4,8,2015,2,7,1,2,2,1,1,1,1,1,1,2,1,2,13,5,1,1,22,2,2
3,53,4,7,2015,3,1,1,2,2,1,1,1,1,1,1,2,1,2,6,10,1,7,,2,2
3,8,4,4,2015,1,2,1,2,2,1,2,1,1,1,1,1,1,2,9,5,1,1,,2,2
5,8,4,5,2015,4,1,1,2,2,1,4,1,1,1,1,1,1,2,9,6,1,1,,2,2
3,8,4,9,2015,3,1,1,2,2,1,1,1,1,1,1,1,1,2,9,6,1,7,,2,2
6,5,4,9,2015,3,7,1,2,2,4,1,1,1,1,1,1,1,2,9,6,1,7,,1,2
3,14,4,10,2015,2,1,4,2,2,1,1,1,1,1,1,5,1,1,7,6,1,7,,,
2,14,4,5,2015,3,1,1,2,2,1,1,1,1,1,1,5,5,1,9,6,1,7,,2,2
3,14,4,12,2015,3,2,1,2,2,1,1,1,1,1,1,1,1,1,9,5,1,1,45,2,2
1,14,4,3,2015,2,3,1,2,2,1,1,1,1,1,1,5,1,2,14,2,1,1,35,1,2
3,70,4,4,2015,3,3,8,2,1,2,1,1,2,1,1,5,1,2,5,7,1,1,28,2,2
6,70,4,2,2015,2,1,8,2,2,1,1,1,1,1,3,5,1,1,12,11,1,1,25,2,2
6,70,3,8,2015,3,2,1,2,2,1,1,1,1,1,2,5,1,1,12,11,1,1,28,2,2
5,70,4,12,2015,4,7,1,2,2,1,3,1,1,1,1,1,1,2,14,6,1,7,,2,2
4,70,4,12,2015,1,1,1,1,2,4,4,1,1,1,1,5,1,2,10,6,1,1,28,1,1
5,70,3,5,2015,3,1,8,2,2,2,1,2,2,1,1,5,1,2,14,6,1,7,34,2,2
8,54,3,6,2015,4,7,1,2,2,2,1,2,2,1,1,2,1,2,14,1,1,1,35,2,2
2,55,4,2,2015,4,1,8,2,1,4,1,1,1,1,1,2,2,1,19,6,1,7,45,2,2
1,55,4,3,2015,2,2,1,2,2,1,1,1,1,1,1,1,1,1,14,6,1,1,25,2,2
1,55,4,8,2015,3,7,1,2,2,1,1,1,1,1,1,1,1,1,14,1,1,1,2,2,2
4,55,4,7,2015,2,1,1,2,1,1,1,1,1,1,1,2,1,2,10,5,1,1,23,2,2
4,55,4,12,2015,3,1,1,2,1,1,1,1,1,1,2,2,1,1,5,1,1,1,30,2,2
7,56,4,1,2015,2,7,8,2,2,1,1,1,1,1,1,1,2,1,5,6,1,1,30,2,2
7,56,4,3,2015,3,1,8,2,2,1,2,1,1,1,1,1,1,1,14,6,1,1,30,2,2
1,56,3,4,2015,3,4,2,2,2,1,1,1,1,1,1,4,1,1,17,6,1,7,50,2,2
9,56,4,5,2015,3,1,4,2,2,1,1,1,1,1,1,1,1,2,14,6,1,1,35,2,2
8,56,3,5,2015,4,3,8,2,2,1,1,1,2,1,1,3,1,1,12,6,2,7,27,2,2
8,56,4,6,2015,4,1,1,2,2,1,4,1,1,1,1,1,1,2,14,6,1,7,30,2,2
8,56,3,6,2015,2,1,1,2,2,1,4,1,1,1,1,1,1,2,14,6,2,7,29,2,2
9,56,4,11,2015,2,3,4,2,2,1,1,1,1,1,1,1,1,2,14,6,1,1,27,2,2
7,56,4,12,2015,3,7,4,2,2,1,1,1,1,1,1,1,1,2,9,6,1,7,36,2,2
9,56,4,12,2015,4,7,4,2,2,1,1,1,1,1,1,1,1,2,7,11,1,1,30,2,2
1,53,3,3,2015,4,7,4,2,1,1,1,1,1,1,1,1,1,1,4,8,1,1,25,2,2
1,53,4,5,2015,2,1,8,1,2,1,1,1,1,1,1,1,1,1,17,4,1,1,35,2,2
1,53,4,7,2015,3,7,1,2,2,1,1,1,1,1,1,2,1,2,19,11,1,7,35,2,2
1,53,3,11,2015,3,1,1,2,2,1,1,1,1,1,1,2,1,1,8,11,1,7,30,2,2
1,53,3,11,2015,2,7,4,2,1,1,1,1,1,1,1,1,2,1,4,5,1,7,40,2,2
8,56,4,10,2015,4,2,1,2,2,1,4,1,1,1,1,1,1,2,9,5,1,1,48,1,2
6,55,4,3,2015,3,3,8,2,2,1,1,1,1,1,1,1,1,1,13,5,1,7,,1,2
6,55,4,5,2015,3,1,1,2,2,1,1,1,1,1,1,1,1,2,9,6,1,7,35,2,2
7,54,4,2,2015,3,3,1,2,2,1,1,1,1,1,1,4,1,2,1,1,2,7,25,2,2
6,54,3,6,2015,3,7,1,2,2,2,1,2,2,1,1,,1,2,14,1,1,1,,2,2
3,54,4,6,2015,1,7,1,2,2,1,4,2,1,1,1,1,1,2,14,3,1,7,28,2,2
3,53,4,9,2015,2,1,8,2,2,2,1,1,2,1,1,2,1,2,5,11,1,1,25,2,2
16,42,4,1,2015,2030,1,4,2,1,1,3,1,1,1,1,5,1,1,14,6,1,1,38,2,2
14,42,2,1,2015,1600,1,7,2,1,1,1,1,1,1,1,1,1,1,8,6,1,1,26,2,2