Thana,District,Accident_Severity,Month,Year,Time,Junction_Type,Traffic_Control,Movement,Divider,Weather,Light,Road_Geometry,Surface_Condition,Surface_Type,Surface_Quality,Road_Class,Road_Feature,Location_Type,Vehicle_Type,Vehicle_Movement,Vehicle_Loading,Vehicle_Defect,Vehicle_Driver_Age,Vehicle_Alcohol,Vehicle_Seat_Belt
48,42,3,1,2015,1540,1,1,2,2,1,1,1,1,1,1,5,1,1,9,5,1,2,40,2,2
23,42,3,1,2015,1020,4,1,2,2,1,1,3,1,1,1,5,2,1,13,7,1,1,30,2,2
33,42,4,1,2015,345,2,4,2,1,1,4,1,1,1,1,1,1,1,9,5,1,1,40,2,2
33,42,1,1,2015,1800,7,1,2,1,1,2,1,1,1,1,5,2,1,4,6,1,1,35,2,1
44,42,4,1,2015,1845,5,6,2,1,1,2,1,1,1,1,1,1,1,9,9,1,1,29,1,2
10,42,3,1,2015,1550,1,4,1,1,1,1,1,1,1,1,5,1,1,10,6,1,1,30,1,1
37,42,2,1,2015,730,2,4,2,1,1,1,1,1,1,1,5,1,1,10,4,1,1,48,2,2
2,42,4,1,2015,545,2,6,2,1,1,2,1,1,1,1,5,1,1,9,6,1,1,49,2,2
43,42,4,1,2015,405,3,4,2,1,1,2,1,1,1,1,5,1,1,14,6,1,1,38,1,2
43,42,3,2,2015,355,1,4,1,1,1,3,1,1,1,1,2,1,1,12,5,1,1,21,2,2
25,42,4,2,2015,2130,1,1,2,2,1,4,1,1,1,1,5,1,1,8,5,1,6,22,2,2
40,42,4,2,2015,500,2,4,2,1,1,2,1,1,1,1,5,1,1,13,5,1,1,35,2,2
9,42,2,2,2015,920,7,1,1,1,1,1,1,1,1,1,1,1,1,10,6,1,1,32,2,1
18,42,4,2,2015,20,2,7,2,1,1,4,2,1,1,1,5,4,1,14,5,2,7,40,1,2
40,42,4,3,2015,1800,1,4,2,1,1,2,1,1,1,1,5,1,1,9,5,1,1,32,2,2
28,42,1,3,2015,630,2,5,2,1,1,1,1,1,1,1,5,1,1,8,6,1,1,45,2,2
33,42,4,3,2015,15,5,4,2,2,1,4,4,1,1,1,1,1,1,14,6,1,1,40,2,2
22,42,4,3,2015,1120,1,4,1,1,1,1,1,1,1,1,1,1,1,9,6,1,1,40,2,2
9,42,2,3,2015,30,1,1,1,1,1,3,1,1,1,1,5,1,1,10,6,1,1,35,2,1
13,42,4,2,2015,1550,1,4,2,2,1,1,1,1,1,1,5,1,1,12,6,1,1,36,2,2
18,42,1,3,2015,2230,2,1,1,1,1,3,1,1,1,1,1,1,1,10,6,1,1,40,2,1
1,42,2,3,2015,1845,2,4,2,1,1,3,1,1,1,1,5,1,1,10,10,1,1,34,2,1
1,42,3,3,2015,2200,2,4,2,1,1,3,1,1,1,1,5,1,1,9,6,1,1,40,2,2
1,42,3,4,2015,925,2,4,2,1,1,1,1,1,1,1,5,1,1,8,6,1,1,35,2,2
34,42,2,4,2015,805,1,1,1,2,1,1,1,1,1,1,5,1,1,7,6,1,1,28,2,1
6,42,4,4,2015,1030,1,4,2,2,1,1,1,1,1,1,5,1,1,11,6,1,1,40,2,2
40,42,1,4,2015,2330,1,4,2,1,1,3,1,1,1,1,5,1,1,9,6,1,1,35,2,2
25,42,1,5,2015,2030,2,1,2,1,1,3,2,1,1,1,5,1,1,15,7,1,1,30,1,2
33,42,4,5,2015,1440,5,4,1,2,1,1,2,1,1,1,1,1,1,9,6,1,1,35,2,2
37,42,3,5,2015,640,3,4,2,2,1,2,1,1,1,1,5,1,1,6,6,1,1,38,2,2
10,42,3,5,2015,1315,1,4,2,1,1,1,1,1,1,1,5,1,1,9,7,1,1,32,1,2
10,42,4,5,2015,30,2,4,2,2,1,3,1,1,1,1,5,1,1,14,6,1,1,40,2,2
9,42,4,5,2015,300,1,1,2,2,1,3,1,1,1,1,1,1,1,9,6,1,1,30,2,2
9,42,4,6,2015,1800,7,1,1,1,1,1,1,1,1,1,1,1,1,9,5,1,2,40,2,2
16,42,4,6,2015,2300,3,1,2,1,2,3,1,2,1,1,5,1,1,14,6,1,1,28,2,2
22,42,4,6,2015,315,1,4,1,1,1,3,1,1,1,1,1,1,1,13,5,1,1,30,1,2
29,42,2,7,2015,930,2,4,2,1,1,1,1,1,1,1,1,1,1,9,1,1,1,30,2,2
43,42,3,7,2015,30,1,1,1,1,1,3,1,1,1,1,1,1,1,8,6,1,1,22,1,2
44,42,3,7,2015,1730,7,4,2,2,2,2,1,1,1,1,5,1,1,9,4,1,1,40,1,2
11,42,2,7,2015,900,3,1,1,1,1,1,1,1,1,1,2,1,1,8,6,1,1,30,2,2
11,42,4,7,2015,2245,1,1,1,1,1,4,1,1,1,1,5,1,1,14,6,1,1,35,2,2
34,42,2,7,2015,1730,1,1,1,1,1,1,1,1,1,1,5,1,1,10,6,1,1,40,2,1
12,42,3,7,2015,145,7,1,1,1,1,3,1,1,1,1,1,1,1,19,6,1,1,35,2,1
8,42,3,2,2015,840,7,4,1,1,1,1,1,1,1,1,5,1,1,19,5,1,1,30,2,2
26,42,4,7,2015,1515,1,1,2,1,1,1,1,1,1,1,1,1,1,9,5,1,1,40,1,2
9,42,4,7,2015,1430,1,1,1,1,1,1,1,1,1,1,1,1,1,9,6,1,1,45,2,2
26,42,4,7,2015,2015,3,1,2,2,1,4,1,1,1,1,5,1,1,14,6,1,1,40,2,2
29,42,3,8,2015,1430,2,4,1,1,1,1,1,1,1,1,1,1,1,14,6,1,1,35,2,2
36,42,1,8,2015,1715,3,4,2,1,2,1,3,2,1,1,1,1,1,10,6,1,1,28,2,1
42,42,4,8,2015,1730,2,4,1,2,1,1,5,1,1,1,1,1,1,9,6,1,1,35,2,2
1,42,4,8,2015,600,3,4,1,1,1,2,1,1,1,1,5,1,1,8,6,1,1,40,2,2
17,42,4,8,2015,630,2,4,2,1,1,2,1,2,1,1,5,1,1,9,9,1,1,45,2,2
22,42,4,8,2015,1350,2,4,2,1,1,1,1,1,1,1,1,1,1,8,6,1,1,45,2,2
8,42,2,8,2015,400,3,4,1,1,1,2,1,1,1,1,3,4,1,14,6,2,1,50,1,2
8,42,4,7,2015,1335,3,4,1,1,1,1,1,1,1,1,5,1,1,9,6,1,1,40,2,2
23,42,4,8,2015,1930,2,4,2,2,1,3,1,1,1,1,1,1,1,12,6,1,1,35,2,2
23,42,1,8,2015,10,4,1,1,1,2,1,4,2,1,1,3,4,1,7,2,1,1,40,2,1
9,42,3,9,2015,1315,7,4,1,1,1,1,1,1,1,1,1,1,1,19,6,1,1,18,2,2
29,42,1,8,2015,800,2,4,1,1,1,1,1,1,1,1,1,2,1,9,6,1,1,42,2,2
22,42,4,8,2015,2100,2,4,2,1,1,1,1,1,1,1,1,1,1,4,6,1,1,30,2,1
5,42,3,9,2015,1330,2,4,2,1,1,1,1,1,1,1,5,1,1,9,6,1,1,29,2,2
1,42,4,9,2015,330,2,3,2,1,1,3,1,1,1,1,5,1,1,9,6,1,1,40,1,2
1,42,4,9,2015,1510,3,1,2,1,1,3,2,1,1,1,5,1,1,10,1,1,1,35,2,1
2,42,3,10,2015,1030,2,4,1,1,1,1,1,1,1,1,5,1,1,9,6,1,6,40,2,2
21,42,4,10,2015,1430,1,4,1,1,1,1,1,1,1,1,1,1,1,9,6,1,1,30,2,2
1,42,4,10,2015,345,2,4,2,1,1,4,1,1,1,1,5,1,1,10,2,1,1,30,2,2
12,42,4,11,2015,630,1,4,1,2,1,2,1,1,1,1,5,1,1,8,6,1,1,30,2,2
47,42,4,11,2015,2230,7,1,2,2,1,3,1,1,1,1,5,1,1,14,6,1,1,50,2,2
1,42,3,11,2015,2310,2,4,2,1,1,2,2,3,1,1,5,1,1,14,6,1,1,50,2,2
22,42,4,11,2015,2230,2,4,2,1,1,3,1,1,1,1,1,1,1,9,6,1,1,35,2,2
2,42,2,11,2015,1800,3,4,1,1,1,3,1,1,1,1,5,1,1,9,5,1,7,30,2,2
18,42,4,12,2015,400,2,4,2,1,4,2,1,1,1,1,5,1,1,6,6,1,1,35,2,2
16,42,4,12,2015,230,1,4,1,1,1,1,1,1,1,1,1,1,1,8,8,1,1,30,2,2
13,42,4,12,2015,1430,2,4,1,1,1,1,1,1,1,1,1,1,1,9,6,1,1,35,2,2
11,42,3,12,2015,1345,2,4,1,1,1,1,1,1,1,1,1,1,1,8,6,1,1,30,2,2
24,42,4,12,2015,845,2,4,2,2,1,4,1,1,1,1,5,1,1,14,6,1,1,35,2,2
44,42,4,12,2015,2115,2,4,2,2,1,1,1,1,1,1,1,1,1,14,6,1,1,30,2,2
44,42,4,12,2015,1420,5,4,2,1,1,2,1,1,1,1,2,1,1,9,6,1,1,35,2,2
19,42,3,3,2015,1445,1,1,2,2,1,1,5,1,1,1,2,2,1,14,4,1,7,40,2,2
19,42,3,6,2015,400,1,4,2,2,1,2,1,1,2,3,1,1,1,9,5,1,1,35,2,2
19,42,4,6,2015,1015,1,1,2,2,1,3,1,1,1,1,5,1,1,14,7,1,1,46,1,2
47,42,4,2,2015,600,3,4,2,1,1,2,1,1,1,1,5,1,1,16,6,1,3,38,2,2
16,42,3,6,2015,1310,1,1,2,1,1,1,1,1,1,1,5,1,1,10,6,1,1,,2,1
41,42,3,6,2015,1000,3,4,2,2,1,1,1,1,1,1,5,1,1,7,5,1,2,28,2,1
14,42,4,12,2015,1340,1,3,2,1,1,1,1,1,1,1,1,1,1,9,4,1,7,44,2,2
22,42,4,1,2015,1130,1,4,2,1,1,1,1,1,1,1,1,1,1,9,5,1,1,45,2,2
2,47,4,1,2001,3,1,1,2,2,1,2,1,1,1,3,1,1,2,8,6,1,1,,2,2
8,47,4,1,2001,1,1,1,2,2,4,2,2,1,1,1,1,1,2,12,6,1,1,27,2,2
12,47,4,1,2001,2,1,1,2,2,1,1,1,1,1,1,1,1,2,14,6,1,1,30,2,2
12,47,1,1,2001,3,1,1,2,2,1,1,1,1,1,1,1,1,2,10,6,1,1,30,2,2
13,47,4,1,2001,3,1,1,2,2,1,1,1,1,1,1,1,1,2,14,6,1,1,35,2,2
1,40,1,1,2001,3,1,1,2,2,1,1,1,1,1,1,1,1,2,14,6,1,1,,2,2
3,40,1,1,2001,4,1,1,2,2,1,4,4,1,1,1,1,1,2,14,6,1,1,,2,2
6,40,4,1,2001,3,1,1,2,2,1,1,1,1,1,1,1,1,2,9,6,1,1,33,2,2
6,40,3,1,2001,2,1,1,2,2,1,1,1,1,1,1,1,1,2,14,6,1,1,40,2,2
6,40,3,1,2001,3,1,1,2,2,1,1,1,1,1,1,1,1,2,,6,1,1,,2,2
6,40,3,1,2001,,1,1,2,2,1,1,1,1,1,1,1,1,2,14,6,1,1,,2,2
4,51,4,1,2001,2,1,1,2,2,1,1,1,1,1,1,2,1,2,9,6,1,1,,2,2
12,51,4,1,2001,2,1,1,2,2,1,1,3,1,3,2,3,1,2,19,6,1,1,,2,2
4,43,4,1,2001,4,1,1,2,2,1,4,1,1,1,1,1,1,2,9,6,1,1,,2,2
5,43,4,1,2001,3,1,1,2,2,1,1,1,1,1,1,1,1,2,9,6,1,1,,2,2
1,39,3,1,2001,3,1,1,2,2,1,1,1,1,1,1,3,1,2,14,6,1,1,,2,2
3,39,2,1,2001,3,1,1,2,2,1,1,1,1,1,1,1,1,2,9,6,1,1,,2,2
1,36,3,1,2001,3,1,1,2,2,1,1,1,1,1,1,3,1,2,14,6,1,1,,2,2
3,36,2,1,2001,3,1,1,2,2,1,1,2,1,1,1,2,1,2,9,6,1,1,,2,2
1,50,4,1,2001,2,1,1,2,2,1,1,1,1,1,1,1,1,1,14,6,1,1,,2,2
2,50,4,1,2001,4,1,1,2,2,1,4,1,1,1,1,1,1,2,14,6,1,1,,2,2
3,50,4,1,2001,2,1,1,2,2,1,1,2,1,3,2,3,1,2,9,6,1,1,,2,2
5,50,4,1,2001,3,1,1,2,2,1,1,1,1,1,1,2,1,2,9,6,1,1,,2,2
5,50,4,1,2001,3,1,1,2,2,1,1,1,1,1,1,2,1,2,8,6,1,1,,2,2
12,50,4,1,2001,3,1,1,2,2,1,1,1,1,1,1,3,1,2,9,6,1,1,,2,2
1,52,4,1,2001,3,1,1,2,2,1,1,1,1,1,1,3,1,2,9,6,1,1,,2,2
2,52,4,1,2001,2,1,1,2,2,1,1,1,1,1,1,3,1,2,8,6,1,1,32,2,2
3,52,4,1,2001,2,1,1,2,2,1,1,1,1,1,1,3,1,2,9,6,1,1,26,2,2
8,52,4,1,2001,3,1,1,2,2,1,1,1,1,1,1,3,1,2,8,6,1,1,28,2,2
6,37,4,1,2001,3,1,1,2,2,1,1,2,1,1,1,3,1,2,9,6,1,1,,2,2
4,49,3,1,2001,3,1,1,2,2,1,1,1,1,1,1,3,1,2,6,6,1,1,28,,
5,49,4,1,2001,2,1,1,2,2,1,1,1,1,1,1,3,1,2,14,6,1,1,,2,2
1,49,4,1,2001,3,1,1,2,2,1,1,1,1,1,1,3,1,1,14,6,1,1,,2,2
1,38,4,1,2001,1,1,1,2,2,1,4,1,1,1,1,1,1,2,6,6,1,1,35,2,2
3,46,4,1,2001,2,1,1,2,2,1,1,1,1,1,1,3,1,2,5,6,1,1,27,2,2
5,46,4,1,2001,3,1,1,2,2,1,1,1,1,2,2,3,1,2,14,6,1,1,,2,2
6,46,3,1,2001,2,1,1,2,2,1,1,1,1,1,1,1,1,1,12,6,1,1,,2,2
1,35,4,1,2001,4,1,1,2,2,1,3,1,1,1,1,2,1,1,8,6,1,1,,2,2
4,35,4,1,2001,2,1,1,2,2,1,1,1,1,1,1,2,1,2,9,6,1,1,30,2,2
4,35,1,1,2001,3,1,1,2,2,1,1,1,1,1,1,2,1,2,9,6,1,1,,2,2
4,35,4,1,2001,2,1,1,2,2,1,2,2,1,1,1,3,1,2,4,6,1,1,18,2,2
1,44,4,1,2001,3,1,1,2,2,1,1,1,1,1,1,2,1,2,9,6,1,1,,2,2
4,44,4,1,2001,3,1,1,2,2,1,1,1,1,1,1,2,1,1,9,6,1,1,30,2,2
5,44,4,1,2001,2,1,1,2,2,1,1,1,1,1,1,1,1,2,8,6,1,1,,2,2
5,44,4,1,2001,2,1,1,2,2,1,1,1,1,1,1,1,1,2,9,6,1,1,,2,2
5,44,4,1,2001,2,1,1,2,2,1,2,1,1,3,1,3,1,2,14,6,1,1,,2,2
6,44,4,1,2001,4,1,1,2,2,1,2,1,1,1,1,1,1,1,14,6,1,1,50,2,2
6,44,4,1,2001,4,1,1,2,2,4,2,1,1,1,1,1,1,2,7,6,1,1,,2,2
6,44,4,1,2001,3,1,1,2,2,1,1,1,1,1,1,1,1,1,9,6,1,1,,2,2
7,44,4,1,2001,1,1,1,2,2,1,2,1,1,1,1,1,2,2,13,6,1,1,,2,2
7,44,4,1,2001,2,1,1,2,2,1,1,2,1,1,1,3,1,1,8,6,1,1,,2,2
1,45,4,1,2001,2,1,1,2,2,1,1,1,1,1,1,1,1,1,9,6,1,1,,2,2
1,45,4,1,2001,3,1,1,2,2,1,1,1,1,1,1,1,1,2,,6,1,1,,2,2
2,45,4,1,2001,3,1,1,2,2,1,1,1,1,1,1,1,1,2,8,6,1,1,,2,2
4,45,4,1,2001,3,1,1,2,2,1,1,1,1,1,1,3,1,2,9,6,1,1,,2,2
4,51,3,1,2001,3,1,1,2,2,1,1,3,1,1,1,2,1,2,9,6,1,1,35,2,2
8,51,4,2,2001,3,1,1,2,2,1,1,1,1,1,1,2,1,2,8,6,1,1,,2,2
1,40,3,2,2001,2,1,1,2,2,1,1,1,1,1,1,1,1,2,6,6,1,1,,2,2
1,40,3,2,2001,2,1,4,2,2,1,1,1,1,1,1,1,1,1,14,6,1,1,,2,2
1,52,4,2,2001,2,1,4,2,2,1,1,1,1,1,1,2,1,1,9,6,1,1,,2,2
6,52,4,2,2001,3,1,1,2,2,1,1,1,1,1,1,3,1,2,7,6,1,1,,2,2
3,36,3,2,2001,3,1,1,2,2,1,1,1,1,1,1,2,1,2,14,6,1,1,,2,2
5,37,4,2,2001,3,1,1,2,2,1,1,1,1,1,1,3,1,2,8,6,1,1,40,2,2
5,37,4,1,2001,3,1,1,2,2,1,1,1,1,1,1,3,1,2,8,6,1,1,,2,2
5,43,4,2,2001,3,1,1,2,2,1,1,1,1,1,1,3,1,2,9,6,1,1,,2,2
5,43,4,2,2001,3,1,1,2,2,1,1,1,1,1,1,1,1,2,12,6,1,1,,2,2
5,43,4,2,2001,4,1,1,2,2,1,4,3,1,1,1,1,1,2,9,6,1,1,,2,2
5,43,3,2,2001,4,1,1,2,2,1,2,3,1,1,2,3,4,2,13,6,1,1,33,2,2
5,47,4,2,2001,3,1,1,2,2,1,1,1,1,1,1,3,1,2,9,6,1,1,,2,2
6,47,4,2,2001,3,1,1,2,2,1,1,1,1,1,1,3,1,2,6,6,1,1,,2,2
7,47,4,2,2001,3,1,1,2,2,1,1,2,1,1,1,1,1,2,9,6,1,1,,2,2
1,50,4,2,2001,2,1,1,2,2,1,1,1,1,1,1,1,1,1,12,6,1,1,32,2,2
1,50,4,2,2001,2,1,1,2,2,1,1,1,1,1,1,1,1,1,6,6,1,1,,2,2
1,50,4,2,2001,1,1,1,2,2,1,2,1,1,1,1,1,1,2,14,6,1,1,,2,2
2,50,4,2,2001,4,1,1,2,2,1,3,1,1,1,1,1,1,1,9,6,1,1,,2,2
2,50,4,2,2001,2,1,1,2,2,1,2,1,1,1,1,1,1,2,14,6,1,1,48,2,2
10,50,4,2,2001,2,1,1,2,2,1,1,1,1,1,1,1,1,2,14,6,1,1,,2,2
12,50,3,2,2001,4,1,1,2,2,1,4,1,1,1,1,1,1,2,8,6,1,1,30,2,2
1,41,4,1,2001,3,1,1,2,2,1,1,3,1,1,1,3,1,2,6,6,1,1,30,2,2
3,41,4,1,2001,2,1,1,2,2,4,1,1,1,1,1,1,1,2,9,6,1,1,,2,2
5,41,4,1,2001,3,1,1,2,2,1,1,1,1,1,1,1,1,2,8,6,1,1,25,2,2
5,41,1,1,2001,3,1,2,2,2,1,1,1,1,1,1,1,1,2,14,6,1,1,,2,2
5,41,4,1,2001,4,1,1,2,2,1,4,1,1,1,1,1,1,2,13,6,1,1,,2,2
5,41,4,1,2001,2,1,4,2,2,1,1,1,1,1,1,1,1,1,14,6,1,1,,2,2
5,41,2,1,2001,3,1,1,2,2,1,1,1,1,1,1,1,1,1,9,6,1,1,45,2,2
5,41,4,1,2001,4,1,1,2,2,1,4,1,2,1,1,1,1,2,,6,1,1,,2,2
5,41,4,1,2001,4,1,1,2,2,1,4,1,1,1,1,1,1,2,,6,1,1,,2,2
1,35,4,2,2001,3,1,1,2,2,1,1,1,1,1,1,2,1,2,12,6,1,1,,2,2
1,35,3,2,2001,2,1,1,2,2,1,1,1,1,1,1,3,1,2,1,6,1,1,27,2,2
2,35,4,2,2001,2,1,1,2,2,1,1,1,1,1,1,3,1,2,14,6,1,1,,2,2
2,35,4,2,2001,3,1,1,2,2,1,1,1,1,1,1,3,1,2,14,6,2,1,29,2,2
1,38,4,2,2001,3,1,1,2,2,1,1,1,1,1,1,1,1,2,9,6,1,1,,2,2
1,45,4,2,2001,2,1,1,2,2,1,1,1,1,1,1,2,1,2,14,6,1,1,,2,2
1,45,4,2,2001,2,1,1,2,2,1,1,1,1,1,1,1,1,2,9,6,1,1,,2,2
1,45,4,2,2001,2,1,1,2,2,1,1,1,1,1,1,1,1,2,9,6,1,1,,2,2
1,45,3,2,2001,2,1,1,2,2,1,1,1,1,1,1,1,1,2,12,6,1,1,,2,2
1,45,4,2,2001,1,1,1,2,2,1,2,1,1,1,1,1,1,2,9,6,1,1,,2,2
2,45,4,2,2001,1,1,1,2,2,1,4,2,1,1,1,3,1,2,6,6,1,1,,2,2
4,45,3,1,2001,3,1,1,2,2,1,1,1,1,1,1,3,1,2,14,6,1,1,,2,2
5,45,3,2,2001,2,1,1,2,2,1,1,1,1,1,1,1,1,2,8,6,1,1,,2,2
6,45,4,2,2001,3,1,1,2,2,1,1,1,1,1,1,1,1,2,14,6,1,1,38,2,2
3,40,4,3,2001,4,1,1,2,2,1,3,1,1,1,1,1,1,2,9,6,1,1,32,2,2
6,40,3,3,2001,3,1,1,2,2,1,1,1,1,1,1,1,1,2,9,6,1,1,,2,2
1,45,4,2,2001,4,1,1,2,2,1,4,1,1,1,1,1,1,1,8,6,1,1,,2,2
3,46,4,2,2001,3,1,1,2,2,1,1,1,1,1,1,3,1,2,19,6,1,1,,2,2
2,36,4,3,2001,4,1,1,2,2,1,4,1,1,1,1,3,1,2,6,6,1,1,30,2,2
4,37,3,3,2001,3,1,1,2,2,1,1,2,1,1,2,3,1,2,9,6,1,1,,2,2
5,37,4,3,2001,2,1,1,2,2,1,1,1,1,1,1,3,1,2,8,6,1,1,,2,2
1,38,4,3,2001,2,1,1,2,2,1,1,1,1,1,1,1,1,2,9,6,1,1,,2,2
1,39,4,2,2001,2,1,1,2,2,4,2,1,1,1,1,2,1,2,8,6,1,1,32,2,2
1,39,4,3,2001,3,1,1,2,2,1,1,1,1,1,1,1,1,2,6,6,1,1,,2,2
1,35,3,3,2001,3,1,1,2,2,1,1,1,1,1,1,2,1,2,8,6,1,1,28,2,2
1,35,4,3,2001,3,1,1,2,2,1,1,1,1,1,1,2,1,1,9,6,1,1,35,2,2
1,35,4,3,2001,3,1,1,2,2,1,1,1,1,1,1,2,1,2,9,6,1,1,,2,2
1,35,3,3,2001,2,1,1,2,2,4,1,1,1,1,1,2,1,2,14,6,1,1,35,2,2
1,35,4,3,2001,4,1,1,2,2,1,3,1,1,1,1,2,1,2,14,6,1,1,,2,2
2,35,4,3,2001,3,1,1,2,2,1,1,1,1,1,1,3,1,2,8,6,1,1,,2,2
3,35,1,3,2001,2,1,1,2,2,1,1,1,1,1,1,3,1,2,9,6,1,1,35,2,2
3,35,4,3,2001,2,1,1,2,2,1,1,1,1,1,1,3,1,2,9,6,1,1,30,2,2
4,35,4,2,2001,4,1,1,2,2,1,4,1,1,1,1,1,1,2,,6,1,1,,2,2
4,35,4,3,2001,3,1,1,2,2,1,1,1,1,1,1,3,1,2,11,6,1,1,40,2,2
4,35,4,3,2001,3,1,1,2,2,1,1,1,1,1,1,3,2,2,14,6,1,1,,2,2
4,35,4,3,2001,2,1,1,2,2,1,1,2,1,1,1,2,1,2,14,6,1,1,32,2,2
4,35,4,3,2001,3,1,1,2,2,1,1,1,1,1,1,2,1,2,9,6,1,1,26,2,2
4,35,4,3,2001,4,1,1,2,2,1,4,2,1,3,2,3,1,2,14,6,1,1,49,2,2
5,47,3,3,2001,3,1,1,2,2,1,1,1,1,1,1,1,1,2,14,6,1,1,40,2,2
5,47,4,3,2001,3,1,1,2,2,1,1,1,1,1,1,1,1,2,9,6,1,1,,2,2
8,47,4,3,2001,2,1,1,2,2,1,1,1,1,1,1,1,1,2,8,6,1,1,35,2,2
8,47,4,3,2001,3,1,1,2,2,1,1,1,1,1,1,1,1,2,14,6,1,1,35,2,2
9,47,4,3,2001,1,1,1,2,2,1,4,1,1,1,1,1,1,2,9,6,1,1,,2,2
12,47,4,3,2001,4,1,1,2,2,1,3,1,1,1,1,1,5,2,14,6,1,1,,2,2
12,47,4,3,2001,3,1,1,2,1,1,1,2,1,1,1,1,1,2,9,6,1,1,,2,2
12,47,4,3,2001,1,1,1,2,2,1,4,1,1,1,1,1,5,2,14,6,1,1,35,2,2
12,47,4,3,2001,2,1,1,2,2,1,1,1,1,1,1,1,1,2,8,6,1,1,,2,2
1,45,4,3,2001,,1,1,2,2,1,1,1,1,1,1,1,1,1,,6,1,1,,2,2
1,45,3,3,2001,3,1,1,2,2,1,1,1,1,1,1,1,1,2,9,6,1,1,,2,2
1,45,3,3,2001,3,1,1,2,2,1,1,1,1,1,1,3,1,1,14,6,1,1,,2,2
4,45,3,2,2001,3,1,1,2,2,1,1,1,1,1,1,2,1,2,6,6,1,1,,2,2
6,45,4,3,2001,3,1,1,2,2,1,1,1,1,1,1,1,1,2,4,6,1,1,,2,2
2,44,4,2,2001,2,1,1,2,2,1,1,1,1,1,1,3,1,2,14,6,1,1,,2,2
3,44,3,2,2001,4,1,1,2,2,1,4,1,1,1,1,1,1,1,14,6,1,1,,2,2
4,44,4,2,2001,2,1,1,2,2,1,1,1,1,1,1,2,1,2,9,6,1,1,35,2,2
5,44,4,2,2001,1,1,1,2,2,1,2,1,1,1,1,1,1,2,12,6,1,1,,2,2
6,44,4,2,2001,3,1,1,2,2,1,2,1,1,1,1,1,1,2,8,6,1,1,,2,2
6,44,4,2,2001,2,1,1,2,2,1,1,3,1,1,1,1,1,2,8,6,1,1,,2,2
7,44,4,2,2001,1,1,1,2,2,1,4,1,1,1,1,1,1,2,,6,1,1,,2,2
6,51,4,2,2001,2,1,1,2,2,1,1,1,1,1,1,3,1,2,8,6,1,1,,2,2
7,51,4,3,2001,3,1,1,2,2,1,1,1,1,3,2,3,3,2,17,6,1,1,,2,2
8,51,4,3,2001,3,1,1,2,2,1,1,1,1,1,1,2,1,2,8,6,1,1,,2,2
8,51,4,3,2001,3,1,1,2,2,1,1,1,1,1,1,2,1,2,8,6,1,1,,2,2
3,51,4,3,2001,3,1,1,2,2,1,1,1,1,1,1,2,1,2,10,6,1,1,,2,2
12,51,4,2,2001,3,1,1,2,2,1,1,1,1,1,1,2,1,2,9,6,1,1,,2,2
12,51,4,3,2001,3,1,1,2,2,1,1,1,1,1,1,3,1,2,14,6,1,1,,2,2
1,40,4,4,2001,3,1,1,2,2,1,1,1,1,1,1,1,1,2,8,6,1,1,27,2,2
3,40,4,4,2001,2,1,1,2,2,1,2,1,1,1,1,1,1,2,14,6,1,1,,2,2
3,48,4,4,2001,3,1,1,2,2,1,1,1,1,1,1,3,3,2,8,6,1,1,31,2,2
2,43,4,3,2001,1,1,1,2,2,1,4,1,1,1,1,1,1,2,,6,1,1,,2,2
2,43,4,3,2001,2,1,1,2,2,1,1,3,1,1,1,1,1,2,9,6,1,1,,2,2
5,43,4,3,2001,2,1,1,2,2,1,2,1,1,1,1,1,1,2,14,6,1,1,,2,2
5,43,4,3,2001,2,1,1,2,2,1,1,1,1,1,1,1,1,2,14,6,1,1,,2,2
5,43,4,3,2001,3,1,1,2,2,1,1,1,1,1,1,1,1,2,9,6,1,1,32,2,2
2,43,4,3,2001,4,1,1,2,2,1,2,4,1,1,1,1,1,2,10,6,1,1,,2,2
2,36,4,4,2001,2,1,1,2,2,1,1,1,1,1,1,3,1,2,9,6,1,1,,2,2
1,50,4,3,2001,1,1,1,2,2,1,2,1,1,1,1,1,1,1,9,6,1,1,,2,2
1,50,4,3,2001,2,1,1,2,2,1,1,1,1,1,1,2,1,1,9,6,1,1,,2,2
2,50,4,3,2001,2,1,1,2,2,1,2,1,1,1,3,1,1,2,9,6,1,1,40,2,2
4,50,4,3,2001,4,1,1,2,2,1,4,2,1,1,1,3,3,2,14,6,1,1,,2,2
7,50,4,3,2001,2,1,1,2,2,1,1,1,1,1,1,1,1,2,,6,1,1,,2,2
11,50,4,3,2001,3,1,1,2,2,1,1,1,1,1,1,2,1,2,9,6,1,1,35,2,2
1,41,4,2,2001,1,1,1,2,2,1,2,1,1,1,1,1,1,2,14,6,1,1,,2,2
1,41,4,2,2001,2,1,1,2,2,1,1,1,1,1,1,1,1,2,14,6,1,1,,2,2
1,41,4,3,2001,2,1,1,2,2,1,1,1,1,1,1,1,1,2,14,6,1,1,,2,2
1,41,4,3,2001,3,1,1,2,2,1,1,1,1,1,1,1,1,2,14,6,1,1,,2,2