Thana,District,Accident_Severity,Month,Year,Time,Junction_Type,Traffic_Control,Movement,Divider,Weather,Light,Road_Geometry,Surface_Condition,Surface_Type,Surface_Quality,Road_Class,Road_Feature,Location_Type,Vehicle_Type,Vehicle_Movement,Vehicle_Loading,Vehicle_Defect,Vehicle_Driver_Age,Vehicle_Alcohol,Vehicle_Seat_Belt
3,41,4,3,2001,3,1,1,2,2,1,1,1,1,1,1,1,1,2,8,6,1,1,,2,2
3,41,4,3,2001,2,1,1,2,2,1,1,2,1,1,1,1,1,2,14,6,1,1,,2,2
5,41,4,2,2001,2,1,1,2,2,1,1,1,1,1,1,1,1,1,9,6,1,1,,2,2
5,41,4,2,2001,2,1,1,2,2,1,1,1,1,1,1,2,1,1,14,6,1,1,,2,2
5,41,4,2,2001,1,1,1,2,2,1,4,1,1,1,1,1,1,2,9,6,1,1,,2,2
5,41,4,2,2001,1,1,1,2,2,1,4,1,1,1,1,2,1,2,14,6,1,1,30,2,2
5,41,2,2,2001,1,1,1,2,2,1,4,1,1,1,1,2,1,2,14,6,1,1,,2,2
5,41,3,3,2001,1,1,1,2,2,1,2,1,1,1,1,2,1,2,9,6,1,1,38,2,2
5,41,4,3,2001,4,1,1,2,2,1,3,1,1,1,1,2,1,1,9,6,1,1,,2,2
5,41,4,3,2001,3,1,1,2,2,1,1,1,1,1,1,2,1,2,7,6,1,1,,2,2
5,41,4,3,2001,3,1,1,2,2,1,1,1,1,1,1,1,1,2,9,6,1,1,,2,2
5,41,4,3,2001,2,1,1,2,2,1,2,1,1,1,1,1,1,2,9,6,1,1,,2,2
1,47,4,3,2001,1,1,1,2,2,1,4,1,1,1,1,1,1,1,14,6,1,1,,2,2
8,47,4,4,2001,4,1,1,2,2,1,2,1,1,1,1,1,1,2,14,6,1,1,,2,2
9,47,4,4,2001,2,1,1,2,2,1,1,1,1,1,1,3,1,1,9,6,1,1,,2,2
10,52,4,4,2001,3,1,1,2,2,1,2,1,1,1,1,3,1,2,2,6,1,1,,2,2
5,43,1,4,2001,1,1,1,2,2,1,4,1,1,1,1,1,1,2,9,6,1,1,29,2,2
5,43,4,4,2001,3,1,1,2,2,1,1,3,1,1,1,1,1,2,9,6,1,1,,2,2
5,37,4,4,2001,2,1,1,2,2,1,1,1,1,1,1,3,1,2,9,6,1,1,,2,2
1,51,4,4,2001,4,1,1,2,2,1,4,1,1,1,1,2,1,2,14,6,1,1,,2,2
3,51,4,2,2001,3,1,1,2,2,1,1,1,1,1,1,3,1,2,9,6,1,1,,2,2
3,51,4,3,2001,3,1,1,2,2,1,1,1,1,1,1,3,1,2,10,6,1,1,,2,2
1,38,4,4,2001,3,1,1,2,2,1,1,1,1,1,1,1,1,2,14,6,1,1,,2,2
4,38,4,4,2001,,1,1,2,2,1,4,1,1,1,1,3,1,2,,6,1,1,,2,2
1,45,3,4,2001,3,1,1,2,2,1,1,1,1,1,1,1,1,2,4,6,1,1,,2,2
1,45,4,4,2001,4,1,1,2,2,1,4,1,1,1,1,1,1,2,,6,1,1,,2,2
4,45,4,4,2001,2,1,1,2,2,1,1,1,1,1,1,3,1,2,14,6,1,1,,2,2
1,35,4,4,2001,2,1,1,2,2,1,1,1,1,1,1,3,1,2,8,6,1,1,,2,2
2,35,4,4,2001,2,1,1,2,2,1,1,1,1,2,2,3,1,2,8,6,1,1,,2,2
2,35,4,4,2001,2,1,1,2,2,1,1,3,1,1,1,3,1,2,17,6,1,1,,2,2
3,35,3,4,2001,2,1,1,2,2,1,1,2,1,1,1,3,1,2,9,6,1,1,35,2,2
4,35,1,4,2001,3,1,1,2,2,1,1,2,1,1,1,2,1,2,9,6,1,1,,2,2
4,35,4,4,2001,3,1,1,2,2,1,1,1,1,1,1,1,1,2,13,6,1,1,24,2,2
1,50,4,4,2001,2,1,1,2,2,1,1,2,1,1,1,3,1,1,9,6,1,1,,2,2
11,50,4,4,2001,3,1,1,2,2,1,1,1,1,1,1,2,1,2,13,6,1,1,,2,2
12,50,4,4,2001,2,1,1,2,2,1,1,1,1,1,1,1,1,2,8,6,1,1,42,2,2
4,36,3,5,2001,2,1,1,2,2,1,1,1,1,1,1,3,2,2,11,6,1,1,,2,2
1,49,4,2,2001,4,1,1,2,2,1,3,3,5,2,2,2,3,2,14,6,1,1,28,2,2
1,49,4,3,2001,1,1,1,2,2,4,2,1,2,1,1,1,1,2,14,6,1,1,,2,2
1,49,4,4,2001,3,1,1,2,2,1,1,1,1,1,1,2,1,2,7,6,1,1,,2,2
1,49,1,4,2001,2,1,1,2,2,1,1,2,5,3,3,3,1,2,9,6,1,1,,2,2
1,49,4,5,2001,3,1,1,2,2,1,1,1,1,1,1,2,1,1,14,6,1,1,,2,2
2,49,4,4,2001,3,1,1,2,2,1,1,1,1,1,1,3,1,2,14,6,1,1,,2,2
4,49,3,4,2001,3,1,1,2,2,1,1,1,1,1,1,3,1,2,14,6,1,1,,2,2
1,44,4,3,2001,4,1,1,2,2,1,3,1,1,1,1,2,1,1,4,6,1,1,,2,2
3,44,4,3,2001,,1,1,2,2,1,1,1,1,1,1,1,1,2,14,6,1,1,,2,2
7,44,4,3,2001,1,1,1,2,2,1,2,2,1,1,1,1,1,2,14,6,1,1,,2,2
7,44,4,3,2001,2,1,1,2,2,1,1,1,1,1,1,1,1,2,9,6,1,1,,2,2
1,50,3,5,2001,4,1,1,2,2,1,2,1,1,1,1,1,1,1,10,6,1,1,22,2,2
1,50,4,5,2001,2,1,1,2,2,1,1,1,1,1,1,1,1,2,8,6,1,1,,2,2
2,50,3,5,2001,2,1,1,2,2,1,1,1,1,1,1,1,1,2,14,6,1,1,,2,2
2,50,3,5,2001,3,1,1,2,2,1,1,1,1,1,1,1,1,2,6,10,1,1,30,2,2
4,50,3,5,2001,2,1,1,2,2,1,1,1,1,1,1,3,1,2,19,6,1,1,,2,2
5,50,4,5,2001,3,1,1,2,2,1,1,1,1,1,1,2,1,2,14,6,1,1,,2,2
5,50,4,5,2001,4,1,1,2,2,1,4,1,1,1,1,2,1,2,14,6,1,1,,2,2
10,50,4,5,2001,4,1,1,2,2,1,2,1,1,1,1,3,1,2,19,6,1,1,,2,2
11,50,4,5,2001,2,1,1,2,2,1,1,1,1,1,1,2,1,2,14,6,1,1,,2,2
12,50,4,5,2001,3,1,1,2,2,1,1,1,1,1,1,1,1,2,8,6,1,1,,2,2
1,47,3,5,2001,2,1,1,2,2,1,1,1,1,1,1,1,1,1,9,6,1,1,40,2,2
1,47,1,5,2001,3,1,1,2,2,1,1,1,1,1,1,1,1,1,8,6,1,1,,2,2
2,47,4,5,2001,1,1,1,2,2,1,4,1,1,1,1,1,1,2,14,6,1,1,,2,2
3,47,4,5,2001,3,1,1,2,2,1,1,1,1,1,1,3,1,2,14,6,1,1,,2,2
5,47,4,5,2001,3,1,1,2,2,1,1,1,1,1,1,1,1,2,9,6,1,1,,2,2
5,47,4,5,2001,3,1,1,2,2,1,1,1,1,1,1,3,1,2,9,6,1,1,,2,2
9,47,4,5,2001,4,1,1,2,2,2,3,1,2,1,3,1,1,2,14,6,1,1,,2,2
9,47,4,5,2001,4,1,1,2,2,1,4,1,1,1,1,1,1,2,14,6,1,1,,2,2
12,47,4,5,2001,2,1,1,2,2,1,1,1,1,1,1,1,5,2,9,6,1,1,,2,2
12,47,4,5,2001,4,1,1,2,2,1,1,1,1,1,1,1,2,2,9,6,1,1,40,2,2
3,39,3,5,2001,1,1,1,2,2,1,4,1,1,1,1,1,1,2,14,6,1,1,,2,2
2,43,4,5,2001,2,1,1,2,2,1,1,1,1,1,1,1,1,2,9,6,1,1,,2,2
2,43,3,5,2001,1,1,1,2,2,1,4,1,1,1,1,1,2,2,9,6,1,1,,2,2
4,43,4,5,2001,3,1,1,2,2,1,1,1,1,1,1,1,3,2,7,6,1,1,,2,2
5,43,4,5,2001,2,1,1,2,2,1,1,1,1,1,1,1,1,2,9,6,1,1,,2,2
5,43,4,5,2001,4,1,1,2,2,2,2,1,2,1,1,1,1,2,9,6,1,1,,2,2
3,37,4,5,2001,3,1,1,2,2,1,1,1,1,1,1,3,1,2,8,6,1,1,,2,2
1,36,4,6,2001,2,1,1,2,2,1,1,1,1,1,1,3,1,2,9,6,1,1,,2,2
3,36,3,6,2001,1,1,1,2,2,1,4,1,1,1,1,2,2,2,14,6,2,1,,2,2
4,47,4,6,2001,3,1,1,2,2,1,1,1,1,1,1,3,1,2,9,6,1,1,30,2,2
4,47,4,6,2001,1,1,1,2,2,1,4,3,1,2,3,1,1,2,14,6,1,1,,2,2
9,47,4,6,2001,2,1,1,2,2,1,1,1,1,1,1,1,1,2,8,6,1,1,,2,2
1,52,4,6,2001,2,1,1,2,2,1,1,1,1,1,1,3,1,2,9,6,1,1,38,2,2
2,38,4,5,2001,4,1,1,2,2,1,1,1,1,1,1,3,1,2,14,6,1,1,40,2,2
1,38,4,6,2001,3,1,1,2,2,1,1,1,1,1,1,1,1,2,14,6,1,1,40,2,2
1,38,3,6,2001,3,1,1,2,2,2,1,1,2,1,1,1,1,2,9,6,1,1,,2,2
1,38,4,6,2001,3,1,1,2,2,1,1,1,1,1,1,1,1,2,9,6,1,1,,2,2
6,38,4,6,2001,3,1,1,2,2,1,1,1,1,1,1,1,1,2,9,6,1,1,,2,2
1,50,2,6,2001,4,1,1,2,2,1,3,1,1,1,1,1,1,2,8,6,1,1,,2,2
2,50,4,6,2001,4,1,1,2,2,1,4,1,1,1,1,1,1,2,9,6,1,1,45,2,2
5,50,4,6,2001,3,1,1,2,2,1,1,1,1,1,1,3,1,2,8,6,1,1,,2,2
10,50,3,5,2001,3,1,1,2,2,1,1,1,1,1,1,1,1,2,6,6,1,1,,2,2
10,50,4,6,2001,3,1,1,2,1,1,1,1,1,1,1,1,1,2,7,6,1,1,,2,2
13,50,4,6,2001,3,1,1,2,2,1,1,1,1,1,1,3,1,2,8,6,1,1,,2,2
1,50,4,7,2001,2,1,1,2,2,1,2,2,1,1,1,1,1,2,14,3,1,1,,2,2
2,50,4,7,2001,3,1,1,2,2,1,2,1,1,1,1,1,1,2,8,6,1,1,30,2,2
4,50,4,7,2001,3,1,1,2,2,1,1,1,1,1,1,3,1,2,17,6,1,1,,2,2
12,50,4,7,2001,3,1,1,2,2,1,1,1,1,1,1,1,1,1,14,6,1,1,28,2,2
12,50,4,7,2001,3,1,3,2,2,1,1,1,1,1,1,1,1,2,14,6,1,1,,2,2
1,40,4,8,2001,3,1,1,2,2,1,1,1,1,1,1,3,1,2,9,6,1,1,,2,2
3,40,4,8,2001,4,1,1,2,2,1,4,1,1,1,1,1,1,2,14,6,1,1,,2,2
6,40,4,8,2001,2,1,1,2,2,1,1,1,1,1,1,1,1,2,14,6,1,1,,2,2
1,45,4,5,2001,3,1,1,2,2,1,1,1,1,1,1,1,1,2,9,6,1,1,,2,2
1,45,4,5,2001,2,1,1,2,2,1,1,1,1,1,1,1,1,1,14,6,1,1,,2,2
2,45,3,5,2001,2,1,1,2,2,2,1,2,2,1,1,1,1,2,9,6,1,1,,2,2
1,45,4,5,2001,4,1,1,2,2,1,3,1,1,1,1,1,1,1,9,6,1,1,,2,2
1,45,4,6,2001,2,1,1,2,2,1,1,1,1,1,1,3,1,1,14,6,1,1,,2,2
2,45,3,6,2001,4,1,1,2,2,1,4,5,1,1,1,1,2,2,7,6,1,1,35,2,2
2,45,4,6,2001,3,1,1,2,2,1,1,1,1,1,1,1,1,2,9,6,1,1,31,2,2
2,45,4,7,2001,2,1,1,2,2,1,1,1,1,1,1,3,1,2,5,6,1,1,,2,2
3,45,3,5,2001,4,1,1,2,2,1,1,1,1,1,1,3,1,2,7,6,1,1,40,2,2
3,45,4,6,2001,3,1,1,2,2,1,1,1,1,1,1,3,1,2,8,6,1,1,30,2,2
1,35,3,5,2001,3,1,1,2,2,1,1,1,1,1,1,2,1,2,7,6,1,1,40,2,2
1,35,3,5,2001,3,1,1,2,2,1,2,1,1,1,1,2,1,2,10,6,1,1,,2,2
1,35,3,5,2001,2,1,1,2,2,1,1,1,1,1,1,2,1,2,9,6,1,1,,2,2
3,35,3,5,2001,2,1,1,2,2,1,1,1,1,1,1,3,1,2,9,6,1,1,35,2,2
4,35,3,5,2001,2,1,1,2,2,1,1,1,1,1,1,1,1,2,13,6,1,1,,2,2
1,38,4,7,2001,3,1,1,2,2,1,1,1,1,1,1,1,1,2,9,6,1,1,,2,2
1,38,4,7,2001,3,1,1,2,1,1,1,1,1,1,1,1,1,2,10,6,1,1,,2,2
3,38,4,7,2001,4,1,1,2,2,1,4,1,1,1,1,3,1,2,9,6,1,1,,2,2
6,38,4,7,2001,3,1,1,2,2,1,1,1,1,1,1,1,1,2,12,6,1,1,31,2,2
6,38,4,7,2001,3,1,1,2,2,1,1,1,1,1,1,3,2,2,9,6,1,1,,2,2
1,35,3,6,2001,4,1,1,2,2,1,4,1,1,1,1,2,1,2,14,6,1,1,42,2,2
1,35,3,6,2001,2,1,1,2,2,1,1,1,1,1,1,2,1,2,8,6,1,1,28,2,2
1,35,3,6,2001,2,1,1,2,2,1,1,1,1,1,1,1,1,2,8,6,1,1,20,2,2
1,35,4,6,2001,4,1,1,2,2,1,1,1,1,1,1,3,1,2,6,6,1,1,25,2,2
1,35,4,6,2001,3,1,1,2,2,1,1,1,1,1,1,3,1,2,9,6,1,1,,2,2
2,35,4,6,2001,2,1,1,2,2,1,1,1,1,1,3,3,1,2,4,6,1,1,,2,2
5,37,4,7,2001,2,1,1,2,2,1,1,5,1,1,1,3,1,2,4,6,1,1,,2,2
6,37,3,7,2001,3,1,1,2,2,1,1,1,1,1,1,3,1,2,9,6,1,1,,2,2
3,36,3,7,2001,2,1,1,2,2,1,1,1,1,1,1,3,1,2,14,6,1,1,,2,2
4,36,4,7,2001,2,1,1,2,2,1,1,1,1,1,1,1,1,2,10,6,1,1,,2,2
4,36,4,7,2001,3,1,1,2,2,1,1,1,1,1,1,3,1,2,9,6,1,1,,2,2
3,52,4,6,2001,3,1,1,2,2,1,1,1,1,1,1,3,1,2,9,6,1,1,,2,2
1,47,4,7,2001,2,1,1,2,2,2,1,1,2,1,1,1,1,1,14,6,1,1,,2,2
3,47,4,7,2001,3,1,1,2,2,1,1,1,1,1,1,3,1,2,8,6,1,1,,2,2
9,47,4,7,2001,1,1,1,2,2,1,4,1,1,1,1,1,1,2,9,6,1,1,,2,2
12,47,4,7,2001,3,1,1,2,2,1,1,1,1,1,1,1,2,2,9,6,1,1,,2,2
12,47,4,7,2001,4,1,1,2,2,2,4,1,2,1,1,1,1,2,9,6,1,1,,2,2
6,48,4,5,2001,3,1,1,2,2,1,1,1,1,1,1,3,1,2,6,6,1,1,35,2,2
1,43,4,7,2001,3,1,1,2,2,1,1,1,1,1,1,3,1,2,14,6,1,1,,2,2
2,43,3,6,2001,2,1,1,2,2,1,1,1,1,1,1,1,1,2,4,6,1,1,,2,2
2,43,4,6,2001,3,1,1,2,2,1,1,1,1,1,1,1,1,2,14,6,1,1,,2,2
2,43,4,6,2001,1,1,1,2,2,2,2,2,1,1,1,1,1,2,14,6,1,1,,2,2
5,43,4,6,2001,3,1,1,2,2,1,1,1,1,1,1,1,1,2,9,6,1,1,,2,2
1,50,4,8,2001,2,1,1,2,2,1,1,1,1,1,1,1,1,2,14,6,,,,2,2
1,50,4,8,2001,3,1,1,2,2,1,1,1,1,1,1,1,1,1,9,6,1,1,,2,2
6,50,4,3,2001,4,1,1,2,2,1,2,1,1,1,1,3,1,2,14,6,1,1,,2,2
9,50,4,8,2001,2,1,1,2,2,1,1,1,1,1,1,2,1,2,9,6,1,1,,2,2
10,50,4,8,2001,2,1,1,2,2,1,1,1,1,1,1,1,1,2,5,6,1,1,,2,2
11,50,4,8,2001,3,1,1,2,2,1,1,1,1,1,1,3,1,2,9,6,1,1,,2,2
2,43,4,8,2001,2,1,1,2,2,1,1,1,1,1,1,1,1,2,14,6,1,1,,2,2
2,43,4,8,2001,2,1,1,2,2,1,1,1,1,1,1,1,1,2,9,6,1,1,40,2,2
5,43,3,8,2001,4,1,1,2,2,1,2,1,1,1,1,3,2,2,8,6,1,1,22,2,2
5,43,4,8,2001,3,1,1,2,2,1,1,1,1,1,1,1,1,2,9,6,1,1,,2,2
1,36,4,8,2001,3,1,1,2,2,1,1,1,1,1,1,3,1,2,9,6,1,1,40,2,2
3,36,4,8,2001,3,1,1,2,2,2,1,2,2,1,1,3,1,2,14,6,1,1,,2,2
1,35,4,7,2001,3,1,1,2,2,1,1,1,1,1,1,2,1,2,13,6,1,1,,2,2
2,35,1,7,2001,3,1,1,2,2,2,1,2,2,1,3,3,1,2,9,6,1,1,,2,2
4,35,4,7,2001,2,1,1,2,2,1,1,1,1,1,1,2,1,2,,6,1,1,,2,2
1,47,4,8,2001,2,1,1,2,2,1,1,1,1,1,1,1,1,1,9,6,1,1,38,2,2
1,47,4,8,2001,2,1,1,2,2,1,2,1,1,1,1,1,1,1,14,6,1,1,40,2,2
1,47,4,8,2001,3,1,1,2,2,1,2,1,1,1,1,1,1,2,9,6,1,1,,2,2
4,47,4,8,2001,3,1,1,2,2,1,1,1,1,1,1,3,1,2,12,6,1,1,35,2,2
5,47,3,8,2001,3,1,1,2,2,1,1,1,1,1,1,1,1,2,9,6,1,1,,2,2
9,47,4,8,2001,4,1,1,2,2,1,1,1,1,1,1,1,1,2,9,6,1,1,,2,2
12,47,4,8,2001,4,1,1,2,2,2,4,1,2,1,1,1,1,2,9,6,1,1,,2,2
12,47,3,8,2001,2,1,1,2,2,1,1,1,1,1,1,1,1,2,14,6,1,1,,2,2
12,47,4,8,2001,1,1,1,2,2,1,4,1,1,1,1,1,1,2,14,6,1,1,,2,2
1,45,4,7,2001,4,1,1,2,2,1,4,1,1,1,1,1,1,2,14,6,1,1,,2,2
3,45,4,7,2001,3,1,1,2,2,1,1,1,1,1,1,3,1,2,19,6,1,1,,2,2
5,45,4,7,2001,3,1,1,2,2,1,1,1,1,1,1,1,1,2,6,6,1,1,,2,2
6,45,4,7,2001,1,1,1,2,2,1,2,1,1,1,1,1,1,2,12,6,1,1,,2,2
4,35,4,7,2001,3,1,1,2,2,1,1,1,1,1,1,2,1,2,,6,1,1,,2,2
4,35,4,8,2001,3,1,1,2,2,1,1,1,1,1,1,2,1,2,9,6,1,1,,2,2
5,37,4,8,2001,3,1,1,2,2,1,1,1,1,1,1,3,1,2,8,6,1,1,,2,2
6,38,4,8,2001,1,1,1,2,2,2,2,1,2,1,1,1,2,2,13,6,1,1,,2,2
4,35,4,9,2001,3,1,1,2,2,1,1,1,1,1,1,1,1,2,,6,1,1,,2,2
3,39,4,9,2001,3,1,1,2,2,1,1,1,1,1,1,1,1,2,12,6,1,1,,2,2
1,36,4,9,2001,2,1,1,2,2,1,1,1,1,1,1,1,1,2,9,6,1,1,,2,2
2,43,4,9,2001,3,1,1,2,2,1,1,1,1,1,1,1,1,2,14,6,1,1,,2,2
2,43,4,9,2001,2,1,1,2,2,1,1,1,1,1,1,1,1,2,8,6,1,1,,2,2
5,43,3,9,2001,4,1,1,2,2,1,4,1,1,1,1,1,1,2,8,6,1,1,,2,2
5,43,3,9,2001,2,1,1,2,2,1,1,1,1,1,1,1,2,2,8,6,1,1,,2,2
5,43,3,9,2001,2,1,1,2,2,1,1,1,1,1,1,1,3,2,10,6,1,1,,2,2
5,43,4,9,2001,2,1,1,2,2,1,1,1,1,1,1,1,1,2,14,6,1,1,,2,2
5,43,3,9,2001,2,1,1,2,2,1,1,1,1,1,1,1,1,2,8,6,1,1,,2,2
5,43,4,9,2001,2,1,1,2,2,1,1,1,1,1,1,3,1,2,9,6,1,1,,2,2
1,45,4,7,2001,,1,1,2,2,1,1,1,1,1,1,1,1,2,9,6,1,1,,2,2
1,45,4,8,2001,2,1,1,2,2,1,1,1,1,1,1,3,1,2,9,6,1,1,,2,2
4,45,4,8,2001,3,1,1,2,2,1,1,1,1,1,1,3,1,2,9,6,1,1,,2,2
4,45,4,8,2001,,1,1,2,2,1,1,1,1,1,1,3,1,2,14,6,1,1,,2,2
6,45,3,7,2001,4,1,1,2,2,1,2,1,1,1,1,3,1,2,8,6,1,1,,2,2
6,45,4,8,2001,2,1,1,2,2,1,1,1,1,1,1,1,1,2,8,6,1,1,35,2,2
1,50,3,9,2001,4,1,1,2,2,1,2,1,1,1,1,3,1,2,9,6,2,1,,2,2
2,50,4,9,2001,1,1,1,2,2,1,4,1,1,1,1,1,1,2,14,6,1,1,,2,2
4,50,3,9,2001,4,1,1,2,2,1,4,1,1,1,1,2,1,2,14,6,1,1,,2,2
7,50,4,9,2001,2,1,1,2,2,1,1,1,1,1,1,2,1,2,9,6,1,1,,2,2
10,50,4,9,2001,2,1,1,2,2,1,1,1,1,1,1,1,1,2,14,6,1,1,,2,2
12,50,4,9,2001,1,1,1,2,2,1,4,1,1,1,1,1,1,1,14,6,1,1,35,2,2
12,50,4,9,2001,4,1,1,2,2,1,4,1,1,1,1,1,1,2,9,6,1,1,,2,2
12,50,4,9,2001,2,1,1,2,2,1,1,1,1,1,1,1,1,2,9,6,2,1,,2,2
5,47,4,9,2001,3,1,1,2,2,1,1,1,1,1,1,1,1,2,11,6,1,1,,2,2
7,47,3,9,2001,3,1,1,2,2,1,1,1,1,1,1,3,1,2,6,6,1,1,,2,2
8,47,4,9,2001,2,1,1,2,2,2,1,2,2,1,1,1,3,2,11,6,1,1,,2,2
9,47,4,9,2001,4,1,1,2,2,1,4,1,1,1,1,1,2,2,14,6,1,1,,2,2
12,47,2,9,2001,3,1,1,2,2,1,1,1,1,1,1,1,1,2,9,6,1,1,,2,2
1,41,4,4,2001,4,1,1,2,2,1,2,1,1,1,1,1,1,2,,6,1,1,,2,2
1,41,4,4,2001,4,1,1,2,2,1,4,1,1,1,1,1,1,2,,6,1,1,,2,2
1,41,4,4,2001,4,1,1,2,2,1,4,1,1,1,1,1,1,2,9,6,1,1,,2,2
1,41,4,4,2001,4,1,1,2,2,1,4,1,1,1,1,1,1,2,9,6,1,1,,2,2
5,41,3,4,2001,2,1,1,2,2,1,1,1,1,1,1,2,1,2,9,6,1,1,,2,2
5,41,4,4,2001,4,1,1,2,2,1,4,1,1,1,1,1,1,2,14,6,1,1,,2,2
1,41,4,5,2001,3,1,1,2,2,1,1,1,1,1,1,1,1,2,9,6,1,1,,2,2
1,41,4,5,2001,2,1,1,2,2,1,1,1,1,1,1,1,1,2,,6,1,1,,2,2
3,41,4,5,2001,3,1,1,2,2,1,1,1,1,1,1,1,1,2,8,6,1,1,30,2,2
4,41,4,5,2001,3,1,1,2,2,1,1,1,1,1,1,3,1,2,4,6,1,1,,2,2
5,41,3,5,2001,4,1,1,2,2,1,4,1,1,1,1,1,1,2,10,6,1,1,,2,2
5,41,2,5,2001,3,1,1,2,2,1,1,1,1,1,1,1,1,1,9,6,1,1,,2,2
5,41,4,5,2001,4,1,1,2,2,2,2,1,2,1,1,1,1,2,9,6,1,1,,2,2
5,41,4,5,2001,4,1,1,2,2,2,2,1,1,1,1,1,1,2,9,6,1,1,,2,2
5,41,4,5,2001,3,1,1,2,2,1,1,1,1,1,1,1,1,2,14,6,1,1,,2,2
5,41,4,5,2001,4,1,1,2,2,1,2,1,1,1,1,1,1,2,14,6,1,1,,2,2
5,41,4,5,2001,3,1,1,2,2,1,1,1,1,1,1,1,1,1,,6,1,1,,2,2
5,41,4,5,2001,3,1,1,2,2,1,1,1,1,1,1,1,1,1,10,6,1,1,30,2,2
1,41,4,6,2001,3,1,1,2,2,1,1,1,1,1,1,1,1,2,9,6,1,1,,2,2
1,41,4,6,2001,3,1,1,2,2,1,1,1,1,1,1,1,1,2,9,6,1,1,,2,2
1,41,4,6,2001,3,1,1,2,2,1,1,1,1,1,1,1,1,2,9,6,1,1,,2,2
5,41,4,6,2001,2,1,1,2,2,1,1,1,1,1,1,2,1,2,14,6,1,1,,2,2
5,41,4,6,2001,3,1,1,2,2,2,1,1,2,1,1,1,1,1,9,6,1,1,,2,2
5,41,4,6,2001,2,1,1,2,2,1,1,1,1,1,1,1,1,1,9,6,1,1,35,2,2
5,41,4,6,2001,3,1,1,2,2,1,1,2,1,1,1,2,1,2,9,6,1,1,,2,2
5,41,4,6,2001,3,1,1,2,2,1,1,1,1,1,1,1,1,2,9,6,1,1,,2,2
5,41,4,6,2001,1,1,1,2,2,1,4,1,1,1,1,2,1,1,9,6,1,1,,2,2
4,47,4,10,2001,4,1,1,2,2,1,2,1,1,1,1,1,1,2,9,6,1,1,,2,2
5,47,1,10,2001,2,1,1,2,2,1,1,1,1,1,1,1,1,1,9,6,1,1,42,2,2
7,47,4,10,2001,2,1,1,2,2,1,1,2,1,1,1,1,1,2,8,6,1,1,27,2,2
9,47,4,10,2001,2,1,1,2,2,1,1,1,1,1,1,3,1,2,13,6,1,1,,2,2
12,47,3,10,2001,2,1,1,2,2,1,1,1,1,1,1,1,1,2,9,6,1,1,,2,2
1,35,4,10,2001,3,1,1,2,2,1,1,1,1,1,1,3,1,2,9,6,1,1,,2,2
1,38,4,9,2001,3,1,1,2,2,1,1,1,1,1,1,1,1,2,9,6,1,1,,2,2
1,38,4,10,2001,3,1,1,2,2,1,1,1,1,1,1,1,1,2,9,6,1,1,,2,2
1,38,4,10,2001,2,1,1,2,2,1,2,1,1,1,1,1,1,2,9,6,1,1,,2,2
4,38,4,10,2001,3,1,1,2,2,1,1,1,1,1,1,3,1,2,7,6,1,1,,2,2
4,38,4,10,2001,4,1,1,2,2,1,1,2,1,1,1,3,1,2,13,6,1,1,,2,2
6,38,4,10,2001,2,1,1,2,2,1,1,1,1,1,1,1,1,2,9,6,1,1,,2,2
6,38,4,10,2001,3,1,1,2,2,1,1,1,1,1,2,3,1,2,14,6,1,1,,2,2
6,38,3,10,2001,2,1,1,2,2,1,1,1,1,1,1,1,1,2,9,6,1,1,,2,2
1,45,3,8,2001,2,1,1,2,2,1,1,1,1,1,1,3,1,1,10,6,1,1,,2,2
1,45,3,9,2001,3,1,1,2,2,1,1,1,1,1,1,1,1,2,9,6,1,1,,2,2
6,45,4,9,2001,2,1,1,2,2,1,1,1,1,1,1,1,1,2,8,6,1,1,33,2,2
6,45,3,9,2001,2,1,1,2,2,1,1,1,1,1,1,3,1,2,8,6,1,1,38,2,2
1,45,4,10,2001,3,1,1,2,2,1,1,1,1,1,1,2,1,2,8,6,1,1,,2,2
3,37,3,10,2001,3,1,1,2,2,1,1,1,1,1,1,3,1,2,9,6,1,1,,2,2
1,36,1,11,2001,2,1,1,2,2,1,1,1,1,1,1,3,1,2,9,6,1,1,,2,2
2,36,4,11,2001,2,1,1,2,2,1,1,1,1,1,1,1,1,2,12,6,1,1,,2,2
4,36,4,11,2001,3,1,1,2,2,1,1,1,1,1,1,1,1,2,14,6,1,1,,2,2
4,36,4,11,2001,1,1,1,2,2,4,4,1,1,1,2,1,1,2,9,6,1,1,,2,2
4,36,4,11,2001,3,1,1,2,2,1,1,1,1,1,1,1,1,2,9,6,1,1,,2,2
1,38,3,11,2001,4,1,1,2,2,1,4,1,1,1,1,1,1,2,9,6,1,1,,2,2
1,38,4,11,2001,2,1,1,2,2,1,1,1,1,1,1,1,1,2,9,6,1,1,,2,2
6,38,4,11,2001,4,1,1,2,2,1,4,1,1,1,1,1,1,2,19,6,1,1,,2,2
6,38,4,11,2001,2,1,1,2,2,1,1,2,1,1,1,1,1,2,9,6,1,1,,2,2
7,38,4,11,2001,4,1,1,2,2,1,4,1,1,1,1,3,1,2,14,6,1,1,,2,2
8,38,4,11,2001,4,1,1,2,2,1,4,1,1,1,1,3,1,2,,6,1,1,,2,2
1,45,4,12,2001,3,1,1,2,2,1,1,1,1,1,1,1,1,2,9,6,1,1,,2,2
6,45,4,11,2001,2,1,1,2,2,1,2,1,1,1,1,1,1,2,14,6,1,1,,2,2
5,47,4,11,2001,3,1,1,2,2,1,1,1,1,1,1,1,1,2,9,6,1,1,,2,2
5,47,4,11,2001,,,,2,2,1,1,1,1,1,1,1,1,2,9,6,1,1,35,2,2