Thana,District,Accident_Severity,Month,Year,Time,Junction_Type,Traffic_Control,Movement,Divider,Weather,Light,Road_Geometry,Surface_Condition,Surface_Type,Surface_Quality,Road_Class,Road_Feature,Location_Type,Vehicle_Type,Vehicle_Movement,Vehicle_Loading,Vehicle_Defect,Vehicle_Driver_Age,Vehicle_Alcohol,Vehicle_Seat_Belt
7,47,4,11,2001,3,1,1,2,2,1,1,1,1,1,1,1,1,2,14,6,1,1,,2,2
9,47,4,11,2001,3,1,1,2,2,1,1,1,1,1,1,1,1,2,14,6,1,1,,2,2
9,47,4,11,2001,4,1,1,2,2,1,2,1,1,1,1,1,1,2,9,6,1,1,,2,2
9,47,4,11,2001,2,1,1,2,2,1,1,1,1,1,1,1,1,2,9,6,1,1,,2,2
11,47,4,11,2001,3,1,1,2,2,1,1,1,1,1,1,3,1,2,9,6,1,1,,2,2
3,43,4,11,2001,3,1,1,2,2,1,1,1,1,1,1,1,1,1,9,6,1,1,,2,2
6,43,4,11,2001,4,1,1,2,2,1,4,1,1,1,1,3,1,2,14,6,1,1,,2,2
1,38,4,12,2001,3,1,1,2,2,1,1,1,1,1,1,1,1,2,9,6,1,1,,2,2
1,38,4,12,2001,3,1,1,2,2,1,1,1,1,1,1,1,1,2,9,6,1,1,,2,2
1,38,4,12,2001,3,1,1,2,2,1,1,2,1,1,1,1,1,2,14,6,1,1,,2,2
3,38,4,12,2001,3,1,1,2,2,1,1,1,1,1,1,1,1,2,9,6,1,1,,2,2
6,38,4,12,2001,3,1,1,2,2,1,1,1,1,1,1,1,1,2,10,6,1,1,,2,2
8,38,4,12,2001,2,1,1,2,2,1,1,2,1,1,1,3,1,2,8,6,1,1,,2,2
4,36,4,12,2001,3,1,1,2,2,1,1,1,1,1,1,1,1,2,9,6,1,1,40,2,2
1,39,4,11,2001,2,1,1,2,2,1,1,1,1,1,1,2,1,2,14,6,1,1,,2,2
1,35,4,11,2001,2,1,1,2,2,1,1,1,1,1,1,2,1,2,14,6,1,1,,2,2
4,35,4,11,2001,3,1,1,2,2,1,1,1,1,1,1,1,1,2,9,6,1,1,,2,2
3,35,4,12,2001,4,1,1,2,2,1,2,1,1,1,1,3,1,2,14,6,1,1,,2,2
4,35,4,12,2001,2,1,1,2,2,1,1,1,1,1,1,1,1,2,14,6,1,1,,2,2
1,43,4,12,2001,1,1,1,2,2,1,2,1,1,1,1,3,1,2,6,6,1,1,,2,2
1,43,4,12,2001,1,1,1,2,2,4,2,1,1,1,1,3,1,2,9,6,1,1,,2,2
2,43,3,12,2001,3,1,1,2,2,1,1,1,1,1,1,1,1,2,14,6,1,1,,2,2
2,43,4,12,2001,2,1,1,2,2,1,1,1,1,1,1,1,1,2,8,6,1,1,,2,2
3,43,4,12,2001,2,1,1,2,2,1,1,1,1,1,1,1,1,2,9,6,1,1,,2,2
5,43,4,12,2001,2,1,1,2,2,1,1,1,1,1,1,1,1,2,8,3,1,1,,2,2
5,43,4,12,2001,4,1,1,2,2,1,4,1,1,1,2,3,1,2,9,6,1,1,,2,2
5,43,4,12,2001,3,1,1,2,2,1,2,1,1,1,1,3,1,2,8,6,1,1,,2,2
6,43,4,12,2001,4,1,1,2,2,1,2,1,1,1,1,3,1,2,9,6,1,1,,2,2
1,49,4,5,2001,3,1,1,2,2,1,1,1,1,1,1,2,1,2,4,6,1,1,45,2,2
3,49,4,5,2001,3,1,1,2,2,1,1,1,1,1,1,3,1,2,12,6,1,1,,2,2
1,49,4,7,2001,4,1,1,2,2,1,4,1,1,1,1,3,1,2,9,6,1,1,,2,2
5,49,4,7,2001,3,1,1,2,2,1,1,1,1,1,1,3,1,2,9,6,1,1,,2,2
3,49,4,10,2001,3,1,1,2,2,1,1,1,1,1,1,2,1,2,9,6,1,1,,2,2
3,49,3,10,2001,3,1,1,2,2,1,1,1,1,1,1,2,1,2,9,6,1,1,,2,2
4,49,4,10,2001,3,1,1,2,2,1,1,1,1,1,1,3,1,2,9,6,1,1,,2,2
2,49,4,11,2001,4,1,1,2,2,1,4,1,1,1,1,3,1,2,9,6,1,1,,2,2
5,49,4,11,2001,3,1,1,2,2,1,1,1,1,1,1,3,1,2,14,6,1,1,,2,2
3,40,4,10,2001,3,1,1,2,2,2,1,2,2,1,1,1,3,2,14,6,1,1,,2,2
3,40,4,12,2001,2,1,1,2,2,1,1,1,1,1,1,1,1,2,9,6,1,1,,2,2
3,40,3,12,2001,3,1,1,2,2,1,2,1,1,1,1,1,1,2,9,6,1,1,,2,2
4,40,4,10,2001,3,1,1,2,2,1,1,1,1,1,1,3,1,2,14,6,1,1,,2,2
5,40,3,10,2001,4,1,1,2,2,1,4,1,1,1,1,1,1,2,14,6,1,1,,2,2
6,40,4,10,2001,3,1,1,2,2,1,1,1,1,1,1,3,1,2,9,6,1,1,,2,2
1,52,4,10,2001,2,1,1,2,2,1,1,1,1,1,1,2,1,2,,6,1,1,,2,2
1,52,1,11,2001,3,1,1,2,2,1,1,1,1,1,1,2,1,1,4,6,1,1,,2,2
4,52,4,8,2001,3,1,1,2,2,1,1,1,1,1,1,3,1,2,9,6,1,1,,2,2
10,52,4,8,2001,2,1,1,2,2,1,1,1,1,1,1,3,1,2,6,6,1,1,,2,2
9,52,4,12,2001,2,1,1,2,2,4,1,4,5,3,2,3,1,2,14,6,1,1,,2,2
5,37,4,12,2001,2,1,1,2,2,1,1,1,1,1,1,3,1,2,4,6,1,1,,2,2
5,37,4,12,2001,3,1,1,2,2,1,1,1,1,1,1,3,1,2,6,6,1,1,,2,2
6,37,4,12,2001,2,1,1,2,2,1,1,1,1,1,1,3,1,2,9,6,1,1,,2,2
9,50,4,8,2001,3,1,1,2,2,1,1,1,1,1,1,2,1,2,9,6,1,1,,2,2
12,50,3,10,2001,2,1,1,2,2,1,1,1,1,1,1,1,1,2,9,6,1,1,,2,2
1,50,4,10,2001,3,1,1,2,2,1,1,1,1,1,1,1,1,2,14,6,1,1,,2,2
5,50,4,10,2001,2,1,1,2,2,1,1,1,1,1,1,1,1,2,14,6,1,1,,2,2
9,50,4,10,2001,2,1,1,2,2,1,1,1,1,2,1,3,1,2,9,6,1,1,,2,2
1,50,4,11,2001,3,1,1,2,2,1,1,1,1,1,1,1,1,2,6,6,1,1,,2,2
1,50,3,11,2001,3,1,1,2,2,1,1,1,1,1,1,1,1,2,9,6,1,1,35,2,2
1,50,4,11,2001,1,1,1,2,2,4,4,2,1,1,2,1,4,2,14,6,1,1,28,2,2
1,50,4,11,2001,3,1,1,2,2,1,1,1,1,1,1,1,1,2,14,6,1,1,,2,2
1,50,4,11,2001,4,1,1,2,2,1,3,1,1,1,1,1,1,1,9,6,1,1,,2,2
8,50,4,11,2001,3,1,1,2,2,1,1,1,1,1,1,3,1,2,9,6,1,1,,2,2
11,50,4,11,2001,2,1,1,2,2,1,2,1,1,1,1,2,1,1,9,6,1,1,,2,2
12,50,4,11,2001,2,1,1,2,2,1,1,1,1,1,1,1,1,2,9,6,1,1,,2,2
1,50,4,12,2001,2,1,1,2,2,1,1,1,1,1,1,1,1,2,10,6,1,1,,2,2
4,50,4,12,2001,2,1,1,2,2,1,1,1,1,1,1,3,1,2,9,6,1,1,,2,2
5,50,4,12,2001,2,1,1,2,2,1,1,1,1,1,1,1,1,2,9,6,1,1,,2,2
10,50,4,12,2001,3,1,1,2,2,1,1,1,1,1,1,1,1,2,9,6,1,1,30,2,2
12,50,4,12,2001,3,1,1,2,2,1,1,1,1,1,2,1,1,2,9,6,1,1,,2,2
1,45,3,12,2001,2,1,1,2,2,1,1,1,1,1,1,1,1,2,9,6,1,1,,2,2
1,45,4,12,2001,2,1,1,2,2,1,1,1,1,1,1,2,1,2,7,6,1,1,,2,2
5,45,4,12,2001,1,1,1,2,2,1,2,1,1,1,1,1,1,2,9,6,1,1,35,2,2
1,46,4,10,2001,2,1,1,2,2,1,1,1,1,1,1,1,1,2,14,6,1,1,33,2,2
2,46,4,11,2001,3,1,1,2,2,1,1,1,1,1,2,1,1,2,9,6,1,1,,2,2
2,46,4,9,2001,2,1,1,2,2,1,2,2,1,1,1,1,2,2,14,6,1,1,,2,2
3,46,4,5,2001,4,1,1,2,2,1,3,1,1,1,1,3,1,2,14,6,1,1,,2,2
3,46,4,6,2001,3,1,1,2,2,1,1,1,1,1,1,3,1,2,14,6,1,1,,2,2
3,46,4,7,2001,2,1,1,2,2,1,1,1,1,1,1,3,1,2,9,6,1,1,,2,2
3,46,4,8,2001,2,1,1,2,2,1,1,1,1,1,1,3,1,2,9,6,1,1,,2,2
4,46,4,3,2001,2,1,1,2,2,1,1,1,1,1,1,3,1,2,6,6,1,1,,2,2
4,46,4,4,2001,2,1,1,2,2,1,1,1,1,1,1,3,1,2,6,6,1,1,,2,2
5,46,4,5,2001,3,1,1,2,2,1,1,1,1,1,1,1,1,2,9,6,1,1,,2,2
5,46,4,10,2001,2,1,1,2,2,1,1,1,1,1,1,3,1,2,9,6,1,1,,2,2
3,47,4,12,2001,2,1,1,2,2,4,2,1,1,1,1,3,1,2,14,6,1,1,34,2,2
4,47,4,12,2001,3,1,1,2,2,1,2,1,1,1,1,1,1,2,9,6,1,1,39,2,2
5,47,4,12,2001,3,1,1,2,2,1,1,1,1,1,1,1,1,2,9,6,1,1,,2,2
6,47,4,12,2001,3,1,1,2,2,1,1,1,1,1,1,3,1,2,9,6,1,1,,2,2
9,47,4,12,2001,3,1,1,2,2,1,1,1,1,1,1,1,1,2,9,6,1,1,40,2,2
1,48,4,10,2001,2,1,1,2,2,1,1,1,1,1,1,1,1,2,9,6,1,1,,2,2
1,48,4,12,2001,2,1,1,2,2,4,2,1,1,1,1,1,1,2,14,6,1,1,,2,2
2,48,4,9,2001,2,1,1,2,2,1,1,1,1,1,1,3,1,2,9,6,1,1,,2,2
2,48,4,10,2001,2,1,1,2,2,1,1,1,1,1,1,3,1,2,9,6,1,1,,2,2
1,51,4,9,2001,2,1,1,2,2,1,1,1,1,1,1,2,1,1,9,6,1,1,45,2,2
4,51,4,8,2001,3,1,1,2,2,1,1,1,1,1,2,2,1,2,9,6,1,1,,2,2
4,51,4,8,2001,4,1,1,2,2,1,2,1,1,1,1,2,1,2,14,6,1,1,,2,2
4,51,4,10,2001,3,1,1,2,2,1,1,1,1,1,1,2,1,2,9,6,1,1,,2,2
7,51,4,6,2001,3,1,1,2,2,1,1,1,1,1,1,3,1,2,4,6,1,1,,2,2
8,51,4,5,2001,3,1,1,2,2,1,1,1,1,1,1,2,1,2,9,6,1,1,,2,2
8,51,4,6,2001,3,1,1,2,2,1,1,1,1,1,1,2,1,2,9,6,1,1,,2,2
8,51,3,6,2001,4,1,1,2,2,1,4,1,1,1,1,2,1,2,9,6,1,1,,2,2
8,51,4,7,2001,4,1,1,2,2,1,4,1,1,1,1,2,1,2,14,6,1,1,,2,2
8,51,4,7,2001,2,1,1,2,2,1,1,1,1,1,1,2,1,2,9,6,1,1,,2,2
8,51,4,10,2001,2,1,1,2,2,1,1,1,1,1,2,3,2,,14,6,1,1,,2,2
8,51,4,12,2001,3,1,1,2,2,1,1,1,1,1,1,3,1,2,14,6,1,1,,2,2
9,51,4,7,2001,2,1,1,2,2,2,1,1,2,1,1,2,1,2,8,6,1,1,,2,2
9,51,4,9,2001,3,1,1,2,2,1,1,1,1,1,1,2,1,2,14,6,1,1,,2,2
1,44,4,4,2001,3,1,1,2,2,1,1,1,1,1,1,2,1,1,8,6,1,1,,2,2
4,44,4,4,2001,2,1,1,2,2,1,1,1,1,1,1,2,1,2,8,6,1,1,,2,2
4,44,4,4,2001,2,1,1,2,2,1,1,1,1,1,1,2,1,1,8,6,1,1,,2,2
4,44,4,5,2001,2,1,1,2,2,1,2,1,1,1,1,2,1,2,8,6,1,1,,2,2
5,44,4,4,2001,2,1,1,1,2,1,2,1,1,1,1,1,1,2,14,6,1,1,,2,2
5,44,4,5,2001,2,1,1,2,2,1,1,1,1,1,1,1,1,2,12,6,1,1,,2,2
6,44,4,4,2001,3,1,1,2,2,1,1,1,1,1,1,3,1,2,9,6,1,1,,2,2
6,44,4,4,2001,3,1,1,2,2,1,1,1,1,1,1,1,1,2,14,6,1,1,,2,2
6,44,4,4,2001,3,1,1,2,2,1,1,1,1,1,1,1,1,2,9,6,1,1,,2,2
6,44,4,5,2001,4,1,1,2,2,1,4,1,1,1,1,1,1,2,9,6,1,1,,2,2
6,44,4,5,2001,4,1,1,2,2,2,2,1,2,1,1,1,1,2,8,6,1,1,,2,2
6,44,4,6,2001,2,1,1,2,2,1,2,1,1,1,1,1,1,2,9,6,1,1,,2,2
6,44,4,7,2001,4,1,1,2,2,1,4,1,1,1,1,3,1,2,6,6,1,1,,2,2
6,44,4,9,2001,2,1,1,2,2,1,4,1,1,1,1,1,1,2,14,6,1,1,,2,2
6,44,4,9,2001,1,1,1,2,2,1,4,1,1,1,1,1,1,2,14,6,1,1,,2,2
7,44,4,5,2001,3,1,1,2,2,1,1,1,1,1,1,1,1,2,14,6,1,1,,2,2
7,44,4,8,2001,3,1,1,2,2,1,1,1,1,1,1,1,1,2,9,6,1,1,,2,2
7,44,4,10,2001,4,1,1,2,2,1,2,1,1,1,1,1,1,2,9,6,1,1,,2,2
5,44,4,12,2001,4,1,1,2,2,4,4,1,1,1,3,1,1,2,14,6,1,1,,2,2
3,38,3,12,2001,3,1,1,2,2,1,1,1,1,1,1,1,1,2,10,6,1,1,,2,2
3,39,4,12,2001,3,1,1,2,2,1,1,1,1,1,1,1,1,2,9,6,1,1,,2,2
3,51,3,11,2001,3,1,1,2,2,1,1,1,1,1,1,3,1,2,4,6,1,1,,2,2
13,50,3,12,2001,3,1,1,2,2,1,1,1,1,1,1,3,1,2,8,6,1,1,,2,2
3,44,4,12,2001,2,1,1,2,2,1,1,1,1,1,1,1,1,2,9,6,1,1,,2,2
3,44,3,12,2001,2,1,1,2,2,1,1,1,1,1,1,3,1,2,9,6,1,1,,2,2
3,44,3,12,2001,4,1,1,2,2,1,1,1,1,1,1,1,1,2,9,6,,,,2,2
5,44,3,12,2001,3,1,1,2,2,1,1,1,1,1,1,1,1,2,7,6,1,1,,2,2
5,44,4,12,2001,2,1,1,2,2,1,1,1,1,1,1,3,1,2,14,6,1,1,,2,2
6,44,4,12,2001,2,1,1,2,2,1,1,1,1,1,1,1,1,2,9,6,1,1,,2,2
6,44,4,12,2001,3,1,1,2,2,1,1,1,1,1,1,3,1,2,9,6,1,1,,2,2
7,44,4,12,2001,3,1,1,2,2,1,1,1,1,1,1,1,1,2,9,6,1,1,,2,2
7,44,4,12,2001,1,1,1,2,2,1,2,1,1,1,1,1,1,2,9,6,1,1,,2,2
7,44,4,12,2001,3,1,1,2,2,1,1,1,1,1,1,1,1,2,4,6,1,1,,2,2
1,40,4,11,2001,2,1,1,2,2,1,2,1,1,1,1,1,1,2,14,6,1,1,,2,2
3,40,4,11,2001,3,1,1,2,2,1,1,1,1,1,1,1,1,2,9,6,1,1,,2,2
6,40,4,11,2001,2,1,1,2,2,1,1,1,1,1,1,1,1,1,13,6,1,1,,2,2
6,40,4,11,2001,2,1,1,2,2,1,2,1,1,1,1,1,1,2,13,6,1,1,,2,2
6,40,4,11,2001,3,1,1,2,2,1,1,1,1,1,1,1,1,2,14,6,1,1,,2,2
2,46,4,11,2001,1,1,1,2,2,1,2,1,1,1,2,1,3,2,9,6,1,1,,2,2
2,46,1,11,2001,3,1,1,2,2,1,1,1,1,1,1,1,1,2,14,6,1,1,,2,2
4,46,4,11,2001,3,1,1,2,2,1,1,1,1,1,1,3,1,2,8,6,1,1,,2,2
4,46,4,11,2001,2,1,1,2,2,1,1,1,1,1,1,3,1,2,8,6,1,1,,2,2
21,42,4,1,2001,1,1,1,2,1,1,2,1,1,1,1,5,1,1,19,6,,,,,
16,42,3,1,2001,2,3,6,2,1,1,1,1,1,1,1,5,1,1,5,6,,1,42,2,2
16,42,4,1,2001,2,2,3,2,1,1,1,1,1,1,1,5,1,1,9,6,1,7,,2,2
16,42,3,1,2001,3,1,1,2,1,1,1,1,1,1,1,5,1,1,9,6,1,7,,2,2
16,42,4,1,2001,2,3,4,2,1,1,1,1,1,1,1,5,1,1,9,6,,,,,2
2,42,3,1,2001,2,1,6,2,1,1,1,1,1,1,1,5,1,1,14,6,1,,,2,2
2,42,2,1,2001,4,1,1,2,1,1,3,1,1,1,1,5,1,1,7,6,,,,2,2
2,42,4,1,2001,2,1,1,2,1,1,1,1,1,1,1,5,1,1,9,6,,,,1,2
2,42,3,1,2001,2,1,1,2,1,1,1,1,1,1,1,5,1,1,6,6,1,3,26,2,2
2,42,2,1,2001,3,1,1,2,2,1,1,1,1,1,1,5,1,1,14,6,1,,,2,2
2,42,2,1,2001,3,1,1,2,1,1,1,1,1,1,1,5,1,1,9,6,,,,2,2
2,42,3,1,2001,2,2,4,2,1,1,2,1,1,1,1,5,1,1,14,6,,,,2,2
2,42,2,1,2001,2,1,1,2,1,1,1,1,1,1,1,5,1,1,14,6,1,1,,2,2
2,42,3,1,2001,3,1,1,2,1,1,1,1,1,1,1,5,1,1,5,6,,,30,2,2
4,42,2,1,2001,2,1,1,1,2,1,1,1,1,1,1,5,1,1,9,5,,,,2,2
4,42,2,1,2001,2,3,4,1,2,1,1,1,1,1,1,5,1,1,9,5,1,1,,,2
4,42,4,2,2001,2,1,1,2,2,1,1,1,1,1,1,5,1,1,9,6,,,18,2,2
14,42,3,1,2001,4,3,4,2,1,1,2,1,1,1,1,5,1,1,5,6,1,1,,2,2
14,42,2,1,2001,3,3,4,2,1,1,1,1,1,1,1,5,1,1,8,6,,,,2,2
14,42,4,1,2001,1,2,1,2,1,1,2,1,1,1,1,5,1,1,12,6,,,,1,2
9,42,2,1,2001,2,3,1,2,1,1,2,1,1,1,1,5,1,1,8,6,,,,,2
9,42,3,1,2001,2,5,4,2,1,1,1,1,1,1,1,5,1,1,9,6,,,,2,2
9,42,3,1,2001,3,3,6,2,1,1,1,1,1,1,1,5,1,1,7,6,,1,,2,2
9,42,4,1,2001,3,3,4,2,1,1,1,1,1,1,1,5,1,1,7,6,,,,,2
9,42,4,1,2001,2,3,6,1,1,1,1,1,1,1,1,5,1,1,8,6,,,,1,2
9,42,3,1,2001,3,1,1,2,1,1,1,1,1,1,1,5,1,1,19,6,,,,,2
9,42,3,1,2001,4,1,1,1,2,1,3,1,1,1,1,5,1,1,10,6,1,,,,2
9,42,4,1,2001,1,1,1,2,1,1,3,1,1,1,1,5,1,1,14,6,,,,1,2
9,42,2,1,2001,2,5,6,2,1,1,1,1,1,1,1,5,1,1,9,5,1,1,,2,2
9,42,4,1,2001,1,1,1,2,1,1,3,1,1,1,1,5,1,1,6,6,2,,,2,2
9,42,2,2,2001,3,1,1,2,1,1,1,1,1,1,1,5,1,1,9,6,,,,,2
9,42,2,2,2001,4,2,6,2,1,1,3,1,1,1,1,5,1,1,9,6,,,,,2
9,42,4,2,2001,4,1,1,2,2,1,3,1,1,1,1,5,1,1,9,6,1,1,35,2,2
16,42,4,3,2001,2,2,5,2,1,1,2,1,1,1,1,5,1,1,14,6,,,,1,2
16,42,4,3,2001,4,2,6,2,1,1,3,1,1,1,1,5,1,1,14,6,,,,1,2
16,42,4,3,2001,1,2,5,2,1,1,2,1,1,1,1,5,1,1,8,2,1,1,,2,2
16,42,4,3,2001,1,3,5,2,1,1,2,1,1,1,1,5,1,1,14,6,,,,1,2
16,42,4,3,2001,4,2,5,2,1,1,3,1,1,1,1,5,1,1,14,6,1,,,1,2
18,42,3,1,2001,,1,1,2,1,1,3,1,1,1,1,5,1,1,14,6,,,,2,2
18,42,2,4,2001,1,6,2,1,1,1,2,1,1,1,1,5,1,1,10,6,1,3,30,2,2
21,42,4,3,2001,2,1,1,2,1,1,1,1,1,1,1,5,1,1,14,6,,,,2,2
21,42,4,3,2001,1,1,1,2,1,1,4,1,1,1,1,5,1,1,14,6,,,,2,2
14,42,3,2,2001,3,1,1,2,1,1,1,1,1,1,1,5,1,1,14,6,2,,41,2,2
14,42,4,2,2001,3,1,1,2,2,1,1,1,1,1,1,5,1,1,19,6,,,,,
14,42,4,2,2001,1,3,4,2,1,1,3,1,1,1,1,5,1,1,,6,,,,,
14,42,3,2,2001,3,6,4,2,1,1,1,1,1,1,1,5,1,1,9,6,2,,30,1,2
14,42,3,2,2001,4,3,4,2,1,1,3,1,1,1,1,5,1,1,5,6,1,1,25,2,2
14,42,3,2,2001,3,1,1,2,1,1,1,1,1,1,1,5,1,1,10,6,,,,,2
14,42,3,2,2001,1,3,4,2,1,1,2,1,1,1,1,5,1,1,9,6,1,,,2,2
14,42,3,4,2001,2,1,1,2,1,1,2,1,1,1,1,5,1,1,12,6,,,28,2,2
14,42,3,4,2001,1,3,1,2,1,1,2,1,1,1,1,5,1,1,9,6,,,,2,2
2,42,3,2,2001,1,2,,2,1,1,2,1,1,1,1,5,1,1,14,6,1,,40,2,2
2,42,4,2,2001,4,1,1,2,1,1,3,1,1,1,1,5,1,1,14,6,2,1,35,2,2
2,42,1,3,2001,1,1,4,1,1,1,3,1,1,1,1,5,1,1,14,5,1,1,30,2,2
2,42,1,3,2001,3,1,1,2,1,1,1,1,1,1,1,5,1,1,9,6,,,,,2
2,42,4,3,2001,3,1,4,2,1,1,1,1,1,1,1,5,1,1,8,2,,,32,2,2
2,42,4,3,2001,4,3,4,2,1,1,4,1,1,1,1,5,1,1,14,2,1,1,28,2,2
2,42,3,4,2001,3,1,1,2,1,1,1,1,1,1,1,5,1,1,5,6,1,7,30,,2
2,42,2,4,2001,3,1,1,2,1,1,1,1,1,1,1,5,1,1,6,,,,22,2,2
6,42,3,1,2001,4,1,1,2,1,1,3,1,1,1,1,5,1,1,8,6,1,1,,2,2
6,42,4,1,2001,2,1,1,2,1,1,1,1,1,1,1,5,1,1,14,6,1,1,,2,2
6,42,4,1,2001,2,1,1,2,2,1,1,1,1,1,1,5,1,1,14,6,,,,,2
6,42,2,1,2001,3,1,1,2,2,1,1,1,1,1,1,5,1,1,9,5,,,,,2
6,42,4,1,2001,3,1,1,2,1,1,1,1,1,1,1,5,1,1,14,6,,,,,2
6,42,4,1,2001,2,1,1,2,2,1,1,1,1,1,1,5,1,1,19,,,,,,2
6,42,4,1,2001,4,1,1,2,1,1,3,1,1,1,1,5,1,1,19,6,,,,,
6,42,4,1,2001,4,1,1,2,1,1,2,1,1,1,1,5,1,1,9,6,,,,,2
6,42,4,1,2001,4,1,1,2,1,1,3,1,1,1,1,5,1,1,13,6,,,,2,2
6,42,4,1,2001,4,1,1,2,1,1,3,1,1,1,1,5,1,1,19,6,,,,,
6,42,4,1,2001,4,1,1,1,1,1,2,1,1,1,1,5,1,1,9,6,,,,,
6,42,3,1,2001,3,1,1,2,2,1,2,1,1,1,1,5,1,1,9,6,,,,2,2
6,42,4,1,2001,1,1,1,2,2,1,3,1,1,1,1,5,1,1,19,,,,,,
9,42,4,3,2001,2,1,1,2,1,1,1,1,1,1,1,5,1,1,19,6,,,,,
9,42,3,3,2001,2,3,4,2,1,1,1,1,1,1,1,5,1,1,9,6,2,3,,2,2
9,42,3,3,2001,2,2,6,2,2,1,1,1,1,1,1,5,1,1,8,6,2,3,,2,2
9,42,4,3,2001,2,2,6,2,1,1,1,1,1,1,1,5,1,1,7,6,1,3,,2,2
9,42,4,3,2001,2,3,6,2,1,1,1,1,1,1,1,5,1,1,8,6,,,,,2
9,42,2,3,2001,4,5,6,2,1,1,3,1,1,1,1,5,1,1,14,6,,,,,
9,42,3,3,2001,2,1,1,2,2,1,1,1,1,1,1,5,1,1,14,6,,,30,2,2
9,42,3,3,2001,2,1,1,2,1,1,1,1,1,1,1,5,1,1,9,6,,,,2,2
9,42,4,3,2001,2,1,1,2,1,1,1,1,1,1,1,5,1,1,9,6,,,,2,2
9,42,4,4,2001,4,1,1,2,1,1,2,1,1,1,1,5,1,1,9,6,,,,2,2
9,42,2,4,2001,4,1,1,2,1,1,3,1,1,1,1,5,1,1,14,6,1,,35,2,2
9,42,1,4,2001,4,3,6,2,1,1,3,1,1,1,1,5,1,1,14,6,,,,2,2
15,42,3,1,2001,3,1,1,1,1,1,1,1,1,1,1,5,1,1,4,6,1,1,,2,2
15,42,4,2,2001,1,1,1,1,1,1,2,1,1,1,1,5,1,1,14,6,1,1,,1,2
15,42,4,3,2001,2,1,1,1,1,1,1,1,1,1,1,5,1,1,7,7,1,1,27,1,2
15,42,4,3,2001,1,1,1,1,2,1,2,1,1,1,1,5,1,1,6,6,2,,,1,2
15,42,1,4,2001,1,3,1,1,2,1,3,1,1,1,1,5,1,1,14,6,1,1,,1,2
10,42,2,1,2001,2,3,4,2,1,1,1,1,1,1,1,5,1,1,14,6,,,28,1,2
10,42,3,1,2001,4,1,1,2,2,1,3,1,1,1,1,5,1,1,14,6,,,,,2
10,42,3,1,2001,2,3,3,2,1,1,2,1,1,1,1,5,1,1,14,6,,,,,2
10,42,4,2,2001,2,3,3,2,1,1,1,1,1,1,1,5,1,1,8,6,,,,2,2
10,42,1,2,2001,1,1,1,2,1,1,3,1,1,1,1,5,1,1,14,6,,,,2,2
10,42,3,2,2001,1,1,1,1,1,1,2,1,1,1,1,5,1,1,6,6,,,30,2,2
10,42,2,2,2001,4,3,1,2,1,1,3,1,1,1,1,5,1,1,12,6,,,,1,2
10,42,4,3,2001,1,1,1,2,,1,3,1,1,1,1,5,1,1,14,6,,,,,
10,42,4,4,2001,3,1,1,2,1,1,1,1,1,1,1,5,1,1,4,6,,,,2,1
10,42,2,4,2001,3,7,1,1,1,1,1,1,1,1,1,5,1,1,8,6,,,,,2
10,42,2,4,2001,4,1,1,2,1,1,3,1,1,1,1,5,1,1,14,6,,,,,2
10,42,2,3,2001,3,3,4,2,1,1,1,1,1,1,1,5,1,1,8,6,2,1,,,2
10,42,4,4,2001,1,1,1,2,1,1,2,1,1,1,1,5,1,1,14,6,,,,,
3,42,1,3,2001,4,1,1,2,1,1,2,1,1,1,1,5,1,1,6,6,1,1,,2,2
3,42,3,5,2001,3,3,4,2,1,1,1,1,1,1,1,5,1,1,8,6,1,1,,1,2
12,42,2,2,2001,2,1,1,2,1,1,1,1,1,1,1,5,1,1,8,6,1,1,,2,2
12,42,4,2,2001,2,1,1,2,1,1,2,1,1,1,1,5,1,1,19,6,,,,,
12,42,4,2,2001,1,1,1,2,1,1,2,1,1,1,1,5,1,1,19,6,,,,,
12,42,4,3,2001,1,3,1,2,1,1,3,1,1,1,1,5,1,1,14,6,,,,,
12,42,4,3,2001,2,1,1,2,1,1,1,1,1,1,1,5,1,1,10,6,,,,,
12,42,4,3,2001,4,1,1,2,1,1,3,1,1,1,1,5,1,1,9,6,,,,2,2
12,42,3,3,2001,3,1,1,2,1,1,2,1,1,1,1,5,1,1,9,6,1,1,,2,2
12,42,4,3,2001,2,1,1,1,1,1,1,1,1,1,1,5,1,1,7,6,,,,1,2
12,42,4,3,2001,4,1,2,1,1,1,3,1,1,1,1,5,1,1,14,6,,,,2,2
12,42,4,3,2001,1,1,1,2,1,1,3,1,1,1,1,5,1,1,14,6,,,1,,
12,42,2,3,2001,4,1,6,2,1,1,3,1,1,1,1,5,1,1,14,6,,,,,2
12,42,4,4,2001,2,3,1,2,1,1,2,1,1,1,1,5,1,1,6,6,,,,2,2
12,42,3,4,2001,2,1,1,2,1,1,1,1,1,1,1,5,1,1,14,6,,,42,2,2
12,42,4,4,2001,3,1,1,2,1,1,1,1,1,1,1,5,1,1,9,6,,,,2,2
16,42,4,4,2001,1,1,1,2,1,1,3,1,1,1,1,5,1,1,14,6,1,7,,1,2
16,42,4,4,2001,4,1,4,2,1,2,3,1,2,1,1,5,1,1,14,6,1,7,,1,2
16,42,3,4,2001,3,1,4,2,1,1,1,1,1,1,1,5,1,1,9,6,1,7,,1,2