Thana,District,Accident_Severity,Month,Year,Time,Junction_Type,Traffic_Control,Movement,Divider,Weather,Light,Road_Geometry,Surface_Condition,Surface_Type,Surface_Quality,Road_Class,Road_Feature,Location_Type,Vehicle_Type,Vehicle_Movement,Vehicle_Loading,Vehicle_Defect,Vehicle_Driver_Age,Vehicle_Alcohol,Vehicle_Seat_Belt
16,42,4,4,2001,1,1,5,2,1,1,2,1,1,1,1,5,1,1,19,6,,,,2,2
16,42,4,5,2001,3,3,5,2,1,1,1,1,1,1,1,5,1,1,9,6,1,7,,1,2
16,42,3,5,2001,3,1,5,2,1,1,1,1,1,1,1,5,1,1,9,6,1,7,,1,2
16,42,3,5,2001,3,1,5,2,1,1,1,1,1,1,1,5,1,1,9,6,1,7,,1,2
16,42,3,5,2001,4,1,5,2,1,1,2,1,1,1,1,5,1,1,9,6,1,4,,1,2
16,42,3,5,2001,2,1,5,2,1,1,2,1,1,1,1,5,1,1,14,6,1,7,,1,2
16,42,4,5,2001,2,1,5,2,1,1,1,1,1,1,1,5,1,1,9,6,1,7,,2,2
16,42,4,5,2001,4,1,5,2,1,1,3,1,1,1,1,5,1,1,10,6,1,7,,2,2
16,42,3,5,2001,3,1,5,2,1,1,1,1,1,1,1,5,1,1,12,6,,,,1,2
11,42,3,1,2001,2,3,8,2,1,1,1,1,1,1,1,5,1,1,8,6,2,1,,2,2
11,42,4,1,2001,1,1,1,2,1,1,2,1,1,1,1,5,1,1,13,6,1,3,20,2,2
11,42,4,1,2001,1,5,5,2,1,1,3,1,1,1,1,5,1,1,14,,,1,,1,2
11,42,4,1,2001,3,1,1,2,1,1,1,1,1,1,1,5,1,1,8,6,2,1,,2,2
11,42,2,2,2001,,5,3,1,1,1,1,1,1,1,1,5,1,1,8,6,,3,20,2,2
11,42,3,2,2001,3,1,1,2,1,1,1,1,1,1,1,5,1,1,10,6,1,7,,2,2
11,42,3,2,2001,4,1,1,2,1,1,3,1,1,1,1,5,1,1,8,6,1,7,35,2,2
11,42,3,3,2001,2,1,1,2,1,1,1,1,1,1,1,5,1,1,8,6,,,,2,2
11,42,2,3,2001,1,1,5,2,1,1,3,1,1,1,1,5,1,1,8,9,,,,2,2
11,42,4,3,2001,2,1,1,2,1,1,1,1,1,1,1,5,1,1,9,6,,,,2,2
11,42,4,4,2001,2,2,6,2,1,1,1,1,1,1,1,5,1,1,8,6,,,,2,2
11,42,2,4,2001,1,5,5,2,1,1,3,1,1,1,1,5,1,1,14,6,,,,,2
11,42,4,4,2001,4,1,4,2,1,1,3,1,1,1,1,5,1,1,19,6,,,,,
11,42,2,4,2001,4,3,5,2,1,1,3,1,1,1,1,5,1,1,14,5,,,,1,2
11,42,4,5,2001,2,1,4,2,1,1,1,1,1,1,1,5,1,1,5,6,,1,,2,2
11,42,4,5,2001,3,1,1,2,1,1,1,1,1,1,1,5,1,1,14,6,,,,2,2
11,42,4,5,2001,2,1,1,2,1,1,1,1,1,1,1,5,1,1,14,6,,,,2,2
16,42,4,6,2001,1,7,5,1,1,1,3,1,1,1,1,5,1,1,19,6,,,,,
16,42,4,6,2001,1,7,5,2,1,1,3,1,1,1,1,5,1,1,10,6,1,,,1,2
16,42,4,6,2001,2,7,5,2,1,1,2,1,1,1,1,5,1,1,12,6,1,1,,2,2
16,42,3,6,2001,2,1,4,2,,1,1,1,1,1,1,5,1,1,19,6,,,,,
21,42,3,5,2001,2,1,1,2,1,1,1,1,1,1,1,5,1,1,9,6,2,3,38,1,2
21,42,3,5,2001,2,1,1,2,1,1,1,1,1,1,1,5,1,1,14,6,2,1,,1,2
21,42,4,6,2001,2,1,4,2,1,1,1,1,1,1,1,5,1,1,,6,,,,,
21,42,4,6,2001,1,1,1,2,1,1,3,1,1,1,1,5,1,1,14,6,2,,,2,2
1,42,2,1,2001,2,3,6,2,1,1,2,1,1,1,1,5,1,1,9,2,,,29,2,2
1,42,3,1,2001,3,2,4,2,2,1,1,1,1,1,1,5,1,1,10,6,1,1,40,2,2
1,42,3,1,2001,3,1,1,2,2,1,1,1,1,1,1,5,1,1,8,6,2,1,,2,2
1,42,4,1,2001,4,2,6,2,1,1,3,1,1,1,1,5,1,1,9,2,1,1,,2,2
1,42,4,1,2001,1,1,1,2,2,1,3,1,1,1,1,5,1,1,19,,,,,,
1,42,3,1,2001,3,1,1,2,1,1,1,1,1,1,1,5,1,1,10,6,1,1,,2,2
1,42,3,2,2001,3,2,6,2,1,1,1,1,1,1,1,5,1,1,19,7,,,,2,2
1,42,3,2,2001,3,1,1,2,1,1,1,1,1,1,1,5,1,1,7,6,,,,2,2
1,42,3,2,2001,3,1,1,2,1,1,1,1,1,1,1,5,1,1,8,6,1,3,,2,2
1,42,4,3,2001,4,1,1,2,1,1,3,1,1,1,1,5,1,1,9,6,1,1,,2,2
1,42,2,3,2001,4,2,6,2,1,1,3,1,1,1,1,5,1,1,14,6,,,,2,2
1,42,4,3,2001,2,1,1,2,1,1,1,1,1,1,1,5,1,1,8,6,1,1,,2,2
1,42,2,3,2001,2,2,6,2,1,1,1,1,1,1,1,5,1,1,8,6,1,1,,1,2
1,42,3,3,2001,2,3,4,2,1,1,1,1,1,1,1,5,1,1,9,6,1,1,,2,2
1,42,3,3,2001,2,2,6,2,1,1,1,1,1,1,1,5,1,1,8,6,,3,,2,2
1,42,2,3,2001,4,2,6,2,1,1,3,1,1,1,1,5,1,1,14,6,2,3,,1,2
1,42,3,3,2001,3,1,1,2,1,1,1,1,1,1,1,5,1,1,8,6,1,1,,2,2
1,42,3,4,2001,3,2,6,2,1,1,1,1,1,1,1,5,1,1,10,6,1,3,,2,2
1,42,3,4,2001,3,1,1,1,2,1,1,1,1,1,1,5,1,1,10,6,1,1,,2,2
1,42,3,5,2001,3,1,1,2,2,1,1,1,1,1,1,5,1,1,8,6,1,1,22,2,2
1,42,3,5,2001,4,1,1,2,1,1,3,1,1,1,1,5,1,1,14,6,1,1,,2,2
1,42,2,5,2001,1,2,6,2,1,1,3,1,1,1,1,5,1,1,14,6,1,1,,2,2
1,42,3,5,2001,1,1,1,2,1,1,3,1,1,1,1,5,1,1,8,6,1,1,,2,2
1,42,3,5,2001,3,1,1,2,1,1,1,1,1,1,1,5,1,1,9,6,1,1,26,2,2
1,42,3,5,2001,4,1,1,2,1,1,3,1,1,1,1,5,1,1,14,6,1,1,28,1,2
1,42,3,5,2001,1,1,1,2,1,1,2,1,1,1,1,5,1,1,14,3,1,1,,2,2
1,42,3,5,2001,2,1,1,2,1,1,1,2,1,1,1,5,1,1,5,6,1,1,,2,2
1,42,2,5,2001,3,1,1,2,1,1,1,1,1,1,1,5,1,1,9,6,1,1,,2,2
5,42,3,2,2001,2,1,1,2,1,1,1,1,1,1,1,5,1,1,10,3,1,3,27,2,2
5,42,3,3,2001,3,3,4,2,1,1,1,1,1,1,1,5,1,1,14,6,,,,,
5,42,4,5,2001,2,2,6,2,1,1,1,1,1,1,1,5,1,1,9,6,1,7,,2,2
5,42,3,5,2001,2,3,4,2,1,1,1,1,1,1,1,5,1,1,14,2,2,7,30,2,2
5,42,4,7,2001,1,2,4,2,1,1,3,1,1,1,1,5,1,1,14,6,1,7,28,2,2
5,42,3,7,2001,4,2,4,2,2,1,3,1,1,1,1,5,1,1,14,6,2,7,,2,2
16,42,3,7,2001,3,1,6,2,1,1,1,1,1,1,1,5,1,1,9,6,1,1,,2,2
16,42,2,7,2001,2,3,5,2,1,1,2,1,1,1,1,5,1,1,9,11,1,1,,2,2
16,42,4,7,2001,1,1,6,1,2,1,3,1,1,1,1,5,1,1,14,6,1,7,,1,2
16,42,4,7,2001,3,1,6,1,1,1,1,1,1,1,1,5,1,1,19,6,1,7,,1,2
18,42,3,5,2001,3,1,1,2,1,1,1,1,1,1,1,5,1,1,14,6,2,,,1,2
18,42,4,5,2001,4,7,1,2,1,1,3,1,1,1,1,5,1,1,8,6,1,1,35,2,2
18,42,2,7,2001,1,1,1,2,1,1,3,1,1,1,1,5,1,1,14,6,1,2,40,1,2
1,42,4,6,2001,2,1,1,2,1,1,2,1,1,1,1,5,1,1,19,6,,7,,,
1,42,3,5,2001,2,5,1,1,1,1,1,1,1,1,1,5,1,1,9,6,1,7,,1,2
1,42,4,6,2001,1,2,6,2,1,1,3,1,1,1,1,5,1,1,19,6,,,,,
1,42,3,7,2001,1,1,1,2,1,1,3,1,1,1,1,5,1,1,8,6,1,1,,1,2
1,42,1,7,2001,1,1,1,2,1,1,2,1,1,1,1,5,1,1,9,6,2,3,30,2,2
14,42,4,6,2001,4,1,1,2,1,1,3,1,1,1,1,5,1,1,14,6,,7,,,2
14,42,4,5,2001,1,1,1,2,2,1,2,1,1,1,1,5,1,1,9,6,2,7,,1,2
14,42,4,6,2001,2,1,1,2,2,1,1,1,1,1,1,5,1,1,9,6,2,3,,1,2
14,42,4,6,2001,2,2,6,2,1,1,1,1,1,1,1,5,1,1,14,6,2,1,28,1,2
14,42,3,7,2001,4,1,1,2,2,1,3,1,1,1,1,5,1,1,9,6,1,7,35,1,2
14,42,4,7,2001,2,1,1,2,1,1,2,1,1,1,1,5,1,1,9,6,1,7,,1,2
14,42,4,7,2001,3,2,4,2,1,1,1,1,1,1,1,5,1,1,19,6,1,1,23,2,2
14,42,4,7,2001,2,3,4,2,1,1,1,1,1,1,1,5,1,1,9,6,,,,,2
9,42,2,5,2001,2,7,6,1,1,1,1,1,1,1,1,5,1,1,14,5,,,25,2,2
9,42,3,5,2001,4,1,1,2,1,1,3,1,1,1,1,5,1,1,8,6,,,,1,2
9,42,4,5,2001,2,5,1,2,1,1,1,1,1,1,1,5,1,1,8,6,,3,,2,2
9,42,3,5,2001,3,3,4,2,1,1,1,1,1,1,1,5,1,1,8,6,,,,2,2
9,42,1,5,2001,4,7,,2,1,1,3,1,1,1,1,5,1,1,9,6,1,3,37,2,2
9,42,3,5,2001,2,1,1,2,1,1,1,1,1,1,1,5,1,1,8,6,2,,,2,
9,42,3,4,2001,2,3,4,2,1,1,1,1,1,1,1,5,1,1,5,6,,,,2,2
9,42,2,5,2001,1,1,1,2,1,1,2,1,1,1,1,5,1,1,6,6,,,,2,2
9,42,3,6,2001,4,5,4,2,1,1,3,1,1,1,1,5,1,1,7,6,,,,,2
9,42,3,6,2001,3,1,1,2,1,1,1,1,1,1,1,5,1,1,14,6,,,27,2,2
9,42,3,6,2001,4,1,1,2,1,1,3,1,1,1,1,5,1,1,9,5,,,,1,2
9,42,4,6,2001,3,5,6,2,1,1,1,1,1,1,1,5,1,1,8,6,,,,1,2
9,42,2,6,2001,1,5,1,2,1,1,3,1,1,1,1,5,1,1,14,6,,,45,1,2
12,42,2,5,2001,4,3,4,2,1,1,3,1,1,1,1,5,1,1,14,6,,,,2,2
12,42,4,5,2001,4,1,1,2,1,2,3,1,2,1,1,5,1,1,19,6,,,,,
12,42,4,5,2001,2,1,1,2,1,1,1,1,1,1,1,5,1,1,9,6,,,25,1,2
12,42,4,5,2001,1,1,1,2,1,1,2,1,1,1,1,5,1,1,9,6,,,,2,2
12,42,3,6,2001,2,3,1,2,1,1,2,1,1,1,1,5,1,1,14,6,,,,,
12,42,3,6,2001,1,1,1,2,1,1,2,1,1,1,1,5,1,1,7,6,1,7,,1,2
12,42,3,7,2001,4,1,1,2,1,1,3,1,1,1,1,5,1,1,14,6,2,,32,2,2
12,42,3,7,2001,2,3,4,2,1,1,1,1,1,1,1,5,1,1,9,6,,,47,1,2
12,42,4,6,2001,2,1,2,1,1,1,1,1,1,1,1,5,1,1,7,6,1,7,,2,2
12,42,3,7,2001,,1,1,2,1,1,3,1,1,1,1,5,1,1,9,6,,,,,2
12,42,2,8,2001,2,3,4,2,1,1,1,1,1,1,1,5,1,1,8,6,2,,,,2
12,42,2,8,2001,2,1,1,2,1,1,1,1,1,1,1,5,1,1,9,6,2,,,2,2
12,42,4,8,2001,2,5,4,2,1,1,1,1,1,1,1,5,1,1,9,6,1,1,40,2,2
17,42,4,1,2001,2,1,3,2,1,1,1,1,1,1,1,5,1,1,6,6,1,1,24,2,2
17,42,4,1,2001,2,1,1,2,1,1,2,1,1,1,1,5,1,1,8,6,,7,,2,2
17,42,2,1,2001,2,1,1,2,1,1,1,1,1,1,1,5,1,1,8,9,1,1,30,2,2
17,42,4,2,2001,3,1,4,2,1,1,1,1,1,1,1,5,1,1,6,6,,3,23,1,2
17,42,4,3,2001,,1,1,2,1,1,3,1,1,1,1,5,1,1,19,6,,7,,,2
17,42,3,3,2001,3,1,3,2,1,1,1,1,1,1,1,5,1,1,10,6,,,28,1,2
17,42,4,4,2001,1,1,1,2,1,1,2,1,1,1,1,5,1,1,19,6,,,,,
17,42,4,5,2001,2,1,1,2,2,1,1,1,1,1,1,5,1,1,14,6,,,45,2,2
17,42,3,6,2001,4,3,4,2,1,1,2,1,1,1,1,5,1,1,4,6,1,,27,2,2
17,42,3,7,2001,3,1,1,2,1,1,1,1,1,1,1,5,1,1,5,6,,,,2,2
17,42,4,8,2001,3,1,1,2,1,1,1,1,1,1,1,5,1,1,14,6,,,,,2
17,42,3,8,2001,3,1,1,2,1,1,1,1,1,1,1,5,1,1,11,6,1,,,,
6,42,2,2,2001,2,3,6,2,1,1,1,1,1,1,1,5,1,1,9,5,2,3,,2,2
6,42,4,2,2001,3,1,1,2,2,1,1,1,1,1,1,5,1,1,6,6,1,1,,2,2
6,42,4,2,2001,1,1,1,2,2,1,4,1,1,1,1,5,1,1,14,6,,,,,
6,42,4,2,2001,2,1,1,2,1,1,1,1,1,1,1,5,1,1,14,6,,,,2,2
6,42,4,3,2001,2,3,6,2,1,1,1,1,1,1,1,5,1,1,4,6,,,,,2
6,42,3,3,2001,3,1,1,2,2,1,1,1,1,1,1,5,1,1,9,6,,,,,2
6,42,3,3,2001,3,1,1,2,2,1,1,1,1,1,1,5,1,1,9,6,1,,,2,2
6,42,2,4,2001,3,1,4,2,2,1,1,1,1,1,1,5,1,1,14,6,,,,,2
6,42,3,4,2001,1,1,1,2,2,1,4,1,1,1,1,5,1,1,9,6,,,,,2
6,42,4,4,2001,2,1,1,2,1,1,1,1,1,1,1,5,1,1,8,6,,,,,2
6,42,4,4,2001,1,3,6,2,1,1,2,1,1,1,1,5,1,1,14,6,,,,,2
6,42,4,4,2001,3,2,6,2,1,1,1,1,1,1,1,5,1,1,9,6,,,,,2
6,42,4,4,2001,2,1,1,2,1,1,2,1,1,1,1,5,1,1,14,6,,,,,2
6,42,4,5,2001,2,1,1,2,2,1,1,1,1,1,1,5,1,1,9,6,,,,2,2
6,42,4,5,2001,3,1,1,2,2,1,1,1,1,1,1,5,1,1,9,6,,,,2,2
6,42,4,5,2001,1,1,1,2,2,1,4,1,1,1,1,5,1,1,9,6,,,,2,2
6,42,4,5,2001,2,1,1,2,1,1,1,1,1,1,1,5,1,1,6,6,,,,2,2
6,42,3,6,2001,2,1,1,2,2,1,1,1,1,1,1,5,1,1,10,6,,,,2,2
6,42,4,6,2001,2,1,1,2,1,1,1,1,1,1,1,5,1,1,8,6,,,,2,2
6,42,4,6,2001,1,2,1,2,2,1,3,1,1,1,1,5,1,1,14,6,,,,2,2
6,42,4,6,2001,4,1,4,2,1,1,3,1,1,1,1,5,1,1,9,6,,,,2,2
16,42,4,8,2001,1,1,4,1,1,1,4,1,1,1,1,5,1,1,19,6,,,,,
16,42,4,8,2001,2,3,4,2,1,1,1,1,1,1,1,5,1,1,8,6,,,,,2
16,42,4,9,2001,,1,5,1,1,1,3,1,1,1,1,5,1,1,19,6,,,,,
16,42,4,9,2001,1,7,5,2,1,1,3,1,1,1,1,5,1,1,19,6,,,,,
16,42,3,10,2001,3,7,5,2,1,1,1,1,1,1,1,5,1,1,9,6,,,,1,2
16,42,4,10,2001,2,2,5,2,1,1,1,1,1,1,1,5,1,1,19,6,,,,,
16,42,4,10,2001,4,1,6,1,1,1,3,1,1,1,1,5,1,1,10,6,1,7,,,
16,42,4,10,2001,3,1,4,2,1,1,1,1,1,1,1,5,1,1,14,6,,,,,
16,42,4,10,2001,3,7,5,2,1,1,1,1,1,1,1,5,1,1,14,6,,,,1,2
16,42,4,10,2001,2,1,4,2,1,1,2,1,1,1,1,5,1,1,,,,,,,
2,42,4,5,2001,2,2,6,2,1,1,1,1,1,1,1,5,1,1,9,6,2,7,,,2
2,42,4,5,2001,1,2,1,2,1,1,3,1,1,1,1,5,1,1,14,6,,,,,2
2,42,3,5,2001,2,1,1,2,1,1,1,1,1,1,1,5,1,1,8,6,1,7,,,2
2,42,3,5,2001,1,2,4,2,1,1,2,1,1,1,1,5,1,1,13,6,,,,,2
2,42,4,6,2001,4,1,1,2,1,1,3,1,1,1,1,5,1,1,9,5,1,,30,1,2
2,42,4,6,2001,1,1,1,2,1,1,2,1,1,1,1,5,1,1,19,6,,,,,
2,42,3,6,2001,2,3,6,2,1,1,1,1,1,1,1,5,1,1,9,6,2,,28,2,2
2,42,4,6,2001,1,1,1,2,1,1,2,1,1,1,1,5,1,1,8,6,,7,23,1,2
2,42,4,6,2001,1,4,4,2,1,1,2,1,1,1,1,5,1,1,14,3,,,,,2
2,42,2,6,2001,2,1,1,2,1,1,2,2,1,1,1,5,1,1,9,6,1,3,30,1,2
21,42,4,9,2001,1,6,1,2,2,1,3,1,1,1,1,5,1,1,14,6,,,,,2
21,42,4,9,2001,1,1,1,2,2,1,3,1,1,1,1,5,1,1,14,6,,,,,2
21,42,4,10,2001,4,1,1,2,1,1,3,1,1,1,1,5,1,1,9,6,2,,,2,2
21,42,4,10,2001,1,1,1,2,2,1,2,1,1,1,1,5,1,1,14,6,,,,1,2
9,42,2,7,2001,1,1,1,2,1,1,3,1,1,1,1,5,1,1,14,6,1,1,25,2,2
9,42,4,7,2001,1,1,1,2,1,1,2,1,1,1,1,5,1,1,6,6,1,7,,2,2
9,42,3,7,2001,3,1,1,2,1,1,1,1,1,1,1,5,1,1,5,6,1,1,,2,2
9,42,2,8,2001,3,1,1,2,1,1,1,1,1,1,1,5,1,1,13,6,1,7,,2,2
9,42,4,8,2001,4,3,5,2,1,1,3,1,1,1,1,5,1,1,19,6,,,,,
9,42,4,8,2001,2,1,1,2,1,1,2,1,1,1,1,5,1,1,14,6,1,7,,,2
9,42,4,9,2001,4,1,1,2,1,1,3,1,1,1,1,5,1,1,14,6,,,,2,2
9,42,3,9,2001,4,3,4,2,1,1,3,1,1,1,1,5,1,1,14,6,,1,,,2
9,42,4,9,2001,2,1,1,2,1,1,1,1,1,1,1,5,1,1,19,6,,,,,2
9,42,3,9,2001,4,1,4,2,1,1,2,1,1,1,1,5,1,1,9,6,1,7,25,2,2
9,42,3,9,2001,2,1,1,2,1,1,1,1,1,1,1,5,1,1,19,6,1,7,,2,2
9,42,3,9,2001,3,3,4,2,1,1,1,1,1,1,1,5,1,1,10,6,1,,,2,2
9,42,4,10,2001,4,1,4,2,1,1,3,1,1,1,1,5,1,1,9,6,1,1,,,2
9,42,4,10,2001,2,1,1,2,1,1,1,1,1,1,1,5,1,1,19,,,,,,
9,42,3,10,2001,3,5,5,2,1,1,1,1,1,1,1,5,1,1,19,6,,,,2,2
9,42,3,10,2001,3,3,4,2,1,1,1,1,1,1,1,5,1,1,8,6,,1,25,2,2
14,42,4,8,2001,3,1,1,2,2,1,1,1,1,1,1,5,1,1,8,6,,,,,2
14,42,3,8,2001,4,1,1,2,1,1,3,1,1,1,1,5,1,1,7,6,,1,,,2
14,42,4,9,2001,4,1,1,2,1,1,3,1,1,1,1,5,1,1,14,6,,,,,2
14,42,2,9,2001,3,1,1,2,1,1,1,1,1,1,1,5,1,1,10,6,1,1,,2,2
14,42,3,9,2001,1,3,1,2,1,1,3,1,1,1,1,5,1,1,14,6,,,,1,2
14,42,3,9,2001,4,1,1,2,2,1,3,1,1,1,1,5,1,1,14,6,2,,,,2
14,42,3,9,2001,3,3,4,2,1,1,1,1,1,1,1,5,1,1,9,6,,,,1,2
14,42,2,10,2001,2,3,1,2,1,1,1,1,1,1,1,5,1,1,13,6,1,7,,,2
1,42,4,8,2001,1,1,1,2,1,1,3,1,1,1,1,5,1,1,5,6,,,,,2
1,42,3,8,2001,2,5,6,2,1,1,1,1,1,1,1,5,1,1,8,6,,,,,2
1,42,4,8,2001,1,1,1,2,1,1,3,1,1,1,1,5,1,1,19,6,,,,,2
1,42,3,9,2001,3,1,4,2,1,1,1,1,1,1,1,5,1,1,9,5,,,,,
1,42,4,9,2001,3,1,1,2,1,1,1,1,1,1,1,5,1,1,8,6,,,,2,2
1,42,2,9,2001,3,1,1,2,1,1,1,1,1,1,1,5,1,1,9,6,,,,,2
1,42,4,9,2001,4,1,1,2,1,1,3,1,1,1,1,5,1,1,9,6,,,,,2
1,42,2,9,2001,2,1,1,2,1,1,1,1,1,1,1,5,1,1,11,6,,,,2,2
1,42,2,9,2001,2,2,4,2,1,1,1,1,1,1,1,5,1,1,9,6,,1,33,2,2
5,42,3,8,2001,4,1,4,2,2,1,3,1,1,1,1,5,1,1,14,6,,,,,2
5,42,3,9,2001,2,1,1,2,1,1,1,1,1,1,1,5,1,1,5,6,1,7,30,2,2
5,42,4,11,2001,3,3,4,2,1,1,2,1,1,1,1,5,1,1,5,6,2,,25,2,2
9,42,3,11,2001,2,1,1,2,2,1,1,1,1,1,1,5,1,1,6,6,1,1,,2,2
9,42,2,11,2001,3,3,4,2,1,1,1,1,1,1,1,5,1,1,10,6,1,1,,2,2
9,42,4,11,2001,2,1,1,2,1,1,1,1,1,1,1,5,1,1,8,6,,,,,2
9,42,4,11,2001,2,1,1,2,2,1,1,1,1,1,1,5,1,1,10,6,1,,28,2,2
9,42,4,11,2001,4,5,1,2,1,1,3,1,1,1,1,5,1,1,8,6,1,1,,2,2
9,42,4,11,2001,4,1,1,2,1,1,3,1,1,1,1,5,1,1,8,6,,,,,
9,42,4,12,2001,3,1,4,2,1,1,1,1,1,1,1,5,1,1,9,6,1,,,2,2
9,42,2,12,2001,2,1,1,2,1,1,1,1,1,1,1,5,1,1,8,6,,,55,,
9,42,4,12,2001,4,1,1,2,1,1,3,1,1,1,1,5,1,1,9,6,1,1,28,2,2
9,42,2,12,2001,3,1,1,2,1,1,2,1,1,1,1,5,1,1,9,6,,,,2,2
9,42,3,12,2001,4,1,1,2,1,1,2,1,1,1,1,5,1,1,16,6,1,,,2,2
9,42,4,12,2001,4,1,1,2,1,1,3,1,1,1,1,5,1,1,14,6,,,,,
21,42,4,12,2001,2,1,1,2,2,1,1,1,1,1,1,5,1,1,9,6,,,,,2
3,42,3,12,2001,3,1,2,2,1,1,1,1,1,1,1,5,1,1,9,6,2,,30,2,2
3,42,3,12,2001,4,3,8,2,2,1,3,1,1,1,1,5,1,1,5,6,1,1,32,2,2
16,42,1,11,2001,3,1,5,2,1,1,1,1,1,1,1,5,1,1,9,6,,1,,1,2
16,42,3,11,2001,2,1,4,2,1,1,1,1,1,1,1,5,1,1,9,6,1,1,,1,2
16,42,4,11,2001,1,1,5,2,1,1,3,1,1,1,1,5,1,1,,6,,,,,
16,42,4,12,2001,4,1,5,1,1,1,3,1,1,1,1,5,1,1,14,6,1,1,,,
10,42,3,5,2001,3,3,1,2,2,1,1,1,1,1,1,5,1,1,10,6,1,1,,2,2
10,42,2,5,2001,2,3,6,2,1,1,1,1,1,1,1,5,1,1,9,6,2,7,30,2,2
10,42,4,5,2001,2,1,1,2,1,1,1,1,1,1,1,5,1,1,14,6,2,,,2,2
10,42,2,6,2001,1,2,1,2,1,1,2,1,1,1,1,5,1,1,10,6,1,,,2,2
10,42,4,6,2001,2,1,1,2,2,1,2,1,1,1,1,5,1,1,14,6,,,,2,2
10,42,2,6,2001,,3,1,2,2,1,3,1,1,1,1,5,1,1,6,6,1,1,,2,2
10,42,4,6,2001,3,1,1,2,2,1,1,1,1,1,1,5,1,1,11,6,1,1,,2,2
10,42,3,7,2001,4,1,1,2,2,1,3,1,1,1,1,5,1,1,14,6,2,,22,2,2
10,42,3,7,2001,3,1,1,2,1,1,1,1,1,1,1,5,1,1,9,6,,,26,2,2
10,42,4,8,2001,4,1,1,2,2,1,2,1,1,1,1,5,1,1,14,6,,,,,2
10,42,3,9,2001,2,3,4,2,1,1,2,1,1,1,1,5,1,1,5,6,,,,2,2
10,42,4,10,2001,3,1,1,2,1,1,1,1,1,1,1,5,1,1,8,6,,,,1,2
10,42,2,10,2001,3,4,6,2,1,1,1,1,1,1,1,5,1,1,8,6,,,,2,2
10,42,3,11,2001,3,1,1,2,2,1,1,1,1,1,1,5,1,1,8,6,1,1,,2,2
10,42,3,12,2001,3,3,6,2,1,1,1,1,1,1,1,5,1,1,9,6,2,,,1,2
7,42,3,4,2001,3,7,1,2,2,1,1,1,1,1,1,5,1,1,6,6,1,1,,2,2
7,42,4,8,2001,4,1,1,2,2,1,3,1,1,1,1,5,1,1,6,6,1,1,25,2,2
7,42,1,12,2001,3,7,1,1,2,1,1,1,1,1,1,5,1,1,12,6,1,1,35,2,2
17,42,4,9,2001,3,1,1,2,2,1,1,1,1,1,1,5,1,1,5,6,1,1,20,2,2
17,42,4,10,2001,2,1,1,2,1,1,2,1,1,1,1,5,1,1,8,6,,,,2,2
17,42,3,10,2001,2,1,1,2,1,1,2,1,1,1,1,5,1,1,8,6,,7,,,2
17,42,3,11,2001,4,1,1,2,1,1,3,1,1,1,1,5,1,1,14,6,,,,2,2
17,42,3,12,2001,2,1,4,2,1,1,1,1,1,1,1,5,1,1,8,6,,,,,
11,42,4,6,2001,3,1,1,2,1,1,1,1,1,1,1,5,1,1,9,6,1,7,,1,2
11,42,4,6,2001,4,1,1,2,1,1,3,1,1,1,1,5,1,1,1,6,,,,,2
11,42,3,6,2001,3,3,4,2,1,1,1,1,1,1,1,5,1,1,14,6,,,,1,2
11,42,4,7,2001,2,1,1,1,1,1,1,1,1,1,1,5,1,1,8,6,,,,,2
11,42,2,7,2001,1,3,6,2,1,1,2,1,1,1,1,5,1,1,12,6,,,30,2,2
11,42,4,7,2001,3,7,2,2,1,1,1,1,2,1,1,5,1,1,9,6,1,1,,1,2
11,42,2,8,2001,2,7,4,2,1,1,1,1,1,1,1,5,1,1,9,6,1,,,,2
11,42,4,8,2001,3,1,1,2,1,1,1,1,1,1,1,5,1,1,8,6,1,1,26,1,2
11,42,4,8,2001,4,1,1,2,1,1,3,1,1,1,1,5,1,1,14,6,1,1,,,2
11,42,4,8,2001,2,1,1,2,1,1,1,1,1,1,1,5,1,1,19,6,,,,,
11,42,4,9,2001,3,1,1,2,1,1,1,1,1,1,1,5,1,1,7,6,1,,,,
11,42,4,9,2001,4,1,1,2,1,1,3,1,1,1,1,5,1,1,19,6,,,,,
11,42,4,9,2001,4,1,1,2,1,1,3,1,1,1,1,5,1,1,8,6,,,,,2
11,42,4,9,2001,3,5,6,2,1,1,1,1,1,1,1,5,1,1,7,6,,,,,2
11,42,3,10,2001,1,1,1,2,1,1,2,1,1,1,1,5,1,1,14,6,,,,,2
11,42,3,10,2001,1,1,1,2,1,1,2,1,1,1,1,5,1,1,8,6,,,,1,2
11,42,3,10,2001,2,1,1,2,1,1,1,1,1,1,1,5,1,1,8,6,1,1,,,2
11,42,4,10,2001,4,1,1,2,1,1,3,1,1,1,1,5,1,1,19,6,,,,,
11,42,2,10,2001,4,1,1,2,1,1,3,1,1,1,1,5,1,1,14,6,,,,,2
11,42,4,10,2001,1,,,2,1,1,2,1,1,1,1,5,1,1,14,6,,,,,
11,42,2,11,2001,4,3,1,2,1,1,3,1,1,1,1,5,1,1,8,6,,,,2,2
11,42,4,11,2001,1,1,1,2,1,1,2,1,1,1,1,5,1,1,19,6,,,,,