Thana,District,Accident_Severity,Month,Year,Time,Junction_Type,Traffic_Control,Movement,Divider,Weather,Light,Road_Geometry,Surface_Condition,Surface_Type,Surface_Quality,Road_Class,Road_Feature,Location_Type,Vehicle_Type,Vehicle_Movement,Vehicle_Loading,Vehicle_Defect,Vehicle_Driver_Age,Vehicle_Alcohol,Vehicle_Seat_Belt
11,42,2,11,2001,3,1,1,2,1,1,1,1,1,1,1,5,1,1,13,6,,,,,2
11,42,3,11,2001,3,1,1,2,1,1,1,1,1,1,1,5,1,1,8,6,,,18,1,2
11,42,4,11,2001,3,1,1,2,1,1,1,1,1,1,1,5,1,1,5,6,,,,,2
11,42,4,11,2001,3,7,4,2,1,1,1,1,1,1,1,5,1,1,9,6,,,,,2
11,42,3,12,2001,4,3,4,2,1,1,3,1,1,1,1,5,1,1,8,6,,1,,,2
11,42,4,12,2001,2,3,4,2,1,1,1,1,1,1,1,5,1,1,9,6,,,,,2
11,42,4,12,2001,3,1,1,2,1,1,1,1,1,1,1,5,1,1,19,6,,,,,2
11,42,4,12,2001,1,1,1,,,1,3,,,,,,,,19,11,,,,,
22,42,4,8,2001,1,1,5,2,1,1,3,1,1,1,1,5,1,1,19,6,,,,,
22,42,4,8,2001,1,1,5,2,1,1,3,1,1,1,1,5,1,1,14,6,1,7,,1,2
22,42,4,9,2001,3,1,8,2,1,1,1,1,1,1,1,5,1,1,8,6,1,1,,1,2
22,42,4,9,2001,4,1,8,2,1,1,3,1,1,1,1,5,1,1,19,6,,,,,
15,42,4,7,2001,3,1,1,2,2,1,1,1,1,1,1,5,1,1,10,6,1,1,,1,2
15,42,3,7,2001,3,1,1,2,1,1,1,1,1,1,1,5,1,1,8,6,1,7,25,1,2
15,42,3,9,2001,3,1,1,1,2,1,1,1,1,1,1,5,1,1,10,6,1,1,38,1,2
15,42,3,12,2001,3,1,1,2,1,1,1,1,1,1,1,5,1,1,8,6,1,1,,,2
4,42,4,5,2001,3,1,1,2,2,1,1,1,1,1,1,5,1,1,9,6,,,,,2
4,42,4,6,2001,4,1,1,2,2,1,3,1,1,1,1,5,1,1,14,6,,1,35,1,2
4,42,3,7,2001,3,1,8,1,1,1,1,1,1,1,1,5,1,1,8,6,2,,,2,2
4,42,4,8,2001,3,1,1,1,1,1,1,1,1,1,1,5,1,1,8,,,1,25,2,2
4,42,3,8,2001,4,3,4,2,2,1,3,1,1,1,1,5,1,1,9,6,1,1,27,2,2
4,42,3,8,2001,3,2,4,2,2,1,1,1,1,1,1,5,1,1,8,6,,,27,2,2
4,42,2,10,2001,2,1,1,2,2,1,3,1,1,1,1,5,1,1,14,6,,1,26,1,2
4,42,2,10,2001,2,1,1,1,1,1,1,1,1,1,1,5,1,1,8,6,,,,,2
4,42,2,12,2001,2,1,1,1,1,1,1,1,1,1,1,5,1,1,14,6,1,1,,2,2
1,54,4,1,2001,4,7,1,2,2,1,2,3,1,1,3,1,1,1,8,11,,,35,2,2
1,54,4,1,2001,3,1,1,2,2,1,1,1,1,1,1,5,1,1,14,6,1,1,40,2,2
1,54,4,1,2001,3,1,1,2,2,4,1,1,1,1,1,2,1,2,7,6,1,1,32,2,2
1,54,1,1,2001,2,1,1,2,1,1,1,4,1,1,3,1,1,2,13,6,1,1,,1,2
1,54,2,1,2001,3,7,4,2,2,1,1,1,1,1,1,5,1,1,11,6,1,1,24,2,2
5,54,4,2,2001,3,1,1,2,2,1,1,3,1,3,2,4,4,2,14,10,1,1,,2,2
8,54,4,1,2001,4,7,8,2,2,4,4,1,1,1,2,4,2,2,17,6,1,,,1,2
2,54,4,1,2001,3,1,1,1,2,1,1,1,1,1,1,1,1,2,8,5,,,35,,
2,54,4,1,2001,3,7,1,2,2,1,1,2,1,1,1,1,1,2,9,1,1,1,55,2,2
4,54,4,1,2001,3,1,1,2,2,1,1,1,1,1,1,1,1,2,8,6,1,1,31,2,2
12,54,4,1,2001,3,1,1,2,2,1,1,1,1,1,1,3,1,2,4,6,1,1,25,2,2
12,54,4,1,2001,1,7,1,2,1,1,1,1,1,1,1,3,1,2,11,6,1,1,,2,2
12,54,4,1,2001,2,1,1,2,2,1,1,1,1,1,1,3,1,2,13,6,1,1,30,2,2
12,54,4,1,2001,2,1,1,2,2,1,1,1,1,1,1,3,1,2,9,6,,,,2,2
3,54,1,1,2001,2,7,8,2,2,1,1,3,1,1,2,3,5,2,13,6,,,,,
3,54,4,1,2001,3,1,1,2,2,1,1,1,1,1,1,3,1,2,9,6,,,,2,2
1,53,4,1,2001,3,1,1,2,2,1,1,1,1,1,1,1,1,2,8,6,1,1,,2,2
1,53,4,1,2001,3,7,1,2,2,1,1,2,1,1,1,2,1,2,6,6,1,7,,2,2
6,55,4,1,2001,3,1,1,2,2,1,1,1,1,1,1,1,1,2,9,6,1,1,30,2,2
3,55,4,1,2001,4,1,1,2,2,1,4,1,1,1,1,4,1,2,9,6,,,,,
3,55,4,1,2001,4,1,1,2,2,1,4,1,1,1,1,4,1,2,4,6,,,,,
4,55,4,1,2001,2,1,1,2,2,1,1,1,1,1,1,4,1,2,9,6,1,1,,,
5,55,4,1,2001,4,1,1,2,2,1,3,1,1,1,1,3,1,2,7,5,1,,,2,2
5,55,3,1,2001,2,1,1,2,2,1,1,1,1,1,1,3,1,2,14,6,1,7,,2,2
1,56,3,1,2001,1,1,1,2,2,4,4,1,1,1,1,2,1,2,7,6,1,1,22,2,2
1,56,4,1,2001,3,1,1,2,2,1,1,1,1,1,1,1,1,1,19,6,,,,2,2
3,56,4,1,2001,2,1,1,2,2,1,1,1,1,1,1,1,1,2,13,,1,7,35,2,2
7,56,4,1,2001,3,1,1,2,2,1,1,1,1,1,1,4,1,2,11,6,2,,25,2,2
8,56,3,1,2001,4,1,1,2,2,1,4,2,1,1,3,4,1,2,4,11,,,35,,1
8,56,3,1,2001,3,1,1,2,2,1,1,1,1,1,1,4,1,2,7,6,,,,,
4,56,4,1,2001,3,1,1,1,2,1,1,1,5,3,3,4,1,2,11,6,,,,,
1,56,4,2,2001,3,1,8,2,2,1,1,1,5,1,,4,2,,13,6,,,,1,2
1,56,4,2,2001,2,1,1,2,2,1,1,1,1,1,1,3,4,2,6,6,1,1,,2,2
5,56,4,2,2001,,1,1,2,2,4,4,1,1,1,1,1,1,2,4,6,,,,,
5,56,4,2,2001,3,1,4,2,2,1,1,1,1,1,1,1,1,2,8,7,1,1,28,2,2
3,56,4,2,2001,2,7,1,2,2,1,1,1,1,1,1,1,1,2,9,6,1,7,,,
4,56,3,1,2001,3,,1,2,2,1,1,1,1,1,1,4,1,2,4,6,,,,,
1,55,4,2,2001,3,1,1,2,2,1,1,1,1,1,1,1,1,2,14,6,1,1,36,2,2
1,55,4,2,2001,2,1,1,2,2,1,2,1,1,1,1,1,1,2,14,2,2,,40,1,2
6,55,3,2,2001,3,1,1,2,1,1,1,1,1,1,1,1,1,2,1,6,1,,25,2,2
1,53,4,2,2001,3,1,1,2,2,1,1,1,1,1,1,1,1,2,6,6,1,1,,1,2
1,53,4,2,2001,3,3,1,2,1,1,1,1,1,1,1,1,1,2,10,4,,,,1,2
1,53,1,2,2001,3,7,1,2,2,1,1,1,1,1,1,2,1,2,6,11,,7,,2,2
3,53,1,2,2001,2,7,1,2,2,1,1,1,1,1,1,1,1,2,8,6,,,28,2,2
1,54,4,2,2001,2,1,8,2,2,1,1,1,1,1,3,5,1,1,8,9,,,,,
1,54,4,2,2001,3,1,8,2,2,1,1,3,1,1,1,4,1,2,14,6,1,,35,1,2
1,54,3,2,2001,3,7,1,2,2,1,1,1,1,1,1,5,1,1,9,6,,,,,
5,54,4,2,2001,3,1,1,2,2,1,1,1,1,3,2,4,1,2,14,11,1,1,,2,2
8,54,4,2,2001,2,7,1,2,2,1,1,2,1,1,1,4,1,2,6,11,,7,,2,2
9,54,4,2,2001,4,2,8,2,2,1,4,2,1,1,1,1,1,2,14,11,,,,,
9,54,4,2,2001,4,7,1,2,2,1,4,2,1,1,3,1,1,2,14,2,1,1,40,1,2
13,54,4,2,2001,3,1,1,2,2,1,1,1,1,1,1,1,1,2,7,5,1,,24,2,2
13,54,4,2,2001,2,1,1,2,2,1,1,1,1,1,1,1,1,2,14,6,1,,,,
7,54,4,2,2001,3,1,1,2,2,1,1,1,1,1,1,4,1,2,14,,,,,,
11,54,4,2,2001,3,1,8,2,2,1,1,1,1,1,1,3,1,2,17,6,1,7,,1,2
12,54,4,2,2001,3,1,1,2,2,1,1,1,1,1,1,3,1,2,9,6,,,,,
1,55,4,3,2001,2,1,1,2,2,1,2,1,1,1,1,1,1,1,9,6,1,,,,
1,55,3,3,2001,3,1,1,2,2,1,1,1,1,1,1,5,1,1,7,6,1,1,32,2,2
6,55,4,3,2001,3,1,1,2,2,1,1,1,1,1,1,1,1,2,9,6,1,1,,2,2
4,55,4,3,2001,3,7,1,2,2,1,1,2,1,1,1,4,1,2,9,6,2,7,,1,2
2,55,4,3,2001,3,7,1,2,2,1,1,1,1,1,1,4,1,2,5,11,1,1,30,2,2
1,54,3,3,2001,3,7,1,2,2,1,1,3,1,1,1,2,5,2,14,6,1,,,2,2
1,54,4,3,2001,4,7,8,2,2,1,4,1,5,1,3,1,1,2,14,6,1,3,,,
10,54,4,3,2001,2,1,1,2,2,1,1,2,1,1,1,4,1,2,13,1,1,1,35,2,2
13,54,4,3,2001,3,1,1,2,2,1,1,1,1,1,1,1,1,2,7,6,,,,,
11,54,4,3,2001,3,7,8,2,2,1,1,1,1,1,1,3,1,2,6,6,2,1,33,2,2
11,54,4,3,2001,2,7,8,2,2,1,1,1,1,1,1,3,1,2,8,6,2,1,35,2,2
11,54,4,3,2001,3,1,1,2,2,1,2,1,1,1,1,3,3,2,14,11,1,7,,1,2
3,54,3,2,2001,2,7,7,1,2,1,1,1,1,1,1,3,1,2,9,6,,,,,
12,54,3,3,2001,3,1,1,2,2,1,1,1,1,1,1,1,1,2,8,6,1,1,28,2,2
7,56,4,3,2001,3,1,1,2,2,1,1,1,1,1,1,1,1,2,14,6,1,1,35,2,2
7,56,3,2,2001,2,1,1,1,1,1,1,1,1,1,1,1,1,2,14,10,1,3,,2,2
5,56,4,3,2001,3,1,1,2,2,1,1,1,1,1,1,4,1,2,5,6,,,,,
3,53,4,3,2001,2,3,1,2,2,1,1,1,1,1,1,2,1,2,8,5,1,1,30,2,2
3,53,4,3,2001,3,1,1,2,2,1,1,1,1,1,1,4,1,2,14,6,,,,2,2
1,53,4,3,2001,2,7,1,2,2,1,1,1,1,1,1,1,1,1,14,6,1,7,,1,2
7,53,4,3,2001,3,1,1,2,2,1,1,1,1,1,1,4,1,2,9,6,,,,2,2
5,56,4,4,2001,4,1,1,2,2,1,4,1,1,1,1,1,1,2,9,6,,,,,
5,56,4,4,2001,3,7,1,2,2,1,1,1,1,1,1,1,1,2,9,4,2,7,48,2,2
5,56,1,4,2001,3,3,4,2,2,1,1,4,1,1,1,1,1,1,9,1,1,7,,2,2
5,56,4,4,2001,1,1,1,2,2,2,4,1,2,1,1,1,1,1,19,6,,,,,
7,56,4,4,2001,3,1,1,2,2,1,1,1,1,1,1,1,1,2,14,6,1,1,32,2,2
4,56,4,4,2001,3,1,1,2,2,3,1,1,2,1,1,3,1,2,14,6,2,,,1,2
1,56,4,4,2001,2,2,1,2,2,1,1,1,1,1,1,2,1,2,4,6,,,,,
1,53,4,4,2001,2,7,1,2,2,1,1,1,1,1,1,1,1,2,9,6,,,,1,2
1,53,4,4,2001,2,1,1,2,2,1,1,1,1,1,1,1,1,2,6,6,1,1,,2,2
1,53,4,4,2001,2,7,1,2,2,1,1,1,1,1,1,1,1,2,9,6,,,,1,2
4,55,4,4,2001,3,1,1,2,2,1,1,2,1,1,1,3,1,2,8,2,1,1,35,2,2
5,55,4,4,2001,2,1,1,2,2,1,1,1,1,1,1,4,1,2,14,6,1,1,,2,2
2,55,4,4,2001,2,1,1,2,2,1,1,1,1,1,1,4,1,2,13,11,1,1,40,2,2
1,54,4,4,2001,3,7,1,1,2,1,2,3,1,1,1,3,1,2,6,6,1,7,20,2,2
1,54,4,4,2001,2,7,1,2,2,1,1,1,1,1,1,2,1,2,8,6,1,7,28,1,2
7,54,4,4,2001,3,1,2,2,2,1,1,1,1,1,1,3,1,2,7,6,1,1,20,1,2
8,54,4,4,2001,2,7,1,2,2,1,1,1,1,2,2,4,1,2,19,6,,,,,
12,54,3,4,2001,2,1,1,2,2,1,1,1,1,1,1,3,1,2,10,6,1,,,,
1,55,4,5,2001,3,7,1,2,2,2,4,1,2,1,2,1,1,2,14,6,1,1,27,2,2
1,55,4,5,2001,3,1,1,2,2,1,1,1,1,1,1,1,1,1,6,6,1,1,,2,2
1,55,3,5,2001,1,1,1,2,2,1,4,1,1,1,1,1,1,2,10,6,,,,,
6,55,4,5,2001,3,1,1,1,1,1,1,2,1,1,1,4,1,2,13,6,,,,2,2
4,55,4,5,2001,3,1,8,2,2,1,1,1,1,1,1,3,1,2,5,6,1,7,,2,2
2,55,4,5,2001,2,1,1,2,2,1,1,1,1,1,1,3,1,2,7,11,,,,,
1,53,4,5,2001,4,7,1,2,2,1,2,1,1,1,1,1,1,2,9,6,,,,1,2
7,53,4,5,2001,3,1,1,2,2,1,1,1,1,1,1,4,1,2,7,6,1,,24,2,2
6,53,3,5,2001,2,1,1,2,2,1,1,1,1,1,1,4,1,2,17,4,2,6,30,1,2
7,56,4,5,2001,4,3,1,2,2,1,2,5,1,3,2,4,4,2,14,6,1,1,,2,2
7,56,4,5,2001,2,1,1,2,2,1,1,1,1,1,1,1,1,2,10,6,,,,,
1,56,3,4,2001,3,1,1,2,2,1,1,1,1,1,1,5,1,1,10,6,1,6,,1,2
1,54,3,5,2001,2,1,1,2,2,1,1,1,1,1,1,2,1,1,4,6,1,,,2,2
1,54,4,5,2001,3,3,1,2,2,1,1,1,1,1,1,5,1,1,7,6,1,1,,2,2
1,54,4,5,2001,2,1,1,2,2,1,1,1,1,1,1,2,1,2,8,6,1,,,,
5,54,4,5,2001,2,1,1,2,2,1,1,1,1,1,1,4,1,2,13,11,1,7,,1,2
10,54,4,6,2001,3,2,1,1,2,1,1,1,1,1,1,3,1,2,8,5,1,1,,1,2
12,54,4,5,2001,4,1,1,2,2,1,4,1,1,1,1,1,1,2,19,6,,,,,
12,54,4,5,2001,2,1,1,2,2,1,1,1,1,1,1,1,1,2,14,6,1,1,28,2,2
13,54,4,5,2001,4,1,1,2,2,1,4,1,1,1,1,1,1,1,19,6,,,,,
13,54,4,5,2001,3,1,1,2,2,1,1,1,1,1,1,1,1,1,8,6,1,1,,,
3,54,4,5,2001,3,1,1,2,2,1,1,1,1,1,1,4,1,2,19,6,,,,,
1,56,4,6,2001,3,1,2,2,2,1,1,1,1,1,1,3,1,2,6,6,1,3,,1,2
8,56,4,6,2001,2,1,1,2,2,1,1,1,1,1,1,3,3,2,17,8,,,,,
12,54,3,6,2001,2,1,1,2,2,1,1,1,1,1,1,3,1,2,13,6,1,1,35,2,2
12,54,4,6,2001,4,1,1,2,2,1,4,1,1,1,1,1,1,2,19,11,,,,,
12,54,4,6,2001,4,1,1,2,2,1,4,1,1,1,1,3,1,2,19,11,,,,,
10,54,4,6,2001,1,1,1,1,2,1,2,1,1,1,1,3,1,2,13,6,,,,1,2
13,54,4,7,2001,3,1,1,2,2,1,1,1,1,1,1,1,1,2,9,6,1,1,,,
1,54,4,6,2001,2,5,1,2,2,2,1,2,2,1,1,1,1,2,6,6,1,1,35,,
3,54,4,6,2001,4,1,1,2,2,1,2,1,1,1,1,3,1,2,7,6,2,1,35,1,2
1,53,4,6,2001,2,1,1,2,2,1,1,1,1,1,1,4,1,2,7,8,1,1,35,2,2
1,53,3,6,2001,3,1,1,2,2,1,1,1,1,1,1,2,1,2,7,6,1,1,,2,2
6,53,4,6,2001,3,1,1,2,2,1,1,1,1,1,1,4,1,2,8,4,2,6,,1,2
1,55,1,6,2001,3,1,1,2,2,2,1,2,2,1,1,1,1,2,9,6,1,1,38,2,2
1,55,4,6,2001,2,1,1,2,2,1,1,1,1,1,1,3,1,2,4,6,1,1,25,2,2
1,55,3,6,2001,3,2,1,2,2,1,1,1,1,1,1,1,1,2,8,6,1,1,25,2,2
5,55,4,6,2001,3,1,1,2,2,1,1,1,1,1,2,4,1,2,9,11,1,7,,2,2
1,54,1,7,2001,3,7,1,2,2,2,1,1,2,1,1,3,1,1,4,6,1,1,24,2,1
1,54,4,7,2001,2,7,1,1,2,1,1,1,1,1,1,3,1,1,9,6,1,,,1,2
1,54,4,7,2001,3,7,1,1,2,1,1,1,1,1,1,2,1,2,6,6,,,,1,2
9,54,4,7,2001,3,1,1,2,2,2,1,1,2,1,1,1,1,2,14,6,,,,2,2
13,54,4,7,2001,2,1,1,2,2,1,1,1,1,1,1,3,1,2,5,6,1,,,2,2
3,54,4,7,2001,4,1,1,2,2,1,4,1,1,1,1,3,1,2,7,6,1,1,25,1,2
3,53,3,7,2001,2,1,1,2,2,1,1,1,1,1,1,4,1,2,8,1,2,1,42,2,2
1,53,4,7,2001,3,7,1,2,2,1,1,1,1,1,1,1,2,2,14,6,1,1,28,1,2
3,53,4,7,2001,4,7,1,2,2,2,2,1,2,1,1,1,1,2,9,,,,,,
1,56,4,7,2001,2,1,1,2,2,1,2,1,1,1,1,2,1,1,19,6,,,,,
7,56,4,7,2001,3,1,1,2,2,1,1,1,1,1,1,1,1,2,9,6,1,1,,1,2
8,56,4,7,2001,2,1,1,2,2,1,1,1,1,1,1,3,1,2,9,6,1,1,28,1,2
1,55,4,7,2001,3,1,1,2,2,1,1,1,1,1,1,1,1,2,14,6,1,1,35,2,2
1,55,1,7,2001,1,1,1,2,2,1,4,1,1,1,1,3,1,2,9,6,1,7,,1,2
6,55,1,7,2001,1,1,1,2,2,2,4,1,2,1,1,1,1,2,14,11,1,1,,2,2
6,55,4,7,2001,3,1,1,2,2,1,1,1,1,1,1,1,2,2,13,6,1,,,2,2
7,56,4,8,2001,2,7,1,2,2,1,2,1,1,1,1,1,1,2,14,6,2,7,,,
7,56,1,8,2001,2,7,4,2,2,1,1,1,1,1,1,1,1,1,14,6,1,3,32,2,2
7,56,3,8,2001,3,1,1,2,2,1,1,1,1,1,1,4,1,2,11,11,1,,,2,2
4,56,4,8,2001,4,1,1,2,2,1,3,1,1,1,1,3,1,2,7,6,,,,,
1,56,1,8,2001,2,1,1,2,2,1,1,1,1,1,1,2,1,1,14,11,1,7,,2,2
5,56,4,8,2001,1,7,8,2,2,1,2,1,1,1,1,1,1,2,19,6,,,,,
1,55,3,8,2001,4,1,1,2,2,2,3,2,1,2,2,3,1,1,14,11,1,,30,,2
1,55,4,8,2001,2,1,8,2,2,1,1,1,1,1,1,1,1,2,9,6,1,1,,2,2
1,55,3,8,2001,4,3,1,2,2,1,2,1,2,3,1,1,1,2,19,2,1,1,25,2,2
1,55,3,8,2001,4,1,1,2,2,1,4,1,1,1,1,1,1,2,9,11,1,1,,2,2
1,53,4,8,2001,3,1,1,2,2,1,1,1,1,1,1,2,2,2,8,6,1,1,35,2,2
1,53,4,8,2001,4,7,1,2,2,1,4,1,1,1,1,2,1,2,19,,,,,,
1,54,1,8,2001,2,1,1,2,2,1,1,1,1,1,2,2,1,1,5,6,1,1,25,2,2
1,54,4,8,2001,3,1,1,2,2,1,1,1,1,1,1,1,1,1,8,6,1,1,35,2,2
5,54,4,8,2001,3,1,1,2,2,1,1,1,1,1,1,4,1,2,13,6,1,1,,2,2
13,54,4,8,2001,2,1,1,2,2,1,1,1,1,1,1,1,1,2,4,6,1,7,,,
6,54,3,8,2001,3,1,1,2,2,1,1,1,1,1,2,3,1,2,10,6,,,27,,
12,54,3,8,2001,3,1,1,2,2,1,1,1,1,1,1,1,1,2,10,6,1,1,22,2,2
1,55,4,9,2001,1,1,1,2,2,1,4,1,1,1,1,1,1,2,14,5,1,1,30,2,2
12,54,4,8,2001,3,1,1,2,2,1,1,1,1,1,1,3,1,2,4,6,1,7,,1,2
1,56,4,9,2001,2,2,1,2,2,1,1,1,1,1,1,5,1,2,12,6,1,1,45,2,2
7,56,4,9,2001,4,1,1,2,2,1,2,1,1,1,1,3,1,2,9,11,1,,35,2,2
7,56,4,9,2001,3,1,1,2,2,1,1,1,1,1,1,1,1,2,9,6,1,,,2,2
8,56,4,9,2001,2,1,1,2,2,1,2,1,1,1,1,4,1,1,7,6,1,1,,2,2
4,56,4,9,2001,3,1,8,2,2,1,1,1,1,1,1,3,1,2,14,6,1,1,,2,2
1,54,3,9,2001,2,7,1,2,2,1,1,1,1,1,1,1,1,1,14,6,,1,,,
1,54,4,9,2001,4,7,1,2,2,1,4,1,1,1,1,1,1,1,19,6,,,,,
12,54,3,9,2001,3,1,1,2,2,1,1,1,1,1,1,1,1,2,9,6,1,,38,2,2
9,54,4,9,2001,3,3,8,2,2,1,2,2,1,1,1,1,1,2,14,2,1,7,24,2,2
3,54,3,9,2001,3,7,1,2,2,1,1,1,1,1,1,3,1,2,7,11,1,7,,1,2
1,53,3,9,2001,2,2,1,1,2,1,1,1,1,1,1,3,1,1,7,4,1,1,,2,2
1,53,3,9,2001,2,1,1,2,2,1,1,1,1,1,1,1,1,2,6,6,,1,30,2,2
1,53,4,9,2001,3,7,1,2,2,1,1,1,1,1,1,3,1,2,14,6,1,7,,,
3,53,3,9,2001,3,1,1,2,2,1,1,1,1,1,1,4,1,2,7,6,1,6,,2,2
3,53,4,9,2001,2,1,1,2,2,1,1,1,1,1,1,1,1,2,9,9,,,,,
7,53,4,9,2001,3,7,8,1,2,2,1,1,3,2,2,4,4,2,10,10,1,7,50,2,2
1,55,4,9,2001,2,1,1,2,2,1,1,1,1,1,1,4,1,2,5,6,,,,2,2
1,55,4,10,2001,2,7,8,2,2,1,1,1,1,1,1,1,1,2,9,11,1,3,30,2,2
1,54,4,10,2001,2,2,4,2,2,1,1,1,1,1,1,5,1,1,14,6,1,,28,1,2
1,54,4,10,2001,3,1,1,2,2,1,1,1,1,1,1,2,1,2,4,6,,,,,
1,54,4,10,2001,2,1,4,1,2,1,1,1,1,1,1,5,1,1,8,6,1,1,30,2,2
9,54,4,10,2001,4,1,8,2,2,1,4,4,1,1,1,1,1,2,13,11,,,,,
9,54,4,10,2001,1,1,1,2,2,1,1,1,1,1,1,1,1,2,14,6,2,1,28,2,2
12,54,4,10,2001,2,3,2,2,2,2,1,1,2,1,1,3,1,2,8,6,,,,,
13,54,4,10,2001,4,1,1,2,2,1,4,2,1,1,3,1,1,2,9,6,2,7,,1,2
3,53,4,10,2001,3,1,1,2,2,1,2,1,1,1,1,1,1,2,12,6,,,,,
3,53,2,10,2001,2,1,1,2,2,1,1,1,1,1,1,3,1,2,12,6,1,1,,2,2
3,53,4,10,2001,3,1,1,2,2,1,1,1,1,1,1,3,1,2,7,6,,,,,
11,53,4,10,2001,3,3,8,2,2,1,1,1,1,3,2,4,1,2,14,1,1,,,2,2
9,56,4,10,2001,3,1,1,2,2,1,1,1,1,1,1,2,1,2,12,6,1,6,,2,2
8,56,4,10,2001,2,1,1,2,2,2,1,1,2,1,1,3,1,2,6,6,1,1,,1,2
8,56,4,10,2001,3,1,1,2,2,1,1,1,1,1,1,3,1,2,10,6,,,,,
4,56,4,10,2001,2,1,1,2,2,1,1,1,1,1,1,3,1,2,12,6,1,1,,2,2
7,53,4,9,2001,3,1,8,,,1,1,5,1,1,1,3,1,2,6,4,1,1,,,
7,53,4,9,2001,3,1,1,2,2,1,1,1,1,1,1,3,1,2,7,6,,,,,
3,53,4,11,2001,1,,3,1,,1,1,,,,,3,1,2,9,6,,,,,
1,56,3,11,2001,2,7,1,1,2,4,1,1,1,1,1,4,1,2,9,6,,,,,
5,56,4,11,2001,2,1,8,2,2,1,1,1,1,1,1,1,1,1,9,11,2,7,30,1,2
5,56,4,11,2001,3,1,1,2,2,1,,2,1,1,1,1,1,2,9,6,1,1,,,
5,56,4,11,2001,2,7,8,2,2,1,1,2,1,1,1,1,1,2,14,4,2,7,32,,
1,55,4,10,2001,2,1,3,2,1,1,2,1,1,1,1,5,1,1,13,11,,7,,2,2
1,55,3,11,2001,3,1,1,2,2,1,1,1,1,1,1,1,1,2,14,6,1,1,35,2,2
4,55,4,11,2001,2,7,1,2,2,1,2,3,1,1,2,4,1,2,17,6,1,1,30,2,2
1,54,4,11,2001,3,1,8,2,2,1,1,1,1,1,1,1,1,2,8,6,,,,,
1,54,3,11,2001,3,4,3,2,2,1,1,1,1,1,1,1,1,2,14,6,1,1,33,2,2
8,54,4,11,2001,3,1,1,2,2,1,1,1,1,1,1,1,1,2,9,6,1,1,,2,2
9,54,4,11,2001,2,4,1,2,2,1,1,2,1,1,1,1,1,2,14,6,2,1,,2,2
4,54,4,11,2001,3,1,1,2,2,1,1,2,1,1,1,4,1,2,14,2,1,1,35,2,2
11,54,4,11,2001,4,7,1,2,2,1,4,1,1,1,1,4,1,2,13,6,1,1,,2,2
12,54,4,11,2001,4,1,1,2,2,1,4,1,1,1,1,1,1,2,19,6,,,,,
3,54,4,11,2001,2,7,1,2,2,1,1,1,1,1,1,3,1,1,8,1,1,1,,2,2
3,54,4,11,2001,3,7,1,2,2,1,1,1,1,1,1,3,1,2,8,6,1,1,,2,1
1,55,1,12,2001,3,1,8,2,2,1,1,2,1,1,1,1,1,2,8,6,1,1,,2,2
6,55,3,11,2001,3,1,1,2,2,1,1,1,1,1,1,1,1,2,10,6,1,1,32,2,2
3,53,3,12,2001,2,1,1,2,2,1,1,1,1,1,1,4,1,2,7,6,1,1,22,2,2
3,53,4,12,2001,3,1,1,2,2,1,2,1,1,1,1,2,1,2,7,6,1,7,,,
8,56,4,12,2001,3,,1,2,2,1,1,1,1,1,1,4,1,2,9,6,1,3,,2,2
1,54,4,10,2001,3,1,1,2,2,1,1,2,1,1,1,5,1,1,9,6,,,,,
1,54,4,12,2001,3,1,1,2,2,1,2,1,1,1,1,4,1,1,10,6,1,1,,1,2
1,54,4,12,2001,2,1,4,1,2,1,2,1,1,1,1,5,1,1,13,6,2,7,,1,2
1,54,3,12,2001,2,3,1,2,2,1,1,1,1,1,1,1,1,2,7,6,1,1,,1,2
11,54,3,12,2001,3,3,1,2,2,1,1,1,1,1,1,3,1,,4,6,1,7,40,2,2
1,22,4,1,2001,2,1,1,2,2,1,1,1,1,1,1,4,1,2,4,6,1,1,24,2,2
1,22,3,1,2001,3,1,1,2,2,1,1,2,1,1,1,1,1,2,9,11,2,1,27,2,2
2,22,4,1,2001,2,1,1,2,2,1,1,1,1,1,1,3,1,2,9,6,2,1,35,2,2
3,22,4,1,2001,3,1,1,2,2,1,1,1,1,1,2,1,1,2,4,6,1,1,35,2,2
3,20,4,1,2001,1,1,1,2,2,1,4,1,1,1,1,3,1,2,,6,,,,2,2
3,21,4,1,2001,2,1,1,2,2,1,1,1,1,1,1,1,1,1,9,6,1,1,38,2,2
2,21,4,1,2001,2,1,1,2,2,1,1,1,1,1,1,3,1,2,15,6,2,6,,2,2
1,21,4,1,2001,4,2,3,2,1,1,2,1,1,1,1,1,1,1,4,5,1,,32,2,2
5,29,4,1,2001,2,1,1,2,2,1,1,1,1,1,1,2,1,2,9,11,1,1,,2,2
3,29,4,1,2001,2,3,4,2,2,1,1,1,1,1,1,2,1,2,14,6,1,1,,2,2
3,29,3,1,2001,3,1,1,2,2,1,1,1,1,1,1,1,1,2,14,6,1,1,,2,2
4,25,4,1,2001,2,3,1,2,2,1,1,1,1,1,1,3,1,2,12,6,1,1,,1,2
7,30,3,1,2001,2,3,1,2,2,4,1,1,1,1,1,1,1,2,7,6,1,,,2,2
7,30,3,1,2001,2,7,1,1,2,1,1,1,1,1,1,2,1,2,9,6,1,1,,2,2