Thana,District,Accident_Severity,Month,Year,Time,Junction_Type,Traffic_Control,Movement,Divider,Weather,Light,Road_Geometry,Surface_Condition,Surface_Type,Surface_Quality,Road_Class,Road_Feature,Location_Type,Vehicle_Type,Vehicle_Movement,Vehicle_Loading,Vehicle_Defect,Vehicle_Driver_Age,Vehicle_Alcohol,Vehicle_Seat_Belt
4,30,3,1,2001,3,3,1,1,2,1,1,1,1,2,1,4,1,2,6,6,1,,,2,2
4,30,4,1,2001,3,1,1,1,2,1,1,1,1,2,1,4,1,2,4,6,1,,,1,2
4,30,4,1,2001,2,1,1,1,2,1,1,1,1,2,1,3,1,1,6,11,1,7,25,2,2
1,30,4,1,2001,4,1,1,2,2,1,4,1,1,1,1,1,1,2,8,6,1,1,30,2,2
1,24,3,1,2001,2,1,1,2,2,1,1,1,1,1,1,1,1,2,9,6,1,1,,2,2
1,24,3,1,2001,1,6,1,2,1,1,2,2,1,1,1,1,1,2,9,6,1,,,2,2
1,24,4,1,2001,2,1,1,2,2,1,1,1,1,1,1,2,1,2,,6,,,,,
1,24,4,1,2001,3,1,1,2,2,1,1,1,1,1,1,1,1,2,9,6,1,1,,2,2
1,24,4,1,2001,3,1,1,2,2,1,1,1,1,1,1,1,1,2,14,6,1,1,,2,2
3,24,4,1,2001,3,1,1,2,2,1,1,1,1,1,1,1,1,1,12,6,,,,,2
4,24,4,1,2001,3,7,1,1,2,1,1,1,1,2,2,4,1,2,14,6,,,,1,2
5,24,4,1,2001,3,1,2,2,2,1,1,1,1,1,1,1,1,2,9,6,1,1,40,2,2
1,22,4,2,2001,3,1,1,2,2,1,1,1,1,1,1,1,1,2,9,6,1,,,2,2
4,28,4,3,2001,2,1,1,2,2,1,1,1,1,1,1,5,1,2,12,6,1,1,34,2,2
2,28,3,2,2001,2,3,3,1,1,1,1,1,1,1,1,5,1,1,11,6,1,1,,1,2
5,26,4,1,2001,3,3,1,1,2,1,1,1,1,1,1,3,4,2,14,6,1,,,2,2
2,33,4,2,2001,3,3,1,2,2,1,1,1,1,1,1,3,1,2,7,11,1,,,2,2
3,34,4,2,2001,2,3,1,1,2,1,1,1,1,1,1,4,1,2,9,6,1,1,,2,2
1,28,4,3,2001,2,1,1,2,2,1,1,1,1,1,2,5,1,1,14,6,1,1,25,2,2
1,28,4,3,2001,2,1,1,1,1,1,1,1,1,1,3,5,1,1,2,6,2,1,,2,2
2,28,3,3,2001,2,1,1,2,2,1,1,1,1,1,1,5,1,1,9,6,1,1,40,2,2
4,28,4,3,2001,2,1,1,2,2,1,1,1,1,1,1,5,1,1,9,2,1,1,38,2,2
1,31,3,2,2001,3,1,4,1,2,1,1,1,1,1,1,3,1,1,6,5,1,,,2,2
2,31,4,2,2001,3,1,1,2,1,1,1,1,1,1,1,3,1,1,9,6,1,1,,2,2
3,31,3,3,2001,4,3,1,2,2,1,4,1,1,1,1,4,1,2,5,2,2,7,19,2,2
7,30,3,2,2001,2,1,1,2,2,1,1,1,1,1,1,3,1,2,8,6,1,1,35,2,2
1,32,3,3,2001,2,1,1,1,2,1,1,1,1,2,2,4,1,2,6,6,2,6,25,2,2
5,33,4,1,2001,3,1,1,2,2,1,1,1,1,1,1,3,1,2,9,6,2,1,,2,2
5,33,4,3,2001,2,1,1,2,2,1,1,1,1,1,1,3,1,2,9,6,,,,2,2
5,33,4,3,2001,3,1,1,2,2,1,1,1,1,1,1,3,1,2,9,6,1,,,2,2
2,24,4,3,2001,3,1,1,2,2,1,1,1,1,1,1,1,1,2,9,6,1,1,,2,2
1,20,3,2,2001,4,1,1,2,2,1,2,1,1,1,1,2,1,1,4,2,1,1,25,1,2
1,20,3,3,2001,2,1,1,2,2,1,1,1,1,1,1,2,1,2,8,6,1,1,30,2,2
1,20,4,3,2001,3,1,3,2,2,1,1,1,1,1,1,3,1,1,14,6,1,1,30,2,2
4,20,4,3,2001,3,1,1,2,2,1,1,1,1,1,1,3,1,2,9,5,1,1,,2,2
3,29,1,2,2001,2,1,1,2,2,4,1,1,2,1,1,1,1,2,9,6,1,1,28,2,2
3,29,3,3,2001,3,7,1,2,2,1,1,4,1,1,1,2,5,1,12,6,1,1,35,2,2
7,29,4,1,2001,2,7,1,2,2,1,1,1,1,1,1,3,1,2,14,6,1,1,,1,2
8,29,4,1,2001,4,1,1,2,2,1,4,1,1,1,1,1,1,2,14,6,,,,,2
4,21,4,3,2001,3,1,1,2,2,1,1,1,1,1,1,3,1,1,14,6,2,1,,1,2
4,21,4,3,2001,3,1,1,2,2,1,1,1,1,1,1,3,1,1,17,6,1,,,2,2
2,25,3,2,2001,3,1,1,2,2,1,1,1,1,2,1,3,1,2,4,6,1,1,,2,2
3,25,4,2,2001,3,2,1,2,2,1,1,1,1,1,1,3,1,2,12,7,1,,,2,2
2,18,4,3,2001,3,1,1,2,2,1,1,1,1,1,1,3,1,2,4,6,1,1,,2,2
7,18,4,3,2001,3,1,1,2,2,1,1,1,1,1,1,1,1,2,16,6,1,1,,2,2
1,22,4,3,2001,3,1,1,2,2,1,1,1,1,1,1,1,1,2,9,6,1,1,65,2,2
1,22,4,3,2001,3,1,1,2,2,1,1,1,1,1,1,4,1,2,14,6,1,1,,2,2
3,22,4,3,2001,2,2,1,2,2,1,1,1,1,1,1,1,1,1,9,5,1,1,,1,2
3,22,4,3,2001,2,1,1,2,2,1,1,1,1,1,1,1,1,2,9,6,1,1,35,1,2
4,28,4,3,2001,4,3,1,2,2,1,3,1,1,1,1,5,1,1,9,6,,,,2,2
4,28,4,4,2001,3,3,1,2,2,1,1,1,1,1,1,5,1,1,16,2,1,1,40,2,2
3,22,4,4,2001,3,1,1,2,2,1,1,1,1,1,1,4,1,2,7,3,1,1,,2,2
1,19,4,4,2001,3,1,1,2,2,1,1,1,1,1,1,4,1,2,17,11,2,1,38,2,2
5,33,4,2,2001,2,7,1,2,2,1,1,1,1,1,1,3,1,2,9,6,1,1,,2,2
2,30,3,4,2001,3,1,1,2,2,1,1,1,1,1,1,1,1,2,8,6,1,1,28,2,2
5,30,4,4,2001,3,1,1,1,2,1,1,1,1,1,2,4,1,2,6,11,2,7,,1,2
3,21,4,4,2001,4,1,1,2,2,1,4,1,1,1,1,2,1,2,14,6,1,1,,2,2
3,21,4,4,2001,3,1,1,2,2,1,1,1,1,1,1,1,1,2,14,6,1,1,33,2,1
3,21,4,4,2001,4,1,1,2,2,2,4,1,2,1,1,1,1,1,12,6,1,1,,2,1
3,20,4,4,2001,3,1,1,2,2,1,1,1,1,1,1,3,1,2,10,6,1,7,,2,2
5,18,4,4,2001,2,1,1,2,2,1,1,2,1,1,1,2,1,2,14,1,1,1,30,2,2
1,24,4,4,2001,2,1,1,2,2,1,1,1,1,1,1,1,1,1,9,4,1,1,35,2,2
1,24,3,4,2001,4,1,1,2,2,1,4,1,1,1,1,1,1,2,9,5,2,1,,1,2
1,24,4,4,2001,4,1,1,2,2,1,4,1,1,1,1,1,1,2,14,6,1,1,,1,2
4,20,4,5,2001,2,1,8,2,2,1,2,1,1,1,1,3,1,2,6,1,1,1,,1,2
1,34,4,3,2001,3,2,1,1,2,1,1,1,1,1,1,1,1,2,14,1,1,1,38,2,2
3,34,4,5,2001,4,4,1,2,2,2,4,2,1,1,1,1,1,2,14,11,2,7,,1,2
3,28,4,5,2001,4,1,1,2,1,1,4,1,1,1,1,5,1,1,1,9,1,1,,2,2
2,28,3,5,2001,4,3,4,2,1,1,3,1,1,1,1,1,1,1,6,2,1,1,28,1,2
4,28,4,5,2001,3,1,4,2,2,1,1,1,1,1,1,1,1,1,9,6,1,1,,1,2
6,18,4,5,2001,2,1,1,2,2,1,1,1,1,1,1,2,1,2,14,11,1,1,,2,2
6,18,3,5,2001,2,1,1,2,2,1,1,1,1,1,1,2,1,2,14,11,,1,,2,2
2,18,4,5,2001,2,1,1,2,,1,1,1,1,1,1,2,1,2,7,6,1,1,,2,2
2,18,4,5,2001,3,1,1,2,,1,1,1,1,2,1,2,1,,19,6,2,,,2,2
3,18,4,5,2001,3,7,8,2,2,1,1,1,1,1,1,2,1,2,14,6,1,1,,2,2
1,24,4,5,2001,2,1,1,2,2,1,1,1,1,1,1,1,1,2,9,6,1,,,1,2
8,24,4,5,2001,2,1,1,2,2,1,1,1,1,1,1,1,1,2,9,6,1,1,,1,2
8,24,4,5,2001,4,1,1,2,2,1,1,1,1,1,1,4,1,2,14,6,1,1,,1,2
9,24,4,6,2001,2,1,1,2,1,1,1,2,1,1,1,1,1,2,14,6,1,1,,1,2
5,24,3,6,2001,4,1,1,2,2,2,4,1,2,1,1,1,1,2,9,11,1,1,31,2,2
7,24,3,6,2001,2,1,1,1,2,1,1,1,1,1,1,1,1,1,9,2,2,3,,1,2
1,24,4,6,2001,2,1,1,1,2,1,1,1,1,1,1,1,1,2,7,6,1,1,,1,2
1,24,4,6,2001,,1,1,1,2,1,1,1,1,1,1,2,1,2,8,1,1,1,35,2,2
1,24,4,6,2001,2,3,4,1,1,1,1,1,1,1,1,1,1,2,9,8,2,1,,1,2
1,24,3,6,2001,3,,,1,2,1,1,2,1,1,2,1,1,2,8,6,1,1,,1,2
1,24,1,6,2001,2,3,3,1,2,1,1,1,1,1,1,2,1,2,10,6,1,1,,1,2
1,24,4,6,2001,2,1,4,2,2,1,1,1,1,1,1,1,1,2,9,6,1,1,,,
1,29,4,4,2001,2,1,1,2,2,1,1,1,1,1,1,2,1,1,9,6,1,1,35,1,2
1,29,4,6,2001,3,1,1,1,2,2,1,1,2,1,2,3,1,2,8,11,1,5,30,1,2
1,29,3,5,2001,1,7,1,2,2,1,2,1,1,1,1,1,1,2,14,11,1,1,37,2,2
3,29,4,5,2001,4,1,7,2,1,1,4,1,1,1,1,1,1,2,8,6,1,1,,1,2
5,29,4,5,2001,2,1,1,2,2,1,1,1,1,1,1,2,1,2,4,6,1,1,,1,2
1,29,3,5,2001,2,1,1,2,2,1,1,1,1,1,1,2,1,1,4,6,1,1,,2,2
1,29,4,6,2001,1,7,1,2,2,2,2,1,2,1,1,1,1,2,14,11,2,1,32,2,2
1,29,4,7,2001,2,3,8,2,2,1,1,1,1,1,1,1,1,2,8,11,1,5,,1,2
3,29,4,6,2001,2,3,1,1,1,1,1,1,1,1,1,2,1,2,8,11,1,1,23,1,2
1,19,4,6,2001,3,7,8,2,2,1,1,1,1,1,1,4,1,2,8,6,1,1,33,2,2
1,23,4,2,2001,2,1,1,2,2,1,1,1,1,1,1,3,1,2,9,6,1,1,38,1,2
1,25,3,4,2001,3,7,1,1,2,1,1,1,1,1,1,1,1,1,8,6,1,1,38,2,2
3,25,4,4,2001,3,2,2,1,2,1,1,1,1,1,1,1,1,2,19,6,1,1,,2,2
1,21,4,5,2001,2,1,2,2,2,1,1,1,1,1,1,4,1,2,14,11,1,1,35,2,2
1,21,1,5,2001,2,1,5,2,1,1,1,1,1,1,1,1,1,1,9,6,1,1,35,2,2
1,21,4,5,2001,2,7,1,2,2,1,1,1,1,1,1,1,1,2,8,11,1,1,30,2,2
1,22,4,6,2001,2,7,1,1,2,1,1,5,1,1,2,4,1,2,6,11,1,1,,1,2
1,22,3,6,2001,3,1,1,2,2,1,1,1,1,1,1,1,1,1,9,6,1,1,55,2,2
4,22,4,6,2001,2,7,1,2,2,1,1,1,1,1,1,2,1,2,6,6,1,7,35,2,2
1,22,4,6,2001,3,1,2,1,2,1,1,1,1,1,1,1,1,2,13,6,1,1,,1,2
3,25,4,6,2001,4,1,1,2,2,1,4,1,1,1,1,1,1,2,4,6,1,7,30,1,2
3,25,4,6,2001,2,1,1,2,2,1,1,1,1,1,1,1,1,2,9,6,1,7,,2,2
5,25,4,5,2001,2,1,1,2,2,1,1,1,1,1,1,4,2,2,13,6,1,1,26,2,1
7,25,4,4,2001,3,1,4,2,1,2,1,1,1,1,2,1,2,,14,6,1,1,,1,2
4,25,1,4,2001,3,1,1,2,2,1,1,2,1,1,2,4,1,2,9,1,1,1,,2,2
1,25,4,3,2001,4,1,1,2,2,1,1,1,1,1,1,3,1,2,8,6,1,7,38,1,2
3,33,4,5,2001,3,1,7,1,1,1,1,1,1,1,2,2,1,2,6,6,1,1,,2,2
1,33,4,5,2001,2,3,1,2,2,1,1,1,1,1,1,2,1,2,19,6,2,1,36,2,2
1,33,4,6,2001,2,1,1,2,2,1,1,1,1,1,1,3,1,2,9,2,1,1,,2,2
7,30,3,6,2001,3,1,7,2,1,1,1,2,1,1,2,1,2,,8,6,1,1,,1,2
4,28,4,6,2001,3,1,3,2,2,1,1,2,1,1,1,1,1,1,14,1,1,1,,1,1
3,28,4,6,2001,2,1,1,2,2,1,1,1,1,1,1,5,1,1,4,6,1,1,,1,2
8,26,4,1,2001,3,1,2,2,2,1,1,1,1,1,2,2,1,2,14,8,1,1,,2,2
8,26,4,2,2001,4,3,2,1,1,1,2,1,1,1,1,1,1,2,8,1,1,1,28,2,2
3,26,4,6,2001,1,7,8,1,1,1,3,5,2,2,2,4,1,2,6,1,2,7,,1,1
1,22,4,7,2001,2,7,1,1,2,1,1,1,1,1,1,1,1,2,14,6,1,1,,1,2
1,22,3,7,2001,3,4,8,1,2,1,1,1,1,1,1,1,1,2,9,6,1,1,,2,2
1,22,1,7,2001,2,7,1,2,2,2,2,3,2,1,1,3,1,2,14,2,1,1,33,2,2
1,18,4,7,2001,4,7,1,2,2,1,4,1,1,1,1,1,1,2,14,6,1,1,,1,1
2,18,4,7,2001,2,3,1,2,2,1,1,2,1,1,1,5,1,1,14,2,1,1,,2,2
3,18,4,7,2001,3,1,6,2,1,1,1,1,1,1,1,2,1,2,14,6,1,1,35,2,2
1,28,3,7,2001,2,3,3,2,2,1,1,1,1,1,1,1,1,1,4,1,1,1,,1,2
1,24,4,7,2001,3,3,1,1,2,1,1,1,1,1,1,1,1,2,9,6,1,1,,1,2
1,24,4,7,2001,3,1,1,1,1,1,1,1,1,1,1,1,1,2,9,6,1,1,,1,2
6,24,4,7,2001,3,3,4,2,1,1,1,1,1,1,1,4,1,2,12,5,1,1,,1,2
2,24,4,7,2001,2,1,1,2,2,1,1,1,1,1,1,1,1,2,11,6,1,1,28,1,2
5,24,4,7,2001,4,1,1,2,2,1,1,1,1,1,1,1,1,1,14,11,1,1,36,1,2
5,24,3,7,2001,2,1,2,2,2,1,1,1,1,1,1,1,,,7,6,1,1,,1,2
2,28,4,7,2001,2,1,3,1,1,1,1,1,1,1,1,1,1,1,9,6,1,1,40,1,2
3,28,4,7,2001,3,1,1,2,2,1,1,1,1,1,1,1,1,1,14,5,,1,,,
1,21,4,6,2001,2,1,8,1,2,1,1,1,1,1,1,1,1,2,9,6,1,1,34,1,2
1,21,4,6,2001,2,1,1,2,2,1,1,1,1,1,1,1,1,2,9,6,1,1,,1,2
3,21,4,6,2001,2,1,1,2,2,1,1,1,1,1,1,1,1,2,9,6,1,1,45,2,2
3,21,3,6,2001,4,1,1,2,2,1,3,1,1,1,1,1,1,,16,6,1,1,,1,2
4,21,4,6,2001,2,1,8,2,2,2,1,1,1,1,1,3,1,1,19,6,1,1,35,2,2
1,18,4,6,2001,2,7,1,2,2,1,1,1,1,1,1,1,1,1,14,6,1,1,,1,2
4,18,4,6,2001,4,1,1,2,2,1,2,2,1,1,1,1,1,2,4,6,2,3,22,1,2
3,18,4,6,2001,2,1,1,2,2,1,2,1,1,1,1,2,1,2,14,6,1,1,28,2,1
1,28,2,6,2001,2,1,1,2,2,1,1,1,1,1,1,5,1,1,10,6,1,1,,2,1
7,18,1,8,2001,2,1,8,2,2,1,2,1,1,1,1,1,1,2,14,10,1,1,35,2,2
1,28,4,8,2001,4,4,5,2,2,1,3,4,1,2,1,1,1,1,14,6,1,1,,1,2
1,28,4,8,2001,2,7,3,2,2,1,1,2,1,1,1,2,1,2,9,6,1,1,40,2,2
2,27,4,8,2001,3,1,1,2,2,1,1,1,1,1,1,2,1,2,8,6,1,7,,2,2
2,27,3,8,2001,2,1,1,2,2,1,1,2,1,1,1,2,1,2,9,1,1,1,,2,2
2,27,4,9,2001,4,1,1,2,2,1,2,1,1,1,2,2,1,2,9,7,1,1,,2,2
1,26,4,9,2001,2,7,1,1,2,1,1,1,1,1,1,2,1,1,13,2,1,7,31,2,2
4,26,4,8,2001,4,1,8,2,2,1,4,2,1,1,1,5,1,1,14,6,2,1,,1,2
1,28,4,8,2001,2,1,1,2,2,1,1,1,1,1,1,1,1,1,9,4,1,1,,1,2
7,24,4,9,2001,2,1,1,1,2,1,1,3,5,3,2,4,1,2,9,6,1,1,,2,2
7,24,4,9,2001,3,1,1,1,2,1,1,1,1,1,1,2,1,2,14,6,1,1,,2,2
2,28,4,9,2001,2,7,8,2,2,1,1,1,1,1,1,1,1,1,2,6,1,1,35,1,2
8,24,1,9,2001,4,1,1,2,2,1,3,1,1,1,1,1,1,2,12,6,1,1,,1,2
5,28,4,8,2001,3,1,1,1,1,1,1,1,1,1,1,1,1,1,5,6,1,1,22,2,2
1,28,3,8,2001,3,3,7,2,1,2,1,1,1,1,2,1,1,,14,1,1,1,45,2,2
1,19,3,8,2001,2,1,1,1,2,1,1,1,1,1,1,2,1,2,14,1,1,7,,1,2
1,19,3,9,2001,3,3,1,2,2,1,1,1,1,1,1,5,1,1,13,6,1,1,32,2,2
1,27,1,9,2001,3,3,1,1,2,1,1,1,1,1,1,1,1,1,7,6,1,1,,1,1
4,28,4,10,2001,4,7,1,2,2,1,2,1,1,1,1,1,1,2,14,11,1,7,,1,2
5,28,1,10,2001,4,1,1,2,2,1,1,1,1,1,1,5,1,1,8,4,1,1,35,2,2
1,18,4,8,2001,2,2,8,2,2,1,3,1,1,1,1,1,1,1,14,7,1,7,32,2,2
1,21,4,8,2001,4,1,5,2,1,2,4,1,1,1,1,2,2,,8,6,1,1,43,1,2
1,21,4,8,2001,3,1,1,2,2,1,1,1,1,1,1,2,1,2,14,6,1,1,,1,2
6,21,4,8,2001,4,7,1,2,2,1,1,1,1,1,1,2,1,2,14,11,1,7,,1,2
3,21,4,8,2001,4,1,1,2,2,1,1,1,1,1,1,1,1,2,9,1,1,1,,1,2
2,28,3,10,2001,2,1,1,2,2,1,1,1,1,1,1,1,1,1,9,4,2,7,,1,2
1,22,4,10,2001,3,1,3,1,2,1,1,1,1,1,1,1,1,1,9,6,1,1,,1,2
1,24,1,10,2001,4,3,8,1,1,1,4,1,1,1,1,1,2,,6,1,1,1,,1,2
1,24,4,10,2001,1,1,1,2,2,1,2,1,1,1,1,2,1,2,14,6,1,1,,2,2
1,24,4,10,2001,2,1,1,2,2,1,1,2,1,1,1,1,1,2,14,2,1,1,,2,2
1,24,4,10,2001,3,1,1,2,2,1,1,1,1,1,1,2,1,2,9,6,1,1,,1,2
5,24,4,10,2001,2,1,1,2,2,1,2,1,1,1,1,1,1,1,1,4,1,1,,1,2
7,24,4,10,2001,2,1,3,1,2,1,1,1,1,1,1,4,1,2,9,6,1,1,,2,2
3,24,4,8,2001,3,7,1,1,1,1,1,1,1,1,1,2,1,2,9,6,1,1,30,2,2
1,19,4,10,2001,4,3,1,2,2,1,3,1,1,1,1,2,1,2,2,6,1,1,,2,2
2,19,4,10,2001,2,1,1,2,2,1,1,1,2,1,1,2,1,2,9,6,1,1,,1,2
6,18,4,10,2001,2,1,3,2,1,1,2,3,1,1,1,4,1,2,14,1,1,3,,1,2
2,28,3,11,2001,3,1,3,2,1,1,3,1,1,1,1,5,1,1,14,6,1,7,55,2,2
3,28,4,11,2001,3,1,1,2,2,1,1,1,1,1,1,1,1,1,9,6,1,1,,1,2
5,28,3,11,2001,2,1,1,2,1,1,1,1,1,1,1,5,1,1,12,6,1,1,,1,2
5,27,4,11,2001,4,7,1,1,2,4,4,2,1,1,1,2,1,2,12,6,1,1,35,1,2
1,22,4,11,2001,2,7,1,2,2,4,2,1,1,1,1,1,1,2,9,11,1,1,40,2,2
1,21,4,10,2001,3,1,1,2,2,1,1,1,1,1,1,1,1,2,9,6,1,1,35,1,2
3,21,1,10,2001,2,1,1,2,2,1,1,1,1,1,1,1,1,2,10,9,1,1,42,2,2
1,30,4,9,2001,3,1,8,2,2,1,1,1,2,1,1,3,1,2,9,1,1,1,28,2,2
1,30,3,9,2001,2,1,8,2,2,1,1,1,1,1,1,3,1,1,7,9,1,1,37,2,2
1,31,4,9,2001,3,7,1,2,2,1,2,1,1,1,1,2,1,2,9,11,1,1,,2,2
1,29,4,8,2001,2,7,8,1,2,1,2,1,5,1,1,2,1,1,14,6,1,7,,1,2
3,29,1,9,2001,3,7,8,1,2,1,1,1,1,1,1,1,1,2,14,6,1,1,29,1,2
3,29,4,9,2001,2,1,4,2,1,1,1,1,1,1,1,1,1,2,9,6,1,1,,1,2
2,29,4,8,2001,4,1,1,2,2,1,2,1,1,1,1,4,1,2,9,6,1,1,45,2,2
2,29,3,9,2001,2,1,1,2,2,1,1,1,1,1,1,1,1,2,9,6,1,1,40,2,2
2,29,3,10,2001,2,1,1,2,2,1,1,1,1,1,1,4,1,2,12,6,1,7,,1,2
8,29,2,7,2001,3,2,1,2,1,1,1,1,1,1,1,1,1,2,14,6,1,1,,2,2
2,19,4,11,2001,2,1,7,2,2,2,1,1,2,1,1,1,1,2,13,6,1,1,35,1,2
1,21,1,9,2001,3,1,1,2,2,1,1,1,1,1,1,2,1,2,9,11,1,1,35,2,2
1,24,4,11,2001,2,1,1,2,2,1,1,1,1,1,1,1,1,2,9,6,2,1,,1,2
1,24,4,11,2001,,1,1,2,2,1,1,1,1,1,1,1,1,2,11,4,1,7,,1,2
1,24,4,11,2001,3,2,1,1,2,1,1,1,1,1,1,2,1,2,13,6,1,1,,1,2
1,24,4,11,2001,,1,1,2,2,1,1,1,1,1,1,1,1,2,9,4,1,7,45,1,2
1,24,3,11,2001,,4,4,2,2,1,1,2,1,1,1,1,1,1,9,3,1,1,,2,2
4,24,4,11,2001,4,7,1,1,2,1,4,1,1,1,1,2,1,2,9,6,1,7,,1,2
9,24,4,11,2001,3,1,4,2,2,1,1,1,1,1,1,1,1,1,14,6,1,1,,1,2
1,21,4,11,2001,3,1,1,2,2,1,1,1,1,1,1,1,1,2,14,6,1,1,38,2,2
3,21,4,11,2001,4,1,1,1,2,1,4,1,1,1,1,3,1,2,14,6,1,1,44,2,2
1,18,4,11,2001,3,3,1,2,2,1,1,1,1,1,1,1,1,1,8,11,1,7,,1,2
5,28,2,12,2001,3,3,1,2,2,1,1,1,1,1,3,5,1,1,7,2,1,1,27,2,2
4,23,4,8,2001,4,1,1,2,2,1,4,1,1,1,1,3,1,2,8,9,1,1,,2,2
7,30,4,11,2001,4,1,1,2,2,1,4,1,1,1,1,1,3,2,13,6,1,1,,,
4,30,4,11,2001,3,3,1,2,1,1,1,2,1,2,2,4,1,2,4,6,1,3,38,2,1
1,30,4,11,2001,3,1,1,2,2,1,1,1,1,1,1,1,1,2,9,6,2,1,,2,2
4,28,3,12,2001,1,1,1,2,2,1,4,1,1,1,1,1,1,1,12,6,1,1,,2,2
1,18,4,12,2001,2,2,1,2,2,1,1,1,1,1,1,1,1,1,9,11,1,7,,1,2
6,18,4,12,2001,3,1,1,2,2,1,1,1,1,1,1,3,1,2,9,6,1,1,40,1,2
1,21,3,12,2001,3,1,1,2,2,1,1,1,1,1,1,1,1,1,14,6,1,1,,2,2
1,21,4,12,2001,4,1,1,2,2,1,3,1,1,1,1,1,1,1,7,6,1,1,32,2,2
4,21,4,12,2001,3,1,1,2,2,1,2,1,1,1,1,3,1,2,10,6,1,3,38,2,2
1,24,4,10,2001,2,3,1,2,1,1,2,1,1,1,1,1,1,1,9,6,1,1,,1,2
5,29,4,12,2001,3,7,8,1,2,1,1,1,1,1,1,2,1,2,14,11,1,1,,2,2
4,25,4,11,2001,3,7,1,2,2,1,1,1,1,1,1,3,1,2,9,6,1,1,35,2,2
4,25,4,5,2001,3,7,1,2,2,1,1,1,1,1,1,3,1,2,18,6,1,1,,2,2
4,25,4,3,2001,2,1,1,2,2,1,1,1,1,1,1,3,1,2,18,6,1,1,,2,2
4,25,4,5,2001,2,7,1,2,2,1,1,1,1,1,1,3,1,2,12,6,1,1,,2,2
4,25,4,7,2001,2,7,1,2,2,1,1,1,1,1,1,3,1,2,9,6,1,1,38,2,2
3,32,1,4,2001,1,1,2,2,1,1,4,1,1,1,1,2,1,2,11,1,1,1,38,1,2
3,32,4,6,2001,1,1,4,2,1,1,1,1,1,1,1,2,1,2,9,5,1,1,,1,2
1,32,4,11,2001,3,1,1,2,1,1,1,1,1,1,1,3,4,2,7,4,1,1,30,2,2
4,32,4,5,2001,3,7,1,1,2,1,1,1,1,1,1,3,3,2,7,6,1,1,,2,2
1,32,4,4,2001,2,7,1,2,2,1,1,1,1,1,1,4,1,2,6,9,2,1,,2,2
3,32,4,4,2001,2,1,1,2,2,1,1,1,1,1,1,2,1,2,12,6,1,3,37,2,2
4,32,4,4,2001,2,7,8,2,2,1,1,1,1,1,1,2,3,2,14,8,1,1,55,2,2
1,32,1,4,2001,4,7,8,2,2,1,1,2,1,1,1,2,1,2,10,6,1,1,23,2,2
3,32,4,5,2001,1,1,1,2,2,1,1,1,1,1,1,2,1,2,9,6,1,1,,1,2
3,32,4,5,2001,3,7,1,1,2,1,1,1,1,1,1,3,2,2,9,5,1,1,42,2,2
3,32,4,5,2001,2,7,1,2,2,1,1,1,1,1,1,3,1,2,13,6,1,1,38,1,2
1,32,1,7,2001,2,1,1,2,2,1,1,2,2,1,1,3,3,2,8,6,2,7,27,2,2
1,32,4,7,2001,1,1,1,2,2,1,2,1,1,1,1,2,1,2,6,6,1,1,25,2,2
1,31,3,11,2001,3,1,1,2,2,1,1,1,1,1,1,3,1,2,10,6,2,3,35,1,2
1,31,3,6,2001,3,7,1,2,2,1,1,1,1,1,1,4,1,2,9,6,2,3,,1,2
2,31,4,5,2001,2,1,1,2,2,1,1,1,2,1,1,3,1,1,6,6,1,7,,1,2
3,31,4,5,2001,4,7,1,1,2,1,4,1,1,1,1,3,1,2,19,6,2,7,23,1,2
1,24,4,12,2001,2,1,1,2,2,1,1,1,1,1,1,1,1,2,9,6,1,1,,1,2
2,27,4,8,2001,3,1,1,2,2,1,1,1,1,1,2,2,1,2,9,6,1,1,,2,2
2,27,3,8,2001,2,1,1,2,2,2,1,5,2,1,2,2,1,2,9,11,2,3,,1,2
2,27,4,9,2001,4,1,1,2,2,1,2,1,1,2,2,1,1,2,9,11,1,1,,2,2
8,13,4,1,2001,3,1,1,2,2,1,1,1,1,1,1,1,1,2,14,6,1,1,,2,2
2,13,4,1,2001,3,1,1,2,2,1,1,2,1,1,1,4,1,2,19,1,2,1,30,2,2
1,8,4,1,2001,2,1,2,2,2,4,1,1,1,1,1,2,3,2,14,6,1,1,,2,2
4,8,4,1,2001,1,1,1,2,2,2,4,1,2,1,1,1,5,2,14,6,1,1,,2,2
1,1,1,1,2001,1,2,1,2,2,1,3,2,1,1,1,5,1,1,8,2,1,1,,2,2
1,12,4,1,2001,2,2,1,2,2,1,1,1,1,1,1,3,1,2,13,6,1,1,35,2,2
3,12,3,1,2001,2,1,1,2,2,1,1,1,1,1,1,3,1,2,7,6,1,1,22,2,2
5,10,4,1,2001,4,3,1,2,2,1,3,1,1,1,1,3,1,1,7,5,1,1,37,1,2
2,10,4,1,2001,2,1,8,2,2,1,1,1,1,1,1,3,1,2,14,6,1,1,40,2,2
3,10,4,1,2001,2,2,1,2,2,1,1,1,1,1,1,2,1,1,8,6,1,1,40,2,2
3,10,4,1,2001,2,1,1,2,2,1,1,1,1,1,1,4,1,2,19,11,1,1,30,2,2
5,2,4,1,2001,2,1,1,2,2,1,1,1,1,1,1,,1,2,14,5,1,1,,2,2
1,4,4,1,2001,4,2,1,2,2,1,2,1,1,1,1,2,1,2,8,6,1,1,20,2,2
1,14,3,2,2001,3,1,1,2,2,1,1,1,1,1,1,5,1,1,4,6,1,1,40,2,2