Thana,District,Accident_Severity,Month,Year,Time,Junction_Type,Traffic_Control,Movement,Divider,Weather,Light,Road_Geometry,Surface_Condition,Surface_Type,Surface_Quality,Road_Class,Road_Feature,Location_Type,Vehicle_Type,Vehicle_Movement,Vehicle_Loading,Vehicle_Defect,Vehicle_Driver_Age,Vehicle_Alcohol,Vehicle_Seat_Belt
2,14,3,2,2001,3,1,8,2,2,1,1,2,1,1,1,1,1,1,8,6,1,1,45,1,2
2,14,4,2,2001,3,1,1,2,2,1,1,1,1,3,1,4,1,2,14,6,1,1,,2,2
4,14,4,2,2001,4,1,1,2,2,1,2,1,1,1,1,5,2,1,9,5,1,1,40,1,2
7,3,4,1,2001,2,1,1,2,2,1,1,1,1,1,1,2,1,1,14,6,1,1,,2,2
7,3,4,1,2001,2,3,1,2,2,4,1,1,1,1,1,2,1,1,17,6,1,1,30,2,2
10,3,4,1,2001,4,1,1,2,2,1,2,1,5,1,1,1,1,2,9,6,1,1,,2,2
9,3,4,1,2001,3,1,1,2,2,1,1,1,1,1,1,3,1,2,14,6,1,1,35,2,2
3,3,4,1,2001,2,1,2,2,2,1,1,1,1,1,1,2,1,2,7,6,1,1,29,2,2
5,13,4,2,2001,3,2,1,2,2,1,1,1,1,1,1,2,1,2,14,6,1,1,,2,2
3,13,4,2,2001,3,1,1,2,2,1,1,1,1,1,1,3,1,2,19,6,1,1,,2,2
5,13,4,2,2001,2,1,1,2,2,1,1,1,1,1,1,2,1,2,14,6,1,1,33,2,2
9,13,4,2,2001,3,1,1,2,2,1,1,1,1,1,1,3,1,2,9,6,1,1,,2,2
8,13,3,3,2001,2,1,1,2,2,1,1,1,1,1,2,3,1,2,19,6,1,1,,2,2
2,13,4,3,2001,3,1,1,2,2,1,1,1,1,3,3,3,4,2,14,6,1,1,39,2,2
1,15,4,1,2001,4,1,1,2,2,1,2,1,1,1,1,1,1,1,9,5,1,1,,2,2
6,15,4,1,2001,3,1,1,2,2,1,1,1,1,1,1,1,1,2,9,6,1,1,,2,2
6,15,4,1,2001,4,1,1,2,2,1,2,1,1,1,1,1,1,2,14,6,1,1,,2,2
3,15,4,1,2001,3,3,1,2,2,1,1,1,1,1,1,3,1,2,14,6,1,1,,2,2
4,12,4,2,2001,3,1,1,2,2,1,1,1,1,1,1,3,1,2,9,6,1,1,,2,2
5,12,4,1,2001,2,1,1,2,2,1,1,1,1,1,1,3,1,2,14,6,1,1,,1,2
3,12,4,2,2001,3,1,1,2,2,1,1,1,1,1,1,3,1,2,19,6,1,1,20,2,2
3,12,4,3,2001,2,1,1,2,2,1,1,1,1,1,1,3,1,2,8,6,1,1,45,2,2
3,12,4,3,2001,3,1,1,2,2,1,1,1,1,1,1,3,1,2,17,6,1,1,,2,2
6,8,4,2,2001,3,1,1,2,2,1,1,1,1,1,1,4,1,2,14,6,1,1,,1,2
4,8,4,2,2001,2,1,1,2,2,1,1,1,1,1,1,2,1,2,10,6,1,1,,2,2
4,8,4,2,2001,4,1,1,2,2,1,3,1,1,1,1,1,1,1,7,6,1,1,35,2,2
10,16,4,1,2001,,1,1,2,2,1,1,1,1,1,1,1,1,2,7,6,1,1,,2,1
7,16,4,1,2001,4,1,1,2,2,1,4,1,1,1,1,1,1,1,14,6,1,1,,2,2
6,16,3,1,2001,2,1,4,2,2,1,2,1,1,1,1,1,1,2,14,6,1,7,33,1,1
6,16,4,1,2001,4,1,1,2,2,1,4,1,1,1,1,3,1,2,7,6,1,1,,2,2
1,6,4,2,2001,3,1,1,2,2,1,1,1,1,1,1,1,1,2,16,6,1,1,,2,2
1,6,4,3,2001,2,1,1,2,2,1,1,1,1,1,1,1,1,2,8,8,1,1,27,2,2
1,6,4,3,2001,2,2,4,2,2,1,1,1,1,1,1,1,1,2,8,6,1,1,,2,2
13,3,4,2,2001,1,1,1,2,2,1,4,1,1,1,1,4,1,2,14,6,1,1,,2,2
7,3,4,2,2001,4,7,1,2,2,1,4,1,1,1,1,3,1,2,14,6,1,1,35,1,2
1,1,4,2,2001,3,1,1,2,2,1,1,1,1,1,1,3,1,2,17,6,1,1,,2,2
2,1,4,2,2001,4,3,1,2,2,1,1,1,1,1,1,3,1,2,9,6,1,1,,2,2
3,1,4,3,2001,2,1,1,2,2,1,1,1,1,1,1,1,1,2,14,6,1,1,,2,2
1,2,4,2,2001,2,1,1,2,2,1,1,1,1,1,1,3,1,2,8,9,1,1,36,2,2
1,2,4,3,2001,2,1,1,2,2,1,1,1,1,1,1,1,1,2,14,6,1,1,,2,2
1,4,4,3,2001,3,2,1,2,2,1,1,1,1,1,1,2,1,2,19,6,1,1,28,2,2
6,4,4,3,2001,4,1,1,2,2,1,2,1,1,1,1,1,1,1,14,6,1,1,,2,2
1,7,4,2,2001,2,1,1,2,2,1,1,4,1,3,3,4,1,2,19,9,1,1,,2,2
8,7,4,2,2001,4,1,1,2,2,1,2,1,1,1,1,3,1,2,8,11,1,1,,2,2
2,14,4,3,2001,4,1,1,2,2,1,3,1,1,1,1,1,1,1,13,6,1,1,,2,2
5,15,4,3,2001,3,1,1,2,2,1,1,1,1,1,1,4,1,2,9,6,1,1,,2,2
3,15,3,3,2001,3,1,4,2,2,1,1,1,1,1,1,1,1,2,9,8,1,1,,2,2
6,7,3,4,2001,2,3,1,2,2,1,1,1,1,1,1,4,1,2,13,6,1,1,38,2,2
7,7,4,4,2001,2,3,1,2,2,1,1,1,1,1,1,4,1,2,4,6,1,1,,2,1
7,13,4,4,2001,3,1,1,2,2,1,1,1,1,1,1,1,1,2,7,6,1,1,,2,2
1,3,4,3,2001,3,1,1,2,2,1,1,2,1,3,2,4,4,2,17,8,2,1,26,2,2
1,3,3,3,2001,4,1,1,2,2,1,3,1,1,1,1,5,1,1,8,6,1,1,,2,2
3,3,4,3,2001,3,1,1,2,2,1,1,3,1,3,2,4,4,2,14,6,1,1,35,2,2
3,8,4,4,2001,3,1,1,2,2,1,1,1,1,1,1,1,1,1,8,6,1,1,,2,2
7,8,4,4,2001,2,1,1,2,2,1,1,1,1,1,2,4,1,2,9,1,1,1,,1,2
3,12,4,4,2001,2,1,1,2,2,1,1,1,1,1,1,3,1,2,8,6,1,1,30,2,2
4,12,4,4,2001,1,1,1,2,2,1,4,1,1,1,1,4,1,2,14,6,1,1,,2,2
4,12,4,4,2001,2,1,1,2,2,1,2,1,1,1,1,4,1,2,14,6,1,1,,2,2
5,12,4,4,2001,4,1,1,2,2,1,3,1,1,1,1,3,1,2,1,5,1,1,40,2,2
5,12,4,4,2001,3,1,1,2,2,1,1,1,1,1,1,3,3,2,8,5,1,1,40,2,2
2,14,3,4,2001,4,1,1,2,2,1,3,1,1,1,1,1,1,1,14,6,1,1,45,2,2
2,14,3,4,2001,2,1,1,2,2,1,1,1,1,1,1,1,1,2,14,6,2,1,35,2,2
2,14,4,4,2001,3,1,1,2,2,1,1,1,1,1,1,1,1,1,8,6,1,1,37,2,2
3,6,4,4,2001,2,1,1,2,2,1,1,1,1,1,1,4,1,2,14,6,1,1,44,2,2
1,15,4,2,2001,2,1,1,2,2,1,1,1,1,1,1,1,1,1,8,6,1,1,,2,2
1,15,4,2,2001,3,1,1,2,2,1,1,1,1,1,1,1,1,1,13,6,1,1,30,2,2
1,1,4,5,2001,2,1,1,2,2,1,1,1,1,1,1,1,1,2,8,11,1,1,40,2,2
1,1,4,5,2001,3,3,1,2,2,1,1,1,1,2,2,3,1,2,17,7,1,1,35,2,2
11,3,4,5,2001,3,1,1,2,2,1,1,1,1,1,1,4,1,2,19,6,1,1,25,2,2
5,4,4,4,2001,2,1,1,2,2,1,1,2,5,3,1,4,1,2,14,6,1,1,,1,2
3,3,4,4,2001,3,2,1,2,2,1,1,1,1,1,1,2,1,2,14,6,1,1,,1,2
13,3,4,3,2001,4,1,1,2,2,1,4,1,1,1,1,3,1,2,8,6,1,1,44,2,2
13,3,4,4,2001,2,3,1,2,2,1,1,1,1,2,3,4,1,2,17,6,1,1,,2,2
1,15,4,3,2001,4,1,1,2,2,1,4,1,1,1,1,4,1,2,9,6,1,1,,2,2
1,15,4,3,2001,3,7,8,2,2,1,1,2,1,1,1,4,4,2,8,6,1,1,,1,2
5,13,4,5,2001,4,4,1,2,2,1,4,1,1,1,1,2,1,2,4,6,1,1,47,2,1
5,13,4,6,2001,2,2,1,2,2,1,1,1,1,1,1,2,1,2,8,6,1,3,,2,2
6,13,3,4,2001,2,1,1,2,2,1,1,1,1,1,1,2,1,2,9,6,1,7,25,2,2
8,13,4,5,2001,3,1,1,2,2,1,1,1,1,1,1,1,1,2,8,6,1,1,,2,2
8,13,4,6,2001,3,1,1,2,2,1,1,1,1,1,1,1,1,2,9,6,1,1,,2,2
8,13,3,6,2001,3,1,1,2,2,1,1,1,1,1,1,1,1,2,9,6,1,1,,2,2
2,13,4,4,2001,2,1,1,2,2,1,1,2,1,1,1,4,1,2,4,6,1,1,24,2,2
7,13,4,5,2001,2,7,1,2,2,1,1,1,1,1,1,4,1,2,14,6,1,1,,1,2
6,13,4,6,2001,4,2,1,2,2,1,2,1,1,1,1,2,1,2,9,6,1,1,,2,2
3,8,4,5,2001,4,1,1,2,2,1,2,1,1,1,1,1,1,1,14,6,1,1,,1,2
3,8,4,5,2001,2,1,1,2,2,1,1,1,1,1,1,1,1,2,14,6,1,1,40,2,2
3,8,4,5,2001,1,1,1,2,2,1,4,1,1,1,1,1,1,2,14,6,1,1,,1,2
3,8,4,5,2001,1,1,1,2,2,1,4,1,1,1,1,1,1,1,9,6,1,1,,2,2
1,15,4,5,2001,2,1,3,2,2,2,1,1,2,1,1,1,1,2,19,6,1,1,,2,2
1,15,4,5,2001,2,1,1,2,2,1,1,1,1,1,1,1,1,2,12,6,1,1,,1,2
1,15,4,5,2001,3,1,1,2,2,2,1,1,2,1,1,1,1,2,13,6,1,1,45,1,2
1,15,4,5,2001,2,1,1,2,2,1,3,1,1,1,1,1,1,2,14,6,1,1,,1,2
1,15,4,7,2001,1,1,1,2,2,1,4,1,1,1,1,1,1,2,14,6,1,1,,1,2
1,15,3,7,2001,3,7,1,2,2,1,1,1,1,1,1,1,1,2,8,6,1,7,,2,2
1,15,4,8,2001,3,5,4,2,2,1,1,1,1,1,1,1,1,1,8,6,1,1,33,2,2
1,15,4,8,2001,3,7,1,2,2,1,1,1,1,1,1,1,5,2,8,6,1,1,,2,2
1,15,4,9,2001,3,1,1,2,2,1,1,1,1,1,1,1,1,2,14,6,1,1,,1,2
6,15,3,7,2001,3,1,1,2,2,2,1,4,2,1,1,1,1,2,9,3,1,7,,1,2
6,15,4,7,2001,3,1,1,2,2,1,1,1,1,1,1,1,1,2,13,6,1,1,,1,2
6,15,4,8,2001,3,1,1,2,2,1,1,1,1,1,1,1,1,2,14,6,1,1,37,2,2
6,15,4,8,2001,1,1,1,2,2,2,4,1,2,1,1,1,1,2,14,6,1,1,35,2,2
6,15,1,9,2001,2,1,1,2,2,1,1,1,1,1,1,1,1,2,9,6,1,1,,2,2
6,15,4,9,2001,2,2,1,2,2,1,1,1,1,1,1,1,1,2,9,6,1,1,,2,2
6,15,4,9,2001,3,1,1,2,2,1,1,1,1,1,1,1,1,2,8,6,1,1,,2,2
6,15,4,9,2001,2,1,1,2,2,1,1,1,1,1,1,1,1,2,8,3,1,1,,2,2
2,15,4,4,2001,3,2,1,2,2,1,1,1,1,1,1,4,1,2,14,6,1,1,30,2,2
2,15,4,8,2001,3,1,1,2,2,1,1,1,1,1,1,4,1,2,8,6,1,1,,2,2
4,15,4,5,2001,2,1,1,2,2,1,1,3,1,1,2,5,1,1,3,6,1,1,27,2,2
4,15,4,9,2001,2,1,1,2,2,1,1,1,1,1,1,5,1,2,8,6,1,1,,2,2
3,15,4,6,2001,2,1,1,2,2,2,1,1,2,1,1,1,1,2,14,6,1,1,,1,2
3,15,4,7,2001,2,1,1,2,2,1,1,2,1,1,1,4,1,2,4,6,1,1,20,2,1
3,15,4,9,2001,1,1,1,2,2,1,4,2,1,1,1,1,1,2,14,2,1,1,32,2,2
5,15,4,6,2001,2,1,1,2,2,1,2,1,1,1,1,3,1,2,14,6,1,1,,1,2
5,15,4,8,2001,4,1,1,2,2,1,2,1,1,1,1,3,1,2,9,6,1,1,,2,2
5,15,4,9,2001,2,1,1,2,2,1,1,1,1,1,1,3,1,2,4,6,1,1,,2,1
1,4,3,7,2001,2,1,1,2,2,1,1,1,1,1,1,2,1,2,8,6,1,1,52,2,2
1,4,4,7,2001,4,3,1,2,2,1,2,1,1,1,1,3,1,2,19,6,2,1,25,2,2
1,4,4,8,2001,2,3,1,2,2,1,1,1,1,1,1,3,1,2,7,6,1,1,,2,2
3,4,4,6,2001,4,1,8,2,2,1,2,1,1,1,1,3,1,1,4,6,1,1,,2,1
5,4,4,9,2001,4,1,1,2,2,1,2,1,1,1,1,4,2,2,2,6,1,1,,2,2
5,4,4,9,2001,2,1,1,2,2,1,1,1,1,1,1,4,1,1,12,6,1,1,30,2,2
6,4,4,7,2001,,1,1,2,2,1,1,1,1,1,1,4,1,2,14,6,1,1,,1,2
9,3,4,7,2001,2,1,8,2,2,1,1,1,1,3,2,4,1,2,14,7,1,1,,2,2
8,3,4,6,2001,2,1,1,2,2,2,1,1,2,1,1,2,1,2,8,6,1,1,,2,2
3,3,4,8,2001,2,1,1,2,2,1,1,1,1,1,1,3,1,2,8,6,1,1,,2,2
1,3,3,6,2001,3,2,1,2,2,1,1,1,1,1,1,4,1,1,7,1,1,1,,2,2
4,3,3,6,2001,2,1,1,2,2,1,1,1,1,1,1,1,1,2,14,6,1,1,,2,2
7,13,4,8,2001,3,1,1,2,2,1,1,1,1,1,1,2,1,2,14,6,1,1,,1,2
1,12,4,5,2001,4,2,1,2,2,1,4,1,1,1,1,4,1,2,14,6,1,1,,2,2
1,12,4,5,2001,3,1,1,2,2,1,1,1,1,1,1,2,1,1,7,6,1,1,,2,2
1,14,4,7,2001,3,1,1,2,2,1,1,1,1,1,1,1,1,1,9,11,1,1,30,2,2
1,14,3,9,2001,3,7,1,2,2,1,1,1,1,1,1,2,1,1,10,6,1,1,32,2,2
1,14,3,9,2001,2,1,1,2,2,1,2,1,1,1,1,1,1,1,10,5,1,1,40,2,2
3,14,3,5,2001,3,1,1,2,2,1,1,1,1,1,1,1,1,1,19,11,1,1,19,2,2
1,11,3,1,2001,4,7,4,2,2,1,2,1,1,1,1,2,1,1,14,6,1,1,25,2,2
1,11,2,4,2001,1,3,1,2,2,1,4,4,1,1,1,1,1,1,14,2,1,1,,1,2
6,11,4,1,2001,3,1,1,2,2,1,1,1,1,1,1,3,2,2,14,6,1,1,,2,2
6,11,4,2,2001,4,1,1,2,2,1,4,1,1,1,1,2,1,2,19,6,1,1,,1,2
6,11,4,4,2001,3,1,3,2,2,1,1,1,1,1,1,2,1,2,14,11,1,1,35,2,2
6,11,4,5,2001,3,1,1,2,2,1,1,1,1,1,1,2,1,2,8,2,1,1,,2,2
6,11,4,6,2001,3,1,1,2,2,1,1,1,1,1,1,2,1,1,14,11,1,1,38,2,2
5,11,4,1,2001,4,1,2,2,2,1,4,1,1,1,1,2,1,2,17,6,1,1,30,2,2
5,11,4,1,2001,2,1,1,2,2,1,2,1,1,1,1,1,1,2,14,6,2,1,,1,2
5,11,3,2,2001,3,1,1,2,2,1,1,1,1,1,1,2,1,2,15,6,1,1,,2,2
5,11,4,2,2001,3,1,1,2,2,1,1,1,1,1,1,2,1,2,9,6,1,1,,1,2
5,11,4,3,2001,3,3,1,2,2,1,1,1,1,1,1,2,1,2,14,6,1,1,,1,2
3,14,4,5,2001,3,1,1,2,2,1,1,1,1,1,1,5,1,1,14,6,1,1,31,2,2
2,14,4,5,2001,1,1,1,2,2,2,2,1,2,1,1,5,1,1,9,6,1,1,56,2,2
2,14,4,5,2001,3,1,1,2,2,1,1,1,1,1,1,1,1,2,9,6,1,1,40,2,2
2,14,4,7,2001,2,1,3,2,2,1,1,1,1,1,1,1,1,2,14,8,1,1,28,2,2
2,14,3,9,2001,1,1,1,2,2,1,2,1,1,1,1,1,1,1,14,6,1,1,32,2,2
2,14,4,9,2001,1,1,1,2,2,1,4,1,1,1,1,1,1,2,14,6,1,1,40,1,2
5,11,4,6,2001,2,1,1,2,2,1,1,1,1,1,1,2,1,2,9,6,1,1,,2,2
5,11,4,7,2001,3,1,1,2,2,1,1,3,1,1,1,4,1,2,19,6,1,6,,2,2
2,11,4,3,2001,4,1,2,2,2,1,2,1,1,1,1,4,1,2,4,2,1,1,22,2,1
2,11,4,7,2001,2,3,2,2,2,1,1,1,1,1,1,4,1,2,8,2,1,1,27,2,2
11,11,4,6,2001,3,1,1,2,2,1,1,1,1,1,1,3,1,2,19,5,1,1,,2,2
10,11,3,1,2001,3,1,1,2,2,1,1,1,1,1,1,4,1,2,19,6,1,1,25,2,2
10,11,1,3,2001,2,1,1,2,2,1,1,1,1,1,1,4,1,2,9,6,1,1,,2,2
7,11,4,2,2001,3,1,1,2,2,1,1,2,1,1,1,4,1,2,14,6,1,1,35,2,2
7,11,4,4,2001,4,1,1,2,2,1,2,1,1,1,1,3,1,2,14,6,1,1,,1,2
9,11,4,2,2001,1,1,1,2,2,1,2,1,1,1,1,4,1,2,14,1,1,1,29,2,2
8,11,1,5,2001,4,1,1,2,2,1,2,1,1,1,1,3,1,2,4,6,1,1,25,2,1
4,11,4,4,2001,3,1,1,2,2,1,1,1,1,1,1,2,1,2,14,6,1,1,45,2,2
4,11,4,4,2001,1,1,1,2,2,1,4,1,1,1,1,4,1,2,14,6,1,1,,2,2
4,11,4,5,2001,2,1,1,2,2,1,1,1,1,1,1,4,1,2,19,11,1,1,23,2,2
3,8,4,8,2001,1,1,1,2,2,1,1,1,1,1,1,1,1,2,14,6,1,1,,2,2
3,8,4,8,2001,3,1,1,2,2,1,1,1,1,1,1,1,1,2,13,5,1,1,,2,2
3,8,3,10,2001,3,1,1,2,2,1,1,1,1,1,1,1,1,2,6,6,1,1,,2,2
4,8,4,9,2001,3,1,1,2,2,1,1,1,1,1,1,1,1,2,10,5,1,2,,2,2
4,8,4,10,2001,4,1,1,2,2,1,4,1,1,1,1,1,1,2,13,6,1,1,,2,2
1,8,4,8,2001,2,1,1,2,2,1,1,1,1,1,1,2,1,2,8,6,1,1,46,2,2
7,8,4,9,2001,1,1,8,2,2,1,1,2,1,1,1,3,1,2,12,1,1,1,30,2,2
5,8,4,10,2001,3,1,1,2,2,1,1,1,1,1,1,1,1,2,14,1,1,1,,1,2
1,15,4,10,2001,3,1,1,2,2,1,1,1,1,1,1,1,1,2,14,2,1,1,,1,2
6,15,4,10,2001,4,1,1,2,2,1,1,1,1,1,1,1,1,2,14,6,1,1,,1,2
3,15,4,10,2001,2,1,1,2,2,4,1,1,1,1,1,1,1,2,9,6,1,1,,2,2
3,15,4,10,2001,4,1,1,2,2,1,4,1,1,1,1,1,1,2,14,6,1,1,,1,2
5,15,4,10,2001,2,1,1,2,2,1,1,1,1,1,1,3,1,2,14,6,1,1,,2,2
1,12,1,8,2001,2,1,1,2,2,1,1,4,1,1,1,3,1,1,4,1,1,1,28,2,2
1,12,4,8,2001,3,1,1,2,2,1,1,1,1,2,1,5,1,1,10,6,1,1,,2,2
1,12,4,8,2001,3,1,1,2,2,1,1,1,1,1,1,5,1,2,9,8,1,1,,2,2
1,12,4,8,2001,2,7,8,2,2,1,1,4,1,1,2,3,1,2,11,5,2,1,,1,2
3,12,4,6,2001,1,1,1,2,2,2,1,1,2,1,1,3,1,2,7,6,1,1,,1,1
5,12,4,6,2001,2,1,1,2,2,1,1,1,1,1,1,3,1,2,14,6,1,1,52,2,2
5,12,4,6,2001,3,1,1,2,2,1,1,1,1,1,1,3,1,2,14,6,1,1,35,2,2
5,12,4,8,2001,3,2,1,2,2,1,1,1,1,1,1,3,1,2,14,6,1,1,,2,2
5,12,4,8,2001,4,7,1,2,2,1,4,2,1,1,1,3,1,2,14,2,1,1,,2,2
5,12,3,11,2001,2,1,1,2,2,1,2,4,1,1,1,3,1,2,14,2,1,1,33,2,2
3,14,4,7,2001,3,1,1,2,2,1,1,1,1,1,1,1,1,1,4,6,1,2,27,2,2
4,14,4,6,2001,2,1,8,2,2,1,1,1,1,1,1,5,1,1,14,1,1,1,40,2,2
5,13,4,9,2001,3,2,1,2,2,1,1,1,1,1,1,2,1,2,14,6,1,1,,2,2
5,13,4,9,2001,2,1,1,2,2,1,1,1,1,1,1,2,1,2,19,6,1,1,25,2,2
5,13,4,10,2001,2,1,1,2,2,2,2,1,2,1,1,2,1,2,14,9,1,1,,2,2
5,13,4,10,2001,2,2,1,2,2,1,1,1,1,1,1,2,1,2,17,4,1,1,,1,2
5,13,4,11,2001,3,7,1,2,2,1,2,2,1,1,1,2,1,2,7,6,1,1,,2,2
7,13,4,10,2001,2,1,1,2,2,1,2,1,1,1,1,2,1,2,9,6,1,1,,2,2
8,13,4,11,2001,2,1,1,2,2,1,1,1,1,1,1,1,1,2,9,6,1,1,,2,2
8,13,4,12,2001,2,1,1,2,2,1,1,1,1,1,1,1,1,2,14,6,1,1,,1,2
6,13,4,9,2001,2,1,1,2,2,1,1,1,1,1,1,2,1,2,9,6,1,1,,2,2
6,13,4,10,2001,3,1,1,2,2,1,1,1,1,1,1,2,1,2,8,6,1,1,,2,2
6,13,4,12,2001,,3,1,2,2,1,1,1,1,1,1,2,1,2,8,6,1,1,,2,2
1,12,4,12,2001,3,1,3,2,2,1,1,1,1,1,1,2,1,1,14,6,1,1,,1,2
3,8,4,6,2001,3,1,1,2,2,1,1,1,1,1,1,1,1,1,9,6,1,1,,2,2
3,8,4,12,2001,2,1,1,2,2,4,2,1,1,3,2,4,1,2,14,6,1,1,47,2,2
7,8,4,12,2001,4,1,1,2,2,1,2,1,1,1,1,3,1,2,9,6,2,1,,2,2
1,8,4,11,2001,2,1,3,2,2,1,1,1,1,1,1,2,1,1,12,6,1,1,,2,2
4,8,4,11,2001,1,1,1,2,2,1,4,1,1,1,1,1,1,2,14,6,1,1,,2,2
4,8,4,11,2001,3,1,1,2,2,1,1,1,1,1,1,1,1,2,13,6,1,1,,1,2
1,3,4,10,2001,2,3,1,2,2,1,1,1,1,1,1,1,1,2,7,6,1,1,,2,2
1,3,3,10,2001,3,3,1,2,2,1,1,1,1,1,1,1,1,1,12,6,1,1,,1,2
1,3,4,10,2001,3,1,1,2,2,1,1,1,1,1,1,5,1,2,14,6,1,1,,1,2
7,3,4,12,2001,3,1,1,2,2,1,1,1,1,1,1,2,1,2,9,6,1,7,,1,2
7,3,4,12,2001,2,1,1,2,2,1,1,1,1,1,1,2,1,1,14,6,1,1,32,1,2
8,3,4,11,2001,3,1,1,2,2,1,1,1,1,1,1,2,1,2,14,6,1,1,,1,2
8,3,4,12,2001,4,1,1,2,2,1,4,2,1,1,1,2,1,2,14,6,1,1,,2,2
11,3,3,9,2001,4,1,1,2,2,1,2,1,1,3,2,4,4,2,14,11,1,1,38,2,2
12,3,4,10,2001,3,1,1,2,2,1,1,1,1,1,1,3,1,2,14,6,1,1,,1,2
2,10,4,12,2001,3,1,1,2,2,1,1,2,1,1,1,3,1,2,9,2,1,1,,1,2
2,10,4,7,2001,1,1,1,2,2,2,4,1,2,1,1,3,1,2,13,6,1,1,,2,2
1,2,4,5,2001,4,1,1,2,2,1,1,1,1,1,1,3,1,2,14,6,2,1,,2,2
1,2,4,6,2001,3,1,1,2,2,1,1,2,1,1,1,1,1,2,14,6,2,1,,2,2
1,2,4,9,2001,3,1,1,2,2,1,1,1,1,1,1,1,1,2,14,6,2,1,,1,2
2,2,4,7,2001,2,1,1,2,2,1,1,1,1,1,1,3,1,1,8,6,2,1,42,2,2
2,2,4,12,2001,3,1,1,2,2,1,2,1,1,1,1,3,1,2,14,6,1,1,,2,2
4,2,4,7,2001,2,1,1,2,2,1,1,1,1,1,1,3,1,2,8,6,1,1,,2,2
4,2,3,7,2001,3,1,1,2,2,2,1,4,2,1,1,3,1,2,9,6,1,1,,2,2
6,9,4,3,2001,3,1,1,2,2,1,2,1,1,1,1,3,1,2,14,6,1,1,,2,2
6,9,4,5,2001,2,1,1,2,2,1,2,1,1,1,1,3,1,2,8,6,1,1,,2,2
4,9,4,2,2001,3,1,1,2,2,1,1,1,1,1,1,3,1,2,14,6,1,1,,2,2
4,9,4,7,2001,3,1,1,2,2,1,2,1,1,1,1,3,1,2,14,6,1,1,,2,2
4,9,4,7,2001,3,1,1,2,2,1,1,1,1,1,1,2,1,2,14,6,1,1,,2,2
4,9,3,8,2001,2,1,1,2,2,1,1,1,1,1,1,2,1,2,9,6,1,1,,2,2
4,9,3,2,2001,2,1,1,2,2,1,1,1,1,1,1,2,1,2,14,6,1,1,,2,2
2,9,4,9,2001,3,2,1,2,2,1,1,1,1,1,1,2,1,1,13,6,1,1,,2,2
2,9,4,12,2001,4,1,1,2,2,1,4,1,1,1,1,2,1,2,9,8,1,1,,2,2
7,9,4,2,2001,1,1,1,2,2,1,4,1,1,1,1,1,1,2,10,6,1,1,25,1,2
7,9,1,3,2001,3,1,1,2,2,1,1,1,1,1,1,1,1,2,8,6,1,1,32,1,2
7,9,4,3,2001,3,1,1,2,2,1,1,1,1,1,1,1,1,2,9,6,1,1,,2,2
7,9,4,4,2001,4,1,1,2,2,1,2,1,1,1,1,1,1,2,14,6,1,1,,2,2
7,6,4,6,2001,3,1,1,2,2,2,1,1,2,1,1,3,1,2,8,6,1,1,37,1,2
1,11,4,5,2001,,1,1,2,2,1,1,1,1,1,1,2,1,2,14,6,1,1,,1,2
1,11,1,9,2001,3,1,1,2,2,1,1,1,1,1,1,2,1,1,10,6,1,1,35,2,2
1,11,4,9,2001,4,1,1,2,2,1,2,1,1,1,1,1,1,2,4,6,1,1,35,2,2
1,11,4,12,2001,2,1,1,2,2,1,1,1,1,1,1,2,1,1,8,6,1,1,,2,2
6,11,3,8,2001,3,1,1,2,2,1,1,1,1,1,1,2,1,2,9,6,1,1,,2,2
8,11,4,8,2001,4,1,1,2,2,1,4,1,1,1,1,4,1,2,14,6,1,1,,2,2
8,11,3,9,2001,3,1,1,2,2,1,1,1,1,1,1,4,1,2,14,6,1,1,,1,2
8,11,4,12,2001,3,1,1,2,2,1,1,1,1,1,1,3,1,2,4,6,1,1,,2,1
5,11,4,8,2001,1,1,1,2,2,1,4,2,1,1,1,2,1,2,19,6,2,7,,1,2
5,11,4,8,2001,2,1,1,2,2,1,1,1,1,1,1,2,1,2,14,6,1,1,,2,2
5,11,4,12,2001,1,1,1,2,2,1,2,1,1,1,1,1,1,2,14,6,2,1,,1,2
11,11,4,10,2001,3,1,1,2,2,1,1,1,1,1,1,3,1,2,14,6,1,1,,2,2
7,11,4,8,2001,3,1,1,1,2,1,1,1,1,1,2,3,1,2,9,4,1,1,,2,2
3,11,4,12,2001,3,2,1,2,2,1,1,1,1,1,1,3,1,2,4,6,1,1,30,2,2
1,4,1,10,2001,3,1,1,2,2,1,1,4,1,1,1,5,1,1,19,6,1,1,25,2,2
6,4,4,12,2001,2,1,1,2,2,1,1,1,1,1,1,1,1,2,8,6,1,1,,2,2
2,4,4,12,2001,3,1,1,2,2,1,1,1,1,1,1,3,1,2,14,6,1,1,39,2,2
1,1,4,6,2001,3,1,1,2,2,1,1,1,1,1,1,1,1,2,14,6,1,1,,2,2
1,1,3,6,2001,3,1,1,2,2,1,1,1,1,1,1,1,1,2,14,6,1,1,,2,2
1,1,1,7,2001,4,1,1,2,2,1,1,1,1,1,1,1,1,2,8,6,1,1,,2,2
1,1,4,7,2001,2,1,1,2,2,1,1,1,1,1,1,1,1,2,14,6,1,1,,1,2
2,1,4,7,2001,3,1,1,2,2,1,1,1,1,1,1,4,1,2,17,6,2,6,,2,2
3,1,4,6,2001,3,1,1,2,2,1,1,1,1,1,1,1,1,2,7,6,1,1,,2,2
3,1,4,7,2001,4,1,1,2,2,1,1,2,1,1,1,1,1,2,14,6,1,1,42,2,2
5,1,4,8,2001,2,1,1,2,2,1,1,1,1,1,1,1,1,1,8,6,1,1,,2,2