Thana,District,Accident_Severity,Month,Year,Time,Junction_Type,Traffic_Control,Movement,Divider,Weather,Light,Road_Geometry,Surface_Condition,Surface_Type,Surface_Quality,Road_Class,Road_Feature,Location_Type,Vehicle_Type,Vehicle_Movement,Vehicle_Loading,Vehicle_Defect,Vehicle_Driver_Age,Vehicle_Alcohol,Vehicle_Seat_Belt
4,1,4,7,2001,3,1,1,2,2,1,1,1,1,1,1,3,1,2,8,6,1,1,,2,2
4,1,4,8,2001,4,3,1,2,2,1,4,1,1,1,1,3,1,1,14,6,1,1,,2,2
1,7,4,5,2001,4,1,1,2,2,1,2,1,1,1,1,3,1,2,14,1,1,1,,2,2
1,7,4,6,2001,4,1,1,2,2,1,4,1,1,1,1,5,1,1,4,6,1,1,26,2,2
7,7,4,5,2001,4,1,1,2,2,1,4,1,1,1,1,3,1,2,4,6,1,1,,2,2
8,7,4,10,2001,2,1,1,2,2,1,1,1,1,1,1,1,1,2,9,8,1,1,,2,2
10,7,3,10,2001,3,1,1,2,2,1,1,1,1,1,1,3,1,2,9,5,1,1,,2,2
1,6,3,6,2001,3,1,1,2,2,1,1,1,1,1,1,1,1,2,7,6,1,1,,2,2
1,6,4,11,2001,4,1,1,2,2,1,4,1,1,1,1,1,1,1,14,6,1,1,32,2,2
1,6,4,12,2001,4,3,1,2,2,1,4,1,1,1,1,1,1,2,9,6,1,1,40,2,2
3,6,4,8,2001,4,1,1,2,2,1,1,1,1,1,1,1,1,1,8,6,1,1,38,2,2
2,6,4,6,2001,3,1,1,2,2,1,1,1,1,1,1,1,1,2,14,6,1,1,,2,2
2,6,4,7,2001,3,1,1,2,2,1,1,1,1,1,1,1,1,2,16,6,1,1,38,2,2
2,6,4,8,2001,2,1,1,2,2,1,1,1,1,1,1,1,1,2,12,6,1,1,,2,2
2,6,4,8,2001,3,1,1,1,2,1,1,1,1,1,1,1,1,2,12,6,1,1,,2,2
2,6,4,11,2001,3,4,1,2,2,1,1,2,1,1,1,1,1,2,14,2,1,1,,2,2
2,6,4,11,2001,3,1,1,2,2,1,2,1,1,1,1,2,1,2,12,6,1,1,26,2,2
4,6,4,5,2001,3,1,1,2,2,1,1,1,1,1,1,1,1,2,12,6,1,1,,2,2
4,6,4,6,2001,3,1,1,2,2,1,1,1,1,1,1,1,1,2,14,6,1,1,,2,2
5,6,4,7,2001,2,1,1,2,2,1,1,1,1,1,1,4,1,2,14,6,1,1,,2,2
1,17,4,1,2001,3,1,1,2,2,1,1,1,1,1,1,1,1,2,8,6,1,1,28,2,2
1,17,3,6,2001,2,2,4,2,2,1,1,2,1,1,1,1,1,1,14,6,2,1,,2,2
1,17,4,6,2001,2,1,1,2,2,1,1,4,1,1,2,5,1,2,14,6,1,1,,2,2
1,17,4,7,2001,4,1,1,2,1,1,2,1,1,1,1,1,1,2,14,6,1,1,,2,2
1,17,4,7,2001,3,1,1,2,2,1,2,1,1,1,1,1,1,2,8,6,1,1,35,1,2
1,17,4,7,2001,4,1,1,2,2,1,1,1,1,1,1,3,1,2,8,6,1,1,29,2,2
1,17,4,7,2001,3,1,1,2,2,1,1,1,1,1,1,1,1,2,12,6,1,1,,2,2
1,17,4,8,2001,2,1,1,2,2,2,1,1,2,1,1,1,1,2,9,6,1,1,29,2,2
1,17,3,8,2001,4,1,1,2,2,2,4,3,2,1,2,3,1,2,8,6,1,1,,2,2
1,17,4,8,2001,3,1,1,2,1,2,1,1,2,1,1,1,1,1,9,11,1,1,35,2,2
1,17,4,10,2001,1,1,1,2,2,1,4,3,1,2,2,4,1,2,14,7,1,1,,2,2
1,17,4,10,2001,2,1,1,2,2,1,1,1,1,1,1,4,1,2,9,6,1,1,,2,2
1,17,4,11,2001,3,1,1,2,2,1,1,1,1,1,1,1,1,2,9,5,1,1,38,2,2
1,17,4,11,2001,3,1,1,2,2,1,1,1,1,1,1,1,1,1,14,6,1,1,48,2,2
1,17,2,11,2001,2,1,1,2,2,1,1,3,1,1,2,4,1,1,10,6,1,1,35,2,2
1,17,3,11,2001,1,1,1,2,2,1,1,1,1,1,1,1,1,2,4,6,1,1,32,2,2
1,17,4,12,2001,2,1,1,2,2,1,1,1,1,1,1,1,1,2,14,2,1,1,,2,2
1,17,4,12,2001,3,1,1,2,2,1,1,3,1,1,2,4,1,2,9,6,1,1,,2,2
7,17,4,4,2001,4,1,1,2,2,1,4,1,1,1,1,1,1,2,14,6,1,1,,2,2
7,17,4,6,2001,2,1,1,2,2,1,1,1,1,1,1,1,1,2,14,6,1,1,,2,2
7,17,4,9,2001,1,1,1,2,2,1,2,1,1,1,1,1,1,2,14,8,1,1,,2,2
7,17,4,9,2001,2,1,1,2,2,1,1,1,1,1,1,1,4,2,14,8,1,1,45,2,2
7,17,4,10,2001,2,3,4,2,2,1,1,1,1,1,1,1,1,1,8,6,1,1,,2,2
7,17,4,11,2001,2,4,4,2,2,1,1,2,1,1,1,1,1,1,14,6,1,1,,2,2
7,17,4,11,2001,2,1,1,2,2,1,1,2,1,1,1,1,1,2,9,9,2,1,35,2,2
7,17,4,12,2001,3,1,1,2,2,1,1,1,1,1,1,3,1,2,9,6,1,1,,2,2
7,17,4,12,2001,3,1,1,2,2,1,1,1,1,1,1,1,1,2,14,6,1,1,,2,2
9,17,4,6,2001,2,1,1,2,2,1,1,1,1,1,2,4,1,2,19,6,1,1,25,2,2
9,17,4,7,2001,1,1,1,2,2,1,1,1,1,1,1,1,1,2,14,6,2,1,43,1,2
9,17,4,8,2001,4,1,1,2,2,1,1,3,1,1,2,1,2,,9,6,1,1,,2,2
9,17,4,10,2001,4,1,1,2,2,1,2,1,1,1,1,1,1,2,9,6,1,1,25,2,2
9,17,4,10,2001,4,1,1,1,2,1,4,2,1,1,2,4,1,2,14,6,1,1,,2,2
10,17,3,5,2001,1,1,1,2,2,1,2,1,1,1,1,1,1,2,9,6,1,1,,2,2
10,17,4,5,2001,1,3,1,2,2,2,1,2,2,1,1,1,1,2,10,1,1,1,,2,2
10,17,4,7,2001,4,2,1,2,2,1,1,1,1,1,1,1,1,2,9,6,1,1,40,2,2
10,17,4,7,2001,3,1,1,2,2,1,1,1,1,1,1,1,1,2,9,6,1,1,35,2,2
10,17,4,7,2001,2,3,1,2,2,1,1,1,1,1,1,1,1,2,9,6,1,1,35,1,1
10,17,4,9,2001,3,3,1,2,2,1,1,1,1,1,1,4,1,2,6,6,1,1,,2,2
10,17,4,10,2001,3,1,1,2,2,1,1,1,1,1,1,4,1,2,9,6,1,1,,2,2
5,17,4,3,2001,2,1,1,2,2,1,1,1,1,1,1,4,1,2,8,6,1,1,38,2,2
5,17,4,8,2001,2,1,1,2,2,1,1,1,1,1,1,4,1,2,8,6,1,1,35,2,2
5,17,3,10,2001,3,7,8,2,2,1,1,1,1,1,1,4,1,2,8,6,1,1,35,2,2
2,17,3,10,2001,2,1,1,2,2,1,1,1,1,1,1,5,1,2,4,6,1,1,,2,1
3,17,4,2,2001,1,1,1,2,2,1,2,1,1,2,1,3,1,2,14,6,1,1,25,2,2
3,17,4,3,2001,3,1,1,2,2,1,1,1,1,1,1,1,1,2,8,6,1,1,35,2,2
3,17,4,4,2001,4,1,1,2,2,1,4,1,1,1,1,3,1,2,14,6,1,1,25,2,2
3,17,4,6,2001,2,1,1,2,2,1,1,1,1,1,1,1,1,2,14,6,1,1,,2,2
3,17,3,11,2001,3,1,1,2,2,1,1,2,1,1,1,1,1,2,14,6,1,1,38,2,2
8,17,4,8,2001,4,1,1,2,2,1,2,2,1,1,1,3,4,2,17,6,1,1,40,2,2
8,17,4,11,2001,2,1,1,2,2,1,1,1,1,1,1,4,1,2,9,6,2,1,32,2,2
8,17,4,12,2001,3,4,1,2,2,1,1,1,1,1,1,4,1,2,9,6,1,1,25,2,2
8,17,4,6,2001,2,1,1,2,2,1,2,1,1,1,1,4,1,2,9,6,1,1,41,2,2
8,17,3,12,2001,2,1,1,2,2,1,1,1,1,1,1,5,1,2,7,6,1,1,35,2,2
1,15,4,11,2001,,3,1,2,2,1,1,1,1,1,1,1,1,1,14,5,1,1,30,2,2
6,15,4,12,2001,3,1,1,2,2,1,1,2,1,1,1,3,1,2,19,6,1,1,,2,2
2,15,3,7,2001,3,1,1,2,2,1,1,1,1,1,1,3,1,2,8,6,1,1,,2,2
5,15,4,12,2001,4,1,1,2,2,1,4,1,1,1,1,4,1,2,14,6,1,1,,2,2
5,9,4,11,2001,3,3,1,2,2,1,1,1,1,1,1,1,1,2,7,6,1,1,,2,2
9,9,4,2,2001,1,2,1,2,2,1,4,3,1,3,1,4,1,2,14,4,1,1,,2,2
6,9,4,7,2001,2,1,1,2,2,1,1,1,1,1,1,3,1,2,9,6,1,1,,2,2
11,9,4,11,2001,3,1,1,2,2,1,1,1,1,1,1,1,1,2,8,6,1,1,,2,2
3,9,3,8,2001,4,1,1,2,2,1,2,1,1,1,1,3,4,2,8,6,1,1,36,2,2
3,14,3,10,2001,3,1,1,2,2,1,1,1,1,1,1,5,1,2,4,6,1,1,,2,2
3,14,4,11,2001,4,1,1,2,2,1,4,1,1,1,1,5,1,2,14,6,1,1,35,2,2
3,14,4,12,2001,2,1,1,2,2,1,1,1,1,1,1,5,1,1,4,6,1,1,42,2,1
3,14,4,12,2001,4,1,1,2,2,4,4,1,1,1,2,5,1,1,4,6,1,1,30,2,1
3,14,3,11,2001,4,2,1,2,2,1,4,1,1,1,1,1,1,1,4,6,1,1,22,2,2
1,10,4,10,2001,4,1,1,2,2,1,4,1,1,1,1,2,1,2,14,6,1,1,32,2,2
5,10,3,3,2001,3,1,1,2,2,1,1,1,1,1,1,3,1,2,14,5,1,1,32,2,2
5,10,4,5,2001,2,1,1,2,2,1,1,1,1,1,1,3,1,2,14,2,1,1,35,2,2
5,10,4,5,2001,3,1,1,2,2,1,1,1,1,1,1,3,1,2,14,5,1,1,40,2,2
5,10,4,9,2001,2,1,1,2,2,1,1,1,1,1,1,3,1,2,14,6,1,1,,2,2
5,10,4,12,2001,3,1,1,2,2,1,1,1,1,1,1,3,1,2,17,6,1,1,45,2,2
1,14,4,12,2001,2,1,1,2,2,1,1,1,1,1,1,1,1,1,8,6,1,1,,2,2
2,14,2,11,2001,3,1,1,2,2,1,1,1,1,1,1,1,1,1,10,2,1,1,45,2,2
1,59,4,1,2001,3,7,8,2,2,1,1,1,1,1,1,2,1,2,7,11,1,7,,2,2
1,57,4,1,2001,3,1,1,2,2,1,1,1,1,1,1,2,1,2,9,6,1,3,30,2,2
2,57,3,2,2001,3,1,8,2,2,1,1,1,1,1,1,1,1,2,9,6,1,1,40,2,2
6,57,4,1,2001,3,1,1,2,2,1,1,1,1,1,1,2,1,2,8,6,1,1,40,2,2
8,57,4,1,2001,1,1,1,2,2,1,2,1,1,1,1,1,1,2,14,6,1,7,,2,2
1,62,4,1,2001,2,1,1,2,2,1,1,1,1,1,1,3,1,1,9,6,1,1,30,2,2
6,63,4,2,2001,3,1,1,2,2,1,1,1,1,2,2,4,1,2,14,6,1,1,38,2,2
2,59,4,3,2001,2,2,8,2,2,1,1,1,1,1,1,2,1,1,14,6,1,1,35,1,2
4,59,4,1,2001,3,1,1,1,2,1,1,1,1,1,1,1,1,2,5,6,1,1,30,2,2
5,59,4,3,2001,1,7,1,1,2,1,2,1,5,1,1,4,1,2,8,11,1,1,1,1,2
5,59,4,3,2001,3,2,1,2,2,1,1,1,5,1,3,3,1,1,8,11,1,1,,2,2
1,57,4,3,2001,4,1,1,2,2,1,2,1,1,1,1,1,1,2,14,6,1,1,,1,2
3,57,4,3,2001,1,7,4,2,2,1,3,1,1,1,1,1,1,2,14,6,1,1,,1,2
3,57,4,3,2001,3,7,4,2,2,1,1,1,1,1,1,1,1,2,9,6,1,1,,2,2
5,57,4,3,2001,4,1,8,2,2,1,4,1,1,1,2,4,1,2,14,6,1,1,35,2,2
6,57,3,3,2001,1,1,1,2,2,1,4,1,1,1,1,4,1,2,6,6,1,3,,2,2
5,62,4,2,2001,4,1,2,2,2,1,4,1,1,1,1,5,1,2,5,6,1,1,,1,2
4,62,4,2,2001,3,1,1,1,2,1,1,1,1,1,1,2,1,2,12,6,1,1,,2,2
4,62,4,2,2001,3,1,1,1,2,1,1,1,1,1,1,2,1,2,14,6,1,1,,2,2
1,65,4,1,2001,2,1,1,2,2,1,1,1,1,1,1,1,1,1,9,9,1,1,,1,2
1,65,3,1,2001,4,1,3,2,2,1,2,1,1,1,1,1,1,2,11,6,1,1,,2,2
1,65,4,3,2001,3,1,3,2,2,1,1,1,1,1,1,1,1,1,12,6,1,1,,2,2
2,65,1,1,2001,3,1,1,2,2,1,1,1,1,1,1,1,1,2,8,6,1,1,,2,2
2,65,4,1,2001,1,1,1,2,2,4,4,1,2,1,1,1,1,2,19,6,1,1,,2,2
2,65,4,1,2001,4,1,8,2,2,1,2,2,1,1,2,4,2,2,14,6,1,7,45,1,2
2,65,4,2,2001,4,1,1,2,2,1,2,2,1,1,1,1,1,2,11,5,2,1,16,1,2
2,65,4,3,2001,3,1,1,2,2,1,1,1,1,1,1,1,1,2,10,6,1,1,,2,2
2,65,3,3,2001,4,1,1,2,2,1,4,1,1,1,1,1,1,2,14,6,1,7,,1,2
2,65,4,4,2001,1,1,1,2,1,1,2,2,1,1,1,1,1,2,14,1,1,1,38,2,2
2,65,4,4,2001,2,3,1,2,2,1,2,2,1,1,1,1,1,2,9,1,1,1,,2,2
3,65,3,3,2001,2,1,1,2,2,1,1,1,1,1,1,2,1,2,3,6,1,1,35,2,2
6,65,4,3,2001,2,1,8,2,2,1,1,1,1,1,1,1,1,2,7,6,1,1,,2,2
7,65,4,1,2001,3,1,2,2,2,1,1,2,1,1,1,1,1,2,9,6,1,1,28,2,2
7,65,4,1,2001,3,1,2,2,2,1,1,2,1,1,1,1,1,2,5,6,1,1,20,1,2
7,65,4,2,2001,2,7,2,2,2,1,1,1,1,1,1,4,1,2,4,6,1,1,35,2,2
4,63,4,2,2001,2,7,1,2,2,1,1,1,1,1,1,1,1,2,13,6,1,1,32,2,2
6,63,4,2,2001,3,1,1,2,2,1,1,1,1,2,2,4,1,2,14,6,1,1,38,2,2
7,63,4,1,2001,3,1,1,1,2,1,1,1,1,1,1,1,1,2,14,11,1,7,24,2,2
7,63,4,1,2001,2,7,6,1,2,1,1,4,1,3,2,4,1,2,14,6,1,1,,1,2
13,63,4,1,2001,2,7,1,2,2,1,1,1,1,1,1,1,1,2,12,9,1,7,,2,2
13,63,3,2,2001,3,7,8,2,2,1,1,1,1,1,1,1,1,2,9,11,1,1,27,2,2
14,63,4,1,2001,3,1,1,2,2,1,1,1,1,1,1,1,1,2,14,6,1,1,32,2,2
14,63,4,1,2001,2,1,5,2,2,1,1,1,1,1,1,1,1,2,14,6,1,1,,1,2
14,63,4,1,2001,2,3,1,2,2,1,4,1,1,1,1,1,1,2,9,6,1,1,,2,2
14,63,4,1,2001,1,1,1,2,2,1,4,1,1,1,1,1,1,2,9,6,1,1,28,1,2
14,63,4,1,2001,2,1,1,2,2,1,1,1,1,1,1,1,1,2,9,6,1,1,,2,2
14,63,4,1,2001,1,1,1,2,2,1,4,1,1,1,1,1,1,2,14,6,1,1,31,1,2
14,63,4,3,2001,2,1,1,2,2,1,1,1,1,1,1,1,1,2,19,6,1,1,,2,2
14,63,4,3,2001,1,1,1,2,2,1,4,1,1,1,1,1,1,2,7,6,1,1,33,2,2
14,63,4,3,2001,3,1,1,2,2,1,1,1,1,1,1,1,1,2,14,6,1,1,,2,2
14,63,4,3,2001,2,1,1,2,2,1,1,1,1,1,1,1,1,1,9,6,1,7,,2,2
5,66,4,3,2001,2,1,1,2,2,1,1,4,1,1,1,4,1,2,8,6,1,1,,2,2
5,66,3,3,2001,2,1,1,2,2,1,1,4,1,1,1,4,1,2,8,6,1,1,36,2,2
4,66,4,3,2001,4,1,1,2,2,1,4,4,1,1,1,1,1,2,1,6,2,1,30,2,2
6,66,4,2,2001,2,1,1,2,2,1,1,4,1,1,1,1,1,2,8,6,1,1,30,2,2
8,66,4,1,2001,2,1,1,2,2,1,1,2,1,1,1,1,1,2,14,1,1,1,45,2,2
8,66,4,1,2001,2,1,1,2,2,1,1,2,1,1,1,2,1,2,14,1,1,1,45,2,2
5,66,4,1,2001,4,1,1,2,2,1,2,4,1,3,2,4,1,2,14,6,1,1,32,2,2
5,66,4,1,2001,2,1,1,2,2,1,1,1,1,1,2,1,1,2,8,6,1,1,30,2,2
5,66,4,2,2001,3,1,1,2,2,1,1,2,1,1,1,4,1,2,11,6,2,6,35,2,2
5,66,4,2,2001,3,1,1,2,2,1,1,5,1,3,1,4,1,2,11,6,2,3,23,2,2
5,66,4,3,2001,2,1,1,2,2,1,1,4,1,1,1,2,1,2,11,2,2,1,45,2,2
7,67,1,3,2001,4,7,1,2,2,1,4,4,1,1,1,1,3,2,9,2,1,1,,1,2
11,67,4,1,2001,4,4,1,2,2,1,3,2,1,1,2,2,4,2,9,6,1,7,,2,2
11,67,4,2,2001,2,4,1,1,2,1,1,2,1,1,1,4,1,2,14,1,1,1,23,2,2
1,68,4,1,2001,3,1,1,2,2,1,1,5,1,2,2,4,4,2,11,6,1,1,25,2,1
3,68,4,2,2001,4,4,1,2,2,1,2,4,1,1,1,2,1,2,9,2,2,1,45,2,2
5,68,4,2,2001,1,1,1,2,2,1,4,1,1,2,2,3,4,2,,,,,,,
14,63,4,4,2001,4,1,1,2,2,1,4,1,1,1,1,1,2,2,19,6,1,1,,1,2
14,63,4,4,2001,3,1,1,2,2,1,1,1,1,1,1,1,1,2,9,6,1,1,,1,2
14,63,4,4,2001,1,1,1,2,2,1,2,1,1,1,1,1,1,2,14,6,1,1,,2,2
14,63,4,4,2001,2,3,1,2,2,1,1,2,1,1,1,1,1,2,14,2,1,1,30,2,2
14,63,4,4,2001,1,1,1,2,2,1,2,1,1,1,1,1,1,2,19,6,1,1,,2,2
14,63,4,4,2001,3,1,1,2,2,1,1,1,1,1,1,1,1,2,14,6,1,6,,1,2
6,63,4,4,2001,2,1,1,2,2,1,2,1,1,1,1,2,1,2,7,6,1,1,27,2,2
2,59,4,4,2001,3,7,1,2,2,1,1,1,1,1,1,4,1,2,17,6,1,1,,2,2
4,59,4,4,2001,4,1,1,2,2,1,4,1,1,1,1,2,1,2,9,6,1,1,,2,2
6,59,4,4,2001,3,1,1,2,2,1,1,1,1,1,1,2,1,2,4,6,1,7,27,2,2
7,59,4,4,2001,2,7,8,2,2,1,1,1,1,1,1,2,1,2,19,5,1,1,,1,2
1,68,4,4,2001,1,3,1,1,2,2,4,4,2,1,1,2,1,2,14,2,1,1,40,1,2
1,68,4,4,2001,3,1,1,1,2,1,1,3,5,2,3,4,3,2,13,6,1,1,28,2,2
1,67,4,4,2001,2,1,1,2,2,1,1,1,1,1,1,2,1,2,9,2,2,1,42,2,2
1,67,4,4,2001,3,1,1,2,2,1,1,4,1,1,1,2,1,2,11,9,2,1,,2,2
8,64,4,2,2001,4,1,1,2,2,1,3,1,1,1,1,5,1,1,14,6,1,1,,2,2
8,64,3,2,2001,4,1,1,2,2,1,3,1,1,1,1,5,1,1,9,6,1,1,,1,2
8,64,3,2,2001,1,1,1,2,2,1,3,1,1,1,1,5,1,1,6,6,1,3,,1,2
1,60,4,1,2001,4,1,4,2,2,1,3,1,1,1,1,1,1,1,9,6,1,1,,2,2
1,60,1,3,2001,1,1,1,1,2,1,2,1,1,1,1,1,1,2,19,6,1,1,,2,2
1,60,2,3,2001,4,1,1,2,2,1,4,1,1,1,1,1,1,2,12,6,1,1,35,2,2
1,60,3,3,2001,4,1,1,2,2,1,3,1,1,1,1,1,1,1,9,6,1,1,,2,2
3,57,4,3,2001,4,3,4,2,2,1,3,3,1,1,1,1,1,1,14,5,1,1,45,2,2
3,57,4,4,2001,2,3,1,2,2,1,1,1,1,1,1,1,1,2,9,6,,,,,
8,57,4,4,2001,3,3,1,2,2,1,1,2,1,1,1,1,1,2,14,1,,,,,
3,64,4,3,2001,2,1,1,2,2,1,1,1,1,1,1,5,1,1,14,6,1,1,32,2,2
3,64,4,4,2001,4,1,1,2,2,1,2,1,1,1,1,5,1,1,12,6,1,1,,2,2
11,64,4,1,2001,3,3,1,2,2,1,1,1,1,1,1,5,1,1,14,1,1,3,,2,2
2,59,4,5,2001,2,1,1,2,2,1,1,3,5,2,2,4,4,2,17,6,1,1,,2,2
7,59,3,5,2001,4,1,1,2,2,1,3,1,1,1,1,2,1,2,14,6,1,1,,2,2
1,63,4,3,2001,3,1,1,2,2,1,1,1,1,1,1,2,1,2,4,1,1,1,,1,2
1,63,4,3,2001,4,3,1,2,2,1,4,1,1,1,1,2,1,2,14,6,1,1,,1,2
5,63,4,5,2001,1,1,1,2,2,1,4,1,1,1,1,1,1,2,11,2,1,1,,2,2
8,63,4,6,2001,1,1,1,2,2,1,2,1,2,1,1,1,1,2,14,6,1,1,31,2,2
1,65,3,5,2001,3,1,3,2,2,1,1,1,1,1,1,1,1,2,7,6,1,1,40,2,2
1,65,4,5,2001,2,1,1,2,2,1,1,1,1,1,1,1,1,2,12,6,,,,1,
1,65,4,5,2001,3,1,3,2,2,1,1,1,1,1,1,1,1,2,14,6,1,1,,2,2
2,65,3,5,2001,3,1,1,2,2,1,1,1,1,1,1,1,1,2,7,6,1,6,40,1,2
2,65,4,5,2001,3,1,1,2,2,1,1,1,1,1,1,1,1,2,12,6,1,1,,1,2
5,65,4,5,2001,1,1,1,2,2,1,4,1,1,1,1,1,1,2,7,6,1,1,,2,2
6,65,4,5,2001,3,1,1,2,2,2,2,4,3,2,2,2,1,2,,,,,,,
6,65,4,5,2001,3,1,1,2,2,1,1,1,1,1,1,1,1,2,14,,,,,,
7,67,3,5,2001,3,1,1,2,2,2,1,1,2,1,1,2,1,2,9,6,1,1,35,1,2
3,64,4,6,2001,4,1,1,2,2,2,3,1,2,1,1,5,1,1,14,6,1,1,,2,2
11,67,3,6,2001,2,1,1,2,2,1,1,3,1,1,1,3,1,2,8,6,1,1,32,1,2
1,65,4,6,2001,2,1,1,2,2,2,1,1,2,1,1,1,1,1,9,6,1,1,45,1,2
2,65,1,6,2001,3,1,1,2,2,2,1,2,2,1,1,1,1,2,9,1,1,1,,2,2
2,65,4,6,2001,4,1,1,2,2,1,4,1,1,1,1,1,1,2,5,1,1,1,22,2,2
1,68,4,5,2001,2,4,1,2,2,1,1,4,1,1,1,2,1,2,11,2,2,6,40,2,2
1,68,3,6,2001,2,1,1,2,2,1,1,1,1,1,1,2,1,1,5,6,1,1,28,1,2
1,65,4,6,2001,3,1,3,2,2,1,2,1,1,1,1,1,1,2,9,6,1,1,,1,2
2,65,4,7,2001,3,1,1,2,2,1,1,1,1,1,1,2,1,2,9,6,1,3,35,2,2
2,65,4,7,2001,2,1,1,2,2,1,1,1,1,1,1,1,1,1,9,6,1,1,,2,2
2,65,4,7,2001,4,7,1,2,2,1,4,1,1,1,1,1,1,2,11,1,1,1,28,2,2
2,65,4,7,2001,3,1,1,2,2,1,1,1,1,1,1,1,1,2,9,11,1,1,,1,2
7,65,4,7,2001,2,1,1,2,2,1,1,1,1,1,2,2,1,2,11,5,1,1,28,2,2
6,65,4,7,2001,3,1,1,2,2,1,1,1,1,1,1,1,1,2,11,6,1,1,,1,2
11,63,4,6,2001,4,1,1,2,2,2,4,1,2,1,3,2,1,2,13,10,1,1,,2,2
5,66,1,5,2001,4,1,1,2,2,1,1,4,1,1,1,2,1,2,11,6,1,1,40,1,2
1,66,4,4,2001,3,1,1,2,2,1,1,1,1,1,1,2,1,2,9,6,1,1,32,2,2
1,66,3,7,2001,3,3,1,2,2,1,1,1,1,2,1,3,1,2,10,6,1,1,35,2,2
8,66,4,5,2001,3,1,1,2,2,1,1,1,1,1,1,1,1,2,8,6,1,1,40,2,2
14,63,3,5,2001,3,1,1,2,2,1,1,1,1,1,1,1,1,2,14,6,1,1,35,1,2
14,63,4,5,2001,3,1,1,2,2,1,1,1,1,1,1,1,1,2,14,5,2,1,,1,2
2,66,3,9,2001,2,1,1,2,2,1,1,2,1,1,1,2,1,2,14,6,1,1,30,2,2
7,59,4,8,2001,1,1,1,2,2,2,4,2,2,1,1,2,1,2,10,2,1,1,,2,2
1,65,4,8,2001,3,1,1,2,2,1,1,1,1,1,1,1,1,2,9,6,1,1,50,2,2
1,65,3,8,2001,3,1,1,2,2,1,1,1,1,1,1,1,1,1,9,6,1,1,,2,2
2,65,3,8,2001,3,1,1,2,2,1,1,1,1,1,1,1,1,2,9,1,1,1,,2,2
2,65,4,8,2001,3,7,1,2,2,1,1,2,1,1,1,1,1,2,8,2,1,1,42,2,2
2,65,4,8,2001,3,1,1,2,2,1,1,1,2,1,1,1,1,2,14,6,1,7,20,2,2
2,65,4,8,2001,3,1,1,2,2,1,1,1,1,1,1,1,1,2,14,6,1,1,25,1,2
5,65,4,8,2001,2,1,1,2,2,2,1,1,2,1,1,2,1,2,9,6,1,1,,2,2
7,65,4,8,2001,2,1,1,2,2,1,1,1,1,1,1,1,1,2,11,5,1,1,27,1,2
14,63,1,8,2001,3,1,1,2,2,1,1,1,1,1,1,1,1,1,14,6,1,1,,2,2
14,63,4,8,2001,3,1,1,1,2,1,1,1,1,1,1,1,1,2,14,6,1,1,,1,2
14,63,4,9,2001,4,1,1,2,2,1,1,1,1,1,1,1,1,2,14,6,1,1,38,2,2
6,63,4,7,2001,2,1,1,2,2,1,2,1,1,1,1,2,1,2,8,6,1,1,41,2,2
4,63,1,8,2001,3,1,1,2,2,1,1,3,1,1,1,1,1,2,7,6,1,1,22,2,2
13,63,4,8,2001,4,7,8,2,2,2,1,1,2,1,1,1,1,2,9,6,1,1,,2,2
13,63,4,8,2001,2,1,1,2,2,1,1,1,1,1,1,1,1,2,8,6,1,1,,2,2
1,63,4,8,2001,2,7,1,2,2,1,1,4,1,1,1,2,1,2,8,1,1,1,,2,2
3,64,4,10,2001,4,3,4,2,2,1,3,2,1,1,1,5,1,1,14,6,1,6,,1,2
13,63,4,9,2001,3,1,1,2,2,1,1,1,1,1,1,4,1,2,9,6,1,1,,1,2
2,67,4,8,2001,2,1,1,2,2,1,1,4,1,1,1,2,1,2,11,6,1,1,39,2,2
7,66,1,7,2001,2,1,1,2,2,1,1,1,1,1,1,4,1,2,9,6,1,1,30,2,2
8,57,4,6,2001,2,1,1,2,2,1,1,1,1,1,1,1,1,2,9,6,2,1,40,2,2
5,57,3,6,2001,3,3,1,2,2,1,1,1,1,1,1,2,1,2,9,6,1,1,45,2,2
1,57,3,5,2001,2,1,1,2,2,1,1,1,1,1,1,1,1,2,14,6,1,1,,1,2
1,57,4,5,2001,2,1,1,2,2,1,1,1,1,1,1,1,1,2,11,1,1,1,,2,2
1,57,3,6,2001,3,1,1,2,2,1,1,1,1,1,1,1,1,2,14,1,1,1,25,2,2
1,57,4,7,2001,4,1,1,2,2,1,1,1,1,1,1,1,1,2,14,6,1,1,30,2,2
14,63,2,10,2001,2,1,1,2,2,1,1,1,1,1,1,1,1,2,14,1,1,1,40,1,2
14,63,1,8,2001,4,1,1,2,2,1,3,1,1,1,1,1,1,2,14,6,1,1,30,1,2
7,63,4,8,2001,3,1,4,2,2,2,1,1,2,1,1,1,1,2,9,6,1,1,33,1,2
2,65,4,10,2001,3,1,1,2,2,1,1,1,1,1,1,1,1,1,9,6,1,1,,2,2
2,65,4,10,2001,4,1,1,2,2,2,4,4,2,1,1,1,1,2,9,2,1,1,,1,2
4,65,4,10,2001,3,1,2,2,2,1,1,4,1,1,2,2,1,2,14,6,1,1,,1,2
5,65,4,10,2001,3,1,1,2,2,1,1,1,1,1,1,1,1,2,9,6,1,1,,2,2
5,65,4,10,2001,2,1,1,2,2,2,1,1,2,1,1,2,1,2,5,6,1,1,,1,2