Thana,District,Accident_Severity,Month,Year,Time,Junction_Type,Traffic_Control,Movement,Divider,Weather,Light,Road_Geometry,Surface_Condition,Surface_Type,Surface_Quality,Road_Class,Road_Feature,Location_Type,Vehicle_Type,Vehicle_Movement,Vehicle_Loading,Vehicle_Defect,Vehicle_Driver_Age,Vehicle_Alcohol,Vehicle_Seat_Belt
1,59,4,10,2001,2,1,1,2,2,1,1,2,1,1,1,2,1,2,4,4,1,1,38,2,1
4,59,4,11,2001,3,1,1,2,2,1,1,1,1,1,1,2,1,2,17,6,1,1,,2,2
4,65,4,11,2001,3,1,1,2,2,1,1,1,1,1,1,2,1,2,13,6,1,1,,2,2
5,65,4,11,2001,3,1,1,2,2,1,1,1,1,1,1,4,1,2,13,6,1,1,,2,2
8,63,3,11,2001,3,1,1,2,2,1,1,1,1,1,1,1,1,2,14,6,1,1,36,2,2
1,63,3,10,2001,3,1,1,2,2,1,1,2,1,1,1,2,1,2,13,4,1,1,30,2,2
1,63,4,10,2001,3,1,1,2,2,1,1,1,1,1,1,2,4,2,4,4,1,1,18,2,2
3,63,4,7,2001,3,1,1,2,2,1,1,1,1,1,1,1,1,2,14,5,1,1,35,2,2
3,63,1,8,2001,1,1,1,2,2,1,3,1,1,1,1,1,1,2,8,6,1,1,35,2,2
3,63,4,8,2001,4,1,1,2,2,1,4,1,1,1,1,1,1,2,5,6,1,1,,2,2
2,59,4,12,2001,2,1,1,2,2,1,1,1,1,3,1,2,1,2,17,6,1,1,,2,2
3,57,4,10,2001,1,1,1,2,2,1,4,1,1,1,1,1,1,2,9,11,1,1,32,2,2
3,57,4,7,2001,2,1,1,2,2,1,1,1,1,1,1,2,1,2,9,6,1,1,,2,2
1,57,4,8,2001,3,1,1,2,2,1,1,1,1,1,1,1,1,2,14,1,1,1,32,2,2
1,57,4,9,2001,3,1,1,2,2,1,1,1,1,1,1,1,1,2,9,1,1,1,30,2,2
4,57,4,9,2001,3,1,1,2,2,1,1,1,1,1,1,4,1,2,7,6,1,1,28,2,2
8,57,4,8,2001,4,1,4,2,2,1,2,3,1,1,1,1,1,2,4,6,1,1,,2,2
1,66,4,11,2001,3,1,1,2,2,1,1,1,1,1,1,2,1,2,9,6,1,1,30,2,2
5,65,4,12,2001,3,1,1,2,2,1,2,1,1,1,1,2,1,2,11,6,1,1,,2,2
7,66,4,12,2001,2,1,1,2,2,1,1,1,1,1,1,2,1,1,9,6,2,1,,2,2
2,65,4,12,2001,2,1,1,2,2,1,1,1,1,1,1,1,1,2,8,2,1,1,36,2,2
1,65,3,12,2001,2,1,1,2,2,1,1,1,1,1,1,1,1,1,7,6,1,1,,2,2
1,65,4,12,2001,1,1,1,2,2,1,1,1,1,1,1,1,1,2,9,6,1,1,,2,2
1,65,4,12,2001,3,1,1,2,2,1,1,1,1,1,1,1,1,1,9,6,2,1,,2,2
1,64,1,10,2001,1,1,1,1,1,1,1,1,1,1,1,5,1,1,14,11,1,1,,2,2
7,64,4,10,2001,1,1,1,2,2,2,1,1,2,1,1,5,1,1,,6,1,1,,2,2
7,64,4,11,2001,2,1,1,2,2,1,1,1,1,1,1,5,1,1,9,1,1,1,,2,2
7,64,1,11,2001,4,1,3,2,2,1,3,1,1,1,1,5,1,1,14,1,1,1,,2,2
7,64,4,12,2001,2,7,4,2,1,1,1,1,1,1,1,5,1,1,7,1,1,1,29,2,2
1,61,3,9,2001,1,1,1,2,2,1,4,1,1,1,1,1,1,2,9,1,1,1,35,1,2
1,61,2,9,2001,3,1,1,2,2,1,1,1,1,1,1,1,1,2,14,1,1,1,32,1,2
1,61,2,9,2001,1,1,1,2,2,1,4,1,1,1,1,1,1,2,14,1,1,1,35,1,2
1,61,3,9,2001,4,1,1,2,2,1,4,1,1,1,1,1,1,2,9,1,1,1,32,2,2
1,61,4,9,2001,2,1,1,2,2,1,2,3,1,1,1,1,1,2,14,6,2,1,,2,2
1,61,3,10,2001,3,1,1,2,2,1,1,1,1,1,1,1,1,2,8,5,1,1,40,2,2
1,61,4,10,2001,4,1,1,2,2,1,4,1,1,1,1,1,1,2,9,1,1,1,40,1,2
1,61,2,10,2001,1,1,1,2,2,2,4,1,2,1,1,1,1,2,9,1,1,1,40,1,2
1,61,3,11,2001,1,1,1,2,2,1,4,1,1,1,1,1,1,2,7,1,1,1,35,1,2
1,61,4,11,2001,1,1,1,2,2,1,2,1,1,1,1,1,1,2,14,6,1,1,30,2,2
1,61,3,12,2001,1,1,1,2,2,1,4,1,1,1,1,1,1,2,14,2,1,1,40,2,2
1,61,1,12,2001,3,1,1,2,2,1,1,1,1,1,1,1,1,2,9,6,1,1,35,2,2
1,61,3,12,2001,1,1,1,2,2,1,2,1,1,1,1,1,1,2,10,1,1,1,32,1,2
1,61,2,12,2001,1,1,1,2,2,1,4,1,1,1,1,1,1,2,9,1,1,1,42,1,2
3,61,4,12,2001,3,1,1,2,2,1,1,1,1,1,1,2,1,2,9,6,1,1,,2,2
2,61,4,11,2001,2,1,1,2,2,1,1,1,1,1,1,1,1,2,14,6,1,1,45,2,2
1,63,4,11,2001,3,1,2,2,2,1,1,1,1,1,1,2,1,2,8,5,1,1,32,1,2
1,63,4,11,2001,2,1,1,2,2,1,1,1,1,1,1,2,1,2,11,6,1,1,,2,2
3,63,2,10,2001,1,1,2,2,2,1,2,1,1,1,1,2,1,2,14,6,1,1,,2,2
13,63,4,11,2001,2,1,1,2,2,1,2,1,1,1,1,2,1,2,14,6,1,1,,2,2
13,63,4,11,2001,3,1,1,2,2,1,1,1,1,1,1,2,1,2,9,6,1,1,,2,2
1,68,4,8,2001,2,1,1,2,2,1,1,2,1,1,1,2,1,2,9,6,1,1,32,1,2
1,68,3,8,2001,2,4,1,2,2,1,1,3,1,1,1,2,4,1,5,6,1,1,,2,2
1,68,3,10,2001,3,4,1,2,2,1,2,3,1,1,1,2,4,1,14,6,1,1,22,2,2
1,68,4,11,2001,2,1,1,2,2,1,1,1,1,1,1,2,2,2,14,6,1,1,26,1,2
3,68,4,10,2001,4,1,1,2,2,2,2,5,2,2,2,4,3,2,11,6,2,1,,2,2
2,66,4,12,2001,2,1,1,2,2,1,1,1,1,1,1,2,1,2,11,6,1,1,,2,2
1,57,4,12,2001,3,1,1,2,2,1,1,1,1,1,1,2,1,1,14,6,1,1,48,2,2
1,57,4,12,2001,1,1,1,2,2,4,2,1,2,1,1,2,1,2,9,6,1,1,38,2,2
2,57,1,12,2001,2,1,1,2,2,4,2,1,1,1,1,2,1,2,11,6,1,1,30,2,1
5,57,4,12,2001,2,3,1,2,2,1,1,1,1,1,1,2,1,2,9,8,1,1,35,2,2
6,57,1,11,2001,2,1,1,2,2,1,1,1,1,1,1,2,1,2,6,6,1,1,22,2,2
8,57,1,10,2001,4,1,1,2,2,1,4,1,1,1,1,2,1,2,9,6,1,1,35,2,2
8,57,4,10,2001,2,1,1,2,2,1,1,1,1,1,1,2,1,2,14,6,1,1,40,2,2
8,57,4,10,2001,3,1,1,2,2,1,1,1,1,1,1,2,1,2,9,6,1,1,40,2,2
8,57,4,12,2001,3,1,1,2,2,1,1,1,1,1,1,2,1,2,14,6,1,1,40,2,2
8,57,4,12,2001,2,1,1,2,2,1,1,1,1,1,1,2,1,2,,,,,,,
7,64,4,10,2001,2,1,1,2,2,1,1,1,1,1,1,5,1,1,14,1,1,1,,2,2
1,57,4,10,2001,2,3,4,2,2,4,1,4,1,1,1,2,1,1,14,2,1,5,,2,2
5,64,4,1,2001,3,1,1,2,2,1,1,1,1,1,1,5,1,1,7,6,1,1,36,2,2
5,64,4,2,2001,3,1,1,2,2,1,1,1,1,1,1,5,1,1,15,6,1,1,,2,2
5,64,4,4,2001,3,1,1,2,2,1,1,1,1,1,1,5,1,1,14,6,1,1,43,2,2
5,64,4,4,2001,1,1,1,2,2,1,3,1,1,1,1,5,1,1,,,,,,,
5,64,4,5,2001,2,1,1,2,2,1,1,1,1,1,1,5,1,1,9,6,1,1,45,2,2
5,64,3,7,2001,4,1,1,2,2,1,2,1,1,1,1,5,1,1,15,6,1,1,,2,2
5,64,3,9,2001,4,2,1,2,2,1,3,1,1,1,1,5,1,1,12,6,1,1,37,2,2
10,64,4,3,2001,3,1,1,2,2,1,1,1,1,1,1,5,1,1,14,6,1,1,38,1,2
10,64,4,6,2001,2,1,1,2,2,1,2,1,1,1,1,5,1,1,9,6,1,1,34,1,2
10,64,4,9,2001,3,1,1,2,2,1,1,1,1,1,1,5,1,1,14,6,1,1,51,1,2
10,64,4,10,2001,4,1,1,2,2,1,3,1,1,1,1,5,1,1,14,6,1,1,48,2,2
10,64,3,11,2001,4,1,1,2,2,1,2,1,1,1,1,5,1,1,14,6,1,1,50,2,2
10,64,4,11,2001,3,1,1,2,2,1,2,1,1,1,1,5,1,1,14,6,1,1,29,2,2
10,64,3,11,2001,2,1,1,2,2,1,1,1,1,1,1,5,1,1,14,6,2,1,42,2,2
10,64,4,11,2001,2,1,1,2,2,1,1,1,1,1,1,5,1,1,14,6,1,1,45,2,2
10,64,3,12,2001,2,1,1,2,2,1,2,1,1,1,1,5,1,1,9,6,1,1,37,2,2
11,64,3,2,2001,1,1,1,2,2,1,4,1,1,1,1,5,1,1,10,6,1,1,28,1,2
11,64,3,3,2001,2,1,1,2,2,1,1,1,1,1,1,5,1,1,12,6,1,1,30,2,2
11,64,4,5,2001,2,1,1,2,2,1,1,1,1,1,1,5,1,1,12,6,1,1,28,2,2
11,64,3,7,2001,3,1,4,2,2,1,1,1,1,1,1,5,1,1,14,6,1,1,39,2,2
11,64,4,8,2001,4,1,1,2,1,1,3,1,1,1,1,5,1,1,8,6,1,1,45,2,2
11,64,4,10,2001,4,1,4,2,2,1,3,1,1,1,1,5,1,1,10,6,1,1,,2,2
11,64,4,11,2001,3,1,1,2,2,1,1,1,1,1,1,5,1,1,,,,,,,
11,64,3,12,2001,3,1,1,2,2,1,1,1,1,1,1,5,1,1,7,2,1,1,25,2,2
11,64,3,12,2001,3,1,1,2,2,1,1,1,1,1,1,5,1,1,8,6,1,1,26,2,2
11,64,4,12,2001,4,3,1,2,2,1,2,1,1,1,1,5,1,1,14,6,1,1,,2,2
11,63,4,11,2001,4,1,1,2,2,1,4,1,1,1,1,1,1,2,13,6,1,1,26,1,2
8,64,4,9,2001,3,1,1,2,2,1,1,1,1,1,1,5,1,1,14,6,1,1,,1,2
16,42,4,1,2002,2,,5,2,1,1,2,1,1,1,1,5,1,1,9,6,,1,,,
16,42,4,1,2002,2,1,5,2,1,1,1,1,1,1,1,2,1,1,9,6,,,,,
16,42,4,1,2002,2,,5,2,1,1,1,1,1,1,1,5,1,1,8,6,,,,2,2
16,42,4,1,2002,4,,,2,1,1,3,1,1,1,1,5,1,1,4,6,,,,,
16,42,2,1,2002,1,,5,1,1,1,2,1,1,1,1,5,1,1,13,6,,7,,,
16,42,4,1,2002,3,,6,,1,1,1,1,1,1,1,5,1,1,14,6,,,,,
16,42,4,2,2002,1,,5,1,1,1,2,1,1,1,1,5,1,1,14,6,,,,1,2
16,42,3,2,2002,2,3,8,1,1,1,2,1,1,1,1,5,1,1,10,6,1,1,,,2
16,42,4,2,2002,4,1,1,2,1,1,3,1,1,1,1,5,1,1,7,6,,,,,2
16,42,4,2,2002,4,3,5,2,1,1,3,1,1,1,1,5,1,1,9,6,,,,,2
16,42,4,2,2002,2,,5,1,1,1,3,1,1,1,1,5,1,1,8,6,,,,,
16,42,4,2,2002,1,,5,1,1,1,3,1,1,1,1,5,1,1,14,6,,,,,
16,42,4,2,2002,2,1,5,1,1,1,1,1,1,1,1,5,1,1,14,6,,,,,
16,42,3,3,2002,2,3,4,2,1,1,1,1,1,1,1,5,1,1,7,6,,,,,2
16,42,3,3,2002,2,1,,2,1,1,1,1,1,1,1,5,1,1,9,6,1,1,,,
16,42,3,3,2002,3,,,2,1,1,1,1,1,1,1,5,1,1,10,6,1,1,,,2
16,42,4,3,2002,2,1,3,2,1,1,2,1,1,1,1,5,1,1,9,6,1,1,,,2
16,42,4,3,2002,1,1,1,2,1,1,2,1,1,1,1,5,1,1,14,6,1,1,,,2
22,42,2,1,2002,2,7,1,1,1,1,1,1,1,1,1,5,1,1,7,6,,,,1,2
22,42,2,1,2002,2,1,1,2,1,1,2,1,1,1,1,5,1,1,14,6,1,1,,1,2
22,42,4,2,2002,4,1,6,2,1,1,3,1,1,1,1,5,1,1,,6,,,,,
22,42,4,2,2002,4,1,8,2,1,1,3,1,1,1,1,5,1,1,,6,1,1,,,
22,42,3,2,2002,3,1,8,1,1,1,1,1,1,1,1,5,1,1,13,6,,,,,
22,42,3,2,2002,4,2,3,2,1,1,3,1,1,1,1,5,1,1,14,6,,,,2,2
22,42,3,4,2002,2,5,4,2,1,1,1,1,1,1,1,5,1,1,10,6,1,1,,1,
11,42,4,1,2002,4,3,3,1,1,2,1,1,1,1,1,5,1,1,7,6,1,,,,2
11,42,4,1,2002,1,7,2,2,1,1,2,1,1,1,1,5,1,1,,6,,,,,
11,42,4,1,2002,2,1,1,2,1,1,1,1,1,1,1,5,1,1,7,6,,,,,
11,42,4,1,2002,2,1,1,2,1,1,1,1,1,1,1,5,1,1,14,6,1,1,40,1,2
11,42,4,2,2002,2,1,1,2,1,1,1,1,1,1,1,5,1,1,14,6,1,1,27,1,2
11,42,4,3,2002,1,1,1,1,1,1,3,1,1,1,1,5,1,1,9,6,1,,,,
11,42,4,3,2002,3,1,4,1,1,1,1,1,1,1,1,5,1,1,10,6,,,,,
11,42,4,3,2002,2,,,1,2,1,1,1,1,1,1,5,1,1,,6,,,,,
11,42,4,3,2002,3,1,3,2,1,1,1,1,1,1,1,5,1,1,8,9,1,1,,1,2
11,42,4,3,2002,4,1,1,2,2,1,2,1,1,1,1,5,1,1,6,6,1,1,,,
10,42,4,1,2002,3,3,6,2,1,1,1,1,1,1,1,5,1,1,8,6,1,1,35,2,2
10,42,4,1,2002,3,1,1,2,1,1,1,1,1,1,1,5,1,1,12,6,1,1,,,2
10,42,2,1,2002,1,1,6,2,1,1,2,1,1,1,1,5,1,1,14,6,1,1,,,2
10,42,3,1,2002,4,2,6,2,1,1,3,1,1,1,1,5,1,1,8,6,1,1,24,1,2
10,42,4,2,2002,2,7,8,2,1,1,1,1,1,1,1,5,1,1,7,6,,,,,
10,42,4,2,2002,1,3,6,2,1,1,3,1,1,1,1,5,1,1,,6,,,,,
10,42,4,2,2002,1,3,6,2,1,1,3,1,1,1,1,5,1,1,14,6,1,1,40,1,2
10,42,4,3,2002,3,7,8,2,1,1,1,1,1,1,1,5,1,1,14,6,,,,,2
10,42,3,3,2002,2,7,8,2,1,1,1,1,1,1,1,5,1,1,10,6,1,1,25,2,2
10,42,4,3,2002,,3,6,2,1,1,3,1,1,1,1,5,1,1,19,6,,,,,
10,42,4,4,2002,2,7,1,2,1,1,1,1,1,1,1,5,1,1,19,6,1,1,,,
10,42,3,4,2002,4,7,6,2,1,1,3,1,1,1,1,5,1,1,8,6,1,1,,,2
15,42,4,2,2002,1,1,1,1,1,1,2,1,1,1,1,5,1,1,8,6,1,1,,,
15,42,4,2,2002,2,1,2,1,1,1,2,1,1,1,1,5,1,1,19,6,1,1,,,
15,42,3,4,2002,4,1,2,1,1,1,3,1,1,1,1,5,1,1,10,6,,,35,,
15,42,4,4,2002,3,,3,2,1,1,1,1,1,1,1,5,1,1,8,6,,,23,,2
16,42,4,4,2002,1,1,5,1,2,1,2,1,1,1,1,5,1,1,14,6,1,1,,1,2
4,42,4,1,2002,2,3,4,1,1,1,1,1,1,1,1,5,1,1,8,5,1,1,,2,2
4,42,4,1,2002,3,3,4,1,1,1,1,1,1,1,1,5,1,1,8,6,2,,45,1,2
4,42,4,2,2002,3,1,1,1,1,1,1,1,1,1,1,5,1,1,9,6,1,1,,1,2
4,42,3,2,2002,2,1,1,1,2,1,1,1,1,1,1,5,1,1,9,6,1,1,,1,2
3,42,4,1,2002,1,3,1,2,2,1,4,1,1,1,1,5,1,1,8,6,,,,,2
3,42,3,3,2002,4,3,1,1,1,1,1,1,1,1,1,5,1,1,13,6,,,,1,2
2,42,4,1,2002,3,3,4,2,1,1,1,1,1,1,1,5,1,1,10,6,,,,,2
2,42,4,1,2002,2,2,6,2,1,1,2,1,1,1,1,5,1,1,9,6,,,,2,2
2,42,3,1,2002,2,1,1,2,1,1,1,1,1,1,1,5,1,1,6,6,1,1,,2,2
2,42,4,1,2002,1,1,1,2,1,1,3,1,1,1,1,5,1,1,14,6,,,,1,2
2,42,4,2,2002,3,1,1,2,1,1,1,1,1,1,1,5,1,1,9,6,1,1,27,1,2
18,42,3,2,2002,2,1,1,2,1,1,1,1,1,1,1,5,1,1,11,6,,,,,2
18,42,4,3,2002,1,1,1,2,1,1,3,1,1,1,1,5,1,1,11,6,1,1,,2,2
18,42,3,4,2002,1,1,1,2,1,1,2,1,1,1,1,5,1,1,12,6,1,1,,2,2
18,42,4,4,2002,4,1,1,2,1,1,3,1,1,1,1,5,1,1,14,7,,,,2,2
18,42,4,4,2002,1,1,1,2,1,1,3,1,1,1,1,5,1,1,19,6,,,,,
18,42,4,4,2002,4,1,1,2,1,1,3,1,1,1,1,5,1,1,8,6,,,,2,2
1,42,4,2,2002,4,1,4,2,1,1,3,1,1,1,1,5,1,1,8,6,,,23,2,2
1,42,3,2,2002,4,3,6,2,1,1,3,1,1,1,1,5,1,1,9,6,,,,2,2
1,42,2,2,2002,4,1,1,2,1,1,3,1,1,1,1,5,1,1,9,6,,,20,2,2
1,42,4,2,2002,3,7,6,2,1,1,1,1,1,1,1,5,1,1,5,6,,,,2,2
1,42,2,2,2002,2,3,4,2,1,1,1,1,1,1,1,5,1,1,14,6,,,,2,2
1,42,4,2,2002,2,2,6,2,1,1,2,1,1,1,1,5,1,1,9,6,,,,1,2
19,42,4,2,2002,2,1,1,2,1,1,1,1,1,1,1,5,1,1,7,6,,,25,2,2
19,42,2,4,2002,1,2,1,2,1,1,2,1,1,1,1,5,1,1,14,6,1,1,28,2,2
4,42,4,5,2002,3,1,1,1,2,1,1,1,1,1,1,5,1,1,8,6,,,30,2,2
4,42,4,5,2002,3,1,1,2,1,1,1,1,1,1,1,5,1,1,9,6,,,,2,2
9,42,3,5,2002,2,7,1,2,1,1,1,1,1,1,1,5,1,1,14,6,1,1,,,2
9,42,4,5,2002,1,7,8,1,2,1,3,1,1,1,1,5,1,1,14,6,,,,,2
9,42,3,5,2002,3,6,4,1,1,1,1,1,1,1,1,5,1,1,5,6,1,1,,2,2
9,42,4,5,2002,3,1,1,1,1,1,1,1,1,1,1,5,1,1,9,6,1,1,,2,2
10,42,1,5,2002,4,3,6,2,1,1,3,1,1,1,1,5,1,1,8,6,1,1,,2,2
16,42,4,5,2002,2,1,1,2,2,1,1,1,1,1,1,5,1,1,9,6,,,,1,2
16,42,4,5,2002,1,1,1,2,1,1,2,1,1,1,1,5,1,1,9,6,,,,2,2
16,42,3,5,2002,1,1,1,2,1,1,3,1,1,1,1,5,1,1,14,6,1,1,,,2
10,42,4,6,2002,2,7,1,2,2,1,1,1,1,1,1,5,1,1,5,6,1,1,,2,2
10,42,3,6,2002,4,7,1,2,1,1,3,1,1,1,1,5,1,1,14,6,1,1,32,2,2
10,42,4,6,2002,2,7,1,2,1,1,2,1,1,1,1,5,1,1,8,6,1,1,,2,2
12,42,3,2,2002,1,3,1,2,2,1,3,1,1,1,1,5,1,1,13,6,2,,25,1,2
12,42,4,3,2002,1,3,4,2,1,1,2,1,1,1,1,5,1,1,9,5,1,1,,1,2
12,42,3,4,2002,2,1,1,2,1,1,1,1,1,1,1,5,1,1,10,6,,,,2,2
12,42,4,4,2002,4,3,4,2,1,1,2,1,1,1,1,5,1,1,9,5,,,,2,2
14,42,4,1,2002,2,1,1,2,1,1,1,1,1,1,1,5,1,1,5,6,1,1,,2,2
14,42,3,1,2002,2,1,1,2,1,1,1,1,1,1,1,5,1,1,10,6,1,1,26,,2
14,42,4,1,2002,1,2,4,2,1,1,3,1,1,1,1,5,1,1,14,6,,,,2,2
14,42,4,2,2002,1,1,1,2,1,1,2,1,1,1,1,5,1,1,14,6,,,45,2,2
14,42,4,2,2002,4,1,1,2,1,1,3,1,1,1,1,5,1,1,19,6,,,,2,2
14,42,4,2,2002,1,1,1,2,1,1,2,1,1,1,1,5,1,1,19,6,,,,,2
14,42,4,3,2002,1,1,4,2,2,1,2,1,1,1,1,5,1,1,14,6,,,,2,2
8,42,1,1,2002,1,3,4,2,1,1,3,1,1,1,1,5,1,1,13,6,,,20,2,2
8,42,3,1,2002,3,3,1,2,1,1,1,1,1,1,1,5,1,1,10,6,,,,2,2
8,42,4,1,2002,4,1,1,2,1,1,3,1,1,1,1,5,1,1,19,6,,,,,2
8,42,2,1,2002,1,1,1,2,1,1,3,1,1,1,1,5,1,1,14,6,,,,,2
8,42,3,2,2002,3,1,1,2,1,1,1,1,1,1,1,5,1,1,10,6,,,27,2,2
8,42,3,2,2002,4,1,1,2,1,1,3,1,1,1,1,5,1,1,8,6,2,1,,2,2
8,42,4,4,2002,2,1,1,2,1,1,2,1,1,1,1,5,1,1,14,6,1,1,,2,2
8,42,3,5,2002,,1,1,2,1,1,3,1,1,1,1,5,1,1,7,6,1,1,,2,2
8,42,4,6,2002,3,1,1,2,1,1,1,1,1,1,1,5,1,1,,6,,,,,2
9,42,4,6,2002,2,1,1,1,1,1,1,1,1,1,1,5,1,1,9,6,1,1,22,2,2
9,42,1,6,2002,2,1,8,1,1,1,1,1,1,1,1,5,1,1,8,6,,,,2,2
9,42,4,6,2002,1,1,1,1,1,1,3,1,1,1,1,5,1,1,14,6,,,,,2
9,42,1,6,2002,2,3,4,1,1,1,1,1,1,1,1,5,1,1,8,6,1,1,,2,2
9,42,3,6,2002,4,1,1,2,1,1,3,1,1,1,1,5,1,1,19,6,1,1,40,2,2
9,42,3,6,2002,3,7,8,2,2,1,1,1,1,1,1,5,1,1,19,6,1,1,38,2,2
9,42,3,6,2002,3,7,8,1,1,1,1,1,1,1,1,5,1,1,8,6,,,,2,2
9,42,3,6,2002,4,7,4,1,1,1,3,1,1,1,1,5,1,1,10,6,1,1,38,2,2
15,42,2,6,2002,3,1,1,2,1,1,1,1,1,1,1,5,1,1,9,6,1,1,,2,2
15,42,3,6,2002,4,1,1,1,2,1,3,1,1,1,1,5,1,1,8,6,1,1,,2,2
11,42,4,6,2002,2,2,1,1,1,1,1,1,1,1,1,5,1,1,6,2,1,1,,2,2
11,42,3,6,2002,3,3,3,2,1,1,1,1,1,1,1,5,1,1,8,2,1,1,28,2,2
11,42,4,7,2002,4,1,1,1,1,1,3,1,1,1,1,5,1,1,14,6,,,,2,2
11,42,3,7,2002,1,,2,1,1,1,1,1,1,1,1,5,1,1,8,6,,,22,2,2
11,42,3,7,2002,2,1,1,2,1,1,1,1,1,1,1,5,1,1,7,6,,,23,1,2
11,42,4,7,2002,1,3,3,2,1,1,3,1,1,1,1,5,1,1,17,6,,,,1,2
10,42,4,7,2002,3,7,8,2,2,1,1,1,1,1,1,5,1,1,14,6,,,,,2
10,42,4,7,2002,3,7,6,2,1,1,1,1,1,1,1,5,1,1,8,6,,,,,2
10,42,1,8,2002,2,7,8,2,2,1,1,1,1,1,1,5,1,1,8,6,1,1,29,1,2
10,42,4,10,2002,4,7,6,2,2,1,3,1,1,1,1,5,1,1,14,6,,,,,2
10,42,4,10,2002,3,7,8,2,1,1,1,1,1,1,1,5,1,1,11,6,,,,,2
11,42,4,8,2002,3,4,1,2,1,1,1,1,1,1,1,5,1,1,11,6,1,1,48,2,2
11,42,2,8,2002,,2,1,1,1,1,3,1,1,1,1,5,1,1,8,6,,,,2,2
11,42,4,8,2002,,1,4,1,1,1,1,1,1,1,1,5,1,1,8,6,1,1,,2,2
11,42,3,8,2002,4,2,4,2,1,1,3,1,1,1,1,5,1,1,13,6,1,1,,2,2
11,42,4,8,2002,3,,3,1,1,1,1,1,1,1,1,5,1,1,8,6,1,2,,2,2
11,42,4,1,2002,2,,2,2,1,1,1,1,1,1,1,5,1,1,7,6,1,1,,2,2
11,42,3,10,2002,,1,1,1,1,1,1,1,1,1,1,5,1,1,8,6,,,20,2,2
11,42,4,9,2002,3,1,1,2,1,1,1,1,1,1,1,5,1,1,8,6,,,,2,2
11,42,4,9,2002,1,1,8,1,1,1,2,1,1,1,1,5,1,1,7,6,1,1,,2,2
11,42,3,9,2002,1,1,1,2,1,1,3,1,1,1,1,5,1,1,14,6,1,1,,2,2
11,42,3,8,2002,4,3,1,2,1,1,3,1,1,1,1,5,1,1,4,2,,,38,2,2
11,42,3,9,2002,2,1,1,1,2,1,1,1,1,1,1,5,1,1,9,6,1,1,35,2,2
11,42,4,9,2002,3,,2,1,2,1,1,1,1,1,1,5,1,1,19,6,1,1,30,1,2
11,42,4,10,2002,3,1,1,2,1,1,1,1,1,1,1,5,1,1,8,6,,,,2,2
11,42,4,10,2002,3,1,1,2,1,1,1,1,1,1,1,5,1,1,14,6,,,,,
11,42,4,10,2002,2,1,4,1,1,1,1,1,1,1,1,5,1,1,8,6,1,1,,2,2
11,42,4,11,2002,2,,8,1,1,1,1,1,1,1,1,5,1,1,8,11,1,1,,2,2
11,42,4,11,2002,4,7,8,1,1,1,3,1,1,1,1,5,1,1,8,6,,,,2,2
11,42,4,11,2002,3,1,2,1,2,1,1,1,1,1,1,5,1,1,8,6,,,24,2,2
11,42,4,11,2002,2,1,1,1,1,1,1,1,1,1,1,5,1,1,8,6,1,1,24,2,2
11,42,3,11,2002,4,1,1,2,1,1,3,1,1,1,1,5,1,1,8,6,1,1,35,2,2
11,42,3,11,2002,2,1,2,1,2,1,1,1,1,1,1,5,1,1,10,6,1,1,,2,2
5,42,4,2,2002,2,1,1,2,2,1,1,1,1,1,1,5,1,1,9,6,1,1,,2,2
5,42,4,3,2002,1,1,1,2,2,1,1,1,1,1,1,5,1,1,19,6,1,1,,2,2
5,42,4,3,2002,1,1,1,2,1,1,3,1,1,1,1,5,1,1,19,6,,,,,
5,42,4,4,2002,1,1,1,2,1,1,3,1,1,1,1,5,1,1,9,6,2,1,,2,2
5,42,4,5,2002,2,3,4,2,1,1,1,1,1,1,1,5,1,1,9,6,1,1,,2,2
5,42,4,6,2002,3,1,4,2,1,1,1,1,1,1,1,5,1,1,9,6,1,1,,2,2
5,42,4,6,2002,4,7,1,2,1,1,3,1,1,1,1,5,1,1,14,6,1,1,,2,2
5,42,4,7,2002,2,1,1,2,1,1,1,1,1,1,1,5,1,1,7,6,1,1,,2,2
5,42,3,7,2002,1,1,1,2,1,1,3,1,1,1,1,5,1,1,5,6,1,1,,2,2
5,42,4,8,2002,3,1,1,2,2,1,1,1,1,1,1,5,1,1,19,6,,,,1,2
5,42,3,10,2002,4,3,4,2,1,1,3,1,1,1,1,5,1,1,10,6,1,1,,2,2
5,42,4,11,2002,4,3,4,2,1,1,3,1,1,1,1,5,1,1,19,6,1,1,,,
19,42,3,5,2002,3,1,1,2,2,1,1,1,1,1,1,5,1,1,12,6,1,1,,2,2
19,42,3,6,2002,3,1,1,2,2,1,1,1,1,1,1,5,1,1,4,6,1,1,,2,2
19,42,4,7,2002,3,1,1,2,2,1,1,1,1,1,1,5,1,1,14,6,1,1,,2,2
19,42,3,9,2002,3,1,1,2,2,1,1,1,1,1,1,5,1,1,12,6,,,30,2,2
7,42,3,2,2002,4,7,1,2,2,1,2,1,1,1,1,5,1,1,19,6,1,,,2,2
7,42,4,3,2002,3,7,1,2,2,1,1,1,1,1,1,5,1,1,8,6,1,,,1,1