Thana,District,Accident_Severity,Month,Year,Time,Junction_Type,Traffic_Control,Movement,Divider,Weather,Light,Road_Geometry,Surface_Condition,Surface_Type,Surface_Quality,Road_Class,Road_Feature,Location_Type,Vehicle_Type,Vehicle_Movement,Vehicle_Loading,Vehicle_Defect,Vehicle_Driver_Age,Vehicle_Alcohol,Vehicle_Seat_Belt
7,42,3,3,2002,4,2,1,2,1,1,3,1,1,1,1,5,1,1,7,5,1,1,35,2,2
7,42,4,4,2002,1,1,1,2,2,1,4,1,1,1,1,5,1,1,14,6,2,1,,1,2
7,42,3,5,2002,3,7,1,2,2,1,1,1,1,1,1,5,1,1,5,11,1,1,,2,2
7,42,3,6,2002,3,1,1,2,2,1,1,1,1,1,1,5,1,1,12,6,,,,,2
8,42,4,7,2002,1,1,1,2,1,1,3,1,1,1,1,5,1,1,14,6,1,1,,2,2
8,42,2,8,2002,4,2,6,2,2,1,3,1,1,1,1,5,1,1,9,5,1,1,,2,2
8,42,4,9,2002,2,2,4,2,1,1,1,1,1,1,1,5,1,1,9,6,1,1,,1,2
8,42,2,9,2002,2,1,1,2,1,1,1,1,1,1,1,5,1,1,7,5,1,1,,2,2
8,42,4,10,2002,1,1,1,2,1,1,3,1,1,1,1,5,1,1,19,6,,,,2,2
8,42,3,10,2002,4,3,4,2,1,1,3,1,1,1,1,5,1,1,9,6,1,1,30,2,2
8,42,4,10,2002,,2,4,2,1,1,3,1,1,1,1,5,1,1,10,6,,,,,
8,42,4,10,2002,4,1,1,2,1,1,3,1,1,1,1,5,1,1,10,6,1,,30,2,2
8,42,3,11,2002,3,3,1,2,1,1,1,1,1,1,1,5,1,1,8,6,1,,,2,2
1,42,4,2,2002,4,1,1,2,1,1,3,1,1,1,1,5,1,1,9,6,1,1,,2,2
1,42,3,3,2002,3,3,6,2,1,1,1,1,1,1,1,5,1,1,9,6,1,1,,2,2
1,42,2,3,2002,4,1,1,2,1,1,1,1,1,1,1,5,1,1,8,5,1,7,,2,2
1,42,4,4,2002,4,1,1,2,1,1,3,1,1,1,1,5,1,1,19,6,,,,,
1,42,4,5,2002,3,6,4,2,1,1,1,1,1,1,1,5,1,1,6,6,1,1,,2,2
1,42,4,5,2002,1,1,1,2,1,1,3,1,1,1,1,5,1,1,14,6,,1,,2,2
1,42,2,5,2002,3,3,6,2,1,1,1,1,1,1,1,5,1,1,8,6,1,1,,2,2
1,42,4,6,2002,2,1,1,2,1,1,2,1,1,1,1,5,1,1,9,6,,,,,
1,42,4,7,2002,3,1,1,2,1,1,1,1,1,1,1,5,1,1,14,6,1,1,,2,2
1,42,2,7,2002,3,5,6,2,1,1,1,1,1,1,1,5,1,1,8,6,1,1,,2,2
1,42,2,7,2002,3,5,6,2,1,1,1,1,1,1,1,5,1,1,9,6,1,1,,2,2
1,42,3,7,2002,4,3,5,2,1,1,3,1,1,1,1,5,1,1,12,5,,,,2,2
1,42,4,7,2002,3,1,1,2,1,1,1,1,1,1,1,5,1,1,19,6,1,,,2,2
1,42,4,7,2002,3,1,1,2,1,1,1,1,1,1,1,5,1,1,19,6,,,,,
1,42,3,7,2002,4,2,6,2,1,1,3,1,1,1,1,5,1,1,9,6,1,1,,2,2
1,42,2,8,2002,1,1,1,2,1,1,3,1,1,1,1,5,1,1,14,6,1,1,,1,2
1,42,3,9,2002,3,2,6,2,1,1,1,1,1,1,1,5,1,1,9,6,1,1,,2,2
1,42,3,9,2002,3,3,6,2,1,1,1,1,1,1,1,5,1,1,8,6,1,1,,2,2
1,42,4,9,2002,4,2,6,2,1,1,3,1,1,1,1,5,1,1,8,6,1,1,,2,2
1,42,4,9,2002,4,1,1,2,2,1,3,1,1,1,1,5,1,1,8,6,1,1,,2,2
1,42,4,9,2002,4,6,4,2,1,1,3,1,1,1,1,5,1,1,9,6,1,1,,2,2
1,42,4,10,2002,2,1,1,2,1,1,1,1,1,1,1,5,1,1,9,6,1,1,,2,2
1,42,2,10,2002,3,1,1,2,1,1,1,1,1,1,1,5,1,1,8,5,1,1,,2,2
1,42,4,8,2002,2,1,1,1,1,1,1,1,1,1,1,5,1,1,9,6,1,1,,1,2
1,42,4,8,2002,2,1,1,2,2,1,1,1,1,1,1,5,1,1,19,6,,7,,1,2
1,42,3,8,2002,2,1,1,2,1,1,1,1,1,1,1,5,1,1,8,6,1,1,,2,2
18,42,3,5,2002,1,1,1,2,2,1,1,1,1,1,1,5,1,1,8,6,1,1,,2,2
18,42,4,8,2002,3,1,1,2,2,1,1,1,1,1,1,5,1,1,16,6,,,,2,2
18,42,4,8,2002,3,7,1,2,2,1,1,1,1,1,1,5,1,1,16,6,,,,2,2
18,42,4,9,2002,3,1,1,2,1,1,1,1,1,1,1,5,1,1,9,6,1,1,,2,2
3,42,4,8,2002,3,1,8,2,1,1,1,1,1,1,1,5,1,1,12,6,1,1,,2,2
3,42,4,8,2002,3,1,1,2,1,1,1,1,1,1,1,5,1,1,14,6,1,1,,1,2
4,42,4,6,2002,3,1,1,2,2,1,1,2,1,1,1,5,1,1,7,6,,,,2,2
4,42,3,9,2002,3,1,1,2,1,1,1,1,1,1,1,5,1,1,9,6,1,1,,2,2
4,42,4,10,2002,1,1,1,2,1,1,3,1,1,1,1,5,1,1,19,6,,,,,
21,42,4,1,2002,2,1,8,2,1,1,1,1,1,1,1,5,1,1,14,6,,,,,2
21,42,4,1,2002,2,1,1,2,2,1,1,1,1,1,1,5,1,1,11,6,1,1,,2,2
21,42,4,4,2002,1,1,1,2,1,1,2,1,1,1,1,5,1,1,,6,,,,1,2
21,42,4,5,2002,2,1,1,2,2,1,1,1,1,1,1,5,1,1,7,6,1,1,,2,2
21,42,4,6,2002,1,1,1,2,1,1,3,1,1,1,1,5,1,1,14,6,,,,2,2
21,42,4,7,2002,3,1,1,2,1,1,1,1,1,1,1,5,1,1,9,6,,,,2,2
21,42,4,7,2002,4,1,1,2,1,1,3,1,1,1,1,5,1,1,9,6,1,1,,2,2
21,42,4,8,2002,2,1,1,2,2,1,1,1,1,1,1,5,1,1,9,6,,,,2,2
21,42,4,8,2002,1,1,1,2,2,1,3,1,1,1,1,5,1,1,19,6,,,,2,2
21,42,4,8,2002,1,1,1,2,2,1,3,1,1,1,1,5,1,1,14,6,,,,2,2
21,42,4,8,2002,4,1,1,1,2,1,3,1,1,1,1,5,1,1,14,6,,,,2,2
21,42,4,9,2002,2,1,1,2,2,1,1,1,1,1,1,5,1,1,19,6,,,,2,2
6,42,3,1,2002,3,1,1,2,1,1,1,1,1,1,1,5,1,1,5,6,,,,2,2
6,42,4,2,2002,4,7,1,1,1,1,2,1,1,1,1,5,1,1,19,6,,,,,2
6,42,3,2,2002,2,1,1,2,1,1,1,1,1,1,1,5,1,1,9,6,1,1,,1,2
6,42,4,2,2002,1,1,1,2,1,1,2,1,1,1,1,5,1,1,,6,,,,,2
6,42,4,2,2002,1,1,1,2,1,1,3,1,1,1,1,5,1,1,,6,,,,,2
6,42,4,2,2002,2,1,1,2,1,1,1,1,1,1,1,5,1,1,8,6,,,,,2
6,42,4,3,2002,2,3,6,2,2,1,2,1,1,1,1,5,1,1,5,6,1,1,,2,2
6,42,4,4,2002,2,1,1,2,1,1,1,1,1,1,1,5,1,1,9,6,,,,2,2
6,42,3,5,2002,2,1,1,2,2,1,1,1,1,1,1,5,1,1,14,6,,,41,1,2
6,42,4,5,2002,4,1,1,2,1,1,2,1,1,1,1,5,1,1,9,6,1,1,,2,2
6,42,4,6,2002,1,1,1,2,1,1,3,1,1,1,1,5,1,1,,6,,,,2,2
6,42,4,6,2002,2,1,1,2,1,1,1,1,1,1,1,5,1,1,8,6,,,25,2,2
6,42,4,6,2002,3,1,1,2,1,1,1,1,1,1,1,5,1,1,14,6,,,,2,2
6,42,3,7,2002,2,1,1,1,2,1,1,1,1,1,1,5,1,1,9,6,,,,2,2
6,42,4,7,2002,2,3,3,2,1,1,1,1,1,1,1,5,1,1,14,6,,,,,2
6,42,4,9,2002,4,1,1,2,1,1,3,1,1,1,1,5,1,1,9,6,1,1,,2,2
6,42,4,9,2002,1,1,1,2,1,1,1,1,1,1,1,5,1,1,8,6,1,1,,2,2
6,42,4,9,2002,4,5,6,1,1,1,3,1,1,1,1,5,1,1,14,6,,,,2,2
6,42,3,10,2002,4,1,1,1,1,1,3,1,1,1,1,5,1,1,9,6,1,1,,2,2
6,42,4,10,2002,2,1,1,1,1,1,1,1,1,1,1,5,1,1,8,6,1,1,,2,2
6,42,4,10,2002,2,1,1,1,1,1,1,1,1,1,1,5,1,1,8,6,1,1,,2,2
6,42,4,10,2002,2,1,1,2,1,1,1,1,1,1,1,5,1,1,9,6,1,1,,2,2
6,42,4,10,2002,1,1,3,2,1,1,3,1,1,1,1,5,1,1,9,6,,,,2,2
6,42,4,10,2002,3,1,4,1,1,1,1,1,1,1,1,5,1,1,9,6,,,,2,2
13,42,4,1,2002,3,1,1,2,1,1,1,1,1,1,1,5,1,1,5,6,,,,2,2
13,42,2,1,2002,1,1,1,2,1,1,3,1,1,1,1,5,1,1,16,6,1,1,,,2
13,42,3,1,2002,2,3,4,2,1,1,1,2,1,1,1,5,1,1,10,6,,,30,2,2
13,42,3,3,2002,1,1,1,2,1,1,2,1,1,1,1,5,1,1,13,6,,,,2,2
13,42,2,4,2002,1,3,4,2,1,1,3,1,1,1,1,5,1,1,14,6,1,1,,2,2
13,42,4,4,2002,3,6,4,2,1,1,1,1,1,1,1,5,1,1,9,6,,,23,2,2
13,42,4,4,2002,2,1,1,2,1,1,1,1,1,1,1,5,1,1,19,6,2,1,,2,2
13,42,2,5,2002,3,1,1,2,1,1,1,1,1,1,1,5,1,1,19,6,,,,2,2
13,42,3,6,2002,4,1,1,2,1,1,3,1,1,1,1,5,1,1,19,6,,,,2,2
13,42,4,6,2002,3,1,1,2,1,1,1,1,1,1,1,5,1,1,8,6,1,1,,2,2
13,42,3,8,2002,2,1,1,2,2,1,1,1,1,1,1,5,1,1,11,6,,,,2,2
13,42,4,9,2002,4,1,1,2,1,1,3,1,1,1,1,5,1,1,19,6,,,,2,2
13,42,4,9,2002,4,3,4,2,1,1,3,1,1,1,1,5,1,1,7,6,,,,2,2
13,42,4,10,2002,4,1,1,2,1,1,3,1,1,1,1,5,1,1,9,6,,,,2,2
13,42,3,11,2002,2,1,1,2,1,1,1,1,1,1,1,5,1,1,9,6,,,,2,2
13,42,4,11,2002,2,,1,2,1,1,1,1,1,1,1,5,1,1,9,6,,,,2,2
13,42,4,12,2002,1,1,1,2,1,1,3,1,1,1,1,5,1,1,19,6,,,,,
10,42,3,12,2002,2,4,5,2,1,1,1,1,1,1,1,5,1,1,10,5,1,1,,2,2
10,42,3,12,2002,2,3,6,2,1,1,1,1,1,1,1,5,1,1,8,6,1,1,,2,2
10,42,4,12,2002,4,7,1,2,2,1,3,1,1,1,1,5,1,1,6,6,1,1,24,2,2
10,42,4,12,2002,2,7,8,2,2,1,1,1,1,1,1,5,1,1,8,6,1,1,,2,2
11,42,4,12,2002,2,1,3,1,1,1,1,1,1,1,1,5,1,1,8,6,,,35,2,2
11,42,4,12,2002,2,1,1,2,2,1,1,1,1,1,1,5,1,1,8,6,,,,2,2
15,42,3,4,2002,4,1,1,1,2,1,3,1,1,1,1,5,1,1,8,6,1,1,,1,2
15,42,3,8,2002,2,1,1,1,1,1,2,1,1,1,1,5,1,1,8,6,1,1,20,2,2
15,42,3,10,2002,4,1,1,2,1,1,3,1,1,1,1,5,1,1,7,6,1,,,2,2
15,42,4,10,2002,3,3,1,2,1,1,1,1,1,1,1,5,1,1,7,6,,,,2,2
15,42,4,10,2002,4,1,1,2,1,1,2,1,1,1,1,5,1,1,9,6,1,1,,2,2
15,42,3,10,2002,3,1,1,1,1,1,1,1,1,1,1,5,1,1,5,6,1,1,32,2,2
15,42,4,12,2002,3,1,1,1,1,1,1,1,1,1,1,5,1,1,14,6,1,1,,2,2
2,42,4,3,2002,3,1,4,2,1,1,1,1,1,1,1,5,1,1,9,6,,,,,
2,42,1,3,2002,1,4,6,2,1,1,2,1,1,1,1,5,1,1,8,6,1,1,,2,2
2,42,4,3,2002,4,2,5,2,1,1,3,1,1,1,1,5,1,1,7,6,1,1,,2,2
2,42,4,3,2002,2,1,1,1,1,1,1,1,1,1,1,5,1,1,7,6,1,1,,1,2
2,42,4,3,2002,4,3,4,1,1,1,3,1,1,1,1,5,1,1,8,6,1,1,,2,2
2,42,2,4,2002,3,2,6,2,1,1,1,1,1,1,1,5,1,1,9,5,1,1,,2,2
2,42,4,4,2002,1,1,1,1,1,1,3,1,1,1,1,5,1,1,14,6,,,,2,2
2,42,1,5,2002,2,2,4,2,2,1,1,1,1,1,1,5,1,1,9,6,,,,2,2
2,42,4,5,2002,2,3,4,2,2,1,1,1,1,1,1,5,1,1,8,5,1,1,,2,2
2,42,3,5,2002,2,2,4,2,2,1,1,1,1,1,1,5,1,1,8,6,,,,2,2
2,42,4,6,2002,2,3,3,2,1,1,1,1,1,1,1,5,1,1,9,6,1,1,,2,2
2,42,3,6,2002,2,2,6,2,1,1,1,1,1,1,1,5,1,1,9,6,1,1,,2,2
2,42,4,7,2002,4,7,4,2,1,1,1,1,1,1,1,5,1,1,9,6,1,1,,2,2
2,42,4,7,2002,4,1,1,2,1,1,3,1,1,1,1,5,1,1,14,6,,,,2,2
2,42,4,7,2002,4,2,3,1,1,1,3,1,1,1,1,5,1,1,8,6,1,1,,2,2
2,42,4,8,2002,2,3,4,1,1,1,1,1,1,1,1,5,1,1,9,6,1,1,,2,2
2,42,3,8,2002,3,4,4,2,1,1,1,1,1,1,1,5,1,1,8,6,,,,2,2
2,42,4,8,2002,1,1,1,1,1,1,3,1,1,1,1,5,1,1,10,6,1,1,,2,2
2,42,4,8,2002,2,2,4,1,1,1,1,1,1,1,1,5,1,1,14,6,,,,2,2
2,42,4,8,2002,1,7,4,2,1,1,3,1,1,1,1,5,1,1,5,6,,,,2,2
2,42,4,9,2002,2,2,4,2,1,1,2,1,1,1,1,5,1,1,9,6,,,,2,2
2,42,4,9,2002,2,2,4,2,2,1,1,1,1,1,1,5,1,1,9,6,1,1,,2,2
2,42,3,9,2002,3,1,1,1,1,1,1,1,1,1,1,5,1,1,9,6,,,,2,2
2,42,4,9,2002,4,2,3,1,1,1,3,1,1,1,1,5,1,1,8,6,,,,2,2
2,42,4,9,2002,4,3,3,2,1,1,3,1,1,1,1,5,1,1,9,6,1,1,,2,2
2,42,4,9,2002,4,5,6,2,1,1,3,1,1,1,1,5,1,1,8,6,1,1,,2,2
2,42,4,9,2002,3,3,4,2,1,1,1,1,1,1,1,5,1,1,8,6,,,,,2
2,42,4,10,2002,1,3,2,2,1,1,2,1,1,1,1,5,1,1,14,6,1,1,,2,2
2,42,4,10,2002,2,3,4,2,1,1,1,1,1,1,1,5,1,1,8,6,1,1,,2,2
2,42,3,12,2002,4,3,6,2,1,1,3,1,1,1,1,5,1,1,14,6,1,1,26,2,2
2,42,4,12,2002,2,1,1,2,1,1,1,1,1,1,1,5,1,1,8,6,1,1,,2,2
9,42,3,7,2002,2,1,1,2,1,1,1,1,1,1,1,5,1,1,7,6,1,1,,2,2
9,42,3,7,2002,4,1,1,2,1,1,3,1,1,1,1,5,1,1,19,6,1,1,,2,2
9,42,2,7,2002,2,7,4,2,2,1,1,1,1,1,1,5,1,1,19,6,,,,2,2
9,42,4,7,2002,1,1,1,2,2,1,3,1,1,1,1,5,1,1,10,6,1,1,,2,2
9,42,4,8,2002,1,3,6,2,2,1,3,1,1,1,1,5,1,1,14,6,,,,2,2
9,42,3,8,2002,2,7,6,2,1,1,1,1,1,1,1,5,1,1,9,6,,,20,2,2
9,42,4,8,2002,3,7,6,2,1,1,1,1,1,1,1,5,1,1,9,6,,,,2,2
9,42,4,8,2002,3,1,1,2,1,1,1,1,1,1,1,5,1,1,9,6,,,,2,2
9,42,3,9,2002,2,1,1,2,1,1,1,1,1,1,1,5,1,1,8,6,,,,2,2
9,42,3,9,2002,4,2,6,2,1,1,3,1,1,1,1,5,1,1,19,6,2,,30,2,2
9,42,3,9,2002,2,1,4,2,1,1,1,1,1,1,1,5,1,1,14,6,,7,25,2,2
9,42,4,10,2002,1,1,1,2,1,1,2,1,1,1,1,5,1,1,,6,,,,,
9,42,4,10,2002,2,1,4,2,1,1,1,1,1,1,1,5,1,1,8,6,,,,2,2
9,42,2,10,2002,4,1,1,2,1,1,3,1,1,1,1,5,1,1,7,6,1,1,,2,2
9,42,2,9,2002,3,5,6,2,1,1,1,1,1,1,1,5,1,1,19,6,,,,2,2
9,42,3,11,2002,2,3,6,2,1,1,1,1,1,1,1,5,1,1,8,6,,,28,2,2
9,42,3,11,2002,1,1,1,2,1,1,2,1,1,1,1,5,1,1,12,6,,,,2,2
9,42,4,11,2002,3,3,6,2,1,1,1,1,1,1,1,5,1,1,7,6,1,7,30,2,2
9,42,4,11,2002,3,5,6,2,1,1,1,1,1,1,1,5,1,1,8,6,1,1,,2,2
9,42,4,12,2002,2,1,1,2,1,1,1,1,1,1,1,5,1,1,9,6,,,,2,2
9,42,3,12,2002,3,1,1,2,1,1,1,1,1,1,1,5,1,1,8,6,,,,2,2
21,42,4,11,2002,4,1,1,2,2,1,3,1,1,1,1,5,1,1,14,6,,,,2,2
21,42,4,12,2002,2,1,1,2,2,1,1,1,1,1,1,5,1,1,10,6,1,1,22,2,2
21,42,3,12,2002,3,6,4,2,2,1,2,1,1,1,1,5,1,1,8,6,1,1,,2,2
4,42,4,11,2002,4,1,1,2,1,1,3,1,1,1,1,5,1,1,9,6,,,45,2,2
4,42,4,11,2002,3,1,1,2,2,1,1,1,1,1,1,5,1,1,9,5,1,1,,2,2
3,42,3,11,2002,3,3,4,2,2,1,1,1,1,1,1,5,1,1,10,6,1,1,35,2,2
3,42,3,11,2002,2,1,1,2,1,1,1,1,1,1,1,5,1,1,6,5,1,1,,2,2
3,42,3,12,2002,3,1,1,1,1,1,1,1,1,1,1,5,1,1,19,6,1,1,,2,2
6,42,3,11,2002,2,1,1,2,2,1,1,1,1,1,1,5,1,1,9,6,1,1,,2,2
6,42,4,11,2002,2,1,1,2,2,1,2,1,1,1,1,5,1,1,,6,,,,2,2
6,42,4,11,2002,2,1,1,2,2,1,1,1,1,1,1,5,1,1,8,6,1,1,,2,2
6,42,3,11,2002,2,1,1,2,2,1,1,1,1,1,1,5,1,1,8,6,1,1,,2,2
6,42,4,11,2002,2,1,1,2,2,1,1,1,1,1,1,5,1,1,9,6,,,,2,2
6,42,3,11,2002,3,1,1,2,2,1,1,1,1,1,1,5,1,1,8,6,,,,2,2
6,42,4,11,2002,2,1,1,2,2,1,1,1,1,1,1,5,1,1,,6,1,1,,,
6,42,3,11,2002,2,5,3,2,1,1,1,1,1,1,1,5,1,1,9,8,,,,2,2
6,42,4,11,2002,1,1,1,2,2,1,3,1,1,1,1,5,1,1,,6,,,,,
6,42,4,12,2002,2,1,4,2,2,1,1,1,1,1,1,5,1,1,14,6,,,,2,2
6,42,4,12,2002,4,1,1,2,2,1,3,1,1,1,1,5,1,1,6,,,1,,2,2
6,42,4,12,2002,2,1,1,2,2,1,1,1,1,1,1,5,1,1,8,6,,,,2,2
6,42,3,12,2002,4,1,1,2,2,1,1,1,1,1,1,5,1,1,,6,,,,,
6,42,4,12,2002,1,1,1,2,2,1,3,1,1,1,1,5,1,1,14,6,,,,2,2
6,42,4,12,2002,4,1,3,2,2,1,3,1,1,1,1,5,1,1,9,6,,,,2,2
6,42,3,12,2002,2,1,1,2,2,1,1,1,1,1,1,5,1,1,9,6,1,1,,2,2
6,42,4,12,2002,3,1,4,2,2,1,1,1,1,1,1,5,1,1,9,6,1,1,,2,2
6,42,4,12,2002,4,1,1,2,2,1,3,1,1,1,1,5,1,1,14,6,1,1,,2,2
19,42,4,11,2002,4,1,1,2,1,1,4,1,1,1,1,5,1,1,14,6,1,1,,,2
7,42,4,11,2002,2,1,1,2,2,1,2,1,1,1,1,5,1,1,14,6,1,1,,,2
1,42,2,11,2002,4,5,4,2,1,1,3,1,1,1,1,5,1,1,14,6,1,1,,2,2
1,42,3,11,2002,3,3,1,2,1,1,1,1,1,1,1,5,1,1,19,6,,,,,2
1,42,3,11,2002,3,2,6,2,1,1,1,1,1,1,1,5,1,1,9,6,1,1,,2,2
1,42,3,11,2002,4,1,1,2,1,1,3,1,1,1,1,5,1,1,14,6,2,1,,2,2
1,42,2,12,2002,3,3,6,2,1,1,1,1,1,1,1,5,1,1,9,6,1,1,,2,2
1,42,4,12,2002,2,1,1,2,1,1,1,1,1,1,1,5,1,1,10,6,1,1,24,2,2
1,42,2,12,2002,2,1,1,2,2,1,1,1,1,1,1,5,1,1,9,6,,,,2,2
1,42,4,12,2002,4,1,1,2,1,1,3,1,1,1,1,5,1,1,9,6,1,1,,2,2
1,42,4,12,2002,2,1,1,2,1,1,1,1,1,1,1,5,1,1,8,6,1,1,,2,2
1,42,4,11,2002,2,1,4,2,1,1,1,1,1,1,1,5,1,1,19,6,,,,,2
9,42,3,8,2002,2,3,6,2,1,1,1,1,1,1,1,5,1,1,8,6,,,30,2,2
9,42,3,8,2002,3,5,6,2,1,1,1,1,1,1,1,5,1,1,8,6,,,,2,2
9,42,4,9,2002,3,3,4,2,1,1,1,1,1,1,1,5,1,1,19,6,,,30,2,2
9,42,2,9,2002,3,6,6,1,1,1,1,1,1,1,1,5,1,1,9,5,1,1,,2,2
9,42,3,9,2002,2,1,1,2,1,1,1,1,1,1,1,5,1,1,9,6,1,1,,2,2
9,42,3,9,2002,3,1,1,2,1,1,1,1,1,1,1,5,1,1,8,6,1,7,22,2,2
9,42,4,9,2002,4,1,1,2,1,1,3,1,1,1,1,5,1,1,10,6,1,1,,2,2
9,42,3,10,2002,3,1,1,2,1,1,1,1,1,1,1,5,1,1,12,6,,,,2,2
9,42,3,10,2002,3,3,4,2,1,1,1,1,1,1,1,5,1,1,8,6,,,28,2,2
9,42,4,1,2002,2,1,1,2,1,1,2,1,1,1,1,5,1,1,8,6,1,1,,2,2
9,42,3,1,2002,2,1,1,2,2,1,1,1,1,1,1,5,1,1,5,6,1,1,,2,2
9,42,4,2,2002,3,3,4,2,1,1,1,1,1,1,1,5,1,1,8,6,1,1,,2,2
9,42,4,2,2002,1,3,4,2,1,1,3,1,1,1,1,5,1,1,14,6,1,1,,2,2
9,42,4,3,2002,2,3,4,2,1,1,1,1,1,1,1,5,1,1,9,6,1,1,,2,2
9,42,4,3,2002,1,1,1,2,1,1,3,1,1,1,1,5,1,1,14,6,1,7,,2,2
9,42,4,4,2002,3,1,1,2,1,1,1,1,1,1,1,5,1,1,19,6,,,,,
9,42,3,4,2002,4,1,1,2,1,1,3,1,1,1,1,5,1,1,8,6,1,1,,2,2
9,42,3,4,2002,1,1,1,2,1,1,3,1,1,1,1,5,1,1,14,6,1,,,2,2
9,42,3,4,2002,3,3,6,2,1,1,1,1,1,1,1,5,1,1,10,6,,,,2,2
9,42,4,7,2002,1,5,5,1,1,1,3,1,1,1,1,5,1,1,7,6,,,,2,2
9,42,4,11,2002,1,1,1,2,1,1,3,1,1,1,1,5,1,1,4,6,,,,2,2
9,42,3,11,2002,4,1,1,2,1,1,3,1,1,1,1,5,1,1,10,6,1,1,,2,2
9,42,4,11,2002,1,1,1,2,1,1,3,1,1,1,1,5,1,1,8,6,,,,2,2
9,42,2,11,2002,2,1,1,2,1,1,1,1,1,1,1,5,1,1,15,6,1,1,,2,2
9,42,4,11,2002,3,1,4,2,1,1,1,1,1,1,1,5,1,1,8,6,1,1,,2,2
9,42,4,11,2002,3,1,1,2,1,1,1,1,1,1,1,5,1,1,8,6,1,1,,2,2
9,42,4,12,2002,1,1,1,2,1,1,2,1,1,1,1,5,1,1,10,6,1,1,,2,2
9,42,4,12,2002,2,3,6,2,1,1,1,1,1,1,1,5,1,1,8,6,,,,2,2
9,42,4,12,2002,3,1,1,2,1,1,1,1,1,1,1,5,1,1,8,6,1,1,,2,2
9,42,4,4,2002,1,7,4,2,1,1,3,1,1,1,1,5,1,1,9,6,1,1,,2,2
12,42,3,5,2002,1,1,1,2,1,1,3,1,1,1,1,5,1,1,5,6,1,1,,2,2
12,42,4,6,2002,3,1,1,2,1,1,1,1,1,1,1,5,1,1,9,6,1,1,,2,2
12,42,3,6,2002,2,5,4,2,1,1,1,1,1,1,1,5,1,1,9,6,1,1,,2,2
12,42,4,6,2002,1,1,4,2,1,1,3,1,1,1,1,5,1,1,19,6,,,,2,2
16,42,4,6,2002,3,1,1,2,1,1,1,1,1,1,1,5,1,1,,6,,,,,
16,42,4,7,2002,4,1,1,2,2,1,3,1,1,1,1,5,1,1,14,6,1,1,,1,2
16,42,3,7,2002,4,1,1,2,1,1,3,1,1,1,1,5,1,1,14,6,1,1,,2,2
16,42,4,7,2002,2,1,1,2,1,1,1,1,1,1,1,5,1,1,5,6,1,1,,2,2
16,42,4,7,2002,2,1,4,2,1,1,1,1,1,1,1,5,1,1,9,6,1,1,,2,2
16,42,4,7,2002,1,1,1,2,1,1,2,1,1,1,1,5,1,1,8,6,1,1,,2,2
16,42,4,7,2002,1,1,4,2,1,1,2,1,1,1,1,5,1,1,10,6,1,1,,1,2
16,42,4,7,2002,2,1,1,2,1,1,1,1,1,1,1,5,1,1,10,6,1,1,,2,2
16,42,4,7,2002,1,1,1,2,1,1,3,1,1,1,1,5,1,1,14,6,1,1,,2,2
16,42,4,7,2002,1,1,1,2,1,1,4,1,1,1,1,5,1,1,14,6,,,,2,2
16,42,3,8,2002,2,3,6,2,1,1,1,1,1,1,1,5,1,1,9,6,,,,2,2
16,42,4,8,2002,2,1,1,2,1,1,2,1,1,1,1,5,1,1,,6,,,,,
16,42,4,8,2002,1,1,1,2,1,1,3,1,1,1,1,5,1,1,14,6,,,,2,2
16,42,4,8,2002,1,1,1,2,1,1,3,1,1,1,1,5,1,1,14,6,,,,2,2
16,42,4,8,2002,2,1,1,2,1,1,1,1,1,1,1,5,1,1,,6,,,,,
16,42,4,8,2002,4,1,1,2,1,1,3,1,1,1,1,5,1,1,15,6,1,1,,2,2
16,42,4,9,2002,2,1,1,2,1,1,2,1,1,1,1,5,1,1,14,6,,,,2,2
16,42,4,9,2002,3,1,1,2,2,1,1,1,1,1,1,5,1,1,9,6,,,,2,2
16,42,4,9,2002,4,1,1,2,1,1,3,1,1,1,1,5,1,1,9,6,1,1,,2,2
16,42,4,9,2002,2,1,1,2,1,1,1,1,1,1,1,5,1,1,9,6,,,,2,2
16,42,3,9,2002,2,1,4,2,1,1,1,1,1,1,1,5,1,1,9,6,1,1,,,2
16,42,4,9,2002,2,3,4,2,1,1,1,1,1,1,1,5,1,1,14,6,,,,,2
16,42,2,10,2002,1,3,4,2,1,1,2,1,1,1,1,5,1,1,14,6,1,1,,2,2
16,42,4,10,2002,4,1,2,2,1,1,2,1,1,1,1,5,1,1,14,6,,,,2,2
16,42,4,10,2002,4,1,1,2,2,1,3,1,1,1,1,5,1,1,19,6,,,,,
16,42,3,10,2002,3,1,1,2,1,1,1,1,1,1,1,5,1,1,10,6,1,1,,2,2
16,42,4,10,2002,1,1,1,2,1,1,3,1,1,1,1,5,1,1,19,6,,,,2,2
16,42,4,11,2002,2,1,1,2,1,1,2,1,1,1,1,5,1,1,9,6,1,1,,2,2
16,42,3,11,2002,3,1,1,2,1,1,1,1,1,1,1,5,1,1,9,6,,,,2,2
16,42,4,12,2002,1,1,1,2,2,1,3,1,1,1,1,5,1,1,14,6,,,,2,2
22,42,4,8,2002,4,1,3,1,1,1,3,1,1,1,1,5,1,1,7,6,,,,2,2
22,42,3,9,2002,3,1,1,2,1,1,1,1,1,1,1,5,1,1,8,6,1,1,,1,2
22,42,4,9,2002,4,1,1,2,1,1,2,1,1,1,1,5,1,1,19,6,,,,,