Thana,District,Accident_Severity,Month,Year,Time,Junction_Type,Traffic_Control,Movement,Divider,Weather,Light,Road_Geometry,Surface_Condition,Surface_Type,Surface_Quality,Road_Class,Road_Feature,Location_Type,Vehicle_Type,Vehicle_Movement,Vehicle_Loading,Vehicle_Defect,Vehicle_Driver_Age,Vehicle_Alcohol,Vehicle_Seat_Belt
22,42,4,11,2002,2,5,4,2,1,1,1,1,1,1,1,5,1,1,9,6,1,,,2,2
22,42,4,12,2002,3,1,1,2,1,1,1,1,1,1,1,5,1,1,8,6,1,1,40,2,2
22,42,3,12,2002,3,5,6,2,1,1,1,1,1,1,1,5,1,1,8,6,1,1,,2,2
22,42,3,12,2002,3,1,4,2,2,1,1,1,1,1,1,5,1,1,4,6,1,1,27,1,2
12,42,4,7,2002,3,1,1,2,1,1,1,1,1,1,1,5,1,1,10,6,1,1,,2,2
12,42,4,7,2002,2,1,1,2,1,1,2,1,1,1,1,5,1,1,8,6,1,1,,2,2
12,42,4,7,2002,2,1,1,2,1,1,1,1,1,1,1,5,1,1,9,6,1,1,,2,2
12,42,3,7,2002,3,1,1,2,1,1,1,1,1,1,1,5,1,1,10,6,1,1,,2,2
12,42,4,7,2002,1,1,1,2,1,1,3,1,1,1,1,5,1,1,14,6,1,1,,2,2
12,42,2,8,2002,4,1,1,2,1,1,3,1,1,1,1,5,1,1,10,6,1,1,,2,2
12,42,4,8,2002,4,1,1,2,1,1,1,1,1,1,1,5,1,1,8,6,1,1,,2,2
12,42,4,8,2002,1,1,1,2,1,1,3,1,1,1,1,5,1,1,12,6,1,1,,2,2
12,42,2,8,2002,3,6,1,2,1,1,1,1,1,1,1,5,1,1,10,6,1,1,,2,2
12,42,2,8,2002,2,3,6,2,1,1,1,1,1,1,1,5,1,1,9,6,1,1,,1,2
12,42,4,8,2002,4,3,6,2,1,1,3,1,1,1,1,5,1,1,9,6,1,1,,2,2
12,42,4,9,2002,1,3,4,2,1,1,2,1,1,1,1,5,1,1,14,6,,,,1,2
12,42,4,9,2002,4,3,6,2,1,1,3,1,1,1,1,5,1,1,9,6,1,1,,2,2
12,42,2,10,2002,2,1,1,2,1,1,1,1,1,1,1,5,1,1,12,6,1,1,,2,2
12,42,4,10,2002,2,1,1,2,1,1,1,1,1,1,1,5,1,1,10,6,1,1,,2,2
12,42,4,11,2002,3,1,1,2,1,1,1,1,1,1,1,5,1,1,19,6,1,1,,2,2
12,42,3,11,2002,1,3,6,2,1,1,3,1,1,1,1,5,1,1,14,6,1,1,,2,2
12,42,3,12,2002,2,1,1,2,1,1,1,1,1,1,1,5,1,1,8,6,1,1,,2,2
17,42,4,1,2002,2,1,1,2,1,1,1,1,1,1,1,5,1,1,9,6,1,1,,2,2
17,42,3,2,2002,2,1,1,2,1,1,1,1,1,1,1,5,1,1,12,6,1,1,,2,2
17,42,4,3,2002,4,1,1,2,1,1,3,1,1,1,1,5,1,1,14,6,1,1,,2,2
17,42,3,3,2002,3,1,1,2,1,1,1,1,1,1,1,5,1,1,9,6,1,1,,2,2
17,42,4,3,2002,3,1,1,2,1,1,1,1,1,1,1,5,1,1,,6,,,,,
17,42,2,3,2002,1,1,1,2,1,1,3,1,1,1,1,5,1,1,14,6,1,1,,2,2
17,42,4,4,2002,2,3,4,2,1,1,1,1,1,1,1,5,1,1,9,6,1,1,,2,2
17,42,4,5,2002,2,1,1,2,1,1,1,1,1,1,1,5,1,1,8,6,1,1,,2,2
17,42,3,6,2002,2,1,1,2,1,1,1,1,1,1,1,5,1,1,7,6,1,1,,2,2
17,42,4,7,2002,4,1,1,2,1,1,2,1,1,1,1,5,1,1,12,6,1,1,18,2,2
17,42,4,7,2002,4,1,1,2,1,1,3,1,1,1,1,5,1,1,19,6,,,,,
17,42,3,8,2002,3,1,1,2,2,1,1,1,1,1,1,5,1,1,10,3,1,1,,2,2
17,42,3,8,2002,4,1,1,2,1,1,3,1,1,1,1,5,1,1,10,6,1,1,28,2,2
17,42,4,9,2002,1,1,1,2,1,1,3,1,1,1,1,5,1,1,14,6,1,1,,1,2
17,42,3,12,2002,2,1,1,2,1,1,1,1,1,1,1,5,1,1,12,6,1,1,,2,2
17,42,4,12,2002,4,1,1,2,1,1,2,1,1,1,1,5,1,1,10,6,1,1,,2,2
14,42,4,4,2002,4,2,4,2,1,3,1,1,1,1,1,5,1,1,10,6,1,,,2,2
14,42,4,4,2002,2,1,1,2,1,1,1,1,1,1,1,5,1,1,9,6,1,1,,1,2
14,42,3,4,2002,4,3,4,2,1,1,3,1,1,1,1,5,1,1,14,6,1,1,,2,2
14,42,3,4,2002,4,3,4,2,1,1,3,1,1,1,1,5,1,1,14,6,1,1,,2,2
14,42,2,4,2002,1,1,1,2,1,1,3,1,1,1,1,5,1,1,14,6,,,,2,2
14,42,4,4,2002,1,1,1,2,1,1,3,1,1,1,1,5,1,1,19,6,,,,,
14,42,4,4,2002,4,1,4,2,1,1,3,1,1,1,1,5,1,1,9,6,1,1,,2,2
14,42,4,4,2002,2,1,1,2,2,1,2,2,1,1,1,2,1,1,19,6,,,,,
14,42,4,4,2002,4,1,1,2,1,1,3,1,1,1,1,5,1,1,19,6,,,,,
14,42,4,5,2002,4,3,4,2,1,1,3,1,1,1,1,5,1,1,14,6,1,1,,2,2
14,42,4,5,2002,1,1,1,2,2,1,4,1,1,1,1,2,1,1,14,6,,,,2,2
14,42,3,5,2002,2,1,1,2,2,1,2,1,1,2,1,2,1,1,8,6,1,1,,2,2
14,42,4,5,2002,2,1,1,2,2,1,1,1,1,1,1,2,1,1,19,6,,,,,
14,42,4,6,2002,3,1,1,2,2,1,1,1,1,1,1,2,1,1,14,6,1,1,,2,2
14,42,3,6,2002,3,1,1,2,2,1,1,1,1,1,1,5,1,1,10,6,1,1,,2,2
14,42,4,6,2002,3,1,1,2,2,1,1,1,1,1,1,2,1,2,7,6,,,,2,2
14,42,4,6,2002,4,1,1,2,2,1,3,1,1,1,1,2,1,2,14,6,,,,,2
14,42,4,6,2002,2,3,4,2,1,1,1,1,1,1,1,5,1,1,9,6,1,1,,,2
14,42,4,6,2002,4,3,4,2,1,1,3,1,1,1,1,5,1,1,10,6,1,1,,2,2
14,42,4,6,2002,1,1,1,2,1,1,2,1,1,1,1,5,1,1,19,6,,,,,
14,42,3,7,2002,4,3,4,2,1,1,3,1,1,1,1,5,1,1,9,6,,,,2,2
14,42,3,7,2002,2,1,1,2,2,1,1,1,1,1,1,2,1,2,9,6,,,,2,2
14,42,4,7,2002,2,1,1,2,2,1,1,1,1,1,1,5,1,1,7,6,1,1,,2,2
14,42,4,7,2002,4,1,1,2,2,1,4,1,1,1,1,2,1,2,10,6,1,1,,2,2
14,42,2,7,2002,1,3,4,2,1,1,3,1,1,1,1,5,1,1,14,6,,,,2,2
14,42,3,8,2002,3,3,4,2,1,1,1,1,1,1,1,5,1,1,8,6,1,1,,2,2
14,42,4,8,2002,1,1,1,2,1,1,3,1,1,1,1,5,1,1,14,5,1,1,,2,2
14,42,4,8,2002,3,5,4,2,1,1,1,1,1,1,1,5,1,1,9,6,1,1,,2,2
14,42,4,9,2002,4,3,4,2,1,1,2,1,1,1,1,5,1,1,14,6,1,1,,2,2
14,42,2,9,2002,4,3,4,2,1,1,3,1,1,1,1,5,1,1,14,6,1,1,,2,2
14,42,4,9,2002,2,1,1,2,1,1,1,1,1,1,1,5,1,1,8,6,,,,2,2
14,42,4,10,2002,2,1,1,2,1,1,1,1,1,1,1,5,1,1,9,6,,,,2,2
14,42,3,11,2002,2,1,1,2,2,1,1,1,1,1,1,2,1,2,9,6,,,,2,2
14,42,4,12,2002,2,1,1,2,2,1,1,1,1,1,1,2,1,2,14,6,1,1,,2,2
14,42,4,12,2002,2,2,4,2,1,1,1,1,1,1,1,5,1,1,4,6,1,1,,2,2
14,42,3,12,2002,1,3,4,2,1,1,3,1,1,1,1,5,1,1,8,6,,,,2,2
14,42,4,12,2002,3,1,1,2,1,1,1,1,1,1,1,5,1,1,8,6,,,,2,2
14,42,3,12,2002,1,3,4,2,1,1,3,1,1,1,1,5,1,1,14,6,1,1,,2,2
1,64,1,1,2002,4,1,1,2,2,1,3,1,1,1,1,5,1,1,8,6,1,1,,2,2
1,59,4,1,2002,3,1,3,2,2,1,1,1,1,1,1,2,1,1,4,6,1,1,40,2,2
1,59,3,1,2002,2,1,1,2,2,1,1,1,1,2,3,4,1,2,17,6,1,1,45,2,2
2,59,4,1,2002,3,1,1,2,2,1,1,1,1,1,1,2,1,2,13,6,1,1,,2,2
5,57,3,1,2002,2,1,1,2,2,1,1,1,1,1,1,2,1,2,14,6,1,1,35,2,2
1,61,2,1,2002,1,1,1,2,2,1,4,1,1,1,1,1,1,2,14,6,1,1,,2,2
1,61,4,1,2002,3,1,1,2,2,1,1,1,1,1,1,1,1,2,9,1,1,1,45,2,2
6,57,4,1,2002,2,1,1,2,2,1,1,1,1,1,1,2,1,2,6,6,1,1,,2,2
2,65,4,1,2002,4,3,4,2,2,1,2,1,1,1,1,1,1,2,9,6,1,1,32,2,2
5,65,4,1,2002,2,1,1,2,2,1,1,1,1,2,2,4,1,2,11,6,2,1,,2,2
5,65,4,1,2002,4,1,1,2,2,1,2,1,1,1,1,1,1,2,14,6,2,1,,2,2
7,65,4,1,2002,3,1,1,2,2,1,1,1,1,1,1,2,1,2,7,6,1,1,27,2,2
1,61,4,1,2002,3,1,1,2,2,1,1,1,1,1,1,1,1,2,8,1,1,1,32,1,2
1,61,4,1,2002,2,1,1,2,2,1,1,1,1,1,1,1,1,2,14,6,1,1,,2,2
2,61,4,2,2002,1,1,1,2,2,1,4,1,1,1,1,1,1,2,14,6,1,1,,2,2
1,59,4,2,2002,3,1,1,2,2,1,1,1,1,1,3,2,1,2,6,6,1,1,,2,2
1,59,3,1,2002,2,1,1,2,2,1,1,1,1,2,3,4,1,2,17,6,1,1,45,2,2
1,59,4,1,2002,3,1,3,2,2,1,1,1,1,1,1,2,1,1,4,6,1,1,40,2,2
2,59,4,1,2002,3,1,1,2,2,1,1,1,1,1,1,2,1,2,4,6,1,1,1,2,2
1,57,3,1,2002,1,1,1,2,2,4,2,1,1,1,1,2,1,2,9,6,1,1,,2,2
1,59,4,2,2002,3,1,1,2,2,1,1,1,1,1,3,2,1,2,6,6,1,1,,2,2
1,59,3,3,2002,3,1,1,2,2,1,1,1,1,1,1,2,1,1,10,6,1,1,,2,2
1,59,4,3,2002,3,1,1,2,2,1,1,4,1,1,1,4,1,2,17,6,2,1,,2,2
4,59,4,3,2002,3,1,1,2,2,1,1,1,1,1,1,2,1,2,9,6,1,1,,2,2
4,59,4,3,2002,2,1,1,2,2,1,1,1,1,1,1,2,1,2,17,6,1,1,,2,2
4,59,3,3,2002,4,1,1,2,2,1,3,1,1,1,1,2,1,2,13,6,1,1,,2,2
5,59,4,3,2002,3,1,1,2,2,1,1,1,1,1,1,2,1,2,9,6,1,1,,2,2
1,61,4,2,2002,1,1,1,2,2,1,2,1,1,1,1,1,1,2,9,1,1,1,42,2,2
1,61,3,2,2002,1,1,1,2,2,1,4,1,1,1,1,1,1,2,7,1,1,1,28,1,2
1,61,4,2,2002,1,2,1,2,2,1,2,1,1,1,1,1,1,2,,,,,,,
1,61,3,3,2002,1,1,1,2,2,1,4,1,1,1,1,1,1,2,15,1,1,1,22,1,2
1,61,3,3,2002,2,3,1,2,2,1,1,1,1,1,1,1,1,2,14,1,1,1,30,1,2
1,61,3,3,2002,3,3,1,2,2,1,1,1,1,1,1,1,1,2,14,1,1,1,35,1,2
1,61,4,3,2002,2,2,1,2,2,1,1,1,1,1,1,1,1,2,14,1,1,1,33,1,2
3,61,4,2,2002,3,3,1,2,2,1,1,1,1,1,1,2,1,2,9,6,1,1,32,1,2
2,61,4,1,2002,4,1,1,2,2,1,4,1,1,1,1,2,1,2,7,6,1,1,,2,2
2,61,4,3,2002,3,3,1,2,2,1,1,1,1,1,1,2,1,2,14,6,1,1,,1,2
1,63,2,2,2002,3,1,1,2,2,1,1,1,1,1,1,4,1,2,10,6,1,1,45,2,2
1,63,2,4,2002,3,1,1,2,2,1,1,1,1,1,1,4,1,2,6,6,1,1,,2,2
2,63,4,2,2002,3,3,1,2,2,1,1,1,1,1,1,4,1,2,11,5,2,1,,1,2
8,63,4,3,2002,3,1,1,2,2,1,1,1,1,1,1,1,1,2,9,5,1,1,35,2,2
11,63,4,1,2002,2,1,1,2,2,1,1,1,1,1,1,2,1,2,14,6,1,1,,2,2
1,65,4,3,2002,2,1,1,2,2,1,1,1,1,1,1,1,1,2,11,6,1,1,30,2,2
2,65,3,2,2002,2,1,1,2,2,1,1,1,1,1,1,1,1,2,11,6,1,1,,2,2
2,65,4,2,2002,2,1,1,2,2,1,1,1,1,1,1,1,1,2,9,6,1,1,,2,2
5,65,4,2,2002,2,1,1,2,2,1,1,1,1,1,1,1,1,2,10,6,1,1,,2,2
5,65,4,3,2002,2,1,1,2,2,1,1,1,1,1,1,1,1,2,7,6,1,5,24,2,2
5,65,4,3,2002,3,1,1,2,2,1,1,1,1,1,1,1,1,2,7,6,1,1,35,2,2
5,65,4,3,2002,3,1,1,2,2,1,1,1,1,1,1,1,1,2,9,6,1,1,28,2,2
7,65,4,2,2002,2,1,3,2,2,1,1,1,1,1,1,1,1,1,11,6,1,1,35,2,2
7,65,4,3,2002,2,1,3,2,2,1,1,1,1,1,1,1,1,2,14,6,1,1,,2,2
7,65,4,3,2002,1,1,1,2,2,1,1,1,1,1,1,2,1,2,7,6,1,1,,2,2
7,65,2,3,2002,2,1,1,2,2,1,1,1,1,1,1,1,1,2,,,,,,,
1,68,4,1,2002,3,1,1,2,2,1,1,3,1,1,1,2,1,2,9,6,2,1,28,1,2
1,57,1,3,2002,4,1,1,2,2,1,2,1,1,1,1,2,1,1,9,6,1,1,39,2,2
2,57,4,2,2002,2,1,1,2,2,1,2,1,1,1,1,2,1,2,6,6,1,1,35,2,2
3,57,4,3,2002,3,1,1,2,2,1,1,1,1,1,1,2,1,2,9,6,1,1,30,2,2
8,57,4,2,2002,3,1,1,2,2,1,1,1,1,1,1,2,1,2,15,,,,,,
8,57,2,2,2002,4,1,1,2,2,1,1,1,1,1,1,2,1,2,6,5,1,1,30,2,2
8,57,4,3,2002,3,1,3,2,2,1,1,1,1,1,1,1,1,2,9,6,1,1,45,2,2
8,57,4,3,2002,2,1,1,2,2,1,1,3,1,1,1,2,3,2,17,6,1,1,49,2,2
8,57,4,3,2002,2,1,3,2,2,1,1,1,1,1,1,1,1,2,9,6,1,1,47,2,2
4,59,4,4,2002,3,1,1,2,2,1,1,1,1,1,1,2,1,2,14,6,1,1,,1,2
5,59,4,4,2002,3,1,1,2,2,1,1,2,1,1,1,3,1,2,17,2,1,1,,2,2
1,61,4,4,2002,3,3,1,2,2,1,1,1,1,1,1,1,1,2,14,1,1,1,42,1,2
1,61,3,4,2002,1,1,1,2,2,1,4,1,1,1,1,1,1,2,9,1,1,1,35,1,2
1,61,2,4,2002,3,1,1,2,2,1,1,1,1,1,1,1,1,2,9,1,1,1,40,1,2
1,61,3,4,2002,4,1,1,2,2,1,4,1,1,1,1,1,1,2,7,1,1,1,,1,2
1,61,3,4,2002,4,1,1,2,2,1,4,1,1,1,1,1,1,2,12,1,1,1,35,1,2
1,61,4,4,2002,1,1,1,2,2,1,2,1,1,1,1,1,1,2,,,,,,,
1,61,4,4,2002,3,1,1,2,2,1,1,1,1,1,1,1,1,2,14,6,1,1,,1,2
4,61,4,2,2002,3,1,1,2,2,1,1,1,1,1,1,1,1,2,12,6,1,1,26,2,2
4,61,2,3,2002,4,1,1,2,2,1,4,1,1,1,1,2,1,2,14,6,1,1,30,2,2
5,61,4,3,2002,3,1,1,2,2,1,1,3,1,1,1,2,1,2,9,6,1,1,,2,2
4,63,4,2,2002,1,1,1,2,2,4,4,4,2,1,1,1,1,2,12,6,1,1,35,1,2
4,63,3,2,2002,1,1,1,2,2,1,2,1,1,1,1,1,1,2,8,6,1,1,40,2,2
4,63,4,2,2002,2,1,1,2,2,1,1,2,1,1,1,1,1,2,9,5,1,1,45,1,2
4,63,4,3,2002,2,1,1,2,2,1,1,1,1,1,1,1,1,2,8,6,1,1,35,2,2
4,63,4,3,2002,1,1,1,2,2,1,4,2,1,1,1,1,1,2,13,1,1,1,45,1,2
5,63,4,3,2002,2,1,1,2,2,1,1,1,1,1,1,2,1,2,11,6,2,1,,2,2
6,63,4,1,2002,2,1,1,2,2,1,1,4,1,1,1,2,1,2,11,6,1,1,,1,2
6,63,4,2,2002,3,1,1,2,2,1,1,1,1,1,1,2,1,2,14,2,1,1,,2,2
6,63,3,3,2002,2,1,1,2,2,1,1,1,1,1,1,2,1,2,14,6,1,1,,1,2
7,63,4,1,2002,2,1,1,2,2,1,1,1,1,1,1,1,1,2,9,6,1,1,35,1,2
7,63,4,3,2002,2,1,1,2,2,1,1,1,1,1,1,2,1,2,5,6,1,1,30,2,2
7,63,4,3,2002,3,1,1,2,2,1,1,1,1,1,1,1,1,2,7,6,1,1,30,2,2
9,63,4,3,2002,3,1,1,2,2,1,1,1,1,1,1,1,1,2,9,6,1,1,,2,2
9,63,3,3,2002,4,1,1,2,2,1,2,1,1,1,1,1,1,2,7,5,1,1,,2,2
11,63,4,3,2002,2,1,1,2,2,1,1,1,1,1,1,2,1,2,14,6,1,1,40,1,2
13,63,4,2,2002,3,1,1,2,2,1,1,1,1,1,1,1,1,2,9,6,1,1,30,1,2
13,63,3,2,2002,1,1,1,2,2,1,4,1,1,1,1,1,2,2,12,6,1,1,,1,2
11,64,4,1,2002,2,1,1,2,2,1,1,1,1,1,1,5,1,1,8,6,1,1,,2,2
11,64,3,1,2002,3,1,6,2,2,1,1,1,1,1,1,5,1,1,8,2,1,1,33,1,2
11,64,4,1,2002,3,1,1,2,2,1,1,1,1,1,1,5,1,1,7,6,1,1,,2,2
11,64,3,3,2002,2,1,1,2,1,1,1,1,1,1,1,5,1,1,10,6,1,1,35,2,1
11,64,4,4,2002,4,1,1,2,1,1,3,1,1,1,1,5,1,1,8,6,1,1,30,2,2
11,64,4,4,2002,2,2,4,2,1,1,1,1,1,1,1,5,1,1,8,6,1,1,35,2,2
2,65,4,4,2002,3,1,1,2,2,1,1,1,1,2,2,4,1,2,11,6,1,1,,1,2
2,65,4,4,2002,3,1,1,2,2,1,1,1,1,3,2,4,1,2,14,6,1,1,,1,2
2,65,4,4,2002,2,1,1,2,2,1,1,1,1,1,1,1,1,1,9,6,1,1,,2,2
5,65,4,3,2002,2,1,1,2,2,1,1,1,1,1,1,1,1,2,9,6,1,1,,2,2
5,65,4,4,2002,3,1,1,2,2,1,1,1,1,1,1,1,1,2,11,6,1,1,,2,2
6,65,4,4,2002,2,1,1,2,2,1,1,1,1,1,1,1,4,2,7,6,1,1,28,2,2
8,64,3,5,2002,4,1,1,2,2,1,3,1,1,1,1,5,1,1,14,6,1,1,,1,2
1,65,4,5,2002,2,1,1,2,2,2,1,2,2,1,1,1,1,2,9,1,1,1,,2,2
2,65,4,5,2002,3,1,1,2,2,2,1,1,2,2,2,4,1,2,14,6,1,1,,2,2
1,58,3,1,2002,3,1,1,2,2,1,1,1,1,1,1,2,1,2,7,6,1,1,28,2,2
1,58,4,3,2002,2,1,1,2,2,1,1,1,1,1,1,1,1,1,9,6,1,1,35,2,2
1,58,4,3,2002,2,1,1,2,2,1,2,1,1,1,1,1,1,1,,,,,,,
1,58,4,4,2002,2,1,3,2,2,1,1,1,1,1,1,2,1,1,17,6,2,1,24,2,2
2,58,1,1,2002,2,1,2,2,2,1,1,1,1,1,1,1,1,2,14,5,1,1,38,2,2
2,58,4,3,2002,1,1,1,2,2,1,2,1,1,1,1,2,1,2,,,,,,,
2,58,4,3,2002,3,1,1,2,2,1,1,2,1,1,1,2,2,2,9,6,1,1,,1,2
3,58,4,5,2002,3,1,1,2,2,1,1,1,1,1,1,2,1,2,9,6,1,1,40,1,2
5,58,4,2,2002,1,1,1,2,2,1,2,1,1,1,1,1,1,2,7,6,1,1,,1,2
5,58,4,2,2002,2,1,1,2,2,1,1,1,1,1,1,1,1,2,14,6,1,1,,1,2
5,58,4,3,2002,3,1,1,2,2,1,2,1,1,1,1,1,1,2,14,6,1,1,,1,2
5,58,4,3,2002,3,1,1,2,2,1,1,1,1,1,1,1,1,2,14,6,1,1,,1,2
5,58,4,4,2002,2,1,1,2,2,1,1,1,1,1,1,1,1,2,14,6,1,1,38,1,2
5,58,4,4,2002,4,1,1,2,2,1,4,1,1,1,1,1,1,2,14,9,1,1,,1,2
5,58,3,4,2002,2,1,1,2,2,1,1,1,1,1,1,1,1,2,7,6,1,1,28,2,2
5,58,3,5,2002,4,3,1,2,2,1,2,1,1,1,1,1,1,2,9,6,1,1,35,2,2
5,58,4,5,2002,2,1,1,2,2,1,1,1,1,1,1,1,1,2,8,6,1,1,,2,2
5,58,3,5,2002,2,1,1,2,2,1,1,1,1,1,1,1,1,2,14,6,1,1,34,2,2
6,58,4,1,2002,3,1,1,2,2,1,1,1,1,1,1,1,1,2,14,6,1,1,,2,2
6,58,4,4,2002,2,3,1,2,2,1,1,1,1,2,1,1,1,2,9,6,1,6,40,2,2
6,58,4,5,2002,1,1,1,2,2,1,2,2,1,1,1,1,1,2,14,6,1,1,35,1,2
7,58,4,1,2002,2,1,1,2,2,1,1,3,1,1,1,1,1,2,8,6,1,1,,2,2
7,58,4,5,2002,4,3,1,2,2,1,2,1,1,1,1,1,1,2,8,1,1,1,40,2,2
7,58,4,5,2002,2,1,1,2,2,1,1,1,1,1,1,1,1,2,9,6,1,1,,2,2
7,58,4,5,2002,3,1,1,2,2,1,1,1,1,1,1,1,1,2,9,6,1,1,32,2,2
7,58,4,5,2002,1,1,1,2,2,1,4,1,1,1,1,1,1,2,,,,,,,
7,58,4,5,2002,2,1,1,2,2,1,1,1,1,1,1,1,1,2,10,6,1,1,,2,2
7,58,4,5,2002,2,1,1,2,2,2,1,1,2,1,1,1,1,2,9,6,1,1,30,2,2
8,58,4,2,2002,2,1,1,2,2,1,1,2,1,1,1,2,1,2,9,1,1,1,,2,2
8,58,4,3,2002,2,1,1,2,2,1,1,1,1,1,1,2,1,2,14,6,1,1,40,2,2
8,58,4,4,2002,2,1,1,2,2,1,1,1,1,1,1,2,1,2,14,6,1,1,,2,2
8,58,4,5,2002,2,1,1,2,2,1,1,3,1,3,2,4,1,2,17,6,1,1,,2,2
8,58,4,5,2002,2,1,1,2,2,1,1,1,1,1,1,2,1,2,,,,,,,
8,58,4,5,2002,3,1,1,2,2,1,1,1,1,1,1,2,1,2,14,6,1,1,,2,2
9,58,4,2,2002,2,1,1,2,2,1,1,1,1,1,1,2,1,2,9,6,1,1,35,2,2
12,58,4,5,2002,3,1,1,2,2,1,1,1,1,1,1,2,1,2,9,6,1,1,,2,2
12,58,4,5,2002,4,1,1,2,2,1,1,1,1,1,1,2,1,2,7,6,1,1,,2,2
1,59,4,5,2002,2,1,1,2,2,1,1,1,1,1,1,2,1,2,9,6,1,1,,2,2
1,59,4,6,2002,2,1,1,2,2,1,1,2,1,1,1,2,1,2,10,1,1,1,18,2,2
4,59,4,5,2002,2,1,1,2,2,1,1,1,1,1,1,2,1,2,17,6,1,1,,2,2
4,59,4,6,2002,3,1,1,2,2,1,1,1,1,1,1,2,1,2,14,6,1,1,,2,2
4,59,4,6,2002,4,1,1,2,2,1,4,1,1,1,1,2,1,2,8,6,1,1,,2,2
4,61,4,4,2002,4,1,1,2,2,1,4,1,1,1,1,2,1,2,12,6,1,1,39,2,2
2,63,4,4,2002,1,1,1,2,2,1,4,1,1,1,1,1,1,2,10,6,1,1,,2,2
9,63,4,5,2002,3,1,3,2,2,2,1,1,2,1,1,1,1,2,10,6,1,1,,2,2
9,63,1,5,2002,2,1,1,2,2,2,1,1,2,2,2,4,4,2,8,6,1,1,35,2,2
9,63,4,6,2002,4,1,1,2,2,1,4,1,1,1,1,1,1,2,10,6,1,1,,2,2
14,63,4,1,2002,4,1,1,2,2,1,4,1,1,1,1,1,1,2,12,6,1,1,,2,2
14,63,4,1,2002,4,1,1,2,2,1,3,1,1,1,1,1,1,2,14,6,1,1,,2,2
14,63,1,1,2002,3,2,1,2,2,1,1,1,1,1,1,1,1,2,9,6,1,1,40,2,2
14,63,4,1,2002,2,1,1,2,2,1,1,1,1,1,1,1,1,2,7,6,1,3,,2,2
14,63,4,1,2002,4,1,1,2,2,1,4,1,1,1,1,1,1,2,,,,,,,
14,63,2,2,2002,3,1,1,2,2,1,1,1,1,1,1,1,1,1,14,4,1,1,35,2,2
14,63,4,4,2002,1,1,1,2,2,1,4,1,1,1,1,1,1,2,9,6,2,1,,1,2
14,63,4,4,2002,4,1,1,2,2,1,1,1,1,1,1,1,1,1,14,6,1,1,,2,2
14,63,4,4,2002,1,1,1,2,2,1,1,1,1,1,1,1,1,2,,,,,,,
1,59,4,7,2002,2,1,1,2,2,1,1,1,1,1,1,2,1,2,9,6,1,1,,2,2
4,59,4,7,2002,3,1,1,2,2,2,1,1,2,1,1,2,1,2,9,6,1,1,,2,2
1,61,4,2,2002,3,1,1,2,2,1,1,1,1,1,1,1,1,2,,,,,,,
1,61,4,2,2002,4,1,1,2,2,1,4,1,1,1,1,1,1,2,14,6,,,,,
1,61,1,3,2002,2,1,1,2,2,1,2,1,1,1,1,1,1,2,14,6,1,1,,2,2
1,61,4,4,2002,4,1,1,2,2,1,4,1,1,1,1,1,1,2,,,,,,,
1,61,4,4,2002,2,1,1,2,2,1,1,3,1,1,1,1,1,2,14,6,1,1,45,2,2
1,61,1,4,2002,4,1,1,2,2,1,4,1,1,1,1,1,1,2,14,6,2,1,,2,2
1,61,1,4,2002,3,1,1,2,2,1,1,1,1,1,1,1,1,2,16,6,1,1,,2,2
1,61,3,5,2002,2,1,1,2,2,2,1,1,2,1,1,1,1,2,7,6,1,1,,2,2
1,61,3,5,2002,2,1,1,2,2,1,1,1,1,1,1,1,1,2,9,6,,,,,
2,61,4,2,2002,1,1,1,2,2,1,2,1,1,1,1,1,1,2,14,6,,,,,
2,61,1,2,2002,3,1,1,2,2,1,1,1,1,1,1,1,1,2,14,5,1,1,,2,2
2,61,3,4,2002,3,1,1,2,2,1,1,1,1,1,1,1,1,2,11,6,1,1,28,2,2
2,61,1,4,2002,3,1,1,2,2,1,1,1,1,1,1,1,1,2,8,5,1,1,,2,2
2,61,1,6,2002,2,1,1,2,2,1,2,1,1,1,1,1,1,2,14,6,1,1,35,2,2
14,63,4,3,2002,3,1,1,2,2,1,1,1,1,1,1,1,1,2,9,5,1,1,27,1,2
14,63,4,5,2002,2,1,1,2,2,1,1,1,1,1,1,1,1,2,9,5,1,1,35,2,2
14,63,4,5,2002,4,1,1,2,2,1,4,1,1,1,1,1,1,2,9,6,1,1,,2,2
14,63,4,5,2002,3,1,1,2,2,2,1,1,2,1,1,1,1,2,14,6,1,1,32,2,2
14,63,4,5,2002,4,1,1,2,2,2,4,1,2,1,1,1,1,2,9,6,1,1,,2,2
1,63,3,5,2002,2,1,1,2,2,1,1,1,1,1,1,2,1,2,12,5,1,1,34,1,2
5,65,4,6,2002,2,1,1,2,2,2,1,1,2,1,1,2,1,2,11,6,,,,,
1,67,4,2,2002,2,1,5,2,2,1,1,1,1,1,2,2,1,1,14,6,1,1,40,2,2
1,67,4,2,2002,3,1,1,2,2,1,1,4,1,1,1,2,1,1,14,6,2,1,,2,2
1,61,4,6,2002,3,2,1,2,2,1,1,1,1,1,1,1,1,2,12,1,1,1,30,1,2
1,61,3,7,2002,3,1,1,2,2,1,1,1,1,1,1,2,1,2,9,1,1,1,42,1,2
1,61,3,7,2002,1,1,1,2,2,1,4,1,1,1,1,1,1,2,14,1,1,1,35,1,2