Thana,District,Accident_Severity,Month,Year,Time,Junction_Type,Traffic_Control,Movement,Divider,Weather,Light,Road_Geometry,Surface_Condition,Surface_Type,Surface_Quality,Road_Class,Road_Feature,Location_Type,Vehicle_Type,Vehicle_Movement,Vehicle_Loading,Vehicle_Defect,Vehicle_Driver_Age,Vehicle_Alcohol,Vehicle_Seat_Belt
1,61,4,7,2002,1,1,1,2,2,1,2,1,1,1,1,1,1,2,,,,,,,
1,61,4,7,2002,2,1,1,2,2,1,1,1,1,1,1,2,1,2,9,1,1,1,45,1,2
1,61,3,7,2002,2,1,1,2,2,1,1,1,1,1,1,1,1,2,14,1,1,1,32,1,2
2,61,3,7,2002,3,1,1,2,2,1,1,1,1,1,1,1,1,2,14,6,1,1,32,2,2
2,61,3,7,2002,2,1,1,2,2,1,1,1,1,1,1,1,1,2,9,6,1,1,35,2,2
4,61,3,7,2002,2,3,1,2,2,1,1,1,1,1,1,3,1,2,9,6,1,1,,2,2
5,65,4,7,2002,2,1,1,2,2,2,1,1,2,1,1,4,1,2,11,6,1,1,,2,2
5,65,4,7,2002,3,1,1,2,2,1,1,1,1,1,1,1,1,2,,,,,,,
6,65,4,7,2002,4,1,1,2,2,2,4,1,2,1,2,3,1,2,14,6,1,1,,1,2
4,68,4,3,2002,3,1,1,2,2,1,1,5,1,2,2,4,4,2,11,6,1,3,40,2,2
4,68,1,3,2002,3,1,1,2,2,1,1,5,1,2,2,4,4,2,11,3,1,1,40,2,2
1,59,4,8,2002,3,1,1,2,2,1,1,1,1,1,1,2,1,2,8,6,1,1,,2,2
1,59,3,8,2002,2,3,8,2,2,1,1,1,1,1,1,2,1,1,17,6,1,1,,2,2
5,59,4,8,2002,3,1,1,2,2,1,1,1,1,1,1,2,1,2,12,6,1,1,32,2,2
1,61,4,8,2002,2,1,1,2,2,1,1,1,1,1,1,1,1,2,14,6,1,1,,2,2
2,61,4,6,2002,3,1,1,2,2,2,1,1,2,1,1,1,1,2,11,6,1,1,,2,2
5,63,4,7,2002,4,1,1,2,2,2,3,5,2,1,1,2,1,2,10,6,1,1,40,2,2
5,63,4,8,2002,2,1,1,2,2,1,1,1,1,1,1,2,1,2,11,6,1,1,,2,2
5,63,4,8,2002,4,1,1,2,2,1,2,1,1,1,1,2,1,2,9,6,1,1,35,2,2
11,63,4,5,2002,2,1,4,2,2,2,2,2,2,1,2,2,1,2,8,1,1,1,35,2,2
1,59,4,9,2002,2,1,8,2,2,1,1,1,1,1,1,2,1,2,8,6,1,1,,2,2
4,59,4,9,2002,2,1,8,2,2,1,1,1,1,1,1,2,1,2,7,6,1,1,,1,2
2,59,4,9,2002,2,1,8,2,2,1,1,1,1,1,1,2,1,2,16,6,1,1,,2,2
2,59,4,9,2002,2,1,8,2,2,1,1,1,1,1,1,2,1,2,5,5,1,1,,2,2
4,60,4,4,2002,2,1,8,2,2,1,1,1,1,1,1,2,1,2,6,6,1,1,,1,2
5,60,4,3,2002,2,1,8,2,2,1,1,1,1,1,1,2,1,2,,,,,,,
5,60,4,2,2002,4,1,8,2,2,1,2,1,1,1,1,2,1,2,5,6,1,1,,2,2
5,60,4,5,2002,2,1,8,2,2,1,1,1,1,1,1,2,1,2,5,6,1,1,28,2,2
7,60,4,3,2002,2,1,8,2,2,1,1,1,1,1,1,2,1,2,14,6,2,1,,1,2
7,60,2,4,2002,2,4,8,2,2,1,1,4,1,1,2,2,1,2,14,1,1,1,35,2,2
8,60,3,7,2002,3,3,1,2,2,1,1,1,1,1,1,2,1,2,5,5,1,1,32,2,2
1,62,3,8,2002,3,1,8,2,2,1,1,1,1,1,3,2,1,2,14,6,1,1,38,2,2
1,62,4,9,2002,4,1,1,2,2,1,4,1,1,1,1,2,1,2,9,6,2,7,28,1,2
2,62,4,2,2002,3,1,1,2,2,1,1,1,1,1,1,4,1,2,6,6,1,6,35,2,2
3,62,4,3,2002,3,1,1,2,2,1,1,1,1,1,1,2,1,2,12,6,1,1,,1,2
3,62,4,3,2002,2,1,1,2,2,1,1,1,1,1,1,2,1,2,9,6,1,1,,2,2
3,62,3,5,2002,3,1,1,2,2,1,1,1,1,1,1,2,1,2,7,6,1,1,,2,2
4,62,4,5,2002,2,3,8,2,2,1,1,1,1,1,1,2,1,2,5,6,1,1,,1,2
2,68,4,4,2002,3,1,1,2,2,1,1,5,1,1,1,4,4,2,11,6,1,1,35,2,2
5,68,4,5,2002,3,1,1,2,2,2,1,5,2,2,2,4,1,2,12,11,1,1,40,2,2
4,59,1,10,2002,3,1,8,2,2,1,1,1,1,1,1,2,1,2,7,6,1,1,,1,2
4,59,1,10,2002,3,1,8,2,2,1,1,1,1,1,1,2,1,2,9,6,1,3,30,2,2
4,59,3,10,2002,3,1,8,2,2,1,1,1,1,1,1,2,1,2,5,6,1,1,,2,2
1,61,4,1,2002,4,1,1,2,2,1,4,1,1,1,1,1,1,2,,,,,,,
1,61,3,9,2002,3,1,1,2,2,1,1,1,1,1,1,1,1,2,11,6,1,1,,2,2
1,61,3,9,2002,3,1,8,2,2,1,1,1,1,1,1,1,1,2,9,5,1,1,30,2,2
1,61,1,9,2002,2,1,8,2,2,1,1,1,1,1,1,1,1,2,14,6,1,1,42,1,2
1,61,4,9,2002,2,1,1,2,2,1,1,1,1,1,1,1,1,2,14,6,1,1,43,1,2
1,61,3,9,2002,3,1,1,2,2,1,1,1,1,1,1,1,1,2,9,6,1,1,,1,2
1,61,4,10,2002,1,1,1,2,2,4,4,1,2,1,1,1,1,2,,,,,,,
1,61,3,10,2002,4,1,1,2,2,1,4,1,1,1,1,1,1,2,10,6,1,1,,1,2
1,61,3,10,2002,2,1,1,2,2,1,1,1,1,1,1,1,1,2,9,1,1,1,35,1,2
3,61,1,9,2002,3,3,1,2,2,1,1,1,1,1,1,2,1,2,8,6,1,1,30,2,2
1,62,4,10,2002,4,1,1,2,2,1,4,1,1,1,1,2,1,2,,,,,,,
5,63,4,9,2002,2,1,1,2,2,1,1,1,1,1,1,2,1,2,11,6,1,1,,2,2
11,63,4,7,2002,3,1,1,2,2,1,1,1,1,1,1,2,1,2,7,6,1,1,,1,2
11,63,4,8,2002,2,1,1,2,2,1,1,1,1,1,1,2,1,2,11,6,1,1,26,2,2
14,63,4,7,2002,2,1,8,2,2,1,1,1,1,1,1,1,1,2,,,,,,,
14,63,4,8,2002,3,1,8,2,2,1,1,1,1,1,1,1,1,2,14,6,1,1,,2,2
1,65,4,9,2002,2,1,1,2,2,1,1,1,1,1,1,1,3,2,11,6,2,6,40,1,2
5,65,4,9,2002,3,1,1,2,2,1,1,1,1,1,1,1,1,2,9,6,1,1,,2,2
5,65,4,9,2002,3,1,1,2,2,1,1,1,1,1,1,2,1,2,7,6,1,1,,2,2
6,65,4,10,2002,3,4,1,2,2,1,1,1,1,1,1,1,1,2,9,6,1,1,,2,2
5,64,4,3,2002,3,1,1,2,2,1,1,1,1,1,1,5,1,1,9,6,1,1,39,2,2
5,64,4,4,2002,2,1,1,2,2,1,1,1,1,1,1,5,1,1,14,6,1,1,,1,2
5,64,2,5,2002,2,1,1,2,2,1,1,1,1,1,1,5,1,1,14,6,1,1,44,2,2
5,64,3,5,2002,3,1,1,2,2,1,1,1,1,1,1,5,1,1,6,6,1,1,44,2,2
5,64,3,5,2002,2,3,1,2,2,1,1,1,1,1,1,5,1,1,14,6,1,1,48,2,2
5,64,3,7,2002,1,1,1,2,2,1,4,1,1,1,1,5,1,1,14,6,1,1,40,2,2
5,64,3,8,2002,3,1,1,2,2,1,1,1,1,1,1,5,1,1,6,6,1,1,37,2,2
5,64,3,11,2002,2,1,1,2,2,1,1,1,1,1,1,5,1,1,14,6,1,1,45,1,2
6,64,4,2,2002,4,1,6,2,2,1,3,1,1,1,1,5,1,1,14,,,,,,
6,64,3,2,2002,4,2,6,2,2,1,3,1,1,1,1,5,1,1,4,6,1,1,38,2,2
6,64,4,6,2002,3,1,1,2,2,1,1,1,1,1,1,5,1,1,14,6,1,1,,2,2
6,64,4,6,2002,2,1,1,2,2,1,1,1,1,1,1,5,1,1,12,6,1,1,,2,2
6,64,3,9,2002,4,2,6,2,2,1,2,1,1,1,1,5,1,1,6,6,1,1,32,2,2
6,64,4,10,2002,1,1,1,2,2,1,3,1,1,1,1,5,1,1,7,6,1,1,,2,2
7,64,3,5,2002,2,2,4,2,2,1,1,1,1,1,1,5,1,1,6,6,1,1,25,2,2
7,64,3,7,2002,2,2,1,2,2,1,1,1,1,1,1,5,1,1,13,6,1,1,,2,2
7,64,4,10,2002,1,2,1,2,2,1,3,1,1,1,1,5,1,1,9,6,1,1,30,2,2
7,64,4,12,2002,2,2,1,2,2,1,1,3,1,1,1,5,1,1,8,6,1,1,45,1,2
11,64,4,7,2002,2,3,4,2,2,1,1,1,1,1,1,5,1,1,7,6,1,1,,2,2
11,64,3,8,2002,2,1,4,2,2,1,1,1,1,1,1,5,1,1,8,6,1,1,,2,2
11,64,4,8,2002,3,1,1,2,2,1,1,1,1,1,1,5,1,1,8,6,2,1,,2,2
11,64,1,9,2002,4,3,8,2,2,1,3,1,1,1,1,5,1,1,8,6,1,1,,1,2
11,64,3,11,2002,2,3,1,2,2,1,1,2,1,1,1,5,1,1,8,6,1,1,30,2,2
12,64,1,3,2002,2,1,8,2,2,1,1,1,1,1,1,5,1,1,14,1,1,7,27,2,2
12,64,4,9,2002,3,1,1,2,2,1,1,1,1,1,1,5,1,1,9,6,1,1,,2,2
12,64,4,11,2002,4,2,3,2,2,1,2,1,1,1,1,5,1,1,14,6,1,1,32,2,2
12,64,1,12,2002,4,1,1,2,2,1,2,1,1,1,1,5,1,1,6,6,1,1,,2,2
2,59,4,11,2002,2,1,1,2,2,1,1,1,1,1,1,2,1,2,14,6,1,1,30,1,2
4,59,4,11,2002,2,1,8,2,2,1,1,1,1,1,1,2,1,2,12,6,1,1,41,1,2
7,59,4,11,2002,3,1,1,2,2,1,2,1,1,1,1,2,1,2,14,6,1,1,,1,2
1,67,4,11,2002,2,1,1,2,2,1,1,1,1,1,1,2,1,1,14,6,1,1,30,2,2
1,67,4,5,2002,2,1,1,2,2,1,1,2,1,1,1,2,1,1,14,2,1,1,,1,2
1,67,4,5,2002,2,1,1,2,2,1,1,2,1,1,1,2,1,2,9,6,2,1,32,2,2
1,67,4,2,2002,3,1,1,2,2,1,1,1,1,1,1,2,1,1,14,6,1,1,30,1,2
2,67,4,9,2002,2,1,1,2,2,1,1,3,1,1,2,3,1,2,11,1,2,3,,1,2
2,64,4,1,2002,2,5,1,2,2,1,1,1,1,1,1,5,1,1,14,6,1,1,37,1,2
2,64,2,1,2002,2,1,1,2,2,1,1,1,1,1,1,5,1,1,14,6,1,1,46,1,2
2,64,4,1,2002,2,5,1,2,2,1,1,1,1,1,1,5,1,1,8,6,1,1,29,2,2
2,64,4,1,2002,3,1,1,2,2,1,1,1,1,1,1,5,1,1,15,6,1,1,,2,2
2,64,4,2,2002,3,3,1,2,2,1,1,1,1,1,1,5,1,1,14,6,1,1,46,1,2
2,64,4,3,2002,3,1,1,2,2,1,1,1,1,1,1,5,1,1,14,6,1,1,39,1,2
2,64,4,5,2002,3,1,1,2,2,1,1,1,1,1,1,5,1,1,19,6,1,1,,2,2
2,64,4,5,2002,2,1,1,2,2,1,1,1,1,1,1,5,1,1,14,6,1,1,48,1,2
2,64,3,5,2002,4,2,4,2,2,1,3,1,1,1,1,5,1,1,14,6,1,1,,1,2
2,64,4,6,2002,3,1,1,2,2,1,1,1,1,1,1,5,1,1,6,6,1,1,,2,2
2,64,4,6,2002,3,1,1,2,2,1,1,1,1,1,1,5,1,1,14,6,1,1,,2,2
2,64,3,6,2002,3,1,1,2,2,1,1,1,1,1,1,5,1,1,14,6,1,1,,2,2
2,64,4,6,2002,3,1,1,2,2,1,3,1,1,1,1,5,1,1,14,6,1,1,,1,2
2,64,4,6,2002,3,1,1,2,2,1,1,1,1,1,1,5,1,1,14,6,1,1,,2,2
2,64,3,7,2002,1,1,1,2,2,1,2,1,1,1,1,5,1,1,15,6,1,1,,2,2
2,64,3,8,2002,2,1,1,2,2,1,1,1,1,1,1,5,1,1,14,6,1,1,,2,2
2,64,1,12,2002,4,2,1,2,2,1,3,1,1,1,1,5,1,1,16,6,1,1,,2,2
4,64,1,1,2002,3,2,6,2,2,1,1,1,1,1,1,5,1,1,14,6,1,1,,2,2
4,64,3,3,2002,3,1,1,2,2,1,1,1,1,1,1,5,1,1,10,2,1,1,35,2,2
4,64,3,4,2002,3,2,6,2,1,1,1,1,1,1,1,5,1,1,6,6,1,1,22,2,2
4,64,4,5,2002,2,2,6,2,2,1,1,1,1,1,1,5,1,1,14,6,1,1,33,1,2
4,64,4,6,2002,3,1,1,2,2,1,1,1,1,1,1,5,1,1,14,6,1,1,,1,2
4,64,4,9,2002,4,1,1,1,2,1,4,1,1,1,1,5,1,1,14,6,1,1,,2,2
4,64,2,11,2002,3,2,6,2,2,1,1,1,1,1,1,5,1,1,14,6,1,1,29,1,2
4,64,4,11,2002,3,2,6,2,2,1,1,1,1,1,1,5,1,1,14,6,1,1,34,1,2
4,64,3,12,2002,3,1,1,2,2,1,1,1,1,1,1,5,1,1,8,6,1,1,,2,2
4,64,4,12,2002,3,2,6,2,1,1,1,1,1,1,1,5,1,1,9,6,1,1,35,1,2
4,64,4,12,2002,2,1,1,2,2,1,1,1,1,1,1,5,1,1,9,6,1,1,35,2,2
8,64,3,4,2002,3,1,2,2,2,1,1,1,1,1,1,5,1,1,13,6,1,1,33,2,2
8,64,4,9,2002,2,1,1,2,2,1,1,1,1,1,1,5,1,1,7,6,1,1,,2,2
8,64,4,11,2002,2,2,1,2,2,1,1,1,1,1,1,5,1,1,6,6,1,1,32,2,2
8,64,4,12,2002,3,1,1,2,2,1,1,1,1,1,1,5,1,1,7,6,1,1,40,2,2
9,64,4,6,2002,2,1,1,2,2,1,1,1,1,1,1,5,1,1,14,6,1,1,,2,2
9,64,2,8,2002,1,1,1,2,2,1,1,1,1,1,1,5,1,1,14,6,1,1,,1,2
9,64,4,8,2002,1,1,1,2,2,1,1,1,1,1,1,5,1,1,14,6,1,1,,2,2
9,64,4,8,2002,1,1,1,2,2,1,1,1,1,1,1,5,1,1,,,,,,,
9,64,4,10,2002,2,1,1,2,2,1,1,1,1,1,1,5,1,1,7,6,1,1,,2,2
9,64,4,12,2002,2,1,1,2,2,1,1,1,1,1,1,5,1,1,14,6,1,1,28,2,2
9,64,4,12,2002,1,1,1,2,2,1,1,1,1,1,1,5,1,1,14,6,1,1,,2,2
9,64,4,12,2002,4,1,1,2,2,1,3,1,1,1,1,5,1,1,14,6,1,1,35,2,2
11,64,4,8,2002,3,1,4,2,2,1,1,1,1,1,1,5,1,1,8,6,2,1,,2,2
1,46,4,6,2002,2,1,1,2,2,1,1,1,1,1,1,1,1,2,9,6,1,1,,2,2
1,46,4,6,2002,2,1,1,2,2,1,1,1,1,1,1,1,1,2,10,6,1,1,,2,2
3,44,4,7,2002,1,1,1,2,2,1,4,1,1,1,1,1,1,2,9,6,1,1,,2,2
3,44,4,7,2002,3,1,1,2,2,1,1,1,1,1,1,1,1,2,10,6,1,1,,2,2
5,44,4,7,2002,1,1,1,2,2,1,2,1,1,1,1,1,1,2,9,6,1,1,,2,2
6,44,4,7,2002,3,1,1,2,2,1,1,1,1,1,1,3,1,1,9,6,1,1,,2,2
7,44,4,7,2002,1,1,1,2,2,1,2,1,1,2,2,3,1,2,13,6,1,1,,2,2
8,52,3,7,2002,3,1,1,2,2,1,1,1,2,3,3,3,1,2,4,6,1,1,,2,2
2,52,4,7,2002,2,1,1,2,2,1,1,1,1,1,1,3,1,2,8,6,1,1,,2,2
1,47,4,7,2002,3,1,1,2,2,2,1,2,2,1,1,1,1,2,9,6,1,1,35,2,2
1,47,4,7,2002,3,1,1,2,2,1,1,1,1,1,1,1,1,1,9,6,1,1,,2,2
5,47,3,7,2002,3,1,1,2,2,1,1,1,1,1,1,1,1,2,13,6,1,1,,2,2
5,47,3,7,2002,3,1,1,2,2,1,1,1,1,1,1,1,1,2,14,6,1,1,,2,2
5,47,4,7,2002,3,1,1,2,2,1,1,1,1,1,1,3,1,2,9,6,1,1,,2,2
9,47,3,7,2002,3,1,1,2,2,1,1,1,1,1,1,1,1,2,7,6,1,1,22,2,2
12,47,4,7,2002,3,1,1,2,2,1,1,1,1,1,1,1,1,2,9,6,1,1,,2,2
1,51,4,7,2002,3,1,1,2,2,1,1,1,1,1,1,3,1,2,14,6,1,1,31,2,2
4,51,4,7,2002,2,1,1,2,2,1,1,1,2,2,2,1,1,1,14,6,1,1,,2,2
4,51,3,7,2002,1,1,1,2,2,1,3,1,1,1,1,1,1,2,9,6,1,1,,2,2
7,51,4,7,2002,2,1,1,2,2,1,1,1,1,1,2,3,1,2,9,6,1,1,,2,2
7,51,3,7,2002,2,1,1,2,2,1,1,1,1,1,1,3,1,2,9,6,1,1,38,2,2
8,51,3,7,2002,3,1,1,2,2,1,1,1,1,1,1,2,1,2,8,6,1,1,42,2,2
9,51,1,7,2002,4,1,1,2,2,1,3,1,1,1,1,2,1,2,8,6,1,1,,2,2
9,51,3,7,2002,3,1,1,2,2,1,1,1,1,1,1,3,1,2,14,6,1,1,,2,2
1,41,4,5,2002,3,1,1,2,2,1,1,1,1,1,1,1,1,2,14,6,1,1,,2,2
1,41,3,5,2002,3,1,1,2,2,1,1,1,1,1,1,1,1,1,14,6,1,1,,2,2
1,41,4,6,2002,4,1,1,2,2,1,1,1,1,1,1,1,1,2,13,6,1,1,,2,2
1,41,4,8,2002,1,1,1,2,2,1,4,1,1,1,1,1,1,2,14,6,1,1,,2,2
1,41,4,9,2002,2,1,1,1,1,1,1,1,1,1,1,1,1,2,14,6,1,1,,2,2
2,41,4,2,2002,1,1,1,1,1,4,2,2,1,1,2,3,4,2,14,6,1,1,,2,2
3,41,4,9,2002,2,1,1,2,2,1,1,1,1,1,1,1,1,2,8,6,1,1,,2,2
3,41,4,9,2002,2,1,1,2,2,1,1,1,1,1,1,3,1,2,9,6,1,1,,2,2
5,41,4,1,2002,3,1,1,2,2,1,1,1,1,1,1,1,1,2,9,6,1,1,,2,2
5,41,4,1,2002,3,1,1,2,2,1,1,1,1,1,1,1,1,2,14,6,1,1,,2,2
5,41,4,1,2002,2,1,1,2,2,1,1,1,1,1,1,2,1,2,9,6,1,1,,2,2
5,41,4,1,2002,3,1,1,2,2,1,1,1,1,1,1,1,1,1,8,6,1,1,,2,2
5,41,3,1,2002,2,1,1,2,2,1,1,1,1,1,1,1,1,1,14,6,1,1,,2,2
5,41,4,2,2002,2,1,1,2,2,1,1,1,1,1,1,3,1,2,9,6,1,1,,2,2
5,41,4,2,2002,3,1,1,2,2,1,1,1,1,1,1,1,1,2,14,6,1,1,,2,2
5,41,4,4,2002,2,1,1,2,2,1,1,1,1,1,1,2,1,2,14,6,1,1,,2,2
5,41,4,2,2002,2,1,1,2,2,1,1,1,1,1,1,1,1,2,8,6,1,1,,2,2
5,41,4,3,2002,4,1,1,2,2,1,1,1,1,1,1,1,1,2,9,6,1,1,,2,2
5,41,4,3,2002,3,1,1,2,2,1,1,1,1,1,1,1,1,2,9,6,1,1,,2,2
5,41,4,3,2002,4,1,1,2,2,1,2,1,1,1,1,3,1,2,9,6,1,1,,2,2
5,41,4,3,2002,3,1,1,2,2,1,1,1,1,1,1,1,1,1,9,6,1,1,,2,2
5,41,4,5,2002,2,1,1,2,2,1,1,1,1,1,1,2,1,1,9,6,1,1,,2,2
5,41,4,5,2002,3,1,1,2,2,1,1,1,1,1,1,1,1,1,14,6,1,1,,2,2
5,41,3,5,2002,3,1,1,2,2,1,1,1,1,1,1,1,1,1,9,6,1,1,,2,2
5,41,4,5,2002,4,1,1,2,2,1,1,1,1,1,1,1,1,2,12,6,1,1,,2,2
5,41,4,5,2002,2,1,1,2,2,1,1,1,1,1,1,1,1,2,19,6,1,1,,2,2
5,41,4,6,2002,4,1,1,2,2,1,2,1,1,1,1,1,1,2,9,6,1,1,,2,2
5,41,4,6,2002,2,1,1,2,2,1,1,1,1,1,1,1,1,2,9,6,1,1,,2,2
5,41,4,7,2002,2,1,1,2,2,1,1,1,1,1,1,2,1,2,14,6,1,1,,2,2
5,41,4,7,2002,3,1,1,2,2,1,1,1,1,1,1,1,1,2,8,6,1,1,,2,2
5,41,4,7,2002,4,1,1,2,2,1,1,1,1,1,1,1,1,2,9,6,1,1,,2,2
5,41,4,7,2002,2,1,1,2,2,1,1,1,1,1,1,1,1,2,9,6,1,1,,2,2
5,41,4,8,2002,2,1,1,2,2,1,1,1,1,1,1,1,1,2,9,6,1,1,,2,2
5,41,4,8,2002,3,1,1,2,2,1,1,1,1,1,1,1,1,2,9,6,1,1,,2,2
5,41,4,8,2002,1,1,1,2,2,1,2,1,1,1,1,1,1,2,14,6,1,1,,2,2
5,41,4,9,2002,4,1,1,2,2,1,4,1,1,1,1,1,1,2,14,6,1,1,,2,2
1,47,4,8,2002,1,1,1,2,2,1,4,1,1,1,3,1,2,2,15,6,1,1,,2,2
1,47,1,8,2002,1,1,1,2,2,1,4,1,1,1,1,1,1,2,14,6,1,1,35,2,2
1,47,3,10,2002,3,1,1,2,2,1,1,1,1,1,1,1,1,2,4,6,1,1,,2,2
1,47,4,10,2002,2,1,1,2,2,1,1,1,1,1,1,1,1,2,9,6,1,1,36,2,2
1,47,4,11,2002,3,1,1,2,2,1,1,1,1,1,1,1,1,2,9,6,1,1,,2,2
1,47,4,11,2002,3,1,1,2,2,1,1,1,1,1,1,1,1,2,9,6,1,1,,2,2
1,47,3,11,2002,3,1,1,2,2,1,1,1,1,1,1,1,1,2,14,6,1,1,,2,2
1,47,4,12,2002,3,1,1,2,2,1,1,1,1,1,1,1,1,1,7,6,1,1,30,2,2
2,47,4,8,2002,2,1,1,2,2,1,1,1,1,1,1,1,1,2,9,6,1,1,30,2,2
2,47,4,10,2002,2,1,1,2,2,1,1,1,1,1,1,1,1,2,4,6,1,1,45,2,2
3,47,4,9,2002,4,1,1,2,2,1,4,1,1,1,1,3,1,2,9,6,1,1,,2,2
5,47,4,7,2002,3,1,1,2,2,1,1,1,1,1,1,1,1,2,7,6,1,1,27,2,2
5,47,4,8,2002,2,1,1,2,2,1,2,1,1,1,1,1,1,2,14,6,1,1,,2,2
5,47,4,11,2002,3,1,1,2,2,1,1,1,1,1,1,3,1,2,12,6,1,1,,2,2
5,47,4,11,2002,3,1,1,2,2,1,1,1,1,1,1,3,1,2,14,6,1,1,,2,2
5,47,4,11,2002,2,1,1,2,2,1,1,1,1,1,1,1,1,2,9,6,1,1,36,2,2
5,47,4,12,2002,3,1,1,2,2,1,1,1,1,1,1,3,1,2,14,6,1,1,,2,2
5,47,4,12,2002,3,1,1,2,2,1,1,1,1,1,1,3,1,2,14,6,1,1,,2,2
5,47,3,12,2002,4,1,1,2,2,1,2,1,1,1,1,1,1,2,14,6,1,1,,2,2
7,47,3,11,2002,2,1,1,2,2,1,1,1,1,1,1,3,1,2,8,6,1,1,,2,2
8,47,4,10,2002,3,1,1,2,2,1,1,1,1,1,1,1,1,2,9,6,1,1,,2,2
8,47,4,10,2002,4,1,1,2,2,1,4,1,1,1,1,1,1,1,8,6,1,1,,2,2
8,47,4,10,2002,3,1,1,2,2,1,1,1,1,1,1,1,1,2,6,6,1,1,30,2,2
8,47,4,10,2002,2,1,1,2,2,1,1,1,1,1,1,1,1,2,9,6,1,1,,2,2
8,47,3,11,2002,3,1,1,2,2,1,2,1,1,1,1,1,1,2,9,6,1,1,,2,2
8,47,3,12,2002,2,1,1,2,2,1,1,1,1,1,1,1,1,2,7,6,1,1,,2,2
9,47,4,8,2002,4,1,1,2,2,1,2,1,1,1,1,3,1,2,6,6,1,1,,2,2
9,47,4,9,2002,3,1,1,2,2,1,1,1,1,1,1,1,1,2,10,6,1,1,,2,2
9,47,3,11,2002,4,1,1,2,2,2,4,1,2,1,1,1,1,2,8,6,1,1,,2,2
9,47,4,12,2002,3,1,1,2,2,1,2,1,1,1,1,1,1,2,16,6,1,1,,2,2
9,47,4,12,2002,3,1,1,2,2,1,1,1,1,1,1,1,1,2,9,6,1,1,,2,2
11,47,4,9,2002,3,1,1,2,2,1,1,1,1,1,1,3,1,2,9,6,1,1,,2,2
11,47,4,12,2002,3,1,1,2,2,1,1,1,1,1,1,3,1,2,19,6,1,1,,2,2
12,47,4,8,2002,3,1,1,2,2,1,1,1,1,1,1,1,1,2,9,6,1,1,,2,2
12,47,4,9,2002,2,1,1,2,2,1,1,1,1,1,1,1,1,2,9,6,1,1,,2,2
12,47,4,9,2002,1,1,1,2,2,1,2,1,1,1,1,1,1,2,14,6,1,1,,2,2
12,47,4,10,2002,2,1,1,2,2,1,1,1,1,1,1,1,1,2,7,6,1,1,,2,2
1,50,4,7,2002,3,1,1,2,2,1,2,1,1,1,1,2,1,2,9,6,1,1,,2,2
1,50,4,9,2002,3,1,1,2,2,1,1,1,1,1,1,1,1,1,9,6,1,1,,2,2
1,50,4,9,2002,3,1,1,2,2,1,1,1,1,1,1,1,1,2,6,6,1,1,,2,2
1,50,4,9,2002,2,1,1,2,2,1,1,1,1,1,1,1,1,2,9,6,1,1,,2,2
1,50,4,11,2002,3,1,1,2,2,1,1,1,1,1,1,3,1,2,9,6,1,1,,2,2
1,50,3,11,2002,2,1,1,2,2,1,1,1,1,1,1,1,1,2,9,6,1,1,,2,2
1,50,3,12,2002,3,1,1,2,2,1,1,1,1,1,1,1,1,2,12,6,1,1,,2,2
1,50,4,12,2002,2,1,1,2,2,1,1,1,1,1,1,3,1,2,6,6,1,1,,2,2
2,50,4,11,2002,3,1,1,2,2,1,2,1,1,1,1,1,1,2,9,6,1,1,45,2,2
2,50,4,12,2002,2,1,1,2,2,4,2,2,2,1,1,1,1,2,14,6,1,1,40,2,2
3,50,4,11,2002,4,1,1,2,2,1,4,1,1,1,1,3,1,2,17,6,1,1,,2,2
4,50,3,9,2002,2,1,1,2,2,1,2,1,1,1,1,2,1,2,9,6,1,1,,2,2
5,50,4,8,2002,4,1,1,2,2,1,4,1,1,1,1,3,1,2,14,6,1,1,,2,2
5,50,4,10,2002,3,1,1,2,2,1,1,1,1,1,1,3,1,2,9,6,1,1,,2,2
5,50,4,10,2002,2,1,1,2,2,1,1,1,1,1,1,3,1,2,9,6,1,1,,2,2
5,50,4,10,2002,4,1,1,2,2,1,1,1,1,1,1,3,1,2,9,6,1,1,32,2,2
5,50,3,10,2002,3,1,1,2,2,1,1,1,1,1,1,3,1,2,9,6,1,1,,2,2
6,50,4,12,2002,1,1,1,2,2,1,2,1,1,1,1,3,1,2,16,6,1,1,,2,2
7,50,4,10,2002,2,1,1,2,2,1,1,1,1,1,1,3,1,2,9,6,1,1,,2,2
7,50,4,10,2002,4,1,1,2,2,4,4,1,1,1,1,3,1,2,17,6,1,1,30,2,2
7,50,4,12,2002,3,1,1,2,2,1,1,1,1,1,1,2,1,2,9,6,1,1,,2,2
7,50,3,12,2002,3,1,1,2,2,1,1,1,1,1,1,2,1,2,9,6,1,1,,2,2
7,50,4,12,2002,3,1,1,2,2,1,1,1,1,1,2,3,1,2,9,6,1,1,,2,2
8,50,4,11,2002,2,1,1,2,2,1,1,1,1,1,2,2,1,2,17,6,1,1,,2,2
8,50,4,12,2002,3,1,1,2,2,1,1,1,1,1,1,2,1,2,9,6,1,1,,2,2
10,50,4,9,2002,3,1,1,2,2,1,1,1,1,1,1,1,1,2,9,6,1,1,30,2,2
10,50,4,10,2002,2,1,1,2,2,1,1,1,1,1,1,4,1,2,7,6,1,1,,2,2
10,50,4,11,2002,2,1,1,2,2,1,1,1,1,1,1,1,1,2,7,6,1,1,,2,2
11,50,4,9,2002,2,1,1,2,2,1,1,1,1,1,2,2,1,2,9,6,1,1,,2,2