Thana,District,Accident_Severity,Month,Year,Time,Junction_Type,Traffic_Control,Movement,Divider,Weather,Light,Road_Geometry,Surface_Condition,Surface_Type,Surface_Quality,Road_Class,Road_Feature,Location_Type,Vehicle_Type,Vehicle_Movement,Vehicle_Loading,Vehicle_Defect,Vehicle_Driver_Age,Vehicle_Alcohol,Vehicle_Seat_Belt
11,50,4,10,2002,3,1,1,2,2,1,1,1,1,1,2,3,1,2,9,6,1,1,,2,2
11,50,4,12,2002,3,1,1,2,2,1,1,1,1,1,2,3,1,2,14,6,1,1,,2,2
12,50,4,9,2002,1,1,1,2,2,1,2,1,1,1,1,1,1,2,14,6,1,1,,2,2
12,50,4,11,2002,3,1,1,2,2,1,1,3,1,1,1,1,4,2,9,6,1,1,,2,2
13,50,4,9,2002,2,1,1,2,2,1,1,1,1,1,1,2,1,2,12,6,1,1,,2,2
1,52,4,12,2002,3,1,1,2,2,1,1,1,1,1,1,3,1,2,8,6,1,1,,2,2
1,52,4,9,2002,2,1,1,2,2,1,1,1,1,1,1,3,1,2,9,6,1,1,,2,2
5,52,3,10,2002,3,1,1,2,2,1,1,1,1,1,1,3,1,2,9,6,1,1,,2,2
1,40,3,8,2002,2,1,1,2,2,1,1,1,1,1,1,1,1,1,8,6,1,1,,2,2
1,40,4,8,2002,2,1,1,2,2,1,1,1,1,1,1,1,1,2,8,6,1,1,,2,2
1,40,1,11,2002,2,1,1,2,2,4,2,1,1,1,3,2,1,2,14,6,1,1,,2,2
3,40,4,8,2002,3,1,1,2,2,1,1,1,1,1,1,1,1,2,8,6,1,1,,2,2
3,40,4,12,2002,2,1,1,2,2,1,1,1,1,1,1,1,1,2,9,6,1,1,,2,2
4,40,3,9,2002,1,1,1,2,2,1,1,2,1,3,1,3,1,2,4,6,1,1,,2,2
5,40,3,8,2002,4,1,1,2,2,1,2,1,1,1,1,1,1,2,9,6,1,1,40,2,2
6,40,4,7,2002,4,1,1,2,2,1,4,1,1,1,1,1,1,2,14,6,1,1,,2,2
6,40,4,8,2002,3,1,1,2,2,1,1,1,1,1,1,1,1,2,14,6,1,1,,2,2
6,40,4,9,2002,2,1,1,2,2,1,1,1,1,1,1,1,1,2,14,6,1,1,,2,2
6,40,4,9,2002,4,1,1,2,2,1,3,1,1,1,1,1,1,2,14,6,1,1,30,2,2
6,40,4,12,2002,3,1,1,2,2,1,1,1,1,1,1,1,1,2,7,6,1,1,25,2,2
7,40,4,7,2002,4,1,1,2,2,1,4,1,1,1,1,3,1,2,9,6,1,1,,2,2
7,40,3,12,2002,2,1,1,2,2,1,1,1,1,1,2,3,1,2,8,6,1,1,,2,2
1,51,3,9,2002,2,1,1,2,2,1,1,1,1,1,1,3,1,2,17,6,1,1,,2,2
1,51,3,10,2002,3,1,1,2,2,1,1,1,1,1,1,3,1,2,9,6,1,1,,2,2
1,51,4,12,2002,2,1,1,2,2,1,1,1,1,1,1,2,1,2,14,6,1,1,,2,2
3,51,4,12,2002,2,1,1,2,2,1,1,1,1,1,1,2,1,2,9,6,1,1,,2,2
3,51,4,5,2002,4,1,1,2,2,1,4,1,1,1,1,1,1,2,9,6,1,1,,2,2
3,51,3,8,2002,1,1,1,2,2,1,2,1,1,1,1,1,1,2,16,6,1,1,,2,2
4,51,4,10,2002,4,1,1,2,2,1,4,1,1,1,2,2,1,2,8,6,1,1,,2,2
4,51,4,11,2002,2,1,1,2,2,1,1,1,1,1,1,3,1,2,6,6,1,1,22,2,2
8,51,4,9,2002,3,1,1,2,2,1,1,1,1,1,2,2,1,2,9,6,1,1,30,2,2
8,51,4,10,2002,2,1,1,2,2,1,1,1,1,1,1,3,1,2,4,6,1,1,,2,2
8,51,4,11,2002,3,1,1,2,2,1,1,1,1,1,1,2,1,2,8,6,1,1,30,2,2
8,51,4,12,2002,2,1,1,2,2,1,2,1,1,1,1,2,3,2,9,6,1,1,,2,2
8,51,3,12,2002,3,1,1,2,2,1,1,1,1,1,1,3,1,2,6,6,1,1,,2,2
9,51,4,7,2002,3,1,1,2,2,1,1,1,1,1,1,2,1,2,9,6,1,1,,2,2
9,51,4,9,2002,2,1,1,2,2,1,1,1,1,1,1,3,1,2,9,6,1,1,,2,2
9,51,3,10,2002,2,1,1,2,2,1,1,1,1,1,1,3,1,2,8,6,1,1,,2,2
12,51,4,10,2002,2,1,1,2,2,1,1,1,1,1,1,3,1,2,4,6,1,1,,2,2
12,51,4,10,2002,1,1,1,2,2,1,2,1,1,1,1,1,1,2,9,6,1,1,,2,2
12,51,4,10,2002,2,1,1,2,2,1,1,1,1,1,1,3,1,2,4,6,1,1,,2,2
12,51,4,12,2002,2,1,1,2,2,1,1,1,1,1,1,3,1,2,9,6,1,1,,2,2
1,45,3,12,2002,1,1,1,2,2,1,1,1,1,1,1,1,1,2,14,6,1,1,,2,2
1,45,3,12,2002,3,1,1,2,2,1,1,1,1,1,1,1,1,2,9,6,1,1,,2,2
1,45,4,12,2002,3,1,1,2,2,1,1,1,1,1,1,3,1,2,8,6,1,1,,2,2
1,45,4,8,2002,2,1,1,2,2,1,1,1,1,1,1,2,1,2,9,6,1,1,,2,2
1,45,4,8,2002,4,1,1,2,2,1,4,1,1,1,1,2,1,2,9,6,1,1,,2,2
1,45,4,8,2002,3,1,1,2,2,1,1,1,1,1,1,3,1,2,8,6,1,1,35,2,2
1,45,4,9,2002,2,1,1,2,2,1,2,1,1,2,2,3,1,2,14,6,1,1,,2,2
2,45,4,9,2002,3,1,1,2,2,1,1,1,1,1,2,1,1,2,9,6,1,1,,2,2
2,45,4,10,2002,2,1,1,2,2,1,1,1,1,1,1,1,1,2,8,6,1,1,37,2,2
3,45,4,7,2002,2,1,1,2,2,1,1,1,1,1,1,1,1,2,9,6,1,1,,2,2
3,45,4,12,2002,2,1,1,2,2,1,1,1,1,1,1,3,1,2,9,6,1,1,42,2,2
5,45,4,10,2002,3,1,1,2,2,1,1,1,1,1,1,1,1,2,12,6,1,1,30,2,2
5,45,4,12,2002,2,1,1,2,2,1,1,1,1,1,1,1,1,2,14,6,1,1,35,2,2
5,45,4,12,2002,2,1,1,2,2,1,2,1,1,1,1,3,1,2,9,6,1,1,,2,2
5,45,4,12,2002,2,1,1,2,2,1,1,1,1,1,1,1,1,2,9,6,1,1,,2,2
4,45,4,7,2002,1,1,1,2,2,1,2,1,1,1,1,3,1,2,13,6,1,1,,2,2
4,45,4,9,2002,3,1,1,2,2,1,1,1,1,1,1,3,1,2,15,6,1,1,35,2,2
4,45,4,12,2002,4,1,4,1,1,1,4,1,1,1,1,3,1,2,14,6,1,1,,2,2
4,45,3,12,2002,1,1,1,2,2,4,4,1,1,1,1,3,1,2,14,6,1,1,,2,2
6,45,1,7,2002,2,1,1,2,2,1,1,1,1,1,3,1,3,2,9,6,1,1,,2,2
6,45,4,8,2002,2,1,1,2,2,1,2,1,1,1,1,3,1,2,9,6,1,1,,2,2
6,45,4,10,2002,3,1,1,2,2,1,1,3,1,1,3,3,1,2,9,6,1,1,,2,2
6,45,4,11,2002,3,1,1,2,2,1,1,1,1,1,1,3,1,2,8,6,1,1,,2,2
6,45,4,11,2002,4,1,1,2,2,1,4,1,1,1,1,3,1,2,6,6,1,1,,2,2
2,44,4,10,2002,1,1,1,2,2,4,2,1,2,1,1,3,1,2,14,6,1,1,,2,2
3,44,4,8,2002,3,1,1,2,2,2,1,1,2,1,1,1,1,2,13,6,1,1,32,2,2
3,44,4,9,2002,3,1,1,2,2,1,1,1,1,1,1,1,1,2,8,6,1,1,,2,2
3,44,4,9,2002,1,1,1,2,2,1,4,1,1,1,1,1,1,2,14,6,1,1,,2,2
3,44,4,9,2002,3,1,1,2,2,1,1,1,1,1,1,1,3,2,9,6,1,1,,2,2
3,44,4,9,2002,1,1,1,2,2,1,2,1,1,1,1,1,1,2,9,6,1,1,,2,2
3,44,3,10,2002,3,1,1,2,2,1,1,1,1,1,1,3,1,2,10,6,1,1,35,2,2
4,44,4,9,2002,2,1,1,2,2,1,1,1,1,1,1,2,1,2,13,6,1,1,,2,2
6,44,3,8,2002,4,1,1,2,2,1,4,1,1,1,1,2,1,2,14,6,1,1,,2,2
6,44,4,8,2002,2,1,1,2,2,1,1,1,1,1,1,3,1,2,14,6,1,1,,2,2
6,44,4,8,2002,4,1,1,2,2,1,4,1,1,1,1,3,1,2,8,6,1,1,,2,2
6,44,4,9,2002,2,1,1,2,2,1,1,1,1,1,1,1,1,2,9,6,1,1,,2,2
7,44,4,9,2002,2,1,1,2,2,1,1,1,1,1,3,3,1,2,9,6,1,1,,2,2
7,44,4,9,2002,2,1,1,2,2,1,1,1,1,1,1,1,1,2,9,6,1,1,,2,2
2,43,4,8,2002,3,1,1,2,2,1,1,1,1,1,1,1,1,2,9,6,1,1,,2,2
2,43,4,9,2002,1,1,1,2,2,1,4,1,1,1,1,1,1,2,7,6,1,1,,2,2
2,43,4,9,2002,2,1,1,2,2,1,2,1,1,1,1,1,1,2,14,6,1,1,35,2,2
2,43,4,9,2002,4,1,1,2,2,1,2,1,1,1,1,1,1,2,9,6,1,1,,2,2
2,43,4,11,2002,3,1,1,2,2,1,1,1,1,1,1,1,1,2,8,6,1,1,40,2,2
2,43,4,11,2002,3,1,1,2,2,1,1,1,1,1,1,1,1,2,9,6,1,1,,2,2
2,43,4,12,2002,3,1,1,2,2,1,1,1,1,1,1,1,1,2,14,6,1,1,,2,2
3,43,4,9,2002,3,1,1,2,2,1,1,1,1,1,1,3,1,2,7,6,1,1,,2,2
3,43,1,11,2002,3,1,1,2,2,1,1,1,1,1,2,3,1,2,9,6,1,1,,2,2
3,43,4,11,2002,3,1,1,2,2,1,1,1,1,1,2,1,1,2,9,6,1,1,,2,2
3,43,1,12,2002,3,1,1,2,2,1,1,1,1,2,2,1,1,2,9,6,1,1,,2,2
4,43,4,9,2002,2,1,1,2,2,1,1,1,1,1,1,3,1,2,6,6,1,1,,2,2
5,43,4,9,2002,3,1,1,2,2,1,1,1,1,1,1,3,1,2,9,6,1,1,29,2,2
5,43,4,10,2002,2,1,1,2,2,1,1,1,1,1,1,1,1,2,9,6,1,1,,2,2
5,43,3,10,2002,3,1,1,2,2,1,1,1,1,1,1,1,1,2,9,6,1,1,35,2,2
5,43,3,10,2002,3,1,1,2,2,1,1,1,1,1,1,1,1,2,8,6,1,1,40,2,2
5,43,4,10,2002,2,1,1,2,2,1,1,1,1,1,1,3,1,2,9,6,1,1,,2,2
5,43,3,10,2002,3,1,1,2,2,1,1,1,1,1,1,1,1,2,9,6,1,1,30,2,2
5,43,4,12,2002,4,1,1,2,2,1,2,1,1,1,1,1,1,2,8,6,1,1,,2,2
5,43,4,12,2002,3,1,1,2,2,1,1,1,1,1,1,1,1,2,8,6,1,1,,2,2
6,43,4,10,2002,3,1,1,2,2,1,2,1,1,1,1,3,1,2,6,6,1,1,25,2,2
6,43,4,10,2002,3,1,1,2,2,1,1,1,1,1,1,3,1,2,6,6,1,1,,2,2
6,43,4,11,2002,3,1,1,2,2,1,1,1,1,1,1,3,1,2,6,6,1,1,,2,2
6,43,4,12,2002,3,1,1,2,2,1,1,1,1,1,1,3,1,2,8,6,1,1,,2,2
6,43,4,12,2002,2,1,1,2,2,1,1,1,1,1,1,3,1,2,9,6,1,1,30,2,2
1,38,4,8,2002,3,1,1,2,2,1,1,1,1,1,1,1,1,2,10,6,1,1,,2,2
1,38,3,9,2002,2,1,1,2,2,1,1,1,1,1,1,1,1,2,14,6,1,1,,2,2
1,38,4,9,2002,3,1,1,2,2,1,1,1,1,1,1,1,1,2,9,6,1,1,,2,2
1,38,4,10,2002,3,1,1,2,2,1,1,1,1,1,1,1,1,2,9,6,1,1,,2,2
1,38,4,11,2002,4,1,1,2,2,1,4,1,1,1,1,1,1,2,9,6,1,1,,2,2
3,38,4,8,2002,3,1,1,2,2,2,1,1,2,1,1,1,1,2,14,6,1,1,,2,2
3,38,4,9,2002,3,1,1,2,2,1,1,1,1,1,1,1,1,2,12,6,1,1,,2,2
3,38,4,9,2002,2,1,1,2,2,1,1,1,1,1,1,1,1,1,7,6,1,1,,2,2
3,38,3,9,2002,1,1,1,2,2,1,4,1,1,1,1,1,1,2,9,6,1,1,,2,2
3,38,4,9,2002,2,1,1,2,2,1,1,1,1,1,1,1,1,2,9,6,1,1,40,2,2
4,38,4,8,2002,2,1,1,2,2,1,1,1,1,1,1,3,1,2,9,6,1,1,45,2,2
4,38,4,12,2002,4,1,1,2,2,1,2,1,1,1,1,3,1,2,14,6,1,1,,2,2
6,38,4,7,2002,4,1,1,2,2,1,4,1,1,1,1,3,1,2,9,6,1,1,,2,2
6,38,4,10,2002,2,1,1,2,2,1,2,1,1,1,1,1,1,2,12,6,1,1,,2,2
6,38,3,11,2002,3,1,1,2,2,1,1,1,1,1,1,1,1,2,14,6,1,1,37,2,2
6,38,4,12,2002,3,1,1,2,2,1,1,1,1,1,1,1,1,2,9,6,1,1,,2,2
9,38,4,11,2002,3,1,1,2,2,1,2,1,1,1,1,3,1,2,13,6,1,1,,2,2
1,38,4,7,2002,1,1,1,2,2,2,4,1,2,1,1,1,1,2,9,6,1,1,,2,2
3,38,4,7,2002,3,1,1,2,2,1,4,1,1,1,1,1,1,2,14,6,2,1,,2,2
3,38,4,7,2002,2,1,1,2,2,1,1,1,1,1,1,3,1,2,14,6,1,1,,2,2
3,37,3,9,2002,3,1,1,2,2,2,1,1,2,1,1,3,1,2,6,6,1,1,,2,2
5,37,4,10,2002,3,1,1,2,2,1,1,1,1,1,1,3,1,2,6,6,1,1,,2,2
6,37,3,10,2002,2,1,1,2,2,1,1,1,1,1,1,3,1,2,8,6,1,1,,2,2
6,37,4,10,2002,4,1,1,2,2,1,1,1,1,1,1,3,1,2,9,6,1,1,,2,2
7,37,4,7,2002,2,1,1,2,2,1,1,1,1,1,1,3,1,2,12,6,1,1,,2,2
7,37,4,7,2002,3,1,1,2,2,1,1,1,1,1,1,3,1,2,6,6,1,1,,2,2
1,41,4,10,2002,1,1,1,2,2,1,4,1,1,1,1,1,1,2,14,6,1,1,,2,2
1,41,4,10,2002,4,1,1,2,2,1,4,1,1,1,1,1,1,2,14,6,1,1,,2,2
1,41,4,11,2002,2,1,1,2,2,1,1,1,1,1,1,3,1,2,19,6,1,1,,2,2
1,41,4,11,2002,3,1,1,2,2,1,1,1,1,1,1,1,1,2,8,6,1,1,38,2,2
1,41,4,12,2002,3,1,1,2,2,1,1,1,1,1,1,1,1,2,14,6,1,1,,2,2
3,41,4,10,2002,1,1,1,2,2,1,1,1,1,1,1,1,1,2,8,6,1,1,,2,2
3,41,4,10,2002,2,1,1,2,2,1,1,1,1,1,1,1,1,2,8,6,1,1,,2,2
3,41,4,11,2002,4,1,1,2,2,1,4,1,1,1,1,1,1,2,8,6,1,1,,2,2
3,41,4,11,2002,3,1,1,2,2,1,1,1,1,1,1,3,1,2,10,6,1,1,,2,2
3,41,3,12,2002,2,1,1,2,2,1,1,1,1,1,1,3,1,2,9,6,1,1,,2,2
3,41,4,12,2002,1,1,1,2,2,4,4,1,1,1,1,1,3,2,14,6,1,1,,2,2
4,41,4,11,2002,3,1,1,2,2,1,1,1,1,1,1,3,1,2,6,6,1,1,,2,2
5,41,4,10,2002,2,1,1,2,2,1,1,1,1,1,1,1,2,2,9,6,1,1,,2,2
5,41,4,10,2002,3,1,1,2,2,1,1,1,1,1,1,1,1,2,9,6,1,1,,2,2
5,41,4,11,2002,4,1,1,2,2,1,4,1,1,1,1,1,1,2,9,6,1,1,,2,2
5,41,4,11,2002,2,1,1,2,2,1,1,1,1,1,1,1,1,2,14,6,1,1,,2,2
5,41,4,11,2002,2,1,1,2,2,1,2,1,1,1,1,1,1,2,9,6,1,1,,2,2
5,41,4,12,2002,1,1,1,2,2,1,4,1,1,1,1,2,1,2,9,6,1,1,,2,2
1,35,4,10,2002,4,1,1,2,2,1,4,1,1,1,1,1,1,2,9,6,1,1,,2,2
1,35,4,11,2002,2,1,1,2,2,1,1,1,1,1,1,3,1,2,8,6,1,1,,2,2
1,35,4,11,2002,2,1,1,2,2,1,1,1,1,1,1,2,1,2,9,6,1,1,,2,2
1,35,4,12,2002,2,1,1,2,2,1,1,1,1,1,1,3,1,2,8,6,1,1,30,2,2
1,35,3,12,2002,2,1,1,2,2,1,1,1,1,1,1,3,1,2,9,6,1,1,,2,2
1,35,4,12,2002,2,1,1,2,2,1,1,1,1,1,1,2,1,2,9,6,1,1,,2,2
1,35,4,12,2002,3,1,1,2,2,1,1,1,1,1,1,2,1,2,7,6,1,1,,2,2
2,35,3,10,2002,2,1,1,2,2,1,2,1,1,1,3,1,1,2,8,6,1,1,,2,2
2,35,4,10,2002,2,1,1,2,2,1,1,1,1,1,1,3,1,2,14,6,1,1,,2,2
2,35,1,11,2002,2,1,1,2,2,1,1,1,1,1,1,3,1,2,4,6,1,1,,2,2
4,35,4,8,2002,3,1,1,2,2,2,1,1,2,1,1,1,1,2,9,6,1,1,,2,2
4,35,4,10,2002,2,1,1,2,2,1,1,1,1,1,1,2,1,2,7,6,1,1,23,2,2
4,35,4,10,2002,2,1,1,2,2,1,1,1,1,1,1,1,1,2,9,6,1,1,37,2,2
4,35,4,10,2002,3,1,1,2,2,1,1,1,1,1,1,3,1,2,8,6,1,1,45,2,2
5,35,4,8,2002,3,1,1,2,2,1,1,1,1,1,1,3,1,2,9,6,1,1,,2,2
2,36,4,11,2002,3,1,1,2,2,1,1,1,1,1,1,3,1,2,9,6,1,1,,2,2
2,36,4,11,2002,2,1,1,2,2,1,1,1,1,1,1,1,1,2,9,6,1,1,,2,2
3,36,4,11,2002,3,1,1,2,2,1,1,1,1,1,1,1,1,2,14,6,1,1,,2,2
3,36,4,12,2002,2,1,1,2,2,1,1,1,1,1,1,1,1,2,9,6,1,1,,2,2
1,39,4,7,2002,2,1,1,2,2,1,1,1,1,1,1,1,1,1,7,6,1,1,28,2,2
1,39,3,9,2002,2,1,1,2,2,1,1,1,1,1,1,1,1,2,14,6,1,1,38,2,2
2,39,4,11,2002,3,1,1,2,2,1,1,1,1,1,1,3,1,2,13,6,1,1,,2,2
3,39,4,7,2002,1,1,1,2,2,1,2,1,1,3,2,1,2,2,1,6,1,1,,2,2
3,39,3,11,2002,3,1,1,2,2,1,1,1,1,1,1,1,1,2,12,6,1,1,,2,2
3,39,4,11,2002,3,1,1,2,2,1,1,1,1,1,1,1,1,2,14,6,1,1,,2,2
3,39,4,8,2002,2,1,1,2,2,1,1,1,1,1,1,1,1,2,10,6,1,1,,2,2
3,39,4,9,2002,3,1,1,2,2,1,1,1,1,1,1,1,1,2,14,6,1,1,,2,2
3,39,4,12,2002,3,1,1,2,2,1,1,1,1,1,1,1,1,2,9,6,1,1,,2,2
4,39,4,8,2002,3,1,1,2,2,1,1,1,1,1,1,3,1,2,14,6,1,1,,2,2
4,39,4,8,2002,3,1,1,2,2,1,1,1,1,1,1,3,1,2,4,6,1,1,,2,2
4,36,4,12,2002,2,1,1,2,2,1,1,1,1,1,1,1,1,2,9,6,1,1,,2,2
2,44,4,12,2002,2,1,1,2,2,4,2,1,2,1,2,3,4,2,5,6,1,1,20,2,2
3,44,4,11,2002,3,1,1,2,2,1,1,1,1,1,1,1,1,2,9,6,1,1,,2,2
3,44,4,11,2002,2,1,1,2,2,1,1,1,1,1,1,3,1,2,8,6,1,1,,2,2
3,44,3,12,2002,4,1,1,2,2,1,2,1,1,1,1,3,1,2,8,6,1,1,,2,2
4,44,4,11,2002,3,1,1,2,2,1,1,1,1,1,1,2,1,2,9,6,1,1,,2,2
4,44,1,12,2002,3,1,1,2,2,1,4,1,1,1,1,2,1,2,14,6,1,1,,2,2
4,44,4,12,2002,2,1,1,2,2,1,1,1,1,1,1,2,1,2,9,6,1,1,,2,2
5,44,4,12,2002,2,1,1,2,2,1,1,1,1,1,1,1,1,2,14,6,1,1,,2,2
6,44,4,11,2002,4,1,1,2,2,1,4,1,1,1,1,1,1,2,14,6,1,1,,2,2
6,44,4,11,2002,2,1,1,2,2,1,1,1,1,1,1,1,1,2,14,6,1,1,,2,2
6,44,4,12,2002,4,1,1,2,2,1,4,1,1,1,1,1,1,2,14,6,1,1,,2,2
7,44,4,11,2002,3,1,1,2,2,1,1,1,1,1,1,1,1,2,8,6,1,1,,2,2
7,44,4,12,2002,2,1,1,2,2,1,2,1,1,1,1,1,1,2,9,6,1,1,,2,2
7,44,3,12,2002,3,1,1,2,2,1,1,1,1,1,1,1,1,2,9,6,1,1,,2,2
7,44,4,12,2002,3,1,1,2,2,1,1,1,1,1,1,1,1,2,8,6,1,1,,2,2
7,44,4,12,2002,2,1,1,2,2,1,1,1,1,1,1,1,1,2,13,6,1,1,,2,2
1,48,3,8,2002,2,1,1,2,2,1,1,1,1,1,1,1,1,2,4,6,1,1,,2,2
1,48,4,11,2002,3,1,1,2,2,1,1,1,1,1,1,1,1,2,9,6,1,1,,2,2
1,48,4,11,2002,2,1,1,2,2,1,2,1,1,1,1,1,1,2,14,6,1,1,,2,2
1,48,4,11,2002,4,1,1,2,2,1,4,1,1,1,1,1,1,2,6,6,1,1,,2,2
1,48,4,12,2002,1,1,1,2,2,1,2,1,1,1,1,1,1,2,14,6,1,1,,2,2
1,48,4,12,2002,2,1,1,2,2,1,1,1,1,1,1,1,1,2,14,6,1,1,,2,2
6,40,4,12,2002,2,1,1,2,2,1,4,1,1,1,1,1,1,2,14,6,1,1,,2,2
1,49,4,11,2002,2,1,1,2,2,1,1,1,1,1,3,3,1,2,19,6,1,1,,2,2
1,49,4,11,2002,2,1,1,2,2,1,1,1,1,1,1,2,1,2,4,6,1,1,,2,2
2,49,4,8,2002,1,1,1,2,2,2,4,2,2,2,2,3,2,2,19,6,1,1,,2,2
3,49,3,7,2002,3,1,1,2,2,1,1,1,1,1,1,1,1,2,8,6,1,1,,2,2
3,49,3,8,2002,3,1,1,2,2,1,1,1,1,1,1,2,1,2,9,6,1,1,,2,2
3,49,4,12,2002,3,1,1,2,2,1,1,1,1,1,1,2,1,2,8,6,1,1,,2,2
5,49,4,6,2002,3,1,1,2,2,1,1,1,1,1,1,3,1,2,4,6,1,1,,2,2
5,49,4,7,2002,2,1,1,2,2,1,2,1,1,1,1,3,1,2,9,6,1,1,,2,2
5,49,4,8,2002,3,1,1,2,2,1,1,1,1,1,1,3,1,2,9,6,1,1,,2,2
5,49,4,9,2002,2,1,1,2,2,1,1,1,1,1,1,3,1,2,14,6,1,1,,2,2
4,47,4,1,2002,3,1,1,2,2,1,1,1,1,1,1,1,1,2,7,6,1,1,,2,2
3,47,4,1,2002,4,1,1,2,2,1,4,1,1,1,1,3,1,2,14,6,1,1,,2,2
5,47,3,1,2002,4,1,1,2,2,2,4,2,2,1,1,3,1,2,12,6,1,1,,2,2
9,47,4,1,2002,3,1,1,2,2,1,1,1,1,1,1,1,1,2,9,6,1,1,,2,2
2,43,1,1,2002,2,1,1,2,2,1,2,1,1,1,1,1,1,2,14,6,1,1,,2,2
2,43,4,1,2002,1,1,1,2,2,4,4,1,1,1,1,1,1,2,14,6,1,1,,2,2
8,51,4,1,2002,2,1,1,2,2,1,2,2,1,1,1,3,1,2,14,6,1,1,,2,2
3,36,4,1,2002,3,1,1,2,2,1,1,1,1,1,1,1,1,2,9,6,1,1,,2,2
1,44,4,1,2002,2,1,1,2,2,1,1,1,1,1,1,2,1,1,9,6,1,1,,2,2
3,44,4,1,2002,3,1,1,2,2,1,1,2,1,1,1,1,1,2,9,6,1,1,,2,2
7,44,4,1,2002,2,1,1,2,2,1,1,1,1,1,1,1,1,2,9,6,1,1,,2,2
5,46,4,1,2002,4,1,1,2,2,1,2,1,1,1,1,1,1,2,9,6,1,1,,2,2
1,50,4,1,2002,3,1,1,2,2,1,1,1,1,1,1,1,1,1,9,6,1,1,,2,2
2,50,4,1,2002,4,1,1,2,2,1,2,1,1,1,1,1,1,2,9,6,1,1,33,2,2
3,50,4,1,2002,3,1,1,2,2,1,1,1,1,1,1,3,1,2,9,6,1,1,,2,2
5,50,4,1,2002,3,1,1,2,2,1,1,1,1,1,1,3,1,2,14,6,1,1,,2,2
8,50,4,1,2002,2,1,1,2,2,1,1,1,1,1,1,2,1,2,14,6,1,1,,2,2
9,50,4,1,2002,4,1,1,2,2,1,4,1,1,1,1,3,1,2,7,6,1,1,,2,2
10,50,4,1,2002,3,1,1,2,2,1,1,1,1,1,1,1,1,2,8,6,1,1,31,2,2
1,35,4,1,2002,3,1,1,2,2,1,1,1,1,1,1,2,1,2,12,6,1,1,,2,2
1,35,4,1,2002,3,1,1,2,2,1,1,1,1,1,1,1,1,2,9,6,1,1,,2,2
1,35,1,1,2002,2,1,1,2,2,2,1,1,2,1,1,2,1,2,9,6,1,1,30,2,2
2,35,1,1,2002,3,1,1,2,2,1,1,1,1,1,1,3,1,2,8,1,1,1,,2,2
2,35,4,1,2002,2,1,1,2,2,1,1,1,1,1,3,3,1,2,9,6,1,1,,2,2
1,49,4,1,2002,4,1,1,2,2,1,3,1,1,1,3,3,1,2,14,6,1,1,,2,2
1,45,4,1,2002,2,1,1,2,2,1,1,1,1,1,3,1,1,2,6,6,1,1,,2,2
2,45,3,1,2002,3,1,1,2,2,1,1,1,1,1,1,1,1,1,14,6,1,1,33,2,2
6,45,4,1,2002,1,1,1,2,2,1,1,1,1,1,1,1,1,2,8,6,1,1,,2,2
1,48,4,1,2002,3,1,1,2,2,1,1,1,1,1,1,1,1,1,9,6,1,1,,2,2
1,38,4,1,2002,2,1,1,2,2,1,1,1,1,1,1,1,1,1,9,6,1,1,,2,2
1,38,4,1,2002,2,1,1,2,2,1,1,1,1,1,1,1,1,2,9,6,1,1,38,2,2
1,38,3,1,2002,3,1,1,2,2,1,1,1,1,1,1,3,1,2,14,6,1,1,,2,2
1,38,4,1,2002,3,1,1,2,2,2,1,1,2,1,1,1,1,2,7,6,1,1,26,2,2
1,38,4,1,2002,2,1,1,2,2,1,1,1,1,1,1,1,1,2,14,6,1,1,40,2,2
1,38,4,1,2002,4,1,1,2,2,4,4,1,1,1,1,1,1,2,6,6,1,1,,2,2
6,38,4,1,2002,2,1,1,2,2,1,1,1,1,1,1,1,1,2,9,6,1,1,,2,2
7,38,4,1,2002,3,1,1,2,2,1,1,1,1,1,1,1,1,2,9,6,1,1,35,2,2
3,40,4,1,2002,2,1,1,2,2,1,2,1,1,1,1,1,1,2,8,6,1,1,,2,2
5,40,3,1,2002,4,1,1,2,2,1,2,1,1,1,1,1,1,2,14,6,1,1,,2,2
6,40,4,1,2002,2,1,1,2,2,1,1,1,1,1,1,1,1,2,11,6,1,1,,2,2
1,39,4,2,2002,4,1,1,2,2,1,2,1,1,1,1,1,1,2,10,6,1,1,,2,2
3,39,4,2,2002,3,1,1,2,2,1,1,1,1,1,1,1,1,2,9,6,1,1,,2,2
3,36,3,2,2002,2,1,1,2,2,1,1,1,1,1,1,1,1,2,9,6,1,1,,2,2
4,36,4,2,2002,3,1,1,2,2,1,1,1,1,1,1,1,1,2,9,6,1,1,,2,2
6,38,3,2,2002,2,1,1,2,2,1,1,1,1,1,1,1,1,2,9,6,1,1,,2,2
6,38,3,2,2002,3,1,1,2,2,1,1,1,1,1,1,1,1,2,12,6,1,1,,2,2
2,43,3,2,2002,3,1,1,2,2,1,1,1,1,1,1,1,1,2,9,6,1,1,25,2,2
2,43,4,2,2002,3,1,4,2,2,1,1,1,1,1,1,1,1,2,9,6,1,1,,2,2
2,43,3,2,2002,3,1,1,2,2,1,1,1,1,1,1,1,1,2,13,6,1,1,35,2,2
2,43,4,2,2002,4,1,1,2,2,1,4,1,1,1,1,1,1,2,10,6,1,1,35,2,2
4,43,4,2,2002,2,1,1,2,2,1,1,1,1,1,1,1,1,2,9,6,1,1,,2,2
1,35,3,2,2002,4,1,1,2,2,1,4,1,1,1,1,1,1,2,9,6,1,1,35,2,2