Thana,District,Accident_Severity,Month,Year,Time,Junction_Type,Traffic_Control,Movement,Divider,Weather,Light,Road_Geometry,Surface_Condition,Surface_Type,Surface_Quality,Road_Class,Road_Feature,Location_Type,Vehicle_Type,Vehicle_Movement,Vehicle_Loading,Vehicle_Defect,Vehicle_Driver_Age,Vehicle_Alcohol,Vehicle_Seat_Belt
3,35,4,2,2002,2,1,1,2,2,1,1,1,1,3,3,1,2,,14,6,1,1,30,2,2
1,50,4,2,2002,2,1,1,2,2,1,1,1,1,1,1,1,1,2,9,6,1,1,,2,2
1,50,4,2,2002,3,1,1,2,2,1,1,1,1,1,1,1,1,2,9,6,1,1,,2,2
2,50,4,2,2002,3,1,1,2,2,1,1,1,1,1,1,1,1,2,7,6,1,1,,2,2
5,50,4,2,2002,2,1,1,2,2,4,2,1,1,1,1,3,1,2,14,6,1,1,28,2,2
4,37,4,1,2002,2,1,1,2,2,1,1,1,1,2,3,1,2,,9,6,1,1,,2,2
5,37,4,1,2002,2,1,1,2,2,1,1,1,1,1,1,3,1,2,6,6,1,1,,2,2
6,37,3,1,2002,3,1,1,2,2,1,1,1,1,1,1,3,1,2,14,6,1,1,30,2,2
2,37,4,2,2002,3,1,1,2,2,1,2,1,1,1,1,3,1,2,6,6,1,1,30,2,2
6,37,4,2,2002,2,1,1,2,2,1,1,1,1,1,1,3,1,2,14,6,1,1,,2,2
4,47,4,2,2002,3,1,1,2,2,1,1,1,1,1,1,1,1,2,9,6,1,1,,2,2
5,47,4,2,2002,3,1,1,2,2,1,1,1,1,1,1,1,1,2,9,6,1,1,,2,2
6,47,4,2,2002,3,1,1,2,2,1,1,1,1,1,1,3,1,2,6,6,1,1,,2,2
8,47,4,2,2002,3,1,1,2,2,1,1,1,1,1,1,1,1,1,9,6,1,1,,2,2
11,47,4,2,2002,2,1,1,2,2,1,1,1,1,1,1,3,1,2,9,6,1,1,28,2,2
1,45,4,2,2002,3,1,1,2,2,1,1,1,1,2,1,3,1,2,4,6,1,1,,2,2
5,45,4,2,2002,3,1,1,2,2,1,1,1,1,1,1,3,1,2,6,6,1,1,,2,2
3,44,4,2,2002,2,1,1,2,2,1,1,1,1,1,1,1,1,2,,6,1,1,,2,2
5,44,4,2,2002,2,1,1,2,2,1,1,1,1,1,1,1,1,2,8,6,1,1,,2,2
5,44,4,2,2002,2,1,1,2,2,1,1,1,1,1,1,1,1,2,14,6,1,1,,2,2
6,44,4,2,2002,4,1,1,2,2,1,2,1,1,1,1,1,1,2,7,6,1,1,,2,2
6,44,4,2,2002,3,1,1,2,2,1,1,1,1,1,1,1,1,2,14,6,1,1,,2,2
7,44,4,2,2002,2,1,1,2,2,1,1,1,1,1,1,1,1,2,8,6,1,1,,2,2
1,40,3,2,2002,2,1,1,2,2,1,1,2,1,1,1,1,1,2,8,6,1,1,,2,2
6,40,4,2,2002,2,1,1,2,2,1,1,1,1,1,1,1,1,2,14,6,1,1,,2,2
1,49,4,2,2002,4,1,1,2,2,1,4,1,1,1,1,3,1,2,9,6,1,1,,2,2
1,49,4,2,2002,2,1,1,2,2,1,1,1,1,1,1,3,1,1,14,6,1,1,,2,2
1,49,4,2,2002,3,1,1,2,2,1,1,1,1,1,1,2,1,2,9,6,1,1,,2,2
1,49,4,2,2002,3,1,1,2,2,1,1,1,1,1,1,2,1,1,9,6,1,1,,2,2
1,49,4,2,2002,3,1,1,2,2,1,1,1,1,1,1,2,1,2,9,6,1,1,,2,2
2,49,4,2,2002,3,1,1,2,2,1,1,1,1,1,1,3,1,2,9,6,1,1,,2,2
3,49,4,2,2002,4,1,1,2,2,1,2,1,1,1,1,3,1,2,9,6,1,1,,2,2
5,49,4,1,2002,4,1,1,2,2,1,3,1,1,1,1,3,1,2,14,6,1,1,,2,2
1,51,4,1,2002,3,1,1,2,2,1,1,1,1,1,1,2,1,2,19,6,1,1,,2,2
4,51,4,2,2002,3,1,1,2,2,1,1,1,1,1,1,2,1,2,16,6,1,1,,2,2
3,36,3,3,2002,3,1,1,2,2,1,1,1,1,1,1,1,1,2,9,6,1,1,,2,2
3,36,3,3,2002,2,1,1,2,2,1,1,1,1,1,1,1,1,2,9,6,1,1,,2,2
4,36,4,3,2002,2,1,1,2,2,1,1,1,1,2,1,1,1,2,14,6,1,1,,2,2
5,50,3,3,2002,4,1,1,2,2,1,3,1,1,1,1,2,1,2,14,6,1,1,35,2,2
11,50,4,3,2002,3,1,1,2,2,1,1,1,1,1,1,2,2,2,14,6,1,1,,2,2
12,50,3,3,2002,2,1,1,2,2,1,1,1,1,1,1,1,1,2,9,6,1,1,,2,2
4,45,4,3,2002,3,1,1,2,2,1,1,1,1,1,1,3,1,2,14,6,1,1,36,2,2
6,45,4,3,2002,4,1,1,2,2,1,4,1,1,1,1,3,1,2,13,6,1,1,,2,2
1,46,4,1,2002,3,1,1,2,2,1,1,1,1,1,1,1,1,2,9,6,1,1,,2,2
1,46,4,2,2002,3,1,1,2,2,1,1,1,1,1,1,2,1,2,9,6,1,1,,2,2
1,46,4,2,2002,3,1,1,2,2,1,1,1,1,1,1,3,1,2,14,6,1,1,,2,2
1,46,4,2,2002,2,1,1,2,2,1,1,1,1,1,1,3,1,2,14,6,1,1,,2,2
1,46,3,3,2002,4,1,1,2,2,1,4,1,1,1,1,1,1,1,8,6,1,1,,2,2
1,46,3,3,2002,3,1,1,2,2,1,1,1,1,1,1,1,1,2,14,6,1,1,,2,2
2,46,4,2,2002,3,1,1,2,2,1,1,1,1,1,1,1,1,2,9,6,1,1,,2,2
2,46,4,2,2002,1,1,1,2,2,1,2,1,1,1,1,1,1,2,14,6,1,1,,2,2
2,46,4,3,2002,2,1,1,2,2,1,1,1,1,1,1,1,1,2,,6,1,1,,2,2
5,46,4,3,2002,2,1,1,2,2,1,1,1,1,1,1,1,1,2,7,6,1,1,,2,2
5,46,4,3,2002,3,1,1,2,2,1,1,1,1,1,1,1,1,2,9,6,1,1,45,2,2
6,46,2,2,2002,3,1,1,2,2,1,1,1,1,1,1,1,1,1,14,6,1,1,,2,2
6,46,4,3,2002,3,1,1,2,2,1,1,1,1,1,1,1,1,2,14,6,1,1,,2,2
9,47,4,3,2002,3,1,1,2,2,1,1,1,1,1,3,1,1,2,9,6,1,1,,2,2
9,47,4,3,2002,3,1,1,2,2,1,1,1,1,3,1,3,1,2,14,6,1,1,,2,2
1,49,1,3,2002,4,1,1,2,2,1,2,1,1,2,2,2,1,2,9,6,1,1,,2,2
1,49,4,3,2002,2,1,1,2,2,1,1,1,1,1,1,2,1,2,14,6,1,1,,2,2
1,49,4,3,2002,4,1,1,2,2,1,2,1,1,1,1,3,1,2,14,6,1,1,28,2,2
1,49,4,3,2002,3,1,1,2,2,1,1,1,1,1,1,2,1,2,9,6,1,1,,2,2
5,49,4,3,2002,4,1,1,2,2,1,4,1,1,1,1,3,1,2,14,6,1,1,,2,2
1,52,4,3,2002,2,1,1,2,2,1,1,1,1,1,1,2,1,2,14,6,1,1,35,2,2
4,37,3,3,2002,3,1,1,2,2,1,1,1,1,1,1,3,1,2,9,6,1,1,,2,2
5,37,4,3,2002,4,1,1,2,2,1,2,1,1,1,1,3,3,2,4,6,1,1,25,2,2
6,37,3,3,2002,2,1,1,2,2,1,1,3,1,1,1,3,2,2,8,6,1,1,,2,2
1,35,4,3,2002,2,1,1,2,2,1,1,1,1,1,1,2,1,2,9,6,1,1,,2,2
1,48,4,2,2002,3,1,1,2,2,1,1,1,1,1,1,1,1,2,6,6,1,1,,2,2
6,48,4,2,2002,2,1,1,2,2,1,1,1,1,1,1,3,1,2,12,6,1,1,28,2,2
3,48,4,3,2002,2,1,1,2,2,1,1,1,1,1,1,3,1,2,9,6,1,1,39,2,2
5,48,4,3,2002,3,1,1,2,2,1,1,1,1,1,1,3,1,2,19,6,1,1,30,2,2
1,38,4,3,2002,2,1,1,2,2,1,1,2,1,1,1,1,1,2,14,6,1,1,,2,2
4,38,1,3,2002,2,1,1,2,2,1,1,1,1,1,1,3,1,2,9,6,1,1,,2,2
4,38,4,3,2002,2,1,1,2,2,1,1,1,1,1,1,3,1,2,9,6,1,1,,2,2
6,38,3,3,2002,1,1,1,2,2,1,4,1,1,1,1,1,1,2,9,6,1,1,,2,2
7,38,4,3,2002,4,1,1,2,2,1,4,1,1,1,1,1,1,2,14,6,1,1,,2,2
4,51,4,1,2002,4,1,1,2,2,1,4,1,1,1,1,2,1,2,,6,1,1,,2,2
8,51,4,3,2002,2,1,1,2,2,1,1,1,1,1,1,3,1,2,12,6,1,1,,2,2
5,43,4,4,2002,2,1,1,2,2,1,1,1,1,1,3,1,3,2,9,6,1,1,,2,2
2,36,4,4,2002,3,1,1,2,2,1,1,1,1,1,1,3,1,2,14,6,1,1,35,2,2
2,36,4,4,2002,2,1,1,2,2,1,1,1,1,1,1,3,1,2,14,6,1,1,,2,2
5,44,4,3,2002,2,1,1,2,2,1,2,1,1,1,1,1,1,2,9,6,1,1,,2,2
6,44,4,3,2002,2,1,1,2,2,1,1,1,1,1,1,1,1,2,8,6,1,1,,2,2
6,44,4,3,2002,2,1,1,2,2,1,2,1,1,1,1,1,1,2,8,6,1,1,30,2,2
6,44,4,3,2002,3,1,1,2,2,1,1,1,1,1,1,1,1,1,14,6,1,1,,2,2
7,44,3,3,2002,2,1,1,2,2,1,1,1,1,1,1,1,1,2,9,6,1,1,,2,2
7,44,4,3,2002,3,1,1,2,2,1,1,1,1,1,1,1,1,2,9,6,1,1,35,2,2
7,44,4,3,2002,2,1,1,2,2,1,1,1,1,1,1,1,1,2,9,6,1,1,,2,2
7,44,4,3,2002,2,1,1,2,2,1,1,1,1,1,1,1,1,2,13,6,1,1,,2,2
7,44,4,3,2002,2,1,1,2,2,1,2,1,1,1,1,1,1,2,14,6,1,1,,2,2
4,51,4,4,2002,3,1,1,2,2,1,1,1,1,1,1,2,1,2,14,6,1,1,,2,2
8,51,4,4,2002,2,1,1,2,2,1,1,1,1,1,1,2,1,2,9,6,1,1,,2,2
8,51,4,4,2002,2,1,1,2,2,1,1,1,1,1,1,2,1,2,9,6,1,1,,2,2
9,51,4,4,2002,3,1,1,2,2,1,1,1,1,1,1,3,1,2,14,6,1,1,35,2,2
1,52,4,4,2002,3,1,1,2,2,1,1,1,1,1,1,3,1,2,14,6,1,1,,2,2
9,52,4,4,2002,2,1,1,2,2,1,1,1,1,1,1,3,1,2,14,6,1,1,,2,2
1,38,4,4,2002,4,1,1,2,2,1,4,1,1,1,1,1,1,2,9,6,1,1,,2,2
3,38,3,4,2002,2,1,1,2,2,1,1,1,1,1,1,3,2,2,14,6,1,1,,2,2
6,38,4,4,2002,2,1,1,2,2,1,1,1,1,1,1,1,1,2,9,6,1,1,,2,2
5,47,4,4,2002,3,1,1,2,2,1,1,1,1,1,1,3,1,2,9,6,1,1,38,2,2
5,47,3,4,2002,4,1,1,2,2,1,4,1,1,1,1,1,1,2,9,6,1,1,50,2,2
5,47,4,4,2002,4,1,1,2,2,1,2,1,1,1,1,3,1,2,14,6,1,1,38,2,2
8,47,3,4,2002,3,1,1,2,2,2,1,1,2,1,1,1,1,2,9,6,1,1,38,2,2
9,47,4,4,2002,2,1,1,2,2,1,1,1,1,1,1,3,1,2,10,6,1,1,25,2,2
9,47,3,4,2002,1,1,1,2,2,1,4,2,1,1,1,1,1,2,9,6,1,1,,2,2
1,48,3,4,2002,3,1,1,2,2,1,1,1,1,1,1,1,1,2,8,6,1,1,,2,2
2,48,4,4,2002,3,1,1,2,2,1,1,1,1,1,1,3,1,2,9,6,1,1,,2,2
3,48,4,4,2002,3,1,1,2,2,1,1,1,1,1,1,3,1,2,14,6,1,1,,2,2
1,35,4,4,2002,2,1,1,2,2,1,1,1,1,1,1,1,1,2,10,6,1,1,,2,2
1,35,4,4,2002,2,1,1,2,2,1,1,1,1,1,1,1,1,2,14,6,1,1,,2,2
1,35,4,4,2002,2,1,1,2,2,1,1,1,1,1,1,2,1,2,14,6,1,1,,2,2
1,45,4,4,2002,4,1,1,2,2,1,1,1,1,1,1,3,1,2,14,6,1,1,,2,2
1,45,4,4,2002,3,1,1,2,2,1,1,1,1,1,1,3,1,2,14,6,1,1,,2,2
2,39,4,4,2002,3,1,1,2,2,1,1,1,1,3,1,3,1,2,14,6,1,1,40,2,2
1,50,4,4,2002,3,1,1,2,2,1,1,1,1,1,1,1,1,1,9,6,1,1,,2,2
2,50,4,4,2002,2,1,1,2,2,1,1,1,1,1,1,1,1,2,14,6,1,1,,2,2
4,50,4,4,2002,3,1,1,2,2,1,1,1,1,1,1,3,1,2,5,6,1,1,,2,2
4,50,4,3,2002,3,1,1,2,2,1,1,1,1,1,1,3,1,2,14,6,1,1,30,2,2
9,50,3,4,2002,2,1,1,2,2,1,1,1,1,1,2,1,1,2,9,6,1,1,,2,2
11,50,4,4,2002,3,1,1,2,2,1,1,1,1,1,1,2,1,2,,6,1,1,,2,2
12,50,4,4,2002,2,1,1,2,2,1,1,1,1,1,1,1,1,2,14,6,1,1,,2,2
13,50,4,4,2002,3,1,1,2,2,1,1,1,1,1,1,2,1,2,,6,1,1,,2,2
1,49,4,4,2002,3,1,1,2,2,1,1,1,1,1,1,2,1,2,9,6,1,1,,2,2
1,45,4,5,2002,3,1,1,2,2,1,1,1,1,1,1,1,1,1,14,6,1,1,,2,2
3,45,4,5,2002,3,1,1,2,2,1,1,1,1,1,1,3,1,2,6,6,1,1,,2,2
5,40,3,4,2002,3,1,1,2,2,1,1,1,1,1,1,3,1,2,9,6,1,1,,2,2
5,40,3,4,2002,4,1,1,2,2,1,3,2,1,1,1,1,1,2,14,6,1,1,,2,2
6,40,4,4,2002,3,1,1,2,2,1,1,1,1,1,1,1,1,2,9,6,1,1,,2,2
1,40,1,5,2002,2,1,1,2,2,1,1,1,1,1,1,1,1,2,8,6,1,1,,2,2
1,40,3,5,2002,2,1,1,2,2,2,1,2,2,1,1,1,1,1,7,6,1,1,,2,2
1,40,4,5,2002,4,1,1,2,2,1,4,2,1,1,1,1,1,2,9,6,1,1,,2,2
3,40,3,5,2002,2,1,1,2,2,1,1,1,1,1,1,1,1,2,9,6,1,1,,2,2
3,40,4,5,2002,2,1,1,2,2,1,1,1,1,1,1,1,1,2,9,6,1,1,,2,2
4,40,4,5,2002,4,1,1,2,2,1,2,1,1,1,1,3,1,2,6,6,1,1,,2,2
6,40,4,5,2002,3,1,1,2,2,1,1,1,1,1,1,1,1,2,9,6,1,1,,2,2
6,40,4,5,2002,3,1,1,2,2,1,1,1,1,1,1,1,1,2,14,6,1,1,,2,2
6,40,4,5,2002,3,1,1,2,2,1,1,1,1,1,1,1,1,2,9,6,1,1,,2,2
1,48,4,5,2002,3,1,1,2,2,1,1,1,1,1,1,1,1,1,9,6,1,1,,2,2
2,47,4,5,2002,2,1,1,2,2,1,1,1,1,1,1,1,1,2,9,6,1,1,32,2,2
5,47,3,5,2002,2,1,1,2,2,2,1,1,2,1,1,3,1,2,8,6,1,1,,2,2
5,47,4,5,2002,4,1,1,2,2,1,3,2,1,1,1,3,1,2,14,6,1,1,,2,2
9,47,4,5,2002,4,1,1,2,2,2,2,1,2,1,3,1,1,2,14,6,1,1,,2,2
9,47,4,5,2002,4,1,1,2,2,1,1,1,1,1,1,1,1,2,10,6,1,1,35,2,2
11,47,4,5,2002,2,1,1,2,2,1,1,1,1,3,2,3,1,2,14,6,1,1,,2,2
13,47,3,5,2002,3,1,1,2,2,1,1,1,1,1,1,3,1,2,14,6,1,1,,2,2
3,44,4,4,2002,2,1,1,2,2,1,1,1,1,1,1,1,1,2,9,6,1,1,,2,2
3,44,4,4,2002,3,1,1,2,2,1,1,1,1,1,1,1,1,2,14,6,1,1,,2,2
3,44,4,5,2002,3,1,1,2,2,1,1,1,1,1,1,3,1,2,8,6,1,1,,2,2
4,44,4,4,2002,3,1,1,2,2,1,1,1,1,1,1,3,1,2,14,6,1,1,,2,2
7,44,4,4,2002,1,1,1,2,2,1,2,1,1,1,1,1,1,2,14,6,1,1,,2,2
7,44,4,4,2002,2,1,1,2,2,1,1,1,1,1,1,1,1,2,12,6,1,1,,2,2
1,38,4,5,2002,1,1,1,2,2,1,2,1,1,1,1,1,1,2,14,6,1,1,,2,2
3,38,4,5,2002,2,1,1,2,2,2,1,1,2,1,1,1,1,1,14,6,1,1,,2,2
4,38,4,5,2002,1,1,1,2,2,1,2,1,1,1,1,3,1,2,19,6,1,1,,2,2
1,35,4,5,2002,2,1,1,2,2,1,1,1,1,1,1,1,1,2,9,6,1,1,,2,2
3,35,3,5,2002,3,1,1,2,2,1,1,1,1,1,1,3,1,2,9,6,1,1,,2,2
4,35,4,4,2002,2,1,1,2,2,1,1,1,1,1,1,3,1,2,14,6,1,1,,2,2
5,35,4,5,2002,2,1,1,2,2,1,1,1,1,1,1,1,1,2,14,6,1,1,35,2,2
4,50,4,5,2002,3,1,1,2,2,1,1,1,1,1,1,3,1,2,19,6,1,1,,2,2
5,50,4,5,2002,2,1,1,2,2,1,1,1,1,1,1,3,1,2,9,6,1,1,,2,2
8,50,4,5,2002,2,1,1,2,2,1,1,1,1,1,1,2,1,2,9,6,1,1,,2,2
9,50,4,5,2002,3,1,1,2,2,1,3,1,1,1,1,1,1,2,13,6,1,1,,2,2
11,50,4,5,2002,4,1,1,2,2,1,1,1,1,1,1,2,1,2,9,6,1,1,,2,2
12,50,4,5,2002,2,1,1,2,2,1,1,1,1,1,1,3,1,2,9,6,1,1,,2,2
1,51,4,5,2002,2,1,1,2,2,2,1,1,2,1,1,2,1,2,9,6,1,1,,2,2
1,51,4,5,2002,3,1,1,2,2,2,1,1,2,1,1,2,1,2,9,6,1,1,,2,2
3,51,4,5,2002,3,1,1,2,2,1,1,1,1,1,1,2,1,2,9,6,1,1,,2,2
4,51,4,3,2002,3,1,1,2,2,1,1,1,1,1,1,1,1,2,9,6,1,1,,2,2
7,51,3,5,2002,4,1,1,2,2,1,3,1,1,1,1,3,1,2,14,6,1,1,,2,2
8,51,4,5,2002,3,1,1,2,2,1,1,1,1,1,1,3,1,2,9,6,1,1,,2,2
12,51,3,4,2002,3,1,1,2,2,1,1,1,1,1,1,2,1,2,9,6,1,1,,2,2
12,51,4,4,2002,2,1,1,2,2,1,1,1,1,1,1,2,1,2,14,6,1,1,,2,2
4,37,3,5,2002,3,1,1,2,2,1,1,1,1,1,1,3,1,2,9,6,1,1,,2,2
4,37,3,5,2002,3,1,1,2,2,1,1,1,1,1,1,3,1,2,4,6,1,1,,2,2
1,38,4,6,2002,2,1,1,2,2,1,1,1,1,1,1,3,1,2,9,6,1,1,,2,2
4,38,4,6,2002,3,1,1,2,2,1,1,1,1,1,1,3,1,2,7,6,1,1,,2,2
6,38,3,6,2002,3,1,1,2,2,1,1,1,1,1,1,1,1,2,12,6,1,1,,2,2
7,38,4,6,2002,1,1,1,2,2,1,4,1,1,1,1,1,1,2,14,6,1,1,,2,2
7,38,4,6,2002,2,1,1,2,2,1,1,1,1,1,1,1,1,2,9,6,1,1,,2,2
1,46,4,4,2002,3,1,1,2,2,1,2,1,1,1,1,1,1,1,14,6,1,1,,2,2
6,46,4,4,2002,3,1,1,2,2,1,1,1,1,1,1,1,1,1,14,6,1,1,,2,2
1,46,4,5,2002,3,1,1,2,2,1,1,1,1,1,1,3,1,2,14,6,1,1,,2,2
1,46,4,5,2002,4,1,1,2,2,1,4,1,1,1,1,1,1,1,14,6,1,1,,2,2
2,46,4,5,2002,3,1,1,2,2,1,1,1,1,1,1,1,1,2,9,6,1,1,,2,2
2,46,4,5,2002,2,1,1,2,2,2,1,1,2,1,3,1,1,2,9,6,1,1,,2,2
3,46,4,5,2002,4,1,1,2,2,1,4,1,1,1,1,3,1,2,9,6,1,1,,2,2
5,46,4,5,2002,4,1,1,2,2,1,2,1,1,1,1,1,1,2,4,6,1,1,,2,2
6,46,4,5,2002,1,1,1,2,2,1,1,1,1,1,1,1,1,1,9,6,1,1,,2,2
1,45,4,6,2002,3,1,1,2,2,1,1,2,1,1,1,1,1,2,14,6,1,1,,2,2
2,45,4,6,2002,4,1,1,2,2,1,4,1,1,1,3,1,1,2,9,6,1,1,,2,2
2,37,4,6,2002,2,1,1,2,2,1,1,1,1,1,1,3,1,2,6,6,1,1,,2,2
6,37,4,6,2002,3,1,1,2,2,1,1,1,1,1,1,3,1,2,5,6,1,1,,2,2
3,40,3,6,2002,1,1,1,2,2,1,3,1,1,1,1,1,1,2,14,6,1,1,,2,2
5,40,4,6,2002,2,1,1,2,2,1,1,1,1,1,1,1,1,2,14,6,1,1,,2,2
1,50,3,6,2002,4,1,1,2,2,1,4,1,1,1,1,1,1,2,5,6,1,1,,2,2
1,50,3,5,2002,3,1,1,2,2,1,1,1,1,1,1,3,1,2,19,6,1,1,,2,2
2,50,3,6,2002,2,1,1,2,2,1,1,1,1,1,1,1,1,2,14,6,1,1,,2,2
2,50,4,6,2002,3,1,1,2,2,1,1,1,1,1,1,1,1,2,9,6,1,1,,2,2
6,50,4,6,2002,4,1,1,2,2,1,2,1,1,1,1,3,1,2,4,6,1,1,,2,2
6,50,4,6,2002,2,1,1,2,2,1,1,1,1,1,1,3,1,2,6,6,1,1,,2,2
9,50,4,6,2002,4,1,1,2,2,2,4,1,2,1,1,2,1,2,9,6,1,1,,2,2
10,50,3,6,2002,2,1,1,2,2,1,1,1,1,1,1,2,1,2,6,6,1,1,,2,2
10,50,4,6,2002,3,1,1,2,2,1,1,1,1,1,1,3,1,2,7,6,1,1,37,2,2
11,50,3,6,2002,1,1,1,2,2,1,2,1,1,1,1,2,1,2,9,6,1,1,,2,2
11,50,4,6,2002,2,1,1,2,2,1,1,1,1,1,1,2,1,2,13,6,1,1,,2,2
12,50,4,6,2002,4,1,1,2,2,1,4,1,1,1,1,1,1,2,14,6,1,1,,2,2
13,50,4,6,2002,2,1,1,2,2,1,1,1,1,1,1,3,1,2,10,6,1,1,,2,2
13,50,4,6,2002,3,1,1,2,2,1,1,1,1,1,1,3,1,2,9,6,1,1,,2,2
1,51,3,6,2002,3,1,1,2,2,1,1,1,1,1,1,3,1,2,9,6,1,1,35,2,2
1,51,4,6,2002,2,1,1,2,2,1,1,1,1,1,1,3,1,2,9,6,1,1,,2,2
4,51,3,6,2002,3,1,1,2,2,1,1,1,1,1,1,1,1,2,8,6,1,1,,2,2
8,51,3,6,2002,4,1,1,2,2,1,3,1,1,1,1,2,1,2,9,6,1,1,45,2,2
8,51,4,6,2002,2,1,1,2,2,1,1,1,1,1,1,2,1,2,4,6,1,1,25,2,2
9,51,4,6,2002,3,1,1,2,2,1,1,1,1,1,2,2,1,2,14,6,1,1,,2,2
1,35,3,6,2002,2,1,1,2,2,1,1,1,1,1,1,2,1,2,9,6,1,1,,2,2
1,52,1,6,2002,2,1,1,2,2,2,1,2,2,1,3,3,1,2,9,6,1,1,,2,2
6,52,4,6,2002,3,1,1,2,2,1,1,1,1,1,1,3,1,2,19,6,1,1,,2,2
3,39,4,5,2002,1,1,1,2,2,1,2,1,1,1,1,1,1,2,14,6,1,1,,2,2
4,39,3,5,2002,4,1,1,2,2,1,2,1,2,2,2,3,1,2,14,6,1,1,,2,2
1,39,4,6,2002,3,1,1,2,2,1,1,1,1,1,1,1,1,2,14,6,1,1,,2,2
3,49,4,5,2002,4,1,1,2,2,2,4,1,2,1,1,3,1,2,14,6,1,1,,2,2
4,49,4,5,2002,2,1,1,2,2,1,1,1,1,1,1,3,1,2,9,6,1,1,,2,2
5,49,4,5,2002,2,1,1,2,2,1,1,1,1,1,1,3,1,2,9,6,1,1,,2,2
1,47,4,6,2002,1,1,1,2,2,1,2,1,1,1,1,1,4,2,14,6,1,1,,2,2
1,47,4,6,2002,2,1,1,2,2,1,1,1,1,1,1,1,1,2,9,6,1,1,,2,2
1,47,3,6,2002,1,1,1,2,2,1,4,1,1,1,1,1,1,2,14,6,1,1,,2,2
1,47,4,6,2002,3,1,1,2,2,2,1,1,2,1,1,1,1,2,8,6,1,1,45,2,2
8,47,4,6,2002,3,1,1,2,2,1,1,1,1,1,1,3,1,2,13,6,1,1,,2,2
12,47,4,6,2002,2,,1,2,2,1,1,1,1,1,1,1,1,2,14,6,1,1,35,2,2
13,47,4,6,2002,4,1,1,2,2,1,4,1,1,1,1,3,1,2,8,6,1,1,29,2,2
3,44,4,5,2002,2,1,1,2,2,1,2,1,1,1,1,1,1,2,8,6,1,1,30,2,2
3,44,4,5,2002,3,1,1,2,2,1,1,1,1,1,1,1,1,2,9,6,1,1,,2,2
4,44,4,5,2002,1,1,1,2,2,2,2,1,2,1,1,2,1,2,14,6,1,1,,2,2
6,44,4,5,2002,3,1,1,2,2,1,1,1,1,1,1,1,1,2,14,6,1,1,,2,2
6,44,4,5,2002,3,1,1,2,2,1,1,1,1,1,1,3,1,2,14,6,1,1,,2,2
6,44,4,5,2002,4,1,1,2,2,1,4,1,1,1,1,1,1,2,13,6,1,1,50,2,2
6,44,4,5,2002,2,1,1,2,2,1,2,1,1,1,1,1,1,2,14,6,1,1,,2,2
4,44,4,6,2002,3,1,1,2,2,1,1,1,1,1,1,2,1,2,14,6,1,1,35,2,2
4,44,4,6,2002,2,1,1,2,2,1,1,1,1,1,1,2,1,2,14,6,1,1,,2,2
6,44,4,6,2002,2,1,1,2,2,1,2,1,1,1,1,1,1,2,14,6,1,1,,2,2
6,44,4,6,2002,4,1,1,2,2,1,4,1,1,1,1,1,1,2,19,6,1,1,,2,2
7,44,4,6,2002,1,1,1,2,2,1,1,1,1,1,1,1,1,2,14,6,1,1,35,2,2
7,44,3,6,2002,2,1,1,2,2,1,1,1,1,1,1,3,1,2,8,6,1,1,,2,2
7,44,4,6,2002,2,1,1,2,2,1,1,1,1,1,2,3,1,2,14,6,1,1,,2,2
3,40,3,7,2002,3,1,1,2,2,2,1,1,2,1,1,1,1,2,9,6,1,1,,2,2
6,40,4,7,2002,3,1,1,2,2,1,1,1,1,1,1,1,1,2,19,6,1,1,,2,2
6,40,4,7,2002,3,1,1,2,2,1,4,1,1,1,1,1,1,2,,6,1,1,,2,2
3,43,4,7,2002,2,1,1,2,2,1,1,1,1,1,1,3,1,2,13,6,1,1,,2,2
5,43,4,7,2002,4,1,1,2,2,1,2,1,1,1,1,1,1,2,9,6,1,1,,2,2
1,35,4,7,2002,3,1,1,2,2,1,1,1,1,1,1,2,1,2,12,6,1,1,,2,2
1,35,4,7,2002,3,1,1,2,2,1,1,1,1,1,1,3,1,2,9,6,1,1,,2,2
1,35,4,7,2002,1,1,1,2,2,1,2,1,1,1,1,2,1,2,14,6,1,1,,2,2
3,35,3,7,2002,2,1,1,2,2,1,1,1,1,1,1,3,1,2,9,6,1,1,,2,2
1,46,4,6,2002,2,1,1,2,2,1,1,1,1,1,1,1,1,2,14,6,1,1,,2,2
1,46,4,7,2002,1,1,1,2,2,1,2,1,1,1,1,2,1,2,6,6,1,1,,2,2
1,46,4,8,2002,3,1,1,2,2,1,1,1,1,1,1,1,1,2,9,6,1,1,,2,2
1,46,4,8,2002,2,1,1,2,2,1,1,1,1,1,1,1,1,2,14,6,1,1,,2,2
1,46,4,8,2002,3,1,1,2,2,1,1,1,1,1,1,1,1,2,9,6,1,1,,2,2
1,46,4,9,2002,3,1,1,2,2,1,1,1,1,1,1,1,1,2,14,6,1,1,,2,2
1,46,4,10,2002,2,1,1,2,2,1,1,1,1,1,1,1,1,2,9,6,1,1,,2,2
1,46,3,9,2002,2,1,1,2,2,1,1,1,1,1,1,1,1,2,4,6,1,1,,2,2
1,46,4,10,2002,3,1,1,2,2,4,1,1,1,1,1,1,1,2,9,6,1,1,,2,2
1,46,4,10,2002,2,1,1,2,2,1,1,1,1,1,1,1,1,2,9,6,1,1,,2,2
1,46,4,10,2002,2,1,1,2,2,1,1,1,1,1,1,1,1,2,8,6,1,1,,2,2
1,46,4,11,2002,2,1,1,2,2,1,1,1,1,1,1,1,1,2,9,6,1,1,,2,2
1,46,4,11,2002,1,1,1,2,2,1,4,1,1,1,1,2,1,2,9,6,1,1,,2,2
1,46,4,11,2002,2,1,1,2,2,1,2,1,1,1,1,1,1,2,9,6,1,1,,2,2