Thana,District,Accident_Severity,Month,Year,Time,Junction_Type,Traffic_Control,Movement,Divider,Weather,Light,Road_Geometry,Surface_Condition,Surface_Type,Surface_Quality,Road_Class,Road_Feature,Location_Type,Vehicle_Type,Vehicle_Movement,Vehicle_Loading,Vehicle_Defect,Vehicle_Driver_Age,Vehicle_Alcohol,Vehicle_Seat_Belt
1,46,4,12,2002,2,1,1,2,2,1,1,1,1,1,1,1,1,2,9,6,1,1,,2,2
1,46,4,12,2002,2,1,1,2,2,1,1,1,1,1,1,3,1,2,14,6,1,1,,2,2
2,46,4,6,2002,3,1,1,2,2,1,1,1,1,1,1,1,1,2,9,6,1,1,,2,2
2,46,4,9,2002,2,1,1,2,2,1,1,1,1,1,1,1,1,2,14,6,1,1,,2,2
2,46,4,11,2002,4,1,1,2,2,1,1,1,1,1,1,1,1,2,9,6,1,1,,2,2
2,46,4,11,2002,2,1,1,2,2,1,1,1,1,1,1,1,1,2,9,6,1,1,,2,2
2,46,4,11,2002,2,1,1,2,2,1,1,1,1,1,1,1,1,2,9,6,1,1,,2,2
6,46,4,7,2002,4,1,1,2,2,1,3,1,1,1,1,1,1,1,8,6,1,1,,2,2
6,46,4,8,2002,3,1,1,2,2,1,1,1,1,1,1,1,1,1,8,6,1,1,,2,2
1,35,3,9,2002,2,1,1,2,2,1,1,1,1,1,1,2,1,2,9,6,1,1,30,2,2
1,48,3,1,2002,3,1,1,2,2,1,1,1,1,1,1,1,1,2,6,6,1,1,,2,2
1,48,3,1,2002,2,1,1,2,2,1,1,1,1,1,1,1,1,2,14,6,1,1,,2,2
1,48,3,2,2002,3,1,1,2,2,1,1,1,1,1,1,1,1,2,9,6,1,1,,2,2
2,48,4,1,2002,1,1,1,2,2,1,4,1,1,1,1,3,1,2,13,6,1,1,,2,2
4,48,4,7,2002,2,1,1,2,2,1,1,1,1,1,1,3,1,2,6,6,1,1,,2,2
1,49,4,6,2002,4,1,1,2,2,2,4,1,2,1,1,3,1,2,9,6,1,1,,2,2
1,52,3,10,2002,2,1,1,2,2,1,1,1,1,1,1,2,1,2,9,6,1,1,,2,2
7,47,3,11,2002,2,1,1,2,2,1,1,1,1,1,1,1,1,2,8,6,1,1,26,2,2
1,47,4,12,2002,3,1,1,2,2,1,1,1,1,1,1,1,1,2,7,6,1,1,,2,2
1,47,4,10,2002,2,1,1,2,2,1,1,1,1,1,1,1,1,2,9,6,1,1,36,2,2
1,47,3,8,2002,1,1,1,2,2,1,4,1,1,1,1,1,1,2,14,6,1,1,,2,2
1,50,3,10,2002,1,1,1,2,2,1,1,1,1,1,1,1,1,2,14,6,1,1,,2,2
1,47,4,11,2002,3,1,1,2,2,1,1,1,1,1,1,1,1,2,9,6,1,1,,2,2
1,47,4,8,2002,1,1,1,2,2,1,4,1,1,1,3,1,1,2,14,6,1,1,,2,2
2,47,4,8,2002,2,1,1,2,2,1,1,1,1,1,1,1,1,2,9,6,1,1,30,2,2
2,47,4,10,2002,2,1,1,2,2,1,1,1,1,1,1,1,1,2,4,6,1,1,45,2,2
2,47,4,11,2002,3,1,1,2,2,1,1,1,1,1,1,1,1,2,9,6,1,1,,2,2
2,47,3,11,2002,1,1,1,2,2,1,4,1,1,1,1,1,1,2,9,6,1,1,,2,2
3,46,3,9,2002,2,1,1,2,2,1,1,1,1,1,1,3,1,2,8,6,1,1,,2,2
3,46,3,10,2002,1,1,1,2,2,1,2,1,1,1,1,3,1,2,8,6,1,1,,2,2
3,46,4,7,2002,1,1,1,2,2,1,4,1,1,1,1,3,1,2,14,6,1,1,,2,2
3,46,4,9,2002,2,1,1,2,2,1,1,1,1,1,1,3,1,2,9,6,1,1,,2,2
5,46,4,10,2002,2,1,1,2,2,1,1,1,1,1,1,1,1,2,9,6,1,1,,2,2
5,46,4,10,2002,4,1,1,2,2,1,2,1,1,1,1,1,1,2,8,6,1,1,,2,2
5,46,4,10,2002,2,1,1,2,2,1,1,1,1,1,1,3,1,2,8,6,1,1,,2,2
6,43,4,4,2002,3,1,1,2,2,1,1,1,1,1,1,3,1,2,19,6,1,1,,2,2
5,41,4,4,2002,2,1,1,2,2,1,1,1,1,1,1,2,1,2,8,6,1,1,,2,2
5,41,4,4,2002,2,1,1,2,2,1,1,1,1,1,1,1,1,2,14,6,1,1,,2,2
2,41,4,2,2002,1,1,1,2,2,1,2,1,1,1,1,3,1,2,14,6,1,1,,2,2
3,41,1,12,2002,3,1,1,2,2,1,1,1,1,1,1,3,1,2,13,6,1,1,,2,2
5,41,4,12,2002,2,1,1,2,2,1,1,1,1,1,1,1,1,2,8,6,1,1,,2,2
5,41,4,12,2002,2,1,1,2,2,1,1,1,1,1,1,1,1,2,14,6,1,1,,2,2
7,56,4,1,2002,3,1,1,2,2,1,1,1,1,1,3,1,1,2,9,6,2,1,,2,2
7,56,3,1,2002,2,1,1,2,2,1,1,1,1,1,1,1,1,2,4,5,1,1,,2,2
5,56,3,1,2002,2,7,1,2,2,4,2,2,1,1,1,4,1,2,8,2,1,1,,2,2
1,55,4,1,2002,3,1,3,2,2,1,1,1,1,1,1,1,1,2,14,4,1,1,,2,2
1,55,4,1,2002,3,1,1,2,2,1,1,1,1,1,1,1,1,2,14,6,1,1,45,2,2
5,55,3,1,2002,4,7,8,2,2,1,4,1,1,1,1,3,1,2,10,11,1,7,40,2,2
5,55,3,1,2002,4,7,8,2,2,1,4,2,1,1,1,3,1,2,6,1,1,7,,1,2
1,53,4,1,2002,3,1,1,2,2,1,1,1,1,1,1,1,1,2,10,11,1,1,22,2,2
1,53,3,1,2002,2,7,1,2,2,1,1,1,1,1,1,1,1,2,9,5,1,1,,2,2
1,54,4,1,2002,4,1,1,2,2,1,4,1,1,1,1,1,1,2,19,6,,,,1,2
1,54,4,1,2002,2,1,1,2,2,1,1,1,1,1,1,1,1,2,7,6,1,1,27,2,2
1,54,4,1,2002,4,1,1,2,2,1,3,1,1,1,1,5,1,1,14,6,1,7,42,2,2
1,54,4,1,2002,2,1,1,2,2,1,1,1,1,1,1,4,1,2,13,6,1,1,35,2,2
1,54,4,1,2002,2,3,1,2,2,1,1,1,1,1,1,3,1,2,10,6,1,1,45,2,2
1,54,4,1,2002,4,1,1,2,2,1,2,1,1,1,1,1,1,1,14,6,,,,,
5,54,4,1,2002,3,1,1,2,2,1,1,1,1,1,1,4,1,2,11,6,1,7,,2,2
10,54,4,1,2002,4,7,8,2,2,1,2,1,1,1,1,3,1,2,19,6,,,,,
11,54,3,1,2002,3,1,2,2,2,1,1,1,1,1,3,3,2,,9,6,,1,28,1,2
12,54,4,1,2002,3,1,1,2,2,1,1,1,1,1,1,3,1,2,13,6,1,1,23,2,2
1,54,3,2,2002,3,3,1,2,2,1,1,2,1,1,1,5,1,1,13,1,1,1,,1,2
5,54,4,2,2002,2,1,1,2,2,1,1,1,1,1,1,4,1,2,13,6,1,1,,2,2
5,54,4,2,2002,2,1,1,2,2,1,1,1,1,1,1,4,1,2,13,6,1,,,,
5,54,4,2,2002,2,1,1,2,2,1,1,1,1,1,1,4,1,2,14,5,1,1,42,2,2
5,54,4,2,2002,3,1,1,2,2,1,1,1,1,1,1,4,1,2,13,1,1,1,,2,2
8,54,4,2,2002,4,3,1,2,1,4,3,1,3,3,2,4,1,2,13,6,,,,,
9,54,4,2,2002,3,2,1,2,2,1,1,1,1,1,1,1,1,2,7,6,1,1,,2,2
3,54,3,1,2002,2,3,1,2,2,1,1,1,1,1,1,3,1,2,9,6,1,1,,2,2
3,54,3,2,2002,3,7,1,2,2,1,1,1,1,1,1,3,1,2,8,6,1,1,35,2,2
3,54,4,2,2002,3,1,2,2,2,1,1,1,1,1,1,3,1,2,13,6,,,,,
13,54,4,2,2002,4,1,1,2,2,1,2,2,1,1,1,4,1,2,8,11,,,,,
13,54,4,2,2002,3,1,1,2,2,1,1,1,1,1,3,1,1,2,8,,,,,,
3,53,4,2,2002,2,1,,2,2,1,1,2,1,1,1,4,1,2,9,2,,,,,
3,53,4,2,2002,1,1,1,2,2,1,2,1,1,1,1,1,1,1,13,6,,,30,,
3,53,4,2,2002,3,,,2,2,1,1,5,1,1,1,1,,,7,6,,1,40,,
7,53,4,2,2002,3,7,8,2,2,1,1,1,1,1,1,3,1,2,7,6,,1,27,2,2
7,53,3,2,2002,3,1,1,2,2,1,1,1,1,1,1,3,1,2,7,6,1,7,23,2,2
11,53,4,2,2002,2,,,2,2,1,1,1,1,1,2,4,1,2,4,6,,,,,
4,56,4,2,2002,3,1,1,2,2,1,1,1,1,1,1,4,1,2,6,6,1,1,,2,2
8,56,4,2,2002,3,1,1,2,2,1,1,1,1,1,1,4,1,2,13,6,,,,,
4,56,4,1,2002,2,1,1,2,2,1,1,1,1,1,1,4,1,2,9,6,1,1,,2,2
1,55,3,1,2002,3,7,8,2,2,1,1,1,1,1,1,3,1,2,4,6,,,,2,2
1,55,4,2,2002,2,4,1,2,2,1,1,1,1,1,1,1,1,2,10,6,1,1,25,1,2
6,55,4,2,2002,4,1,1,2,2,1,4,1,1,1,1,1,1,1,14,6,1,1,35,2,2
6,55,3,2,2002,2,3,1,2,2,1,1,1,1,1,1,1,1,2,14,6,1,1,30,2,2
1,54,4,3,2002,1,7,8,2,2,1,2,1,1,1,1,5,1,1,19,11,1,7,,1,2
1,54,4,3,2002,2,1,1,2,2,1,1,1,1,1,1,5,1,1,5,6,1,1,29,2,2
5,54,4,3,2002,2,7,1,2,2,1,1,3,1,3,2,3,4,2,17,11,1,1,,2,2
5,54,4,3,2002,2,7,8,2,2,1,1,3,3,3,3,4,4,2,17,6,2,7,22,2,2
2,54,3,3,2002,2,3,1,2,2,1,1,1,1,1,1,4,1,2,5,6,1,7,,2,2
13,54,4,3,2002,1,7,1,2,2,1,4,1,5,3,2,4,1,2,14,1,2,1,30,2,2
3,54,3,3,2002,3,3,1,2,2,1,1,1,1,1,1,4,1,2,5,7,1,6,,,
3,54,4,3,2002,3,7,1,2,2,1,1,1,1,1,1,3,1,2,13,6,2,7,,1,2
12,54,1,3,2002,3,1,1,2,2,1,1,1,1,1,1,3,1,2,7,6,1,1,35,2,2
9,54,3,3,2002,3,1,1,2,2,1,1,1,1,1,1,1,1,2,14,6,,,,2,2
9,54,3,3,2002,2,1,1,2,2,1,1,1,1,1,1,1,1,2,14,6,,,24,2,2
9,54,3,3,2002,3,1,3,2,2,1,1,1,1,1,1,1,1,2,14,6,1,,25,2,2
9,54,3,3,2002,3,1,1,2,2,1,1,1,1,1,1,1,1,2,14,6,1,1,25,2,2
6,54,4,3,2002,2,1,1,2,2,1,1,1,1,1,1,3,1,2,6,6,1,1,16,1,2
1,56,4,3,2002,3,1,1,2,2,1,1,1,1,1,1,2,1,2,11,1,,,48,,
1,56,1,3,2002,4,1,1,2,2,1,3,1,1,1,1,2,1,1,9,6,1,1,,2,2
7,56,3,3,2002,4,7,1,2,2,1,4,1,1,1,1,1,1,1,9,6,1,1,40,2,2
3,56,4,3,2002,3,1,8,2,2,1,1,2,1,1,1,3,1,2,9,6,1,1,32,2,2
3,56,4,3,2002,3,3,1,2,2,1,1,1,1,1,1,4,1,2,5,6,2,7,,2,2
3,56,3,3,2002,3,1,8,2,2,1,1,1,1,1,1,1,1,2,9,6,1,1,35,2,2
8,56,4,3,2002,2,1,1,2,2,1,1,1,1,1,1,3,1,1,9,6,2,,,2,2
9,56,4,3,2002,3,1,1,2,2,1,1,1,1,1,1,4,1,2,12,6,1,1,,1,2
1,55,4,2,2002,3,1,1,2,2,1,1,1,1,1,1,1,1,1,10,6,1,1,,2,2
1,55,4,3,2002,3,1,8,2,2,1,1,1,1,3,1,4,1,2,13,7,2,,35,,
6,55,4,3,2002,3,1,1,2,2,1,1,1,1,1,1,1,1,2,9,6,1,1,35,,
3,55,4,3,2002,2,1,1,2,2,1,1,1,1,1,1,3,1,2,10,6,,,,,
3,55,3,3,2002,1,1,1,2,2,1,3,1,1,1,1,4,1,2,5,6,1,1,22,2,2
4,55,3,3,2002,3,1,1,2,2,1,1,2,1,1,1,3,1,2,13,6,,,,,
5,55,4,3,2002,3,7,8,2,2,1,1,1,1,1,1,3,1,2,7,11,1,7,25,2,2
2,55,3,3,2002,4,1,1,2,2,1,4,1,1,1,1,4,1,2,14,6,1,1,32,2,2
6,53,3,3,2002,3,3,1,2,2,1,1,1,1,1,1,4,1,2,9,4,,,,1,2
1,54,4,4,2002,2,1,1,2,2,1,1,1,1,1,1,3,1,1,13,6,1,1,22,2,2
1,54,4,4,2002,3,1,1,2,2,1,1,,,,,2,1,2,19,6,,,,,
1,54,4,4,2002,2,7,1,1,2,1,1,1,1,1,1,4,1,2,19,11,,,,,
1,54,4,4,2002,3,2,1,2,2,1,1,1,1,1,1,3,1,2,5,6,1,1,,2,1
5,54,4,4,2002,2,1,1,2,2,1,1,1,1,1,1,4,1,2,14,6,1,1,,2,2
5,54,4,4,2002,3,1,1,2,2,1,1,1,1,1,1,4,1,2,14,6,1,,,2,2
5,54,4,4,2002,3,1,1,2,2,1,1,1,1,1,1,4,1,2,13,6,1,7,,2,2
8,54,4,4,2002,4,7,1,2,2,2,4,1,2,1,1,3,1,2,8,6,1,1,,2,2
8,54,1,4,2002,3,1,8,2,2,2,1,2,2,1,1,3,1,2,14,6,1,7,,,
9,54,4,4,2002,4,1,8,2,2,1,1,1,1,1,1,1,1,2,14,8,1,,30,2,2
12,54,4,4,2002,3,1,1,2,2,1,1,1,1,1,1,3,1,2,8,6,,,,,
12,54,4,4,2002,2,1,1,2,2,1,1,1,1,1,1,3,1,2,8,6,1,1,25,2,2
1,56,4,3,2002,4,7,1,1,1,1,4,1,1,1,1,4,1,2,6,1,1,1,32,,
9,56,4,4,2002,2,1,1,2,2,1,2,1,1,1,1,2,1,2,9,6,1,1,,,
9,56,1,4,2002,2,3,1,2,2,3,2,4,3,1,1,4,1,2,9,2,1,1,40,2,2
3,53,4,4,2002,3,7,1,2,2,1,1,1,1,1,1,2,1,2,14,11,2,,,1,2
3,53,4,4,2002,3,1,1,2,2,1,1,1,1,1,1,3,1,2,7,11,1,7,25,1,2
3,53,3,4,2002,3,7,1,2,2,1,1,1,1,1,1,1,1,2,8,5,1,1,30,1,2
1,55,4,4,2002,3,7,8,2,2,1,,1,1,1,1,1,1,2,14,6,1,1,,2,2
1,55,4,4,2002,3,7,1,2,2,1,1,1,1,1,1,3,1,2,5,6,1,,,2,2
1,55,4,4,2002,2,1,8,2,2,1,1,1,1,1,1,3,1,2,8,6,1,1,,2,2
1,55,4,4,2002,4,7,1,2,2,1,3,1,1,1,1,5,1,1,10,6,,,,,
4,55,4,4,2002,2,1,1,2,2,1,1,1,1,1,1,3,1,1,7,5,,,,,
2,55,4,4,2002,3,7,1,2,2,1,1,1,1,1,1,4,1,2,7,6,1,1,,2,2
9,54,4,3,2002,2,1,1,2,2,1,1,1,1,1,1,1,1,2,14,,,,,,
3,53,4,5,2002,3,,,2,2,1,1,1,1,1,1,3,1,2,10,1,2,,,,2
3,53,4,5,2002,3,1,1,2,2,1,1,1,1,1,1,1,1,2,7,11,2,,,1,2
7,53,3,4,2002,3,1,5,2,2,1,1,1,1,1,1,3,1,2,8,6,1,1,35,2,2
9,54,4,5,2002,2,7,1,2,2,1,1,1,1,1,1,1,1,2,8,6,1,,,,
9,54,3,5,2002,2,1,1,2,2,1,1,1,1,1,1,1,1,2,7,6,1,,,1,2
9,54,4,5,2002,3,1,1,2,2,1,1,1,1,1,1,1,1,2,12,6,,,35,2,2
9,54,4,5,2002,4,1,1,2,2,1,4,1,1,1,1,1,1,2,14,6,2,,,1,2
9,54,3,5,2002,3,1,1,2,2,1,1,1,1,1,1,1,1,2,7,6,1,,30,1,2
9,54,4,5,2002,3,1,1,2,2,1,1,1,1,1,1,1,1,2,13,6,,7,,2,2
8,54,4,5,2002,2,1,1,2,2,1,1,1,1,1,1,1,1,2,14,6,1,,,2,2
7,54,4,5,2002,3,1,1,2,2,1,1,1,1,1,1,3,1,2,7,6,1,1,,2,2
5,56,4,5,2002,1,1,,2,2,2,4,1,2,1,1,3,1,2,19,6,,,,,
5,56,3,5,2002,3,1,,2,2,2,1,1,2,1,1,1,1,2,9,6,,,,,
3,56,4,5,2002,3,7,1,2,2,1,1,4,1,1,1,1,1,2,9,2,1,1,38,2,2
3,56,3,5,2002,3,1,1,2,2,2,1,4,2,1,1,1,1,2,7,6,1,,25,1,2
8,56,4,5,2002,3,1,1,2,2,1,1,1,1,1,1,3,1,2,12,6,1,,,2,2
8,56,1,5,2002,3,1,1,2,2,2,1,1,2,1,1,3,1,2,6,6,1,1,,2,2
8,56,4,5,2002,3,1,1,2,2,2,1,1,2,1,1,3,3,2,4,6,1,,18,2,2
1,55,4,5,2002,1,7,1,2,2,2,2,1,2,1,1,3,1,2,9,6,2,1,,2,2
1,55,3,5,2002,4,7,1,2,2,1,2,1,1,1,1,1,1,1,9,5,1,1,38,1,2
1,55,1,5,2002,1,7,8,2,2,1,3,1,1,1,1,3,1,2,14,6,1,,25,2,2
6,55,4,5,2002,3,1,,1,2,1,1,1,1,1,1,1,1,2,8,6,1,,,2,2
3,55,4,5,2002,4,7,1,2,2,1,4,1,5,3,2,4,,,19,11,,,,,
3,54,4,5,2002,3,7,1,2,2,1,1,1,1,1,1,3,1,2,6,6,1,1,,2,2
2,55,4,6,2002,2,7,8,2,2,2,1,2,2,1,1,4,1,2,17,9,,7,25,2,2
1,56,4,6,2002,3,7,8,2,2,2,1,1,1,1,1,4,1,2,11,6,1,5,28,2,2
7,56,4,5,2002,1,7,1,2,2,2,4,1,2,1,1,1,,,14,6,1,,,,
7,56,4,6,2002,3,1,1,2,2,1,1,1,1,1,1,4,1,2,6,6,1,1,,2,2
5,56,4,6,2002,3,3,4,2,2,2,1,2,2,1,1,1,1,2,9,6,,,,,
5,56,4,6,2002,2,,4,2,2,1,1,1,,,,4,,2,6,6,,,,,
9,56,4,6,2002,3,3,1,2,2,1,1,1,1,1,1,4,1,2,11,2,1,7,35,1,2
8,56,1,6,2002,2,1,1,2,2,2,1,1,2,1,2,4,1,2,9,6,1,,,2,2
9,56,3,6,2002,3,7,1,2,2,2,1,2,2,1,1,4,1,2,11,11,1,6,25,2,2
10,54,4,6,2002,3,1,8,2,2,2,1,1,1,1,1,4,1,2,6,6,1,7,25,2,2
4,54,4,6,2002,4,1,2,2,2,1,4,1,1,1,1,3,1,2,7,6,1,1,,1,2
7,54,4,6,2002,2,1,1,2,2,1,1,1,1,1,1,3,1,2,19,6,,,,,
7,54,4,6,2002,2,1,5,2,1,1,1,1,1,1,1,3,1,2,17,6,1,1,24,2,2
9,54,3,6,2002,3,1,1,2,2,1,1,1,1,1,1,3,1,2,14,6,2,,,1,2
1,53,4,6,2002,2,7,1,2,2,1,1,1,1,1,1,1,1,2,8,6,1,1,35,2,2
1,53,4,6,2002,2,1,1,2,2,1,2,1,1,1,1,2,1,1,13,6,,,,,
3,53,1,6,2002,3,1,1,2,2,2,1,1,2,1,1,3,1,2,9,5,1,7,,1,2
3,53,3,6,2002,3,1,1,2,2,1,1,1,1,1,1,1,1,2,8,6,1,1,30,2,2
12,54,4,6,2002,3,1,1,2,2,1,1,1,1,1,3,3,1,2,8,6,1,1,,2,2
1,55,4,7,2002,3,1,1,2,2,1,1,1,1,1,1,1,1,2,7,6,1,7,,1,2
1,55,4,7,2002,2,7,8,2,2,2,1,1,1,1,1,1,1,2,9,6,1,7,38,2,2
1,55,3,7,2002,4,1,1,2,2,1,4,2,1,1,1,1,1,2,14,6,1,1,38,2,2
6,55,4,7,2002,2,7,1,1,2,1,1,1,1,1,1,4,1,2,11,6,1,1,,,2
7,56,1,7,2002,2,1,1,2,2,1,1,2,1,1,1,4,1,2,6,2,1,1,20,2,2
5,56,3,7,2002,1,1,1,2,2,1,1,2,1,1,1,4,1,2,9,1,1,4,38,,
5,56,4,7,2002,4,7,4,2,2,2,1,3,2,1,2,4,1,2,6,11,,,,,
3,56,4,7,2002,2,7,1,2,2,2,1,1,2,1,1,1,1,2,14,2,2,5,,,
1,54,4,7,2002,2,1,1,2,2,1,1,1,1,1,1,1,1,2,8,6,1,,,1,2
12,54,4,7,2002,2,1,1,2,2,2,1,1,2,1,3,3,1,2,8,6,1,1,27,2,2
3,54,4,7,2002,3,1,1,2,2,1,1,1,1,1,1,3,1,2,8,6,1,7,,1,2
13,54,4,7,2002,3,1,3,2,2,1,1,1,1,1,2,1,1,2,9,,,,,,
7,54,3,7,2002,3,1,1,2,2,1,1,1,1,1,1,3,1,2,12,6,,3,25,,
7,54,4,7,2002,2,1,1,2,2,1,1,1,1,1,1,3,1,2,8,6,1,1,34,2,2
9,54,4,6,2002,3,1,1,2,2,1,1,1,1,1,1,1,1,2,13,,1,6,,2,2
9,54,3,6,2002,3,1,1,2,2,2,1,1,2,1,1,1,1,2,14,6,1,1,32,2,2
1,55,4,8,2002,2,7,1,2,2,1,1,1,1,1,1,1,1,2,14,6,2,7,,1,
1,55,4,8,2002,2,3,8,2,2,1,1,1,1,1,1,1,1,1,9,6,1,7,42,2,2
1,55,4,8,2002,2,7,5,2,2,1,1,1,1,1,1,4,1,1,5,6,1,,,,
1,55,4,8,2002,2,7,1,2,2,1,1,1,1,1,1,5,1,1,10,6,1,,33,2,2
6,55,4,8,2002,2,7,1,2,2,1,1,1,1,1,2,1,1,2,9,6,1,,,1,2
3,55,4,8,2002,2,1,1,2,2,1,1,1,1,1,1,4,,,13,6,,,25,2,2
5,55,4,8,2002,4,7,1,2,2,1,2,1,1,1,1,4,1,2,1,6,,,28,2,2
1,53,4,8,2002,3,1,8,2,2,1,1,1,1,1,1,2,1,2,14,5,2,,,1,2
3,53,4,8,2002,4,1,1,2,2,1,2,1,1,1,1,2,1,1,8,1,,,,,
1,53,4,8,2002,3,1,1,2,2,1,1,1,1,1,1,2,1,2,4,6,,,,2,2
1,53,3,8,2002,2,7,1,2,2,1,1,1,1,1,1,1,1,2,10,6,1,1,30,2,2
1,54,2,8,2002,1,1,1,2,2,1,3,1,1,1,1,1,1,1,14,4,1,1,20,2,2
1,54,4,8,2002,2,1,1,2,2,1,1,1,1,1,1,3,1,2,9,6,2,6,,2,2
1,54,3,8,2002,3,1,1,2,2,1,1,2,1,1,2,5,1,1,13,6,1,1,35,2,2
8,54,4,8,2002,3,7,8,2,2,1,1,3,1,1,1,1,1,2,7,6,,,30,2,2
8,54,4,8,2002,4,7,1,2,2,1,4,2,1,1,1,1,1,2,14,6,1,7,25,2,2
9,54,4,8,2002,3,1,1,2,2,1,1,1,1,1,1,1,1,2,14,6,,,,1,2
4,54,4,8,2002,3,1,1,2,2,1,1,1,1,1,1,4,1,2,8,6,1,1,50,2,2
7,54,4,8,2002,3,1,1,2,2,1,1,1,1,1,1,3,1,2,8,6,1,1,27,2,2
12,54,4,8,2002,3,1,1,2,2,1,1,1,1,1,1,3,1,2,14,6,1,1,35,2,2
11,54,4,8,2002,4,1,1,2,2,1,4,1,1,1,1,3,1,2,6,6,2,7,18,1,2
7,56,4,8,2002,3,1,1,2,2,1,1,1,1,1,1,1,1,2,14,6,1,1,,1,2
5,56,3,8,2002,2,1,8,2,2,1,1,1,1,2,1,4,2,2,8,6,1,1,40,2,2
1,56,4,8,2002,4,7,8,2,2,2,3,1,2,1,1,2,3,1,19,6,,,,,
1,53,4,8,2002,4,1,1,2,2,1,4,1,1,1,1,3,1,2,8,11,1,7,,2,2
1,53,4,9,2002,4,7,1,2,2,1,2,1,1,1,1,1,1,2,10,6,,,,,
1,53,4,9,2002,3,7,1,2,2,1,2,1,1,1,1,1,1,2,9,6,,,,,
3,53,1,9,2002,4,1,1,2,2,1,4,1,1,1,1,2,1,2,14,6,2,,,1,2
9,54,4,10,2002,3,7,1,1,1,1,1,5,1,1,1,3,1,2,14,4,,,,,
9,54,3,9,2002,4,1,1,2,2,1,4,1,1,1,1,4,1,2,4,6,,,,2,2
9,54,4,9,2002,4,1,1,2,2,1,1,1,1,1,2,3,1,2,14,6,,,,2,2
7,54,4,10,2002,4,1,1,2,2,1,4,1,1,1,1,3,1,2,19,6,,,,,
1,54,4,9,2002,3,1,1,2,2,1,1,1,1,1,1,4,1,2,7,6,1,1,,2,2
12,54,1,9,2002,3,1,1,2,2,1,1,1,1,1,1,1,1,2,8,6,1,1,40,2,2
6,54,4,9,2002,2,1,1,2,2,1,1,1,1,1,1,3,1,2,8,6,1,1,34,1,2
3,56,4,9,2002,4,1,1,2,2,1,2,1,1,2,1,1,1,2,9,6,1,7,,1,2
7,56,4,9,2002,4,1,1,2,2,1,4,3,1,1,3,1,1,2,19,,,,,,
6,55,4,9,2002,3,7,2,2,2,1,2,5,1,1,1,1,1,2,9,6,1,1,32,2,2
2,55,3,9,2002,4,1,1,1,2,1,4,1,1,1,1,3,1,2,10,6,1,1,25,2,2
1,54,4,10,2002,2,2,4,2,2,1,1,1,1,1,1,5,1,1,7,6,,,,,
1,54,3,10,2002,3,1,1,2,2,1,1,3,1,3,2,4,2,2,5,6,1,7,,2,2
1,54,4,10,2002,2,1,3,2,2,1,1,1,1,1,1,2,1,1,8,11,1,,,,
12,54,4,10,2002,2,7,1,2,2,1,2,1,1,1,1,1,1,2,13,6,1,1,30,2,2
11,54,4,10,2002,3,3,1,2,2,1,1,2,1,1,1,3,1,2,9,1,1,1,35,2,2
3,54,4,10,2002,2,1,1,2,2,1,1,1,1,1,1,3,1,2,8,5,1,1,40,2,2
1,53,3,10,2002,4,7,3,2,2,1,3,1,1,1,1,5,1,1,19,11,1,7,30,2,2
1,53,4,10,2002,3,7,1,2,2,1,1,1,1,1,1,1,1,2,7,11,1,2,29,,
1,53,4,10,2002,3,7,1,2,2,1,1,1,1,1,1,2,1,2,10,6,,,,,
3,53,3,10,2002,2,1,1,2,2,1,1,1,1,1,1,3,1,2,7,6,1,,20,2,2
7,53,4,10,2002,3,1,1,2,2,1,1,1,1,1,1,3,1,2,9,6,1,7,,2,2
3,56,3,10,2002,4,1,8,2,2,1,2,1,1,1,1,4,1,2,13,11,,,22,,
4,56,4,10,2002,3,1,8,2,2,1,1,1,1,1,1,3,1,2,11,6,1,4,30,2,2
1,55,4,10,2002,3,1,1,2,2,1,1,1,1,1,1,3,1,2,9,6,1,7,25,2,2
4,55,4,10,2002,2,7,1,2,2,1,1,1,1,1,1,3,1,2,9,1,1,,,2,2
9,54,4,10,2002,4,7,1,2,2,1,4,1,1,1,1,3,1,2,14,6,,,,2,2
8,54,4,10,2002,2,7,1,2,2,1,1,1,1,1,1,3,1,2,13,6,1,7,30,2,2
4,54,4,10,2002,2,1,1,2,2,1,1,3,1,3,2,4,1,2,13,6,1,1,35,2,2
1,55,4,11,2002,4,1,1,2,2,1,4,1,1,1,1,1,1,2,8,,,,,,
7,56,4,11,2002,2,1,1,2,2,1,1,1,1,1,1,1,1,2,14,6,,,,,
7,56,3,11,2002,2,1,1,2,2,1,1,1,1,1,1,4,3,2,6,6,1,1,,2,2
1,54,1,11,2002,2,7,3,2,2,1,2,1,1,1,1,5,2,1,14,5,2,1,,2,2
4,54,3,11,2002,3,1,1,2,2,1,1,1,1,1,1,3,1,2,14,6,1,1,,2,2
1,53,3,12,2002,3,1,4,2,2,1,1,1,1,1,1,2,1,1,19,6,1,1,30,2,2
3,53,3,12,2002,1,1,1,2,2,1,1,1,1,1,1,3,1,2,6,6,,,,2,2
2,53,4,12,2002,2,7,8,2,2,1,2,1,1,1,1,4,1,2,4,6,,,,2,2
1,53,4,12,2002,2,3,1,2,2,4,2,1,1,1,1,3,1,2,9,11,1,,33,,
1,54,4,12,2002,3,1,1,2,2,1,2,2,1,1,1,1,1,2,13,7,2,3,45,,
1,54,3,12,2002,4,7,8,2,2,1,3,1,1,1,1,4,2,2,4,9,1,1,,,