Thana,District,Accident_Severity,Month,Year,Time,Junction_Type,Traffic_Control,Movement,Divider,Weather,Light,Road_Geometry,Surface_Condition,Surface_Type,Surface_Quality,Road_Class,Road_Feature,Location_Type,Vehicle_Type,Vehicle_Movement,Vehicle_Loading,Vehicle_Defect,Vehicle_Driver_Age,Vehicle_Alcohol,Vehicle_Seat_Belt
1,54,4,12,2002,4,7,1,2,2,1,2,1,1,1,1,4,2,2,13,6,1,1,39,2,2
8,54,4,12,2002,2,7,1,2,2,1,1,1,1,1,1,1,1,2,19,,,,,,
8,54,4,12,2002,2,7,8,2,2,1,1,1,1,3,2,4,1,2,19,11,,,,2,2
3,54,4,12,2002,3,7,8,2,2,1,1,1,1,3,1,4,1,2,13,8,1,1,,1,2
9,54,4,12,2002,3,1,1,2,2,1,1,2,1,1,1,1,1,1,14,2,1,1,,2,2
7,54,4,12,2002,3,1,1,2,2,1,1,1,1,1,1,3,1,2,4,6,1,1,,,
4,56,4,12,2002,3,7,1,2,2,1,1,1,1,1,1,3,1,2,19,6,1,7,,1,2
4,56,3,12,2002,3,1,1,2,2,1,1,1,1,1,1,4,1,2,13,6,,1,26,2,2
4,56,4,12,2002,2,7,1,2,2,4,1,1,2,1,1,4,4,2,14,11,1,1,35,2,2
4,56,4,12,2002,3,1,1,2,2,1,1,1,1,1,1,3,1,2,12,6,1,1,,2,2
3,56,4,12,2002,3,7,8,2,2,1,1,5,5,1,2,4,1,2,5,2,,,25,,
1,54,4,12,2002,4,1,1,2,2,1,2,1,1,1,1,1,1,2,6,6,,,,,
1,54,4,12,2002,1,1,1,2,2,1,1,1,1,1,1,1,2,2,8,6,1,1,28,1,2
1,54,4,12,2002,4,1,1,2,2,1,4,1,1,1,1,4,3,2,19,6,,,,2,2
1,55,1,12,2002,3,7,1,2,2,1,1,1,1,1,1,1,1,1,14,1,1,,,1,2
1,55,4,12,2002,3,7,8,2,2,1,1,,5,3,2,4,4,2,13,11,1,,,2,2
1,55,4,12,2002,2,1,1,2,2,1,,1,1,1,1,3,1,2,8,4,1,1,38,2,2
1,53,4,10,2002,4,1,1,1,2,1,4,1,1,1,1,1,1,2,19,6,,,,,
6,24,4,1,2002,2,1,1,2,2,1,2,1,1,1,1,4,1,2,9,6,1,1,,2,2
1,22,4,1,2002,3,1,1,2,2,1,1,1,1,1,1,4,1,2,4,6,1,1,25,2,2
1,19,4,1,2002,3,1,1,2,2,1,1,1,1,1,1,2,1,2,13,6,1,1,37,1,2
3,18,4,1,2002,2,1,1,2,2,4,2,1,1,1,1,3,1,2,9,6,1,1,39,2,2
2,18,4,1,2002,3,1,1,2,2,1,1,3,1,1,2,3,1,2,9,5,1,1,37,2,2
3,18,4,1,2002,3,7,1,2,2,1,2,1,1,1,1,4,1,2,14,6,1,1,38,2,2
7,18,4,1,2002,2,1,1,2,2,1,1,1,1,1,1,1,1,2,9,6,1,1,30,2,2
1,24,4,1,2002,3,1,1,2,2,1,1,1,1,1,1,2,1,2,14,6,1,1,,1,2
1,24,3,1,2002,2,4,3,2,1,1,1,1,1,1,1,1,5,2,4,6,1,1,,1,2
1,24,4,1,2002,,3,1,2,2,1,1,1,1,1,1,1,1,2,9,6,1,1,,1,2
1,24,4,1,2002,,3,1,2,2,1,1,1,1,1,1,1,1,2,9,6,1,1,,1,2
4,28,3,2,2002,2,1,1,2,2,1,1,1,1,1,1,1,1,1,5,11,1,7,,2,2
6,21,4,1,2002,2,1,8,2,2,1,1,1,1,1,1,1,1,2,8,6,1,1,35,1,2
5,21,4,1,2002,2,1,2,1,2,2,2,2,2,1,1,3,1,2,8,1,1,1,32,2,2
5,31,1,2,2002,2,1,1,2,2,1,1,1,1,1,1,3,1,2,9,6,1,1,,2,2
1,24,4,2,2002,2,1,1,2,2,1,1,1,1,1,1,1,1,2,9,6,1,1,,1,2
1,24,4,2,2002,4,1,1,2,2,1,3,1,1,1,1,1,1,2,14,6,1,1,,1,2
1,24,3,2,2002,4,1,1,2,2,1,4,1,1,1,1,1,1,2,9,6,1,1,45,1,2
2,24,4,2,2002,2,1,1,2,2,1,1,1,1,1,1,1,1,1,12,6,1,1,,2,2
2,24,4,2,2002,3,1,1,2,2,1,1,1,1,1,1,1,1,2,9,6,1,1,,1,2
4,18,3,2,2002,2,1,1,2,2,1,2,1,1,1,1,3,1,2,9,6,1,1,,1,2
2,18,4,2,2002,3,1,1,2,2,1,1,1,1,1,2,2,1,2,9,6,1,1,,2,2
3,18,4,2,2002,3,7,8,2,2,1,1,1,1,1,1,3,1,2,4,6,1,1,,1,2
6,30,1,2,2002,3,1,1,1,2,1,1,1,2,1,1,3,1,2,8,1,1,4,,1,2
6,29,3,1,2002,3,1,1,2,2,1,1,4,1,1,1,4,1,2,10,11,1,1,35,2,2
5,29,3,1,2002,1,7,8,1,2,1,2,2,1,1,1,4,1,2,9,2,1,1,28,2,2
3,29,4,1,2002,3,7,1,2,2,4,2,1,1,1,3,2,1,2,14,6,1,1,,1,2
1,27,4,2,2002,2,3,1,1,2,1,1,4,1,3,2,4,1,2,6,11,2,1,25,2,2
1,21,4,2,2002,3,1,3,1,2,1,1,1,1,1,1,5,1,1,9,5,1,7,,1,2
6,21,4,2,2002,1,1,1,2,2,1,2,1,1,1,1,1,1,2,14,11,1,7,40,2,2
6,21,4,2,2002,4,7,8,2,2,1,4,1,1,1,1,3,1,2,5,11,1,2,,2,2
2,21,4,2,2002,3,1,1,1,2,1,1,1,1,1,1,4,1,2,9,6,1,1,37,2,2
1,28,1,3,2002,1,3,1,2,2,1,3,1,1,1,1,5,1,1,14,1,1,1,30,2,2
2,28,4,3,2002,4,1,1,1,2,1,2,1,1,1,1,1,1,1,5,6,1,1,,2,2
4,28,4,3,2002,2,1,1,1,2,1,1,1,1,1,1,1,1,1,9,8,1,1,35,2,2
4,28,3,3,2002,3,1,1,1,2,1,2,1,5,3,3,1,1,1,9,6,1,1,,2,2
1,24,3,3,2002,4,1,1,1,2,1,3,1,1,1,1,1,1,2,9,4,1,7,,1,2
1,24,4,3,2002,4,1,1,2,2,1,2,1,1,1,1,1,1,2,14,6,1,1,,1,2
1,24,3,3,2002,1,1,1,2,1,4,1,1,1,1,1,1,1,2,17,6,1,1,,1,2
8,24,4,3,2002,4,1,1,2,2,1,4,1,1,1,1,1,1,1,14,6,1,1,,1,2
9,24,4,3,2002,4,1,8,2,2,1,1,1,1,1,1,1,1,1,14,10,1,1,,1,2
7,30,2,3,2002,3,7,1,2,2,1,1,3,1,1,1,1,1,2,9,6,1,3,37,1,2
7,30,3,3,2002,2,7,1,2,2,1,1,1,1,1,1,3,1,2,8,6,1,1,29,1,2
4,22,4,3,2002,2,1,8,2,2,1,1,1,1,1,1,1,1,2,14,6,1,1,,1,2
1,27,4,2,2002,2,3,1,1,2,1,1,4,1,3,2,4,1,2,6,11,2,1,25,2,2
3,27,4,1,2002,2,1,1,1,1,1,1,1,1,1,1,4,1,2,6,6,2,7,,2,2
4,31,4,3,2002,4,7,8,2,2,1,2,1,1,2,1,4,1,2,6,6,1,1,,2,2
1,18,3,3,2002,,1,1,2,2,1,1,1,1,1,1,1,1,2,14,6,1,1,32,1,2
1,18,4,3,2002,3,1,1,1,2,1,1,1,1,1,1,1,3,1,14,6,2,1,,1,2
1,18,4,3,2002,1,1,1,2,1,1,2,1,1,1,1,1,1,1,14,6,1,1,,1,2
5,18,3,2,2002,3,1,1,2,2,1,1,1,1,1,1,2,1,2,9,6,1,1,,1,2
3,18,4,3,2002,4,7,8,1,2,1,1,1,1,1,1,3,1,2,9,6,1,1,,1,2
3,22,4,4,2002,3,1,1,2,2,1,1,1,1,1,1,1,1,2,19,6,1,1,,1,2
1,32,3,3,2002,4,1,1,1,2,1,1,1,1,1,3,1,2,1,8,6,1,1,,1,2
3,32,3,3,2002,3,1,8,2,2,1,1,1,1,1,1,2,1,2,13,6,1,1,,1,2
3,32,4,3,2002,4,7,1,1,2,1,4,1,1,1,1,1,1,2,6,6,1,1,,2,2
6,24,4,3,2002,3,4,1,2,2,1,1,1,1,1,1,2,1,2,16,11,1,1,,2,2
1,30,4,4,2002,3,1,1,2,2,1,1,3,1,1,1,1,1,2,2,6,1,1,,1,2
1,24,4,4,2002,3,7,1,2,2,1,1,1,1,1,1,1,1,2,9,6,1,1,,2,2
1,24,4,4,2002,2,1,1,2,2,1,1,1,1,1,1,1,1,2,14,6,1,1,45,1,2
1,24,4,4,2002,4,1,1,2,2,1,2,3,1,1,1,1,2,1,8,6,1,1,,1,2
1,24,3,4,2002,2,7,1,2,2,1,1,2,1,1,1,1,1,1,7,6,1,1,,2,2
5,24,4,4,2002,3,7,1,2,2,1,1,1,1,1,1,1,1,2,9,6,1,1,,2,2
2,24,4,4,2002,4,1,1,2,2,1,1,1,1,2,3,4,4,2,14,11,1,4,,1,2
5,25,4,4,2002,2,1,1,2,2,1,1,1,1,1,1,4,1,2,9,6,1,1,,1,2
6,25,4,4,2002,4,2,2,1,2,1,2,1,1,1,1,3,1,2,10,6,1,1,,1,2
1,25,4,4,2002,2,7,1,2,2,1,1,1,1,1,1,3,1,2,9,6,1,1,,1,2
1,21,4,4,2002,3,1,1,1,2,1,1,1,1,1,1,1,1,2,9,6,1,1,,1,2
1,21,4,4,2002,3,1,1,1,2,1,1,1,1,1,1,2,1,2,8,6,1,1,,1,2
1,21,4,4,2002,1,1,1,2,1,1,1,1,1,1,1,1,1,2,10,11,1,7,25,2,2
2,21,3,4,2002,2,1,8,1,2,1,1,1,1,1,1,4,1,2,9,11,1,1,35,2,2
4,21,4,4,2002,3,2,1,1,2,1,1,1,1,1,1,3,1,1,9,6,1,1,,1,2
5,21,4,4,2002,2,3,1,2,1,1,1,1,1,1,1,3,1,2,9,6,1,1,38,1,2
2,27,4,4,2002,3,1,8,2,2,1,1,1,1,1,1,2,1,2,7,6,1,1,,1,2
5,27,4,5,2002,2,1,1,1,2,1,1,1,1,1,1,4,1,2,9,6,1,1,,2,2
5,28,4,5,2002,2,2,1,2,1,1,1,1,1,1,1,5,1,1,8,6,1,1,,1,2
1,28,3,5,2002,3,7,1,2,2,1,1,1,1,1,1,5,1,1,14,6,1,1,,1,2
2,28,3,5,2002,2,2,4,2,1,1,1,1,1,1,1,5,1,1,12,7,1,1,,2,2
2,21,3,5,2002,4,1,1,2,1,1,1,1,1,1,1,5,1,1,7,6,1,1,,2,2
7,24,4,2,2002,4,1,1,1,2,1,2,1,1,2,1,4,1,2,4,6,1,1,,1,2
5,24,4,5,2002,3,1,1,1,2,1,2,1,1,1,1,1,1,2,12,4,1,1,,2,2
1,24,4,5,2002,4,1,1,1,2,1,1,1,1,1,1,1,1,1,9,6,1,1,,2,2
8,26,4,4,2002,2,1,1,2,2,1,1,1,1,1,1,1,1,2,13,5,1,1,,2,2
1,21,4,3,2002,3,1,1,2,2,1,1,1,1,1,1,1,1,2,9,11,2,7,,1,2
1,21,1,3,2002,3,2,1,2,2,1,1,1,1,1,1,3,1,1,6,6,1,1,,2,2
1,21,4,3,2002,3,1,1,1,2,1,1,1,1,1,1,1,1,2,9,6,1,7,,2,2
1,21,4,3,2002,4,1,1,1,2,1,1,1,1,1,1,1,1,2,7,5,1,7,,1,2
1,21,4,3,2002,2,1,4,1,2,1,1,1,1,1,1,1,1,2,14,6,1,7,,1,2
1,21,4,3,2002,4,1,2,2,2,1,3,1,1,1,1,2,1,1,14,2,1,1,28,2,2
1,21,4,3,2002,3,3,1,2,2,1,1,1,1,1,1,1,1,2,9,6,1,1,,1,2
6,21,4,3,2002,2,1,1,2,2,1,1,1,1,1,1,1,1,2,14,6,2,1,,1,2
5,21,4,3,2002,3,1,1,1,2,1,1,1,1,1,1,4,1,2,9,6,1,1,,2,2
2,28,3,5,2002,4,1,1,2,2,1,1,1,1,1,1,1,1,1,7,6,1,1,,2,2
1,21,4,5,2002,1,1,4,2,2,1,1,3,1,1,1,2,1,1,12,6,1,1,,2,2
5,21,4,5,2002,3,1,1,2,2,1,1,1,1,1,1,4,4,2,14,6,1,1,33,2,2
5,21,4,5,2002,3,1,1,2,2,1,1,1,1,1,1,3,1,2,14,6,1,1,,2,2
5,18,4,5,2002,3,1,1,2,2,1,1,1,1,1,1,3,1,2,9,6,1,1,,1,2
4,18,4,5,2002,3,1,1,2,2,1,1,1,1,1,1,2,1,2,9,6,1,1,,1,2
3,18,4,5,2002,3,1,1,2,2,1,1,3,1,1,1,3,1,2,9,6,1,1,,2,2
3,28,3,6,2002,4,1,1,1,2,1,2,1,1,1,1,5,1,1,9,11,1,7,,2,2
2,28,3,6,2002,3,1,1,1,2,1,1,1,1,1,1,1,1,1,13,11,1,1,,2,2
2,28,4,6,2002,2,1,1,1,2,1,1,1,1,1,1,1,1,1,9,6,1,1,,2,2
1,22,4,6,2002,2,1,1,2,2,1,1,1,1,1,1,1,1,2,14,6,1,1,,1,2
3,22,4,6,2002,2,1,1,2,2,1,1,1,1,1,1,1,1,2,14,6,1,1,40,2,1
1,24,4,6,2002,2,1,1,2,2,1,1,1,1,1,1,1,1,2,13,11,1,1,,1,2
1,24,4,6,2002,4,2,1,2,2,1,2,1,1,1,1,1,1,2,14,6,1,1,30,2,2
1,24,4,6,2002,3,1,1,2,2,1,1,1,1,1,1,1,1,1,9,11,1,1,,1,2
9,24,4,6,2002,4,3,6,2,2,1,2,2,1,1,1,5,1,1,14,8,1,1,,1,2
2,24,4,6,2002,3,1,1,1,2,1,1,1,1,1,1,1,1,1,14,6,1,1,,2,2
1,20,4,1,2002,3,1,1,1,2,1,1,1,1,1,1,2,1,2,5,6,1,6,,2,2
1,20,4,1,2002,2,1,1,2,2,1,1,1,1,1,1,2,1,1,12,6,1,1,,2,2
1,20,4,1,2002,2,1,1,2,2,1,1,1,1,1,1,2,1,2,10,6,1,1,,2,2
1,20,4,6,2002,3,1,1,2,2,2,1,1,2,1,1,2,1,2,14,6,1,1,,2,2
2,20,4,6,2002,3,1,1,2,2,1,1,1,1,1,1,3,1,2,19,6,2,7,25,2,2
1,20,4,6,2002,2,1,1,2,2,1,1,1,1,1,2,4,1,2,14,6,1,1,36,1,2
1,24,4,7,2002,3,1,1,2,2,1,1,1,1,1,1,5,1,2,14,6,1,1,,1,1
1,24,4,7,2002,3,1,1,2,2,1,1,1,1,1,1,1,1,2,14,6,1,1,40,1,2
1,24,3,7,2002,1,1,1,2,2,1,3,1,1,1,2,1,1,2,9,6,1,1,,2,2
1,24,4,7,2002,4,3,1,2,2,1,3,1,1,1,1,4,1,2,13,1,1,1,,2,2
5,24,3,7,2002,4,1,3,2,2,2,1,1,1,1,1,1,1,2,9,6,1,1,,2,2
1,25,4,5,2002,2,2,1,2,2,1,1,1,1,1,1,3,1,2,9,6,1,7,,2,2
1,25,4,5,2002,3,1,1,2,2,1,1,1,1,1,1,2,1,2,9,6,1,1,,1,2
1,25,4,5,2002,4,1,1,2,2,1,1,1,1,1,1,3,1,2,9,6,1,1,,2,2
4,22,4,7,2002,2,1,1,2,1,1,1,1,1,1,1,1,1,2,14,2,1,7,,1,2
1,30,4,6,2002,3,1,1,2,2,1,1,1,1,1,1,4,1,2,6,6,2,1,28,2,2
3,18,4,7,2002,2,7,8,2,2,1,1,1,2,1,1,3,1,2,9,6,1,7,,2,2
3,18,4,7,2002,,7,8,1,1,1,1,1,1,1,1,3,1,1,19,11,1,1,,2,2
7,18,4,7,2002,2,1,3,1,2,1,2,1,1,1,1,4,1,2,19,6,2,1,30,2,2
2,28,4,8,2002,3,2,4,2,2,1,1,1,1,1,1,5,1,1,13,11,1,1,,2,2
2,28,3,8,2002,3,1,1,2,1,1,1,1,1,1,1,5,1,1,9,11,1,1,40,2,2
5,28,3,8,2002,4,7,4,2,1,1,3,1,1,1,1,1,1,1,5,6,1,1,22,2,2
2,27,1,8,2002,3,1,8,2,2,1,1,1,1,1,1,2,1,2,9,11,1,1,,1,2
2,27,4,8,2002,2,1,8,2,2,1,1,1,1,1,1,4,1,2,12,11,1,1,,2,2
1,30,4,7,2002,3,1,1,2,2,1,3,1,1,1,1,2,1,1,9,6,1,1,,2,2
1,30,3,7,2002,3,3,1,2,2,1,1,1,1,1,1,2,1,2,14,6,1,1,32,2,2
1,30,4,7,2002,2,1,1,2,2,1,1,1,1,1,1,1,1,2,7,6,1,1,,1,2
1,24,4,2,2002,3,1,1,2,2,1,1,1,1,1,1,1,1,2,9,6,1,1,38,1,2
9,24,4,3,2002,3,3,1,2,2,1,1,2,1,1,1,1,1,2,16,2,2,1,,1,2
1,21,4,3,2002,4,1,1,1,2,1,1,1,1,1,1,1,1,2,7,5,1,7,,1,2
1,18,4,5,2002,1,7,1,1,2,1,2,1,1,1,1,2,1,2,17,8,1,1,,2,2
1,21,3,2,2002,3,1,2,2,2,1,1,1,1,1,1,5,1,1,7,6,1,7,,2,2
2,27,4,1,2002,2,1,1,2,2,1,1,1,1,1,1,3,1,2,9,6,1,1,,2,2
1,21,4,7,2002,2,1,3,2,2,1,1,1,1,1,1,2,1,2,9,2,1,1,39,2,2
1,21,4,7,2002,3,1,1,1,2,1,1,1,1,1,1,5,1,1,14,11,1,7,32,2,2
6,21,4,6,2002,3,1,1,2,2,1,1,1,1,1,1,1,1,2,4,6,1,1,38,2,2
6,21,4,7,2002,3,2,1,2,2,1,1,1,1,1,1,1,1,2,8,6,1,1,,1,2
6,21,4,7,2002,2,1,1,2,2,1,1,1,1,1,1,1,1,2,9,6,1,1,35,1,2
2,21,3,7,2002,3,1,1,1,2,1,1,2,2,1,1,3,1,2,6,6,2,7,,2,2
1,21,3,6,2002,2,1,1,1,2,1,1,1,1,1,1,1,1,2,14,6,1,1,,2,2
1,21,3,6,2002,4,1,5,1,1,1,4,2,1,1,1,1,1,2,9,6,1,1,32,1,2
1,21,4,6,2002,1,1,4,2,1,1,1,1,1,1,1,1,1,2,9,5,1,1,23,1,2
6,21,4,6,2002,3,2,1,2,2,2,1,1,2,1,1,1,1,2,9,6,2,1,,1,2
6,21,1,8,2002,3,7,1,1,2,1,1,1,1,1,1,4,1,2,9,6,2,1,35,2,2
6,21,4,8,2002,3,1,3,2,2,1,1,1,1,1,1,1,1,2,14,6,1,1,,1,2
6,21,4,8,2002,4,7,1,1,2,1,1,1,1,1,1,1,1,1,4,6,2,1,25,2,2
3,21,4,8,2002,3,1,1,2,2,1,1,1,1,1,1,1,1,2,14,6,1,3,,1,2
2,28,4,9,2002,3,7,1,2,1,1,1,1,1,1,1,1,1,1,14,7,1,1,40,2,2
5,28,3,9,2002,,1,1,1,2,1,1,1,1,1,1,1,1,1,9,5,1,1,45,2,2
2,19,4,9,2002,2,1,8,2,2,1,1,1,1,1,1,2,1,2,14,6,1,1,,1,2
1,28,4,9,2002,1,7,8,2,2,1,2,1,1,1,1,5,1,1,14,6,1,1,40,2,2
1,24,4,9,2002,2,1,1,2,2,1,1,1,1,1,1,1,1,2,14,6,1,1,,1,2
8,28,4,9,2002,2,7,1,2,2,2,1,1,2,1,1,3,3,2,1,6,1,1,,1,2
5,29,4,3,2002,3,7,8,2,2,1,1,3,5,1,2,3,2,2,8,11,1,1,35,2,2
8,29,4,3,2002,1,1,1,2,1,1,1,1,1,1,1,1,1,2,14,2,1,1,,1,1
8,29,4,5,2002,3,5,1,2,2,2,2,2,2,1,1,4,1,2,9,6,1,1,35,2,2
6,29,4,3,2002,4,1,1,2,2,1,2,2,1,2,1,4,1,2,6,3,1,7,,2,2
7,29,4,8,2002,2,1,1,2,2,1,1,1,1,1,1,2,1,2,8,6,1,1,,2,2
1,21,4,9,2002,3,1,1,1,2,1,1,1,1,1,1,1,1,2,9,6,1,1,,2,2
1,21,4,9,2002,1,1,2,2,2,1,2,1,1,1,1,1,5,1,14,5,1,1,30,1,2
1,21,4,9,2002,2,1,1,2,2,1,1,1,1,1,1,3,1,2,4,6,1,1,,1,2
1,21,4,9,2002,2,1,1,1,1,1,1,1,1,1,1,1,1,2,14,4,1,1,,2,2
6,21,4,9,2002,4,1,1,2,2,1,2,1,1,1,1,1,1,2,14,6,1,1,33,2,2
6,21,4,9,2002,2,2,1,2,2,1,1,1,1,1,1,1,1,2,14,6,2,1,,1,2
6,21,4,9,2002,3,1,1,2,2,1,1,1,1,1,1,1,1,2,9,6,1,1,,2,2
2,21,4,9,2002,2,4,1,2,2,1,1,2,1,1,1,4,1,2,19,2,1,1,20,2,2
5,21,4,9,2002,3,1,1,2,2,1,1,1,1,1,1,3,1,2,9,6,1,1,,1,2
5,21,1,9,2002,2,1,1,2,2,1,1,1,1,1,1,4,1,1,14,6,1,1,,2,2
3,19,4,10,2002,3,1,1,2,2,1,1,1,1,1,1,4,1,2,14,1,1,3,38,2,2
2,28,4,10,2002,3,7,1,1,2,1,1,1,1,1,1,1,1,1,9,1,1,1,,2,2
5,27,3,10,2002,3,1,1,1,2,1,1,1,1,1,1,3,1,2,9,6,1,1,,1,2
2,27,4,10,2002,2,1,8,1,2,1,1,1,1,1,1,3,1,2,8,4,1,1,30,1,2
1,27,4,10,2002,3,1,1,1,2,1,1,1,1,2,3,4,1,2,9,6,1,3,,1,2
4,22,4,10,2002,2,1,8,2,2,1,1,1,1,1,1,1,1,2,14,6,1,1,,2,2
4,31,4,9,2002,3,1,1,2,2,1,4,1,1,1,1,3,1,2,12,6,1,1,,2,2
5,31,3,9,2002,3,1,8,2,2,1,1,1,1,2,3,4,1,2,6,6,1,3,18,1,2
5,31,4,9,2002,3,1,8,2,2,1,1,1,1,2,3,4,1,2,6,6,1,1,28,1,2
5,31,3,6,2002,3,1,2,1,2,1,1,1,1,2,1,3,1,2,6,6,1,1,28,1,2
6,21,4,11,2002,4,1,1,2,2,1,4,1,1,1,1,3,1,2,12,6,2,6,,1,2
6,27,4,11,2002,2,1,1,1,2,1,1,3,1,3,2,4,1,2,8,6,1,6,30,2,2
3,18,4,10,2002,3,7,1,1,2,1,1,1,1,1,1,3,1,2,8,11,1,7,,2,2
5,24,4,11,2002,2,1,7,1,2,1,1,1,5,1,1,1,1,2,13,6,1,1,,1,2
2,28,4,11,2002,3,2,1,2,1,1,1,1,1,1,1,1,1,1,13,9,1,1,35,2,2
4,28,4,11,2002,4,1,1,2,2,1,2,1,1,1,1,1,1,2,14,6,1,7,,2,2
4,28,4,11,2002,2,1,1,2,2,1,1,1,1,1,1,1,1,1,8,6,1,1,,2,2
1,24,4,11,2002,3,1,1,2,2,1,1,1,1,1,1,1,1,2,9,6,1,1,,1,2
1,24,4,11,2002,3,1,1,1,2,1,1,1,1,1,1,1,5,2,1,4,1,1,,1,2
9,24,2,11,2002,4,7,1,1,2,1,4,1,1,1,3,1,2,2,14,11,1,7,32,2,2
7,24,4,11,2002,3,7,1,1,2,1,1,1,1,3,1,4,1,2,7,8,1,1,,2,2
4,24,4,11,2002,2,3,8,2,2,1,1,2,3,1,2,3,1,2,14,1,1,7,1,2,2
1,21,4,10,2002,2,1,1,2,1,1,1,1,1,1,1,1,1,2,8,6,1,1,,2,2
1,21,4,10,2002,2,1,1,2,2,1,2,1,1,1,1,4,1,2,17,6,1,1,40,2,2
1,21,1,10,2002,4,7,1,2,2,1,2,2,1,1,1,1,1,1,9,1,1,1,30,2,2
3,21,4,10,2002,1,1,1,2,2,1,2,1,1,1,1,1,1,1,14,6,1,1,,1,2
1,24,4,10,2002,3,1,1,1,2,1,1,1,1,1,1,2,1,2,9,1,1,1,45,1,2
1,24,4,10,2002,2,1,1,2,2,1,1,1,1,1,1,1,1,2,14,3,1,1,,1,2
7,24,4,10,2002,3,1,1,1,2,1,1,1,1,1,1,4,1,2,9,6,1,1,,2,2
5,18,4,11,2002,4,1,1,2,2,1,1,1,1,2,1,2,1,2,19,6,1,1,,2,2
1,18,3,12,2002,3,7,8,2,2,1,1,1,1,1,1,3,1,2,17,6,1,1,,1,2
2,18,4,12,2002,2,1,1,2,2,1,1,2,1,1,2,1,1,2,8,6,1,1,,2,2
2,31,4,7,2002,3,1,1,1,2,1,1,1,1,1,1,3,1,2,8,6,1,7,30,2,2
1,31,4,10,2002,2,7,1,2,2,1,1,1,1,1,1,3,1,1,9,6,1,1,38,2,2
7,31,4,6,2002,1,1,1,2,2,1,4,2,2,1,1,3,1,2,12,11,1,1,35,2,2
2,18,4,9,2002,1,1,1,2,2,1,4,1,1,1,2,1,1,2,14,5,1,1,32,2,2
1,28,4,12,2002,2,3,4,2,2,1,1,2,1,1,1,1,1,1,5,1,1,3,27,2,2
1,30,4,11,2002,2,1,1,2,2,1,1,1,1,1,1,3,1,2,6,6,1,1,,1,2
2,30,4,9,2002,4,1,1,2,2,1,4,1,1,2,3,4,1,2,6,6,2,7,20,1,2
1,22,4,12,2002,3,7,1,2,2,1,1,1,1,1,1,1,1,1,9,5,1,1,40,2,2
1,18,4,8,2002,3,7,8,2,2,1,1,1,1,1,1,1,1,1,9,6,1,1,,2,2
5,18,4,8,2002,3,1,1,2,2,1,1,1,1,1,1,2,1,2,19,6,1,1,,2,2
4,18,3,8,2002,4,1,1,2,2,1,4,1,1,1,1,2,1,1,7,6,1,1,,2,2
1,24,4,12,2002,3,1,1,2,2,1,1,1,1,1,1,1,1,2,9,6,1,1,,2,2
1,24,3,12,2002,2,1,1,2,2,1,1,1,1,1,1,1,1,2,12,6,1,1,22,2,2
1,24,4,5,2002,4,1,1,2,2,1,2,1,1,1,1,1,1,2,14,6,1,1,,1,2
5,24,3,12,2002,3,1,1,2,2,1,1,1,1,1,1,1,1,2,10,6,1,1,,1,2
4,24,4,12,2002,3,3,1,2,2,1,1,3,5,1,2,5,1,2,6,11,1,1,,2,2
4,24,4,12,2002,2,2,1,2,2,1,1,1,5,1,2,5,2,2,9,11,2,7,,1,2
7,24,4,12,2002,4,1,1,2,2,1,3,1,1,1,1,2,1,2,14,6,1,1,,2,2
3,28,4,12,2002,1,4,3,2,1,1,1,1,1,1,1,1,1,1,5,4,1,1,40,2,2
2,28,3,12,2002,3,7,1,2,1,1,1,1,1,1,1,1,1,1,9,1,1,1,,2,2
4,28,3,11,2002,3,1,1,1,2,1,1,1,1,1,1,1,1,1,4,6,1,7,28,2,2
1,25,3,1,2002,3,1,1,2,2,1,1,1,1,1,2,3,1,2,9,6,1,1,,1,2
1,25,4,3,2002,4,1,1,2,2,1,1,1,1,1,1,4,1,2,19,6,1,1,,2,2
1,25,3,5,2002,4,1,1,2,2,1,1,1,1,1,1,4,1,2,12,6,1,1,,1,2
7,25,3,8,2002,2,1,1,2,2,1,1,2,1,1,1,3,1,2,8,1,1,1,40,2,2
1,25,4,11,2002,2,1,1,2,2,1,1,1,1,1,1,3,1,2,13,6,1,1,,2,2
4,25,4,11,2002,4,1,8,1,2,1,4,1,1,3,2,4,4,2,14,6,1,1,,2,2
4,25,4,3,2002,3,7,8,1,2,1,4,2,1,2,2,4,4,2,14,6,1,1,,2,2
4,25,4,3,2002,2,2,8,2,2,1,2,1,1,1,1,3,1,2,9,6,2,1,,1,2
4,25,4,7,2002,3,7,8,2,2,1,1,1,1,1,1,3,1,2,9,6,2,1,,1,2
4,25,4,9,2002,2,1,8,1,2,1,1,1,1,1,1,4,2,2,14,6,2,1,,1,2
2,32,4,9,2002,4,3,1,2,2,1,4,1,1,1,1,3,1,2,6,1,2,1,31,2,2
2,32,4,9,2002,2,3,1,1,2,1,2,1,1,1,1,4,1,2,9,6,1,1,29,2,2
7,29,4,11,2002,3,1,1,2,2,1,1,1,1,1,1,2,1,2,9,6,1,1,,1,2
6,29,4,11,2002,3,2,1,2,2,1,1,2,1,1,1,1,1,2,9,1,1,1,,2,2
3,29,4,8,2002,3,1,1,1,2,1,1,1,1,1,1,3,1,2,8,6,1,1,,2,2
6,29,1,11,2002,3,1,8,1,2,1,1,1,1,1,1,1,1,1,9,6,1,7,,2,2
3,29,4,9,2002,2,1,1,2,2,1,1,1,1,1,1,1,1,2,9,6,1,1,,2,2