Thana,District,Accident_Severity,Month,Year,Time,Junction_Type,Traffic_Control,Movement,Divider,Weather,Light,Road_Geometry,Surface_Condition,Surface_Type,Surface_Quality,Road_Class,Road_Feature,Location_Type,Vehicle_Type,Vehicle_Movement,Vehicle_Loading,Vehicle_Defect,Vehicle_Driver_Age,Vehicle_Alcohol,Vehicle_Seat_Belt
8,29,1,10,2002,3,1,1,2,2,1,1,1,1,1,1,1,1,2,14,6,1,1,46,2,2
8,29,4,8,2002,1,1,1,2,2,1,2,1,1,1,1,1,1,2,9,6,1,1,34,2,2
8,29,4,8,2002,2,1,8,2,2,1,2,1,2,1,1,1,1,2,14,2,1,1,32,2,2
8,29,4,9,2002,3,1,8,2,2,2,1,1,2,1,1,1,1,2,14,11,1,1,,2,2
1,29,3,3,2002,3,1,1,2,2,1,1,1,1,1,1,2,1,1,9,11,2,1,,1,2
1,29,4,4,2002,3,1,1,2,2,1,1,1,1,1,1,2,1,2,8,6,2,1,,1,2
1,29,3,6,2002,1,1,8,2,2,1,2,1,1,1,1,1,1,2,13,6,1,3,25,1,2
1,29,4,7,2002,2,1,1,2,2,1,1,1,1,1,1,2,1,2,8,5,1,3,,2,2
1,34,4,3,2002,3,1,1,2,2,1,1,1,1,1,1,1,1,2,6,6,1,1,,2,2
1,34,4,3,2002,2,1,1,2,2,1,1,1,1,1,1,4,1,2,8,6,1,1,28,2,2
1,34,4,4,2002,3,1,1,2,2,1,1,1,1,1,1,1,1,2,14,6,1,1,,2,2
1,34,4,5,2002,3,1,1,2,2,1,1,1,1,1,1,1,1,2,14,6,1,1,35,2,2
1,34,4,6,2002,3,1,1,2,2,1,1,1,2,1,2,5,1,1,14,6,1,1,35,2,2
1,34,4,6,2002,2,1,1,2,2,1,2,1,1,1,1,5,1,1,14,11,1,1,35,2,2
1,34,4,7,2002,2,1,1,2,2,1,1,1,1,1,1,1,1,1,9,6,1,1,,2,2
1,34,3,10,2002,4,7,8,2,2,1,1,1,1,1,1,1,1,2,8,11,1,7,40,1,2
1,34,4,10,2002,2,3,1,2,2,1,1,1,1,1,1,5,1,1,7,6,1,7,25,2,2
6,34,4,3,2002,2,1,1,2,2,1,1,1,1,1,1,1,1,2,9,6,1,1,,1,2
6,34,3,9,2002,3,1,1,2,2,1,4,1,1,1,1,1,1,2,9,6,1,1,40,1,2
6,34,3,12,2002,3,1,1,2,2,1,1,1,1,1,1,1,1,2,10,6,1,1,30,2,2
6,34,4,12,2002,2,1,1,2,2,1,1,1,1,1,1,1,1,2,9,6,1,1,40,2,2
6,34,4,12,2002,2,1,3,2,2,1,1,1,1,1,1,1,1,2,9,6,1,1,,2,2
10,34,4,5,2002,2,1,1,2,2,1,1,1,1,1,1,4,1,2,7,5,1,1,,2,2
3,34,4,4,2002,1,1,7,2,1,1,1,1,1,1,1,1,1,2,9,5,1,1,32,2,2
3,34,3,4,2002,2,1,1,1,2,1,1,1,1,1,1,3,1,2,9,6,1,1,28,2,2
3,34,4,5,2002,2,1,1,1,2,1,1,1,1,1,1,3,1,2,9,6,1,1,30,2,2
3,34,4,8,2002,3,1,1,1,2,1,1,1,1,1,1,3,1,2,15,5,1,1,38,2,2
2,30,4,11,2002,2,1,1,2,2,1,1,1,1,1,1,3,1,1,8,6,1,1,,2,2
7,30,1,12,2002,2,1,3,2,2,1,1,1,1,1,1,3,1,2,7,6,1,1,25,2,2
7,30,4,12,2002,3,1,1,2,2,1,1,1,1,1,1,3,1,2,6,6,2,6,25,2,2
5,30,3,12,2002,2,1,1,1,2,1,1,1,1,1,1,3,1,1,9,1,1,1,,2,2
3,30,4,12,2002,3,7,8,2,2,1,1,1,1,2,2,4,4,2,6,6,1,1,,2,2
1,21,4,12,2002,1,1,1,1,1,1,2,1,1,1,1,1,1,2,9,10,1,4,,1,2
1,21,4,11,2002,3,7,1,1,2,1,1,1,1,1,1,1,2,1,19,6,1,1,,1,2
1,21,4,12,2002,3,2,1,2,2,1,1,1,1,1,1,1,1,2,9,6,1,1,,2,2
2,21,4,12,2002,3,7,8,1,2,1,1,2,1,1,1,4,1,2,7,6,1,1,,2,2
3,21,4,12,2002,3,1,1,2,2,1,2,1,1,1,1,1,1,1,9,6,1,1,,1,2
3,21,4,12,2002,2,1,1,1,2,1,1,1,1,1,1,1,1,2,9,6,1,7,45,2,2
3,21,4,12,2002,3,1,1,2,1,2,1,1,1,1,1,1,1,2,14,6,1,7,,2,2
4,21,4,12,2002,3,4,1,2,2,1,1,1,1,1,1,3,1,1,9,5,1,1,,2,2
5,21,3,12,2002,2,3,1,1,2,1,1,5,1,1,1,3,1,1,4,6,1,1,20,2,2
5,33,4,1,2002,2,1,1,2,2,1,1,1,1,2,2,4,1,2,6,11,1,1,,2,2
1,33,4,1,2002,3,1,1,2,2,1,1,1,1,1,1,3,1,2,9,6,1,3,,2,2
2,33,4,2,2002,2,7,8,2,2,1,1,1,1,1,1,3,1,2,9,6,1,7,,2,2
2,33,4,2,2002,2,1,1,1,2,1,1,1,1,1,1,4,1,2,9,6,1,7,37,2,2
3,33,4,4,2002,2,3,1,2,2,1,1,1,1,1,1,2,1,2,9,6,1,1,30,2,2
3,33,4,5,2002,3,7,1,2,2,1,1,1,1,1,1,3,1,2,9,6,1,6,,2,2
2,33,4,5,2002,2,1,1,1,2,1,1,1,1,1,1,4,1,2,9,6,1,7,42,2,2
4,33,3,6,2002,3,1,1,2,2,1,1,1,1,1,1,3,1,2,9,4,1,1,,2,2
5,33,4,8,2002,2,1,8,1,1,1,1,1,1,1,1,3,1,2,9,6,1,1,34,2,2
5,33,4,8,2002,3,3,1,1,2,1,1,3,2,3,2,4,1,2,17,6,1,1,22,2,2
1,33,4,8,2002,3,1,1,2,2,1,1,1,1,1,1,3,1,2,5,6,1,1,,1,2
4,33,1,8,2002,2,1,8,1,2,1,1,1,1,1,1,4,1,2,9,6,1,1,45,2,2
3,33,4,8,2002,4,1,1,2,2,1,4,1,1,1,1,4,1,2,6,6,2,7,,2,2
4,33,4,10,2002,4,1,1,1,2,1,4,1,1,1,2,3,1,2,5,6,1,1,,2,2
4,8,4,1,2002,4,1,1,2,2,1,2,1,1,1,1,1,1,1,14,6,1,1,,2,2
7,13,4,1,2002,3,1,1,2,2,1,1,1,1,1,1,3,1,2,14,6,1,1,25,1,2
5,13,4,1,2002,2,4,1,2,2,1,1,2,1,1,1,2,1,2,12,6,1,1,32,2,2
5,13,4,1,2002,3,3,1,2,2,1,1,1,1,1,1,2,1,2,14,6,1,7,,1,2
5,13,4,1,2002,3,1,1,2,2,1,2,1,1,1,1,2,1,2,14,11,1,1,,2,2
5,13,4,1,2002,4,1,1,2,2,1,4,1,1,1,1,3,1,2,14,6,1,1,,1,2
5,13,4,1,2002,2,1,1,2,2,1,1,1,1,1,1,2,1,2,9,6,1,1,,2,2
6,4,3,1,2002,3,1,1,2,2,1,1,1,1,1,1,2,1,2,8,6,1,1,,2,2
4,4,4,1,2002,1,1,1,2,2,4,2,1,1,1,1,3,1,2,9,6,1,1,,2,2
8,5,3,1,2002,3,1,1,2,2,1,1,1,1,1,1,1,1,2,7,6,1,1,22,2,2
5,5,4,1,2002,2,1,1,2,2,2,2,2,2,1,1,1,1,2,8,2,1,1,32,2,2
5,5,4,1,2002,1,1,1,2,2,4,2,2,2,1,1,1,1,2,8,1,1,1,35,2,2
3,14,3,1,2002,2,1,1,2,2,1,1,1,1,1,1,5,1,1,9,11,1,1,32,1,2
2,14,4,1,2002,1,1,1,2,2,1,4,1,1,1,1,1,1,2,14,6,1,1,45,2,2
4,9,4,1,2002,3,1,1,2,2,1,1,1,1,1,1,2,1,2,13,6,1,1,,2,2
5,15,4,1,2002,2,1,1,2,2,1,1,1,1,1,1,3,1,2,4,6,1,1,,2,2
2,9,4,1,2002,2,1,1,2,2,1,1,1,1,1,1,3,1,2,9,6,2,1,,2,2
5,10,4,1,2002,2,1,1,2,2,1,1,1,1,1,1,3,1,2,9,11,2,1,,2,2
3,15,4,1,2002,2,1,1,2,2,1,1,1,1,1,1,3,1,2,9,9,1,1,,2,2
3,6,4,1,2002,3,1,1,2,2,1,1,1,1,1,1,3,1,2,9,6,1,1,32,2,2
7,13,1,2,2002,4,1,1,2,2,1,2,1,1,1,1,2,1,2,14,6,1,1,,2,2
6,13,3,2,2002,2,1,1,2,2,1,1,1,1,1,1,2,1,2,8,6,1,1,,2,2
6,13,4,2,2002,3,1,1,2,2,1,1,1,1,1,1,2,1,2,7,6,1,1,,2,2
6,13,4,3,2002,1,1,1,2,2,1,1,1,1,1,1,2,1,2,7,6,1,1,,2,2
6,13,4,3,2002,3,3,1,2,2,1,1,1,1,1,1,2,1,2,16,6,1,1,,2,2
6,13,4,5,2002,2,1,1,2,2,1,2,1,1,1,1,2,1,2,11,6,1,1,32,2,2
6,13,4,5,2002,3,1,1,2,2,1,1,1,1,1,1,2,1,2,6,6,1,1,,2,2
3,13,4,5,2002,4,1,1,2,2,1,2,1,1,1,1,2,2,,14,6,1,1,,2,2
8,13,4,3,2002,2,1,1,2,2,1,2,2,1,1,1,1,1,2,13,2,1,1,,2,2
1,15,4,2,2002,2,1,1,2,2,1,2,1,1,1,1,1,1,2,14,6,2,1,45,2,2
1,15,4,2,2002,3,1,1,2,2,1,1,1,1,1,1,1,1,2,14,6,1,1,,1,2
6,15,4,2,2002,3,1,1,2,2,1,1,1,1,1,1,1,1,2,7,6,1,1,,2,2
11,9,1,1,2002,3,1,1,2,2,1,1,1,1,1,1,1,1,2,8,6,1,1,,2,2
3,13,4,3,2002,3,2,4,2,2,1,1,1,1,1,1,3,1,2,5,6,1,1,22,2,2
3,13,4,5,2002,3,7,1,2,2,2,1,1,2,2,1,4,1,2,14,6,1,1,40,2,2
4,13,4,5,2002,4,7,1,2,2,1,2,1,1,3,2,4,1,2,14,6,2,1,,2,2
5,13,1,5,2002,2,1,1,2,2,2,1,1,2,1,1,2,1,2,9,6,1,1,,2,2
1,13,1,4,2002,3,1,1,2,2,1,1,1,1,1,1,3,1,2,4,6,1,1,37,2,2
9,13,4,3,2002,2,1,1,2,2,1,1,2,1,1,1,3,1,2,4,6,1,1,,2,2
2,13,4,6,2002,3,1,1,2,2,1,1,1,1,1,1,4,4,2,14,6,1,1,,2,2
3,15,4,4,2002,3,1,1,2,2,1,1,1,1,2,1,4,1,2,19,6,1,1,,2,2
5,15,4,5,2002,2,1,1,2,2,1,1,2,2,1,1,4,1,2,14,6,1,1,,2,2
5,15,4,5,2002,3,3,1,2,2,1,1,2,1,1,1,4,1,2,6,6,1,1,,2,2
5,6,4,2,2002,3,1,1,2,2,1,1,2,1,1,1,1,1,2,14,6,1,1,,1,2
1,1,4,5,2002,1,1,1,2,2,1,4,1,2,3,1,4,1,2,14,6,1,1,,2,2
2,1,3,4,2002,3,1,1,2,2,1,1,1,1,1,1,3,1,2,9,6,1,1,,2,2
3,3,4,5,2002,2,1,1,2,2,1,1,2,1,1,1,3,1,2,17,6,1,1,,2,2
6,3,3,4,2002,3,1,1,2,2,1,1,1,1,1,1,3,1,2,8,6,1,1,,2,2
2,1,3,4,2002,2,1,1,2,2,1,1,1,1,1,1,4,1,2,8,6,1,1,,2,2
3,1,4,6,2002,2,7,1,2,2,1,1,4,1,1,1,4,1,1,14,6,1,1,52,2,2
2,12,4,3,2002,2,1,1,2,2,1,2,1,1,1,1,4,1,2,13,6,1,1,,2,2
3,12,4,2,2002,2,1,1,2,2,1,1,1,1,1,1,3,4,2,8,6,1,1,,2,2
2,7,4,1,2002,4,2,1,2,2,1,4,1,1,1,1,3,1,2,13,6,1,1,,2,2
2,7,4,3,2002,1,1,1,2,2,1,4,2,1,1,1,3,1,2,9,6,1,1,,2,2
6,7,4,1,2002,2,1,1,2,2,1,1,2,1,1,1,4,1,2,17,6,1,1,28,2,2
1,15,3,2,2002,4,6,1,2,2,1,4,1,1,1,1,,4,1,10,6,1,1,,2,2
1,15,4,4,2002,2,1,1,2,2,1,2,1,1,1,1,2,1,2,19,6,2,1,40,2,2
1,15,3,4,2002,2,1,1,2,2,1,1,1,1,1,1,2,1,1,4,6,1,1,25,2,2
1,15,4,5,2002,1,1,1,2,2,1,2,1,1,1,1,5,1,1,9,6,1,1,,2,2
6,15,1,3,2002,4,1,1,2,2,1,2,1,1,1,1,1,1,2,9,5,1,1,42,2,2
6,15,4,3,2002,3,1,1,2,2,1,1,1,1,1,1,1,1,2,8,6,1,1,,2,2
6,15,4,5,2002,1,1,1,2,2,1,4,2,1,1,1,1,1,2,9,6,1,1,,1,2
6,15,4,5,2002,3,1,1,2,2,1,1,1,1,1,1,1,1,2,9,6,1,1,,2,2
5,15,3,3,2002,3,1,1,2,2,1,1,1,1,1,1,2,1,2,7,6,1,1,28,2,2
5,15,4,5,2002,2,1,1,2,2,1,2,1,1,1,1,1,1,2,14,6,1,1,37,1,2
3,6,4,2,2002,4,1,1,2,2,1,4,1,1,1,1,3,1,2,9,6,1,1,,2,2
3,6,4,2,2002,4,1,1,2,2,1,2,2,1,1,1,3,1,2,14,6,1,1,,2,2
1,2,4,1,2002,4,1,1,2,2,1,1,1,1,2,1,1,1,1,9,6,1,1,,1,2
1,1,4,2,2002,3,1,1,2,2,1,1,1,1,1,1,1,1,2,9,6,1,1,35,2,2
1,1,4,3,2002,3,1,1,2,2,1,1,1,1,1,1,1,1,2,14,6,1,1,,2,2
1,12,4,4,2002,2,1,1,2,2,1,1,1,2,1,2,3,1,2,13,6,1,1,,2,2
1,12,1,6,2002,4,2,4,2,2,1,4,1,1,1,1,3,1,2,14,6,1,1,30,1,2
3,12,4,5,2002,2,1,1,2,2,1,1,1,1,1,1,4,1,2,19,6,1,1,,2,2
3,12,4,5,2002,4,1,1,2,2,1,2,1,1,1,1,2,1,2,7,6,1,1,30,2,2
5,12,4,5,2002,2,1,1,2,2,1,1,2,1,1,1,2,1,2,12,6,2,1,,1,2
5,12,4,6,2002,4,1,1,2,2,1,2,2,1,1,1,3,1,2,14,1,1,1,,2,2
11,16,4,1,2002,2,1,1,2,2,1,1,1,1,1,1,1,1,2,14,6,1,1,,2,2
11,16,4,1,2002,1,1,1,2,2,1,4,1,1,1,1,1,1,2,,,,,,,
1,17,4,1,2002,3,1,1,2,2,1,1,1,1,1,1,1,1,2,14,6,1,1,,2,2
3,17,4,1,2002,1,1,1,2,2,1,1,2,1,1,1,4,1,2,14,6,2,1,35,2,2
5,9,4,2,2002,2,1,1,2,2,1,1,1,1,1,1,4,1,2,13,6,1,1,37,1,2
9,17,4,1,2002,3,1,1,2,2,1,1,1,1,1,1,1,1,2,9,6,1,1,,2,2
3,8,4,2,2002,2,1,1,2,2,1,1,1,1,1,1,1,1,2,14,6,2,1,36,2,2
3,8,4,3,2002,3,3,1,2,2,1,1,2,1,1,1,1,1,2,14,6,1,1,37,2,2
3,8,3,4,2002,2,1,1,2,2,1,1,2,1,1,1,1,1,2,8,6,2,1,45,1,2
3,8,4,5,2002,3,1,1,2,2,1,1,1,1,1,1,1,1,2,13,6,1,1,40,2,2
5,8,4,3,2002,3,1,1,2,2,1,1,1,1,1,1,2,1,2,4,6,1,1,,1,2
7,8,4,6,2002,4,7,1,2,2,2,4,4,2,1,2,2,3,2,9,1,1,1,42,2,2
3,3,4,2,2002,3,1,1,2,2,1,1,1,1,1,1,1,1,2,9,6,1,1,,2,2
3,3,3,5,2002,4,1,1,2,2,1,2,1,1,1,1,2,1,2,14,6,1,1,,2,2
4,3,4,1,2002,3,1,1,2,2,1,1,1,1,1,1,1,1,2,14,6,1,1,,2,2
4,3,3,2,2002,4,1,1,2,2,1,4,1,1,1,1,1,1,2,10,6,1,1,,1,2
7,3,1,3,2002,4,1,1,2,2,1,2,1,1,1,1,2,1,2,17,6,1,1,24,2,2
8,3,3,1,2002,2,1,1,2,2,1,1,1,1,1,1,3,1,2,9,6,1,1,,2,2
12,3,4,1,2002,4,1,1,2,2,1,2,1,1,1,1,2,1,2,9,6,1,1,,1,2
12,3,4,5,2002,2,1,1,2,2,1,1,1,1,1,1,5,1,2,14,6,1,1,30,2,2
13,3,4,3,2002,3,1,1,2,2,1,1,3,1,3,2,4,4,2,8,6,1,1,,2,2
13,3,4,6,2002,2,1,1,2,2,1,1,1,1,1,1,4,1,2,17,6,1,1,45,2,2
7,7,4,2,2002,4,1,1,2,2,1,4,1,1,1,1,3,1,2,19,6,2,1,27,2,2
7,7,4,3,2002,3,1,1,2,2,1,1,1,1,1,1,3,1,2,9,6,1,1,35,2,2
7,7,4,4,2002,2,1,1,2,2,1,1,1,1,1,1,3,1,2,9,6,1,1,,2,2
7,7,4,6,2002,4,1,1,2,2,1,2,1,1,1,1,3,1,2,4,5,1,1,,2,2
8,7,4,3,2002,1,1,5,2,2,1,1,1,1,1,1,1,1,2,8,6,1,1,,2,2
8,7,4,4,2002,3,1,1,2,2,1,1,1,1,1,1,1,1,2,8,6,1,1,,2,2
1,4,4,2,2002,3,1,1,2,2,1,1,1,1,1,1,3,1,2,8,6,1,1,40,2,2
1,4,4,2,2002,2,1,1,2,2,1,1,1,1,1,1,2,1,2,9,6,1,1,,2,2
1,4,4,3,2002,2,1,1,2,2,1,1,1,1,1,1,2,1,2,9,8,1,1,,2,2
1,4,4,3,2002,3,1,1,2,2,1,1,1,1,1,1,3,1,2,7,6,1,1,,1,2
4,4,4,5,2002,3,1,1,2,2,1,1,1,1,1,1,3,1,2,9,6,1,1,,2,2
4,4,4,6,2002,4,1,1,2,2,2,2,1,2,1,1,3,1,2,14,6,1,1,,2,2
2,10,3,3,2002,3,1,1,2,2,1,1,1,1,1,1,3,1,2,8,6,1,1,29,2,2
5,12,4,7,2002,3,1,1,2,2,1,1,1,1,1,1,3,1,2,14,6,1,1,52,2,2
6,15,4,6,2002,4,1,1,2,2,2,1,3,2,1,1,1,1,1,8,6,1,1,,2,2
6,15,1,6,2002,3,1,1,2,2,1,2,2,1,1,1,1,1,2,14,6,1,1,,2,2
1,15,4,6,2002,1,3,1,2,2,1,4,1,1,1,1,1,1,2,13,6,2,1,25,2,2
1,14,4,2,2002,4,1,1,2,2,1,2,2,1,1,1,5,1,1,9,6,1,1,38,2,2
1,14,4,3,2002,4,2,4,2,2,1,1,1,1,1,1,5,1,1,7,6,1,1,,2,2
1,14,4,4,2002,4,1,1,2,2,1,3,1,1,1,1,5,5,1,4,6,1,1,,2,2
3,14,3,3,2002,1,3,4,1,2,1,3,1,1,1,1,5,1,1,14,1,2,1,,1,2
3,14,4,3,2002,3,1,4,2,2,1,1,1,1,1,1,5,1,1,8,6,1,1,,2,2
3,14,3,4,2002,3,3,1,2,2,1,1,3,1,1,1,5,3,1,12,6,1,1,,2,2
3,14,3,4,2002,2,1,1,2,2,1,1,1,1,1,1,5,1,1,14,6,2,1,30,2,2
2,14,3,2,2002,3,1,1,2,2,1,1,1,1,1,1,5,1,1,8,6,1,1,,2,2
3,1,4,8,2002,2,1,1,2,2,1,1,1,1,1,1,1,1,2,7,6,1,1,,2,2
1,1,4,8,2002,2,1,2,2,2,1,1,3,1,1,1,5,1,1,14,6,1,1,24,2,2
4,4,4,7,2002,3,1,1,2,2,1,1,1,1,1,1,3,1,2,9,6,2,1,,2,2
6,13,1,7,2002,3,3,1,2,2,2,1,1,2,1,1,2,1,2,9,6,1,1,,2,2
5,13,4,7,2002,4,1,1,2,2,1,4,1,1,1,1,2,1,2,9,6,1,1,,2,2
10,7,4,8,2002,2,1,1,2,2,1,1,1,1,1,1,3,1,2,14,6,1,1,,2,2
8,7,4,8,2002,2,1,1,2,2,1,2,1,1,1,1,3,1,2,13,6,1,1,,2,2
5,12,4,8,2002,3,1,1,2,2,1,1,2,1,1,1,3,1,2,19,6,1,1,,2,2
3,12,3,8,2002,4,1,1,2,2,1,4,1,1,1,1,3,1,2,8,6,2,1,50,1,2
3,14,1,7,2002,2,3,1,2,2,1,1,1,1,1,1,5,1,1,4,6,1,1,,2,2
1,14,1,8,2002,2,5,4,2,2,1,1,1,1,1,1,5,1,1,6,6,1,1,,2,2
5,13,4,8,2002,2,1,1,2,2,1,1,1,1,1,1,2,1,2,14,6,1,1,,2,2
8,13,3,8,2002,3,3,4,2,2,1,1,1,1,1,1,1,1,2,14,6,1,1,42,2,2
6,13,4,8,2002,2,1,1,2,2,1,1,1,1,1,1,2,1,2,8,6,2,1,40,1,2
1,2,4,4,2002,4,1,1,2,2,1,2,1,1,1,1,1,1,1,9,6,1,1,,2,2
1,2,4,7,2002,2,1,1,2,2,1,1,1,1,1,1,1,1,2,6,6,1,1,,2,2
4,4,4,8,2002,1,1,1,2,2,1,4,2,1,1,1,3,1,2,7,6,1,1,20,2,2
1,8,3,8,2002,2,1,1,2,2,1,1,1,1,1,1,3,1,2,9,6,1,1,,2,2
1,3,4,8,2002,2,1,1,2,2,1,1,1,1,1,1,1,1,1,8,6,2,1,,2,2
1,2,3,4,2002,3,1,1,2,2,1,1,1,1,1,1,1,1,2,8,6,1,1,,2,2
4,2,4,2,2002,3,1,1,2,2,1,1,1,1,1,1,3,1,1,8,6,1,1,32,2,2
4,2,1,3,2002,3,1,1,2,2,1,1,1,1,1,1,3,1,2,8,6,1,1,32,2,2
1,2,4,4,2002,2,1,1,2,2,1,1,1,1,1,1,3,1,2,15,6,2,1,30,2,2
3,6,4,8,2002,1,1,1,2,2,1,1,1,1,1,1,1,1,2,7,6,1,1,28,2,2
1,2,4,8,2002,2,1,1,2,2,1,1,1,1,1,1,3,1,2,8,6,2,1,,2,2
4,2,3,9,2002,2,1,1,2,2,1,1,1,1,1,1,3,1,2,8,6,2,7,,2,2
6,7,3,8,2002,4,1,1,2,2,1,4,1,1,1,1,3,1,2,4,6,1,1,,2,2
7,7,4,9,2002,2,1,1,2,2,1,1,1,1,1,1,3,1,2,7,6,1,1,,2,2
7,7,4,9,2002,3,1,1,2,2,1,1,1,1,1,1,3,1,2,4,6,1,1,,2,2
3,14,3,9,2002,3,1,1,2,2,1,1,1,1,1,1,5,1,1,10,6,1,1,,2,2
1,12,4,9,2002,3,1,1,2,2,2,1,2,2,1,1,2,1,1,14,6,1,1,,2,2
1,14,3,9,2002,2,6,1,2,2,1,1,1,1,1,1,5,1,1,4,6,1,1,,1,2
1,14,3,9,2002,3,1,1,2,2,1,1,1,1,1,1,5,1,1,4,6,1,1,,1,2
1,14,4,9,2002,3,1,1,2,2,1,1,1,1,1,1,5,1,1,10,6,1,1,22,2,2
2,14,4,9,2002,4,1,1,2,2,1,3,1,1,1,1,5,1,1,14,6,1,1,,2,2
3,4,4,9,2002,2,1,1,2,2,1,1,1,1,1,1,3,1,2,9,6,1,1,40,2,2
6,4,4,10,2002,2,1,1,2,2,1,1,1,1,1,1,1,1,2,14,6,1,1,35,2,2
3,15,4,8,2002,3,1,1,2,2,1,1,1,1,1,1,3,1,2,19,6,1,1,25,2,2
1,15,4,8,2002,3,1,1,2,2,1,1,1,1,1,1,1,1,2,13,6,1,1,,1,2
3,15,4,8,2002,1,1,1,2,2,1,4,1,1,1,1,1,1,2,,6,1,1,,2,2
5,15,4,7,2002,3,1,1,2,2,1,1,1,1,1,1,3,1,2,7,6,1,1,,2,2
1,15,4,9,2002,2,3,1,2,2,1,1,1,1,1,1,1,1,2,4,6,1,1,30,1,2
1,2,4,10,2002,3,1,1,2,2,1,1,1,1,1,1,3,1,2,19,1,1,1,,2,2
5,2,4,10,2002,2,1,1,2,2,1,1,1,1,1,3,1,2,,17,6,1,1,26,2,2
3,15,4,9,2002,2,1,1,2,2,1,1,1,1,1,1,3,1,2,9,6,1,1,,2,2
3,14,3,10,2002,2,3,4,2,2,1,1,1,1,1,1,5,1,1,7,6,1,1,,2,2
4,14,4,10,2002,3,1,1,2,2,1,1,1,1,1,1,2,1,1,4,6,1,1,17,2,2
5,15,4,7,2002,1,1,1,2,2,1,4,2,2,2,1,3,1,2,14,6,1,1,,2,2
1,15,4,7,2002,4,1,1,2,2,1,4,2,1,1,1,1,1,2,14,6,1,1,35,2,2
1,15,4,7,2002,1,1,1,2,2,1,2,1,1,1,1,1,5,1,,6,1,1,,2,2
10,3,4,8,2002,3,1,1,2,2,1,2,1,2,1,1,1,1,2,14,6,1,1,,2,2
7,3,3,9,2002,3,3,1,2,2,1,1,1,1,1,1,2,1,1,9,1,1,1,35,1,2
7,13,3,9,2002,3,1,4,2,2,1,1,1,1,1,1,2,2,1,9,6,1,1,42,2,2
5,13,4,9,2002,2,1,1,2,2,1,1,1,1,1,1,2,1,2,9,6,1,1,42,2,2
8,13,1,10,2002,2,1,1,2,2,2,1,1,2,1,1,1,1,2,14,6,1,1,40,2,2
5,12,4,11,2002,3,1,1,2,2,1,1,1,1,1,1,3,1,2,14,6,1,1,,2,2
5,13,3,10,2002,3,1,1,2,1,2,1,1,2,1,1,2,1,2,9,6,1,1,,1,2
3,13,4,10,2002,3,1,1,2,2,1,1,2,1,1,1,3,1,2,9,6,1,1,29,2,2
1,12,3,11,2002,1,1,1,2,2,1,2,3,1,1,1,3,1,2,14,6,1,1,,2,2
8,7,4,11,2002,1,1,1,2,2,1,1,1,1,1,1,1,1,2,8,6,1,1,,2,2
1,4,3,10,2002,3,1,1,2,2,1,2,2,1,1,1,3,1,2,8,6,1,1,55,2,2
4,4,4,10,2002,2,1,3,2,2,4,2,1,1,1,1,3,1,2,9,6,1,1,,2,2
3,8,4,10,2002,3,1,1,2,2,1,1,1,1,1,1,1,1,2,14,6,1,1,,2,2
4,8,4,10,2002,2,1,1,2,1,1,1,1,1,1,1,1,1,1,9,6,1,1,,2,2
3,8,4,10,2002,3,1,1,2,2,1,1,1,1,1,1,1,1,2,4,6,1,1,40,2,1
3,14,3,11,2002,1,1,1,2,2,1,3,1,1,1,1,5,1,1,14,6,1,1,45,2,2
4,14,4,11,2002,2,1,1,2,2,1,1,1,1,1,1,5,1,2,14,6,1,1,32,2,2
5,13,3,11,2002,1,1,1,2,1,4,2,1,1,1,1,2,1,2,9,6,1,1,,1,2
6,13,4,11,2002,2,1,1,2,2,1,1,1,1,1,3,2,2,,14,6,1,1,45,2,2
3,13,4,11,2002,4,1,5,2,1,2,1,1,1,1,3,1,2,,8,6,1,1,35,2,2
6,13,4,5,2002,4,1,1,2,2,1,2,1,1,1,1,3,1,2,7,6,1,1,,2,2
6,13,4,11,2002,2,1,1,2,2,1,1,1,1,1,1,2,1,2,14,5,1,1,,1,2
5,10,4,4,2002,3,1,1,2,2,1,1,1,1,1,1,3,1,2,14,11,1,1,,2,2
5,10,4,4,2002,3,1,3,2,2,1,1,1,1,1,1,3,1,1,10,6,1,1,,2,2
5,10,4,11,2002,2,1,1,2,2,1,1,2,1,1,1,3,1,1,9,6,1,1,,2,2
2,10,3,8,2002,3,2,1,2,2,1,1,1,1,1,1,3,1,2,8,6,2,1,40,2,2
2,10,4,9,2002,2,1,1,2,2,1,1,1,1,1,1,3,1,2,8,6,2,1,32,2,2
2,10,4,10,2002,2,1,1,2,2,1,1,1,1,1,1,3,4,2,8,6,1,4,,1,2
1,10,4,1,2002,4,2,1,2,2,1,3,1,1,1,1,3,1,1,14,6,1,1,40,2,2
1,10,4,3,2002,3,1,1,2,2,1,1,1,1,1,1,3,1,2,6,6,1,1,,2,2
3,10,4,5,2002,3,1,1,2,2,1,1,1,1,1,1,2,1,2,8,6,1,1,,2,2
3,10,4,9,2002,3,1,1,2,2,1,1,1,1,1,1,2,1,2,13,6,1,1,35,2,2
3,6,4,11,2002,3,1,1,2,2,1,1,1,1,1,1,2,1,2,9,6,1,1,,2,2
1,17,4,7,2002,3,1,1,2,2,1,1,1,1,1,1,1,1,2,14,6,1,1,,2,2
1,17,4,2,2002,1,1,1,2,2,1,1,1,1,1,1,1,4,2,14,6,1,1,,2,2
1,17,4,2,2002,2,1,1,2,2,1,1,1,1,1,1,1,1,2,7,6,1,1,30,2,2
1,17,4,8,2002,3,1,1,2,2,1,1,1,1,1,1,1,1,2,9,6,1,1,32,2,2
1,17,4,8,2002,2,1,1,2,2,1,1,1,1,1,1,1,1,1,14,6,1,1,,2,2