Thana,District,Accident_Severity,Month,Year,Time,Junction_Type,Traffic_Control,Movement,Divider,Weather,Light,Road_Geometry,Surface_Condition,Surface_Type,Surface_Quality,Road_Class,Road_Feature,Location_Type,Vehicle_Type,Vehicle_Movement,Vehicle_Loading,Vehicle_Defect,Vehicle_Driver_Age,Vehicle_Alcohol,Vehicle_Seat_Belt
1,17,4,9,2002,4,1,1,2,2,1,3,1,1,1,1,1,1,2,4,1,1,1,,2,2
1,17,4,9,2002,2,1,1,2,2,1,4,1,1,1,1,1,4,2,9,6,1,1,,2,2
1,17,4,10,2002,2,1,1,2,2,1,1,1,1,1,1,1,1,2,8,6,1,1,22,2,2
7,9,4,11,2002,3,3,3,2,2,1,1,1,1,1,1,1,1,2,10,6,1,1,,1,2
5,9,4,5,2002,3,1,1,2,2,1,1,1,1,1,1,3,1,2,6,6,1,1,25,2,2
5,9,4,10,2002,2,1,1,2,2,1,1,1,1,1,1,3,1,2,8,6,1,1,,2,2
3,9,4,10,2002,3,3,1,2,2,1,1,1,1,1,1,3,1,2,4,6,2,1,30,2,2
9,9,4,8,2002,2,1,1,2,2,1,2,1,1,1,1,3,4,1,14,6,1,1,40,2,2
1,17,4,10,2002,3,1,1,2,2,1,4,2,1,3,2,5,1,2,14,2,1,1,,2,2
2,17,3,2,2002,2,1,2,2,2,1,1,1,1,1,1,3,1,2,7,6,1,1,35,2,2
1,17,4,3,2002,2,1,1,2,2,1,1,1,1,1,1,1,1,2,14,6,1,7,38,2,2
1,17,4,3,2002,3,1,1,2,2,1,1,1,1,1,1,1,1,1,9,6,1,1,,2,2
7,17,4,6,2002,4,1,1,2,2,2,2,1,2,1,1,1,1,2,14,6,1,1,,2,2
7,17,3,6,2002,2,1,1,2,2,1,3,1,1,1,1,1,1,2,7,6,1,1,,2,2
7,17,4,8,2002,2,1,1,2,2,1,1,1,1,1,1,3,1,2,13,6,1,1,,2,2
7,17,4,8,2002,2,1,1,2,2,1,1,1,1,1,1,1,1,2,9,6,1,1,40,2,2
7,17,4,9,2002,3,2,1,2,2,2,1,1,2,1,1,1,1,1,9,6,1,1,,2,2
7,17,4,9,2002,4,1,1,2,2,1,2,1,1,1,1,1,1,2,9,6,1,1,,1,2
7,17,4,10,2002,2,1,1,2,2,1,1,2,1,1,1,1,1,1,9,6,1,1,,2,2
1,17,1,4,2002,2,1,1,2,2,1,1,1,1,1,1,1,1,2,9,6,1,1,28,2,2
1,17,4,4,2002,2,1,8,2,2,1,1,1,1,1,1,1,4,2,7,6,1,1,30,2,2
9,17,4,7,2002,2,1,1,1,2,1,1,1,1,1,1,4,1,2,8,6,1,1,,2,2
1,17,4,6,2002,2,1,1,2,2,1,1,1,1,1,1,1,4,2,14,6,1,1,35,2,2
1,17,4,7,2002,4,1,1,2,2,1,3,2,1,1,1,4,4,1,9,2,1,1,,2,2
5,17,4,3,2002,2,1,1,2,2,1,1,1,1,1,1,4,1,2,14,6,1,1,35,2,2
5,17,4,3,2002,3,1,3,2,2,1,1,1,1,1,1,4,1,2,19,6,1,1,22,2,2
10,17,3,6,2002,1,1,1,2,2,1,4,2,1,1,1,1,1,2,9,6,2,6,,1,2
10,17,4,3,2002,3,1,4,2,2,1,1,1,1,1,1,1,1,2,9,6,1,1,,2,2
4,17,4,6,2002,2,1,1,2,2,2,1,2,2,1,1,4,1,2,9,3,1,1,25,2,2
4,17,4,6,2002,2,1,1,2,2,1,1,1,1,1,1,4,1,2,14,6,1,1,,2,2
4,17,4,2,2002,3,1,1,2,2,1,1,1,1,1,1,3,1,2,8,6,1,1,27,2,2
8,17,3,3,2002,4,1,1,2,2,1,2,1,1,1,1,3,1,2,19,6,2,1,35,2,2
8,17,4,5,2002,3,1,1,2,2,1,1,1,1,1,1,1,2,2,19,6,2,1,,2,2
8,17,4,9,2002,2,1,1,2,2,1,1,1,1,1,1,1,2,2,19,6,1,1,30,2,2
10,17,4,2,2002,4,1,1,2,2,1,1,1,1,1,1,1,1,2,8,6,1,1,,2,2
10,17,4,10,2002,4,1,1,2,2,1,2,1,1,1,1,1,1,2,9,6,1,1,,2,2
10,17,3,3,2002,2,1,3,2,2,1,1,1,1,1,1,1,1,2,8,6,1,1,,2,2
10,17,4,3,2002,2,1,3,2,2,1,1,2,1,1,1,1,1,2,14,6,1,1,,2,2
10,17,4,3,2002,2,1,1,2,2,1,1,1,1,1,1,3,1,2,14,6,1,1,,2,2
10,17,3,7,2002,2,1,1,2,2,1,1,2,1,1,1,1,1,2,9,6,1,1,,2,2
10,17,4,8,2002,3,1,1,2,2,1,1,1,1,1,1,1,1,2,14,6,1,1,,2,2
3,17,4,4,2002,1,1,1,2,1,1,2,1,1,1,1,1,1,2,14,6,2,1,,2,2
3,17,4,2,2002,1,1,8,2,2,1,1,1,1,1,1,1,1,2,14,6,1,1,,1,2
3,17,4,4,2002,2,1,1,2,2,1,1,1,1,1,1,2,1,2,14,6,1,1,35,2,2
3,17,4,3,2002,3,1,1,2,2,1,1,1,1,1,1,4,1,2,14,6,1,1,32,2,2
3,17,4,4,2002,2,1,8,2,2,1,1,2,1,1,2,4,1,2,19,6,2,1,35,2,2
3,17,4,4,2002,2,1,1,2,2,1,1,2,1,1,1,1,1,2,9,6,1,1,32,1,2
3,17,4,5,2002,1,3,1,2,1,1,2,1,1,1,1,1,1,2,14,6,1,1,,2,2
3,17,4,6,2002,3,1,1,2,2,1,1,1,1,1,1,3,1,2,8,6,1,1,38,2,2
3,17,4,6,2002,4,1,1,2,2,1,4,1,1,1,1,3,1,2,14,6,1,1,,2,2
3,17,4,8,2002,3,1,3,2,1,1,1,1,1,1,1,1,1,2,9,6,1,1,32,2,2
3,17,4,9,2002,3,3,1,2,2,2,1,1,1,1,1,1,1,1,8,6,1,1,35,2,2
3,17,4,10,2002,2,1,1,2,2,1,1,1,1,1,1,1,1,2,9,6,1,1,,2,2
6,13,4,12,2002,2,1,1,2,2,1,1,1,1,1,1,2,1,2,9,6,1,1,,2,2
4,9,3,8,2002,2,1,1,2,2,1,1,1,1,1,1,2,1,2,9,6,1,1,,2,2
6,3,4,11,2002,3,1,1,2,2,1,1,1,1,1,1,2,1,2,14,6,1,1,40,1,2
4,3,4,11,2002,1,1,1,2,2,1,2,1,1,1,1,1,1,2,14,6,2,1,30,2,2
4,3,4,10,2002,3,1,1,2,2,1,1,1,1,1,1,1,1,2,8,6,1,1,30,2,2
7,9,1,7,2002,3,1,1,2,2,2,1,1,3,1,1,1,1,2,9,11,1,7,,2,2
2,9,4,8,2002,4,1,1,2,2,1,2,1,1,1,1,2,1,2,14,6,1,1,,2,2
2,9,4,10,2002,3,1,1,2,2,1,1,1,1,1,1,3,1,2,8,6,1,1,35,2,2
2,9,4,6,2002,2,1,1,2,2,1,2,1,1,1,1,2,2,,9,6,1,1,42,1,2
4,9,3,11,2002,4,1,1,2,2,1,1,1,1,1,2,2,1,1,9,6,1,1,,2,2
4,9,4,8,2002,2,1,1,2,2,1,4,1,1,1,1,2,1,2,19,6,1,1,,2,2
4,8,4,12,2002,3,1,1,2,2,1,1,1,1,1,1,1,1,1,9,5,1,1,,2,2
1,8,4,12,2002,2,1,1,2,2,4,2,3,1,1,2,3,1,2,9,6,1,1,,2,2
1,9,3,9,2002,2,1,1,2,2,1,1,1,1,1,1,1,1,2,9,6,1,1,,2,1
5,9,4,4,2002,2,1,1,2,2,1,1,1,1,1,1,3,1,2,14,6,2,3,35,1,2
5,9,4,8,2002,2,1,1,2,2,2,1,1,2,1,1,3,1,2,14,6,1,1,29,2,2
6,5,4,3,2002,3,1,1,2,2,1,1,1,1,1,1,1,1,1,9,6,1,1,,2,2
6,5,4,4,2002,1,1,1,2,2,1,1,1,1,1,1,1,1,2,14,6,1,1,,2,2
6,5,4,5,2002,1,1,1,2,2,1,2,1,1,1,1,1,1,2,14,6,2,1,,2,2
6,5,4,5,2002,4,1,1,2,2,1,2,2,1,1,1,1,1,2,14,1,1,1,,2,2
6,5,4,6,2002,2,1,1,2,2,1,4,1,1,1,1,1,2,2,14,6,1,1,,2,2
6,5,3,7,2002,2,1,1,2,2,1,1,1,2,1,1,1,1,2,9,6,1,7,37,2,2
7,5,4,7,2002,3,1,1,2,2,2,1,1,2,1,1,3,1,2,15,6,2,1,,1,2
6,5,4,8,2002,4,1,1,2,2,1,3,1,1,1,1,1,1,2,7,4,1,1,32,2,1
6,5,4,9,2002,2,1,1,2,2,1,1,1,1,1,1,3,1,2,11,6,1,1,18,2,2
6,5,4,10,2002,3,1,1,2,2,1,1,1,1,1,1,1,1,2,9,6,1,1,40,2,2
6,5,4,10,2002,1,1,1,2,2,1,3,1,1,1,1,1,1,2,9,5,1,1,37,1,2
6,5,3,10,2002,3,1,1,2,2,2,2,2,1,1,1,1,2,2,12,6,1,1,,2,1
6,5,4,11,2002,3,1,1,1,2,1,1,1,1,2,1,3,1,2,14,6,1,1,,2,2
6,5,3,11,2002,4,1,1,2,2,2,2,1,2,1,2,1,2,2,14,1,1,1,,2,2
6,5,4,12,2002,3,1,1,2,2,1,3,1,1,1,1,1,1,2,9,6,1,1,,2,2
6,5,4,12,2002,2,4,1,2,2,1,1,1,1,1,1,1,1,2,9,6,1,1,,1,2
5,5,4,2,2002,4,1,1,2,2,1,2,1,1,1,1,4,1,2,17,6,1,1,45,2,2
5,5,4,2,2002,4,1,1,2,2,4,4,1,2,1,1,1,1,2,14,1,1,1,,2,2
5,5,4,3,2002,2,1,2,2,2,1,1,1,1,1,1,1,1,2,9,6,1,1,45,2,2
5,5,1,3,2002,2,1,1,2,2,1,2,1,1,1,1,1,1,1,9,8,1,1,,2,2
5,5,2,3,2002,2,1,2,2,2,1,2,5,1,1,1,1,4,1,14,6,1,1,,2,2
5,5,4,4,2002,2,1,1,2,2,1,1,1,1,1,1,4,1,2,5,6,1,1,,2,2
5,5,4,4,2002,3,1,1,2,1,1,2,1,1,1,1,1,2,2,14,6,1,1,,2,2
5,5,4,5,2002,3,1,1,2,1,1,2,1,1,1,1,1,1,2,14,6,1,1,,2,2
5,5,4,6,2002,1,1,1,2,1,1,2,1,1,1,1,1,1,2,9,6,1,1,30,2,2
5,5,4,7,2002,3,1,1,2,1,1,4,1,2,1,1,1,1,2,9,6,1,1,35,2,2
5,5,3,8,2002,4,1,1,2,2,1,3,1,1,1,1,1,1,2,9,6,1,1,45,2,2
5,5,4,9,2002,4,1,1,2,2,1,2,1,1,3,1,4,1,2,9,6,1,7,25,2,2
5,5,4,10,2002,3,1,1,2,2,1,1,1,1,1,1,1,1,2,7,6,1,1,,2,2
5,5,3,11,2002,3,1,1,2,2,1,1,1,1,1,1,1,1,1,14,6,1,1,,2,2
5,5,4,11,2002,3,1,1,2,2,1,1,1,1,3,1,4,1,2,14,6,1,1,,2,2
5,5,4,12,2002,3,1,1,2,2,1,1,1,1,1,1,4,1,2,9,6,1,7,35,2,2
7,3,4,12,2002,3,1,1,2,2,1,1,1,1,1,1,3,1,2,19,6,1,1,,1,2
2,5,1,5,2002,3,4,1,2,2,1,1,1,1,1,1,2,1,2,13,6,1,1,32,1,2
4,12,4,12,2002,2,1,8,2,2,1,1,1,1,1,1,3,1,2,9,6,1,1,,2,2
5,12,3,12,2002,2,1,3,2,2,4,1,1,1,1,1,3,1,2,8,6,1,1,32,2,2
5,3,4,12,2002,4,1,1,1,2,1,2,2,1,1,1,2,1,2,12,1,1,1,,2,2
4,5,4,2,2002,2,1,3,2,2,1,1,1,1,1,1,1,1,2,8,6,1,1,,2,2
4,5,4,3,2002,1,1,1,1,2,1,1,1,1,1,1,1,1,2,13,6,1,1,,2,2
4,5,4,10,2002,4,1,1,1,2,1,1,1,1,1,1,1,1,2,9,6,1,1,,2,2
4,5,4,9,2002,3,2,1,2,2,1,1,1,1,1,1,1,1,2,10,6,1,1,,1,2
4,5,4,12,2002,3,1,1,2,2,1,1,1,1,1,1,1,1,2,8,6,1,1,45,1,2
1,5,4,3,2002,2,1,1,2,2,1,1,1,1,1,1,1,1,1,14,6,1,1,,1,2
1,5,4,3,2002,1,1,1,2,2,1,2,1,1,1,1,1,1,2,9,6,1,1,35,2,2
1,5,4,4,2002,4,1,1,2,2,1,1,1,1,1,1,1,1,1,11,6,1,1,,2,2
1,5,4,4,2002,3,2,1,2,2,1,1,1,1,1,1,1,1,1,9,6,1,1,,2,2
1,5,4,4,2002,3,1,1,2,2,1,1,1,1,1,1,2,1,1,7,6,1,1,,1,2
4,10,3,12,2002,2,1,1,2,2,4,1,2,1,1,2,2,2,2,13,1,1,1,,2,2
5,4,4,12,2002,2,1,1,2,2,1,1,1,1,3,2,4,4,2,14,7,1,1,40,2,2
3,14,4,12,2002,2,4,4,2,2,1,1,1,1,1,1,5,1,2,16,6,1,1,,2,2
8,5,3,2,2002,1,1,1,2,2,1,2,1,1,1,1,1,1,1,10,6,1,1,,2,2
8,5,4,3,2002,1,1,1,2,2,1,2,1,1,1,1,1,1,2,14,1,1,1,,2,2
8,5,4,4,2002,1,1,1,1,2,1,1,1,1,1,1,1,1,2,12,6,1,1,,2,2
8,5,3,5,2002,3,1,1,2,2,1,1,1,1,1,1,1,1,1,7,6,1,1,,2,2
8,5,4,5,2002,4,1,1,2,2,1,2,1,1,1,1,1,1,2,7,6,1,1,,2,2
8,5,4,6,2002,4,1,1,2,2,1,1,1,1,1,1,1,1,2,14,6,2,1,,2,2
8,5,4,7,2002,2,1,1,1,2,4,1,1,2,1,1,1,1,2,14,6,1,1,,2,2
8,5,3,12,2002,3,1,1,2,2,1,1,4,1,1,1,1,1,1,9,6,1,1,,2,2
1,15,4,12,2002,2,2,4,2,2,1,1,1,1,1,1,5,1,1,8,6,1,1,40,1,2
1,15,2,12,2002,2,1,1,2,1,4,2,1,1,1,1,5,1,1,14,6,1,1,,2,2
6,15,4,12,2002,3,1,2,2,2,1,1,1,1,1,1,1,1,2,9,6,1,1,,2,2
6,15,3,12,2002,3,1,1,2,2,1,1,1,1,1,1,1,1,2,13,5,1,1,,2,2
6,15,4,12,2002,4,1,1,2,2,1,2,3,1,3,2,1,4,2,14,6,1,1,,2,2
2,15,1,12,2002,3,1,1,2,2,1,1,1,1,1,1,3,1,1,8,6,1,1,45,2,2
5,15,4,12,2002,2,1,1,2,2,1,2,1,1,1,1,3,1,2,13,6,1,1,32,2,2
5,15,4,12,2002,3,1,1,2,2,1,1,1,1,1,1,3,1,2,8,6,1,1,,2,2
1,15,2,11,2002,1,1,1,2,1,4,2,1,1,1,1,1,5,1,14,6,1,1,35,2,2
6,15,4,11,2002,1,1,1,2,2,1,4,2,1,1,2,1,1,2,14,6,1,1,,2,2
10,9,4,1,2002,3,2,1,2,2,1,1,1,1,1,1,1,1,2,14,6,1,1,,2,2
10,9,4,1,2002,3,1,1,2,2,1,1,1,1,1,1,1,1,2,9,6,1,1,,2,2
10,9,4,3,2002,3,1,1,2,2,1,1,1,1,1,1,1,1,2,14,6,1,1,40,2,2
10,9,4,3,2002,3,1,1,2,2,1,1,2,1,1,1,1,1,2,9,2,1,1,38,2,2
10,9,4,5,2002,4,1,1,2,2,1,1,1,1,1,1,1,1,2,9,11,2,1,,1,2
10,9,4,9,2002,2,1,1,2,2,1,1,1,1,1,1,1,1,2,14,6,1,1,38,2,2
10,9,1,9,2002,3,1,1,2,2,1,1,1,1,1,1,2,4,2,8,5,1,1,34,2,2
10,9,4,10,2002,2,1,1,2,1,2,1,2,1,1,2,1,1,2,9,2,1,1,45,2,2
10,9,3,11,2002,1,1,6,2,2,4,4,1,1,1,1,1,1,2,14,6,1,2,42,2,2
10,9,3,3,2002,3,1,1,2,2,1,1,1,1,1,1,1,2,2,14,6,1,1,39,2,2
10,9,4,10,2002,3,1,1,2,2,1,2,1,1,1,1,1,1,1,14,6,1,2,,2,2
10,9,4,12,2002,1,1,1,2,2,1,4,1,1,1,1,1,1,1,14,6,1,1,,1,2
6,9,3,3,2002,2,1,1,2,2,1,1,1,1,1,1,2,1,2,4,6,1,1,,2,2
6,9,4,7,2002,3,1,8,2,2,1,1,1,1,1,1,3,1,2,9,6,1,1,,2,2
6,9,1,8,2002,3,1,8,2,2,1,1,1,1,1,1,2,1,2,14,6,1,1,,2,2
6,9,4,12,2002,4,1,1,2,2,1,4,1,1,1,1,1,1,2,14,6,1,1,,2,2
2,9,3,2,2002,3,1,1,2,2,1,1,1,1,1,1,2,1,2,13,6,1,1,30,1,2
3,17,3,12,2002,4,4,8,2,2,4,4,1,1,1,1,3,1,2,9,6,1,1,,2,2
7,17,4,11,2002,2,1,1,1,2,1,1,1,1,1,1,1,1,2,4,4,1,1,,2,2
10,17,1,11,2002,3,1,1,2,2,1,1,1,1,1,2,3,1,2,9,6,2,1,38,2,2
10,17,4,11,2002,3,1,3,2,2,1,1,1,1,1,1,1,1,1,14,2,1,1,,1,2
8,17,4,11,2002,3,1,1,2,2,1,1,1,1,1,1,3,1,2,14,2,1,1,,1,2
1,17,4,9,2002,,1,1,2,2,1,2,1,1,1,1,1,1,1,14,6,1,1,,1,2
1,17,1,11,2002,3,7,8,2,2,1,1,1,1,1,1,1,1,2,10,9,1,7,,2,2
1,6,4,3,2002,3,1,1,2,2,1,1,1,1,1,1,1,1,2,8,5,1,1,40,2,2
1,6,4,10,2002,3,1,1,2,2,1,1,1,1,1,1,1,1,2,8,5,1,1,,2,2
2,6,4,5,2002,4,1,1,2,2,1,1,1,1,1,1,3,1,2,14,6,1,1,,2,2
2,6,4,8,2002,2,1,1,2,2,1,1,1,1,1,1,4,1,2,17,6,1,1,22,2,2
2,6,4,10,2002,3,1,1,2,2,1,1,1,1,1,1,1,1,2,14,6,1,1,,2,2
3,6,4,12,2002,3,1,1,2,2,1,1,2,1,1,1,1,1,2,7,6,1,1,,2,2
10,16,4,2,2002,3,1,3,2,2,1,1,1,1,1,1,1,1,2,10,6,1,1,,2,2
10,16,4,4,2002,3,3,3,2,1,1,1,1,1,1,1,1,1,2,9,11,1,7,42,2,2
10,16,3,5,2002,1,2,1,2,2,1,4,1,1,1,1,1,5,2,9,6,1,3,,2,2
10,16,3,6,2002,4,5,1,2,1,1,2,2,1,1,1,1,1,2,9,1,1,1,45,2,2
10,16,4,7,2002,1,1,1,2,2,1,4,1,1,1,1,1,1,2,14,6,1,1,45,2,2
10,16,4,7,2002,3,2,1,2,2,1,1,1,1,1,1,1,1,2,4,6,1,1,34,2,1
10,16,4,7,2002,3,1,3,2,2,1,4,1,1,1,1,1,1,2,14,6,1,1,,2,2
10,16,4,7,2002,4,1,1,2,1,1,1,1,1,1,1,1,1,2,14,6,1,1,40,2,1
10,16,4,8,2002,3,1,3,2,2,1,1,1,1,1,1,1,1,2,6,4,1,1,,2,2
10,16,4,9,2002,1,2,1,2,2,1,1,1,1,1,1,1,3,2,9,6,1,1,,2,2
10,16,3,9,2002,4,1,1,2,2,1,2,1,1,1,1,1,1,2,9,2,1,1,35,2,2
10,16,4,9,2002,2,1,3,2,2,1,1,1,1,1,1,1,2,2,14,6,1,1,,2,2
10,16,3,11,2002,4,1,1,2,1,1,4,1,1,1,1,1,1,2,14,1,1,1,40,2,2
10,16,4,11,2002,1,1,1,2,2,1,4,1,1,1,1,1,3,2,14,1,2,1,60,2,2
10,16,4,12,2002,2,2,1,2,2,1,4,1,1,1,1,1,1,2,14,6,2,1,45,2,2
10,16,1,12,2002,4,1,1,2,1,1,3,1,1,1,1,1,1,2,7,6,1,1,,2,2
5,16,4,12,2002,2,1,1,1,2,1,1,3,1,1,1,3,1,2,9,6,1,1,,2,2
12,16,4,7,2002,3,1,1,2,2,2,1,1,1,1,1,3,1,2,19,11,1,1,22,2,2
4,16,4,8,2002,2,2,1,2,2,1,1,1,1,1,1,3,1,2,9,6,2,1,,2,2
1,16,4,5,2002,4,1,8,2,2,1,3,1,1,1,1,5,1,1,7,6,1,1,,2,2
1,16,4,6,2002,3,1,1,2,2,1,1,1,1,1,1,3,1,1,8,6,1,1,35,2,2
1,16,4,7,2002,3,1,1,2,2,2,1,1,2,1,1,3,1,2,8,6,1,1,32,2,2
1,16,4,7,2002,2,1,1,1,2,1,2,1,1,1,1,2,1,2,14,6,1,1,45,2,2
1,16,4,8,2002,3,1,1,2,2,1,1,1,1,1,1,3,1,2,8,6,1,1,,2,2
1,16,4,8,2002,2,1,1,2,2,1,1,1,1,1,1,3,1,2,8,6,1,1,36,2,2
1,16,4,10,2002,3,1,1,2,2,1,1,1,1,1,1,3,1,2,8,6,1,1,34,2,2
1,16,4,10,2002,3,1,1,2,2,1,2,2,1,1,1,3,1,2,14,6,1,1,,2,2
1,16,4,10,2002,3,1,1,2,2,1,1,1,1,1,1,3,1,2,9,6,1,1,39,2,2
1,16,4,11,2002,3,1,1,2,2,1,1,1,1,1,1,3,1,2,14,6,1,1,38,2,2
1,16,4,11,2002,3,1,1,2,2,1,1,1,1,1,1,3,1,1,8,6,1,1,35,2,2
1,16,4,12,2002,3,1,1,1,2,1,1,1,1,1,1,3,1,2,14,6,1,1,48,2,2
2,16,4,2,2002,4,7,1,2,2,1,4,1,1,1,1,4,4,2,9,6,1,1,,2,2
2,16,4,4,2002,2,1,1,2,2,1,1,1,1,1,2,4,4,2,12,11,2,1,,2,2
2,16,4,4,2002,3,1,1,2,2,1,1,1,1,1,2,3,1,2,9,11,1,7,,2,2
8,16,1,3,2002,2,1,1,1,2,1,1,1,1,1,1,3,1,2,14,2,1,1,42,2,2
8,16,4,11,2002,4,1,1,2,2,1,2,1,1,1,1,3,1,2,8,6,1,1,,2,2
8,16,4,12,2002,2,2,1,2,2,4,2,1,1,1,3,3,1,2,14,6,1,1,,2,2
8,16,4,12,2002,3,3,1,2,2,1,2,2,1,1,1,4,3,2,19,1,2,2,,2,2
9,16,4,2,2002,3,1,1,2,2,1,1,1,1,1,1,5,1,2,9,6,1,1,,2,2
9,16,4,6,2002,4,1,1,2,2,1,4,1,1,1,1,1,1,2,14,6,1,1,40,2,2
9,16,4,8,2002,3,1,1,2,2,1,1,1,1,1,2,1,1,2,9,6,1,1,,2,2
9,16,4,8,2002,3,1,1,2,2,1,1,1,1,1,1,1,1,2,9,6,1,1,35,2,2
9,16,3,10,2002,3,1,1,2,2,1,1,1,1,1,1,1,1,2,10,6,1,1,,2,2
9,16,4,11,2002,3,1,1,2,2,1,1,1,1,1,1,1,1,2,14,6,1,1,,2,2
9,16,4,11,2002,2,1,1,2,2,1,1,1,1,1,1,1,1,2,14,6,1,1,,2,2
9,16,3,12,2002,3,1,1,2,2,1,1,1,1,1,1,1,1,2,14,6,1,1,,2,2
9,16,3,12,2002,2,1,1,2,2,1,1,1,1,1,1,1,1,2,14,6,1,1,35,2,2
6,16,4,2,2002,4,1,1,2,2,1,4,1,1,1,1,1,1,2,9,6,1,1,,2,2
6,16,3,5,2002,3,1,1,2,2,1,1,2,1,1,1,1,2,2,11,1,1,1,35,2,2
6,16,4,9,2002,4,1,1,2,2,1,2,1,1,1,1,1,1,2,9,6,1,1,,2,2
6,16,4,11,2002,4,1,2,2,1,1,4,1,1,1,2,1,1,2,14,6,1,1,32,2,2
11,16,4,1,2002,1,1,1,2,2,1,1,1,1,1,1,1,1,2,9,6,1,1,,2,2
11,16,4,3,2002,3,1,1,2,2,1,1,1,1,1,1,1,1,2,7,6,1,1,,2,2
11,16,4,4,2002,2,1,1,2,2,1,2,1,1,1,1,1,1,2,14,6,1,1,38,1,2
11,16,4,5,2002,2,1,1,2,2,1,2,4,1,1,1,1,1,2,7,6,1,1,,2,2
11,16,4,6,2002,1,1,3,2,2,1,4,1,1,1,1,1,1,2,14,6,1,1,,2,2
11,16,4,8,2002,3,1,1,2,2,1,1,1,1,1,1,1,1,2,14,4,1,1,,2,2
11,16,4,8,2002,4,1,1,1,2,1,3,1,1,1,2,1,1,2,10,6,1,1,,2,2
11,16,4,9,2002,3,1,1,2,2,1,1,1,1,1,1,1,1,2,9,6,1,1,,1,2
11,16,4,9,2002,3,1,1,1,2,1,1,1,1,1,1,3,1,2,19,6,1,1,,2,2
11,16,4,9,2002,1,1,1,2,2,1,1,1,1,1,1,1,1,2,9,6,1,1,,2,2
11,16,3,10,2002,3,1,4,2,2,1,1,1,1,1,1,1,1,2,9,6,1,1,,2,2
11,16,4,12,2002,3,1,1,2,2,4,4,4,1,1,1,1,2,2,19,11,1,1,,2,2
11,16,4,12,2002,2,1,1,2,2,4,4,1,1,1,1,1,1,2,14,6,1,1,,2,2
10,9,4,1,2002,1,1,1,2,2,1,1,2,1,1,1,1,1,2,14,6,1,1,,2,2
9,11,4,5,2002,2,1,1,1,2,1,1,1,1,1,1,4,1,2,8,11,1,7,45,2,2
9,11,4,10,2002,3,1,1,1,2,1,1,1,1,1,1,2,1,2,8,4,1,1,45,2,2
10,11,4,1,2002,4,1,8,2,2,1,2,1,1,1,1,2,1,2,19,6,2,1,22,2,2
10,11,4,5,2002,2,3,8,2,2,1,1,1,1,1,1,3,1,2,8,6,1,3,50,2,2
11,11,4,5,2002,3,4,1,2,2,1,1,2,1,1,1,4,1,2,19,2,1,7,,2,2
8,11,4,6,2002,1,1,8,2,2,1,1,1,1,1,1,3,1,2,14,6,1,1,,2,2
7,11,4,6,2002,2,3,1,2,2,1,2,1,1,1,1,4,1,2,4,6,1,1,30,2,2
7,11,4,8,2002,2,1,1,2,2,1,2,1,1,1,1,2,1,2,8,6,1,1,,1,2
2,11,4,7,2002,3,1,8,2,2,2,4,1,2,1,2,2,4,2,19,9,2,6,17,2,2
6,11,4,1,2002,3,1,1,2,2,1,1,1,1,1,1,3,1,2,14,6,1,1,,2,2
6,11,4,1,2002,3,1,1,2,2,1,1,1,1,1,1,1,1,2,8,6,1,1,35,2,2
6,11,4,5,2002,2,1,1,2,2,1,1,1,1,1,1,2,1,2,14,6,1,3,40,2,2
6,11,4,10,2002,4,1,1,2,2,1,2,1,1,1,1,2,1,2,14,7,1,7,35,2,2
6,11,4,7,2002,3,1,1,2,2,1,1,4,3,3,2,4,4,2,14,7,1,1,38,2,2
6,11,4,5,2002,3,1,1,2,2,1,1,1,1,1,1,2,1,2,9,6,1,1,,2,2
1,11,4,1,2002,3,3,1,2,2,1,1,1,1,1,1,5,1,1,6,11,1,1,,2,2
5,11,1,1,2002,2,1,1,2,2,1,1,1,1,1,1,1,1,2,8,6,1,1,,2,2
5,11,4,5,2002,2,1,1,2,2,1,1,1,1,1,1,4,1,2,8,11,1,3,46,2,2
5,11,4,2,2002,2,1,1,2,2,1,1,1,1,1,1,1,1,2,11,1,1,1,,2,2
5,11,4,10,2002,2,1,1,2,2,1,1,1,1,1,1,1,1,2,9,6,2,1,,1,2
5,11,4,10,2002,3,2,4,2,2,1,1,2,1,1,2,1,1,2,14,5,1,1,,1,2
1,11,4,1,2002,4,1,1,1,2,1,4,1,1,3,1,5,1,1,8,6,1,1,35,2,2
3,8,1,12,2002,1,1,8,2,2,4,2,1,2,1,1,1,1,2,9,6,1,1,35,2,2
1,11,4,3,2002,3,2,1,2,2,1,1,1,1,1,1,3,1,1,14,6,1,1,35,2,2
1,11,4,4,2002,2,1,4,2,2,1,3,1,1,1,1,1,1,2,5,6,1,1,,2,2
1,11,4,4,2002,3,1,1,2,2,1,1,2,1,1,1,4,1,2,7,6,1,1,,2,2
1,11,4,4,2002,2,1,1,2,2,1,1,1,1,1,1,4,1,2,4,5,1,1,,2,2
1,11,4,10,2002,3,1,3,2,2,1,1,1,1,1,1,5,1,1,13,6,1,1,40,1,2
1,11,4,12,2002,3,1,1,2,2,1,1,1,1,1,1,2,1,2,9,6,1,1,,2,2
1,11,4,6,2002,3,2,1,2,2,1,1,1,1,1,1,2,1,1,9,6,1,1,,2,2
1,11,4,8,2002,2,1,1,2,2,1,1,2,1,1,1,4,1,2,9,6,1,1,,2,2
3,22,4,1,2003,3,7,8,1,2,1,1,1,1,1,1,1,1,2,9,11,2,7,,1,2