Thana,District,Accident_Severity,Month,Year,Time,Junction_Type,Traffic_Control,Movement,Divider,Weather,Light,Road_Geometry,Surface_Condition,Surface_Type,Surface_Quality,Road_Class,Road_Feature,Location_Type,Vehicle_Type,Vehicle_Movement,Vehicle_Loading,Vehicle_Defect,Vehicle_Driver_Age,Vehicle_Alcohol,Vehicle_Seat_Belt
4,22,4,2,2003,3,1,3,1,2,1,1,1,1,1,1,1,1,2,9,11,1,7,,1,2
4,22,4,2,2003,4,1,8,1,2,1,1,1,1,1,1,1,1,2,9,8,2,4,35,2,2
1,24,4,1,2003,2,1,1,2,2,1,1,1,1,1,1,1,1,2,14,6,1,7,,1,2
1,24,4,1,2003,2,1,1,1,2,1,1,2,1,1,1,4,1,2,14,2,1,7,,2,2
1,24,4,1,2003,2,3,1,2,2,1,1,2,1,1,1,1,1,2,14,1,1,7,35,2,2
1,24,4,1,2003,3,3,1,1,2,1,1,1,1,1,1,2,1,2,4,6,1,7,,1,2
6,24,4,1,2003,1,4,1,1,2,1,1,1,1,1,1,1,1,2,13,6,1,7,,1,2
1,24,4,2,2003,2,1,1,2,2,1,2,2,1,1,1,1,1,2,14,1,1,1,,1,2
1,24,4,2,2003,2,1,1,2,2,1,1,1,1,1,1,1,1,2,14,11,1,1,45,1,2
3,24,4,2,2003,3,1,1,2,2,1,1,1,1,3,1,4,1,2,14,6,1,1,,1,2
2,19,4,1,2003,4,1,1,2,2,1,2,1,1,1,1,1,1,2,13,6,2,1,,1,2
3,19,4,1,2003,3,1,1,2,2,1,1,4,1,3,2,4,1,2,17,7,2,7,,1,2
4,18,4,2,2003,3,7,8,1,2,1,1,1,1,1,1,2,1,2,6,11,1,7,35,2,2
1,23,4,3,2003,2,3,1,2,2,1,1,1,1,1,1,2,1,2,14,6,1,4,45,2,2
7,25,3,1,2003,2,3,1,1,2,1,1,1,1,1,1,3,1,2,9,6,1,3,33,1,2
5,24,4,3,2003,3,1,1,1,2,1,1,1,1,1,1,1,1,2,14,4,2,7,,1,2
9,24,4,3,2003,2,7,1,1,2,1,1,1,1,1,1,1,1,1,14,6,1,7,,2,2
6,24,4,3,2003,2,1,3,1,1,1,1,1,1,1,1,2,2,,8,6,2,7,,1,2
6,24,4,3,2003,1,3,1,1,1,1,1,1,1,1,1,2,1,2,14,6,2,6,,1,2
7,24,4,3,2003,3,1,1,2,1,1,1,1,1,1,1,4,1,1,4,6,1,6,28,1,2
3,25,4,2,2003,2,1,1,2,2,1,1,1,1,1,1,1,1,2,8,5,1,1,40,2,2
3,25,4,3,2003,4,1,1,2,2,1,2,2,1,1,1,1,1,2,9,6,1,1,,1,2
3,25,3,2,2003,3,1,1,2,2,1,1,1,1,1,1,1,1,2,12,6,2,6,,1,2
1,25,3,2,2003,3,1,1,1,2,1,1,1,1,1,1,4,1,2,6,7,2,1,22,2,2
5,25,4,1,2003,1,1,1,1,2,1,1,1,1,1,1,2,1,2,7,7,1,6,42,1,2
8,26,4,2,2003,2,1,1,2,2,1,1,1,1,1,1,3,1,2,8,6,1,1,30,1,2
9,26,1,1,2003,2,7,1,1,2,1,1,1,1,1,1,4,1,2,8,11,1,1,30,1,2
1,20,4,1,2003,3,1,1,2,2,1,1,1,1,1,1,5,1,1,4,6,1,6,,2,2
1,20,3,2,2003,2,1,1,2,2,1,1,1,1,1,3,3,1,2,9,6,1,6,40,2,2
3,20,1,2,2003,2,1,1,2,2,1,1,1,1,1,1,2,1,2,14,6,1,6,55,2,2
1,20,4,2,2003,3,7,1,2,2,1,1,1,1,1,1,5,1,2,19,6,2,6,,2,2
1,19,4,3,2003,2,1,1,2,2,1,1,1,1,1,1,1,1,2,8,8,1,1,30,2,2
3,19,4,3,2003,2,1,1,2,2,1,2,2,1,1,1,4,1,2,17,2,2,6,28,2,2
4,24,4,4,2003,3,1,3,2,2,1,1,1,1,1,1,2,1,2,9,6,1,7,,1,2
5,24,4,4,2003,4,1,1,1,2,1,2,1,1,1,1,4,1,2,7,6,1,7,,1,2
1,25,4,3,2003,2,1,8,2,1,1,1,1,1,1,1,4,1,2,14,6,1,7,,1,2
4,20,4,3,2003,3,1,3,2,2,1,1,1,1,1,1,2,1,2,9,6,1,1,,1,2
4,20,4,3,2003,2,1,8,2,2,1,1,1,1,1,1,4,1,2,14,6,1,1,,2,2
3,25,4,4,2003,3,1,1,2,2,1,1,1,1,1,1,3,1,2,11,6,1,1,,2,2
2,19,4,4,2003,2,1,3,1,2,1,1,1,1,1,1,2,1,2,8,6,1,1,,2,2
1,21,4,4,2003,2,1,1,1,2,1,2,1,1,1,1,1,1,1,9,6,1,1,,2,2
1,21,4,4,2003,2,1,1,2,2,1,2,1,1,1,1,2,1,2,9,6,1,7,,1,2
1,21,2,3,2003,1,1,4,2,2,1,1,4,1,1,1,5,1,2,9,1,1,7,,1,2
1,21,4,4,2003,4,1,1,2,2,1,4,1,1,1,1,1,1,2,6,6,1,6,,2,2
4,21,4,4,2003,2,1,1,2,2,1,1,1,1,3,1,4,1,2,7,6,1,7,,2,2
4,26,4,5,2003,2,7,8,2,2,1,1,1,1,1,1,2,1,2,8,4,1,7,,1,2
1,24,3,5,2003,4,1,1,2,2,1,3,1,1,1,2,5,1,1,9,6,1,1,,1,2
1,24,4,5,2003,3,1,1,2,2,1,1,1,1,1,1,1,1,2,9,6,1,1,,1,2
8,24,4,5,2003,3,1,1,2,2,1,1,1,1,1,1,1,1,2,8,6,1,3,,1,2
8,24,4,3,2003,2,1,3,2,2,1,1,1,1,1,1,4,1,2,12,6,1,3,,1,2
5,24,4,5,2003,2,1,1,1,2,1,1,1,1,1,1,4,1,2,12,4,1,1,,1,2
1,24,4,1,2003,3,1,1,2,2,1,1,1,1,1,1,1,1,2,12,6,1,1,,1,2
1,24,4,6,2003,1,1,1,2,1,2,4,2,2,1,1,1,1,2,9,2,1,7,,2,2
1,24,4,6,2003,3,1,1,2,2,1,1,1,1,1,1,5,1,1,14,5,1,7,,1,2
5,24,3,6,2003,2,3,1,1,2,1,1,1,2,1,1,4,1,1,9,6,1,1,,1,2
1,21,4,5,2003,2,7,1,2,2,1,1,1,1,1,1,2,1,2,12,6,1,1,,2,2
3,21,4,5,2003,3,7,1,2,2,1,1,1,1,1,1,2,1,2,6,6,1,1,28,2,2
3,21,4,5,2003,4,1,1,2,2,1,3,1,1,1,3,1,1,1,14,6,2,7,,1,2
6,18,3,9,2003,3,1,8,2,2,1,1,1,1,1,1,2,1,2,4,6,1,1,,2,2
1,18,3,8,2003,2,7,1,2,2,1,2,1,1,1,1,4,1,2,12,11,1,1,35,2,1
1,18,4,6,2003,3,1,3,2,2,1,1,1,1,1,1,1,1,2,14,6,1,1,47,1,2
1,18,1,9,2003,2,7,1,1,2,1,1,1,1,1,1,1,1,1,14,11,1,1,40,2,2
4,18,4,7,2003,3,7,1,1,2,1,1,1,1,1,1,1,1,2,8,11,1,7,35,2,2
3,18,4,8,2003,3,3,8,1,2,1,1,1,1,3,1,4,1,2,7,11,1,1,,1,2
2,23,4,7,2003,2,7,1,2,2,2,1,1,2,1,2,4,1,2,8,11,1,1,,2,2
1,21,4,9,2003,3,7,3,2,2,1,2,1,1,1,1,1,1,2,9,4,1,1,,1,2
3,21,4,9,2003,2,7,1,1,2,1,2,1,1,1,1,1,1,2,14,11,1,7,,1,2
3,21,4,9,2003,1,1,4,1,2,1,1,1,1,1,1,1,1,1,14,6,1,3,,2,2
3,21,4,9,2003,2,7,1,2,2,1,2,1,1,1,1,1,1,2,14,6,1,7,,2,2
4,21,3,5,2003,1,1,1,2,2,1,2,2,1,2,2,5,1,2,19,6,2,6,,2,2
1,24,4,7,2003,1,1,1,1,2,1,4,2,1,1,1,1,1,2,14,7,2,7,,2,2
1,24,4,7,2003,1,1,1,2,2,1,1,2,1,1,1,1,1,2,9,2,1,7,,2,2
1,24,4,7,2003,2,1,1,2,2,1,1,1,1,1,1,1,1,1,9,6,1,7,,2,2
1,24,4,7,2003,2,1,1,2,2,1,2,1,1,1,1,1,1,1,14,6,2,7,,2,2
1,24,4,7,2003,2,3,1,2,2,1,3,4,1,1,1,1,1,1,14,4,1,1,,1,2
3,24,4,7,2003,2,1,1,2,2,1,1,1,1,1,1,4,1,2,19,11,2,6,,2,2
2,24,4,7,2003,1,1,2,2,2,1,1,1,1,1,1,1,1,1,14,6,1,1,,2,2
4,24,1,7,2003,3,1,1,2,2,2,1,2,2,3,2,4,1,2,14,6,2,7,,1,2
3,25,4,3,2003,3,1,1,1,2,1,1,1,1,1,1,4,1,2,7,6,1,7,22,2,2
1,22,4,8,2003,3,1,8,2,2,1,4,1,1,1,2,1,1,2,14,6,1,1,35,1,2
1,21,4,7,2003,2,1,8,1,2,1,1,1,1,1,1,1,1,2,9,6,2,7,,1,2
1,21,4,7,2003,1,1,8,2,2,1,1,1,1,1,1,1,1,2,9,11,1,1,45,2,2
1,21,4,7,2003,4,1,1,2,2,1,4,1,1,1,1,1,1,2,14,6,1,1,,1,2
1,21,3,7,2003,3,3,1,2,2,1,1,1,1,1,1,2,1,2,14,11,1,1,,2,2
1,21,3,7,2003,2,1,1,1,2,1,1,1,1,1,1,4,1,1,9,6,1,7,,1,2
1,21,3,7,2003,3,4,1,2,2,1,1,1,1,1,1,1,1,1,14,6,1,1,,1,2
6,21,4,7,2003,4,1,1,2,2,2,4,1,2,1,1,1,2,2,14,11,2,7,30,1,2
3,21,4,7,2003,3,1,1,2,2,1,1,1,1,1,1,1,1,2,9,6,1,7,35,2,2
3,21,4,7,2003,3,7,1,2,2,1,1,1,1,1,1,4,1,2,9,6,1,1,,2,2
2,19,4,6,2003,2,1,1,1,2,1,1,1,1,1,1,2,1,2,,,,,,1,2
6,21,4,8,2003,1,1,1,2,2,1,2,1,1,1,1,1,1,2,8,6,1,1,41,2,2
3,21,4,8,2003,4,7,1,2,2,1,2,1,1,1,1,1,1,2,14,6,1,1,,1,2
3,21,4,8,2003,3,2,1,2,2,1,1,1,1,1,1,1,1,1,9,6,1,7,,2,2
1,24,4,1,2003,1,1,1,2,2,1,1,1,1,1,1,1,1,2,9,6,1,7,,2,2
1,24,4,8,2003,4,1,1,2,2,1,2,2,1,1,1,1,1,2,9,6,1,7,,1,2
5,24,4,8,2003,2,7,8,2,2,1,1,1,1,1,1,1,1,2,9,6,1,1,,2,2
2,24,4,8,2003,3,7,1,1,2,1,1,1,1,1,1,1,1,2,14,6,1,1,38,1,2
3,20,4,8,2003,2,1,1,2,2,1,1,2,1,1,1,1,1,2,8,6,1,1,34,2,2
3,20,4,8,2003,3,1,1,2,2,1,1,1,1,1,1,2,1,2,4,6,1,7,,2,2
4,20,4,8,2003,3,1,1,2,2,1,1,1,1,1,1,4,1,2,9,6,1,7,40,2,2
2,18,4,8,2003,3,3,1,2,2,1,1,5,1,1,2,2,1,2,9,6,1,1,,1,2
1,24,4,9,2003,3,3,1,2,2,1,1,1,1,1,1,1,1,2,9,6,1,7,35,1,2
3,24,4,9,2003,3,1,8,2,2,1,1,1,1,1,1,2,1,2,8,6,1,1,35,1,2
9,24,4,9,2003,3,7,3,1,2,1,1,1,1,1,1,1,1,1,14,11,1,7,,1,2
1,22,4,9,2003,3,1,1,2,2,1,1,1,1,1,1,1,1,2,9,11,1,1,34,1,2
1,22,4,9,2003,4,7,3,2,2,1,1,1,1,1,1,1,1,2,8,6,1,7,,1,2
3,23,3,9,2003,3,1,1,2,2,1,1,2,1,1,1,4,1,2,9,1,1,1,40,2,2
3,20,4,9,2003,2,1,1,2,2,1,1,1,1,2,1,4,1,2,17,6,2,6,35,1,2
4,20,2,9,2003,3,1,8,2,2,1,1,1,1,1,1,3,1,2,8,6,1,1,35,2,2
1,21,4,6,2003,4,7,1,2,2,1,1,1,1,1,1,1,1,2,14,6,1,1,,1,2
1,21,4,6,2003,3,1,1,1,2,1,1,1,1,1,1,1,1,2,9,11,1,7,,2,2
6,21,4,6,2003,3,7,8,2,2,1,1,2,1,1,1,1,1,2,14,6,1,1,33,1,2
3,21,4,6,2003,2,1,3,2,2,1,1,1,1,1,1,4,1,1,9,6,1,7,,2,2
3,21,4,6,2003,3,7,1,2,2,1,1,1,1,1,1,1,1,1,9,8,1,7,,1,2
3,21,4,6,2003,2,7,1,2,2,1,1,1,1,1,1,1,1,1,9,11,1,7,,1,2
5,21,4,6,2003,4,1,1,1,2,1,4,1,1,1,1,4,1,2,14,6,2,7,,1,2
2,29,4,7,2003,2,1,1,2,2,1,1,1,1,1,1,4,1,2,9,6,1,1,,2,2
7,29,4,5,2003,3,1,1,2,2,1,1,1,1,1,1,2,1,2,9,6,1,1,,2,2
9,29,4,5,2003,3,1,1,1,2,1,1,1,1,1,1,4,1,2,4,6,1,7,,2,2
5,25,3,5,2003,1,1,1,2,2,1,4,1,1,1,1,4,1,2,4,6,1,7,,2,2
6,25,4,6,2003,3,1,1,2,2,1,1,1,1,1,1,4,1,2,4,6,1,7,,2,2
3,25,4,6,2003,2,1,1,1,2,1,1,1,1,1,1,4,3,2,9,8,1,1,35,2,2
7,25,4,6,2003,2,1,1,2,2,1,1,1,1,1,1,2,1,2,9,6,1,1,,1,2
3,21,4,10,2003,1,7,3,2,2,1,2,1,1,1,1,1,1,2,,,,,,1,2
2,20,4,6,2003,2,7,8,1,2,1,2,1,1,1,2,4,1,2,8,11,2,7,35,2,2
5,18,4,11,2003,1,1,1,2,2,1,1,1,1,1,1,4,1,2,14,6,2,6,,1,2
4,18,4,11,2003,3,4,1,2,2,1,1,2,1,1,1,2,1,2,9,1,1,1,32,2,2
6,18,4,11,2003,2,1,1,2,2,1,1,1,1,1,1,1,1,2,14,11,1,7,,1,2
1,21,4,11,2003,4,1,1,2,2,4,4,1,1,1,1,2,1,2,14,6,1,1,,1,2
1,21,3,11,2003,1,1,1,2,2,4,4,1,1,1,1,2,1,2,13,6,2,7,,1,2
1,23,4,11,2003,4,7,8,2,2,1,1,1,1,1,1,4,1,2,9,6,1,1,,2,2
2,22,4,11,2003,2,1,1,2,2,1,1,1,1,1,1,4,1,2,9,6,1,7,,2,2
1,22,4,11,2003,3,1,1,2,2,1,1,5,1,1,1,4,1,2,14,11,1,1,,2,2
3,23,4,11,2003,3,7,1,2,2,1,1,1,1,1,1,4,1,2,4,6,1,1,26,2,1
3,24,4,11,2003,3,1,4,2,2,1,2,1,1,1,1,2,1,2,14,6,2,7,,1,2
1,24,4,11,2003,3,3,1,2,2,1,1,1,1,1,1,1,3,2,6,4,1,6,,1,2
1,24,4,12,2003,2,4,1,2,2,1,1,1,1,1,1,1,1,2,4,4,2,1,35,1,2
1,24,4,12,2003,3,1,1,2,2,1,1,1,1,1,1,1,1,2,14,6,1,1,,1,2
1,24,3,12,2003,1,4,1,2,2,1,4,1,1,1,1,1,1,2,14,4,2,1,,1,2
3,24,4,12,2003,3,1,4,2,2,1,1,1,1,1,1,1,1,2,9,6,1,1,40,2,2
9,24,4,12,2003,2,7,8,2,2,1,1,1,1,1,1,2,2,1,14,4,1,7,,1,2
9,24,4,12,2003,3,3,8,2,2,1,1,1,1,1,1,1,1,1,14,6,2,7,,1,2
2,18,4,10,2003,2,3,1,1,2,1,2,1,1,1,1,1,1,2,4,6,1,1,35,2,2
7,25,4,9,2003,4,3,1,2,2,1,2,2,1,1,1,2,1,2,10,1,1,1,25,1,2
1,25,4,10,2003,4,1,4,2,2,1,3,1,1,1,1,2,1,1,14,6,1,1,,1,2
3,23,4,11,2003,2,1,1,2,2,1,1,1,1,1,1,4,1,2,4,6,1,7,30,2,1
3,21,4,12,2003,1,7,1,1,2,1,1,2,1,1,1,1,4,2,14,2,1,1,,2,2
1,21,4,12,2003,4,1,1,2,2,1,4,1,1,1,1,1,1,2,9,6,1,1,,1,2
5,21,4,12,2003,3,1,1,1,1,1,1,4,1,1,1,4,1,2,14,6,1,1,16,2,2
5,13,4,1,2003,3,3,1,2,1,1,1,1,1,1,1,2,1,2,14,6,1,1,26,2,2
5,13,4,1,2003,2,1,1,2,2,4,1,1,1,1,1,2,1,2,8,11,1,1,30,2,2
5,13,4,2,2003,4,1,3,2,2,3,2,1,1,1,1,2,1,2,9,6,2,1,,1,2
5,13,4,2,2003,1,1,8,2,2,1,2,3,1,1,1,1,1,2,14,6,1,1,,2,2
1,13,4,1,2003,2,1,1,2,2,1,1,1,1,1,1,3,1,2,10,6,1,1,,2,2
3,12,4,1,2003,2,1,1,2,1,1,1,1,1,1,1,3,1,1,9,8,1,1,,2,2
1,7,4,1,2003,3,1,1,2,2,1,1,4,1,1,1,1,1,2,8,6,1,1,42,2,2
2,7,4,1,2003,2,1,1,2,2,4,1,1,1,1,1,3,1,2,9,6,1,1,,2,2
2,1,1,1,2003,2,1,1,1,2,4,1,1,1,1,1,4,1,2,8,6,1,1,27,2,2
3,6,4,1,2003,4,1,1,2,2,1,1,2,1,1,1,1,1,2,14,4,1,1,,2,2
2,4,4,1,2003,2,2,1,2,2,4,2,1,1,1,1,3,1,2,9,6,1,1,,2,2
6,4,4,1,2003,4,1,1,2,2,1,2,1,1,1,1,1,1,2,14,6,1,1,35,2,2
3,3,4,1,2003,3,3,2,2,2,1,1,1,1,1,1,2,1,2,9,6,1,1,,2,2
1,2,4,2,2003,2,1,1,2,2,4,1,1,1,1,1,1,1,2,8,6,1,1,,1,2
1,2,4,2,2003,2,1,1,2,2,1,1,1,1,1,1,3,1,2,8,6,1,1,,2,2
3,14,1,1,2003,1,1,1,2,2,1,3,1,1,1,1,5,1,1,4,6,1,1,,1,2
5,1,4,2,2003,2,1,1,2,2,1,2,1,1,1,1,3,1,2,14,6,1,1,,2,2
6,15,4,1,2003,2,1,1,2,2,1,1,2,1,1,1,1,1,2,14,6,1,1,,2,2
5,15,4,1,2003,3,1,1,2,2,1,2,1,1,1,1,3,1,2,14,6,1,1,35,2,2
5,15,4,1,2003,2,1,1,2,2,4,2,1,1,1,1,3,1,2,13,6,2,1,,2,2
5,15,1,1,2003,2,1,1,2,2,1,1,1,1,1,1,3,1,2,14,6,2,1,,2,2
1,15,4,2,2003,2,3,1,2,2,1,1,1,1,1,1,1,1,2,8,5,1,1,60,1,2
6,15,4,2,2003,4,3,2,2,2,1,2,1,1,1,1,1,1,1,7,6,1,1,,1,2
3,15,4,2,2003,3,1,1,2,2,1,1,1,1,1,1,1,1,2,19,6,1,1,,2,2
1,4,4,2,2003,2,3,1,1,2,1,1,1,1,1,1,3,1,2,14,6,1,1,33,2,2
6,9,4,2,2003,2,1,1,2,2,1,4,1,1,1,1,2,1,2,9,6,1,1,,2,2
2,9,4,2,2003,4,1,1,2,2,1,2,1,1,1,1,2,1,2,14,6,1,1,,2,2
8,9,4,2,2003,2,1,1,1,2,1,1,2,1,1,1,4,2,2,8,1,1,1,45,2,2
11,9,3,1,2003,1,1,1,2,2,1,2,4,2,2,2,2,2,,14,11,1,1,27,2,2
3,9,4,1,2003,3,1,8,1,2,1,1,1,1,1,1,3,1,1,8,6,1,1,25,2,2
10,9,4,2,2003,4,1,1,2,2,1,2,1,1,1,1,1,1,2,9,6,1,1,,1,2
10,9,4,3,2003,3,1,1,2,2,1,1,1,1,1,1,1,1,2,8,6,2,1,45,2,2
10,3,4,2,2003,4,1,8,2,2,1,2,1,1,3,1,4,1,2,19,6,1,1,,2,2
12,3,3,2,2003,2,1,1,2,2,1,1,1,1,1,1,3,1,2,4,6,1,2,35,1,2
5,6,4,1,2003,2,1,1,2,2,4,1,1,1,1,1,1,1,2,9,6,1,1,,2,2
1,8,4,3,2003,4,1,1,2,2,1,2,1,1,1,1,3,1,2,14,6,2,1,,2,2
3,12,4,3,2003,2,1,1,2,2,1,1,1,1,1,1,3,1,2,19,6,1,1,,2,2
1,14,4,3,2003,3,1,2,1,1,1,1,1,1,1,1,5,1,1,14,6,1,1,,1,2
4,14,1,3,2003,1,2,1,2,2,1,2,1,1,1,1,1,1,1,13,6,1,1,30,2,2
2,14,4,3,2003,1,1,1,2,2,1,4,1,1,1,1,1,1,1,14,6,1,1,,2,2
2,14,4,3,2003,3,1,1,1,2,1,4,1,1,1,1,5,1,1,14,6,1,1,,2,2
7,13,4,2,2003,4,1,3,2,2,1,4,1,1,1,1,2,1,2,19,6,1,1,,2,2
5,13,4,3,2003,4,1,1,2,1,1,1,1,1,1,1,2,1,2,14,6,1,1,,1,2
5,13,4,3,2003,3,1,1,2,1,1,1,1,1,1,1,2,1,2,8,6,1,1,,1,2
6,13,3,3,2003,3,1,1,1,2,1,1,1,1,1,1,2,1,2,7,4,1,1,25,2,2
6,13,4,3,2003,2,1,1,2,2,1,1,1,1,1,1,2,1,2,14,11,1,1,,2,2
1,17,3,1,2003,4,1,1,2,2,1,4,1,1,1,1,4,4,2,19,6,1,1,,2,2
1,17,4,2,2003,3,1,1,2,2,1,1,1,1,1,1,1,1,1,13,6,1,1,35,1,2
1,17,4,2,2003,3,1,1,2,2,1,1,1,1,1,1,1,1,2,9,6,1,1,50,2,2
9,17,4,1,2003,2,1,1,2,2,1,1,2,1,1,1,1,1,2,9,6,1,1,32,1,2
10,17,4,1,2003,2,1,1,2,2,1,1,1,1,1,1,1,1,2,8,6,1,1,30,2,2
8,17,4,1,2003,2,1,1,2,2,1,1,1,1,1,1,1,1,2,9,6,1,1,,2,2
8,17,4,1,2003,4,1,1,2,2,1,2,1,1,1,1,1,1,2,9,6,1,1,35,2,2
8,17,1,2,2003,1,1,1,2,2,1,4,1,1,1,1,1,1,2,12,6,1,1,35,2,2
7,17,4,2,2003,1,1,1,2,2,1,1,1,1,1,1,1,1,2,9,6,1,1,,2,2
3,17,4,1,2003,1,1,1,2,2,1,2,1,1,2,2,3,2,2,14,6,1,1,,2,2
6,4,4,3,2003,2,1,1,2,2,1,1,1,1,1,1,1,1,2,14,6,1,1,,2,2
7,13,4,5,2003,2,1,1,2,2,1,1,1,1,1,1,1,1,2,14,6,1,1,,2,2
5,13,4,5,2003,2,1,1,2,2,1,1,1,1,1,1,2,1,2,14,6,1,1,,2,2
8,13,3,5,2003,4,1,1,2,2,2,4,1,2,1,1,1,1,2,8,6,1,1,35,2,2
3,13,4,5,2003,4,1,1,2,2,1,4,1,1,3,2,4,1,2,14,6,1,1,,2,2
4,12,3,5,2003,4,1,1,2,2,1,2,1,1,1,1,3,1,2,19,6,2,1,20,2,2
1,1,3,5,2003,2,1,1,2,2,1,1,1,1,1,1,1,1,2,12,6,1,1,,2,2
5,8,4,5,2003,3,1,1,2,2,1,1,1,1,1,1,1,1,1,7,6,1,1,26,2,2
7,8,4,5,2003,3,1,1,2,2,1,1,4,1,1,1,5,1,2,9,6,1,1,,1,2
3,8,4,5,2003,4,1,1,2,2,1,2,1,1,1,1,1,1,2,14,6,1,1,,1,2
3,8,4,5,2003,3,1,1,2,2,1,1,1,1,1,1,1,1,2,7,4,1,1,,2,2
3,8,4,5,2003,2,1,1,2,2,1,2,1,1,1,1,1,1,2,8,6,1,1,40,2,2
3,8,4,5,2003,1,1,1,2,2,1,1,1,1,1,1,1,1,2,9,11,1,1,,1,2
3,8,4,5,2003,1,1,1,2,2,1,1,1,1,1,1,1,1,2,14,6,1,7,,1,2
3,14,3,5,2003,4,1,1,2,2,1,3,1,1,1,1,5,1,1,8,6,1,1,32,2,2
1,14,3,5,2003,2,1,3,2,2,1,1,1,5,1,1,5,1,1,7,11,1,1,,2,2
1,4,1,4,2003,3,1,1,2,2,1,1,1,1,1,1,2,1,1,8,6,1,1,42,1,2
6,4,4,4,2003,4,1,1,2,2,1,4,1,1,1,1,1,1,1,7,6,1,1,,2,2
6,4,4,4,2003,3,1,1,2,2,1,1,1,1,1,1,5,1,2,4,6,1,1,,2,2
2,4,4,4,2003,3,1,1,1,1,1,1,5,5,1,1,4,5,2,14,1,1,1,,2,2
1,14,4,4,2003,3,3,1,2,1,1,1,2,1,1,1,5,1,1,9,2,1,1,,1,2
1,14,4,4,2003,3,1,1,2,2,1,1,1,1,1,1,5,1,2,9,4,1,1,,2,2
3,14,4,4,2003,2,2,4,2,2,1,1,1,1,1,1,5,1,1,14,4,1,1,40,2,2
10,3,4,3,2003,4,1,8,2,2,1,4,1,1,1,1,1,1,2,19,11,1,1,,2,2
3,3,3,3,2003,3,1,1,2,2,1,1,2,1,1,1,2,1,2,9,1,1,1,38,2,2
1,3,4,3,2003,4,1,1,1,2,1,1,1,1,1,1,1,1,2,12,1,1,1,,2,2
7,3,3,3,2003,3,3,3,2,2,1,1,1,1,1,1,2,1,2,14,6,1,1,,1,2
1,7,4,4,2003,2,2,1,2,2,1,1,1,1,1,3,3,1,1,14,6,1,1,,2,2
7,7,3,4,2003,3,1,1,2,2,1,1,1,1,1,1,3,1,1,19,4,1,1,25,2,2
8,7,4,4,2003,2,1,1,2,2,1,1,2,1,1,1,1,1,2,8,1,1,1,,2,2
7,7,3,4,2003,3,1,1,2,2,1,1,1,1,1,1,3,1,2,14,6,1,1,50,2,2
4,8,3,4,2003,4,1,1,2,2,1,4,1,1,1,1,2,1,2,4,6,1,1,,2,2
2,2,1,4,2003,3,1,8,2,2,1,1,1,1,1,1,3,1,2,14,5,1,1,39,2,2
1,2,4,4,2003,3,1,3,2,2,1,1,1,1,1,1,1,1,2,8,6,1,1,,1,2
5,13,4,4,2003,4,1,1,2,2,1,2,1,1,1,1,2,1,2,14,5,2,1,45,2,2
5,13,1,4,2003,4,1,1,2,2,1,4,1,1,1,1,2,1,2,7,6,1,1,26,2,2
7,13,4,4,2003,4,1,3,2,2,1,4,1,1,1,1,2,1,2,19,6,1,1,,2,2
6,15,4,3,2003,2,1,1,2,2,1,1,1,1,1,1,1,1,2,9,6,2,1,37,1,2
6,15,4,3,2003,4,1,1,2,2,1,2,1,1,1,1,1,1,1,14,6,2,1,,2,2
6,15,4,3,2003,1,1,1,2,2,1,4,4,5,1,1,1,1,2,14,5,2,1,40,2,2
4,12,3,6,2003,3,1,1,1,2,2,1,1,3,1,3,4,1,2,14,4,1,1,25,2,2
7,13,1,2,2003,3,1,1,1,2,1,1,1,1,1,1,4,4,2,14,6,1,1,,2,2
4,8,4,6,2003,3,1,1,2,2,1,1,1,1,1,1,1,1,2,8,6,1,1,35,2,2
2,14,4,6,2003,4,2,1,1,2,2,4,1,2,1,1,1,1,1,8,6,1,1,40,2,2
3,10,4,5,2003,4,1,1,2,2,1,2,1,1,1,1,3,1,2,14,6,1,1,,2,2
4,10,4,1,2003,3,1,1,1,2,1,1,1,1,1,1,3,1,2,14,6,1,1,,2,2
5,13,4,6,2003,3,1,1,2,2,1,1,1,1,1,1,2,1,2,14,4,1,1,,2,2
5,3,4,5,2003,2,1,4,2,2,1,2,1,1,1,1,3,1,2,8,6,2,1,36,2,2
4,11,1,3,2003,4,7,1,2,2,1,4,1,1,1,1,2,1,2,8,11,1,1,,2,2
4,11,4,3,2003,3,3,1,2,2,2,1,2,2,1,1,4,1,2,15,11,1,1,45,2,2
2,6,4,6,2003,2,1,1,2,2,2,1,4,2,1,2,1,1,2,9,1,1,1,,2,2
1,11,3,6,2003,3,1,1,2,2,1,1,1,1,1,1,,1,2,14,6,1,1,,2,2
1,11,4,6,2003,3,3,1,1,2,1,2,3,1,1,1,2,2,2,8,11,1,1,,2,2
1,11,4,6,2003,1,1,1,2,2,1,3,1,1,1,1,1,1,1,14,6,1,1,,2,2
1,11,4,6,2003,2,1,1,1,2,1,1,1,1,1,1,4,1,2,5,6,1,1,,2,2
1,11,4,3,2003,2,1,1,2,2,1,1,1,1,1,1,2,1,2,14,6,1,1,,2,2
1,11,4,3,2003,4,2,1,2,2,1,3,1,1,1,1,5,1,1,14,6,1,1,38,2,2
1,11,4,1,2003,3,1,8,2,2,1,1,1,1,1,1,5,1,1,14,6,1,1,,1,2
8,11,4,6,2003,2,1,1,2,2,1,4,1,1,1,2,3,1,2,14,6,1,3,,2,2
5,11,1,3,2003,4,1,3,2,2,1,3,1,1,1,1,1,1,2,14,4,1,1,33,2,2