Thana,District,Accident_Severity,Month,Year,Time,Junction_Type,Traffic_Control,Movement,Divider,Weather,Light,Road_Geometry,Surface_Condition,Surface_Type,Surface_Quality,Road_Class,Road_Feature,Location_Type,Vehicle_Type,Vehicle_Movement,Vehicle_Loading,Vehicle_Defect,Vehicle_Driver_Age,Vehicle_Alcohol,Vehicle_Seat_Belt
5,11,4,3,2003,1,1,1,2,2,1,2,1,1,1,1,1,1,2,9,6,1,1,,1,2
3,3,4,4,2003,4,1,1,2,2,1,4,1,1,1,1,3,1,1,12,6,1,1,27,2,2
5,3,4,5,2003,4,1,4,2,2,1,4,1,1,1,1,3,1,2,14,6,1,1,,2,2
1,3,3,5,2003,2,1,1,1,1,1,1,1,1,1,1,5,2,1,14,6,1,1,40,1,2
1,3,1,5,2003,3,1,1,1,2,1,1,1,1,1,1,1,1,2,14,6,1,3,45,2,2
7,3,4,5,2003,2,1,1,2,1,1,1,1,1,1,1,2,1,2,14,6,1,1,,2,2
4,8,3,7,2003,3,1,1,1,2,1,1,1,1,1,1,2,1,2,14,6,1,1,,1,2
3,8,4,7,2003,2,2,3,2,2,1,1,1,1,1,1,1,1,2,8,6,1,1,30,2,2
3,3,4,6,2003,2,1,1,2,2,2,1,2,2,1,1,2,1,2,9,2,1,1,35,2,2
7,7,1,6,2003,3,1,1,2,2,1,1,2,1,1,1,,1,2,9,1,1,1,45,2,2
6,11,4,4,2003,,1,1,2,2,1,1,1,1,1,1,2,1,2,14,6,1,1,,2,2
6,11,4,5,2003,3,1,1,2,2,2,1,1,2,1,1,2,1,2,8,6,1,1,,2,2
8,11,4,6,2003,4,1,1,2,2,1,4,1,1,1,1,2,1,2,14,6,1,1,,2,2
8,11,4,6,2003,1,1,1,2,2,1,4,1,1,1,1,4,1,2,14,6,1,1,,2,2
2,11,3,5,2003,2,1,1,2,2,1,2,1,1,1,2,2,1,2,14,6,1,1,30,2,2
8,11,4,5,2003,3,1,1,2,2,1,1,1,1,1,1,2,1,2,14,6,1,1,,2,2
10,17,4,3,2003,2,7,1,1,2,1,1,1,1,1,1,1,1,2,8,6,1,1,40,2,2
10,17,4,5,2003,3,1,1,2,2,1,1,1,1,1,1,1,1,2,9,6,1,1,,2,2
10,17,4,6,2003,2,1,1,2,2,1,1,1,1,1,1,1,1,2,9,6,1,1,,2,2
10,17,4,6,2003,2,1,1,2,2,2,1,1,2,1,1,4,1,2,14,11,1,1,35,2,2
8,17,4,4,2003,3,1,1,2,2,1,1,1,1,1,1,1,1,2,9,6,1,1,,2,2
8,17,4,5,2003,4,1,3,1,2,1,3,1,1,2,1,1,1,2,9,6,1,1,,1,2
8,17,4,6,2003,3,1,1,2,2,1,1,1,1,1,1,1,1,2,9,6,1,1,,1,2
8,17,4,6,2003,3,1,3,1,2,1,1,1,1,1,1,1,1,2,9,6,1,1,,2,2
1,17,4,3,2003,3,1,1,2,2,1,1,1,1,1,1,1,1,2,15,6,1,1,,1,2
1,17,4,3,2003,2,1,1,2,2,1,2,1,1,1,1,1,1,2,9,6,1,1,,1,2
7,17,4,6,2003,4,1,3,2,1,1,2,1,1,1,1,1,1,1,8,6,2,7,,1,2
7,17,4,5,2003,2,1,8,2,2,1,1,1,1,1,3,5,1,2,9,6,1,7,,2,2
6,17,1,3,2003,3,1,1,1,2,1,1,1,1,1,1,3,1,1,8,8,1,1,30,2,2
3,17,4,5,2003,2,2,3,1,2,1,1,1,1,1,1,3,1,2,9,1,1,1,32,2,2
11,9,4,7,2003,2,1,1,2,2,1,2,1,1,1,1,1,1,2,14,11,1,1,,2,2
1,10,1,6,2003,2,2,6,2,2,1,1,1,1,1,1,2,1,2,8,11,1,1,,1,2
6,9,4,7,2003,3,2,8,1,1,1,1,1,1,1,1,2,1,1,14,11,1,1,,2,2
7,9,4,8,2003,2,7,8,2,2,1,1,1,1,1,1,1,1,2,14,6,1,7,35,2,2
7,9,4,9,2003,3,3,8,2,1,1,1,1,1,1,1,1,1,2,19,11,1,7,40,1,2
7,9,4,9,2003,3,3,1,1,2,1,1,1,1,1,1,1,1,2,13,4,1,7,40,1,2
10,11,3,8,2003,3,1,1,2,2,1,1,1,1,1,1,4,1,2,12,2,1,1,,2,2
5,11,4,8,2003,1,1,1,2,2,1,4,1,1,1,1,1,1,2,14,6,2,1,35,2,2
4,11,4,9,2003,2,3,1,2,2,1,1,1,1,1,1,4,1,2,4,6,1,1,,2,2
8,11,4,9,2003,4,1,1,2,2,1,4,1,1,1,1,3,3,2,14,6,1,1,,2,2
4,11,4,9,2003,2,3,8,2,2,1,1,1,1,3,1,4,1,2,7,8,1,1,,2,2
1,2,4,8,2003,4,1,4,1,2,1,3,1,1,1,1,5,1,1,14,7,1,7,40,2,2
1,10,3,9,2003,2,1,1,2,2,1,1,1,1,1,1,3,1,2,8,6,1,1,,2,2
3,6,4,2,2003,2,1,1,2,2,1,1,1,1,1,1,3,1,2,14,6,1,1,,2,1
3,6,4,3,2003,3,1,1,2,2,1,1,1,1,1,1,3,1,1,14,6,1,1,,2,2
4,6,4,7,2003,3,1,1,2,2,1,1,1,1,1,1,1,4,2,9,6,1,1,55,2,2
1,6,4,7,2003,3,1,1,2,2,1,1,1,1,1,1,1,1,2,9,6,1,1,40,2,2
1,6,3,9,2003,4,1,1,2,1,1,1,1,1,1,1,1,1,2,8,6,1,1,34,2,2
5,15,4,8,2003,2,1,1,2,2,1,2,1,1,1,1,3,1,2,14,6,1,1,,2,2
1,8,4,9,2003,2,1,1,2,2,1,3,1,1,1,1,3,1,2,8,5,1,1,35,2,2
5,13,4,9,2003,3,1,1,2,2,1,1,1,1,1,1,3,1,2,8,6,1,1,,2,2
9,13,1,9,2003,4,1,4,2,2,1,4,1,1,1,1,4,1,1,8,6,1,1,29,1,2
9,13,4,9,2003,4,1,1,2,2,1,1,2,1,1,1,3,1,2,19,1,1,1,33,2,2
3,15,4,8,2003,4,1,1,2,2,1,2,1,1,1,1,1,1,2,14,6,1,1,,2,2
5,10,4,7,2003,1,1,1,2,2,1,2,1,1,1,1,3,1,2,19,11,1,1,55,2,2
4,15,4,7,2003,2,1,1,2,2,1,1,2,1,1,1,3,1,2,9,6,1,1,,2,2
3,15,4,7,2003,1,1,1,2,2,1,2,1,1,1,1,3,1,2,14,6,1,5,55,2,2
6,3,4,8,2003,4,1,1,2,2,1,2,1,1,1,1,3,1,2,8,6,1,1,1,2,2
5,1,4,9,2003,2,1,8,2,2,1,2,1,1,1,1,1,1,2,14,6,1,1,45,2,2
5,1,4,9,2003,3,1,8,2,2,1,3,1,1,1,1,1,1,2,9,10,1,1,45,2,2
9,11,4,7,2003,3,1,1,1,2,1,1,1,1,1,1,3,1,2,14,11,1,1,35,2,2
8,11,4,7,2003,2,1,1,2,2,1,1,1,1,1,2,3,1,2,14,6,1,3,,2,2
5,13,4,8,2003,2,3,1,2,2,1,1,1,1,1,1,3,1,2,14,6,1,1,,2,2
3,8,4,8,2003,4,1,1,2,2,1,4,1,1,1,1,1,1,2,14,6,1,1,,2,2
3,8,4,8,2003,4,3,3,2,1,1,1,1,1,1,1,1,1,2,8,4,1,1,,2,2
4,8,4,9,2003,4,1,1,2,2,2,2,3,2,1,1,2,1,2,10,6,1,1,,2,2
3,8,4,9,2003,2,1,1,2,2,1,4,1,1,1,1,1,1,2,14,6,1,3,,1,2
5,13,4,9,2003,2,1,1,2,2,1,4,1,1,1,1,2,1,2,4,6,1,1,,2,2
4,11,4,7,2003,2,1,8,1,2,2,4,1,2,1,1,3,1,2,14,11,1,1,,2,2
12,9,4,8,2003,3,3,8,2,2,1,1,2,1,1,1,1,1,2,8,11,2,1,,1,2
3,13,4,7,2003,2,7,1,2,2,1,1,2,1,1,1,3,1,2,14,1,2,6,40,1,2
5,13,3,7,2003,2,1,1,2,2,1,1,1,1,1,1,2,2,2,14,6,1,1,40,2,2
2,14,4,7,2003,3,1,1,1,2,1,1,1,1,1,1,1,1,1,14,6,1,1,29,2,2
2,1,3,6,2003,2,1,1,2,2,2,1,1,2,1,1,3,2,2,8,1,1,1,39,2,2
1,1,4,6,2003,3,1,1,2,2,2,1,1,1,1,1,1,1,2,8,6,1,1,,2,1
5,1,4,6,2003,3,1,1,2,2,1,1,1,2,1,1,1,1,2,8,6,1,1,42,2,2
1,15,4,8,2003,4,1,1,2,2,2,4,1,1,1,1,1,1,2,14,6,1,1,55,2,2
4,3,4,7,2003,4,1,1,1,2,1,4,1,1,1,1,4,1,2,9,6,1,1,,2,2
12,3,4,7,2003,3,3,8,1,2,1,1,1,1,1,1,3,1,2,14,5,1,1,33,2,2
5,9,3,6,2003,2,1,1,2,2,1,1,1,1,1,1,3,1,2,8,6,1,1,28,1,2
5,9,3,4,2003,2,1,1,1,2,1,1,1,1,2,2,4,1,2,4,6,1,1,28,1,2
2,9,4,6,2003,2,1,1,1,2,1,1,1,1,1,1,2,1,2,14,6,1,1,,2,2
12,9,4,1,2003,3,1,1,2,2,1,1,1,1,1,1,1,1,2,14,11,1,1,33,2,2
1,15,4,5,2003,3,1,1,2,2,1,1,1,1,1,1,1,1,2,14,6,1,7,40,2,2
1,15,3,5,2003,2,1,8,2,2,1,1,1,1,1,1,1,1,2,19,6,2,1,,2,2
6,15,1,5,2003,2,1,1,2,2,1,1,1,1,1,1,1,1,2,12,4,1,1,35,2,2
5,15,4,5,2003,2,1,1,2,2,1,1,2,1,1,1,4,1,2,9,5,1,1,,2,2
1,15,4,4,2003,2,1,3,2,2,1,1,1,1,1,1,1,1,2,8,6,1,1,40,2,2
5,15,3,4,2003,4,1,1,2,2,1,4,1,1,1,1,3,1,2,7,6,1,1,25,2,2
4,15,4,4,2003,2,3,1,1,2,2,2,2,2,1,2,3,1,2,13,2,1,3,26,2,2
1,15,4,9,2003,3,1,1,2,2,1,2,1,1,1,1,1,1,2,7,6,1,1,,2,2
4,15,4,9,2003,4,1,1,1,2,1,2,1,1,1,1,1,1,2,19,1,1,1,,2,2
5,15,4,9,2003,3,2,1,2,2,1,1,1,1,1,1,3,1,2,4,11,1,1,,2,2
7,15,4,6,2003,2,1,1,2,2,1,1,2,1,1,1,3,1,2,19,2,2,1,22,2,2
4,15,4,6,2003,3,1,1,2,2,1,1,1,1,1,1,1,1,2,7,6,1,1,,2,2
1,17,4,7,2003,2,1,1,2,2,1,1,1,1,1,1,4,4,2,19,6,2,1,25,2,2
1,17,4,8,2003,2,1,1,2,2,1,1,1,1,1,1,4,1,2,14,6,1,7,,1,2
1,17,1,8,2003,2,1,8,2,2,1,1,1,1,1,1,5,1,2,6,6,1,7,,1,2
1,17,4,8,2003,3,1,1,2,2,1,1,1,1,1,1,1,1,2,9,6,1,7,26,2,2
1,17,4,9,2003,2,1,1,2,2,1,1,1,1,1,1,1,1,2,9,5,1,7,,1,2
7,17,4,7,2003,3,1,8,2,2,1,1,1,1,1,1,1,1,2,9,6,1,1,,1,2
7,17,4,9,2003,1,1,8,2,1,1,4,1,1,1,1,1,1,2,14,6,1,7,42,2,2
7,17,4,9,2003,2,1,1,1,2,1,1,1,1,1,1,4,1,2,17,5,1,7,40,2,2
3,17,4,7,2003,2,1,1,2,2,1,1,1,1,1,1,1,1,2,19,11,2,6,25,1,2
3,17,4,9,2003,3,3,1,1,1,1,1,1,1,1,1,1,1,2,19,6,2,1,,1,2
6,17,4,9,2003,3,1,1,1,2,1,1,2,1,1,1,4,1,2,8,2,1,1,48,2,2
8,17,4,7,2003,2,1,1,2,2,1,1,1,1,1,1,3,1,2,6,1,1,1,,2,2
10,17,4,7,2003,2,1,1,1,2,1,1,1,1,1,1,1,1,2,8,6,1,1,,2,2
10,17,4,9,2003,3,1,3,2,2,1,1,1,1,1,1,1,1,2,8,6,1,1,,2,2
2,17,4,8,2003,3,1,1,2,2,1,1,1,1,2,2,3,1,2,7,6,1,1,,2,2
2,17,4,9,2003,3,1,3,2,2,1,1,1,1,1,1,3,1,2,8,6,1,1,30,2,2
4,14,1,10,2003,4,1,7,2,2,1,2,1,1,1,1,5,1,1,5,6,1,1,,1,2
3,14,3,10,2003,1,3,1,2,2,1,1,1,1,1,1,5,1,1,4,6,1,1,37,2,2
4,14,4,9,2003,2,7,3,2,2,1,1,1,1,1,1,5,1,2,14,6,1,7,,2,2
2,14,4,9,2003,3,1,1,2,2,1,1,1,1,1,1,5,1,1,8,1,1,1,,2,2
3,14,3,9,2003,2,3,1,2,2,1,1,1,1,1,1,5,1,1,12,6,2,1,,1,2
10,9,4,7,2003,2,1,1,2,2,1,2,1,1,1,1,1,1,2,14,11,1,1,,2,2
1,12,4,10,2003,2,1,1,2,2,1,1,1,1,1,1,3,1,2,8,6,1,1,35,2,2
1,11,4,10,2003,1,4,1,2,2,1,1,1,1,1,1,2,1,1,14,6,1,1,32,2,2
10,11,4,10,2003,3,3,3,1,2,1,2,1,1,1,1,3,1,2,8,6,1,1,35,2,2
8,7,4,10,2003,2,1,1,1,2,1,1,1,1,1,1,3,1,2,9,6,1,1,,2,2
3,3,4,9,2003,4,1,1,2,2,1,2,1,1,1,1,4,1,2,6,6,1,1,30,2,2
4,3,3,9,2003,4,1,1,2,2,1,1,1,1,1,1,3,1,2,9,5,1,1,30,2,2
1,9,4,3,2003,2,1,3,2,2,1,1,1,1,1,1,5,1,1,14,6,1,1,,2,2
6,4,3,2,2003,3,1,1,2,1,1,1,1,1,1,1,1,1,2,8,6,1,1,,2,2
1,4,3,6,2003,2,1,1,2,2,2,1,1,2,1,1,2,5,2,14,11,1,1,35,2,2
6,4,4,8,2003,2,1,1,2,2,1,1,1,1,1,1,1,1,1,8,6,1,1,42,2,2
5,4,4,8,2003,3,1,3,2,2,1,1,1,2,1,1,3,1,2,14,6,2,7,30,2,2
1,4,3,7,2003,2,1,1,2,2,1,1,1,1,1,1,3,1,1,9,6,1,1,,2,2
1,4,4,5,2003,3,1,1,2,2,1,1,1,1,1,1,3,1,2,8,6,1,1,35,2,2
2,13,4,10,2003,3,1,1,2,2,1,1,1,1,1,1,3,1,2,19,6,1,1,,2,2
5,5,4,4,2003,1,3,1,2,1,1,2,1,1,1,1,1,1,2,14,6,1,1,41,2,2
5,5,4,3,2003,3,1,1,1,2,1,1,1,1,1,1,1,1,2,9,6,1,1,40,2,2
5,5,4,1,2003,2,1,1,2,1,4,2,1,1,1,1,1,1,2,13,6,1,1,34,2,2
5,5,1,1,2003,2,1,1,2,2,4,1,1,2,1,1,1,1,1,9,9,1,1,45,2,2
5,5,4,1,2003,3,1,1,2,1,1,1,1,1,1,1,1,1,2,4,6,1,1,,2,1
1,5,4,9,2003,3,7,8,2,2,1,1,1,1,1,1,1,1,2,9,6,1,1,,2,2
1,5,4,6,2003,3,1,1,2,2,1,1,1,1,1,2,5,1,1,8,5,2,1,35,1,2
1,5,4,1,2003,2,1,8,2,2,1,1,1,1,1,1,1,1,1,14,6,1,1,,1,2
8,5,4,5,2003,4,1,8,2,1,1,4,1,1,1,1,1,1,2,14,6,1,1,,2,2
8,5,4,1,2003,3,3,3,2,1,1,1,1,1,1,1,1,1,1,14,6,2,1,,2,2
5,5,4,4,2003,2,1,1,2,2,1,1,1,1,1,1,4,1,2,14,6,1,1,40,2,2
5,5,4,5,2003,3,1,1,2,1,1,1,1,1,1,1,1,1,2,12,6,1,1,35,1,2
5,5,3,7,2003,2,1,1,2,1,2,1,1,2,1,1,1,1,2,9,6,1,1,,2,2
5,5,4,9,2003,1,1,1,2,1,1,4,3,1,1,1,1,2,2,14,6,1,1,28,2,2
5,5,4,9,2003,2,1,1,2,2,1,1,1,1,1,1,1,1,2,8,6,1,1,35,2,2
6,5,4,1,2003,3,2,1,2,2,1,1,1,1,1,1,1,1,2,9,6,1,1,,2,2
6,5,3,6,2003,2,1,1,1,1,1,1,1,2,1,1,1,1,2,9,6,1,1,,2,2
6,5,4,7,2003,1,7,1,2,2,1,4,1,1,1,1,3,1,2,14,6,1,1,,2,2
6,5,4,9,2003,4,7,1,2,2,1,2,1,1,1,1,1,1,2,13,6,1,1,,2,2
7,5,4,2,2003,4,1,8,1,2,4,4,1,1,1,1,1,1,2,9,6,1,1,,2,2
11,3,3,10,2003,1,1,1,2,2,1,1,1,1,1,1,3,1,2,8,6,2,1,,1,2
2,5,4,3,2003,3,1,3,2,2,1,1,1,1,1,1,3,1,2,9,6,2,1,,1,2
5,15,4,10,2003,3,1,1,2,2,1,1,1,1,1,1,3,1,2,9,6,1,1,,2,2
1,2,4,11,2003,2,1,4,2,2,1,1,1,1,1,1,1,1,2,14,6,1,7,,1,2
4,12,4,11,2003,4,7,8,1,2,1,4,1,5,1,3,3,1,2,14,5,2,7,,1,2
8,13,4,11,2003,2,1,1,2,2,1,1,1,1,1,1,1,1,2,9,6,1,1,40,2,2
5,13,1,11,2003,2,1,1,2,1,1,1,1,1,1,1,2,1,2,8,6,1,5,36,2,2
6,13,4,11,2003,3,1,1,2,2,1,1,5,2,2,1,2,1,1,19,11,1,1,,2,2
6,3,4,11,2003,4,1,1,2,2,1,1,1,1,1,1,3,1,2,9,6,2,1,,2,2
3,14,4,11,2003,2,7,8,1,2,1,1,1,1,1,1,2,1,2,8,6,1,7,,2,2
2,14,3,11,2003,2,1,1,2,2,1,1,1,1,1,1,1,1,1,9,6,1,1,,2,2
3,1,3,11,2003,2,1,8,2,2,1,1,1,1,1,1,1,1,2,12,6,1,1,35,2,1
4,15,4,11,2003,2,1,1,2,2,1,1,1,1,1,1,1,1,2,9,6,1,7,40,2,2
6,15,4,11,2003,2,1,1,2,2,1,1,1,1,1,1,1,1,2,8,6,1,7,35,2,2
1,4,4,11,2003,2,1,1,2,2,1,1,1,1,1,1,3,1,2,9,6,2,2,35,2,2
5,4,4,11,2003,3,1,1,2,2,1,1,1,1,1,1,3,1,2,9,6,1,1,47,2,2
5,4,4,11,2003,3,1,1,2,2,1,1,1,1,1,1,3,1,2,7,6,1,1,,2,2
2,4,4,11,2003,3,1,1,2,2,1,1,1,1,1,1,3,1,2,9,6,1,1,,2,2
5,11,4,11,2003,2,1,1,2,2,1,1,1,1,1,1,2,1,2,7,6,1,1,26,2,2
3,11,4,11,2003,1,1,1,2,2,1,1,1,1,1,1,2,1,2,14,1,1,1,35,2,2
1,14,4,12,2003,2,3,1,2,2,1,1,1,1,1,1,1,1,1,14,6,1,1,,2,2
1,14,4,12,2003,1,7,8,2,2,1,2,1,1,2,1,5,1,1,9,7,1,1,,2,2
3,14,4,12,2003,4,1,8,2,1,1,1,1,1,1,1,5,1,2,7,11,1,7,,1,2
10,7,3,12,2003,2,7,8,2,2,1,1,1,1,1,1,3,1,2,13,6,1,3,20,2,2
1,7,4,12,2003,3,7,1,2,2,1,1,2,1,1,1,2,1,2,14,6,1,1,,2,2
10,7,3,12,2003,4,7,1,2,2,1,3,1,1,1,1,2,1,2,9,11,1,1,41,2,2
4,11,4,11,2003,1,1,1,2,2,1,1,1,1,1,1,2,1,2,19,11,1,7,32,2,2
1,11,4,11,2003,2,4,1,2,2,1,1,2,1,1,2,2,1,1,10,6,1,1,,2,2
3,3,1,12,2003,4,1,1,2,2,1,1,1,1,1,1,2,1,1,17,1,1,1,,2,2
3,3,4,12,2003,3,1,1,2,2,1,1,1,1,1,1,2,1,2,9,6,1,1,32,2,2
11,9,4,10,2003,3,1,1,2,2,1,1,1,1,1,1,1,1,2,9,6,1,1,,2,2
11,9,4,11,2003,2,5,1,1,2,1,1,1,1,1,1,3,3,2,8,1,1,3,40,1,2
10,9,4,7,2003,1,3,1,2,2,1,2,1,1,1,1,1,1,1,14,6,2,1,37,2,2
12,9,4,11,2003,3,1,1,2,2,1,1,1,1,1,1,1,1,1,9,5,1,1,,2,2
4,12,4,12,2003,1,7,8,2,2,1,4,1,1,1,1,2,1,2,8,6,1,7,,2,2
3,9,4,10,2003,2,3,8,1,2,1,1,1,1,1,1,3,1,2,8,11,1,1,35,2,2
5,9,4,11,2003,2,1,8,2,2,1,1,1,1,1,1,1,1,2,14,6,1,1,,2,2
2,9,4,12,2003,2,1,1,2,1,1,1,1,1,1,1,1,1,1,8,6,1,7,,1,2
11,9,4,12,2003,3,7,1,2,2,1,1,1,1,1,1,1,1,1,9,11,1,1,45,2,2
2,1,3,12,2003,2,1,1,1,2,4,1,2,1,1,1,3,1,2,8,2,1,1,38,2,2
3,1,4,12,2003,3,1,1,2,2,1,1,1,1,1,1,4,1,2,14,11,1,1,,2,2
1,10,4,10,2003,3,7,1,2,2,1,1,1,1,1,1,3,1,2,8,11,1,7,40,2,2
3,10,1,12,2003,1,1,8,1,2,1,1,1,1,1,1,2,1,2,4,6,1,1,,2,2
2,10,1,10,2003,2,7,1,2,2,2,1,2,2,1,1,3,1,2,8,2,1,1,,2,2
8,11,4,11,2003,2,1,1,2,2,1,1,1,1,1,1,4,1,2,4,6,1,7,,1,2
7,16,4,3,2003,3,1,3,2,2,1,1,1,1,1,1,5,1,1,9,11,1,1,,2,2
7,16,4,3,2003,4,1,1,2,2,1,1,1,1,1,1,4,1,2,19,6,1,1,,2,2
7,16,4,5,2003,3,1,1,2,2,1,1,1,1,1,1,1,1,2,9,6,1,1,,2,2
7,16,4,11,2003,2,1,1,2,2,1,1,1,1,1,1,1,1,2,9,6,1,1,,2,2
9,16,4,9,2003,2,1,2,2,2,1,1,1,1,1,1,1,1,2,16,6,1,1,,1,2
1,16,4,3,2003,2,1,1,2,2,1,1,1,1,1,1,3,1,2,14,6,1,1,,2,2
1,16,4,3,2003,3,7,4,1,2,1,1,1,1,1,1,5,1,1,9,6,1,1,38,2,2
1,16,4,6,2003,3,1,1,1,2,1,1,1,1,1,1,3,1,2,8,4,2,1,,1,2
1,16,4,6,2003,2,1,1,1,1,1,1,1,1,1,1,3,1,1,9,6,1,1,,2,2
1,16,4,9,2003,2,7,8,2,2,1,1,1,1,1,1,3,1,2,4,4,1,1,,2,2
1,16,3,11,2003,3,1,1,2,2,1,1,1,1,1,1,3,1,2,9,6,1,1,,2,2
1,16,4,12,2003,3,1,8,1,2,1,1,1,1,1,1,3,1,2,9,6,1,1,,2,2
8,16,4,12,2003,3,1,1,2,1,1,1,1,1,1,1,1,1,2,9,6,1,1,,2,2
10,16,4,3,2003,2,1,1,1,2,1,1,1,1,1,1,3,1,2,14,6,1,1,,2,2
10,16,4,3,2003,3,1,1,2,2,1,1,1,1,1,1,1,1,2,9,6,1,1,,2,2
10,16,4,4,2003,1,1,1,2,2,1,1,1,1,1,1,1,1,2,14,6,1,1,,1,2
10,16,4,5,2003,2,1,1,2,2,1,1,1,1,1,1,1,1,2,14,6,1,1,,2,2
10,16,4,5,2003,,1,1,2,2,1,1,1,1,1,1,1,1,2,14,6,1,1,,2,2
10,16,3,6,2003,3,1,1,2,1,1,1,1,1,1,1,1,1,2,9,6,1,1,,2,2
10,16,3,6,2003,4,1,1,2,2,1,1,1,1,1,1,1,1,2,9,6,1,1,,2,2
10,16,4,6,2003,4,1,1,2,2,1,1,1,1,1,1,1,1,1,7,6,1,1,,2,2
10,16,4,7,2003,1,1,1,1,1,1,1,2,1,1,1,1,1,2,9,6,1,1,,2,1
10,16,1,7,2003,3,1,1,2,2,1,1,1,1,1,1,1,1,1,9,6,1,1,,2,2
10,16,4,7,2003,1,1,1,2,2,1,1,1,1,1,1,1,1,1,9,6,1,1,,2,1
10,16,4,8,2003,2,1,1,2,1,1,1,1,1,1,1,1,1,2,9,6,1,1,,2,2
10,16,4,8,2003,,1,1,2,2,1,1,1,1,1,1,1,1,2,9,6,1,1,,2,2
10,16,4,9,2003,,1,1,2,2,1,1,1,1,1,1,1,1,1,9,6,1,1,,2,2
10,16,4,9,2003,3,1,1,2,2,1,1,1,1,1,1,1,1,2,14,6,1,1,,2,2
10,16,4,10,2003,,1,1,2,2,1,1,1,1,1,1,1,1,2,7,6,1,1,,2,2
10,16,4,10,2003,3,1,1,2,2,1,1,1,1,1,1,1,1,2,14,6,1,1,,2,2
10,16,3,10,2003,3,1,1,2,2,1,1,1,1,1,1,1,1,2,9,6,1,1,,2,2
10,16,4,11,2003,1,1,1,2,2,1,1,1,1,1,1,1,1,2,9,6,1,1,,2,2
10,16,4,12,2003,1,1,1,2,2,1,1,1,2,1,1,1,1,2,9,6,1,1,,2,2
11,16,4,4,2003,3,1,1,2,2,1,1,1,1,1,1,1,1,2,9,6,1,1,,2,2
11,16,3,7,2003,1,1,1,2,2,1,4,1,1,1,1,1,1,2,9,6,1,1,,2,2
11,16,4,9,2003,1,7,1,2,2,2,2,1,2,1,2,1,1,2,14,6,1,1,,2,2
11,16,4,8,2003,3,1,1,2,2,1,1,1,1,1,1,1,1,2,16,6,1,1,38,2,2
11,16,4,9,2003,2,1,1,2,2,1,1,1,1,1,1,1,1,2,12,6,1,1,,2,2
11,16,4,7,2003,2,1,1,2,2,1,1,1,1,1,1,1,1,2,8,4,1,1,,2,2
11,16,4,10,2003,3,7,3,1,2,1,1,1,1,1,1,1,2,2,9,5,1,1,,2,2
11,16,4,11,2003,1,1,3,2,2,1,3,1,1,1,1,1,1,2,19,11,1,1,,2,2
6,16,4,5,2003,4,1,1,2,2,1,4,1,1,1,1,1,1,2,14,6,1,1,,2,2
6,16,4,7,2003,2,1,1,2,2,1,4,1,1,1,1,1,1,2,14,6,1,1,,2,2
6,16,4,7,2003,4,1,1,2,2,1,4,1,1,1,1,1,1,2,14,11,1,3,,2,2
2,16,4,9,2003,3,1,3,2,2,1,1,1,1,1,1,4,1,2,8,6,2,1,30,1,2
8,16,4,4,2003,3,7,1,1,2,1,2,1,1,3,1,4,1,2,19,6,1,1,40,2,2
8,16,4,7,2003,2,7,1,2,2,2,1,1,2,1,1,3,1,2,19,11,1,1,25,2,2
8,16,4,10,2003,3,2,1,2,2,2,1,1,2,1,1,1,1,2,7,6,1,1,22,2,2
1,32,4,1,2003,2,3,1,2,2,1,1,1,1,1,1,2,1,1,8,6,1,1,30,2,2
1,32,4,2,2003,2,1,1,2,2,1,1,1,1,1,1,2,1,1,9,6,1,1,,2,2
6,30,3,1,2003,3,1,1,2,2,1,1,1,1,1,1,4,1,2,9,6,1,1,30,1,2
4,30,4,2,2003,3,1,1,2,2,1,1,1,1,1,1,3,1,2,8,6,1,1,40,2,2
5,30,4,1,2003,3,1,1,2,2,1,1,4,1,3,2,4,1,2,4,6,1,1,32,2,2
5,30,4,2,2003,2,1,1,2,2,1,1,1,1,1,1,4,1,2,10,6,1,1,22,2,2
5,30,4,2,2003,3,1,1,2,2,1,1,1,1,1,1,4,1,2,9,6,1,1,,2,2
5,27,4,3,2003,2,3,1,2,2,1,1,4,1,1,2,2,1,1,4,6,1,1,,2,1
5,30,4,2,2003,2,1,1,2,2,1,1,1,1,1,1,4,1,2,6,6,1,1,,2,2
5,30,4,3,2003,3,1,1,2,2,1,1,1,1,1,1,4,1,2,4,6,1,1,,2,1
6,34,1,2,2003,3,1,1,2,2,1,1,1,1,1,1,,1,2,9,6,1,1,,2,2
6,34,4,3,2003,2,1,1,2,2,1,1,1,1,1,1,1,1,2,12,6,1,1,47,2,2
1,34,4,3,2003,3,1,1,2,2,1,1,1,1,1,1,5,1,1,9,6,1,1,,1,2
7,30,4,4,2003,,1,1,2,2,1,4,1,1,1,1,1,1,2,6,6,2,1,25,1,2
5,30,4,4,2003,2,1,1,2,2,1,1,1,1,1,1,4,1,2,4,6,1,1,,2,2
2,32,4,4,2003,3,7,8,2,2,1,1,1,1,1,1,2,1,2,9,6,2,1,,2,2
5,27,4,5,2003,2,3,8,2,2,1,1,1,1,1,1,3,1,2,9,6,1,1,,2,2
1,31,1,5,2003,2,2,1,2,2,1,1,1,1,1,,5,1,,7,6,1,1,35,2,2
1,27,1,6,2003,1,1,5,2,2,1,1,1,1,1,1,2,1,1,8,11,1,3,,2,2
2,27,4,6,2003,3,1,1,2,2,1,1,1,1,1,1,2,1,2,6,6,1,1,,2,2
1,32,4,1,2003,,7,1,2,2,4,1,1,1,1,1,1,1,2,9,2,2,1,35,1,2