Thana,District,Accident_Severity,Month,Year,Time,Junction_Type,Traffic_Control,Movement,Divider,Weather,Light,Road_Geometry,Surface_Condition,Surface_Type,Surface_Quality,Road_Class,Road_Feature,Location_Type,Vehicle_Type,Vehicle_Movement,Vehicle_Loading,Vehicle_Defect,Vehicle_Driver_Age,Vehicle_Alcohol,Vehicle_Seat_Belt
1,32,4,5,2003,2,7,1,2,2,1,1,1,1,1,1,1,1,2,9,6,1,7,,2,2
3,33,4,2,2003,,1,1,2,2,1,1,1,1,1,1,2,1,2,6,6,1,,,2,2
3,33,4,3,2003,2,1,1,2,2,1,1,1,1,1,1,4,1,2,9,6,1,1,,2,2
3,33,4,6,2003,2,1,1,2,2,1,1,1,1,1,1,3,1,2,14,11,1,7,,2,2
3,33,4,7,2003,3,1,1,2,2,1,1,1,1,1,1,4,1,2,14,6,1,4,,2,2
4,33,1,4,2003,2,7,1,2,2,1,1,1,1,1,1,2,1,2,9,6,1,1,,2,2
4,33,2,6,2003,2,1,1,2,2,1,1,1,1,1,1,2,1,2,9,6,1,1,,2,2
4,33,4,6,2003,3,1,1,2,2,1,1,1,1,1,1,3,1,2,9,6,1,1,,1,2
1,33,4,5,2003,3,2,1,2,2,1,1,1,1,1,1,1,1,2,16,6,1,1,,2,2
5,33,1,3,2003,3,1,1,2,2,1,1,1,1,1,1,2,1,1,14,6,1,1,28,2,2
5,33,4,3,2003,3,1,1,2,2,1,1,1,1,1,1,5,1,1,13,6,1,1,,2,2
5,33,4,4,2003,2,1,1,2,2,1,1,1,1,1,1,2,1,1,9,6,2,1,40,2,2
5,30,4,5,2003,3,1,1,2,2,1,1,1,1,1,1,4,1,2,19,6,1,1,,2,2
7,30,3,5,2003,3,3,1,2,2,1,1,1,1,1,1,1,1,2,9,4,1,1,25,2,2
1,30,4,5,2003,2,1,1,2,2,1,1,1,1,1,1,1,1,2,8,1,1,1,35,2,2
1,30,4,6,2003,2,1,8,2,2,1,1,1,1,1,1,1,1,2,12,6,1,1,,2,2
6,34,2,4,2003,3,1,1,2,2,1,1,1,5,1,1,1,1,2,9,11,1,7,,2,2
6,34,4,5,2003,2,1,3,2,2,1,1,1,1,1,1,1,1,2,14,6,1,1,,1,2
6,34,4,6,2003,2,1,3,2,2,1,1,1,1,1,1,1,1,2,9,6,1,1,,2,2
5,34,2,7,2003,,1,1,2,2,1,1,1,1,1,1,4,1,2,19,6,1,1,,2,2
5,27,4,7,2003,3,1,8,2,2,1,1,1,1,1,1,3,1,2,9,6,1,1,30,1,2
2,27,3,7,2003,3,2,1,2,2,1,1,1,1,1,1,2,1,1,8,6,1,1,,2,2
5,33,4,8,2003,1,7,1,2,2,1,4,1,1,1,1,2,2,2,14,6,2,1,35,2,2
1,33,4,7,2003,2,7,3,2,2,1,1,1,1,1,1,1,1,2,14,6,1,1,,2,2
1,33,4,8,2003,2,2,4,2,2,1,1,1,1,1,1,5,1,1,5,9,1,1,35,2,2
1,31,4,11,2003,3,1,1,2,2,1,1,2,1,1,1,2,1,1,9,2,1,1,35,2,2
6,27,1,5,2003,2,2,1,2,2,2,1,1,3,3,2,4,3,2,6,6,2,1,,2,2
2,27,4,10,2003,3,1,1,2,2,1,1,1,1,1,1,2,1,2,4,6,1,1,38,2,1
2,27,4,11,2003,2,1,1,2,2,1,1,1,1,1,1,2,1,2,10,6,1,1,,2,2
2,27,4,11,2003,2,1,1,2,2,1,1,1,1,1,3,2,1,2,9,6,1,3,24,1,2
4,30,1,9,2003,2,1,1,2,2,1,1,1,1,1,1,4,1,2,4,6,1,1,22,2,1
5,30,4,10,2003,3,1,4,2,2,1,1,1,1,1,1,4,1,2,6,11,1,1,,2,2
4,30,4,10,2003,2,1,1,2,2,1,1,1,1,1,1,4,1,2,6,6,1,1,,2,2
1,30,4,11,2003,3,1,1,2,2,1,1,1,1,1,3,1,1,2,9,6,1,1,,2,2
2,30,4,11,2003,2,1,1,2,2,1,1,1,1,1,3,4,1,2,6,6,1,1,,2,2
1,27,4,9,2003,3,1,2,2,2,1,1,1,1,1,1,1,1,2,9,6,1,1,,2,2
1,27,1,9,2003,2,1,1,2,2,1,1,1,1,1,1,2,1,2,8,6,1,1,,2,2
1,30,4,8,2003,3,2,1,2,2,1,1,1,1,1,1,1,1,2,8,6,1,1,,1,2
4,33,4,12,2003,2,3,1,2,2,1,1,1,1,3,2,4,1,2,19,6,1,1,,2,2
2,33,4,9,2003,2,1,8,2,2,1,1,1,1,1,1,1,1,2,14,6,1,1,,1,2
2,33,4,10,2003,4,1,3,2,2,1,2,1,1,1,1,4,1,2,13,7,2,2,42,1,2
2,33,3,10,2003,3,1,1,2,2,1,1,1,1,1,1,1,1,2,9,6,1,1,,1,2
2,32,4,10,2003,2,1,1,2,2,1,1,2,1,1,3,4,1,2,6,6,1,1,,2,2
4,32,4,10,2003,3,1,1,2,2,1,2,1,1,1,1,1,1,2,9,6,1,1,,2,2
4,32,3,11,2003,2,1,1,2,2,1,2,1,1,1,3,1,1,2,14,1,1,1,,1,2
1,32,4,9,2003,2,1,1,2,2,1,1,1,1,1,1,1,1,2,9,6,1,3,,2,2
6,34,3,8,2003,3,1,1,2,2,1,1,1,1,1,1,1,1,2,7,6,1,1,,2,2
6,34,4,10,2003,2,1,1,2,2,1,1,1,1,1,1,1,1,2,9,6,1,1,28,2,2
1,34,3,4,2003,2,1,1,2,2,1,1,1,1,1,1,1,4,2,9,6,1,3,,1,2
1,34,4,12,2003,3,3,2,2,2,1,1,1,1,1,1,1,1,1,14,6,1,1,,1,2
1,34,4,12,2003,3,1,1,2,2,1,1,1,1,1,1,5,1,1,9,6,1,1,,1,2
1,34,1,12,2003,4,2,1,2,2,1,1,1,1,1,1,5,1,1,14,7,1,1,45,2,2
4,34,4,2,2003,4,1,1,2,2,1,3,1,1,1,1,1,2,2,9,6,1,1,,2,2
4,34,4,3,2003,3,1,1,2,2,1,1,1,1,1,1,1,1,2,9,6,1,1,,2,2
10,34,3,11,2003,2,1,1,2,2,1,1,1,1,1,1,1,1,2,9,6,1,1,40,2,2
3,34,4,11,2003,2,1,1,2,2,1,1,1,1,1,1,1,1,2,9,6,1,3,45,2,2
9,34,4,6,2003,3,1,1,2,2,1,1,1,1,1,1,4,1,2,6,11,1,1,32,2,2
7,34,4,5,2003,2,1,1,2,2,1,1,1,1,1,1,2,1,2,11,6,1,1,,2,2
7,34,3,8,2003,2,1,1,2,2,1,1,1,1,1,1,2,1,2,12,11,1,1,,2,2
7,34,3,8,2003,4,1,1,2,2,1,2,1,1,1,1,2,1,2,12,6,1,1,,2,2
1,34,4,9,2003,4,7,8,2,2,1,2,5,1,1,1,5,1,1,19,11,1,1,35,2,2
6,40,4,1,2003,3,1,1,2,2,1,1,1,1,1,1,1,1,2,9,6,1,1,40,2,2
1,38,4,1,2003,3,1,1,2,2,1,2,1,1,1,1,1,1,2,14,6,1,1,,2,2
3,38,3,1,2003,3,1,1,2,2,1,1,1,1,1,1,1,1,1,9,6,1,1,,2,2
6,38,3,1,2003,4,1,1,2,2,1,2,1,1,1,1,1,1,2,7,6,1,1,30,2,2
3,38,4,2,2003,2,1,1,2,2,1,1,1,1,1,1,1,1,2,8,6,1,1,,2,2
6,38,3,2,2003,3,1,1,2,2,1,1,1,1,1,1,1,1,2,16,6,1,1,40,2,2
1,35,4,1,2003,3,1,1,2,2,1,1,1,1,1,1,2,1,2,8,6,1,1,33,2,2
1,35,4,1,2003,2,1,1,2,2,1,1,1,1,1,2,3,4,2,4,6,1,1,,2,2
2,35,4,1,2003,3,1,1,2,2,4,4,1,1,3,3,3,1,2,14,6,1,1,,2,2
3,35,3,1,2003,4,1,1,2,2,1,4,1,1,1,1,3,1,2,8,6,1,1,,2,2
4,35,4,1,2003,3,1,1,2,2,1,1,1,1,1,1,1,1,2,7,6,1,1,,2,2
1,35,4,2,2003,2,1,1,2,2,1,1,1,1,1,1,3,1,2,14,6,1,1,28,2,2
3,36,4,2,2003,3,1,1,2,2,1,1,1,1,1,1,1,1,2,14,6,1,1,28,2,2
3,36,4,2,2003,2,1,1,2,2,1,1,1,1,1,1,1,1,2,9,6,1,1,35,2,2
3,36,4,2,2003,3,1,1,2,2,1,1,1,1,1,1,1,1,2,9,6,1,1,,2,2
1,35,4,2,2003,2,1,1,2,2,1,1,1,1,1,1,3,1,2,17,6,1,1,30,2,2
1,35,4,2,2003,4,1,1,2,2,1,4,1,1,1,1,3,1,2,7,6,1,1,,2,2
1,35,4,2,2003,3,1,1,2,2,1,1,1,1,1,1,2,1,2,9,6,1,1,,2,2
2,35,4,2,2003,3,1,1,2,2,1,1,1,1,1,1,3,1,2,6,6,1,1,,2,2
3,35,4,2,2003,4,1,1,2,2,1,2,1,1,1,1,3,1,2,8,6,1,1,,2,2
5,40,4,1,2003,3,1,1,2,2,1,1,1,1,1,1,1,1,2,14,6,1,1,,2,2
5,40,4,1,2003,4,1,1,2,2,4,4,1,1,1,1,1,1,1,13,6,1,1,,2,2
5,40,4,1,2003,2,1,1,2,2,4,1,1,1,1,1,1,4,2,9,6,1,1,,2,2
5,40,4,1,2003,3,1,1,2,2,1,1,1,1,1,1,1,1,2,14,6,1,1,,2,2
1,40,3,2,2003,2,1,1,2,2,1,1,1,1,1,1,1,1,2,8,6,1,1,,2,2
3,40,3,2,2003,3,1,1,2,2,1,1,1,1,1,1,1,1,2,10,6,1,1,,2,2
6,40,3,3,2003,4,1,1,2,2,1,2,2,1,1,1,1,1,2,8,6,1,1,,2,2
6,40,4,3,2003,2,1,1,2,2,1,1,1,1,1,1,1,1,2,8,6,1,1,,2,2
7,40,4,3,2003,3,1,1,2,2,1,1,1,1,1,1,3,1,2,8,6,1,1,,2,2
7,40,3,3,2003,3,1,1,2,2,1,1,1,1,1,1,1,1,2,8,6,1,1,,2,2
7,40,3,3,2003,2,1,1,2,2,2,1,3,2,1,2,3,1,2,8,6,1,1,,2,2
3,38,4,3,2003,3,1,1,2,2,1,1,1,1,1,1,1,1,2,8,6,1,1,,2,2
6,38,4,3,2003,3,1,1,2,2,1,1,1,1,1,1,3,1,2,9,6,1,1,,2,2
7,38,4,3,2003,4,1,1,2,2,1,2,1,1,1,1,1,1,2,9,6,1,1,,2,2
1,35,3,3,2003,3,1,1,2,2,1,1,1,1,1,1,2,1,2,9,6,1,1,,2,2
2,35,3,3,2003,2,1,1,2,2,1,1,1,1,1,1,3,1,2,14,6,1,1,,2,2
3,38,3,4,2003,1,1,1,2,2,1,1,1,1,1,1,1,1,2,7,6,1,1,,2,2
2,35,4,4,2003,2,1,1,2,2,1,1,1,1,1,1,3,1,2,4,6,1,1,,2,2
4,35,4,4,2003,3,1,1,2,2,1,1,1,1,1,1,2,1,2,8,6,1,1,,2,2
1,35,4,5,2003,2,1,1,2,2,1,1,1,1,1,1,2,1,1,10,6,1,1,35,2,2
1,35,3,5,2003,2,1,1,2,2,1,1,1,1,1,1,2,1,2,9,6,1,1,52,2,2
1,35,4,5,2003,3,1,1,2,2,1,1,1,1,1,1,2,1,2,14,6,1,1,,2,2
1,39,3,2,2003,3,1,1,2,2,1,1,1,1,1,1,1,1,2,14,6,1,1,,2,2
4,37,4,5,2003,2,1,1,2,2,1,1,1,1,1,1,3,1,2,14,6,1,1,,2,2
3,38,4,5,2003,3,1,1,2,2,1,1,1,1,1,1,1,1,2,9,6,1,1,,2,2
6,38,4,5,2003,1,1,1,2,2,1,2,1,1,1,1,1,1,2,14,6,1,1,40,2,2
6,38,3,5,2003,4,1,1,2,2,1,2,1,1,1,1,1,1,2,14,6,1,1,,2,2
6,38,4,5,2003,2,1,1,2,2,1,1,1,1,1,1,1,1,2,14,6,1,1,,2,2
7,38,3,5,2003,2,1,1,2,2,1,1,1,1,1,1,3,1,2,7,6,1,1,,2,2
1,40,3,4,2003,3,1,1,2,2,1,1,1,1,1,1,1,1,2,9,6,1,1,,2,2
5,40,4,4,2003,4,1,1,2,2,1,4,1,1,1,1,1,1,2,14,6,1,1,,2,2
6,40,3,4,2003,3,1,1,2,2,1,1,1,1,1,1,1,1,2,14,6,1,1,,2,2
7,40,4,4,2003,4,1,1,2,2,1,2,1,1,1,2,3,1,2,8,6,1,1,,2,2
5,40,4,5,2003,4,1,1,2,2,1,4,1,1,1,1,3,1,2,19,6,1,1,,2,2
5,40,4,5,2003,2,1,1,2,2,1,1,1,1,1,1,1,1,2,9,6,1,1,28,2,2
6,40,4,5,2003,4,1,1,2,2,1,2,1,1,1,1,1,1,2,11,6,1,1,35,2,2
7,40,3,5,2003,4,1,1,2,2,1,4,1,1,1,1,3,1,2,14,6,1,1,35,2,2
7,40,4,5,2003,4,1,1,2,2,1,2,1,1,1,1,3,1,2,13,6,1,1,,2,2
7,40,4,5,2003,2,1,1,2,2,1,1,1,1,1,1,3,1,2,14,6,1,1,,2,2
1,38,4,6,2003,2,1,1,2,2,1,1,1,1,1,1,1,1,2,9,6,1,1,,2,2
3,38,4,6,2003,3,1,1,2,2,1,1,1,1,1,1,1,1,2,6,6,1,1,,2,2
7,38,4,6,2003,4,1,1,2,2,1,4,1,1,1,1,1,1,2,14,6,1,1,,2,2
1,35,3,6,2003,2,1,1,2,2,1,1,1,1,1,3,3,1,2,8,6,1,1,,2,2
2,35,4,6,2003,2,1,1,2,2,1,1,1,1,1,1,3,1,2,9,6,1,1,,2,2
3,35,4,6,2003,2,1,1,2,2,1,1,1,1,1,1,3,1,2,8,6,1,1,,2,2
1,40,3,6,2003,4,1,1,2,2,1,2,1,1,1,1,1,1,2,9,6,1,1,,2,2
3,40,4,6,2003,3,1,1,2,2,1,1,1,1,1,1,1,1,2,9,6,1,1,,2,2
6,40,4,6,2003,2,1,1,2,2,1,1,1,1,1,1,1,1,2,10,6,1,1,,2,2
6,40,4,6,2003,4,1,1,2,2,1,4,1,1,1,1,1,1,2,9,6,1,1,,2,2
6,40,3,6,2003,4,1,1,2,2,1,4,1,1,1,1,1,1,2,,6,1,1,,2,2
1,39,4,5,2003,4,1,1,2,2,1,2,1,1,1,1,1,1,2,9,6,1,1,,2,2
2,39,4,5,2003,3,1,1,2,2,1,1,1,1,1,1,3,1,2,14,6,1,1,,2,2
3,39,4,5,2003,1,1,1,2,2,1,2,1,1,1,1,1,1,2,14,6,1,1,,2,2
3,39,4,5,2003,2,1,1,2,2,1,1,1,1,1,1,1,1,2,9,6,1,1,,2,2
4,39,4,5,2003,4,1,1,2,2,1,4,1,1,1,1,3,1,2,14,6,1,1,,2,2
4,39,4,5,2003,4,1,1,2,2,3,4,1,2,1,1,2,1,1,14,6,1,1,,2,2
2,39,3,6,2003,3,1,1,2,2,1,1,1,1,1,1,3,1,2,10,6,1,1,,2,2
1,38,4,7,2003,1,1,1,2,2,1,4,1,1,1,1,1,1,2,14,6,1,1,32,2,2
1,38,4,7,2003,2,1,1,2,2,1,1,1,1,1,1,1,1,2,9,6,1,1,35,2,2
1,38,3,7,2003,3,1,1,2,2,1,1,1,1,1,1,1,1,2,7,6,1,1,,2,2
7,38,4,7,2003,3,1,1,2,2,1,1,1,1,1,1,1,2,2,8,6,1,1,,2,2
1,36,3,7,2003,3,1,1,2,2,1,1,1,1,1,1,3,1,2,9,6,1,1,,2,2
1,35,4,4,2003,1,1,1,2,2,1,2,1,1,1,1,1,1,2,14,6,1,1,,2,2
1,35,4,7,2003,2,1,1,2,2,1,1,1,1,1,1,2,1,2,7,6,1,1,,2,2
1,35,4,7,2003,3,1,1,2,2,1,1,1,1,1,1,3,1,2,6,6,1,1,,2,2
2,35,4,7,2003,4,1,1,2,2,1,4,1,1,1,1,3,1,2,9,6,1,1,,2,2
4,35,4,7,2003,2,1,1,2,2,2,1,1,2,1,1,1,1,2,9,6,1,1,,2,2
1,35,4,8,2003,3,1,1,2,2,1,1,1,1,1,1,2,1,2,9,6,1,1,28,2,2
1,35,4,8,2003,2,1,1,2,2,1,1,1,1,1,1,3,1,2,4,6,1,1,,2,2
3,35,4,8,2003,2,1,1,2,2,1,2,1,1,1,1,3,1,2,9,6,1,1,,2,2
4,35,4,8,2003,4,1,1,2,2,1,2,1,1,1,1,1,1,2,9,6,1,1,,2,2
1,35,4,9,2003,3,1,1,2,2,1,1,1,1,1,1,2,1,2,8,6,1,1,,2,2
4,35,4,9,2003,2,1,1,2,2,2,1,1,2,1,1,1,1,2,9,6,1,1,30,2,2
4,35,4,9,2003,4,1,1,2,2,1,3,1,1,1,1,3,1,2,14,6,1,1,,2,2
4,35,4,9,2003,1,1,1,2,2,1,4,1,1,1,1,1,1,2,14,6,1,1,,2,2
5,35,4,9,2003,2,1,1,2,2,1,1,1,1,1,1,3,1,2,9,6,1,1,,2,2
12,20,4,11,2003,2,1,1,2,2,1,2,1,1,1,1,1,1,2,9,6,1,1,,2,2
1,40,3,7,2003,3,1,1,2,2,1,1,1,1,1,1,1,1,1,9,6,1,1,,2,2
3,40,3,7,2003,2,1,1,2,2,1,1,1,1,1,1,1,1,2,9,6,1,1,,2,2
3,40,3,7,2003,4,1,1,2,2,1,4,1,1,1,1,1,1,2,9,6,1,1,,2,2
6,40,4,7,2003,3,1,1,2,2,1,1,1,1,1,1,1,1,2,14,6,1,1,,2,2
6,40,3,7,2003,3,1,1,2,2,1,1,1,1,1,1,1,1,2,9,6,1,1,,2,2
6,40,4,8,2003,4,1,1,2,2,1,4,1,1,1,1,1,1,2,9,6,1,1,,2,2
1,40,4,9,2003,4,1,1,2,2,1,4,1,1,1,1,1,1,2,9,6,1,1,,2,2
6,40,1,9,2003,1,1,1,2,2,1,2,1,1,1,1,1,1,2,9,6,1,1,,2,2
1,40,4,10,2003,2,1,1,2,2,1,1,1,1,1,1,1,1,2,9,6,1,1,,2,2
1,40,4,10,2003,2,1,1,2,2,1,2,1,1,1,1,1,1,2,7,6,1,1,,2,2
1,40,2,10,2003,3,1,1,2,2,1,1,1,1,1,1,1,1,2,8,6,1,1,,2,2
3,40,4,10,2003,3,1,1,2,2,1,1,1,1,1,1,1,1,2,7,6,1,1,,2,2
3,40,3,10,2003,3,1,1,2,2,1,1,1,1,1,1,1,1,2,5,6,1,1,,2,2
6,40,4,10,2003,3,1,1,2,2,1,1,1,1,1,1,1,1,2,9,6,1,1,,2,2
6,40,4,10,2003,2,1,1,2,2,1,1,1,1,1,1,1,1,2,9,6,1,1,,2,2
3,40,3,11,2003,4,1,1,2,2,1,4,1,1,1,1,1,1,2,13,6,1,1,,2,2
6,40,4,11,2003,2,1,1,2,2,1,2,1,1,1,1,1,1,2,9,6,1,1,,2,2
6,40,4,11,2003,3,1,1,2,2,1,2,1,1,1,1,1,1,2,9,6,1,1,,2,2
1,35,4,11,2003,3,1,1,2,2,1,1,1,1,1,1,2,1,2,2,6,1,1,,2,2
1,35,4,11,2003,3,1,1,2,2,1,1,1,1,1,1,2,1,2,14,6,1,1,,2,2
1,35,3,11,2003,4,1,1,2,2,1,4,1,1,1,1,2,1,2,9,6,1,1,40,2,2
3,38,3,9,2003,4,1,1,2,2,1,4,1,1,1,1,1,1,2,14,6,1,1,,2,2
6,38,4,9,2003,3,1,1,2,2,1,1,1,1,1,1,1,1,2,14,6,1,1,,2,2
1,38,4,10,2003,2,1,1,2,2,1,1,1,1,1,1,1,1,2,9,6,1,1,,2,2
3,38,4,10,2003,4,1,1,2,2,1,4,1,1,1,1,1,1,2,9,6,1,1,,2,2
8,38,4,10,2003,3,1,1,2,2,1,1,1,1,1,1,3,1,2,4,6,1,1,,2,2
3,38,4,11,2003,3,1,1,2,2,1,1,1,1,1,1,3,1,2,12,6,1,1,,2,2
5,38,3,11,2003,3,1,1,2,2,1,1,1,1,1,1,3,1,2,9,6,1,1,,2,2
6,38,4,11,2003,3,1,1,2,2,1,1,1,1,1,1,1,1,2,9,6,1,1,,2,2
1,39,4,7,2003,3,1,1,2,2,1,1,1,1,1,1,2,1,2,9,6,1,1,,2,2
1,39,4,7,2003,3,1,1,2,2,1,1,1,1,1,1,2,1,2,9,6,1,1,,2,2
3,39,4,7,2003,2,1,1,2,2,1,1,1,1,1,1,1,1,2,9,6,1,1,38,2,2
3,39,4,7,2003,3,1,1,2,2,1,1,1,1,1,1,1,1,2,9,6,1,1,33,2,2
2,39,1,8,2003,2,1,1,2,2,1,1,1,1,1,1,3,1,2,9,6,1,1,25,2,2
3,39,4,8,2003,2,1,1,2,2,1,1,1,1,1,1,1,1,2,9,6,1,1,38,2,2
3,39,4,8,2003,2,1,1,2,2,1,1,1,1,1,1,2,1,2,14,6,1,1,32,2,2
3,39,4,8,2003,1,1,1,2,2,1,1,1,1,1,1,1,1,2,9,6,1,1,,2,2
1,39,4,9,2003,3,1,1,2,2,1,1,1,1,1,1,1,1,2,9,6,1,1,,2,2
1,39,3,9,2003,2,1,1,2,2,1,1,1,1,1,1,2,1,2,9,6,1,1,,2,2
3,39,4,9,2003,1,1,1,2,2,1,2,1,1,1,1,1,5,2,14,6,1,1,32,2,2
3,39,4,9,2003,2,1,1,2,2,1,1,1,1,1,1,1,1,2,8,6,1,1,,2,2
1,39,4,10,2003,3,1,1,2,2,1,1,1,1,1,1,1,1,2,9,6,1,1,,2,2
1,39,4,10,2003,3,1,1,2,2,1,1,1,1,1,1,2,1,2,9,6,1,1,,2,2
2,39,4,9,2003,3,1,1,2,2,1,1,1,1,1,1,3,1,2,4,6,1,1,,2,2
3,39,4,10,2003,3,1,1,2,2,1,1,1,1,1,1,1,1,2,12,6,1,1,,2,2
3,39,4,10,2003,4,1,1,2,2,1,1,1,1,1,1,1,1,2,9,6,1,1,45,2,2
1,39,4,11,2003,4,1,1,2,2,1,2,1,1,1,1,1,1,2,8,6,1,1,,2,2
1,39,4,11,2003,2,1,1,2,2,1,1,1,1,1,1,1,1,2,9,6,1,1,45,2,2
3,39,4,11,2003,3,1,1,2,2,1,1,1,1,1,1,1,1,2,9,6,1,1,44,2,2
4,39,4,11,2003,2,1,1,2,2,1,1,1,1,1,1,1,1,1,14,6,1,1,,2,2
6,38,4,12,2003,2,1,1,2,2,1,1,1,1,1,1,1,1,2,14,6,1,1,,2,2
3,37,4,9,2003,3,1,1,2,2,1,1,1,1,1,1,3,1,2,6,6,1,1,,2,2
4,37,4,10,2003,3,1,1,2,2,1,1,1,1,1,1,3,1,2,6,6,1,1,,2,2
6,37,4,10,2003,2,1,1,2,2,1,1,1,1,1,1,3,1,2,4,6,1,1,,2,2
4,37,4,11,2003,3,1,1,2,2,1,1,1,1,1,1,3,1,2,9,6,1,1,,2,2
3,39,4,12,2003,2,1,1,2,2,1,1,1,1,1,1,1,1,2,10,6,1,1,,2,2
4,39,3,12,2003,2,1,1,2,2,1,1,1,1,1,1,1,1,2,14,6,1,1,,2,2
3,40,3,12,2003,4,1,1,2,2,1,3,1,1,1,1,1,1,2,9,6,1,1,,2,2
3,40,3,12,2003,2,1,1,2,2,1,1,1,1,1,1,1,1,2,8,6,1,1,,2,2
7,40,4,12,2003,2,1,1,2,2,1,1,1,1,1,1,3,1,2,8,6,1,1,,2,2
1,36,4,10,2003,1,1,1,2,2,1,2,1,1,1,1,1,1,2,13,6,1,1,,2,2
1,36,4,11,2003,3,1,1,2,2,1,1,1,1,1,1,3,1,2,9,6,1,1,,2,2
3,36,4,9,2003,1,1,1,2,2,1,4,1,1,1,1,1,1,2,14,6,1,1,,2,2
1,35,4,10,2003,2,1,1,2,2,1,1,1,1,1,1,1,1,2,9,6,1,1,,2,2
1,35,3,10,2003,3,1,1,2,2,2,1,1,2,1,1,2,1,2,9,6,1,1,,2,2
1,35,4,10,2003,4,1,1,2,2,1,4,2,2,1,1,2,1,2,9,6,1,1,,2,2
5,35,4,10,2003,2,1,1,2,2,1,1,1,1,1,1,3,1,2,9,6,1,1,,2,2
3,28,4,1,2003,3,1,8,2,2,1,1,1,1,1,2,3,1,1,9,6,1,1,35,2,2
2,28,4,1,2003,3,2,4,2,1,1,1,1,1,1,1,2,1,1,7,6,1,1,,2,2
2,28,3,4,2003,3,1,8,1,1,1,1,1,5,3,1,5,1,1,12,11,1,1,,2,2
5,28,4,4,2003,3,1,8,2,1,1,1,1,1,1,1,5,1,1,9,6,1,1,,2,2
5,28,4,5,2003,3,2,4,1,2,1,1,1,1,1,1,5,5,1,9,9,1,1,,2,2
5,28,4,7,2003,3,1,1,1,1,1,1,1,1,1,1,5,1,1,9,6,1,1,38,1,2
5,28,4,8,2003,2,2,5,2,1,1,1,2,1,1,1,3,1,1,16,11,1,1,,2,2
1,28,3,11,2003,2,7,1,2,2,1,1,1,1,1,1,1,1,1,14,6,1,7,33,2,2
1,28,4,8,2003,2,7,1,2,1,1,1,1,1,1,1,5,1,1,14,6,1,1,40,2,2
1,28,3,2,2003,3,1,4,1,1,1,1,1,1,1,1,5,1,1,5,6,1,1,20,2,2
1,28,4,5,2003,2,7,8,1,1,1,1,1,1,1,1,5,1,1,5,11,1,6,27,1,2
1,28,3,5,2003,2,7,3,1,2,1,1,3,1,2,1,1,1,1,14,6,1,7,,1,2
5,28,4,12,2003,4,7,8,2,2,1,2,5,1,1,1,2,1,1,9,6,1,1,,1,2
2,28,1,2,2003,2,1,8,2,1,1,1,1,1,1,1,5,1,1,5,6,1,1,25,2,2
2,28,4,3,2003,2,1,2,2,1,1,1,1,1,1,1,5,1,1,9,11,1,1,38,2,2
2,28,4,7,2003,2,1,2,2,1,1,1,1,1,1,1,5,1,1,9,11,1,1,,2,2
2,28,4,6,2003,4,1,8,1,2,1,4,1,1,1,1,5,1,1,14,11,1,1,,1,2
4,28,3,7,2003,3,7,4,2,2,1,1,1,1,1,1,1,1,1,9,6,1,1,,1,1
4,28,4,12,2003,3,1,1,2,2,1,1,1,1,1,1,1,1,2,12,6,1,1,,2,2
4,28,4,11,2003,3,1,1,2,2,1,1,1,1,1,1,1,1,2,14,6,1,1,,2,2
1,54,4,1,2003,4,1,1,2,2,1,1,1,1,1,1,1,2,,6,4,1,1,,,
5,54,4,1,2003,3,1,1,2,2,1,1,1,1,1,1,4,2,,,,2,3,35,1,1
9,54,4,1,2003,3,1,1,2,2,1,2,2,1,3,2,4,1,2,19,,,,28,2,2
1,54,4,1,2003,2,3,1,2,2,1,1,1,1,2,1,4,1,,4,6,1,7,,2,2
12,54,4,1,2003,3,7,1,2,2,1,1,1,1,1,1,3,1,2,13,6,1,1,30,2,2
12,54,3,1,2003,2,1,1,2,2,4,1,1,1,1,3,1,2,2,8,6,1,1,,2,2
12,54,4,2,2003,3,7,1,2,2,1,1,1,1,1,1,4,1,2,4,6,,,,2,2
9,54,4,1,2003,3,1,3,2,2,1,1,1,1,1,1,1,1,2,14,4,,,35,,
1,53,3,1,2003,2,3,1,2,2,1,1,1,1,1,1,3,1,1,6,1,1,1,23,,
1,53,4,1,2003,3,1,1,2,2,1,1,1,1,1,1,3,1,2,8,4,,,,,
1,53,4,1,2003,3,1,1,2,2,1,1,1,1,1,1,1,1,2,7,4,,,,,
1,53,3,1,2003,3,1,1,2,2,1,1,2,1,1,1,2,1,2,19,1,,7,,,
1,53,4,1,2003,3,1,1,2,2,1,1,1,1,1,1,3,1,2,19,,,,,,
4,53,4,1,2003,2,7,3,2,2,4,1,1,,,2,4,1,2,17,1,,,22,,
7,53,4,1,2003,4,7,8,2,2,1,2,1,1,1,1,3,1,2,7,1,1,7,,,
3,56,3,1,2003,4,4,3,2,1,2,1,1,1,1,1,1,1,2,9,,,,32,,
1,54,4,2,2003,3,2,3,2,2,1,1,1,1,1,1,1,1,2,9,6,,,,,
1,54,3,2,2003,4,2,1,2,2,1,2,1,1,1,1,4,2,2,17,11,1,1,35,2,2
1,54,1,2,2003,2,5,4,1,2,1,1,1,1,1,1,5,1,1,14,6,1,1,35,2,2
1,54,4,2,2003,4,1,1,2,2,1,4,1,1,1,1,4,1,2,19,6,,,,,
12,54,4,2,2003,3,1,1,1,2,1,1,3,1,1,3,1,2,2,8,6,,,,,
12,54,4,2,2003,2,1,1,1,2,1,1,1,1,1,1,3,2,2,19,6,,,6,,