Thana,District,Accident_Severity,Month,Year,Time,Junction_Type,Traffic_Control,Movement,Divider,Weather,Light,Road_Geometry,Surface_Condition,Surface_Type,Surface_Quality,Road_Class,Road_Feature,Location_Type,Vehicle_Type,Vehicle_Movement,Vehicle_Loading,Vehicle_Defect,Vehicle_Driver_Age,Vehicle_Alcohol,Vehicle_Seat_Belt
9,54,4,2,2003,4,1,1,1,2,1,4,1,1,1,1,1,1,2,14,6,,1,45,2,2
4,54,4,2,2003,1,1,1,2,2,1,1,1,1,1,1,4,1,2,7,6,1,1,,1,2
4,54,4,2,2003,3,1,1,1,2,1,1,1,1,1,1,4,1,2,12,6,1,1,,1,2
7,54,4,2,2003,2,1,1,1,2,1,1,1,1,1,1,3,1,2,13,6,1,1,31,2,2
7,54,4,3,2003,3,1,1,2,2,1,1,1,1,1,1,3,1,2,8,6,1,1,36,2,2
6,54,4,2,2003,3,1,1,1,2,1,1,1,1,1,1,2,1,2,14,7,,1,,,
8,54,4,3,2003,1,7,8,1,2,1,4,1,1,1,1,4,1,2,14,6,,,,2,2
8,54,4,3,2003,3,7,8,1,2,1,1,,5,,,4,,2,14,11,2,,,,
6,55,4,1,2003,2,1,2,1,2,1,1,1,1,1,1,4,1,2,9,6,1,1,,2,2
4,55,4,1,2003,3,7,1,1,2,1,1,1,1,1,1,4,1,2,7,6,2,,,,
1,53,4,2,2003,1,1,1,1,2,1,4,1,1,1,1,1,1,2,19,6,,,,,
3,53,4,2,2003,1,1,1,1,2,1,2,1,1,1,1,3,1,2,13,6,1,1,25,1,2
3,53,4,2,2003,3,7,1,1,2,1,1,1,1,1,1,3,1,2,8,6,1,1,,2,2
3,53,4,2,2003,3,3,1,1,2,1,1,1,1,1,1,4,1,2,6,6,1,,30,2,2
1,55,4,2,2003,2,1,1,1,2,1,1,1,1,1,1,1,1,1,9,8,1,1,32,2,2
7,56,3,2,2003,2,1,1,2,2,1,1,1,1,1,1,4,1,2,7,6,1,1,28,2,2
7,56,3,2,2003,2,1,1,2,2,1,1,1,1,1,3,1,1,2,9,6,1,1,43,2,2
5,56,4,2,2003,2,1,1,2,2,1,1,1,1,1,1,4,1,2,5,6,2,1,25,2,2
6,56,4,2,2003,2,1,1,2,2,1,1,1,1,1,1,3,1,2,11,6,1,6,,2,2
1,54,4,3,2003,2,7,1,2,2,1,2,1,1,1,1,5,1,1,13,6,,,,,
1,54,4,3,2003,4,2,1,2,2,1,4,1,1,1,1,3,1,2,9,6,1,1,,2,2
1,54,4,3,2003,3,7,1,2,2,1,1,3,1,2,2,4,1,2,19,6,,,,,
1,54,4,3,2003,3,7,8,2,2,1,1,2,1,1,1,3,2,2,11,2,,,,,
1,54,3,3,2003,3,2,1,2,2,1,1,1,1,1,1,4,2,2,10,6,1,1,23,2,2
5,54,4,3,2003,3,7,1,2,2,1,1,1,1,1,1,4,1,2,14,6,,,,,
9,54,4,3,2003,4,3,1,2,2,1,4,1,1,1,1,1,1,2,13,5,1,1,,1,2
12,54,3,1,2003,2,7,8,2,2,4,2,2,1,1,1,3,1,2,9,6,1,1,,,
2,54,4,3,2003,3,1,1,2,2,1,1,1,1,1,1,2,1,2,7,6,1,1,30,2,2
7,54,4,3,2003,2,7,,2,2,1,1,1,1,1,1,3,1,2,9,11,,,35,,
11,54,4,3,2003,2,3,1,2,2,1,1,1,1,1,1,3,1,2,8,6,1,1,42,1,2
3,54,4,3,2003,3,7,1,2,2,1,1,4,1,3,1,4,1,2,17,11,1,1,,1,2
3,54,4,3,2003,3,1,1,2,2,1,1,1,1,1,3,4,1,2,13,11,1,7,,1,2
3,53,4,3,2003,3,1,1,2,2,1,1,1,1,1,1,3,1,2,8,6,1,1,30,2,2
1,53,4,3,2003,2,3,8,2,2,1,1,1,1,1,1,1,1,1,9,6,1,1,,2,2
5,56,4,2,2003,2,7,1,2,2,1,1,1,1,2,2,4,1,2,19,6,,,35,2,2
5,56,4,3,2003,2,1,8,2,2,1,1,1,1,1,1,4,1,2,6,6,1,6,,2,2
5,56,1,3,2003,3,1,8,,,1,1,1,1,1,1,1,1,2,9,6,1,1,,2,2
7,56,4,3,2003,3,1,1,2,2,1,1,1,1,1,3,1,1,2,9,6,1,1,,,
4,56,4,3,2003,2,1,1,1,2,1,2,1,1,1,1,3,1,2,7,7,1,,,,
1,55,1,3,2003,4,7,1,2,2,1,2,1,1,1,1,3,1,1,8,6,1,1,35,2,2
1,55,3,3,2003,2,1,1,2,2,1,1,1,1,1,1,4,1,2,8,5,1,1,30,2,2
6,55,3,3,2003,3,1,1,2,2,1,1,1,1,1,1,4,1,2,5,6,1,7,25,1,2
5,55,4,3,2003,4,1,1,2,2,1,2,1,1,1,1,3,1,2,10,6,1,1,19,2,2
5,55,4,4,2003,3,1,1,2,2,1,1,1,1,1,1,3,1,2,9,6,1,1,42,2,2
2,55,4,4,2003,1,1,1,1,2,1,1,1,1,1,1,3,1,2,1,6,1,1,28,2,2
1,54,4,4,2003,2,7,1,2,2,1,1,1,1,1,1,1,3,2,8,6,,7,,,
1,54,4,4,2003,3,7,1,2,2,1,1,1,1,1,1,2,1,2,14,6,1,1,37,2,2
1,54,4,4,2003,2,2,3,2,2,1,1,1,1,1,1,5,1,1,13,6,,,,,
1,54,4,4,2003,3,7,1,2,2,1,1,1,1,1,1,1,1,2,13,6,1,7,,2,2
5,54,4,4,2003,2,1,1,2,2,1,1,1,1,1,1,4,1,2,14,6,2,1,40,1,2
8,54,4,4,2003,2,7,8,2,2,1,1,1,1,1,1,4,1,2,5,6,1,1,28,2,2
7,54,4,4,2003,3,1,1,2,2,1,1,1,1,1,1,3,1,2,9,6,1,,45,2,2
11,54,4,4,2003,3,7,1,2,2,1,1,1,1,1,1,3,1,2,17,1,1,,40,2,2
12,54,4,4,2003,3,,1,2,2,1,1,1,1,1,1,3,1,2,13,5,1,1,30,2,2
6,56,3,4,2003,2,7,,2,2,1,1,1,1,1,2,4,1,2,11,9,,,,,
3,56,4,4,2003,3,,,,,1,1,1,1,1,1,4,1,2,12,11,2,,,2,2
7,54,3,4,2003,4,2,1,2,2,1,2,1,1,3,1,3,1,2,7,6,1,7,,1,
1,53,4,4,2003,2,7,1,2,2,1,1,1,1,1,1,1,1,2,9,6,1,1,,,
3,53,1,4,2003,2,7,1,2,2,2,1,1,2,1,1,1,1,2,8,5,1,1,,2,2
7,53,4,4,2003,2,7,8,2,2,1,1,1,1,1,1,4,1,2,7,6,1,1,22,2,2
1,53,4,5,2003,3,3,1,1,2,1,1,1,1,1,1,3,1,2,13,6,1,1,,2,2
7,56,4,5,2003,2,1,1,2,2,1,1,1,1,1,1,1,1,2,9,6,1,1,,2,2
4,56,4,5,2003,2,7,1,1,2,1,1,1,1,1,1,4,1,2,17,6,2,6,,2,2
4,56,4,5,2003,3,1,1,2,2,1,1,1,1,1,1,3,1,2,9,5,1,7,,2,2
4,55,3,5,2003,3,4,1,2,2,1,1,1,1,1,1,3,1,1,13,7,1,1,,2,2
1,54,4,5,2003,3,7,8,2,2,1,1,1,1,1,1,3,1,2,5,6,1,,,1,2
1,54,3,5,2003,3,4,8,2,2,1,1,2,1,1,1,4,1,1,7,11,1,1,,,
1,54,3,5,2003,3,4,3,2,2,1,1,2,1,1,1,3,1,1,7,8,1,1,,,
1,54,4,5,2003,3,7,1,2,2,1,1,1,1,1,1,1,1,1,8,6,1,1,32,2,2
1,54,3,5,2003,3,7,3,2,2,1,1,1,1,1,1,1,1,2,13,6,1,1,30,,
8,54,4,5,2003,3,1,1,2,2,1,1,1,1,3,1,4,1,2,19,6,2,7,,,
8,54,4,5,2003,4,1,1,2,2,2,2,1,2,1,2,1,1,,13,6,2,1,28,,
9,54,4,5,2003,1,1,1,2,2,1,1,1,1,1,1,1,1,2,14,6,1,1,,2,2
3,54,3,5,2003,3,3,1,2,2,1,1,1,1,1,1,3,1,2,5,6,1,1,30,2,2
1,55,3,6,2003,2,1,1,2,2,1,1,1,1,1,1,1,1,2,8,6,1,1,25,2,2
2,55,4,6,2003,2,1,1,2,2,2,4,2,2,1,1,3,1,2,19,6,,,,,
1,53,4,6,2003,2,1,1,2,2,1,1,1,1,1,1,4,1,2,6,6,1,,,,
1,53,3,6,2003,2,1,1,2,2,1,1,1,1,1,1,2,1,2,19,6,,,,,
1,53,4,6,2003,2,7,1,2,2,1,1,2,1,1,1,1,1,2,8,1,1,1,40,2,2
3,53,4,6,2003,4,1,1,2,2,2,2,1,2,1,1,1,1,2,13,6,1,1,35,2,2
5,56,3,6,2003,3,7,8,2,2,2,1,2,2,1,1,1,1,2,9,6,,,,,
5,56,3,6,2003,4,7,8,2,2,1,2,1,2,1,1,1,1,2,6,6,,,,,
8,56,4,6,2003,2,7,1,2,2,1,2,1,1,1,1,3,2,2,13,11,1,3,45,2,2
1,54,3,4,2003,2,7,1,2,2,1,1,1,1,1,1,1,1,2,4,6,1,,,,
1,54,2,5,2003,1,7,8,2,2,1,3,1,1,1,1,1,1,1,14,6,,1,30,,
1,54,1,5,2003,4,1,4,2,2,1,1,1,1,1,1,5,1,1,12,4,1,1,,1,2
1,54,4,5,2003,2,7,1,2,2,1,1,1,1,1,1,2,1,2,14,6,1,1,25,,
12,54,4,6,2003,3,7,1,1,1,2,1,1,2,1,1,3,1,2,8,6,1,1,33,1,1
9,54,4,6,2003,4,1,1,1,1,1,4,1,1,1,1,3,1,2,10,6,,,,,
9,54,4,6,2003,3,7,1,1,1,1,2,2,1,1,1,2,,,14,6,1,1,30,2,2
3,54,4,6,2003,2,7,8,2,2,1,1,2,1,1,1,3,1,2,12,2,1,7,25,2,2
13,54,1,6,2003,4,1,2,1,1,2,4,1,2,1,3,1,1,2,9,5,1,1,45,2,2
1,53,4,7,2003,4,1,1,2,2,2,4,1,2,1,1,2,1,2,9,6,1,1,30,2,2
1,53,4,7,2003,2,7,1,2,2,2,2,1,2,1,2,3,1,2,14,11,1,1,,2,2
1,55,4,7,2003,2,7,1,2,2,1,2,2,1,1,1,1,,2,8,1,1,1,38,2,2
3,56,4,7,2003,1,7,1,2,2,2,2,1,2,2,1,1,1,2,14,2,1,2,,2,2
5,56,1,5,2003,3,,,2,2,1,1,1,1,1,1,4,1,2,4,6,,,35,2,2
1,54,1,7,2003,3,7,4,2,1,1,1,1,1,1,1,5,1,1,8,6,1,1,35,2,2
1,54,4,7,2003,2,7,8,2,2,2,1,1,2,1,1,1,1,2,11,6,,,,,
1,54,3,7,2003,4,1,3,2,2,1,3,1,1,1,1,3,1,1,5,6,,,,,
10,54,4,7,2003,3,,,2,2,2,1,1,2,1,1,3,1,2,7,6,1,1,,,
9,54,4,7,2003,3,7,1,2,2,1,4,5,1,1,1,4,1,2,14,1,1,1,40,1,2
7,54,3,7,2003,2,1,1,2,2,1,1,1,1,1,1,4,1,2,4,6,1,1,,2,2
11,54,4,7,2003,4,7,1,2,2,2,2,1,2,1,1,3,1,2,4,5,,,18,,
3,54,4,7,2003,2,1,,2,2,1,1,2,1,1,1,3,1,2,4,6,,,,1,
9,56,3,8,2003,3,,,2,2,1,1,2,1,1,1,4,1,2,19,1,1,1,30,2,2
5,56,4,8,2003,3,,,,,1,1,1,1,1,,1,1,2,9,6,,,,,
7,56,4,8,2003,2,1,1,2,2,1,1,1,1,1,1,3,1,2,6,6,,,,,
7,56,3,8,2003,1,1,1,2,2,1,4,1,1,1,1,4,3,2,17,6,1,1,,2,2
1,54,3,8,2003,3,7,8,2,2,1,1,1,1,1,1,3,1,2,7,6,1,1,29,1,2
1,54,4,8,2003,4,7,2,2,2,1,3,1,1,1,1,5,1,1,14,,1,1,42,1,2
1,54,4,8,2003,2,,1,2,2,1,1,1,1,1,1,5,1,1,9,11,1,,,1,2
8,54,4,8,2003,3,,,2,2,2,1,,2,3,,4,,,17,7,,,,,
9,54,4,8,2003,2,1,1,2,2,1,1,1,1,1,1,1,1,2,13,6,1,1,,2,2
9,54,3,8,2003,3,1,1,2,2,1,1,1,1,1,1,2,1,2,7,6,1,1,28,2,2
9,54,4,8,2003,3,1,1,2,2,2,1,1,2,1,1,2,1,2,8,6,1,1,22,2,2
9,54,4,8,2003,2,1,1,2,2,1,1,1,1,1,1,2,1,2,14,6,1,,,2,2
4,54,4,8,2003,4,3,1,2,2,1,4,3,1,1,1,3,1,2,8,7,1,,,1,2
1,53,4,8,2003,3,1,1,2,2,2,1,1,2,1,1,3,1,2,12,6,1,1,38,2,2
3,53,4,3,2003,4,1,1,2,2,1,2,1,1,1,1,4,1,2,14,6,1,7,,1,2
3,53,4,5,2003,2,1,1,2,2,1,1,1,1,1,1,4,1,2,4,6,1,1,,,
1,53,4,8,2003,2,1,1,2,2,1,1,1,1,1,1,2,1,2,10,6,1,,32,2,2
1,53,2,8,2003,2,3,4,2,2,1,1,1,1,1,1,3,1,2,8,3,,1,20,,
7,56,4,9,2003,3,7,1,2,2,1,1,4,3,3,2,4,4,2,17,6,1,,,1,2
6,56,4,9,2003,2,7,,1,2,1,1,2,1,1,2,4,1,2,11,9,,,,,
4,56,4,9,2003,3,1,1,1,2,1,1,1,1,1,1,3,1,2,9,6,1,1,,1,2
4,56,4,9,2003,4,1,1,1,2,1,2,1,1,1,1,3,1,2,9,6,1,1,,1,2
8,56,4,9,2003,3,7,1,2,2,1,1,1,1,1,1,3,1,2,9,11,,7,35,2,2
3,53,4,9,2003,2,1,1,2,2,1,1,1,1,1,1,1,1,2,4,6,1,1,52,2,
3,53,4,9,2003,,1,,,,1,1,1,1,1,1,2,1,2,8,6,1,1,35,2,2
1,54,4,9,2003,2,1,1,2,2,1,1,1,1,1,1,5,1,1,4,6,,,27,1,2
1,54,4,9,2003,2,1,1,2,2,2,1,1,2,1,2,1,1,2,14,6,1,7,40,2,2
1,54,4,9,2003,3,1,1,2,1,1,1,1,1,1,1,3,1,2,10,5,1,1,,2,2
8,54,4,9,2003,3,,,1,2,1,1,1,1,1,1,1,2,2,14,6,1,7,,,
9,54,4,9,2003,3,1,1,2,2,1,1,1,1,1,1,1,1,2,14,6,1,,,2,2
12,54,4,9,2003,3,7,1,2,2,2,1,1,2,1,1,3,3,2,13,6,,,,,
12,54,4,9,2003,2,3,1,2,2,1,1,1,1,1,1,3,1,2,8,6,1,7,19,1,2
7,54,3,9,2003,2,,8,2,,1,1,1,1,1,1,3,1,2,7,11,,,30,,
11,54,4,9,2003,3,7,8,2,2,1,1,1,1,1,1,3,1,2,7,6,,,,,
6,55,4,9,2003,3,1,1,2,2,1,1,1,1,1,1,1,1,2,9,6,1,1,33,2,2
3,55,4,9,2003,3,7,1,1,2,1,1,1,1,1,1,3,1,2,13,6,2,,,,
1,53,4,10,2003,,,,,1,2,1,1,1,1,,,,,19,,,,,,
1,53,4,10,2003,1,1,1,2,2,2,2,2,1,1,1,2,1,2,19,6,,,,,
6,53,4,10,2003,3,,1,2,2,1,1,1,1,1,1,3,1,2,6,6,,,,,
1,54,3,10,2003,2,,8,2,2,1,1,2,1,1,1,3,1,2,10,6,1,7,,2,2
1,54,3,10,2003,4,3,1,2,2,1,2,1,1,1,1,1,1,2,6,6,1,,,,
1,54,4,10,2003,2,7,1,2,2,1,1,1,1,1,1,2,1,2,9,11,1,1,,1,2
1,54,4,10,2003,3,7,1,2,2,1,1,1,1,1,1,2,1,2,14,6,,,,,
9,54,4,9,2003,2,1,1,2,2,1,1,1,1,1,1,1,1,2,13,6,,7,38,2,2
9,54,4,10,2003,2,1,1,2,2,1,1,1,1,1,1,1,2,2,13,6,1,1,38,2,2
4,54,4,10,2003,3,1,1,2,2,1,1,1,1,1,1,3,1,2,6,6,2,,,2,2
1,55,1,10,2003,4,4,1,2,2,1,1,4,1,1,1,4,1,2,10,4,,,,2,2
1,55,3,10,2003,3,1,1,2,2,1,1,1,1,1,1,1,1,2,9,6,1,1,35,2,2
5,56,1,10,2003,1,1,1,2,2,4,4,1,1,1,1,1,1,2,9,1,,7,35,2,2
8,56,4,9,2003,3,1,1,2,2,1,1,1,1,1,1,3,1,2,9,6,1,1,45,2,2
8,56,4,10,2003,3,7,3,2,2,1,1,1,1,1,1,3,1,2,7,6,1,7,,2,2
1,56,4,10,2003,1,,,,,1,4,1,1,,,4,1,2,9,1,1,,35,,
1,55,4,11,2003,4,1,1,2,2,1,4,1,1,1,1,4,1,2,19,6,,,,,
1,55,4,11,2003,2,7,8,,,1,1,1,5,3,3,5,,1,8,7,,7,35,2,2
6,55,4,11,2003,3,7,1,2,2,1,1,1,1,1,1,1,1,2,19,6,,,,,
6,55,4,11,2003,3,1,1,2,2,1,1,1,1,1,3,1,1,2,19,6,,,,,
3,53,4,11,2003,3,7,1,2,2,1,1,1,1,1,1,2,1,2,7,6,1,1,22,1,2
1,53,4,10,2003,3,7,8,2,2,1,1,1,1,1,1,2,1,2,8,11,1,1,26,2,2
1,54,3,10,2003,2,7,8,2,2,1,3,1,1,1,1,5,1,1,19,6,,,,,
1,54,4,11,2003,2,1,4,2,2,1,1,1,1,1,1,3,1,1,6,6,,,,,
1,54,1,11,2003,1,1,1,2,2,1,2,1,1,1,1,5,2,1,13,1,1,1,45,1,2
5,54,4,11,2003,2,1,1,2,2,1,1,1,1,1,1,3,1,2,14,6,,,,,
7,54,4,11,2003,3,,8,2,,1,1,1,1,1,1,3,1,2,9,11,,,,,
1,54,4,11,2003,3,7,1,2,2,1,1,1,1,1,1,3,1,1,8,6,1,1,,,
8,56,4,11,2003,2,3,3,2,2,1,4,1,1,1,1,3,1,2,7,11,1,7,,,
1,53,3,12,2003,3,1,1,1,2,1,4,1,1,1,1,3,1,2,12,6,1,,25,,
3,56,4,12,2003,3,1,1,2,2,1,1,1,1,1,1,1,1,2,9,6,2,1,30,2,2
8,56,4,12,2003,3,1,1,2,2,1,1,1,1,1,1,3,1,2,9,6,1,1,,2,2
8,56,4,12,2003,2,1,1,2,2,1,1,1,1,1,1,3,1,2,9,6,1,1,,,
6,55,4,12,2003,3,3,,2,,1,1,1,1,1,1,1,1,2,5,6,1,1,,,
1,54,3,12,2003,2,1,,2,2,1,1,1,1,1,1,4,1,2,19,6,,,,,
1,54,4,12,2003,3,1,1,2,2,1,1,1,1,1,1,1,1,2,4,6,,1,,1,2
12,54,4,12,2003,3,1,1,2,2,1,1,1,1,1,1,3,1,2,5,6,1,1,28,2,2
8,54,4,12,2003,3,,3,1,2,1,1,1,1,1,1,3,1,2,14,6,1,7,30,,
8,54,4,12,2003,3,1,1,2,2,1,1,1,1,3,2,4,1,2,17,6,,,,2,
3,54,1,12,2003,2,7,8,2,2,4,1,1,1,1,1,4,1,2,8,6,1,1,35,1,2
3,54,4,12,2003,3,1,8,2,2,1,1,1,1,1,1,3,1,2,7,6,1,1,25,1,2
7,54,4,12,2003,2,1,1,2,2,1,1,1,1,1,1,3,1,2,14,6,1,1,40,2,2
1,61,4,1,2003,2,2,1,2,2,1,1,1,1,1,1,3,1,2,9,6,,,,,
1,59,4,1,2003,3,1,1,2,2,1,1,1,1,1,1,2,1,2,16,2,,,,,
2,59,4,1,2003,3,1,1,2,,1,1,2,1,1,1,3,1,2,7,1,2,7,,1,
7,63,4,1,2003,2,1,8,2,2,4,1,2,1,1,1,1,1,2,7,2,2,7,,1,2
9,63,4,1,2003,4,3,3,1,2,1,4,2,1,1,1,1,1,2,7,6,1,1,,,
1,59,1,1,2003,2,1,1,2,2,1,1,1,1,1,1,1,1,2,8,6,1,7,35,2,2
5,59,4,2,2003,4,1,3,2,2,1,2,1,1,1,1,2,1,2,19,6,,,,1,2
1,61,2,2,2003,3,1,1,2,2,1,4,1,1,1,1,1,1,2,14,6,1,1,40,2,2
7,66,4,2,2003,3,1,1,2,2,1,2,1,1,1,1,2,1,2,11,6,1,1,30,1,2
5,66,1,1,2003,2,1,1,2,2,1,1,1,1,1,2,4,4,2,8,6,1,1,32,2,2
13,63,4,2,2003,1,7,8,1,,2,2,1,2,1,1,1,1,2,13,11,1,7,,,
7,63,1,2,2003,3,2,1,2,2,1,1,1,1,1,1,1,1,2,7,4,1,1,40,2,2
13,63,4,2,2003,3,1,1,2,2,4,2,1,1,1,1,1,1,2,9,6,,,,,
2,62,4,2,2003,3,,1,2,2,1,1,1,1,1,1,1,1,1,9,5,,,,2,
1,59,4,1,2003,3,7,8,2,2,1,1,1,1,1,1,1,1,2,8,6,1,1,,2,2
1,59,4,3,2003,2,1,1,2,2,1,1,1,1,1,1,2,1,2,7,6,1,7,36,2,2
2,61,1,3,2003,3,1,3,2,2,1,1,1,1,1,1,1,1,1,9,6,1,2,,2,2
4,57,4,3,2003,4,1,1,2,2,1,2,1,1,1,1,4,1,2,12,6,1,,,,
1,58,4,1,2003,2,1,2,2,2,1,1,1,1,1,1,1,1,2,7,6,1,1,25,2,2
1,58,4,1,2003,1,1,2,2,2,1,3,1,1,1,1,1,1,2,14,,,,42,2,2
4,63,4,3,2003,4,1,1,2,2,1,4,1,1,1,1,1,4,2,13,5,1,7,35,2,2
8,58,4,2,2003,2,1,1,2,2,1,1,2,1,1,3,1,1,2,14,,1,1,,,
1,58,3,3,2003,2,7,1,2,2,1,4,1,1,1,1,2,1,2,16,1,1,7,35,2,2
10,58,4,3,2003,3,1,1,2,2,1,1,1,1,1,2,2,1,2,9,6,1,1,32,2,2
8,59,4,4,2003,4,1,1,1,,1,4,1,1,1,1,4,1,2,5,6,1,7,,1,
2,58,4,4,2003,1,,1,2,2,1,4,1,1,1,1,1,1,2,15,5,1,1,,,
6,58,4,4,2003,3,1,1,2,1,1,1,1,1,1,1,1,1,2,9,6,1,1,,2,2
6,63,4,2,2003,2,1,1,2,2,1,1,1,1,1,1,2,1,2,8,6,2,1,,1,2
6,63,4,4,2003,3,,1,2,2,1,1,1,1,1,1,2,1,1,9,6,1,1,35,2,2
6,63,3,4,2003,1,1,1,2,2,1,2,1,1,,1,2,1,2,14,5,1,,,1,2
6,63,2,4,2003,3,1,1,2,2,1,1,1,1,1,1,2,1,2,14,6,1,,26,2,2
1,57,4,4,2003,3,1,1,2,2,1,1,1,1,1,3,1,1,2,9,5,1,1,,2,2
1,57,4,4,2003,3,1,1,1,,1,1,1,1,1,1,1,1,2,9,6,1,1,,2,2
8,63,4,5,2003,1,3,1,2,2,2,4,1,2,1,1,1,1,2,9,6,1,3,42,2,2
8,63,4,5,2003,3,7,1,2,2,1,3,1,1,1,1,1,1,2,,,,,,,
8,63,3,5,2003,2,1,1,2,2,3,1,1,2,1,1,1,1,2,9,5,,,,,
6,63,4,5,2003,3,,,1,,2,1,1,2,1,,1,,,14,,,,,,
2,58,3,5,2003,2,,1,2,2,1,1,1,1,1,1,2,1,2,9,5,1,,,,
6,58,4,5,2003,1,1,1,2,2,1,2,1,1,1,1,1,1,1,9,6,1,1,44,,
7,58,4,5,2003,3,1,1,2,2,1,1,1,1,1,1,4,1,2,5,6,1,,29,,
1,57,4,5,2003,3,3,1,2,2,1,1,2,2,2,1,4,2,,7,6,1,7,,2,2
1,59,3,6,2003,4,1,1,2,2,1,3,1,1,1,1,5,1,1,14,,1,,,1,2
10,67,4,6,2003,2,1,1,2,2,1,1,5,1,1,2,2,1,2,9,6,2,,,,2
1,61,4,6,2003,4,3,1,2,2,2,4,1,2,1,1,1,1,2,14,6,1,1,28,2,2
10,58,3,6,2003,2,7,1,1,2,1,1,1,1,1,1,2,1,2,12,6,1,1,,2,2
1,58,4,6,2003,4,1,1,2,2,1,4,1,1,1,1,2,1,2,12,6,1,1,,2,2
3,66,4,6,2003,3,1,1,2,2,1,1,5,1,1,1,4,1,2,11,6,2,1,26,2,2
13,63,4,1,2003,1,1,1,2,2,1,2,1,1,1,1,1,1,2,14,5,1,1,35,2,2
10,63,4,1,2003,2,1,8,2,2,1,,1,1,1,1,2,1,2,14,6,,,,,
3,61,4,7,2003,3,,3,2,1,1,1,1,1,1,1,1,1,2,9,6,,,40,,
1,57,4,7,2003,4,3,1,2,,1,2,2,1,1,2,3,1,1,11,6,1,3,,2,2
4,57,1,7,2003,3,1,,2,2,1,1,1,1,1,2,2,4,2,7,6,1,1,25,2,2
1,65,4,7,2003,3,,1,1,,1,1,1,1,1,1,1,1,1,9,1,1,,,1,2
2,65,4,7,2003,3,7,1,2,2,1,1,1,1,1,1,1,1,2,9,6,1,1,38,2,2
5,66,3,7,2003,2,7,8,2,2,1,1,2,1,1,1,2,1,2,11,2,1,1,30,2,2
1,67,3,7,2003,2,,1,2,,1,1,4,1,1,1,2,1,1,14,1,1,,,2,2
1,58,4,7,2003,4,1,1,2,2,1,4,2,1,1,1,2,1,2,14,6,,,,1,
14,63,1,7,2003,3,7,8,2,,1,1,1,1,1,1,1,1,2,12,11,,,,,
9,63,4,7,2003,3,1,1,2,2,1,1,1,1,1,1,1,1,2,14,,1,1,,1,2
4,60,4,7,2003,3,1,1,2,2,1,1,1,1,1,1,4,1,2,11,11,1,7,35,2,2
7,60,4,7,2003,2,7,1,2,,1,1,1,1,1,1,2,1,2,12,11,1,7,,1,2
1,61,4,8,2003,3,1,1,2,2,1,1,1,1,1,1,1,1,2,,,,,,,
1,61,4,8,2003,2,2,1,2,2,1,1,1,1,1,1,1,1,2,11,6,1,1,34,2,2
1,61,4,8,2003,3,7,1,2,2,1,1,1,1,1,2,5,4,1,14,6,,,,,
3,61,4,8,2003,3,,1,1,1,1,1,2,1,1,1,4,1,2,13,1,,,,,
14,63,3,8,2003,3,7,8,2,1,1,1,1,1,1,1,1,1,2,14,11,1,7,,,
7,63,4,8,2003,3,3,1,2,2,1,,1,1,1,1,1,1,2,13,6,1,1,24,,
7,63,4,8,2003,3,3,1,2,2,1,1,2,1,1,1,1,1,2,13,6,1,,38,1,2
8,63,4,8,2003,1,7,8,,2,1,4,1,1,1,1,1,1,2,,,,,,,
8,63,4,8,2003,2,3,8,2,1,1,1,1,1,1,1,1,2,,9,,,1,,2,2
8,63,3,8,2003,2,3,1,2,2,1,1,1,1,1,1,1,1,2,9,4,1,1,45,2,2
6,63,4,8,2003,1,,1,2,2,1,2,1,1,1,1,2,,1,9,6,1,1,,2,2
1,58,4,8,2003,1,7,8,2,2,1,1,,5,3,,3,1,1,9,7,,1,,2,2
1,58,4,8,2003,2,7,8,1,1,3,1,1,1,1,2,1,1,1,13,5,1,1,,2,2
1,58,4,8,2003,2,2,1,2,2,1,1,1,1,1,1,2,1,2,14,6,1,1,55,2,2
5,58,4,8,2003,2,1,1,2,2,1,1,1,1,1,1,1,1,2,14,1,1,1,36,1,2
10,58,3,8,2003,3,7,1,1,2,1,1,1,1,1,1,2,1,2,14,11,1,,28,2,2
1,59,4,8,2003,3,1,1,2,,1,1,1,1,1,1,2,1,2,9,5,1,3,,2,2
4,59,4,8,2003,4,1,8,2,2,1,2,1,1,1,1,1,1,1,9,6,1,7,,1,2
2,59,4,8,2003,2,1,1,2,2,1,1,1,1,1,1,2,1,2,12,6,1,1,,1,2
1,57,4,8,2003,3,1,3,1,,1,1,1,1,1,1,1,1,2,8,2,1,1,35,,
3,57,3,8,2003,3,1,1,2,2,1,1,1,1,1,1,3,1,2,14,6,1,1,32,1,2
8,57,4,8,2003,4,1,1,2,2,1,2,1,1,1,1,1,1,2,10,6,1,1,,2,2
8,57,4,8,2003,2,1,8,2,2,1,1,1,1,3,3,4,1,2,7,6,,7,,,2
7,57,4,8,2003,3,1,1,2,2,1,1,1,1,1,1,2,1,2,6,6,1,1,25,2,2
1,60,4,8,2003,3,1,8,2,2,1,1,1,1,1,1,1,1,2,9,11,1,1,40,2,1
5,65,4,8,2003,2,7,1,1,2,2,1,1,2,1,1,4,1,2,9,6,,,,2,2
5,65,4,8,2003,2,7,,1,,2,1,1,5,2,,4,4,2,11,11,,,20,,
5,65,4,8,2003,2,1,1,1,2,1,1,1,1,1,1,4,1,2,7,6,1,1,,2,2