Thana,District,Accident_Severity,Month,Year,Time,Junction_Type,Traffic_Control,Movement,Divider,Weather,Light,Road_Geometry,Surface_Condition,Surface_Type,Surface_Quality,Road_Class,Road_Feature,Location_Type,Vehicle_Type,Vehicle_Movement,Vehicle_Loading,Vehicle_Defect,Vehicle_Driver_Age,Vehicle_Alcohol,Vehicle_Seat_Belt
6,65,4,8,2003,3,7,1,1,2,1,1,1,2,2,1,4,1,1,14,6,,,,2,1
1,59,3,9,2003,2,7,8,,,1,1,1,1,1,1,2,1,2,9,6,1,1,,2,2
1,61,1,9,2003,4,1,1,2,2,1,2,1,1,1,1,1,1,1,14,6,1,1,35,2,2
1,61,4,9,2003,4,1,1,1,2,1,4,1,1,1,1,5,1,1,14,4,1,1,40,1,2
8,67,4,9,2003,3,1,,2,2,1,1,2,1,1,1,1,1,2,9,1,,,42,,
6,63,4,9,2003,1,7,1,2,2,1,2,1,1,1,1,1,1,2,7,6,1,1,,1,2
6,63,4,9,2003,2,2,1,2,,1,1,1,1,1,1,1,1,2,14,4,2,,,2,2
9,63,4,9,2003,2,1,1,2,2,1,1,1,1,1,1,1,1,2,9,,,,,,
9,63,4,9,2003,3,1,3,2,,1,1,2,1,1,1,1,1,2,9,5,1,,,,
8,63,4,9,2003,4,1,3,2,,1,3,2,1,1,1,1,1,2,,,,,,,
1,57,4,9,2003,3,,,2,,1,1,1,1,1,1,1,1,,,,,,,,
2,57,4,9,2003,1,4,1,2,2,1,2,2,1,1,1,3,1,2,13,1,1,,,1,2
8,57,4,9,2003,1,,1,2,2,1,3,1,1,1,1,1,1,2,12,5,1,1,,2,2
1,58,4,9,2003,4,1,2,2,2,2,3,1,2,1,1,2,1,2,8,6,1,1,,2,2
1,58,4,9,2003,4,1,1,2,2,1,2,1,1,1,1,2,1,2,9,6,2,,,,
1,58,4,9,2003,3,1,,2,2,1,1,1,2,1,2,2,1,2,9,6,1,1,42,2,2
1,58,3,9,2003,3,1,1,2,2,1,1,1,1,1,1,1,1,2,9,6,1,1,42,2,2
10,58,4,9,2003,3,1,1,1,2,1,1,1,1,1,1,2,1,2,9,6,1,7,29,2,2
10,58,3,9,2003,2,7,1,1,2,1,1,2,1,1,1,2,1,1,9,6,1,1,27,2,2
5,58,4,9,2003,3,1,1,2,2,1,1,1,1,1,1,1,1,2,9,6,1,1,36,2,2
8,58,4,9,2003,4,7,1,1,2,1,4,1,1,1,1,1,1,2,14,11,2,,45,1,2
7,60,3,9,2003,3,1,1,2,2,1,1,1,1,1,1,2,1,2,5,6,1,7,25,1,2
7,60,4,9,2003,1,1,1,2,2,1,4,1,1,1,1,2,1,2,,,,,,,
3,60,4,9,2003,3,2,3,1,2,1,1,1,1,1,1,1,1,2,6,6,1,2,,2,2
4,68,4,10,2003,4,1,1,2,2,2,4,2,2,1,1,2,1,2,11,2,1,6,34,2,2
2,61,1,10,2003,3,1,1,2,2,1,1,1,1,1,1,1,1,1,9,6,1,1,38,2,2
8,67,4,10,2003,4,7,1,2,2,1,4,2,1,1,1,2,1,2,12,6,1,,28,2,2
5,66,4,10,2003,3,1,1,2,2,1,1,4,1,1,1,1,1,2,9,6,1,1,40,2,2
1,62,4,10,2003,3,1,8,2,2,2,1,1,2,1,1,1,1,1,9,8,1,,,1,2
1,62,3,10,2003,2,1,8,2,2,1,1,1,1,1,1,2,1,2,9,6,,,,,
1,62,4,10,2003,3,,3,2,2,1,1,1,1,1,1,4,,,9,6,,,,2,2
8,58,4,10,2003,3,7,1,2,2,1,1,4,1,1,1,1,1,2,9,6,1,,,2,2
5,58,4,10,2003,3,3,2,2,2,1,1,1,1,1,1,1,,2,9,,,,,,
5,58,4,10,2003,1,4,1,2,2,1,3,2,1,1,1,1,1,2,13,1,1,1,,2,2
6,58,4,10,2003,3,1,1,2,2,2,1,1,2,1,1,1,1,2,10,6,1,,35,,2
7,58,4,10,2003,4,7,3,2,2,1,1,,,1,1,1,1,,9,,1,,,,
2,58,4,10,2003,3,7,1,2,2,1,1,1,2,1,1,1,1,2,10,,,,,2,2
8,57,4,10,2003,3,1,1,2,2,1,1,1,1,1,1,1,1,2,14,,1,1,30,2,2
6,63,3,10,2003,3,,1,2,2,1,1,1,1,1,1,2,1,1,14,6,1,1,33,2,2
9,63,4,10,2003,2,7,1,2,2,1,1,1,1,1,1,1,1,2,9,6,1,1,35,1,2
9,63,4,10,2003,2,7,1,2,2,1,1,1,1,1,1,1,1,2,8,6,1,1,30,1,2
1,61,4,11,2003,1,1,1,2,2,1,4,1,1,1,1,1,1,2,14,6,1,,,,2
1,67,3,11,2003,4,1,1,2,2,1,1,1,1,1,1,2,1,1,12,6,1,1,28,1,2
1,67,4,11,2003,4,4,4,2,2,1,3,2,1,1,1,2,1,1,13,1,1,1,,1,2
1,58,3,11,2003,3,1,1,2,2,1,1,1,1,1,1,2,1,2,14,5,1,1,42,2,2
7,58,4,11,2003,2,1,1,2,2,1,1,1,1,1,1,1,1,2,11,6,1,,45,2,2
10,58,4,11,2003,4,7,1,1,2,1,1,1,1,1,1,2,1,2,10,6,1,,30,2,2
1,57,4,11,2003,2,7,1,2,2,1,1,1,1,1,1,1,1,2,16,6,1,7,,1,2
2,57,4,11,2003,3,1,8,2,2,1,1,1,1,1,1,5,1,2,17,11,1,,26,2,2
2,57,4,11,2003,3,1,8,2,2,1,,1,1,1,1,1,1,2,9,11,1,,40,2,2
1,57,4,11,2003,4,7,1,2,2,1,2,1,1,1,1,1,1,1,14,,1,7,,1,2
1,57,4,11,2003,3,1,1,2,2,1,1,3,1,1,1,4,1,2,6,6,,,,,
8,57,4,11,2003,3,,,2,2,1,1,,1,1,1,1,1,2,9,6,1,1,40,2,2
1,57,4,11,2003,2,7,3,1,2,1,1,1,1,1,1,1,1,2,7,11,1,1,,2,2
5,63,4,11,2003,2,7,8,2,2,1,1,1,1,1,1,1,1,2,7,,,,,,
14,63,3,11,2003,4,1,1,2,2,1,3,1,1,1,1,1,1,2,9,6,1,1,50,2,2
14,63,4,11,2003,2,1,1,2,2,1,1,1,1,1,1,1,1,2,9,6,1,1,32,2,2
9,63,4,11,2003,3,7,1,2,2,1,1,1,1,1,1,1,1,2,9,6,1,1,35,1,2
9,63,4,11,2003,4,7,1,2,2,1,4,1,1,1,1,1,1,2,14,5,1,1,,1,2
1,60,4,11,2003,,1,8,1,2,1,1,1,1,1,1,2,1,2,19,11,1,7,,1,2
5,65,4,11,2003,3,1,1,2,2,1,2,1,1,1,1,1,1,2,6,6,1,1,30,2,2
5,65,4,11,2003,2,1,1,2,2,4,2,1,1,1,1,1,1,2,14,6,1,1,30,2,2
5,65,4,11,2003,3,1,1,2,,1,1,1,1,1,1,1,1,2,9,11,1,1,,2,2
2,64,4,1,2003,2,2,1,2,2,1,1,1,1,1,1,5,1,1,14,6,1,1,54,2,2
5,64,4,2,2003,3,1,1,2,2,1,1,1,1,1,1,5,1,1,14,6,1,1,50,2,2
5,64,4,3,2003,2,1,1,2,2,1,1,1,1,1,1,5,1,1,14,6,1,1,,1,2
5,64,4,3,2003,1,1,1,2,2,1,1,1,1,1,1,5,1,1,,,,,,,
12,64,4,1,2003,3,1,1,2,2,1,1,1,1,1,1,5,1,1,7,6,1,1,25,1,2
5,64,4,4,2003,3,1,1,2,2,1,1,1,1,1,1,5,1,1,14,6,1,1,,1,2
4,64,4,1,2003,4,1,4,2,2,1,3,1,1,1,1,5,1,1,1,6,1,1,22,2,2
4,64,3,2,2003,3,1,5,2,2,1,1,1,1,1,1,5,1,1,6,6,1,1,29,2,2
4,64,4,2,2003,3,1,6,2,2,1,1,1,1,1,1,5,1,1,8,6,1,1,,2,2
2,64,3,2,2003,3,1,8,2,2,1,1,1,1,1,1,5,1,1,15,6,1,1,35,1,2
2,64,4,3,2003,2,2,1,2,2,1,1,1,1,1,1,5,1,1,9,6,1,1,25,2,2
7,64,4,2,2003,2,1,8,2,2,1,1,3,1,1,1,5,1,1,14,6,1,3,39,2,2
8,64,3,3,2003,3,2,1,2,2,1,1,1,1,1,1,5,1,1,6,6,1,1,22,2,2
10,64,4,3,2003,2,1,1,2,2,1,1,1,1,1,1,5,1,1,14,6,1,1,,1,2
11,64,1,3,2003,2,3,4,2,2,1,1,2,1,1,1,5,1,1,8,3,1,1,26,2,2
11,64,4,4,2003,3,1,4,2,2,1,1,1,1,1,1,5,1,1,8,6,1,1,,2,2
2,64,4,5,2003,3,1,4,2,1,1,1,1,1,1,1,5,1,1,14,6,1,1,25,2,2
2,64,4,5,2003,1,1,8,2,2,1,2,1,1,1,1,5,1,1,16,6,1,1,40,2,2
2,64,2,5,2003,3,3,1,2,2,1,1,1,1,1,1,5,1,1,14,6,1,1,25,2,2
8,64,3,5,2003,2,1,1,2,2,1,1,1,1,1,1,5,1,1,7,5,,,,,
2,64,4,6,2003,2,3,1,2,2,1,1,1,1,1,1,5,1,1,14,6,2,1,42,2,2
8,64,4,7,2003,2,1,1,2,2,1,1,1,1,1,1,5,1,1,14,6,1,1,26,2,2
11,64,4,5,2003,2,4,1,2,2,2,1,1,2,1,1,5,1,1,8,6,1,1,,2,2
1,64,2,6,2003,3,2,6,2,1,1,1,1,1,1,1,5,1,1,8,6,1,1,27,2,2
1,64,1,7,2003,3,1,1,2,2,1,1,1,1,1,1,5,1,1,8,6,1,1,,2,2
1,64,4,8,2003,3,5,1,2,2,1,1,1,1,1,1,5,1,1,9,6,1,1,,2,2
1,64,4,9,2003,4,1,1,2,2,1,3,1,1,1,1,5,1,1,14,6,1,1,,2,2
1,64,3,9,2003,3,2,4,2,2,1,1,1,1,1,1,5,1,1,8,6,1,1,40,2,2
2,64,3,8,2003,2,2,4,2,2,1,1,1,1,1,1,5,1,1,8,6,1,1,,2,2
2,64,4,8,2003,2,1,1,2,2,1,1,1,2,1,1,5,1,1,14,6,1,1,,2,2
2,64,4,8,2003,2,1,1,2,2,1,1,1,1,1,1,5,1,1,14,6,1,1,23,2,2
2,64,4,9,2003,2,1,1,2,2,1,1,1,1,1,1,5,1,1,9,6,1,1,32,2,2
2,64,4,9,2003,2,2,2,2,2,1,1,1,1,1,1,5,1,1,15,6,1,1,,1,2
3,64,3,2,2003,3,1,1,2,2,1,1,1,1,1,1,5,1,1,7,6,1,1,27,2,2
3,64,4,2,2003,4,7,1,2,2,1,2,1,1,1,1,5,1,1,14,6,1,1,,2,2
3,64,3,4,2003,1,2,3,2,2,1,3,1,1,1,1,5,1,1,8,6,1,1,40,2,2
3,64,4,6,2003,2,3,1,1,2,1,1,2,1,1,1,5,1,1,9,6,1,1,20,2,2
3,64,3,7,2003,3,1,1,2,2,1,1,1,1,1,1,5,1,1,14,6,1,1,23,2,2
3,64,4,8,2003,3,1,1,1,2,1,1,2,1,2,1,5,1,1,8,6,1,1,,2,2
3,64,4,9,2003,4,1,1,2,2,1,2,1,1,1,1,5,1,1,8,6,1,1,,2,2
3,64,1,9,2003,2,1,1,2,2,1,1,1,1,1,1,5,1,1,14,6,1,1,,2,2
4,64,4,7,2003,3,1,1,2,2,1,1,1,1,1,1,5,1,1,14,6,1,1,35,2,2
4,64,4,7,2003,4,2,6,2,1,1,1,1,1,1,1,5,1,1,14,6,1,1,,1,2
4,64,4,8,2003,2,2,1,2,2,1,1,1,1,1,1,5,1,1,8,6,1,1,25,2,2
4,64,4,9,2003,3,1,1,2,2,1,1,1,1,1,1,5,1,1,14,6,1,1,,2,2
4,64,4,9,2003,2,1,1,2,2,1,1,1,1,1,1,5,1,1,10,2,1,1,,2,2
5,64,4,7,2003,1,1,1,2,2,2,2,1,2,1,1,5,1,1,14,6,1,1,,2,2
6,64,4,8,2003,2,1,1,2,2,1,1,1,1,1,1,5,1,1,7,6,1,1,,2,2
6,64,4,8,2003,4,1,1,2,2,1,3,1,1,1,1,5,1,1,,,,,,,
6,64,4,8,2003,4,2,3,2,2,1,3,1,1,1,1,5,1,1,14,6,1,1,,2,2
6,64,3,9,2003,1,1,1,2,2,1,3,1,1,1,1,5,1,1,14,6,1,1,40,1,2
7,64,3,4,2003,2,1,1,2,2,1,1,1,1,1,1,5,1,1,7,6,1,1,22,2,2
7,64,4,6,2003,3,3,3,2,2,1,1,1,1,1,1,5,1,1,14,6,1,1,,2,2
7,64,1,8,2003,2,1,6,2,2,1,1,1,1,1,1,5,1,1,9,6,1,1,35,2,2
7,64,4,8,2003,2,1,1,2,2,1,1,1,1,1,1,5,1,1,14,6,1,1,,2,2
8,64,4,9,2003,2,1,1,2,2,1,1,1,1,1,1,5,1,1,9,6,1,1,28,2,2
10,64,3,4,2003,1,3,1,2,2,1,4,1,1,1,1,5,1,1,7,6,1,1,,1,2
10,64,4,7,2003,4,1,1,2,2,1,4,1,1,1,1,3,1,1,14,6,1,1,,2,2
10,64,2,7,2003,1,1,2,1,1,1,2,1,1,1,1,5,3,1,14,6,1,1,,2,2
10,64,4,7,2003,2,3,1,2,2,1,1,3,1,1,1,5,1,1,3,6,1,1,,2,2
10,64,4,8,2003,3,1,1,2,2,1,1,1,1,1,1,3,1,1,9,6,1,1,,2,2
11,64,3,7,2003,4,1,4,2,2,1,3,1,1,1,1,5,1,1,16,6,1,1,25,2,2
4,64,4,10,2003,3,1,1,2,2,1,1,1,1,1,1,5,1,1,14,6,1,1,,1,2
11,64,4,10,2003,2,1,1,2,2,1,1,1,1,1,1,5,1,1,14,6,1,1,22,2,2
1,64,4,10,2003,2,1,1,2,2,1,1,1,1,1,1,5,1,1,6,6,1,1,30,2,2
5,64,4,10,2003,2,1,1,2,2,1,1,1,1,1,1,5,1,1,14,7,1,1,,2,2
7,64,4,10,2003,2,1,1,2,2,1,1,1,1,1,1,5,1,1,9,6,1,1,24,2,2
7,64,4,10,2003,4,1,1,2,2,1,3,2,1,1,1,5,1,1,,,,,,,
2,64,4,11,2003,4,1,3,2,1,1,3,1,1,1,1,5,1,1,8,6,1,1,,2,2
2,64,4,11,2003,3,2,2,2,2,1,2,1,1,1,1,5,1,1,19,2,1,1,,2,2
12,64,4,12,2003,3,1,1,2,2,1,2,1,1,1,1,2,1,1,9,6,1,1,,2,2
12,64,1,12,2003,2,1,1,2,2,1,1,1,1,1,1,5,1,1,9,6,1,1,,2,2
1,64,4,11,2003,4,1,1,1,2,1,3,1,1,1,1,5,1,1,19,6,1,1,,2,2
3,64,4,11,2003,2,1,1,2,2,4,2,1,1,1,1,5,3,1,14,6,1,1,40,1,2
5,64,3,12,2003,1,2,4,2,1,1,3,1,1,1,1,5,1,1,9,6,1,1,41,2,2
10,64,4,11,2003,2,1,8,2,2,1,1,1,1,2,2,5,1,1,14,6,1,1,,2,2
10,64,4,11,2003,4,1,1,2,2,1,4,1,1,1,1,5,1,1,,,,,,,
1,46,4,1,2003,2,1,1,2,2,1,1,1,1,1,1,1,1,2,9,6,1,1,,2,2
1,46,4,1,2003,2,1,1,2,2,1,1,1,1,1,1,3,1,2,6,6,1,1,,2,2
1,46,4,1,2003,2,1,1,2,2,1,1,1,1,1,1,1,1,2,14,6,1,1,,2,2
1,46,4,1,2003,3,1,1,2,2,1,1,1,1,1,1,1,1,2,9,6,1,1,,2,2
6,46,4,1,2003,2,1,1,2,2,1,1,1,1,1,1,1,1,1,12,6,1,1,,2,2
6,46,4,1,2003,3,1,1,2,2,1,1,1,1,1,1,1,1,1,4,6,1,1,,2,2
6,46,4,1,2003,3,1,1,2,2,1,1,1,1,1,1,1,1,1,8,6,1,1,,2,2
1,46,4,2,2003,2,1,1,2,2,1,1,1,1,1,1,1,1,2,6,6,1,1,,2,2
1,46,3,2,2003,4,1,1,2,2,1,3,1,1,1,1,1,1,2,12,6,1,1,,2,2
1,46,4,2,2003,1,1,1,2,2,1,4,1,1,1,1,1,1,2,14,6,1,1,,2,2
1,46,3,2,2003,4,1,1,1,1,1,3,1,1,1,1,1,1,2,8,6,1,1,,2,2
5,46,3,2,2003,3,1,1,2,2,1,1,1,1,1,1,1,1,2,8,6,1,1,,2,2
5,46,4,2,2003,4,1,1,2,2,1,4,1,1,1,1,3,1,2,12,6,1,1,,2,2
6,46,4,2,2003,2,1,1,2,2,1,1,1,1,1,1,1,1,2,14,6,1,1,,2,2
1,50,3,1,2003,3,1,1,2,2,1,1,1,1,1,1,3,1,2,12,6,1,1,,2,2
11,50,4,1,2003,3,1,1,2,2,1,1,1,1,1,1,2,1,2,9,6,1,1,,2,2
11,50,3,1,2003,3,1,1,2,2,1,1,1,1,1,2,2,1,2,9,6,1,1,,2,2
11,50,1,1,2003,4,1,1,2,2,1,2,1,1,1,1,2,1,2,9,6,1,1,,2,2
11,50,4,2,2003,3,1,1,2,2,1,1,1,1,1,1,2,1,2,9,6,1,1,,2,2
13,50,4,2,2003,1,1,1,2,2,1,1,1,1,1,1,3,1,2,14,6,1,1,,2,2
13,50,4,2,2003,4,1,1,2,2,1,4,1,1,1,1,3,1,2,9,6,1,1,,2,2
2,44,4,1,2003,1,1,1,2,2,4,4,1,2,1,3,3,2,2,14,6,1,1,38,2,2
4,44,4,1,2003,3,1,1,2,2,1,1,1,1,1,1,2,1,1,9,6,1,1,,2,2
4,44,3,1,2003,4,1,1,2,2,1,2,1,1,1,1,2,1,2,9,6,1,1,,2,2
6,44,4,1,2003,3,1,1,2,2,1,1,1,1,1,1,1,1,2,9,6,1,1,,2,2
7,44,4,1,2003,3,1,1,2,2,1,1,1,1,1,1,1,1,2,9,6,1,1,,2,2
13,47,4,1,2003,4,1,1,2,2,1,4,1,1,1,1,1,1,2,9,6,1,1,,2,2
1,43,4,3,2003,2,1,1,2,2,1,1,1,1,1,1,3,1,2,5,6,1,1,,2,2
5,43,4,2,2003,2,1,1,2,2,1,1,1,1,1,1,1,1,2,9,6,1,1,,2,2
5,43,4,2,2003,3,1,1,2,2,1,1,1,1,1,1,1,1,2,8,6,1,1,,2,2
6,43,3,2,2003,2,1,1,2,2,1,1,1,1,1,1,3,1,2,10,6,1,1,35,2,2
2,43,4,1,2003,2,1,1,2,2,1,1,1,1,1,1,1,1,2,9,6,1,1,,2,2
2,43,4,1,2003,3,1,1,2,2,1,1,1,1,1,1,1,1,2,9,6,1,1,,2,2
3,43,4,1,2003,4,1,1,2,2,1,2,3,1,2,2,3,1,2,13,6,1,1,,2,2
3,43,1,1,2003,4,1,1,2,2,4,3,1,1,1,1,1,1,2,8,6,1,1,24,2,2
4,43,4,1,2003,3,1,1,2,2,1,1,1,1,1,1,3,1,2,8,6,1,1,,2,2
6,43,3,1,2003,2,1,1,2,2,1,1,1,1,1,1,3,1,2,13,6,1,1,,2,2
3,49,3,1,2003,2,1,1,2,2,1,1,1,1,1,1,3,1,2,8,6,1,1,,2,2
4,49,4,1,2003,3,1,1,2,2,1,1,1,1,1,1,3,1,2,6,6,1,1,,2,2
5,49,3,1,2003,3,1,1,2,2,1,1,1,1,1,2,3,1,2,8,6,1,1,,2,2
1,49,4,2,2003,2,1,1,2,2,1,1,1,1,1,1,1,1,2,14,6,1,1,,2,2
1,49,4,2,2003,2,1,1,2,2,1,1,1,1,1,1,2,1,2,9,6,1,1,,2,2
3,49,4,2,2003,3,1,1,2,2,1,1,1,1,1,1,2,1,2,9,6,1,1,,2,2
5,49,4,2,2003,2,1,1,2,2,1,1,1,1,1,1,3,1,2,9,6,1,1,,2,2
1,48,4,1,2003,2,1,1,2,2,1,1,1,1,1,1,1,1,1,14,6,1,1,,2,2
1,45,3,1,2003,2,1,4,2,2,1,1,1,1,1,1,1,1,1,8,6,1,1,,2,2
5,45,4,1,2003,3,1,1,2,2,1,1,1,1,1,1,1,1,2,9,6,1,1,35,2,2
5,45,4,1,2003,3,1,1,2,2,1,1,1,1,1,1,1,1,2,14,6,1,1,,2,2
6,45,4,1,2003,2,1,1,2,2,4,2,1,1,1,1,1,1,2,14,6,1,1,,2,2
1,45,4,2,2003,4,1,1,2,2,1,4,1,1,1,1,1,1,2,14,6,1,1,,2,2
5,45,4,2,2003,4,1,1,2,2,1,2,1,1,1,1,1,1,2,9,6,1,1,,2,2
5,45,4,2,2003,3,1,1,2,2,1,1,1,1,1,1,3,1,2,4,6,1,1,,2,2
1,52,4,2,2003,2,1,1,2,2,1,1,1,1,1,1,2,1,1,7,6,1,1,,2,2
3,51,4,1,2003,4,1,1,2,2,1,4,1,1,1,1,3,3,2,17,6,1,1,40,2,2
4,51,1,1,2003,2,1,1,2,2,1,1,1,1,1,1,2,1,2,8,6,1,1,32,2,2
13,51,2,1,2003,4,1,1,2,2,1,4,1,1,1,1,3,1,2,13,6,1,1,,2,2
1,41,4,2,2003,2,1,1,2,2,1,1,1,1,1,1,1,1,2,10,6,1,1,30,2,2
1,41,4,2,2003,3,1,1,2,2,1,1,1,1,1,1,1,1,2,8,6,1,1,,2,2
3,41,3,2,2003,2,1,1,2,2,1,1,1,1,1,1,1,1,2,9,6,1,1,,2,2
5,41,4,2,2003,3,1,1,2,2,1,1,1,1,1,1,1,1,1,9,6,1,1,,2,2
5,41,4,2,2003,3,1,1,2,2,1,1,1,1,1,1,2,1,2,11,6,1,1,,2,2
3,41,4,3,2003,3,1,1,2,2,1,1,1,1,1,1,1,2,1,8,6,1,1,,2,2
5,41,3,2,2003,2,1,1,2,2,1,1,1,1,1,1,1,1,1,14,6,1,1,35,2,2
5,41,4,2,2003,2,1,1,2,2,1,1,1,1,1,1,1,1,2,9,6,1,1,,2,2
6,41,4,2,2003,2,1,1,2,2,1,1,1,1,1,1,1,1,2,13,6,1,1,,2,2
6,41,4,2,2003,2,1,1,2,2,1,1,1,1,1,1,1,1,2,14,6,1,1,35,2,2
7,41,4,2,2003,2,1,1,2,2,1,1,1,1,1,1,3,1,2,9,6,1,1,,2,2
5,41,4,3,2003,3,1,1,2,2,1,1,1,1,1,1,1,1,2,9,6,1,1,,2,2
6,41,4,3,2003,3,1,1,2,2,1,1,1,1,1,1,1,1,2,14,6,1,1,,2,2
1,44,4,2,2003,4,1,1,2,2,1,3,1,1,1,1,2,1,1,9,6,1,1,30,2,2
1,44,3,2,2003,3,1,1,2,2,1,1,1,1,1,1,2,1,1,14,6,1,1,,2,2
3,44,4,2,2003,2,1,1,2,2,1,1,1,1,1,1,1,1,2,14,6,1,1,,2,2
6,44,4,1,2003,4,1,1,2,2,1,1,1,1,1,1,1,1,2,9,6,1,1,,2,2
6,44,4,2,2003,4,1,1,2,2,1,3,3,1,1,1,1,1,2,9,6,1,1,,2,2
7,44,4,2,2003,2,1,1,2,2,1,1,1,1,1,1,1,1,2,9,6,1,1,,2,2
7,44,4,2,2003,3,1,1,2,2,1,1,1,1,1,1,1,1,2,9,6,1,1,,2,2
7,44,4,2,2003,1,1,1,2,2,1,4,1,1,1,1,1,1,2,9,6,1,1,,2,2
1,49,4,3,2003,3,1,1,2,2,1,1,1,1,1,1,1,1,2,14,6,1,1,,2,2
4,49,4,3,2003,3,1,1,2,2,1,1,1,1,1,1,3,1,2,17,6,1,1,,2,2
1,50,4,3,2003,4,1,1,2,1,2,3,1,2,1,1,1,1,1,9,6,1,1,,2,2
8,50,4,3,2003,1,1,1,2,2,1,1,1,1,1,1,1,1,2,9,6,1,1,,2,2
11,50,4,3,2003,2,1,1,2,2,1,1,1,1,1,1,2,1,2,9,6,1,1,,2,2
1,51,4,2,2003,4,1,1,2,2,1,2,1,1,1,1,3,1,2,14,6,1,1,,2,2
1,51,4,2,2003,4,1,1,2,2,4,4,1,1,1,1,1,1,2,9,6,1,1,47,2,2
3,51,4,2,2003,3,1,1,2,2,1,1,1,1,1,1,2,1,2,9,6,1,1,,2,2
4,51,4,2,2003,2,1,1,2,2,1,2,1,1,1,2,2,3,2,8,6,1,1,,2,2
6,51,4,2,2003,4,1,1,2,2,1,1,1,1,1,1,3,1,2,6,6,1,1,,2,2
12,51,4,2,2003,3,1,1,2,2,1,1,1,1,1,1,3,1,2,9,6,1,1,,2,2
2,43,4,3,2003,3,1,1,2,2,1,1,1,1,1,1,1,1,2,14,6,1,1,,2,2
3,43,3,3,2003,2,1,1,2,2,1,1,1,1,1,1,1,1,2,9,6,1,1,,2,2
5,43,4,3,2003,2,1,1,2,2,1,1,1,1,1,1,1,1,2,9,6,1,1,,2,2
6,43,4,3,2003,3,1,1,2,2,1,1,1,1,1,1,3,1,2,14,6,1,1,,2,2
4,51,4,3,2003,3,1,1,2,2,1,1,1,1,1,1,2,1,2,14,6,1,1,,2,2
4,52,4,3,2003,4,1,1,2,2,1,4,1,1,1,1,3,1,2,14,6,1,1,40,2,2
6,45,4,3,2003,2,1,1,2,2,1,1,1,1,1,1,1,1,2,9,6,1,1,,2,2
6,45,4,3,2003,3,1,1,2,2,1,1,1,1,1,1,3,1,2,8,6,1,1,,2,2
9,47,4,1,2003,4,1,1,2,2,1,2,1,1,1,1,1,1,2,8,6,1,6,42,2,2
1,47,4,2,2003,4,1,1,2,2,1,4,1,1,1,1,1,1,2,4,6,1,1,,2,2
5,47,4,2,2003,3,1,1,2,2,1,1,1,1,1,1,1,1,2,9,6,1,1,,2,2
8,47,4,2,2003,2,1,1,2,2,1,1,1,1,1,1,1,1,1,9,6,1,1,40,2,2
8,47,4,3,2003,4,1,1,2,2,1,4,1,1,1,1,1,1,2,14,6,1,1,,2,2
8,47,3,2,2003,2,1,1,2,2,1,1,1,1,1,1,1,1,2,9,6,1,1,,2,2
8,42,4,2,2003,4,1,1,2,2,1,4,1,1,1,1,1,1,2,14,6,1,1,,2,2
7,47,3,2,2003,4,1,1,2,2,1,1,1,1,1,1,1,1,2,9,6,1,1,28,2,2
7,47,4,2,2003,4,1,1,2,2,1,4,4,1,2,3,1,1,2,7,6,1,1,32,2,2
9,47,4,2,2003,1,1,1,2,2,1,4,1,1,1,1,1,1,2,14,6,1,1,35,2,2
9,47,1,2,2003,1,1,1,2,2,4,4,1,1,1,1,1,1,2,9,6,1,1,35,2,2
1,47,4,3,2003,1,1,1,2,2,1,2,1,1,1,1,1,1,2,14,6,1,1,25,2,2
9,47,4,3,2003,3,1,1,2,2,1,1,1,1,1,1,1,1,2,14,6,1,1,,2,2
12,47,3,3,2003,2,1,1,2,2,1,1,1,1,1,1,1,1,2,13,6,1,1,,2,2
7,47,3,4,2003,3,1,1,2,2,1,1,1,1,1,1,1,1,2,10,6,1,1,,2,2
9,47,4,4,2003,3,1,1,2,2,1,4,1,1,1,1,1,1,2,14,6,1,1,45,2,2
9,47,4,4,2003,1,1,1,2,2,1,2,1,1,1,1,1,1,2,14,6,1,1,26,2,2
9,47,3,4,2003,2,1,1,2,2,1,1,1,1,1,1,1,1,2,14,6,1,1,,2,2
12,47,3,4,2003,2,1,1,2,2,1,1,1,1,1,1,1,1,2,14,6,1,1,,2,2
1,50,3,4,2003,2,1,1,2,2,1,1,1,1,1,1,1,1,1,6,1,1,1,,2,2
1,50,4,4,2003,3,1,1,2,2,1,2,1,1,1,1,1,1,1,9,6,1,1,,2,2
2,50,4,4,2003,2,1,1,2,2,1,2,1,1,1,1,1,1,2,13,6,1,1,,2,2
2,50,4,4,2003,3,1,1,2,2,1,1,1,1,1,1,1,1,1,9,6,1,1,,2,2
4,50,4,4,2003,2,1,1,2,2,1,1,1,1,1,1,2,1,2,9,6,1,1,,2,2
4,50,4,4,2003,4,1,1,2,2,1,3,1,1,1,1,2,1,2,4,6,1,1,,2,2
6,50,4,4,2003,2,1,1,2,2,1,2,1,1,1,1,2,1,2,14,6,1,1,,2,2
7,50,4,4,2003,2,1,1,2,2,1,1,1,1,1,1,2,1,2,14,6,1,1,,2,2
7,50,4,4,2003,4,1,1,2,2,1,2,1,1,1,1,2,1,2,14,6,1,1,,2,2
10,50,4,4,2003,1,1,1,2,2,1,2,1,1,1,2,2,1,2,14,6,1,1,40,2,2
11,50,3,4,2003,2,1,1,2,2,1,1,1,1,1,1,2,1,2,14,6,1,1,35,2,2