Thana,District,Accident_Severity,Month,Year,Time,Junction_Type,Traffic_Control,Movement,Divider,Weather,Light,Road_Geometry,Surface_Condition,Surface_Type,Surface_Quality,Road_Class,Road_Feature,Location_Type,Vehicle_Type,Vehicle_Movement,Vehicle_Loading,Vehicle_Defect,Vehicle_Driver_Age,Vehicle_Alcohol,Vehicle_Seat_Belt
9,47,4,10,2003,2,1,1,2,2,1,1,1,1,1,1,1,1,2,14,6,1,1,,2,2
1,43,4,10,2003,1,1,1,2,2,1,4,1,1,1,1,3,1,2,8,6,1,1,,2,2
2,43,4,10,2003,3,1,1,2,2,1,1,1,1,1,1,1,1,2,9,6,1,1,,2,2
2,43,4,10,2003,4,1,1,2,2,1,2,1,1,1,1,1,1,2,14,6,1,1,,2,2
2,43,4,10,2003,2,1,1,2,2,1,1,1,1,1,1,1,1,2,9,6,1,1,,2,2
4,43,3,10,2003,1,1,1,2,2,1,4,1,1,1,1,3,1,2,9,6,1,1,,2,2
5,43,4,10,2003,2,1,1,2,2,1,1,1,1,1,1,1,1,2,9,6,1,1,,2,2
6,43,4,10,2003,2,1,1,2,2,1,1,1,1,1,1,3,1,2,5,6,1,1,,2,2
1,43,4,11,2003,3,1,1,2,2,1,1,1,1,1,1,3,1,2,14,6,1,1,,2,2
2,43,4,11,2003,2,1,1,2,2,1,1,1,1,1,1,1,1,2,9,6,1,1,,2,2
2,43,4,11,2003,3,1,1,2,2,1,1,1,1,1,1,1,1,2,9,6,1,1,,2,2
3,43,4,11,2003,2,1,1,2,2,1,1,1,1,1,1,3,1,2,8,6,1,1,,2,2
4,43,4,11,2003,3,1,1,2,2,1,1,1,1,1,3,1,1,2,9,6,1,1,,2,2
4,43,4,11,2003,2,,1,2,2,1,1,1,1,1,1,1,1,2,9,6,1,1,,2,2
5,43,4,11,2003,2,1,1,2,2,4,1,1,1,1,3,1,1,2,9,6,1,1,,2,2
5,43,1,11,2003,3,1,1,2,2,1,1,1,1,1,3,1,1,2,9,6,1,1,,2,2
6,43,3,11,2003,2,1,1,2,2,1,1,1,1,1,1,3,1,2,4,6,1,1,,2,2
1,45,4,10,2003,4,1,1,2,2,1,2,1,1,1,1,1,1,2,14,6,1,1,,2,2
1,45,4,10,2003,2,1,1,2,2,1,1,1,1,1,1,1,1,1,14,6,1,1,,2,2
1,45,4,10,2003,2,1,1,2,2,1,1,1,1,1,1,1,1,2,9,6,1,1,,2,2
3,45,3,10,2003,3,1,1,2,2,1,1,1,1,1,1,3,1,2,5,6,1,1,35,2,2
4,45,4,10,2003,1,1,1,2,2,4,2,1,1,1,1,3,1,2,14,6,1,1,,2,2
6,45,4,10,2003,3,1,1,2,2,1,1,1,1,1,1,1,1,2,14,6,1,1,,2,2
6,45,3,10,2003,4,1,1,2,2,1,1,1,1,1,1,1,1,2,8,6,1,1,35,2,2
6,45,4,11,2003,2,1,1,2,2,1,1,1,1,1,1,1,1,2,9,6,1,1,,2,2
3,45,4,11,2003,1,1,1,2,2,1,1,1,1,1,1,1,1,2,14,6,1,1,,2,2
6,45,4,11,2003,2,1,1,2,2,1,1,1,1,1,1,3,1,2,9,6,1,1,,2,2
6,45,4,11,2003,3,1,1,2,2,1,1,1,1,1,1,1,1,2,14,6,1,1,,2,2
6,45,4,11,2003,3,1,1,2,2,1,1,1,1,1,1,1,1,2,9,6,1,1,,2,2
6,45,4,11,2003,2,1,1,2,2,1,1,1,1,1,1,3,1,2,14,6,1,1,,2,2
1,47,3,11,2003,3,1,1,2,2,1,1,1,1,1,1,1,1,2,9,6,1,1,,2,2
7,47,4,11,2003,3,1,1,2,2,1,1,1,1,1,1,1,1,2,9,6,1,1,,2,2
13,47,4,11,2003,3,1,1,2,2,1,1,1,1,1,1,1,1,2,9,6,1,1,,2,2
1,51,3,9,2003,2,1,1,2,2,1,2,1,1,1,1,2,1,2,9,6,1,1,,2,2
1,51,3,10,2003,3,1,1,2,2,1,1,1,1,1,1,2,1,2,9,6,1,1,,2,2
1,51,4,10,2003,3,1,1,2,2,4,2,1,1,1,1,2,1,2,14,6,1,1,35,2,2
3,51,4,9,2003,2,1,1,2,2,1,1,1,1,1,1,2,1,2,8,6,1,1,,2,2
7,51,4,10,2003,3,1,1,2,2,1,1,1,1,1,1,3,1,2,17,6,1,1,35,2,2
8,51,4,9,2003,3,1,1,2,2,1,1,1,1,1,1,3,1,2,19,6,1,1,25,2,2
8,51,4,10,2003,3,1,1,2,2,1,1,1,1,1,1,2,1,2,14,6,1,1,,2,2
8,51,3,11,2003,2,1,1,2,2,1,1,1,1,1,1,3,1,2,9,6,1,1,,2,2
9,51,3,9,2003,4,1,1,2,2,1,2,1,1,1,1,2,1,2,9,6,1,1,,2,2
12,51,4,11,2003,2,1,1,2,2,1,1,1,1,1,1,3,1,2,9,6,1,1,35,2,2
13,51,4,10,2003,2,1,1,2,2,1,1,1,1,1,1,3,1,2,9,6,1,1,,2,2
1,52,4,10,2003,3,1,1,2,2,1,1,2,1,1,1,2,1,2,14,6,1,1,26,2,2
2,44,4,8,2003,2,1,1,2,2,1,1,1,1,1,1,3,1,2,9,6,1,1,,2,2
2,44,4,8,2003,3,1,1,2,2,1,1,1,1,1,1,1,1,2,9,6,1,1,,2,2
3,44,4,8,2003,3,1,1,2,2,1,1,1,1,1,1,1,1,2,9,6,1,1,,2,2
4,44,4,8,2003,3,1,1,2,2,1,1,1,1,1,1,2,1,2,8,6,1,1,,2,2
4,44,4,8,2003,3,1,1,2,2,1,1,1,1,1,1,2,1,2,15,6,1,1,,2,2
4,44,4,8,2003,4,1,1,2,2,1,3,1,1,1,1,2,1,2,14,6,1,1,,2,2
6,44,4,8,2003,2,1,1,2,2,1,1,1,1,1,1,1,1,2,9,6,1,1,,2,2
7,44,4,8,2003,4,1,1,2,2,1,2,1,1,1,1,1,1,2,9,6,1,1,,2,2
1,51,3,12,2003,3,1,1,2,2,1,1,1,1,1,1,3,1,2,4,6,1,1,,2,2
3,51,4,12,2003,4,1,1,2,2,1,4,1,1,1,2,3,1,2,4,6,1,1,,2,2
9,51,4,12,2003,2,1,1,2,2,1,1,1,1,1,1,2,1,2,7,6,1,1,,2,2
9,51,3,12,2003,2,1,1,2,2,4,3,1,1,1,1,3,1,2,4,6,1,1,,2,2
1,47,4,11,2003,2,1,1,2,2,4,2,1,1,1,1,3,1,2,9,6,1,1,,2,2
2,47,4,12,2003,4,1,1,2,2,1,1,1,1,1,1,1,1,2,9,6,1,1,,2,2
7,47,3,12,2003,2,1,1,2,2,1,1,1,1,1,1,1,1,2,10,6,1,1,,2,2
7,47,4,12,2003,1,1,1,2,2,4,4,1,1,1,1,1,1,2,14,6,1,1,,2,2
9,47,4,12,2003,1,1,1,2,2,1,2,1,1,1,1,1,1,2,14,6,1,1,,2,2
1,50,4,12,2003,2,1,1,2,2,4,2,1,1,1,1,1,1,1,14,6,1,1,,2,2
2,50,4,12,2003,3,1,1,2,2,1,1,1,1,1,1,1,1,2,14,6,1,1,,2,2
2,50,4,12,2003,3,1,1,2,2,1,1,1,1,1,1,1,1,2,9,6,1,1,35,2,2
5,50,4,12,2003,4,1,1,2,2,1,2,1,1,1,1,2,1,2,14,6,1,1,,2,2
8,50,4,12,2003,2,1,1,2,2,1,1,3,5,3,2,3,1,2,17,6,1,1,,2,2
10,50,4,12,2003,1,1,1,2,2,1,1,1,1,1,1,1,1,2,14,6,1,1,,2,2
6,45,3,12,2003,3,1,1,2,2,1,1,1,1,1,1,1,1,2,9,6,1,1,,2,2
1,52,4,8,2003,3,1,1,2,2,1,1,1,1,1,1,3,1,2,12,6,1,1,,2,2
6,52,3,12,2003,3,1,1,2,2,1,1,1,1,1,1,3,1,2,,6,1,1,,2,2
2,41,4,2,2003,1,1,1,2,2,1,4,1,1,1,1,3,1,2,14,6,1,1,,2,2
3,41,4,7,2003,4,1,1,2,2,1,2,1,1,1,1,3,1,2,14,6,1,1,,2,2
5,41,4,9,2003,3,1,1,2,2,1,1,1,1,1,1,1,1,1,9,6,1,1,,2,2
5,41,4,9,2003,3,1,1,2,2,1,1,1,1,1,1,1,1,1,10,6,1,1,,2,2
5,41,4,10,2003,3,1,1,2,2,1,1,1,1,1,1,1,1,2,9,6,1,1,,2,2
5,41,4,11,2003,3,1,1,2,2,1,1,1,1,1,1,1,1,2,9,6,1,1,35,2,2
5,41,4,11,2003,1,1,1,2,2,4,4,1,1,1,1,1,1,2,14,6,1,1,,2,2
5,41,4,11,2003,3,1,1,2,2,1,1,1,1,1,1,1,1,2,9,6,1,1,,2,2
5,41,4,12,2003,2,1,1,2,2,1,1,1,1,1,1,1,1,2,8,6,1,1,,2,2
1,44,3,8,2003,4,1,1,2,2,1,4,1,1,1,1,2,1,2,6,6,1,1,,2,2
2,44,4,9,2003,1,1,1,2,2,1,2,1,1,1,3,1,1,2,9,6,1,1,,2,2
3,44,4,9,2003,2,1,1,2,2,1,4,1,1,1,3,1,1,2,9,6,1,1,46,2,2
3,44,4,9,2003,2,1,1,2,2,1,1,1,1,1,1,1,1,2,9,6,1,1,,2,2
4,44,4,9,2003,3,1,1,2,2,1,1,1,1,1,1,2,1,2,8,6,1,1,,2,2
4,44,4,9,2003,3,1,1,2,2,1,1,1,1,1,1,3,1,2,9,6,1,1,24,2,2
5,44,4,9,2003,1,1,1,2,2,1,4,1,1,1,1,1,1,2,12,6,1,1,,2,2
5,44,4,9,2003,3,1,1,2,2,1,1,1,1,1,1,1,1,2,9,6,1,1,,2,2
7,44,4,9,2003,4,1,1,2,2,1,4,1,1,1,1,1,1,2,9,6,1,1,33,2,2
7,44,4,9,2003,3,1,1,2,2,1,1,1,1,1,1,1,1,2,8,6,1,1,30,2,2
7,44,4,9,2003,1,1,1,2,2,1,4,1,1,1,3,1,1,2,9,6,1,1,,2,2
7,44,4,9,2003,3,1,1,2,2,1,1,1,1,1,1,1,1,2,9,6,1,1,,2,2
6,46,4,12,2003,3,1,1,2,2,1,1,1,1,1,1,1,1,2,14,6,1,1,,2,2
1,43,4,12,2003,2,1,1,2,2,1,1,1,1,1,1,3,1,2,6,6,1,1,,2,2
2,43,4,12,2003,3,1,1,2,2,1,1,1,1,1,1,1,1,2,9,6,1,1,,2,2
2,43,4,12,2003,4,1,1,2,2,1,2,1,1,1,1,1,1,2,8,6,1,1,,2,2
2,43,4,12,2003,3,1,1,2,2,1,1,1,1,1,1,1,1,2,9,6,1,1,,2,2
4,43,4,12,2003,4,1,1,2,2,1,2,1,1,1,1,1,1,2,9,6,1,1,,2,2
4,43,4,12,2003,4,1,1,2,2,1,2,1,1,1,1,3,1,2,9,6,1,1,,2,2
5,43,3,12,2003,2,1,1,2,2,1,1,1,1,1,1,1,1,2,9,6,1,1,,2,2
6,48,4,10,2003,2,1,1,2,2,1,1,1,1,1,1,3,1,2,9,6,1,1,,2,2
1,49,3,9,2003,2,1,1,2,2,1,1,1,1,1,1,2,1,2,14,6,1,1,50,2,2
1,49,3,10,2003,3,1,1,2,2,1,1,1,1,1,1,2,1,2,14,6,1,1,,2,2
2,49,4,12,2003,2,1,1,2,2,4,1,1,1,1,1,3,1,2,9,6,1,1,,2,2
3,49,3,9,2003,3,1,1,2,2,1,1,1,1,1,1,2,1,2,9,6,1,1,,2,2
1,46,4,3,2003,3,1,1,2,2,1,1,1,1,1,1,1,1,2,9,6,1,1,,2,2
1,46,4,3,2003,1,1,1,2,2,1,1,1,1,1,1,1,1,2,9,6,1,1,,2,2
1,46,4,3,2003,3,1,1,2,2,1,1,1,1,1,1,1,1,2,9,6,1,1,,2,2
1,46,4,3,2003,2,1,1,2,2,1,1,1,1,1,1,1,1,2,7,6,1,1,,2,2
1,46,4,3,2003,3,1,1,2,2,1,1,1,1,1,1,1,1,2,8,6,1,1,,2,2
1,46,4,4,2003,3,1,1,2,1,1,1,1,1,1,1,2,1,2,9,6,1,1,,2,2
1,46,4,4,2003,1,1,1,2,2,1,3,1,1,1,1,2,1,2,14,6,1,1,,2,2
1,46,4,4,2003,2,1,1,2,2,1,1,1,1,1,1,1,1,2,9,6,1,1,,2,2
1,46,4,2,2003,3,1,1,2,2,1,1,1,1,1,1,1,1,2,8,6,1,1,,2,2
1,46,4,4,2003,4,1,1,2,2,1,3,1,1,1,1,2,1,2,9,6,1,1,,2,2
1,46,4,5,2003,2,1,1,2,2,1,1,1,1,1,1,1,1,2,9,1,1,1,,2,2
1,46,3,5,2003,4,1,1,2,2,1,2,1,1,1,1,2,1,2,9,6,1,1,,2,2
1,46,4,6,2003,2,1,1,2,2,1,1,1,1,1,1,1,1,2,12,6,1,1,,2,2
1,46,4,6,2003,4,1,1,2,2,1,3,1,1,1,1,1,1,2,9,6,1,1,,2,2
1,46,4,7,2003,4,1,1,2,2,1,4,1,1,1,1,2,1,2,9,6,1,1,,2,2
1,46,4,7,2003,2,1,1,2,1,1,1,1,1,1,1,1,1,2,7,6,1,1,,2,2
1,46,4,7,2003,2,1,1,2,2,1,1,1,1,1,1,1,1,2,7,6,1,1,,2,2
1,46,4,8,2003,2,1,1,2,2,1,1,1,1,1,1,1,1,2,14,6,1,1,,2,2
1,46,4,8,2003,2,1,1,2,2,1,1,1,1,1,1,1,1,2,7,6,1,1,,2,2
1,46,4,8,2003,4,1,1,2,2,1,4,1,1,1,1,1,1,2,14,6,1,1,,2,2
2,44,4,10,2003,4,1,1,2,2,1,4,1,1,1,1,1,1,2,10,6,1,1,30,2,2
4,44,4,10,2003,2,1,1,2,2,1,1,1,1,1,1,2,1,2,14,6,1,1,,2,2
5,44,4,10,2003,2,1,1,2,2,1,1,1,1,1,1,1,1,2,13,6,1,1,,2,2
6,44,3,9,2003,3,1,1,1,1,1,1,1,1,1,1,1,1,2,9,6,1,1,,2,2
7,44,3,10,2003,2,1,1,2,2,1,1,1,1,1,1,3,1,2,8,6,1,1,28,2,2
7,44,4,10,2003,3,1,1,2,2,1,4,1,1,1,1,1,1,2,14,6,1,1,,2,2
1,44,4,11,2003,3,1,1,2,2,1,1,1,1,1,1,2,1,2,12,6,1,1,,2,2
3,44,4,11,2003,2,1,1,2,2,1,1,1,1,1,1,1,1,2,9,6,1,1,,2,2
3,44,4,11,2003,2,1,1,2,2,1,1,1,1,1,1,1,1,2,9,6,1,1,35,2,2
4,44,4,11,2003,3,1,1,2,2,1,1,1,1,1,1,2,1,2,14,6,1,1,,2,2
4,44,4,11,2003,1,1,1,2,2,1,2,1,1,1,1,2,1,2,14,6,1,1,,2,2
6,44,4,11,2003,1,1,1,2,2,1,4,1,1,1,1,1,1,2,14,6,1,1,,2,2
6,44,4,11,2003,3,1,1,2,2,1,1,1,1,1,1,1,1,2,14,6,1,1,,2,2
6,44,3,11,2003,1,1,1,2,2,1,2,1,1,1,1,1,2,2,9,6,1,1,,2,2
3,41,4,9,2003,2,1,1,2,2,1,1,1,1,1,1,1,1,2,14,6,1,1,,2,2
3,41,4,10,2003,3,1,1,2,2,1,1,1,1,1,1,1,1,2,9,6,1,1,,2,2
3,41,4,12,2003,1,1,1,2,2,4,2,2,2,1,3,3,1,2,12,6,1,1,,2,2
3,41,4,12,2003,3,1,1,2,2,1,1,1,1,1,1,1,1,2,14,6,1,1,,2,2
3,41,4,12,2003,4,1,1,2,2,1,4,1,1,1,1,1,1,2,10,6,1,1,,2,2
3,41,3,12,2003,3,1,1,2,2,1,1,1,1,1,1,3,1,2,10,6,1,1,,2,2
5,41,4,5,2003,3,1,1,2,2,1,1,1,1,1,1,1,1,2,9,6,1,1,,2,2
5,41,4,7,2003,1,1,1,2,2,1,2,1,1,1,1,1,1,2,14,6,1,1,,2,2
5,41,4,7,2003,4,1,1,2,2,1,3,1,1,1,1,2,1,2,14,6,1,1,,2,2
5,41,4,7,2003,2,1,1,2,2,1,1,1,1,1,1,1,1,2,14,6,1,1,,2,2
5,41,4,7,2003,2,1,1,2,2,1,1,1,1,1,1,3,1,2,8,6,1,1,,2,2
5,41,4,7,2003,4,1,1,2,2,1,4,1,1,1,1,1,1,2,14,6,1,1,,2,2
5,41,4,7,2003,2,1,1,2,2,1,1,1,1,1,1,2,1,2,9,6,1,1,,2,2
5,41,3,8,2003,3,1,1,2,2,1,1,1,1,1,1,1,1,2,9,6,1,1,,2,2
5,41,3,9,2003,3,1,1,2,2,1,1,1,1,1,1,1,1,2,10,6,1,1,,2,2
5,41,4,10,2003,2,1,1,2,2,1,1,1,1,1,1,1,1,2,9,6,1,1,30,2,2
5,41,4,10,2003,4,1,1,2,2,1,4,1,1,1,1,1,1,2,9,6,1,1,,2,2
5,41,4,10,2003,4,1,1,2,2,1,4,1,1,1,1,1,1,2,9,6,1,1,,2,2
5,41,1,10,2003,3,1,1,2,2,1,1,1,1,1,1,1,1,2,9,6,1,1,,2,2
5,41,4,12,2003,4,1,1,2,2,1,4,1,1,1,1,1,1,2,14,6,1,1,,2,2
5,41,4,12,2003,1,1,1,2,2,1,2,1,1,1,1,1,1,2,14,6,1,1,,2,2
5,41,4,12,2003,3,1,1,2,2,1,1,1,1,1,1,1,1,2,9,6,1,1,,2,2
5,41,4,12,2003,3,1,1,2,2,1,1,1,1,1,1,1,1,2,9,6,1,1,,2,2
5,41,4,12,2003,3,1,1,2,2,1,1,1,1,1,1,1,1,2,9,6,1,1,,2,2
3,44,4,12,2003,3,1,1,2,2,1,1,1,1,1,1,1,1,2,9,6,1,1,,2,2
3,44,4,12,2003,3,1,1,2,2,1,1,1,1,1,1,1,1,2,14,6,1,1,35,2,2
3,44,4,12,2003,3,1,1,2,2,1,1,1,1,1,1,1,1,2,9,6,1,1,,2,2
4,44,4,11,2003,3,1,1,2,2,1,1,1,1,1,1,3,1,2,8,6,1,1,,2,2
4,44,4,12,2003,3,1,1,2,2,1,1,1,1,1,2,1,1,2,10,6,1,1,,2,2
6,44,4,10,2003,4,1,1,2,2,1,1,1,1,1,1,1,1,2,14,6,1,1,,2,2
1,51,4,12,2003,4,1,1,2,2,1,2,1,1,1,1,3,1,2,6,6,1,1,,2,2
9,42,3,2,2003,2,2,4,2,1,1,1,1,1,1,1,5,1,1,9,6,1,1,,2,2
9,42,3,2,2003,2,1,4,2,2,1,1,1,1,1,1,5,1,1,4,6,,7,,2,2
9,42,4,2,2003,3,1,1,2,1,1,1,1,1,1,1,5,1,1,9,6,,,,,2
11,42,4,1,2003,4,1,2,1,2,1,3,1,1,1,1,5,1,1,8,6,,,,2,2
11,42,4,1,2003,2,1,4,1,1,1,1,1,1,1,1,5,1,1,8,6,1,1,,2,2
11,42,3,1,2003,2,1,1,1,2,1,1,1,1,1,1,5,1,1,10,6,1,1,,2,2
11,42,3,1,2003,3,1,1,1,1,1,1,1,1,1,1,5,1,1,7,6,,,,2,2
11,42,4,1,2003,1,5,1,2,1,1,1,1,1,1,1,5,1,1,14,6,,,,2,2
11,42,3,1,2003,3,1,1,2,1,1,1,1,1,1,1,5,1,1,8,6,1,,32,2,2
11,42,4,1,2003,4,1,1,2,1,1,3,1,1,1,1,5,1,1,14,6,,,,,2
11,42,4,1,2003,4,1,1,2,1,1,3,1,1,1,1,5,1,1,14,6,,,,2,2
10,42,3,1,2003,3,3,6,2,1,1,1,1,1,1,1,5,1,1,8,6,,,,2,2
13,42,4,1,2003,3,7,2,1,1,1,1,1,1,1,1,5,1,1,8,6,1,1,30,2,2
10,42,4,2,2003,3,7,1,2,2,1,1,1,1,1,1,5,1,1,14,6,1,1,,2,2
6,42,4,1,2003,2,3,6,2,1,1,1,1,1,1,1,5,1,1,15,6,,,,2,2
6,42,4,1,2003,2,1,6,2,1,1,1,1,1,1,1,5,1,1,9,6,,,,2,2
6,42,3,2,2003,2,1,1,2,2,1,1,1,1,1,1,5,1,1,9,6,1,1,,2,2
6,42,3,2,2003,2,3,6,2,2,1,1,1,1,1,1,5,1,1,14,6,,,,2,2
6,42,4,2,2003,3,1,2,2,2,1,1,1,1,1,1,5,1,1,9,6,1,1,,2,2
6,42,4,2,2003,3,7,1,2,1,1,1,1,1,1,1,5,1,1,9,6,1,1,,2,2
6,42,4,2,2003,3,1,3,1,1,1,1,1,1,1,1,5,1,1,14,6,,,,2,2
6,42,4,2,2003,2,7,6,2,1,1,1,1,1,1,1,5,1,1,9,6,1,1,,2,2
6,42,4,2,2003,1,1,1,1,2,1,3,1,1,1,1,5,1,1,,6,,,,,
6,42,3,2,2003,3,3,1,2,1,1,2,1,1,1,1,5,1,1,9,6,,,,2,2
6,42,3,2,2003,2,1,1,1,2,1,2,1,1,1,1,5,1,1,8,6,1,1,,2,2
6,42,4,3,2003,3,1,1,2,2,1,1,1,1,1,1,5,1,1,14,6,,,,2,2
6,42,4,3,2003,4,1,1,2,1,1,3,1,1,1,1,5,1,1,6,,,1,,2,2
6,42,4,3,2003,4,1,8,1,2,1,3,1,1,1,1,5,1,1,,6,,,,,
6,42,4,3,2003,4,7,6,2,1,1,2,1,1,1,1,5,1,1,,6,1,1,,2,2
6,42,4,3,2003,4,3,2,2,1,1,3,1,1,1,1,5,1,1,9,6,1,1,,2,2
6,42,4,3,2003,1,1,1,2,1,1,4,1,1,1,1,5,1,1,,6,,,,,
4,42,4,1,2003,2,1,2,1,1,1,3,1,1,1,1,5,1,1,9,6,1,1,32,2,2
4,42,4,3,2003,3,1,1,1,1,1,1,1,1,1,1,5,1,1,8,6,1,1,,2,2
21,42,4,3,2003,3,1,1,2,2,1,1,1,1,1,1,5,1,1,9,6,1,1,,2,2
21,42,4,3,2003,3,1,1,2,2,1,1,1,1,1,1,5,1,1,8,6,,,,2,2
21,42,4,3,2003,4,1,1,2,2,1,3,1,1,1,1,5,1,1,14,6,1,1,,2,2
21,42,4,3,2003,4,1,1,2,2,1,3,1,1,1,1,5,1,1,12,6,,1,22,2,2
21,42,4,3,2003,3,1,1,2,2,1,1,1,1,1,1,5,2,1,9,6,1,1,,2,2
11,42,4,2,2003,1,7,3,2,1,1,3,1,1,1,1,5,1,1,14,6,,,,2,2
11,42,3,2,2003,3,7,2,1,1,2,1,1,2,1,1,5,1,1,10,6,1,1,25,2,2
11,42,2,2,2003,3,1,1,1,2,1,1,1,1,1,1,5,1,1,8,6,1,1,,2,2
11,42,4,2,2003,4,1,1,1,2,1,3,1,1,1,1,5,1,1,9,6,,,,2,2
11,42,4,2,2003,1,1,1,2,1,1,3,1,1,1,1,5,1,1,14,6,1,1,,2,2
11,42,4,2,2003,4,1,1,1,2,1,3,1,1,1,1,5,1,1,14,6,1,1,,2,2
10,42,4,3,2003,4,7,8,2,1,1,3,1,1,1,1,5,1,1,8,6,,,,2,2
10,42,4,3,2003,3,7,8,2,2,1,1,1,1,1,1,5,1,1,10,6,,,,2,2
10,42,4,3,2003,4,1,8,2,2,1,3,1,1,1,1,5,1,1,19,6,1,1,,2,2
10,42,4,3,2003,4,7,8,2,1,1,3,1,1,1,1,5,1,1,,6,,,,,2
10,42,4,3,2003,1,1,1,2,1,1,2,1,1,1,1,5,1,1,,6,1,1,,,2
3,42,3,1,2003,1,1,1,2,1,1,1,1,1,1,1,5,1,1,10,6,1,1,,2,2
3,42,4,2,2003,4,3,1,1,1,1,1,1,1,1,1,5,1,1,14,6,,,,2,2
3,42,4,2,2003,3,2,4,2,2,1,1,1,1,1,1,5,1,1,10,6,1,1,28,2,2
18,42,4,1,2003,2,1,1,2,1,1,1,1,1,1,1,5,1,1,9,6,1,1,,2,2
15,42,4,3,2003,3,1,1,2,1,1,1,1,1,1,1,5,1,1,11,6,,,25,2,2
9,42,4,3,2003,3,1,1,2,1,1,1,1,1,1,1,5,1,1,8,6,1,1,,2,2
9,42,2,3,2003,2,3,6,2,1,1,1,1,1,1,1,5,1,1,9,2,1,1,,2,2
9,42,4,3,2003,3,7,6,2,1,1,1,1,1,1,1,5,1,1,9,6,1,1,,2,2
9,42,4,3,2003,2,1,4,2,1,1,1,1,1,1,1,5,1,1,14,6,2,7,,2,2
9,42,4,3,2003,4,1,1,2,1,1,3,1,1,1,1,5,1,1,11,6,,,,2,2
9,42,3,3,2003,2,1,4,2,1,1,1,1,1,1,1,5,1,1,8,6,1,1,,2,2
9,42,3,3,2003,2,7,4,2,1,1,1,1,1,1,1,5,1,1,19,6,,,25,2,2
9,42,4,3,2003,4,3,6,2,1,1,3,1,1,1,1,5,1,1,8,6,1,1,,2,2
9,42,3,3,2003,3,5,6,2,1,1,1,1,1,1,1,5,1,1,10,6,,,,2,2
9,42,3,3,2003,4,1,1,2,1,1,3,1,1,1,1,5,1,1,19,6,1,1,,2,2
9,42,3,3,2003,3,3,6,2,1,1,1,1,1,1,1,5,1,1,19,6,1,1,,2,2
11,42,3,3,2003,2,1,1,1,1,1,1,1,1,1,1,5,1,1,9,6,1,1,,2,2
11,42,4,3,2003,3,3,8,2,1,1,1,1,1,1,1,5,1,1,8,6,1,1,40,2,2
11,42,1,3,2003,4,3,8,2,1,1,1,1,1,1,1,5,1,1,8,6,,,,2,2
11,42,3,3,2003,2,3,8,2,1,1,1,1,1,1,1,5,1,1,8,6,,,30,2,2
10,42,4,4,2003,4,1,1,2,1,1,2,1,1,1,1,5,1,1,9,6,,,,,2
10,42,4,4,2003,3,7,8,2,1,1,1,1,1,1,1,5,1,1,10,6,1,1,,2,2
4,42,4,4,2003,4,1,1,1,1,1,2,1,1,1,1,5,1,1,14,6,1,1,,2,2
4,42,4,4,2003,1,1,1,2,2,1,3,1,1,1,1,5,1,1,,6,1,1,,,
4,42,4,4,2003,2,1,1,2,1,1,2,1,1,1,1,5,1,1,10,6,1,1,,2,2
21,42,4,4,2003,2,1,1,2,2,1,1,1,1,1,1,5,1,1,8,6,,,,2,2
21,42,4,4,2003,3,1,1,2,2,1,1,1,1,1,1,5,1,1,14,6,,,,2,2
21,42,3,4,2003,4,1,,2,2,1,3,1,1,1,1,5,1,1,14,6,1,1,,2,2
21,42,3,4,2003,1,1,1,2,2,1,3,1,1,1,1,5,1,1,7,6,,,28,2,2
21,42,3,4,2003,2,1,1,2,2,1,1,1,1,1,1,5,1,1,9,6,1,1,30,2,2
6,42,4,4,2003,1,1,2,2,1,1,2,1,1,1,1,5,1,1,8,6,1,1,,2,2
6,42,3,4,2003,3,3,4,2,1,1,1,1,1,1,1,5,1,1,14,5,,,,2,2
6,42,3,4,2003,1,7,4,2,1,1,3,1,1,1,1,5,1,1,14,6,1,1,40,1,2
6,42,3,4,2003,3,1,3,2,1,1,1,1,1,1,1,5,1,1,9,6,,,35,2,2
6,42,3,4,2003,4,1,4,2,2,1,3,1,1,1,1,5,1,1,9,6,1,1,,2,2
6,42,4,4,2003,4,,3,2,1,1,3,1,1,1,1,5,1,1,9,6,1,1,,2,2
9,42,3,1,2003,2,7,4,2,1,1,1,1,1,1,1,5,1,1,9,6,1,1,,2,2
9,42,4,1,2003,3,1,1,2,1,1,1,1,1,1,1,5,1,1,8,6,1,1,,2,2
9,42,4,1,2003,2,1,1,2,1,1,1,1,1,1,1,5,1,1,9,6,,,,2,2
9,42,3,1,2003,3,2,4,2,1,1,1,1,1,1,1,5,1,1,7,6,1,1,25,2,2
8,42,4,1,2003,2,1,1,2,1,1,1,1,1,1,1,5,1,1,8,6,1,1,,2,2
8,42,3,1,2003,4,3,1,2,1,1,3,1,1,1,1,5,1,1,9,6,1,1,,2,2
8,42,3,1,2003,2,3,4,2,1,1,1,1,1,1,1,5,1,1,8,6,1,1,28,2,2
8,42,3,3,2003,3,1,1,2,1,1,1,1,1,1,1,5,1,1,10,6,1,1,,2,2
1,42,3,1,2003,3,1,1,2,1,1,1,1,1,1,1,5,1,1,9,6,1,1,,2,2
1,42,3,3,2003,3,1,1,2,1,1,1,1,1,1,1,5,1,1,10,6,1,7,,2,2
1,42,3,3,2003,3,1,1,2,1,1,1,1,1,1,1,5,1,1,8,6,1,1,,2,2
11,42,4,4,2003,1,3,4,2,1,1,1,1,1,1,1,5,1,1,7,6,1,1,22,1,2