Thana,District,Accident_Severity,Month,Year,Time,Junction_Type,Traffic_Control,Movement,Divider,Weather,Light,Road_Geometry,Surface_Condition,Surface_Type,Surface_Quality,Road_Class,Road_Feature,Location_Type,Vehicle_Type,Vehicle_Movement,Vehicle_Loading,Vehicle_Defect,Vehicle_Driver_Age,Vehicle_Alcohol,Vehicle_Seat_Belt
1,62,4,6,2003,3,3,1,2,2,2,1,1,2,1,1,4,1,2,9,11,,7,35,1,2
3,62,1,6,2003,1,3,1,1,,2,2,1,2,2,1,2,1,2,9,6,,1,,2,1
4,59,4,6,2003,3,3,8,2,,2,1,2,3,3,2,4,4,2,17,1,2,6,28,1,2
1,59,4,6,2003,4,3,1,2,2,2,4,3,1,1,1,2,1,2,9,6,1,1,45,2,1
1,67,4,6,2003,1,1,1,1,2,1,1,1,1,1,1,1,1,1,14,11,1,1,40,1,2
1,61,4,6,2003,4,2,2,2,2,1,1,1,1,1,1,1,1,1,,,,,,,
1,61,4,6,2003,3,7,1,2,2,1,1,1,1,1,1,1,1,2,9,1,1,1,28,1,2
1,61,3,6,2003,3,7,1,2,2,1,1,1,1,1,1,2,1,2,6,2,1,,,1,2
2,61,4,6,2003,3,1,1,2,2,1,1,1,1,1,1,1,1,1,9,6,,,,,
2,61,1,6,2003,4,1,1,2,2,1,3,1,1,1,1,1,1,1,6,6,1,1,23,2,2
4,61,3,6,2003,1,2,4,,1,1,2,1,1,1,1,5,1,2,5,10,,1,35,2,2
3,61,4,6,2003,4,,8,2,,1,2,1,1,1,1,1,1,2,9,6,,,,,
1,58,4,1,2003,3,,3,1,,1,1,1,1,1,1,2,,2,9,5,,,,,
10,58,4,6,2003,2,1,1,2,2,1,1,1,1,1,1,2,1,2,10,,,,,,
4,58,4,6,2003,2,1,1,2,2,1,1,2,1,1,1,2,1,2,5,3,1,7,,2,2
4,58,4,6,2003,3,,8,2,2,1,1,1,5,1,1,1,,,,11,2,1,40,1,1
5,58,4,6,2003,4,7,1,2,2,1,4,1,1,1,1,1,1,1,14,6,1,1,,1,2
7,58,4,6,2003,3,1,1,2,2,1,1,1,1,1,1,1,1,2,9,6,1,1,,2,2
7,58,4,6,2003,1,1,1,2,2,1,4,2,1,1,2,2,1,2,10,2,1,1,,,
7,58,4,6,2003,3,1,1,2,2,2,1,2,2,1,1,1,1,2,,,,,,,
1,58,4,6,2003,3,3,3,2,2,2,1,2,2,1,1,1,1,2,9,1,1,1,,2,2
1,58,4,6,2003,1,2,2,2,2,2,1,1,2,1,1,1,1,2,9,6,1,1,38,2,2
8,58,4,6,2003,4,7,1,2,2,1,2,1,1,3,1,1,2,,8,6,1,,,1,2
8,58,4,6,2003,2,7,1,2,,1,2,3,1,1,1,1,1,2,9,6,1,,,1,2
1,66,4,6,2003,3,,1,2,2,2,1,2,2,1,1,2,1,1,14,2,1,,,2,2
1,68,4,6,2003,1,7,1,2,2,2,2,4,2,1,1,2,1,2,14,2,1,,,1,2
1,57,4,6,2003,2,1,1,2,2,1,1,1,1,1,1,1,1,2,7,6,,,,,
7,57,4,6,2003,3,1,1,2,2,1,1,1,1,1,1,2,1,2,5,6,1,6,25,2,2
5,65,3,6,2003,2,,1,1,2,1,1,1,1,1,1,,,2,4,11,,7,25,2,2
7,65,4,6,2003,3,1,1,2,2,2,1,1,2,1,1,2,1,2,7,,,,,,
3,63,4,6,2003,4,7,8,2,2,1,2,1,1,1,1,1,1,2,9,4,1,7,38,,
6,63,4,6,2003,4,7,1,2,2,2,4,1,2,1,1,2,2,2,9,6,1,,,1,2
12,63,4,5,2003,4,7,8,1,2,2,2,4,3,3,2,4,4,2,5,11,2,,,,
9,63,1,5,2003,2,7,1,2,2,1,1,1,1,1,1,1,1,2,13,6,1,1,,2,2
1,62,4,1,2003,3,1,1,1,2,1,1,2,1,3,2,4,1,2,14,2,1,1,30,2,2
1,61,4,2,2003,3,7,1,2,2,1,1,1,1,1,1,1,1,2,9,11,,,,,
3,61,1,2,2003,4,,4,1,,1,3,1,1,1,1,1,1,2,9,6,,6,28,2,
5,60,4,6,2003,4,1,1,2,,1,1,1,1,1,,1,1,2,9,,,,,,
6,60,1,6,2003,4,1,1,1,2,1,1,1,1,1,1,4,1,2,9,6,1,1,,,
1,60,4,6,2003,2,1,1,1,2,1,3,1,1,1,1,5,1,1,14,6,1,1,,2,2
1,59,4,7,2003,2,2,1,2,,1,1,1,1,1,1,1,1,2,12,6,2,7,,1,2
2,59,4,7,2003,2,7,1,2,2,1,1,1,1,1,1,4,1,2,9,11,,,,,
1,61,1,7,2003,1,1,1,2,2,1,3,1,1,1,1,1,1,1,14,6,1,1,,2,2
1,61,4,7,2003,3,1,1,1,2,1,1,1,1,1,1,1,1,2,9,5,1,4,,1,2
1,61,3,7,2003,3,1,1,2,2,1,1,1,1,1,1,1,1,1,12,,1,1,,,2
1,61,4,7,2003,3,3,1,2,2,1,1,1,1,1,1,1,1,1,14,6,1,,32,2,2
1,61,4,7,2003,1,1,1,2,2,1,4,2,1,1,1,1,1,2,7,1,1,,,,2
1,62,3,7,2003,2,7,8,1,2,1,1,1,1,1,1,1,1,2,9,6,1,6,,2,2
1,62,4,7,2003,2,7,8,1,2,1,1,1,1,1,1,1,1,1,9,11,,1,35,1,2
3,62,4,7,2003,3,7,8,2,2,1,1,1,1,1,1,2,1,2,9,6,1,,49,2,2
4,62,1,7,2003,4,1,1,2,2,1,1,1,1,1,1,3,1,2,14,,,,,,
6,57,4,7,2003,3,1,1,2,2,1,1,1,1,1,3,2,1,2,9,2,1,1,40,1,2
6,57,1,7,2003,2,1,1,2,2,1,1,1,1,1,3,4,1,2,9,9,1,,31,2,2
3,57,4,7,2003,4,7,1,2,2,1,2,1,1,1,1,1,1,2,9,10,2,7,,1,2
1,65,3,7,2003,3,1,1,2,2,1,1,1,1,1,1,5,1,1,7,8,1,,28,2,2
1,66,4,7,2003,2,1,1,2,2,1,1,2,1,1,2,2,1,2,8,3,1,1,,2,2
7,67,3,7,2003,2,7,8,2,2,1,1,1,1,1,1,2,1,1,5,,1,,,,
2,58,3,7,2003,1,,1,2,2,1,4,2,1,1,1,1,1,2,9,6,1,,,,
2,58,3,7,2003,2,,1,2,2,1,1,1,1,1,1,2,,,5,6,1,,,,
5,58,4,7,2003,3,,1,2,,1,1,1,1,1,1,1,1,2,9,6,1,1,,1,2
1,58,4,7,2003,1,1,2,2,2,2,2,1,2,1,1,1,1,2,14,6,1,1,42,2,2
1,58,4,7,2003,3,1,2,2,2,2,3,1,2,1,1,1,1,2,7,6,1,1,,2,2
3,58,4,7,2003,4,1,1,2,2,2,4,1,2,1,1,1,1,2,7,6,1,,32,2,2
11,58,4,7,2003,4,1,1,2,2,2,4,1,2,1,1,2,1,2,,6,,,,,
8,58,3,7,2003,4,7,1,2,2,1,4,1,1,1,1,,1,2,1,,1,,27,1,2
10,58,4,7,2003,2,7,1,1,2,1,1,1,1,1,1,2,1,2,8,6,1,7,27,2,2
10,58,4,7,2003,2,7,1,1,2,1,4,1,1,1,1,2,1,2,19,11,1,7,25,2,2
7,63,4,7,2003,1,1,1,2,2,2,4,1,2,1,1,4,1,2,12,6,2,7,,1,2
8,63,3,7,2003,1,1,1,2,2,2,4,1,2,1,1,1,1,2,7,6,1,,28,1,2
10,63,4,7,2003,2,7,1,2,2,1,1,1,1,1,1,2,1,2,,,,,,,
6,60,4,7,2003,3,1,1,1,2,1,1,1,1,1,1,2,1,1,14,6,1,1,,,2
1,60,4,7,2003,3,1,4,1,2,1,1,1,1,1,1,2,1,1,12,6,1,1,34,1,2
1,61,3,8,2003,3,1,1,2,2,1,1,1,1,1,1,1,1,2,9,6,1,,,,
1,67,4,8,2003,1,3,1,2,2,1,2,2,1,1,2,1,1,1,14,2,1,1,,1,2
5,66,1,8,2003,2,7,1,1,2,2,1,4,2,1,2,1,1,2,9,,1,1,35,2,2
5,58,1,8,2003,,7,1,2,2,1,2,1,1,1,1,1,1,2,14,,1,1,,2,2
5,58,4,8,2003,2,7,1,2,2,1,1,1,1,1,1,1,1,2,9,11,1,1,,2,2
8,58,4,8,2003,4,7,1,1,2,1,2,1,1,1,1,4,1,2,4,6,1,7,32,1,2
1,62,1,8,2003,3,7,3,2,2,1,1,1,1,1,1,1,1,2,14,,,,,,
2,60,4,8,2003,3,,1,1,2,1,1,1,1,1,1,2,1,2,9,11,1,,,2,2
3,60,1,8,2003,2,3,1,1,2,1,1,1,1,1,1,2,1,2,9,11,1,4,60,,
1,62,1,8,2003,3,7,5,1,2,1,1,1,1,1,1,4,1,2,9,6,1,1,,2,2
4,62,4,9,2003,3,1,1,2,2,1,1,1,1,1,1,2,1,2,7,6,1,1,28,2,2
1,62,4,9,2003,2,7,8,2,2,1,1,1,1,1,1,2,1,1,13,,2,,,,2
1,61,4,9,2003,1,1,1,2,2,1,2,1,1,1,1,1,1,2,14,6,1,1,45,1,2
9,63,4,9,2003,4,1,1,2,2,1,4,1,1,1,1,1,1,2,7,6,1,1,,2,2
14,63,3,9,2003,1,1,8,2,,1,2,2,1,1,1,1,1,2,14,,1,,40,,
1,58,1,9,2003,2,7,8,2,2,1,1,1,1,1,1,3,1,1,14,10,1,1,40,2,2
1,58,3,9,2003,4,1,1,2,2,1,3,1,1,1,1,1,1,2,9,6,1,1,,2,2
2,58,3,9,2003,1,,1,2,2,2,4,1,2,1,1,4,1,2,6,6,1,,,,
8,58,3,9,2003,3,7,1,2,2,1,1,1,1,1,2,1,1,2,8,6,1,,,1,2
7,60,4,9,2003,3,1,1,2,2,2,1,1,2,1,1,2,1,2,14,6,1,,30,1,2
3,60,1,9,2003,3,3,1,2,,1,,1,1,1,1,2,1,2,14,6,1,1,,2,2
5,60,4,9,2003,3,1,1,1,2,2,1,1,3,3,2,4,1,2,7,6,1,,,2,2
1,66,3,9,2003,1,2,4,2,,1,3,2,1,1,1,5,1,1,14,2,1,1,,2,2
1,65,4,9,2003,3,,1,2,,1,1,1,1,1,1,1,1,1,9,11,1,7,,2,2
1,65,4,9,2003,,,8,2,1,1,1,1,1,1,1,1,1,1,9,1,1,7,,1,2
5,59,4,10,2003,4,1,1,2,2,2,2,1,2,1,2,4,4,2,7,6,1,7,,2,2
1,59,4,10,2003,3,1,1,1,2,1,1,1,1,1,1,4,1,2,7,11,2,7,,1,2
1,61,3,10,2003,1,1,1,2,2,1,4,1,1,1,1,1,1,2,6,6,1,,30,2,2
1,61,4,10,2003,4,3,5,2,,1,4,2,1,1,3,1,1,2,14,1,1,,,2,2
5,58,3,10,2003,2,3,1,2,2,1,1,1,1,1,1,1,1,2,14,6,1,1,,2,2
5,58,4,10,2003,2,7,1,2,2,1,1,1,1,1,1,1,1,2,14,6,1,1,50,2,2
7,58,1,10,2003,3,7,8,2,2,,,,,,,,1,2,9,,,,,,
2,58,1,10,2003,2,7,1,2,,1,1,1,1,1,1,1,1,2,,,,,,,
10,58,1,10,2003,4,7,1,1,2,1,3,1,1,1,1,2,1,2,14,11,1,,36,2,2
8,57,4,10,2003,2,1,1,2,2,1,1,1,1,1,1,1,1,2,9,6,1,1,,2,2
1,57,4,10,2003,3,7,8,1,,1,1,2,1,3,1,4,4,2,6,1,2,7,,1,2
1,57,3,10,2003,4,7,8,1,2,1,2,1,1,1,1,2,1,2,5,9,,,,2,
5,57,4,10,2003,3,,2,2,2,1,1,1,1,1,1,1,1,2,9,11,1,,,,
1,65,4,10,2003,3,3,3,2,,1,,1,1,1,1,4,1,2,5,6,,,,,
1,65,4,10,2003,2,,8,2,2,1,1,1,1,1,1,1,1,2,9,4,1,7,45,2,2
1,65,3,10,2003,3,7,8,2,,1,1,1,1,1,1,1,1,2,8,4,1,7,,2,2
1,60,4,10,2003,2,1,1,2,2,1,1,1,1,1,1,1,1,2,9,6,1,,,2,2
1,60,4,10,2003,3,1,1,2,2,1,1,1,1,1,1,2,1,1,10,6,1,,,2,2
5,60,4,10,2003,2,1,1,2,2,1,1,1,1,1,1,1,1,2,,,,,,2,2
4,63,4,10,2003,1,7,8,2,2,1,4,1,1,1,2,1,1,2,,,,,,,
6,63,4,10,2003,2,,1,2,2,1,1,1,1,1,1,2,1,1,19,6,1,1,35,2,2
8,63,4,10,2003,3,,1,2,2,1,1,1,1,1,1,1,1,2,9,,1,1,,2,2
9,63,4,10,2003,4,1,1,2,2,1,3,1,1,1,1,1,1,2,11,6,1,1,43,2,2
9,63,1,10,2003,2,1,1,2,2,3,2,1,1,1,1,1,1,2,14,,1,,,1,2
14,63,4,10,2003,2,1,8,2,,1,1,2,1,1,1,1,1,2,14,9,1,,,,
14,63,4,10,2003,2,1,1,2,2,1,1,1,1,1,1,1,1,2,14,6,1,,,,
8,66,4,11,2003,3,1,2,2,2,1,1,2,1,1,2,2,1,2,9,6,1,1,,2,2
1,62,4,11,2003,2,1,1,2,2,1,1,1,1,1,1,2,1,2,12,,1,,,,
1,61,3,11,2003,1,1,1,2,2,1,2,1,1,1,1,1,,,8,6,1,1,33,2,2
1,61,3,11,2003,4,1,1,2,,1,4,1,1,1,1,1,1,2,9,6,1,7,,2,2
2,67,3,11,2003,3,1,1,2,2,1,1,2,1,1,1,2,1,2,17,2,2,7,38,2,2
8,67,1,11,2003,2,7,1,2,2,1,1,2,1,1,1,1,1,2,9,2,1,1,37,2,2
1,58,4,11,2003,3,3,1,,2,1,1,2,,,,,1,2,1,8,2,,28,,
5,58,4,11,2003,2,1,1,2,,1,2,1,1,1,1,1,,,14,1,1,,38,,
8,58,4,11,2003,3,7,1,2,2,1,1,2,1,1,1,1,1,2,9,6,,,48,2,2
8,58,4,11,2003,2,7,1,2,2,1,2,,1,1,1,1,1,2,14,6,1,,,1,2
7,58,4,11,2003,3,1,1,2,2,1,1,1,1,1,1,1,1,2,8,11,1,1,,2,2
10,58,4,11,2003,2,3,1,1,2,1,1,1,1,1,1,2,1,2,9,6,1,,31,2,2
6,58,4,11,2003,2,1,2,2,2,1,1,1,1,1,1,1,1,2,9,6,1,1,,2,2
1,57,4,11,2003,3,,,2,2,1,1,1,1,1,2,4,1,2,17,6,1,1,35,2,2
8,63,4,11,2003,4,1,3,2,2,1,2,1,1,1,1,1,1,2,,,,,,,
12,63,4,11,2003,2,3,1,1,2,1,2,1,1,1,1,3,1,2,17,6,,,,,
14,63,4,11,2003,2,1,1,2,1,1,1,1,1,1,1,1,1,2,9,6,1,4,,2,2
14,63,4,11,2003,3,1,1,2,2,1,4,1,1,1,1,1,1,2,,,,,,,
7,60,4,11,2003,1,1,1,2,2,1,2,1,1,1,1,2,1,2,10,6,2,1,30,1,2
6,60,1,11,2003,2,3,1,1,2,1,1,1,1,3,1,5,1,1,5,1,,1,,1,2
3,68,4,11,2003,2,1,1,2,2,1,1,4,1,1,2,3,1,2,11,2,2,6,30,2,2
3,68,3,11,2003,2,1,1,1,2,1,1,4,1,1,1,3,1,1,11,1,1,7,30,1,2
1,32,4,6,2004,2,7,3,2,2,1,1,1,1,1,1,1,1,2,14,1,1,1,,2,2
1,32,4,6,2004,4,3,8,2,2,1,3,2,1,1,1,2,1,2,6,1,1,7,35,1,2
3,32,4,2,2004,3,1,1,2,2,1,1,1,1,1,1,1,1,2,8,7,1,1,,2,2
3,32,2,6,2004,1,1,8,2,2,1,4,1,1,1,1,1,1,2,14,4,1,1,,2,2
4,32,4,1,2004,2,1,1,2,2,1,2,2,1,1,1,1,1,2,6,11,1,1,27,2,2
4,32,4,9,2004,4,1,1,2,2,2,4,2,2,1,1,1,1,2,6,5,2,3,,2,2
2,32,4,12,2004,3,1,1,2,2,1,1,1,1,1,2,4,1,2,6,6,2,7,,2,2
8,29,4,2,2004,2,1,1,2,2,1,1,1,1,1,1,1,1,2,9,2,1,1,27,2,2
5,29,4,2,2004,2,3,1,2,2,1,1,1,2,1,2,2,1,2,12,11,1,1,,2,2
4,29,4,1,2004,2,1,1,1,2,1,1,1,1,1,1,4,1,2,7,11,1,7,28,2,2
3,29,4,3,2004,2,7,1,2,2,1,1,1,1,1,1,3,1,2,8,11,1,1,27,2,2
5,29,4,1,2004,3,1,8,1,2,1,1,1,1,1,1,1,1,1,4,6,1,7,,2,2
8,25,3,9,2004,2,1,1,2,2,1,1,1,1,1,1,3,1,2,14,6,1,7,35,2,2
1,29,4,9,2004,1,1,4,2,2,2,1,1,2,1,1,1,1,1,9,6,1,1,,2,2
9,66,4,3,2004,3,1,1,2,2,1,1,2,1,1,1,2,1,2,12,1,1,,,1,2
9,66,4,5,2004,2,1,1,2,2,1,1,2,1,1,1,2,,,14,2,1,,,2,2
1,66,4,5,2004,2,7,1,2,2,1,1,4,1,1,1,2,1,2,11,6,2,6,,1,2
1,66,3,6,2004,3,3,4,2,2,1,1,1,1,1,1,2,1,1,9,6,1,1,35,2,2
2,66,4,8,2004,2,1,2,2,2,1,1,1,1,1,1,4,1,2,11,6,,,,2,2
6,66,4,10,2004,1,1,1,2,2,1,2,5,1,1,2,3,1,2,11,6,2,3,35,2,2
1,66,4,10,2004,3,,8,1,2,1,1,1,1,3,1,4,1,2,14,7,1,7,33,2,2
4,66,4,10,2004,2,1,1,2,2,1,1,2,1,1,1,2,1,2,12,1,1,1,,2,2
1,66,4,11,2004,2,7,8,1,2,1,1,5,5,1,3,3,1,2,12,1,1,7,,2,2
4,66,4,11,2004,3,7,7,1,2,1,1,2,1,1,1,2,1,2,9,11,1,,36,2,2
5,66,4,11,2004,3,7,1,2,2,1,1,2,1,1,1,4,1,2,11,1,1,1,,2,2
4,66,4,12,2004,2,7,8,1,,1,1,2,1,1,1,2,1,2,9,11,1,7,,1,2
1,27,4,1,2004,3,2,2,2,2,1,1,1,1,1,1,2,2,2,8,4,1,1,,2,2
2,27,4,2,2004,2,3,1,2,2,1,1,1,1,1,3,2,1,2,19,6,2,7,32,1,2
2,27,4,2,2004,2,1,1,2,2,1,1,1,1,1,3,2,4,2,8,5,1,6,,1,2
1,31,4,2,2004,2,1,1,2,2,1,1,1,1,1,1,1,1,2,9,6,1,1,52,2,2
2,31,4,2,2004,2,1,1,2,2,1,1,1,1,1,1,2,1,2,9,11,1,1,25,2,2
3,31,4,2,2004,2,7,8,2,2,4,1,2,1,1,1,2,1,2,9,6,1,1,38,2,2
5,31,4,3,2004,3,1,1,2,2,1,1,1,1,2,1,4,1,2,4,11,1,1,18,2,1
2,27,4,3,2004,2,7,1,2,2,4,2,1,5,3,3,2,1,2,9,6,1,1,,2,2
1,30,1,2,2004,2,1,1,2,2,1,1,1,1,1,3,2,4,2,9,6,1,1,35,2,2
4,34,4,3,2004,3,1,2,2,2,1,1,1,1,1,1,4,1,2,9,6,1,1,,2,2
5,30,4,4,2004,3,1,1,2,2,1,1,1,1,1,1,4,1,2,4,6,1,1,,2,1
5,30,4,4,2004,4,1,1,2,2,1,4,1,1,1,1,3,1,2,6,11,1,1,,2,2
4,27,4,5,2004,2,1,1,2,2,1,1,1,1,1,1,4,1,2,6,6,1,7,30,1,2
5,27,4,9,2004,2,1,8,2,2,1,1,1,1,1,1,2,1,2,8,11,1,1,,2,2
2,27,4,7,2004,3,1,1,2,2,1,1,3,1,2,3,2,1,2,8,6,1,7,39,1,2
1,30,4,5,2004,3,1,1,2,2,1,1,1,1,1,1,3,1,1,4,6,1,1,,2,1
1,30,4,6,2004,2,1,1,2,2,1,1,2,1,1,3,1,2,2,9,9,1,1,34,2,2
5,30,3,6,2004,2,1,1,2,2,1,1,1,1,1,1,4,1,2,9,6,1,1,,2,2
3,30,4,6,2004,2,3,8,2,2,1,1,1,1,1,2,2,4,2,8,6,1,1,40,2,2
6,30,3,6,2004,3,7,1,2,2,2,1,1,2,1,1,4,1,2,4,6,1,1,,2,1
4,34,1,9,2004,2,1,1,2,2,2,2,1,2,1,1,1,3,2,8,11,1,1,,2,2
1,34,4,4,2004,4,1,1,2,2,1,2,1,1,1,1,1,1,2,14,6,1,1,45,2,2
1,34,3,5,2004,3,1,1,2,2,1,1,1,1,1,1,5,1,1,14,6,1,1,,1,2
1,34,4,6,2004,1,1,1,2,2,1,2,1,1,1,1,2,1,1,9,6,1,1,,1,2
1,34,4,7,2004,2,1,1,2,2,1,1,1,1,1,1,2,1,1,9,6,1,1,,1,2
1,34,4,7,2004,,1,1,2,2,2,4,1,2,1,1,1,1,2,9,6,1,1,,2,2
10,34,4,7,2004,4,3,1,2,2,1,2,1,1,1,1,4,1,2,14,3,1,1,,1,2
10,34,4,10,2004,3,1,1,2,2,1,1,1,1,1,1,2,1,2,7,4,1,1,,2,2
6,34,3,2,2004,2,1,8,2,2,1,1,1,1,1,1,1,1,2,8,6,1,7,,2,2
6,34,3,2,2004,3,1,1,2,2,1,1,1,1,1,1,1,1,2,9,6,1,1,,2,2
6,34,4,3,2004,4,1,1,2,2,1,4,1,1,1,1,1,1,2,6,11,1,2,,2,2
6,34,4,5,2004,2,1,1,2,2,1,1,1,1,1,1,1,1,2,14,6,2,1,,2,2
1,30,4,9,2004,3,1,1,2,2,1,1,1,1,2,3,4,1,2,9,6,1,1,,2,2
2,30,4,10,2004,2,1,1,2,2,1,1,1,1,1,1,4,1,2,6,6,2,1,,2,2
2,30,3,10,2004,2,1,1,2,2,1,1,1,1,1,1,4,1,2,12,6,1,7,,2,2
2,30,3,10,2004,3,1,1,2,2,1,1,1,1,1,1,4,1,2,5,6,1,7,,2,2
4,30,4,10,2004,3,1,1,2,2,1,1,1,1,1,1,2,1,2,4,6,1,1,,1,2
4,30,4,10,2004,3,1,1,2,2,1,1,1,1,2,3,4,1,2,17,9,1,3,45,2,2
1,33,4,1,2004,3,7,1,2,2,1,1,1,1,1,1,4,1,2,19,6,1,1,,2,2
1,33,4,2,2004,2,4,1,2,2,1,1,1,1,1,1,4,4,2,5,6,1,1,,2,2
1,33,4,3,2004,4,3,1,2,2,1,4,2,1,1,1,3,1,1,14,6,1,1,,1,2
1,33,4,5,2004,3,3,1,2,2,1,1,1,1,1,1,4,4,2,9,6,1,1,,2,2
4,33,3,2,2004,2,1,1,2,2,1,1,1,1,1,1,2,1,2,9,6,2,1,35,1,2
4,33,4,5,2004,3,3,1,2,2,1,1,1,1,1,1,1,1,2,14,6,1,1,32,2,2
4,33,4,7,2004,3,1,1,2,2,1,1,1,1,1,1,1,1,2,9,6,1,1,,2,2
4,33,4,9,2004,3,1,1,2,2,1,1,1,1,1,1,2,1,2,9,11,1,1,30,2,2
2,33,4,1,2004,2,1,1,2,2,1,1,1,1,1,1,4,1,2,9,6,1,1,,2,2
2,33,4,2,2004,2,1,1,2,2,1,1,1,1,1,1,3,1,2,19,6,1,1,,2,2
5,33,1,1,2004,2,1,1,2,2,1,1,1,1,1,1,2,1,2,8,6,1,1,30,2,2
5,33,4,2,2004,4,1,1,2,2,1,4,4,1,1,1,2,1,2,14,2,1,1,,2,2
5,33,4,4,2004,2,1,1,2,2,1,1,1,1,1,1,4,1,2,9,6,1,1,,2,2
5,33,4,6,2004,3,1,1,2,2,1,1,1,1,1,1,1,1,2,9,6,1,1,,2,2
4,30,4,12,2004,2,1,1,2,2,1,1,1,1,1,1,4,1,2,4,6,1,1,25,2,1
1,27,1,11,2004,2,3,2,2,2,1,1,1,1,1,1,4,1,1,4,8,1,1,,2,2
2,27,4,12,2004,3,1,1,2,2,1,1,3,1,2,3,2,1,2,6,6,1,1,30,1,2
4,34,1,10,2004,2,1,1,2,2,1,1,1,1,1,1,1,1,2,8,11,1,1,,2,2
6,34,4,10,2004,4,1,1,2,2,1,4,1,1,1,1,1,1,2,9,6,1,1,,2,2
6,34,4,12,2004,2,1,1,2,2,1,1,1,1,1,1,1,1,2,9,6,1,1,,1,2
6,34,3,12,2004,2,1,1,2,2,1,1,1,1,1,1,1,1,2,3,6,1,7,,2,2
1,33,4,10,2004,4,1,1,2,2,1,2,1,1,1,1,3,1,2,12,6,1,1,,2,2
1,33,4,11,2004,2,1,1,2,2,1,1,1,1,1,1,1,1,2,8,6,1,1,,2,2
4,6,4,1,2004,3,7,1,2,2,1,1,1,1,1,1,3,1,2,14,6,1,1,,2,2
4,6,3,1,2004,,7,1,2,2,1,1,1,1,1,1,3,1,2,14,6,1,1,,2,2
2,13,4,3,2004,3,7,8,1,2,1,4,1,1,3,3,3,1,2,13,11,2,1,32,2,2
7,13,4,1,2004,2,1,1,2,2,1,1,1,1,1,1,2,1,2,9,6,1,1,40,2,2
1,13,4,1,2004,3,1,1,2,2,1,1,1,1,1,1,3,1,2,14,6,1,1,35,2,2
6,13,4,1,2004,2,1,1,2,2,1,1,1,1,1,1,2,1,2,14,6,1,1,35,2,2
5,13,4,2,2004,3,1,1,2,2,1,1,2,1,1,1,3,1,2,8,1,1,1,,2,2
5,13,3,2,2004,3,1,1,2,2,1,1,1,1,1,1,2,1,2,14,6,1,7,,2,2
3,13,4,2,2004,3,1,1,2,2,1,1,1,1,1,1,3,1,2,8,6,1,1,35,2,2
4,13,4,4,2004,3,1,1,2,2,1,1,1,1,1,1,4,1,2,4,6,1,1,,2,2
4,13,4,3,2004,2,1,1,2,2,1,2,1,1,1,1,4,1,2,14,6,1,1,,2,2
1,13,4,4,2004,2,1,1,2,2,1,1,1,1,1,1,3,1,2,8,6,1,1,,2,2
1,13,3,4,2004,4,1,1,2,2,1,2,1,1,1,1,4,1,2,14,6,1,1,35,2,2
6,13,4,4,2004,2,1,1,2,2,1,1,1,1,1,1,1,1,2,9,6,1,1,,2,2
2,6,3,6,2004,3,5,8,1,2,1,1,2,1,1,1,1,1,2,9,1,1,7,,1,2
8,13,4,6,2004,2,7,1,2,2,2,1,2,2,1,1,1,1,2,8,11,1,1,38,1,2
10,9,1,3,2004,1,1,1,2,2,4,2,1,2,1,1,1,1,1,14,6,1,1,37,2,2
10,9,2,4,2004,1,1,1,2,2,4,2,1,1,1,1,1,1,1,14,6,1,1,45,2,2
7,9,4,5,2004,2,7,1,2,2,1,1,1,1,1,1,1,1,1,14,6,1,1,,2,2
3,13,4,5,2004,4,7,8,2,2,1,2,2,1,1,1,3,1,2,14,4,1,1,35,2,2
8,13,4,5,2004,3,1,1,2,2,1,1,1,1,1,1,1,3,2,8,6,1,1,40,2,2
5,13,4,5,2004,2,1,1,2,1,1,1,1,1,1,1,2,1,2,9,6,1,1,,1,2
7,13,2,4,2004,3,1,1,2,2,1,1,1,1,1,1,2,1,2,9,6,1,1,,2,2
10,9,4,1,2004,2,7,1,2,1,1,1,1,1,1,1,1,1,1,9,10,1,4,,2,2
10,9,4,3,2004,2,4,1,2,2,1,1,2,1,1,1,1,1,1,9,2,1,1,,2,2
6,9,4,2,2004,3,7,8,1,2,1,1,1,1,1,1,2,1,2,14,6,1,1,,2,2
3,9,4,2,2004,3,1,1,2,2,1,1,1,1,1,1,3,1,1,8,6,1,1,,2,2
1,9,4,3,2004,2,1,1,2,2,1,1,1,1,1,1,1,1,2,14,6,1,1,,1,2
1,13,4,7,2004,3,1,1,2,2,1,1,1,1,1,1,3,1,2,6,6,2,6,19,2,2
5,13,4,7,2004,2,2,1,2,2,1,1,1,1,1,1,2,1,1,9,5,1,1,,2,2
7,13,4,7,2004,2,1,1,2,2,1,2,1,1,1,1,5,1,2,6,6,1,3,,2,2
7,13,1,7,2004,4,1,1,1,2,1,2,1,1,1,1,4,1,2,9,6,1,1,,2,2
3,13,4,7,2004,2,6,8,2,2,1,1,1,1,1,1,3,1,2,9,7,1,1,33,2,2
10,9,4,8,2004,2,1,1,2,2,2,2,1,2,1,1,1,1,2,13,6,1,1,,2,2
5,9,4,7,2004,2,1,1,1,2,1,1,1,1,1,1,4,1,2,14,7,1,1,32,2,2
8,13,4,8,2004,1,1,1,2,2,1,2,1,1,1,1,1,1,2,14,6,1,1,,2,2
3,9,4,8,2004,2,1,1,2,2,1,1,1,5,1,3,3,1,2,8,6,1,1,,2,2
8,13,4,9,2004,3,1,1,2,2,1,1,1,1,1,1,1,1,2,9,6,2,1,,1,2