Thana,District,Accident_Severity,Month,Year,Time,Junction_Type,Traffic_Control,Movement,Divider,Weather,Light,Road_Geometry,Surface_Condition,Surface_Type,Surface_Quality,Road_Class,Road_Feature,Location_Type,Vehicle_Type,Vehicle_Movement,Vehicle_Loading,Vehicle_Defect,Vehicle_Driver_Age,Vehicle_Alcohol,Vehicle_Seat_Belt
8,13,4,9,2004,2,3,1,2,2,2,1,2,2,1,1,1,1,2,14,2,2,1,28,2,2
3,13,4,10,2004,2,1,1,2,2,1,2,1,1,1,1,3,1,2,6,6,1,1,,2,2
9,13,4,11,2004,2,3,1,2,2,1,1,1,1,1,1,3,1,2,19,6,2,7,20,2,2
8,13,4,10,2004,4,7,1,2,2,2,2,1,2,1,1,1,1,2,9,6,1,1,,1,2
7,13,4,10,2004,2,1,1,2,2,1,1,1,1,1,1,1,1,2,,6,1,3,40,2,2
12,9,4,4,2004,3,1,1,2,2,1,1,1,1,1,1,1,1,2,10,5,1,1,30,2,2
12,9,3,9,2004,4,1,1,2,2,1,4,1,1,1,1,1,1,2,13,4,1,1,,2,2
5,9,1,7,2004,3,7,1,2,2,1,1,2,1,1,1,3,2,2,6,4,1,1,,2,2
2,9,4,10,2004,1,3,1,2,2,1,1,1,1,1,1,2,1,2,8,11,1,7,,1,2
5,13,4,10,2004,4,1,1,2,2,1,1,1,1,1,1,2,1,2,14,6,2,1,,2,2
4,6,4,1,2004,3,1,1,2,2,1,1,1,1,1,1,1,1,2,13,6,1,1,,2,2
5,6,4,4,2004,3,1,1,2,2,1,1,1,1,1,1,1,1,2,14,6,1,1,,2,2
5,6,4,10,2004,4,1,1,1,2,2,1,1,1,1,1,3,1,2,14,6,1,1,,2,2
3,6,4,4,2004,2,3,1,2,2,1,1,1,1,1,1,1,1,2,9,6,1,1,,2,2
5,6,3,11,2004,3,3,1,2,2,1,1,2,1,1,1,1,1,1,7,4,1,1,28,2,2
1,6,4,4,2004,4,1,1,2,2,1,2,1,1,1,1,3,1,2,9,6,1,1,35,2,2
3,6,4,7,2004,3,1,1,1,2,1,1,1,1,1,1,4,1,1,7,6,1,1,,2,2
4,6,4,9,2004,2,1,1,2,2,1,1,1,1,3,1,4,1,2,17,6,1,3,,2,2
3,6,4,11,2004,3,1,8,1,2,1,1,1,1,1,1,4,1,2,14,6,1,1,,2,2
3,6,4,3,2004,4,7,8,1,2,1,2,1,1,1,1,1,1,2,4,6,1,1,,2,2
3,6,4,1,2004,3,1,6,1,2,1,1,1,1,1,1,4,1,2,4,6,1,1,22,2,2
5,6,4,2,2004,3,1,1,2,2,1,1,1,1,1,1,1,1,1,14,6,1,1,,2,2
2,6,4,11,2004,3,1,1,1,2,1,1,1,1,1,1,1,1,1,14,6,,,,1,2
2,9,1,10,2004,3,3,1,2,2,1,1,1,1,1,1,2,1,2,8,11,1,7,,1,2
2,6,4,3,2004,3,1,8,1,2,1,1,1,1,1,1,1,1,2,14,11,2,1,,2,2
4,6,4,3,2004,2,1,1,1,2,1,1,1,1,1,1,1,1,2,14,6,1,1,,1,2
1,6,4,1,2004,3,1,1,2,2,1,1,1,1,1,1,1,1,2,8,6,1,1,,2,2
10,9,2,7,2004,4,1,1,2,2,2,1,1,2,1,1,1,3,2,14,6,1,1,45,2,2
6,13,4,12,2004,2,1,1,2,2,1,1,1,1,1,1,2,1,2,3,6,2,1,,2,2
5,13,4,12,2004,1,1,5,1,1,1,1,1,1,1,1,2,1,2,9,11,1,7,35,2,2
8,13,3,12,2004,2,1,3,1,2,1,4,1,1,1,1,1,1,1,7,6,1,1,,2,2
7,9,4,12,2004,2,1,1,2,2,1,1,1,1,1,1,1,1,2,8,5,1,1,,2,2
1,9,4,12,2004,1,2,2,2,2,1,4,2,1,1,1,1,1,1,9,1,1,1,,2,2
2,6,4,11,2004,3,1,1,1,2,1,1,1,1,1,1,1,1,2,14,6,1,1,,1,2
1,6,4,12,2004,2,1,3,2,2,1,1,1,1,1,1,1,1,2,8,6,1,1,,2,2
1,6,4,12,2004,1,1,1,2,2,1,4,1,1,1,1,1,1,2,9,6,1,1,,2,2
1,6,1,12,2004,4,1,1,2,2,1,4,1,1,1,1,4,1,2,10,6,1,1,28,2,2
10,13,3,5,2004,3,1,1,2,2,1,1,1,1,1,1,1,1,1,9,5,1,1,,2,2
1,13,3,10,2004,3,1,1,1,2,1,1,1,1,1,1,1,2,2,9,5,1,1,,2,2
2,43,4,4,2004,3,1,1,2,2,1,2,1,1,1,1,1,1,2,9,6,1,1,,2,2
2,43,4,4,2004,3,1,1,2,2,1,1,1,1,1,3,1,4,2,14,6,1,1,,2,2
5,43,4,4,2004,2,1,1,2,2,1,1,1,1,1,1,1,1,2,9,6,1,1,,2,2
5,43,4,4,2004,2,1,1,2,2,1,3,1,1,1,1,1,1,1,9,5,1,1,,2,2
2,43,4,5,2004,3,1,1,2,2,1,1,1,1,1,1,1,1,2,10,9,1,1,,2,2
2,43,4,5,2004,3,1,8,2,2,1,1,1,1,1,1,1,1,2,12,6,1,1,,2,2
5,43,4,5,2004,4,1,1,2,2,1,1,1,1,1,1,1,1,2,,6,1,1,,2,2
5,43,4,5,2004,1,1,1,2,2,1,2,1,1,1,1,2,1,2,9,6,1,1,,2,2
4,43,1,6,2004,4,1,1,2,2,1,4,1,1,1,1,1,1,2,9,6,1,1,,2,2
5,43,4,6,2004,3,1,1,2,2,1,1,1,1,1,1,1,1,2,9,6,1,1,,2,2
5,43,1,6,2004,1,1,1,2,2,1,1,1,1,1,1,1,1,2,9,6,1,1,,2,2
5,43,4,7,2004,1,1,1,2,2,1,1,1,1,1,1,1,1,2,9,6,1,1,,2,2
5,43,4,7,2004,3,3,3,2,2,1,1,1,1,1,1,1,1,2,9,6,1,1,,2,2
2,43,4,8,2004,3,1,1,2,2,1,1,1,1,1,1,1,1,2,14,6,1,1,,2,2
2,43,2,9,2004,1,1,1,2,2,2,1,1,2,1,1,1,2,2,14,6,1,1,,2,2
2,43,4,9,2004,2,1,1,2,2,1,1,1,1,1,1,1,1,2,14,6,1,1,,2,2
5,43,4,9,2004,4,1,1,2,2,1,1,1,1,1,1,1,1,2,9,6,1,1,,2,2
3,52,4,1,2004,2,1,1,2,2,1,1,1,1,1,1,3,1,2,8,1,2,1,,2,2
8,51,4,9,2004,2,7,1,2,2,1,1,1,1,1,1,3,1,2,4,6,1,1,,2,2
9,51,4,9,2004,1,1,1,2,2,1,2,1,1,1,1,2,1,2,14,6,1,1,,2,2
12,51,4,9,2004,,1,1,2,2,1,1,1,1,1,1,3,1,2,9,6,1,1,,2,2
1,51,4,10,2004,3,3,1,2,2,1,1,1,1,1,1,2,1,2,4,6,1,1,,2,2
5,40,4,4,2004,3,1,1,2,2,1,1,1,1,1,1,1,1,2,10,6,1,1,,2,2
6,40,4,4,2004,3,1,1,2,2,1,1,1,1,1,1,1,1,2,14,6,1,1,,2,2
5,40,4,7,2004,3,1,1,2,2,2,2,1,1,1,1,1,1,2,14,6,1,1,,2,2
6,40,3,4,2004,2,1,1,2,2,1,1,1,1,1,1,1,1,2,9,6,1,1,,2,2
3,40,4,8,2004,2,1,1,2,2,1,1,1,1,1,1,1,1,2,4,6,1,1,,2,2
6,40,3,9,2004,3,1,1,2,2,1,1,1,1,1,1,1,1,2,9,6,1,1,,2,2
3,40,4,6,2004,3,1,1,2,2,1,1,1,1,1,1,1,1,2,9,6,1,1,,2,2
6,40,4,12,2004,1,1,8,2,2,1,2,1,1,1,1,1,1,2,,6,1,1,,2,2
6,40,4,6,2004,3,1,1,2,2,1,1,1,1,1,1,1,1,2,,6,1,1,,2,2
6,40,3,6,2004,1,1,1,2,2,1,1,1,1,1,1,1,1,2,9,6,1,1,,2,2
1,40,4,1,2004,3,1,1,2,2,1,1,1,1,1,1,1,1,2,8,6,1,1,,2,2
1,40,4,1,2004,2,1,1,2,2,1,1,1,1,1,1,1,1,2,8,6,1,1,,2,2
1,40,1,1,2004,1,1,1,2,2,1,4,1,1,1,1,1,1,2,12,6,1,1,,2,2
3,40,4,1,2004,4,1,1,2,2,1,4,1,1,1,1,3,1,2,14,6,1,1,,2,2
3,40,4,1,2004,3,1,1,2,2,1,1,1,1,1,1,3,1,2,14,6,1,1,,2,2
6,40,4,1,2004,4,1,1,2,2,1,4,1,1,1,1,1,1,2,9,6,1,1,,2,2
6,40,3,1,2004,2,1,1,2,2,1,1,1,1,1,1,1,1,2,9,6,1,1,,2,2
6,40,1,1,2004,3,1,1,2,2,1,1,1,1,1,1,1,1,2,9,6,1,1,,2,2
1,35,4,1,2004,1,1,1,2,2,1,4,1,1,1,1,2,1,1,9,6,1,1,,2,2
1,35,3,1,2004,2,1,1,2,2,1,1,1,1,1,1,2,1,2,9,6,1,1,35,2,2
1,35,3,1,2004,3,1,1,2,2,1,1,1,1,1,1,2,1,2,9,6,1,1,40,2,2
2,35,4,1,2004,3,1,1,2,2,1,1,1,1,1,1,3,1,2,9,6,1,1,40,2,2
1,35,1,2,2004,2,1,1,2,2,1,1,1,1,1,1,1,1,1,9,6,1,1,,2,2
1,35,4,2,2004,3,1,1,2,2,1,1,1,1,1,1,3,1,2,8,6,1,1,,2,2
1,35,4,2,2004,2,1,1,2,2,1,1,1,1,1,3,3,1,2,14,6,1,1,,2,2
4,35,4,2,2004,1,1,1,2,2,1,4,1,1,1,1,1,1,2,9,6,1,1,32,2,2
2,35,4,2,2004,3,1,1,2,2,1,1,1,1,1,1,3,1,2,9,6,1,1,,2,2
1,50,4,1,2004,4,1,1,2,2,1,2,1,1,1,1,1,1,1,14,6,1,1,,2,2
2,50,4,1,2004,3,1,1,2,2,1,1,1,1,1,1,1,1,2,6,6,1,1,,2,2
2,50,3,1,2004,2,1,1,2,2,1,2,1,1,1,1,1,1,2,14,6,1,1,40,2,2
5,50,4,1,2004,3,1,1,2,2,1,1,1,1,1,1,2,1,2,14,6,1,1,,2,2
5,50,4,1,2004,3,1,1,2,2,1,1,1,1,1,1,2,1,2,9,6,1,1,,2,2
5,50,4,1,2004,3,1,1,2,2,1,1,1,1,1,1,3,1,2,17,6,1,1,,2,2
6,50,3,1,2004,2,1,1,2,2,1,1,1,1,1,1,3,1,2,9,6,1,1,,2,2
8,50,4,1,2004,1,1,1,2,2,1,2,1,1,1,1,3,1,2,9,6,1,1,,2,2
8,50,4,1,2004,2,1,1,2,2,1,1,1,1,1,1,3,1,2,6,6,1,1,,2,2
5,50,4,2,2004,2,1,1,2,2,1,1,1,1,1,1,2,1,2,9,6,1,1,,2,2
5,50,4,2,2004,1,1,1,2,2,1,4,1,1,1,2,2,1,2,14,6,1,1,40,2,2
5,50,4,2,2004,3,1,1,2,2,1,1,1,1,1,1,2,1,2,9,6,1,1,,2,2
8,50,4,2,2004,3,1,1,2,2,1,1,1,1,1,1,2,1,2,9,6,1,1,,2,2
1,41,3,1,2004,1,1,1,2,2,1,3,1,1,1,1,1,1,2,14,6,1,1,,2,2
1,41,3,1,2004,2,1,1,2,2,1,1,1,1,1,1,1,1,2,9,6,1,1,32,2,2
3,41,4,1,2004,1,1,1,2,2,1,4,1,1,1,1,3,1,2,14,6,1,1,,2,2
5,41,4,1,2004,2,1,1,2,2,1,1,1,1,1,1,2,1,2,9,6,1,1,,2,2
5,41,4,1,2004,2,1,1,2,2,1,1,1,1,1,1,3,1,2,14,6,1,1,24,2,2
5,41,4,1,2004,1,1,1,2,2,1,2,1,1,1,1,2,1,2,9,6,1,1,,2,2
5,41,4,1,2004,1,1,1,2,2,1,2,1,1,1,1,1,1,2,14,6,1,1,,2,2
5,41,4,1,2004,1,1,1,2,2,1,2,1,1,1,1,1,1,2,9,6,1,1,,2,2
1,41,4,2,2004,3,1,1,2,2,1,1,1,1,1,1,1,1,2,14,6,1,1,,2,2
1,41,3,2,2004,2,1,1,2,2,1,3,1,1,1,1,1,1,2,9,6,1,1,,2,2
1,41,4,2,2004,4,1,1,2,2,1,3,1,1,1,1,1,1,2,14,6,1,1,,2,2
5,41,4,2,2004,4,1,1,2,2,1,4,1,1,1,1,1,1,1,9,6,1,1,,2,2
5,41,3,2,2004,4,1,1,2,2,1,4,1,1,1,1,1,1,2,9,6,1,1,,2,2
5,41,4,2,2004,2,1,1,2,2,1,2,1,1,1,1,1,1,1,14,6,1,1,,2,2
5,41,4,2,2004,2,1,1,2,2,1,2,1,1,1,1,2,1,2,9,6,1,1,,2,2
5,41,4,2,2004,3,1,1,2,2,1,1,1,1,1,1,1,1,2,9,6,1,1,,2,2
5,41,3,2,2004,3,1,1,2,2,1,1,1,1,1,1,1,1,2,9,6,1,1,,2,2
3,41,4,2,2004,3,1,1,2,2,1,1,1,1,1,1,1,1,2,9,6,1,1,,2,2
1,39,4,2,2004,2,1,1,2,2,1,1,1,1,1,1,2,1,2,12,6,1,1,,2,2
2,39,4,2,2004,3,1,1,2,2,1,1,1,1,1,1,3,1,2,7,6,1,1,25,2,2
2,39,4,2,2004,3,1,1,2,2,1,1,1,1,1,1,3,1,2,13,6,1,1,30,2,2
2,43,3,1,2004,3,1,1,2,2,1,1,1,1,1,1,1,1,2,9,6,1,1,,2,2
2,43,4,1,2004,3,1,1,2,2,1,1,1,1,1,1,1,1,2,14,6,1,1,,2,2
2,43,4,1,2004,3,1,1,2,2,1,1,1,1,1,1,1,1,2,9,6,1,1,40,2,2
3,43,4,1,2004,3,1,1,2,2,1,1,1,1,1,1,3,1,2,8,6,1,1,,2,2
5,43,4,1,2004,4,1,1,2,2,1,4,1,1,1,1,1,1,2,14,6,1,1,,2,2
2,43,4,2,2004,2,1,1,2,2,1,1,1,1,1,1,1,1,2,9,6,1,1,,2,2
2,43,4,2,2004,2,1,1,2,2,1,1,1,1,1,1,1,1,2,9,6,1,1,,2,2
2,43,4,2,2004,2,1,1,2,2,1,2,1,1,1,1,1,1,2,9,6,1,1,,2,2
3,43,4,2,2004,3,1,1,2,2,1,1,1,1,1,1,3,1,2,8,6,1,1,,2,2
3,43,4,2,2004,2,1,1,2,2,1,1,1,1,1,1,3,1,2,8,6,1,1,40,2,2
5,43,3,2,2004,4,1,1,2,1,2,2,1,1,1,1,1,1,2,8,6,1,1,,2,2
5,43,4,2,2004,2,1,1,2,2,1,1,1,1,1,1,3,1,2,6,6,1,1,,2,2
5,43,4,2,2004,3,1,1,2,2,1,1,1,1,1,1,1,1,2,7,6,1,1,,2,2
6,51,4,1,2004,2,1,1,2,2,1,1,1,1,1,1,3,1,2,17,6,1,1,30,2,2
8,51,4,1,2004,2,1,1,2,2,1,1,1,1,1,1,3,1,2,17,6,1,1,,2,2
9,51,4,1,2004,1,1,1,2,2,1,2,1,1,1,1,2,1,2,9,6,1,1,,2,2
1,51,4,2,2004,3,1,1,2,2,1,1,1,1,1,1,2,1,2,4,6,1,1,,2,2
1,51,4,2,2004,3,1,1,2,2,1,1,1,1,1,1,3,1,2,9,6,1,1,,2,2
1,51,1,2,2004,4,1,1,2,2,1,3,1,1,1,1,2,1,2,9,6,1,1,,2,2
12,51,4,2,2004,3,1,1,2,2,1,1,1,1,1,1,3,1,2,14,6,1,1,,2,2
12,51,4,2,2004,3,1,1,2,2,1,2,1,1,1,1,3,1,2,9,6,1,1,,2,2
2,38,4,1,2004,2,1,1,2,2,1,1,1,1,1,1,3,1,2,13,6,1,1,,2,2
3,38,4,1,2004,2,1,1,2,2,1,2,1,1,1,1,3,1,2,8,6,1,1,,2,2
5,38,4,1,2004,3,1,1,2,2,1,1,1,1,1,1,3,1,2,4,6,1,1,,2,2
9,38,4,2,2004,4,1,1,2,2,1,2,1,1,1,1,3,1,2,6,6,1,1,,2,2
1,38,4,3,2004,2,1,1,2,2,1,1,1,1,1,1,1,1,2,13,6,1,1,,2,2
1,38,4,3,2004,2,1,1,2,2,1,1,1,1,1,1,3,1,2,14,6,1,1,,2,2
1,38,2,3,2004,3,1,1,2,2,1,1,1,1,1,1,1,1,2,9,6,1,1,38,2,2
6,38,3,3,2004,2,1,1,2,2,1,1,1,1,1,1,1,1,2,9,6,1,1,,2,2
1,38,3,4,2004,4,1,1,2,2,1,2,1,1,1,1,3,1,2,13,6,1,1,,2,2
1,38,4,4,2004,1,1,1,2,2,1,2,1,1,1,1,1,1,2,9,6,1,1,,2,2
1,38,4,4,2004,3,1,1,2,2,1,1,1,1,1,1,1,1,2,9,6,1,1,45,2,2
4,38,4,4,2004,2,1,1,2,2,1,1,1,1,1,1,3,1,2,9,6,1,1,,2,2
9,38,3,4,2004,4,1,1,2,2,1,4,1,1,1,1,3,1,2,14,6,1,1,,2,2
1,51,4,3,2004,2,1,1,2,2,1,1,1,1,1,1,2,1,2,9,6,1,1,,2,2
4,51,4,3,2004,2,1,1,2,2,1,1,1,1,1,1,2,1,2,4,6,1,1,25,2,2
6,51,4,3,2004,2,1,1,2,2,1,1,1,1,1,1,3,1,2,9,6,1,1,,2,2
8,51,3,3,2004,2,1,1,2,2,1,1,1,1,1,1,2,1,2,12,6,1,1,,2,2
8,51,3,2,2004,4,1,1,2,2,1,2,1,1,1,1,3,1,2,1,6,1,1,,2,2
3,51,4,4,2004,3,1,1,2,2,1,1,1,1,1,1,2,1,2,7,6,1,1,,2,2
4,51,4,4,2004,2,1,1,2,2,1,1,1,1,1,1,1,1,2,17,6,1,1,,2,2
8,51,4,4,2004,3,1,1,2,2,1,1,1,1,1,1,3,1,2,14,6,1,1,,2,2
8,51,4,4,2004,2,1,1,2,2,1,1,1,1,1,1,3,1,2,6,6,1,1,,2,2
8,51,4,4,2004,3,1,1,2,2,1,1,1,1,1,1,3,1,2,6,6,1,1,,2,2
13,51,4,4,2004,3,1,1,2,2,1,1,1,1,1,1,3,1,2,6,6,1,1,,2,2
1,41,4,3,2004,3,1,1,2,2,1,1,1,1,1,1,3,1,2,14,6,1,1,32,2,2
1,41,4,3,2004,2,1,1,2,2,1,1,1,1,1,1,1,1,2,9,6,1,1,,2,2
1,41,4,3,2004,2,1,1,2,2,1,1,1,1,1,1,1,1,2,14,6,1,1,,2,2
4,41,3,3,2004,3,1,1,2,2,1,1,1,1,1,1,3,1,2,4,6,1,1,,2,2
5,41,4,3,2004,2,1,1,2,2,1,2,1,1,1,1,1,1,2,8,6,1,1,,2,2
5,41,2,3,2004,4,1,1,2,2,1,2,1,1,1,1,1,1,2,7,6,1,1,,2,2
5,41,4,3,2004,2,1,1,2,2,1,1,1,1,1,1,1,1,2,9,6,1,1,,2,2
1,50,4,3,2004,3,1,1,2,2,1,1,1,1,1,1,1,1,1,14,6,1,1,,2,2
1,50,3,3,2004,1,1,1,2,2,1,2,1,1,1,1,1,1,2,19,6,1,1,35,2,2
1,50,4,3,2004,3,1,1,2,2,1,1,1,1,1,1,1,1,2,9,6,1,1,,2,2
1,50,4,3,2004,3,1,1,2,2,1,1,1,1,1,1,1,1,2,8,6,1,1,,2,2
5,50,4,3,2004,2,1,1,2,2,1,1,1,1,1,1,3,1,2,14,6,1,1,,2,2
5,50,3,3,2004,3,1,1,2,2,1,1,1,1,1,1,2,1,2,7,6,1,1,,2,2
13,50,4,3,2004,3,1,1,2,2,1,1,1,1,1,1,3,1,2,9,6,1,1,,2,2
1,50,3,4,2004,4,1,1,2,2,1,2,1,1,1,1,1,1,2,4,6,1,1,,2,2
2,50,4,4,2004,2,1,1,2,2,1,1,1,1,1,1,1,1,2,9,6,1,1,33,2,2
4,50,4,4,2004,2,1,1,2,2,1,1,1,1,1,1,2,1,2,9,6,1,1,35,2,2
9,50,4,4,2004,4,1,1,2,2,1,2,1,1,1,2,2,1,2,9,6,1,1,,2,2
12,50,4,5,2004,3,1,1,2,2,1,1,1,1,1,1,1,1,2,7,6,1,1,,2,2
2,50,4,5,2004,3,1,1,2,2,1,2,1,1,1,1,3,1,2,14,6,1,1,28,2,2
9,50,4,5,2004,4,1,1,2,2,1,1,1,1,1,1,2,1,2,9,6,1,1,,2,2
11,50,4,5,2004,2,1,1,2,2,1,1,1,1,1,1,2,1,2,9,6,1,1,,2,2
11,50,4,5,2004,3,1,1,2,2,1,1,1,1,1,1,2,1,2,14,6,1,1,34,2,2
11,50,4,5,2004,3,1,1,2,2,1,1,1,1,1,1,2,1,2,9,6,1,1,,2,2
11,50,4,5,2004,2,1,1,2,2,1,1,1,1,1,1,2,1,2,9,6,1,1,,2,2
12,50,4,5,2004,2,1,1,2,2,1,1,1,1,1,1,2,1,2,12,6,1,1,,2,2
12,50,4,5,2004,3,1,1,2,2,1,1,1,1,1,1,1,1,2,9,6,1,1,,2,2
12,50,4,5,2004,3,1,1,2,2,1,1,1,1,1,1,1,1,2,9,6,1,1,24,2,2
12,50,3,5,2004,3,1,1,2,2,1,1,1,1,1,1,1,1,2,12,6,1,1,,2,2
12,50,4,5,2004,4,1,1,2,2,1,2,1,1,1,1,1,1,2,9,6,1,1,,2,2
12,50,4,5,2004,2,1,1,2,2,1,1,1,1,1,1,3,1,2,9,6,1,1,,2,2
12,50,4,5,2004,3,1,1,2,2,1,1,1,1,1,1,1,1,2,9,6,1,1,,2,2
12,50,4,5,2004,3,1,1,2,2,1,1,1,1,1,1,1,1,2,10,6,1,1,35,2,2
2,50,4,6,2004,4,1,1,2,2,1,2,1,1,1,1,1,1,2,9,6,1,1,35,2,2
4,50,4,6,2004,2,1,1,2,2,1,1,1,1,1,1,3,1,2,9,6,1,1,,2,2
5,50,4,6,2004,4,1,1,2,2,1,4,1,1,1,1,2,1,2,14,6,1,1,,2,2
8,50,3,6,2004,3,1,1,2,2,1,1,1,1,1,1,2,1,2,8,6,1,1,,2,2
8,50,4,6,2004,4,1,1,2,2,1,2,1,1,1,1,2,1,2,9,6,1,1,,2,2
11,50,4,6,2004,4,1,1,2,2,1,4,1,1,1,1,2,1,2,14,6,1,1,,2,2
11,50,4,6,2004,2,1,1,2,2,1,1,1,1,1,1,2,1,2,9,6,1,1,,2,2
12,50,3,6,2004,3,1,1,2,2,1,1,1,1,1,1,1,1,2,8,6,1,1,,2,2
13,50,4,6,2004,4,1,1,2,2,1,4,1,1,1,1,3,1,2,9,6,1,1,,2,2
13,50,4,6,2004,3,1,1,2,2,1,1,1,1,1,1,2,1,2,9,6,1,1,,2,2
1,51,4,5,2004,4,1,1,2,2,1,2,1,1,1,1,2,1,2,9,6,1,1,,2,2
6,51,4,5,2004,3,1,1,2,2,1,1,1,1,1,1,3,1,2,6,6,1,1,,2,2
12,51,4,5,2004,2,1,1,2,2,1,1,1,1,1,1,3,1,2,19,6,1,1,,2,2
1,51,4,6,2004,4,1,1,2,2,1,4,1,1,1,1,2,1,2,9,6,1,1,,2,2
4,51,4,6,2004,3,,1,2,2,1,1,1,1,1,1,2,1,2,9,6,1,1,,2,2
8,51,4,6,2004,4,1,1,2,2,1,2,1,1,1,1,3,1,2,9,6,1,1,,2,2
8,51,3,6,2004,1,1,1,2,2,1,1,1,1,1,1,2,1,2,14,6,1,1,,2,2
12,51,4,6,2004,3,1,1,2,2,1,1,1,1,1,1,3,1,2,17,6,1,1,,2,2
5,50,4,7,2004,3,1,1,2,2,1,1,1,1,1,1,1,1,2,14,6,1,1,,2,2
9,50,3,7,2004,3,1,1,2,2,1,1,1,1,1,1,2,1,2,9,6,1,1,45,2,2
11,50,4,7,2004,2,1,1,2,2,1,1,1,1,1,1,2,1,2,9,6,1,1,,2,2
11,50,4,7,2004,2,1,1,2,2,1,1,1,1,1,1,3,1,2,9,6,1,1,,2,2
12,50,4,7,2004,2,1,1,2,2,1,1,1,1,1,1,1,1,2,14,6,1,1,,2,2
13,50,4,7,2004,3,1,1,2,2,1,1,1,1,1,2,1,1,2,14,6,1,1,,2,2
5,50,3,8,2004,4,1,1,2,2,1,4,1,1,1,1,2,1,2,8,6,1,1,,2,2
5,50,4,8,2004,4,1,1,2,2,1,4,1,1,1,1,2,1,2,9,6,1,1,,2,2
12,50,4,8,2004,2,1,1,2,2,1,1,1,1,1,1,1,1,2,14,6,1,1,,2,2
13,50,4,8,2004,3,1,1,2,2,1,1,1,1,1,2,2,1,2,9,6,1,1,,2,2
1,50,4,9,2004,3,1,1,2,2,1,1,1,1,1,1,1,1,2,9,6,1,1,,2,2
2,50,4,9,2004,2,1,1,2,2,1,1,1,1,1,1,1,1,1,9,6,1,1,43,2,2
9,50,4,9,2004,2,1,1,2,2,1,1,1,1,1,1,3,1,2,14,6,1,1,,2,2
12,50,4,9,2004,3,1,1,2,2,1,1,1,1,1,1,1,1,2,9,6,1,1,,2,2
13,50,3,9,2004,3,1,1,2,2,1,1,1,1,1,1,2,1,2,9,6,1,1,,2,2
1,49,4,1,2004,4,1,1,2,2,1,2,1,1,1,1,3,1,2,9,6,1,1,,2,2
5,49,4,1,2004,3,1,1,2,2,1,1,1,1,1,1,3,1,2,6,6,1,1,,2,2
1,49,4,2,2004,3,1,1,2,2,1,1,1,1,1,1,2,1,2,9,6,1,1,,2,2
1,49,4,2,2004,3,1,1,2,2,1,1,1,1,1,1,2,1,2,14,6,1,1,,2,2
1,35,4,3,2004,2,1,1,2,2,1,1,1,1,1,1,2,1,2,9,6,1,1,34,2,2
1,35,4,3,2004,3,1,1,2,2,1,1,1,1,1,1,2,1,2,9,6,1,1,35,2,2
6,35,3,3,2004,2,1,1,2,2,1,1,1,1,1,1,3,1,2,9,6,1,1,,2,2
4,35,4,3,2004,2,1,1,2,2,1,4,1,1,1,1,1,1,2,4,6,1,1,,2,2
4,35,3,3,2004,3,1,1,2,2,1,1,1,1,1,1,3,1,2,14,6,1,1,,2,2
1,35,4,4,2004,2,1,1,1,2,2,4,1,1,1,1,3,1,2,14,6,1,1,,2,2
2,35,4,4,2004,2,1,1,2,2,1,1,1,1,1,1,2,1,2,8,6,1,1,,2,2
5,35,4,4,2004,4,1,1,2,2,1,2,1,1,1,1,3,1,2,9,6,1,1,,2,2
3,44,1,1,2004,2,1,1,2,2,1,1,1,1,1,1,3,1,2,14,6,1,1,,2,2
5,44,4,1,2004,2,1,1,2,2,1,1,1,1,1,1,1,1,2,14,6,1,1,,2,2
6,44,2,1,2004,2,1,1,2,2,1,1,1,1,1,1,1,1,2,9,6,1,1,,2,2
7,44,4,1,2004,4,1,1,2,2,1,3,1,1,1,1,1,1,2,14,6,1,1,40,2,2
7,44,4,1,2004,3,1,1,2,2,1,1,1,1,1,1,1,1,2,9,6,1,1,,2,2
7,44,3,1,2004,4,1,1,2,2,1,2,1,1,1,1,1,1,2,14,6,1,1,,2,2
2,44,3,3,2004,3,1,1,2,2,1,1,1,1,1,1,1,1,2,9,6,1,1,,2,2
3,44,3,3,2004,4,1,1,2,2,1,4,1,1,1,1,1,1,2,14,6,1,1,,2,2
5,44,4,3,2004,3,1,1,2,2,1,1,1,1,1,1,1,1,2,14,6,1,1,,2,2
6,44,3,3,2004,2,1,1,2,2,1,1,1,1,1,1,1,1,2,10,6,1,1,,2,2
6,44,4,3,2004,2,1,1,2,2,1,1,1,1,1,1,3,1,2,9,6,1,1,,2,2
6,44,4,3,2004,2,1,1,2,2,1,1,1,1,1,1,1,1,2,9,6,1,1,,2,2
7,44,4,3,2004,1,1,1,2,2,1,1,1,1,1,1,3,1,2,13,6,1,1,,2,2
4,49,4,3,2004,3,1,1,2,2,1,1,1,1,1,1,2,1,2,9,6,1,1,,2,2
4,44,1,4,2004,3,1,1,2,2,1,1,1,1,1,1,2,1,2,9,6,1,1,,2,2
5,44,4,4,2004,2,1,1,2,2,1,1,1,1,1,1,1,1,2,7,6,1,1,,2,2
5,44,4,4,2004,4,1,1,2,2,1,4,1,1,1,1,1,1,2,14,6,1,1,,2,2
5,44,4,4,2004,2,1,1,2,2,1,1,1,1,1,1,3,1,2,10,6,1,1,,2,2
5,44,4,4,2004,1,1,1,2,2,1,4,1,1,1,1,1,1,2,14,6,1,1,,2,2
6,44,4,4,2004,4,1,1,2,2,1,3,1,1,1,1,1,1,2,15,6,1,1,,2,2
6,44,3,4,2004,2,1,1,2,2,1,1,1,1,1,1,1,1,2,8,6,1,1,,2,2
6,44,3,4,2004,3,1,1,2,2,1,1,1,1,1,1,1,1,2,19,6,1,1,,2,2