Thana,District,Accident_Severity,Month,Year,Time,Junction_Type,Traffic_Control,Movement,Divider,Weather,Light,Road_Geometry,Surface_Condition,Surface_Type,Surface_Quality,Road_Class,Road_Feature,Location_Type,Vehicle_Type,Vehicle_Movement,Vehicle_Loading,Vehicle_Defect,Vehicle_Driver_Age,Vehicle_Alcohol,Vehicle_Seat_Belt
7,44,3,4,2004,2,1,1,2,2,1,1,1,1,1,1,1,1,2,8,6,1,1,,2,2
9,50,4,10,2004,3,1,1,2,2,1,1,1,1,1,2,2,1,2,9,6,1,1,,2,2
11,50,4,10,2004,3,1,1,2,2,1,2,1,1,1,1,2,1,2,9,6,1,1,,2,2
12,50,4,10,2004,1,3,3,2,2,1,1,1,1,1,1,1,1,2,12,6,1,1,,2,2
1,50,4,11,2004,2,1,1,2,2,1,2,1,1,1,1,1,1,2,9,6,1,1,,2,2
1,50,4,11,2004,4,1,1,2,2,1,4,1,1,1,1,1,1,2,9,6,1,1,,2,2
2,50,4,11,2004,3,1,1,2,2,1,1,1,1,1,1,1,1,2,9,6,1,1,,2,2
5,50,4,11,2004,3,1,1,2,2,1,1,1,1,1,1,1,1,2,8,6,1,1,,2,2
8,50,4,11,2004,4,1,1,2,2,1,2,1,1,1,1,2,1,2,9,6,1,1,,2,2
11,50,4,11,2004,3,1,1,2,2,1,1,1,1,1,1,2,1,2,9,6,1,1,,2,2
12,50,4,11,2004,3,1,1,2,2,1,1,1,1,1,1,1,1,2,9,6,1,1,,2,2
5,41,4,3,2004,4,1,1,2,2,1,4,1,1,1,1,1,1,2,9,6,1,1,,2,2
4,41,4,4,2004,2,3,1,2,2,1,1,2,1,1,1,3,1,2,8,1,1,1,29,2,2
1,41,4,5,2004,1,1,1,2,2,1,3,1,1,1,1,1,1,2,,6,1,1,,2,2
1,41,4,4,2004,2,1,1,2,2,1,1,1,1,1,1,1,1,2,13,6,1,1,,2,2
3,41,4,5,2004,2,1,1,2,2,1,1,1,1,1,1,4,1,2,9,11,1,1,,2,2
2,41,4,6,2004,2,1,1,2,2,1,2,1,1,1,1,4,1,2,4,6,1,1,,2,2
1,41,2,7,2004,3,3,1,2,2,1,1,1,1,1,1,1,1,2,8,6,1,1,,2,2
5,41,4,7,2004,2,1,1,2,2,1,1,1,1,1,1,1,1,2,9,6,1,1,,2,2
3,41,4,7,2004,2,1,1,2,2,1,1,1,1,1,1,1,1,2,9,6,1,1,,2,2
3,41,4,7,2004,2,1,1,2,2,1,1,1,1,1,1,3,1,2,9,6,1,1,,2,2
3,41,3,8,2004,3,1,1,2,2,1,1,1,1,1,1,1,1,2,7,6,1,1,,2,2
5,41,4,8,2004,1,1,1,2,2,1,4,1,1,1,1,1,1,2,14,6,1,1,,2,2
5,41,4,9,2004,4,1,1,2,2,1,4,1,1,1,1,1,1,2,14,5,1,1,,2,2
5,41,4,9,2004,2,1,1,2,2,1,1,1,1,1,1,1,1,2,9,6,1,1,,2,2
5,41,4,9,2004,2,1,1,2,2,1,1,1,1,1,1,1,1,1,,6,1,1,35,2,2
5,41,4,9,2004,2,3,1,2,2,1,1,1,1,1,1,1,1,1,,6,1,1,,2,2
3,41,4,9,2004,3,1,1,2,2,1,1,1,1,1,1,2,1,2,9,6,1,1,,2,2
5,41,4,10,2004,2,3,1,2,2,1,2,4,5,2,2,2,1,2,13,2,1,1,,2,2
5,41,4,10,2004,2,1,1,2,2,1,2,1,1,1,1,1,1,1,14,6,1,1,,2,2
5,41,4,10,2004,3,1,1,2,2,1,1,1,1,1,1,1,1,2,9,6,1,1,,2,2
5,41,4,10,2004,4,1,1,2,1,1,2,1,1,1,1,1,2,,9,6,1,1,,2,2
6,44,4,2,2004,2,1,1,2,2,1,1,1,1,1,1,1,1,2,9,6,1,1,,2,2
3,44,4,2,2004,1,1,1,2,2,1,1,1,1,1,1,1,1,2,9,6,1,1,,2,2
3,44,4,2,2004,1,1,1,2,2,1,1,1,1,1,1,1,1,2,14,6,1,1,,2,2
6,44,3,2,2004,2,1,1,2,2,1,1,1,1,1,1,1,1,2,14,6,1,1,,2,2
7,44,4,2,2004,3,1,1,2,2,1,1,1,1,1,1,1,1,2,9,6,1,1,,2,2
6,44,4,2,2004,3,1,1,2,2,1,1,1,1,1,1,1,1,2,9,6,1,1,,2,2
4,44,4,2,2004,3,1,1,2,2,1,1,1,1,1,1,3,1,2,14,6,1,1,,2,2
5,44,4,2,2004,2,1,1,2,2,1,2,1,1,1,1,1,1,2,14,6,1,1,,2,2
3,44,3,2,2004,2,1,1,2,2,1,1,1,1,1,1,3,1,2,10,6,1,1,,2,2
1,43,4,3,2004,2,1,1,2,2,1,1,1,1,1,1,3,1,2,13,6,1,1,,2,2
1,46,4,1,2004,2,1,1,2,2,1,1,1,1,1,1,2,1,1,14,6,1,1,40,2,2
2,46,4,2,2004,2,1,1,2,2,1,1,1,1,1,1,1,1,2,9,6,1,1,32,2,2
1,46,4,3,2004,2,1,1,2,2,1,1,1,1,1,1,1,1,2,,6,1,1,,2,2
1,46,4,3,2004,2,1,1,2,2,1,1,1,1,1,1,1,1,1,19,6,1,1,,2,2
1,46,4,3,2004,4,1,1,2,2,1,4,1,1,1,1,1,1,1,,6,1,1,,2,2
5,46,4,3,2004,3,1,1,2,2,1,1,1,1,1,1,1,1,2,9,6,1,1,,2,2
6,46,4,3,2004,3,1,1,2,2,1,1,1,1,1,1,1,1,2,14,6,1,1,30,2,2
1,46,4,4,2004,3,1,1,2,2,1,1,1,1,1,1,1,1,2,19,6,1,1,,2,2
1,46,4,4,2004,3,1,1,2,2,1,1,1,1,1,1,1,1,2,7,6,1,1,,2,2
2,46,4,4,2004,4,1,1,2,2,1,2,1,1,1,1,1,1,,9,6,1,1,,2,2
1,46,4,3,2004,2,1,1,2,2,1,4,1,1,1,1,1,1,2,9,6,1,1,,2,2
1,46,3,3,2004,3,1,1,2,2,1,1,1,1,1,1,1,1,2,9,6,1,1,,2,2
1,46,4,4,2004,4,1,1,2,2,1,3,1,1,1,1,1,1,2,9,6,1,1,,2,2
1,46,4,4,2004,2,1,1,2,2,1,1,1,1,1,1,1,1,2,9,6,1,1,,2,2
1,46,4,4,2004,3,1,1,2,2,1,1,1,1,1,1,1,1,2,6,6,1,1,35,2,2
5,46,4,4,2004,3,1,1,2,2,1,1,1,1,1,1,1,1,2,9,6,1,1,,2,2
5,46,4,4,2004,1,1,1,2,2,1,2,1,1,1,1,4,1,2,9,6,,,,2,2
5,46,4,5,2004,4,1,1,1,1,1,2,1,1,1,1,1,1,2,7,6,1,1,,2,2
1,46,4,5,2004,3,1,1,2,2,1,1,1,1,1,1,3,1,2,12,6,1,1,35,2,2
16,46,4,12,2004,1,1,1,2,2,1,1,1,1,1,1,4,1,2,9,6,1,1,,2,2
6,46,4,12,2004,,1,1,2,2,1,2,1,1,1,1,1,1,2,9,6,1,1,,2,2
4,46,4,12,2004,3,1,1,2,2,1,1,1,1,1,1,4,1,2,14,6,1,1,,2,2
2,43,4,3,2004,3,1,1,2,2,1,1,1,1,1,1,1,1,2,9,6,1,1,,2,2
4,43,4,3,2004,3,1,1,2,2,1,1,1,1,1,1,1,1,2,7,6,1,1,,2,2
5,43,4,3,2004,4,1,1,2,2,1,4,1,1,1,1,1,1,2,9,6,1,1,,2,2
5,43,4,3,2004,3,2,3,2,2,1,1,1,1,1,1,1,1,2,9,6,1,1,,2,2
6,43,4,3,2004,2,1,1,2,2,1,1,1,1,3,1,4,1,2,19,6,1,1,,2,2
1,43,4,4,2004,3,1,1,2,2,1,1,1,1,2,2,2,1,2,14,6,1,1,,2,2
1,43,3,4,2004,4,1,1,2,2,1,4,1,1,1,1,4,1,2,4,6,1,1,,2,2
2,43,3,10,2004,3,7,1,2,2,1,1,1,1,1,1,1,1,2,7,6,1,1,,2,2
3,43,4,11,2004,2,1,1,2,2,1,1,1,1,1,1,1,2,2,14,9,1,1,,2,2
4,43,4,10,2004,3,1,1,2,2,1,1,1,1,1,1,1,1,2,9,6,1,1,,2,2
2,43,3,12,2004,2,1,1,2,2,1,1,1,1,1,1,1,1,2,10,6,1,1,,2,2
2,43,3,12,2004,2,1,1,2,2,1,1,1,1,1,1,1,1,2,9,6,1,1,,2,2
5,43,4,12,2004,3,1,1,2,2,1,1,1,1,1,1,1,1,2,9,6,1,1,,2,2
6,52,4,2,2004,4,1,1,2,2,1,2,1,1,1,1,3,1,2,4,6,1,1,1,2,2
6,52,4,2,2004,2,1,1,2,2,1,1,1,1,1,1,3,1,2,6,6,1,1,,2,2
10,52,4,2,2004,2,1,1,2,2,1,1,1,1,1,1,2,1,2,9,6,1,1,,2,2
1,52,4,4,2004,2,1,1,2,2,1,1,1,1,1,1,2,1,2,6,6,1,1,,2,2
5,52,4,4,2004,2,1,1,2,2,2,2,2,2,1,2,3,1,2,17,11,1,3,,2,2
5,52,4,5,2004,1,1,1,2,2,1,1,2,1,1,1,2,1,2,19,6,1,7,,2,2
3,52,4,5,2004,2,1,1,2,2,2,1,1,2,1,1,2,1,2,8,11,1,1,,2,2
5,52,4,6,2004,3,1,1,2,2,1,1,1,1,1,1,2,1,2,8,11,1,1,,2,2
1,52,4,7,2004,1,1,1,2,2,1,1,1,1,1,1,3,1,2,8,6,1,1,,2,2
9,52,3,8,2004,1,1,1,2,2,1,1,1,1,1,1,3,1,2,9,6,1,1,,2,2
5,52,4,10,2004,1,1,1,2,2,1,1,1,1,1,1,4,1,2,19,6,1,1,,2,2
6,52,4,11,2004,2,1,1,2,2,1,1,1,1,1,1,2,1,2,19,6,1,1,,2,2
6,52,4,11,2004,,1,1,2,2,1,1,1,1,1,1,2,1,2,4,6,1,1,,2,2
2,35,4,6,2004,3,1,1,2,2,2,1,1,3,1,3,2,1,2,14,6,1,1,,2,2
3,46,4,1,2004,3,3,1,2,2,1,1,1,1,1,1,3,1,2,14,6,1,1,,2,2
2,43,4,11,2004,1,1,1,2,2,1,4,1,1,1,1,1,2,2,13,6,1,1,,2,2
2,43,4,11,2004,3,1,1,2,2,1,1,1,1,1,1,1,1,2,11,6,1,1,,2,2
2,43,4,11,2004,2,1,1,2,2,1,1,1,1,1,1,1,1,2,9,6,1,1,,2,2
2,43,4,11,2004,3,1,1,2,2,1,1,3,1,1,1,1,1,2,9,6,1,1,35,2,2
2,43,4,11,2004,3,3,1,2,2,1,1,3,1,1,1,1,1,2,8,6,1,1,30,2,2
1,43,4,11,2004,1,1,1,2,2,1,1,1,1,1,1,3,1,2,8,6,1,1,24,2,2
3,43,4,11,2004,2,1,1,2,2,1,1,1,1,1,1,2,2,2,18,6,1,1,,2,2
1,39,4,5,2004,4,3,1,2,2,1,4,1,1,1,1,2,1,2,14,6,1,1,,2,2
3,39,4,6,2004,,1,1,2,2,1,4,1,1,1,1,1,1,2,,6,1,1,,1,2
1,39,4,6,2004,4,1,1,2,2,1,4,1,1,1,1,1,1,2,,6,1,1,,2,2
3,39,4,7,2004,3,1,1,2,2,1,1,1,1,1,1,1,1,2,7,6,1,1,,2,2
3,39,4,7,2004,3,1,1,2,2,1,1,1,1,1,1,1,1,2,9,6,1,1,,2,2
1,39,4,8,2004,3,1,1,2,2,1,1,1,1,1,1,2,1,2,14,6,1,1,,2,2
1,39,4,10,2004,2,1,1,2,2,1,1,1,1,1,1,1,1,2,9,5,1,1,,2,2
1,39,4,10,2004,2,1,1,2,2,1,1,1,1,1,1,3,1,2,14,6,1,1,,2,2
1,39,4,10,2004,2,1,1,2,2,1,1,1,1,1,1,1,1,2,14,6,1,1,28,2,2
1,39,4,11,2004,2,1,1,2,2,1,1,1,1,1,1,3,1,2,6,6,1,1,,2,2
1,39,4,11,2004,2,1,1,2,2,1,1,1,1,1,1,3,1,2,4,6,1,1,,2,2
1,35,4,7,2004,3,4,1,2,2,2,1,2,2,1,1,2,3,2,14,2,1,1,,2,2
4,35,4,7,2004,2,1,1,2,2,1,1,1,1,1,1,1,1,2,9,6,1,1,,2,2
2,35,4,7,2004,3,1,1,2,2,1,1,1,1,1,1,1,1,2,8,6,1,1,25,2,2
5,35,4,7,2004,3,1,1,2,2,1,1,1,1,1,1,2,1,2,14,6,1,1,,2,2
2,35,4,8,2004,2,1,1,2,2,1,1,1,1,1,1,1,1,2,14,6,1,1,,2,2
2,35,4,10,2004,3,1,1,2,2,1,1,1,1,1,1,1,1,2,14,6,1,1,,2,2
2,35,4,11,2004,2,1,1,2,2,4,2,2,1,1,1,4,1,2,4,6,1,1,,2,2
2,35,3,11,2004,3,1,1,2,2,1,2,1,1,1,1,1,,,10,6,1,1,,2,2
4,44,4,5,2004,2,1,1,2,2,1,1,1,1,1,1,2,1,2,8,2,1,1,35,2,2
4,44,4,5,2004,3,1,1,2,2,1,1,1,1,1,1,1,1,1,8,6,1,1,32,2,2
3,44,4,5,2004,1,1,1,2,2,1,1,1,1,1,1,1,1,2,9,6,1,1,,2,2
3,44,4,5,2004,2,1,1,2,2,1,1,1,1,1,1,1,1,2,14,6,1,1,30,2,2
6,44,3,5,2004,2,1,1,2,2,1,2,1,1,1,1,3,1,2,14,6,1,1,,,
6,44,3,5,2004,1,3,1,1,1,1,4,1,1,1,1,1,1,2,14,6,1,1,,2,2
6,44,4,5,2004,1,1,1,2,2,1,1,1,1,1,1,1,1,2,14,6,1,1,,2,2
6,44,4,5,2004,1,1,1,2,2,1,1,1,1,1,1,1,1,2,6,6,1,1,,2,2
6,44,4,5,2004,1,1,1,2,2,1,1,1,1,1,1,1,1,2,19,6,1,1,,2,2
7,44,4,5,2004,2,1,1,2,2,1,1,1,1,1,1,1,1,2,9,1,1,1,,2,2
7,44,4,5,2004,1,1,1,2,2,1,3,1,1,1,1,1,1,2,7,6,1,1,,2,2
5,44,4,5,2004,4,1,1,2,2,1,4,1,1,1,1,1,1,2,9,6,1,1,,2,2
1,38,3,5,2004,3,1,1,2,2,1,1,1,1,1,1,1,1,2,10,9,1,1,,2,2
1,38,3,5,2004,2,1,1,2,2,1,1,1,1,1,1,1,1,2,7,6,1,1,,2,2
6,38,4,5,2004,2,1,1,2,2,1,1,1,1,1,1,1,1,2,9,6,1,1,,2,2
6,38,1,5,2004,1,1,1,2,2,1,1,1,1,1,1,1,1,2,9,6,1,1,,2,2
3,34,4,5,2004,2,7,1,2,2,1,1,1,1,1,1,1,1,2,10,6,1,1,,2,2
3,38,4,5,2004,2,1,1,2,2,1,1,1,1,1,1,1,1,2,10,6,1,1,,2,2
3,38,4,6,2004,1,1,1,2,2,1,2,1,1,1,1,1,1,2,13,6,1,1,,2,2
1,38,4,6,2004,1,1,1,2,2,1,2,1,1,1,1,1,1,2,,6,1,1,,2,2
1,38,4,6,2004,2,1,1,2,2,1,1,1,1,,,1,1,2,9,6,1,1,,2,2
6,38,4,6,2004,3,1,1,2,2,1,1,1,1,1,1,1,1,2,9,6,1,1,,2,2
3,38,4,7,2004,4,1,1,2,2,1,2,1,1,1,1,1,1,2,9,6,1,1,,2,2
6,38,4,7,2004,3,1,1,2,2,1,1,1,1,1,1,1,1,2,14,6,1,1,45,2,2
3,38,4,7,2004,2,1,1,2,2,1,1,1,1,1,1,1,1,2,9,6,1,1,,2,2
9,38,4,8,2004,3,1,1,2,2,1,1,1,1,1,1,3,1,2,14,6,1,1,,2,2
7,38,4,8,2004,3,1,1,2,2,1,1,1,1,1,1,1,1,2,9,6,1,1,40,2,2
6,38,4,8,2004,2,1,1,2,2,1,1,1,1,1,1,1,1,2,13,6,1,1,,2,2
3,38,4,8,2004,2,1,1,2,2,1,1,1,1,1,1,1,1,2,11,6,1,1,30,2,2
7,38,4,8,2004,3,1,1,2,2,1,1,1,1,1,1,1,1,2,11,6,1,1,,2,2
3,38,4,9,2004,3,1,1,2,2,1,1,1,1,1,1,1,1,2,9,6,1,1,,2,2
7,38,4,9,2004,4,1,1,2,2,1,1,1,1,1,1,1,1,2,10,6,1,1,,2,2
3,38,4,8,2004,3,1,1,2,2,1,1,1,1,1,1,1,1,2,14,6,1,1,,2,2
3,38,4,9,2004,4,1,1,2,2,1,1,1,1,1,1,1,1,2,14,6,1,1,,2,2
1,38,3,8,2004,2,1,1,2,2,1,2,1,1,1,1,1,1,2,4,6,1,1,,2,2
1,38,4,10,2004,4,1,1,2,2,1,4,1,1,1,1,1,1,2,9,6,1,1,,2,2
6,38,4,6,2004,1,1,1,2,2,1,1,1,1,1,1,1,1,2,14,6,1,1,,2,2
6,38,4,10,2004,2,1,1,2,2,1,1,1,1,1,1,1,1,2,14,6,1,1,,2,2
3,38,4,10,2004,2,1,1,2,2,1,1,1,1,1,1,1,1,2,14,6,1,1,,2,2
1,38,4,10,2004,1,1,5,2,1,1,1,1,1,1,1,1,1,2,9,6,1,1,,2,2
6,38,4,11,2004,3,1,1,2,2,1,1,1,1,1,1,1,1,2,9,6,1,1,,2,2
1,38,3,11,2004,4,1,1,2,2,1,2,1,1,1,1,1,1,2,9,6,1,1,,2,2
1,38,4,11,2004,4,1,1,2,2,1,2,1,1,1,1,1,1,2,9,6,1,1,,2,2
6,38,3,11,2004,4,1,1,2,2,1,4,1,1,1,1,1,1,2,14,6,1,1,,2,2
3,38,3,11,2004,4,1,1,2,2,1,4,1,1,1,1,1,1,2,12,6,1,1,,2,2
1,38,4,11,2004,3,1,1,2,2,1,1,1,1,1,1,1,1,2,9,6,1,1,,2,2
1,38,4,11,2004,4,1,1,2,2,1,2,1,1,1,1,1,1,2,9,6,1,1,,2,2
3,38,4,12,2004,4,1,1,2,2,4,4,1,1,1,1,1,1,2,6,6,1,1,,2,2
3,38,3,12,2004,2,1,1,2,2,1,1,1,1,1,1,1,1,2,7,6,1,1,25,2,2
4,38,4,12,2004,1,1,1,2,2,1,1,1,1,1,1,1,1,2,12,6,1,1,,2,2
3,38,4,11,2004,2,1,1,2,2,1,1,1,1,1,1,1,1,2,19,6,1,1,,2,2
6,38,4,12,2004,2,1,1,2,2,1,1,1,1,1,1,1,1,2,14,6,1,1,,2,2
6,38,4,12,2004,2,1,1,2,2,1,1,1,1,1,1,1,1,2,14,6,1,1,,2,2
7,38,4,12,2004,4,1,1,2,2,1,2,1,1,1,1,1,1,2,9,6,1,1,,2,2
7,38,4,12,2004,3,1,1,2,2,1,1,1,1,1,1,1,1,2,9,6,1,1,,2,2
1,38,4,12,2004,3,1,1,2,2,1,1,1,1,1,1,1,1,2,13,6,1,1,,2,2
1,38,4,12,2004,3,1,1,2,2,1,1,1,1,1,1,1,1,2,14,6,1,1,,2,2
1,50,4,11,2004,2,1,1,2,2,1,1,1,1,1,1,1,1,2,9,6,1,1,,2,2
1,50,4,12,2004,4,1,1,2,2,1,1,1,1,1,1,1,1,2,9,6,1,1,,2,2
1,50,4,12,2004,3,1,1,2,2,1,1,1,1,1,1,1,1,2,9,6,1,1,,2,2
10,50,3,12,2004,3,1,1,2,2,1,1,1,1,1,1,1,1,2,9,6,1,1,,2,2
5,50,4,12,2004,3,1,1,2,2,1,1,1,1,1,1,2,1,2,14,6,1,1,,2,2
5,50,3,12,2004,2,1,1,2,2,1,1,1,1,1,1,3,1,2,6,6,1,1,,2,2
1,52,4,4,2004,1,1,1,2,2,1,2,1,1,1,2,2,1,2,13,6,1,1,,2,2
1,49,3,4,2004,2,1,1,2,2,1,1,1,1,1,1,2,1,2,6,6,1,1,28,2,2
1,49,4,5,2004,2,1,1,2,2,1,2,1,1,1,1,2,1,2,14,6,1,1,,2,2
1,49,4,5,2004,2,1,1,2,2,1,1,1,1,1,1,3,1,2,9,6,1,1,,2,2
1,49,4,6,2004,1,1,1,2,2,1,1,1,1,1,1,2,1,2,19,6,1,1,,2,2
1,49,4,6,2004,2,1,1,2,2,2,2,1,2,1,1,3,1,2,14,6,1,1,35,2,2
1,49,4,9,2004,3,1,1,2,2,1,1,1,1,1,1,3,1,2,19,6,1,1,,2,2
1,49,4,7,2004,2,1,1,2,2,1,1,1,1,1,1,2,1,2,9,6,1,1,,2,2
1,49,4,9,2004,3,1,1,2,2,1,1,1,1,1,1,2,1,2,9,6,1,1,42,2,2
1,49,3,11,2004,3,1,1,2,2,1,1,1,1,1,1,2,1,2,9,6,1,1,35,2,2
2,49,4,6,2004,3,1,1,2,2,1,1,1,1,1,1,3,1,2,19,6,1,1,,2,2
2,49,4,11,2004,2,1,1,2,2,1,1,1,1,1,1,3,1,2,19,6,1,1,,2,2
3,49,4,7,2004,3,1,1,2,2,1,1,1,1,1,1,3,1,2,9,6,1,1,,2,2
3,49,4,8,2004,2,1,1,2,2,1,1,1,1,1,1,3,1,2,9,6,1,1,,2,2
3,49,4,4,2004,3,1,1,2,2,1,1,1,1,1,1,3,1,2,9,6,1,1,,2,2
3,49,4,9,2004,2,1,1,2,2,1,1,1,1,1,1,3,1,2,9,6,1,1,30,2,2
3,49,4,10,2004,2,1,1,2,2,1,1,1,1,1,1,3,1,2,9,6,1,1,,2,2
4,49,1,6,2004,4,1,1,2,2,1,4,1,1,1,1,3,1,2,9,6,1,1,,2,2
5,49,3,10,2004,3,1,1,2,2,1,1,1,1,1,1,3,1,2,13,6,1,1,45,2,2
5,49,3,12,2004,3,1,1,2,2,1,1,1,1,1,1,3,1,2,7,6,1,1,18,2,2
4,51,3,7,2004,3,1,1,2,2,1,1,1,1,1,1,2,1,2,14,6,1,1,,2,2
4,51,4,7,2004,1,1,1,2,2,1,1,1,1,1,1,1,1,2,9,6,1,1,,2,2
9,51,4,7,2004,3,1,1,2,2,1,1,1,1,1,1,2,1,2,16,6,1,1,,2,2
12,51,4,7,2004,2,1,1,2,2,1,1,1,1,1,1,2,1,2,9,6,1,1,36,2,2
1,51,4,7,2004,2,1,1,2,2,1,1,1,1,1,1,2,1,2,9,6,1,1,,2,2
9,51,4,7,2004,4,1,1,2,2,1,4,1,1,1,1,2,1,2,14,6,1,1,,2,2
8,51,3,7,2004,2,1,1,2,2,1,1,1,1,1,1,3,1,2,14,6,1,1,,2,2
7,51,3,6,2004,4,1,1,2,2,1,4,1,1,1,1,3,1,2,4,6,1,1,,2,2
1,51,4,8,2004,3,1,1,2,2,1,1,1,1,1,1,2,1,2,16,6,1,1,,2,2
1,51,4,8,2004,2,1,1,2,2,1,2,1,1,1,1,2,1,2,4,6,1,1,,2,2
8,51,4,9,2004,2,1,1,2,2,1,1,1,1,1,1,3,1,2,4,6,1,1,,2,2
9,51,4,9,2004,1,1,1,2,2,1,2,1,1,1,1,2,1,2,14,6,1,1,,2,2
12,51,4,9,2004,,1,1,2,2,1,1,1,1,1,1,3,1,2,9,6,1,1,,2,2
8,51,3,10,2004,3,1,1,2,2,1,1,1,1,1,1,2,1,2,9,6,1,1,,2,2
9,51,3,10,2004,3,1,1,2,2,1,1,1,1,1,1,2,1,2,8,6,1,1,,2,2
1,51,4,10,2004,3,1,1,2,2,1,1,1,1,1,1,2,1,2,4,6,1,1,,2,2
12,51,4,11,2004,3,1,1,2,2,1,1,1,1,1,1,2,1,2,9,6,1,1,,2,2
8,51,4,11,2004,2,1,1,2,2,1,1,1,1,1,1,2,1,2,8,6,1,1,,2,2
4,51,4,11,2004,2,1,1,2,2,1,1,1,1,1,1,1,1,2,9,6,1,1,,2,2
13,51,3,11,2004,3,1,1,2,2,1,1,1,1,1,1,3,1,2,9,6,1,1,,2,2
8,51,3,11,2004,2,1,1,2,2,1,1,1,1,1,1,2,1,1,,6,1,1,,2,2
8,51,3,11,2004,2,1,1,2,2,1,2,1,1,1,1,2,1,2,9,6,1,1,,2,2
8,51,4,12,2004,3,1,1,2,2,1,1,1,1,1,1,3,1,2,9,6,1,1,,2,2
3,51,4,12,2004,3,1,1,2,2,1,1,1,1,1,1,2,1,2,14,6,1,1,,2,2
8,51,4,12,2004,1,1,1,2,2,1,4,1,1,1,1,2,1,2,,6,1,1,,2,2
8,51,4,12,2004,3,1,1,2,2,1,1,1,1,1,1,2,1,2,9,6,1,1,,2,2
1,51,3,12,2004,3,1,1,2,2,1,1,1,1,1,1,3,1,2,17,6,1,1,,2,2
2,51,4,12,2004,2,1,1,2,2,1,2,1,1,1,1,3,1,2,7,6,1,1,,2,2
4,44,4,7,2004,,1,1,2,2,1,1,1,1,1,1,5,1,1,,6,1,1,,2,2
4,44,4,8,2004,4,1,1,2,2,1,4,1,1,1,1,3,1,2,9,6,1,1,,2,2
4,44,4,8,2004,3,1,1,2,2,1,4,1,1,1,1,3,1,2,19,6,1,1,,2,2
4,44,4,9,2004,4,3,1,2,2,1,2,1,1,1,1,1,1,2,14,6,1,1,,2,2
4,44,3,9,2004,4,1,1,2,2,1,4,1,1,1,1,3,1,2,19,6,1,1,,2,2
4,44,4,10,2004,4,1,1,2,2,1,4,1,1,1,3,1,1,2,13,6,1,1,,2,2
4,44,4,10,2004,1,1,1,2,2,1,3,1,1,1,1,3,1,2,14,6,1,1,,2,2
4,44,1,11,2004,4,7,8,2,2,1,1,1,1,1,1,3,1,2,10,6,1,1,,2,2
3,44,4,7,2004,1,1,1,2,2,1,1,1,1,1,1,1,1,2,14,1,1,1,,2,2
3,44,4,8,2004,1,1,1,2,2,1,1,1,1,1,1,1,1,2,14,6,1,1,,2,2
3,44,4,9,2004,4,1,1,2,2,1,4,1,1,1,1,1,1,2,9,6,1,1,,2,2
3,44,4,9,2004,3,3,1,2,2,1,4,1,1,1,1,1,1,2,9,6,1,1,,2,2
3,44,4,9,2004,2,1,1,2,2,1,1,1,1,1,1,1,1,2,14,6,1,1,,2,2
3,44,3,9,2004,3,1,1,2,2,1,1,1,1,1,1,1,1,2,19,6,1,1,,2,2
3,44,4,9,2004,2,1,1,2,2,1,1,1,1,1,1,1,1,2,8,6,1,1,,2,2
3,44,4,9,2004,3,1,1,2,2,1,1,1,1,1,1,1,1,2,,6,1,1,,2,2
3,44,4,10,2004,4,1,1,2,2,1,1,1,1,1,1,1,1,2,9,6,1,1,,2,2
3,44,4,9,2004,4,7,1,2,2,1,3,1,1,1,1,1,1,1,14,6,1,1,,2,2
3,44,4,11,2004,3,1,1,2,2,1,4,1,1,1,1,1,1,2,8,6,1,1,,2,2
3,44,4,11,2004,3,1,1,2,2,1,1,1,1,1,1,1,1,2,6,6,1,1,,2,2
3,44,4,9,2004,2,1,1,2,2,1,2,1,1,1,1,1,1,2,,6,1,1,,2,2
3,44,4,12,2004,3,1,4,2,2,1,1,1,1,1,1,1,1,2,10,6,1,1,,2,2
7,44,4,7,2004,1,1,1,2,2,1,4,1,1,1,1,1,1,2,,6,1,1,,2,2
7,44,3,7,2004,4,1,1,2,2,1,2,3,1,1,1,1,1,2,9,6,1,1,,2,2
7,44,3,7,2004,4,1,1,2,2,1,4,1,1,1,1,1,1,2,6,1,1,1,,2,2
7,44,4,7,2004,2,1,1,2,2,1,1,1,1,1,1,1,1,2,9,6,1,1,,2,2
7,44,4,8,2004,4,1,1,2,2,1,3,1,1,1,1,1,1,2,7,6,1,1,,2,2
7,44,4,8,2004,1,1,1,2,2,1,3,1,1,1,1,1,1,2,,6,1,1,,2,2
7,44,4,8,2004,2,1,1,2,2,1,1,1,1,1,1,1,1,2,1,6,1,1,,2,2
7,44,4,8,2004,1,1,1,2,2,1,1,1,1,1,1,1,1,2,6,1,1,1,,2,2
7,44,4,10,2004,4,1,1,2,2,1,4,1,1,1,1,1,1,2,,6,1,1,,2,2
7,44,4,10,2004,3,1,1,2,2,1,1,1,1,1,1,1,1,2,,6,1,1,,2,2
7,44,4,10,2004,2,1,1,2,2,1,1,1,1,1,1,1,1,2,14,6,1,1,,2,2
4,44,3,11,2004,3,3,4,2,2,1,1,1,1,1,1,1,1,2,19,6,1,1,,2,2
7,44,4,12,2004,2,1,1,2,2,1,1,1,1,1,1,1,1,2,,6,1,1,,2,2
7,44,4,12,2004,3,1,1,2,2,1,1,1,1,1,1,1,1,2,14,6,1,1,,2,2
4,44,4,2,2004,1,1,1,2,2,1,1,1,1,1,1,1,1,2,,6,1,1,,2,2
6,44,4,7,2004,2,1,1,2,2,1,1,1,1,1,1,4,1,2,19,6,1,1,,2,2