Thana,District,Accident_Severity,Month,Year,Time,Junction_Type,Traffic_Control,Movement,Divider,Weather,Light,Road_Geometry,Surface_Condition,Surface_Type,Surface_Quality,Road_Class,Road_Feature,Location_Type,Vehicle_Type,Vehicle_Movement,Vehicle_Loading,Vehicle_Defect,Vehicle_Driver_Age,Vehicle_Alcohol,Vehicle_Seat_Belt
6,44,4,7,2004,1,1,1,2,2,1,1,1,1,1,1,3,1,2,14,6,1,1,,2,2
6,44,3,7,2004,1,3,1,2,2,1,3,1,1,1,1,1,1,2,9,6,1,1,,2,2
6,44,4,7,2004,,1,1,2,2,1,1,1,1,1,1,3,1,2,7,6,1,1,,2,2
6,44,4,8,2004,4,1,1,2,2,1,3,1,1,1,1,1,1,2,9,6,1,1,,2,2
6,44,4,8,2004,3,1,1,1,1,1,1,1,1,1,1,1,1,2,19,6,1,1,,2,2
6,44,4,9,2004,3,1,1,1,1,1,1,1,1,1,1,1,1,2,9,6,1,1,,2,2
6,44,4,9,2004,3,1,1,1,1,1,1,1,1,1,1,1,1,2,14,6,1,1,,2,2
6,44,2,10,2004,1,2,1,1,1,1,1,1,1,1,1,1,1,2,9,6,1,1,,2,2
6,44,4,10,2004,3,1,1,1,1,1,1,1,1,1,1,1,1,2,9,6,1,1,,2,2
6,44,3,10,2004,3,1,1,1,1,1,1,1,1,1,1,1,1,2,9,6,1,1,,2,2
6,44,4,11,2004,3,1,1,1,1,1,1,1,1,1,1,1,1,2,,6,1,1,,2,2
6,44,4,12,2004,1,1,1,1,1,1,1,1,1,1,1,1,1,2,9,6,1,1,,2,2
6,44,4,12,2004,1,1,1,2,2,1,1,1,1,1,1,4,1,2,14,6,1,1,,2,2
2,44,4,10,2004,2,7,1,2,2,1,1,1,1,1,1,1,1,2,9,6,1,1,,2,2
2,44,4,10,2004,2,1,1,2,2,1,1,1,1,1,1,1,1,2,9,6,1,1,,2,2
5,44,4,7,2004,2,1,1,2,2,1,1,1,1,1,1,1,1,2,19,6,1,1,,2,2
5,44,4,8,2004,3,7,1,2,2,1,1,1,1,1,1,1,1,2,14,6,1,1,,2,2
5,44,1,10,2004,4,1,1,2,2,1,1,1,1,1,1,1,1,2,9,6,1,1,,2,2
5,44,4,12,2004,3,7,1,2,2,1,1,1,1,1,1,1,1,2,9,6,1,1,,2,2
5,44,4,12,2004,4,1,1,2,2,1,1,1,1,1,1,1,1,2,14,6,1,1,,2,2
1,48,4,3,2004,3,7,8,2,2,1,1,1,1,1,1,2,,,14,6,1,1,,2,2
1,48,4,3,2004,1,1,1,2,2,1,1,1,1,1,1,1,1,2,14,6,1,1,,2,2
2,48,4,6,2004,4,1,1,2,2,1,2,1,1,1,1,1,1,2,19,6,1,1,,2,2
1,48,4,7,2004,1,7,8,2,2,1,1,1,1,1,1,4,1,2,19,6,1,1,,2,2
2,48,1,7,2004,2,1,1,2,2,1,1,1,1,1,1,4,1,2,19,6,1,1,,2,2
1,48,4,8,2004,3,1,1,2,2,1,1,1,1,1,1,1,1,2,14,6,1,1,,2,2
2,48,4,8,2004,3,1,1,2,2,1,1,1,1,1,1,4,1,2,4,6,1,1,,2,2
7,48,4,9,2004,3,1,1,2,2,1,1,1,1,1,1,3,1,2,14,6,1,1,,2,2
1,48,4,1,2004,3,1,1,2,2,1,1,1,1,1,1,1,1,2,8,6,1,1,,2,2
4,37,4,3,2004,2,1,1,2,2,1,1,1,1,1,1,3,1,2,5,6,1,1,,2,2
6,37,4,5,2004,2,1,1,2,2,1,1,1,1,1,2,1,1,2,6,6,1,1,,2,2
2,37,1,7,2004,3,1,1,2,2,1,1,1,1,1,1,1,1,2,8,6,1,1,,2,2
6,38,4,7,2004,2,1,1,2,2,1,1,1,1,1,1,3,1,2,6,6,1,1,,2,2
6,37,4,10,2004,2,1,1,2,2,1,1,1,1,1,1,3,1,2,14,6,1,1,,2,2
6,37,4,10,2004,4,1,1,2,2,1,2,1,1,1,1,3,1,2,14,6,1,1,,2,2
1,37,1,11,2004,1,1,5,2,1,1,2,1,1,1,1,3,1,2,9,9,1,1,,2,2
5,37,4,12,2004,2,1,1,2,2,1,1,1,1,1,1,4,1,2,6,6,1,1,,2,2
1,36,4,7,2004,3,1,1,2,2,1,1,1,1,1,1,1,1,2,14,6,1,1,,2,2
2,36,4,9,2004,,1,1,2,2,1,1,1,1,1,1,2,1,2,9,6,1,1,,2,2
2,36,3,9,2004,,1,1,2,2,1,1,1,1,1,1,1,1,2,9,6,1,1,,2,2
1,36,4,10,2004,3,1,1,2,2,1,1,1,1,1,1,1,1,2,9,6,1,1,,2,2
3,36,4,10,2004,1,1,5,2,1,1,1,1,1,1,1,1,1,2,9,6,1,1,,2,2
3,6,4,10,2004,3,1,1,2,2,1,1,1,1,1,1,1,1,2,9,6,1,1,,2,2
6,37,4,5,2004,2,1,1,2,2,1,1,1,1,1,1,5,1,2,6,6,1,1,,2,2
2,37,3,7,2004,3,1,1,2,2,1,1,1,1,1,1,3,1,2,9,6,1,1,,2,2
2,37,2,7,2004,3,1,1,2,2,1,1,1,1,1,1,3,1,2,8,6,1,1,,2,2
6,37,4,10,2004,2,1,1,2,2,1,1,1,1,1,1,2,1,2,14,6,1,1,,2,2
1,37,1,11,2004,4,1,1,2,2,1,1,1,1,1,1,3,1,2,9,6,1,1,,2,2
2,36,4,12,2004,1,1,8,2,2,1,2,2,1,2,2,2,1,2,4,6,1,1,,2,2
1,36,4,12,2004,4,1,1,2,2,1,2,1,1,1,1,1,1,2,4,6,1,1,,2,2
5,46,4,6,2004,2,7,1,2,2,1,1,1,1,1,1,1,1,2,12,6,1,1,,2,2
5,46,4,6,2004,2,1,3,2,2,1,1,1,1,1,1,1,1,2,12,1,1,1,,2,2
1,46,4,8,2004,2,1,1,2,2,1,1,1,1,1,1,1,1,1,9,6,1,1,,2,2
1,46,3,8,2004,1,1,1,2,2,1,3,1,1,1,1,1,1,2,12,6,1,1,,2,2
1,46,1,8,2004,3,1,1,2,2,1,1,1,1,1,1,1,1,2,9,6,1,1,,2,2
1,46,4,8,2004,3,1,1,1,1,1,1,1,1,1,1,1,1,2,9,6,1,1,,2,2
1,46,1,8,2004,2,1,1,2,2,1,1,1,1,1,1,1,2,,9,6,1,1,,2,2
6,46,3,8,2004,4,1,1,2,2,1,1,1,1,1,1,1,1,2,9,6,1,1,,2,2
6,46,4,9,2004,3,1,1,2,2,1,1,1,1,1,1,1,1,2,7,6,1,1,,2,2
1,46,4,9,2004,2,1,1,2,2,1,1,1,1,1,1,1,1,2,14,6,1,1,,2,2
1,46,4,10,2004,3,1,1,2,2,1,1,1,1,1,1,1,1,2,14,6,1,1,,2,2
1,46,3,10,2004,4,1,1,2,2,1,1,1,1,1,1,1,1,2,9,6,1,1,,2,2
1,46,4,10,2004,3,1,1,2,2,1,1,1,1,1,1,1,1,2,14,6,1,1,,2,2
1,46,4,10,2004,4,1,1,2,2,1,3,1,1,1,1,1,1,2,9,6,1,1,,2,2
1,46,4,10,2004,2,1,1,2,2,1,1,1,1,1,1,1,1,2,14,6,1,1,,2,2
1,46,4,10,2004,2,1,1,2,2,1,1,1,1,1,1,1,1,2,9,6,1,1,,2,2
1,46,4,10,2004,3,1,1,2,2,1,1,1,1,1,1,1,1,2,8,6,1,1,,2,2
1,46,4,10,2004,2,1,1,2,2,1,1,1,1,1,1,1,1,2,9,6,1,1,,2,2
1,46,4,11,2004,2,1,1,2,2,1,1,1,1,1,1,1,1,2,9,6,1,1,,2,2
1,46,4,11,2004,2,1,1,2,2,1,1,1,1,1,1,1,1,2,9,6,1,1,,2,2
1,46,4,11,2004,4,1,1,2,2,1,3,1,1,1,1,1,1,2,14,6,1,1,,2,2
1,46,4,11,2004,3,1,1,2,2,1,1,1,1,1,1,1,1,2,9,6,1,1,,2,2
1,46,4,11,2004,2,1,1,2,2,1,1,1,1,1,1,1,1,2,9,6,1,1,,2,2
2,46,4,11,2004,3,1,1,2,2,1,1,1,1,1,1,1,1,2,,6,1,1,,2,2
2,46,4,11,2004,4,1,1,2,2,1,1,1,1,1,1,1,1,2,6,1,1,1,,2,2
1,46,4,12,2004,2,1,1,2,2,2,1,1,1,1,1,,1,2,,6,1,1,,2,2
1,46,4,12,2004,3,1,1,2,2,1,1,1,1,1,1,1,1,2,,6,1,1,,2,2
1,46,4,12,2004,1,1,1,2,2,1,3,1,1,1,1,1,1,2,14,6,1,1,,2,2
1,46,4,12,2004,2,1,1,2,2,1,1,1,1,1,1,1,1,2,,6,1,1,,2,2
1,46,4,12,2004,2,1,1,2,2,1,1,1,1,1,1,1,1,2,9,6,1,1,,2,2
2,46,4,12,2004,3,1,1,2,2,1,1,1,1,1,1,1,1,2,9,6,1,1,,2,2
2,46,4,12,2004,2,1,1,2,2,1,1,1,1,1,1,1,1,2,6,6,1,1,,2,2
3,41,4,11,2004,2,1,1,2,2,1,2,1,1,1,1,3,1,2,11,6,1,1,,2,2
5,41,4,11,2004,3,1,1,2,2,1,1,1,1,1,1,3,1,2,14,6,1,1,,2,2
5,41,4,12,2004,2,1,1,2,2,1,1,1,1,1,1,1,1,2,6,1,1,1,,2,2
5,41,4,12,2004,4,1,1,2,2,1,4,1,1,1,1,1,1,2,,6,1,1,,2,2
3,41,4,12,2004,1,1,1,2,2,1,2,1,1,1,1,1,1,2,14,6,1,1,,2,2
4,39,4,11,2004,4,1,1,2,2,1,4,1,1,1,1,1,1,2,9,6,1,1,,2,2
3,39,4,6,2004,,4,1,2,2,1,4,1,1,1,1,1,1,2,19,6,1,1,,2,2
3,39,4,7,2004,3,1,1,2,2,1,1,1,1,1,1,1,1,2,7,6,1,1,,2,2
3,39,4,7,2004,3,4,1,2,2,1,1,1,1,1,1,1,1,2,9,6,1,1,,2,2
3,39,4,9,2004,2,1,1,2,2,1,1,1,1,1,1,1,1,2,14,6,1,1,,2,2
1,39,4,5,2004,4,1,1,2,2,1,4,1,1,1,1,2,1,2,14,6,1,1,,2,2
1,39,3,6,2004,2,1,1,2,2,1,1,1,1,1,1,1,1,2,14,6,1,1,,2,2
1,39,4,6,2004,4,7,1,2,2,1,4,1,1,1,1,1,1,2,,6,1,1,,2,2
1,39,4,8,2004,1,1,1,2,2,1,1,1,1,1,1,1,1,2,9,6,1,1,,2,2
1,39,1,9,2004,2,1,1,2,2,1,1,1,1,1,1,1,1,2,6,1,1,1,,2,2
1,39,4,10,2004,,1,1,2,2,1,1,1,1,1,1,2,1,2,14,6,1,1,,2,2
1,39,4,11,2004,2,1,1,2,2,1,1,1,1,1,1,2,1,2,6,6,1,1,,2,2
1,40,4,5,2004,3,1,1,2,2,1,1,1,1,1,1,1,1,2,9,6,1,1,,2,2
1,40,4,6,2004,3,1,1,2,2,1,1,1,1,1,1,1,1,2,9,6,1,1,,2,2
1,40,4,9,2004,2,1,1,2,2,1,2,1,1,1,1,1,1,2,12,6,1,1,,2,2
7,40,4,4,2004,4,1,1,2,2,1,1,1,1,1,1,1,1,2,13,6,1,1,,2,2
5,40,4,4,2004,3,1,1,2,2,1,2,1,1,1,1,3,1,2,8,6,1,1,30,2,2
5,40,4,4,2004,3,1,1,2,2,1,1,1,1,1,1,1,1,2,8,6,1,1,,2,2
5,40,4,4,2004,1,1,1,2,2,1,4,1,1,1,1,3,1,2,13,6,1,1,,2,2
6,40,3,4,2004,1,1,1,2,2,1,4,1,1,1,1,3,1,2,14,6,1,1,,2,2
6,40,4,5,2004,2,1,1,2,2,1,1,1,1,1,1,1,1,2,13,6,1,1,,2,2
3,40,4,2,2004,3,1,1,2,2,1,1,1,1,1,1,1,1,2,9,6,1,1,,2,2
3,40,4,6,2004,1,1,1,2,2,1,4,1,1,1,1,1,1,2,12,6,1,1,,2,2
3,40,4,8,2004,2,1,1,2,2,1,1,1,1,1,1,1,1,2,14,6,1,1,,2,2
3,40,4,11,2004,2,1,1,2,2,1,1,1,1,1,1,1,1,2,9,6,1,1,,2,2
6,40,4,7,2004,2,3,1,2,2,1,1,1,1,1,1,1,1,2,12,6,1,1,,2,2
6,40,4,7,2004,3,1,1,2,2,1,1,1,1,1,1,1,1,2,9,6,1,1,,2,2
6,40,1,8,2004,3,1,1,2,2,1,1,1,1,1,1,1,1,1,9,6,1,1,,2,2
6,40,4,5,2004,3,1,3,2,2,1,1,1,1,1,1,1,1,2,9,6,1,1,,2,2
6,40,4,5,2004,2,3,1,2,2,1,1,1,1,1,1,2,1,2,9,6,1,1,,2,2
6,40,3,5,2004,3,1,1,2,2,1,2,1,1,1,1,1,1,2,9,6,1,1,,2,2
6,40,4,4,2004,2,1,1,2,2,1,1,1,1,1,1,1,1,2,9,6,1,1,,2,2
6,40,4,2,2004,3,1,1,2,2,1,1,1,1,1,1,1,1,2,9,6,1,1,,2,2
6,40,4,2,2004,2,1,1,2,2,1,1,1,1,1,1,1,1,2,9,6,1,1,,2,2
6,40,4,2,2004,2,2,1,2,2,1,1,1,1,1,1,1,1,2,9,6,1,1,,2,2
6,40,4,2,2004,2,1,1,2,2,1,1,1,1,1,1,1,1,2,9,6,1,1,,2,2
5,40,4,2,2004,3,3,1,2,2,1,1,1,1,1,1,1,1,2,14,6,1,1,,2,2
1,40,3,12,2004,2,1,1,2,2,1,1,1,1,1,1,1,1,2,10,6,1,1,,2,2
1,40,4,12,2004,2,1,1,2,2,1,1,1,1,1,1,1,1,2,9,6,1,1,,2,2
1,40,1,7,2004,1,1,1,2,2,1,4,1,1,1,1,1,1,2,12,6,1,1,,2,2
1,40,1,7,2004,2,1,1,2,2,1,3,1,1,1,1,2,1,,6,6,1,1,,2,2
1,40,4,8,2004,3,7,1,2,2,1,1,1,1,1,1,2,1,2,9,6,1,1,,2,2
1,40,4,9,2004,1,7,1,2,2,1,2,2,1,1,1,1,1,2,7,6,1,1,,2,2
5,26,1,1,2004,3,1,1,1,2,1,1,1,1,1,1,1,1,2,14,11,2,7,,1,2
8,26,4,1,2004,1,1,1,2,2,1,4,1,1,1,1,1,1,2,14,4,1,2,54,1,2
6,26,4,4,2004,2,1,1,2,2,1,1,1,1,1,1,3,1,2,4,6,1,7,,2,1
1,22,3,7,2004,2,1,1,2,2,1,1,1,1,1,1,1,1,2,9,6,1,6,,1,2
1,22,4,7,2004,1,1,1,2,2,2,1,1,2,1,1,1,1,2,9,6,2,3,,2,2
1,22,4,7,2004,2,1,1,2,2,1,1,1,1,1,1,1,1,1,14,6,2,1,,2,2
1,22,4,7,2004,3,5,4,1,1,1,1,1,1,1,1,1,1,1,14,6,1,1,,2,2
1,22,3,8,2004,3,1,1,2,1,1,1,1,1,1,1,1,1,2,7,6,1,1,,1,2
6,26,4,9,2004,1,1,1,1,2,2,2,1,2,1,1,3,1,2,19,6,2,7,25,2,2
1,22,4,5,2004,2,1,1,2,2,1,1,1,1,1,1,1,1,1,9,6,1,1,33,2,2
1,22,4,5,2004,3,1,1,2,2,1,1,1,1,1,1,1,1,2,9,6,1,1,42,2,2
1,22,4,10,2004,2,1,1,2,2,1,1,1,1,1,1,1,1,1,4,6,1,6,30,2,2
4,22,3,1,2004,3,4,1,2,1,1,1,1,1,1,1,3,1,2,9,6,1,7,28,2,2
1,22,4,12,2004,1,1,4,1,1,4,1,1,1,1,1,1,2,2,9,6,1,1,,2,2
1,22,4,12,2004,4,1,1,2,2,1,4,1,1,1,1,1,1,2,14,6,2,7,,1,2
3,22,4,11,2004,2,1,1,2,2,1,1,1,1,1,1,2,1,2,14,6,1,1,30,1,2
1,22,4,11,2004,2,1,1,2,2,1,1,1,1,1,1,1,1,1,9,6,1,1,,2,2
1,22,4,11,2004,2,7,1,2,2,1,1,1,1,1,1,1,1,2,9,6,1,1,,2,2
1,22,4,11,2004,3,7,1,2,2,1,1,1,1,1,1,1,2,2,7,6,1,1,,2,2
5,26,3,5,2004,3,1,8,2,2,1,1,1,1,1,1,5,1,1,14,6,1,1,40,2,2
5,26,3,10,2004,2,7,1,2,2,1,2,1,1,1,1,1,1,1,14,11,1,7,,2,2
2,64,3,1,2004,2,1,1,2,2,1,1,1,1,1,1,5,1,1,9,6,1,1,,2,2
2,64,4,2,2004,3,1,1,2,2,1,1,1,1,1,1,5,1,1,9,6,1,1,40,2,2
4,64,1,1,2004,2,2,6,2,1,1,1,3,1,1,1,5,1,1,14,6,1,1,20,2,2
4,64,4,1,2004,4,1,1,2,1,1,3,1,1,1,1,5,1,1,8,6,1,1,,2,2
9,64,1,1,2004,3,1,1,1,2,1,1,1,1,1,1,5,1,1,14,6,1,1,35,2,2
11,64,3,2,2004,3,1,1,2,2,1,1,2,1,1,1,5,1,1,8,6,1,1,24,2,2
2,64,4,3,2004,3,1,1,2,2,1,1,1,1,1,1,5,1,1,14,7,1,1,25,2,2
2,64,4,3,2004,4,1,1,2,2,1,1,1,1,1,1,5,1,1,14,6,2,1,,2,2
3,64,2,1,2004,3,3,1,2,2,1,1,1,1,1,1,5,1,1,14,5,1,1,35,2,2
5,64,3,1,2004,2,1,1,2,2,1,1,1,1,1,1,5,1,1,8,6,1,1,35,2,2
6,64,4,1,2004,2,1,1,2,2,1,1,1,1,1,1,5,1,1,13,6,1,1,42,1,2
8,64,4,2,2004,2,1,1,2,2,1,1,1,1,1,1,5,1,1,9,6,1,1,,2,2
12,64,4,3,2004,2,1,1,2,2,1,1,1,1,1,1,1,1,1,9,6,1,1,,2,2
7,64,4,3,2004,4,2,1,2,2,1,3,1,1,1,1,5,1,1,7,6,1,1,,1,2
7,64,4,4,2004,2,1,1,2,2,1,1,2,1,1,1,5,1,1,14,2,1,1,,2,2
8,64,4,1,2004,4,2,4,2,2,1,2,1,1,1,1,5,1,1,8,6,1,1,,2,2
10,64,4,5,2004,4,1,8,2,2,1,1,1,1,1,1,3,1,1,10,6,1,1,,1,2
11,64,4,5,2004,2,1,1,2,2,1,1,1,1,1,1,5,1,1,9,6,1,1,,1,2
12,64,4,4,2004,3,1,1,2,2,1,1,1,1,1,1,3,1,1,8,6,1,1,,2,2
1,64,4,7,2004,2,1,1,2,2,1,1,1,1,1,1,5,1,1,14,5,1,1,40,2,2
2,64,4,6,2004,4,2,1,2,1,1,1,1,1,1,1,5,1,1,14,6,1,1,,2,2
2,64,4,7,2004,4,1,1,1,1,1,3,1,1,1,1,5,1,1,14,6,1,1,,2,2
2,64,4,8,2004,3,3,1,2,2,1,1,1,1,1,1,5,1,1,8,6,1,1,,,2
5,64,4,5,2004,3,2,8,2,2,1,1,1,1,1,1,1,1,1,9,6,1,7,40,2,2
5,64,3,6,2004,4,3,3,1,2,1,2,1,1,1,1,1,1,1,14,6,1,1,25,1,2
4,64,1,6,2004,3,2,4,2,1,1,1,1,1,1,1,1,1,1,9,5,1,7,35,2,2
4,64,4,9,2004,2,2,4,2,1,1,1,1,1,1,1,5,1,1,8,6,1,7,29,2,2
4,64,4,9,2004,4,3,1,1,2,2,3,1,2,1,1,5,1,1,14,11,1,1,,2,2
6,64,4,6,2004,4,1,4,2,1,1,3,1,1,1,1,1,1,1,9,6,1,1,,,2
8,64,4,5,2004,4,2,1,2,2,1,3,1,1,1,1,5,1,1,14,6,1,7,,2,2
9,64,4,8,2004,4,3,8,2,2,1,3,1,1,1,1,5,1,1,8,6,1,1,30,2,2
9,64,4,8,2004,4,2,1,2,1,1,3,1,1,1,1,5,1,1,14,6,1,1,,2,2
10,64,4,6,2004,2,7,8,1,2,1,1,1,1,1,1,1,1,1,9,6,,,,1,2
11,64,4,6,2004,3,1,2,2,1,1,1,1,1,1,1,5,1,1,14,6,1,1,35,1,2
2,64,1,8,2004,4,1,8,,2,1,1,1,1,1,2,5,1,1,14,8,1,7,26,2,2
2,64,3,9,2004,4,1,8,2,2,1,1,1,5,1,1,5,1,1,9,6,1,,,,
2,64,4,9,2004,2,1,8,2,2,1,1,1,1,1,1,5,1,1,9,6,1,,,,2
1,47,4,1,2004,3,1,1,2,2,1,1,1,1,1,1,1,1,2,9,6,1,1,38,2,2
5,47,4,1,2004,3,1,1,2,2,1,1,1,1,1,1,1,1,2,14,6,1,1,,2,2
1,47,4,2,2004,3,1,1,2,2,1,1,1,1,1,1,1,1,2,14,6,1,1,,2,2
1,47,4,2,2004,2,1,1,2,2,1,2,1,1,1,1,1,1,2,9,6,1,1,,2,2
3,47,3,2,2004,3,1,1,2,2,1,1,1,1,1,1,3,1,2,14,6,1,1,,2,2
7,47,4,2,2004,4,1,1,2,2,1,4,1,1,1,1,1,1,2,14,6,1,1,42,2,2
5,47,3,2,2004,3,1,1,2,2,1,1,1,1,1,1,3,1,2,9,6,1,1,42,2,2
7,47,4,2,2004,4,1,1,2,2,1,4,1,1,1,1,1,1,2,14,6,1,1,,2,2
3,45,4,1,2004,3,1,1,2,2,1,1,1,1,1,1,3,1,2,9,6,1,1,,2,2
6,45,4,2,2004,1,1,1,2,2,4,4,1,2,1,1,3,1,2,14,6,1,1,,2,2
6,45,4,2,2004,2,1,1,2,2,1,2,1,1,1,1,1,1,2,7,6,1,1,,2,2
5,47,1,3,2004,2,1,1,2,2,1,1,1,1,1,1,1,1,2,10,6,1,1,,1,1
13,47,4,3,2004,4,1,1,2,2,1,4,1,1,1,1,1,1,2,14,6,1,1,,2,2
1,47,4,4,2004,2,1,1,2,2,1,1,1,1,1,1,1,1,2,9,6,1,1,,2,2
2,47,3,4,2004,2,1,1,2,2,1,1,1,1,1,1,3,1,2,9,6,1,1,,2,2
9,47,4,4,2004,4,1,1,2,2,1,4,1,1,1,1,1,1,2,9,6,1,1,,2,2
12,47,4,4,2004,1,1,1,2,2,1,2,1,1,1,1,1,1,2,14,6,1,1,,2,2
13,47,4,4,2004,2,1,1,2,2,1,1,1,1,1,1,1,1,2,9,6,1,1,,2,2
1,47,4,5,2004,2,1,1,2,2,1,1,1,1,1,1,1,1,2,14,6,1,1,,2,2
1,47,4,5,2004,4,1,1,2,2,1,4,1,1,1,1,1,1,2,14,6,1,1,34,2,2
3,47,4,5,2004,2,1,1,2,2,1,1,1,1,1,1,3,1,2,12,6,1,1,35,2,2
3,47,4,5,2004,2,1,1,2,2,1,1,1,1,1,1,3,1,2,14,6,1,1,,2,2
7,47,4,5,2004,4,1,1,2,2,1,4,1,1,1,1,1,1,2,9,6,1,1,,2,2
8,47,4,5,2004,3,1,1,2,2,1,1,1,1,1,1,1,1,2,9,6,1,1,,2,2
13,47,4,5,2004,3,1,1,2,2,1,1,1,1,1,1,1,1,2,8,6,1,1,,2,2
8,47,4,6,2004,2,1,1,2,2,1,1,1,1,1,1,1,1,2,9,6,1,1,,2,2
8,47,4,6,2004,4,1,1,2,2,1,4,1,1,1,1,1,1,2,8,6,1,1,35,2,2
9,47,4,6,2004,1,1,1,2,2,1,2,1,1,1,1,1,1,2,14,6,1,1,42,2,2
12,47,4,6,2004,3,1,1,2,2,1,1,1,1,1,1,1,1,2,9,6,1,1,,2,2
12,47,4,6,2004,2,1,1,2,2,1,1,1,1,1,1,1,1,1,9,6,1,1,,2,2
13,47,4,6,2004,1,1,1,2,2,1,1,1,1,1,1,3,1,2,14,6,1,1,,2,2
4,47,3,7,2004,2,1,1,2,2,1,1,1,1,1,1,1,1,2,8,6,1,1,55,2,2
7,47,4,7,2004,2,1,1,2,2,1,1,1,1,1,1,1,1,2,7,6,1,1,,2,2
1,45,4,3,2004,1,1,1,2,2,1,2,1,1,1,1,1,1,1,9,6,1,1,,2,2
5,45,4,3,2004,2,1,1,2,2,1,1,1,1,1,1,1,1,2,14,6,1,1,,2,2
5,45,4,3,2004,3,1,1,2,2,1,1,1,1,1,1,1,1,2,9,6,1,1,,2,2
6,45,4,3,2004,2,1,1,2,2,1,1,1,1,1,1,3,1,2,8,6,1,1,,2,2
6,45,4,3,2004,2,1,1,2,2,1,1,1,1,1,1,3,1,2,14,6,1,1,35,2,2
6,45,3,3,2004,2,1,1,2,2,1,1,1,1,1,1,1,1,2,12,6,1,1,,2,2
1,45,4,4,2004,3,1,1,2,2,1,1,1,1,1,1,2,1,2,8,6,1,1,,2,2
4,45,4,4,2004,2,1,1,2,2,1,2,1,1,1,1,3,1,2,7,6,1,1,,2,2
5,45,4,4,2004,3,1,1,2,2,1,1,1,1,1,1,3,1,2,5,6,1,1,,2,2
5,45,3,4,2004,4,1,1,2,2,1,4,1,1,1,1,3,1,2,9,6,1,1,,2,2
5,45,4,4,2004,2,1,1,2,2,1,2,1,1,1,1,3,1,2,7,6,1,1,,2,2
6,45,4,4,2004,2,1,1,2,2,1,1,1,1,1,1,1,1,2,9,6,1,1,,2,2
6,45,4,4,2004,3,1,1,2,2,2,4,1,1,1,1,1,1,2,14,6,1,1,,2,2
6,45,4,4,2004,2,1,1,2,2,1,1,1,1,1,1,1,1,2,9,6,1,1,,2,2
6,45,1,4,2004,1,1,1,2,2,1,2,1,1,1,1,1,1,2,9,6,1,1,,2,2
1,45,2,5,2004,1,1,1,2,2,1,1,1,1,2,3,1,4,2,11,6,1,1,,2,2
1,45,4,5,2004,2,1,1,2,2,1,2,1,1,1,1,1,1,2,12,6,1,1,,2,2
5,45,4,5,2004,4,1,1,2,2,1,4,1,1,1,1,3,1,2,14,6,1,1,,2,2
6,45,4,5,2004,2,1,1,2,2,1,1,1,1,1,1,1,1,2,14,6,1,1,,2,2
6,45,4,5,2004,2,1,1,2,2,1,1,1,1,1,1,1,1,2,14,6,1,1,,2,2
6,45,4,5,2004,4,1,1,2,2,1,4,1,1,1,1,1,1,2,9,6,1,1,,2,2
6,45,4,5,2004,3,1,1,2,2,1,1,1,1,1,1,1,1,2,10,6,1,1,,2,2
6,45,4,5,2004,2,1,1,2,2,1,1,1,1,1,1,1,1,2,14,6,1,1,,2,2
1,45,4,7,2004,2,1,1,2,2,1,1,1,1,1,1,1,1,2,9,6,1,1,,2,2
1,45,3,7,2004,4,1,1,2,2,1,2,1,1,1,1,1,1,2,8,6,1,1,32,2,2
1,45,4,7,2004,4,1,1,2,2,1,3,1,1,1,1,1,1,2,9,6,1,1,,2,2
5,45,4,7,2004,2,1,1,2,2,1,1,1,1,1,1,1,1,2,14,6,1,1,,2,2
6,45,4,7,2004,2,1,1,2,2,1,1,1,1,1,1,1,1,2,9,6,1,1,,2,2
6,45,4,7,2004,4,1,1,2,2,1,2,1,1,1,1,1,1,2,12,6,1,1,,2,2
6,45,4,7,2004,4,1,1,2,2,1,4,1,1,1,1,1,1,2,9,6,1,1,,2,2
1,45,4,8,2004,2,1,1,2,2,1,3,1,1,1,1,1,1,2,9,6,1,1,,2,2
1,45,4,8,2004,3,1,1,2,2,1,1,1,1,1,1,1,1,2,9,6,1,1,,2,2
1,45,4,8,2004,3,1,1,2,2,1,1,1,1,1,1,1,1,2,9,6,1,1,,2,2
2,45,4,8,2004,4,1,1,2,2,1,4,1,1,1,1,1,1,2,9,6,1,1,,2,2
4,45,4,8,2004,4,1,1,2,2,1,4,1,1,1,1,3,1,1,19,6,1,1,,2,2
5,45,4,8,2004,2,1,1,2,2,1,2,1,1,1,1,1,1,2,9,6,1,1,,2,2
5,45,4,8,2004,2,1,1,2,2,1,1,1,1,1,1,1,1,2,9,6,1,1,,2,2
6,45,1,8,2004,2,1,1,2,2,1,1,1,1,1,1,1,1,2,7,6,1,1,,2,2
2,45,4,9,2004,3,1,1,2,2,1,1,1,1,1,1,1,1,2,9,6,1,1,28,2,2
3,45,4,9,2004,2,1,1,2,2,1,1,1,1,1,1,3,1,2,8,6,1,1,,2,2
1,45,4,10,2004,2,1,1,2,2,1,1,1,1,1,1,1,1,2,9,6,1,1,,2,2
1,45,4,10,2004,3,1,1,2,2,1,1,1,1,1,1,1,1,2,9,6,1,1,,2,2
6,45,4,10,2004,3,1,1,2,2,1,1,1,1,1,1,1,1,2,9,6,1,1,,2,2
6,45,4,10,2004,3,1,1,2,2,1,1,1,1,1,1,1,1,2,9,6,1,1,,2,2
6,45,4,11,2004,1,1,1,2,2,1,1,2,1,1,1,4,1,2,14,6,1,3,,2,2
5,45,4,12,2004,1,1,1,2,2,4,4,1,1,1,3,1,2,2,9,6,1,1,,2,2