Thana,District,Accident_Severity,Month,Year,Time,Junction_Type,Traffic_Control,Movement,Divider,Weather,Light,Road_Geometry,Surface_Condition,Surface_Type,Surface_Quality,Road_Class,Road_Feature,Location_Type,Vehicle_Type,Vehicle_Movement,Vehicle_Loading,Vehicle_Defect,Vehicle_Driver_Age,Vehicle_Alcohol,Vehicle_Seat_Belt
17,42,4,8,2004,1,1,1,2,2,1,2,1,1,1,1,5,1,1,12,6,1,1,,2,2
17,42,4,8,2004,4,2,6,2,1,1,3,1,1,1,1,5,1,1,19,6,1,1,,2,2
17,42,4,8,2004,4,1,1,2,1,1,3,1,1,1,1,5,1,1,19,6,,,,2,2
17,42,4,8,2004,4,1,4,2,1,1,3,1,1,1,1,5,1,1,19,6,,,,,
17,42,4,10,2004,2,1,1,2,1,1,1,1,1,1,1,5,1,1,11,6,1,1,,2,2
17,42,2,9,2004,4,1,1,2,1,1,3,1,1,1,1,5,1,1,10,5,1,1,30,2,2
17,42,4,10,2004,1,1,8,2,2,1,3,1,1,1,1,5,1,1,14,6,1,1,,2,2
17,42,4,2,2004,2,1,1,2,1,1,1,1,1,1,1,5,1,1,10,6,1,1,,2,2
14,42,4,2,2004,3,1,1,2,2,1,1,1,1,1,1,5,1,1,19,6,,,,,
14,42,3,2,2004,3,7,3,2,1,1,1,1,1,1,1,5,1,1,9,6,,,,2,2
14,42,4,2,2004,3,1,1,2,2,1,1,1,1,1,1,5,1,1,19,6,1,1,,,
14,42,4,3,2004,2,1,1,2,1,1,1,1,1,1,1,5,1,1,12,6,1,1,,2,2
14,42,3,3,2004,2,3,1,2,1,1,1,1,1,1,1,5,1,1,9,6,,,,2,2
14,42,3,8,2004,4,2,6,2,1,1,3,1,1,1,1,5,1,1,8,6,1,1,,2,2
14,42,4,8,2004,4,1,1,2,1,1,3,1,1,1,1,5,1,1,19,6,,,,,
14,42,4,8,2004,3,1,1,2,2,1,1,1,1,1,1,5,1,1,12,6,,,,2,2
14,42,4,8,2004,2,2,1,2,2,1,1,1,1,1,1,5,1,1,10,6,,,,,2
14,42,4,8,2004,2,1,1,2,1,1,1,1,1,1,1,5,1,1,19,6,,,,,
14,42,4,9,2004,1,1,1,2,2,1,2,1,1,1,1,5,1,1,14,6,1,1,,2,2
14,42,4,9,2004,4,1,1,2,2,1,4,1,1,1,1,5,1,1,19,6,,,,,
14,42,4,9,2004,4,1,4,2,1,1,3,1,1,1,1,5,1,1,19,6,,,,,
14,42,4,9,2004,3,1,1,2,1,1,1,1,1,1,1,5,1,1,9,6,,,,2,2
14,42,4,9,2004,4,1,1,2,2,1,3,1,1,1,1,5,1,1,14,7,,,,2,2
14,42,4,10,2004,3,1,1,2,2,1,1,1,1,1,1,5,1,1,8,6,1,1,,2,2
14,42,3,10,2004,4,5,6,2,1,1,3,1,1,1,1,5,1,1,14,6,1,1,23,2,2
14,42,4,11,2004,3,1,1,2,2,1,1,1,1,1,1,5,1,1,8,6,1,1,,2,2
14,42,4,11,2004,2,3,1,2,1,1,1,1,1,1,1,5,1,1,10,6,1,1,,2,2
14,42,3,11,2004,2,1,1,2,1,1,1,1,1,1,1,5,1,1,10,6,1,1,,2,2
14,42,4,12,2004,1,1,1,2,1,1,3,1,1,1,1,5,1,1,9,6,,,,2,2
14,42,4,12,2004,3,5,6,2,1,1,1,1,1,1,1,5,1,1,9,6,1,1,,2,2
14,42,4,12,2004,1,7,6,2,1,1,2,1,1,1,1,5,1,1,19,6,,,,,
14,42,2,12,2004,3,5,6,2,1,1,1,1,1,1,1,5,1,1,12,6,1,1,,2,2
14,42,3,12,2004,2,2,6,2,1,1,1,1,1,1,1,5,1,1,9,6,1,1,,2,2
16,42,4,2,2004,4,1,1,2,1,1,3,1,1,1,1,5,1,1,10,6,1,1,,,2
16,42,4,3,2004,3,1,1,2,2,1,1,1,1,1,1,5,1,1,9,6,1,1,,2,2
16,42,4,3,2004,1,1,1,2,1,1,3,1,1,1,1,5,1,1,19,6,,,,,
16,42,4,3,2004,4,1,4,2,1,1,1,1,1,1,1,5,1,1,9,6,1,1,,2,2
16,42,4,3,2004,3,1,1,1,2,1,1,1,1,1,1,5,1,1,7,6,,,,,
16,42,2,4,2004,1,1,1,2,1,1,3,1,1,1,1,5,1,1,9,6,1,1,,2,2
16,42,4,4,2004,1,1,4,2,1,1,2,1,1,1,1,5,1,1,14,6,,,,,
16,42,4,4,2004,3,1,1,2,1,1,1,1,1,1,1,5,1,1,12,6,1,1,,2,2
16,42,4,5,2004,1,1,1,2,1,1,1,1,1,1,1,5,1,1,14,6,,,,2,2
16,42,4,5,2004,4,1,1,2,1,1,3,1,1,1,1,5,1,1,14,6,1,1,,2,2
16,42,4,5,2004,1,1,1,2,1,1,2,1,1,1,1,5,1,1,14,6,1,1,,2,2
16,42,4,5,2004,4,7,4,2,1,1,3,1,1,1,1,5,1,1,14,6,1,1,,2,2
16,42,4,4,2004,4,1,4,2,1,1,3,1,1,1,1,5,1,1,9,6,,,,2,2
16,42,4,6,2004,2,1,4,2,1,1,1,1,1,1,1,5,1,1,9,6,,,,2,2
16,42,4,6,2004,3,1,1,2,1,1,1,1,1,1,1,5,1,1,10,6,,,,2,2
16,42,4,7,2004,2,1,1,2,1,1,1,1,1,1,1,5,1,1,9,6,1,1,,2,2
16,42,4,7,2004,3,2,4,2,1,1,1,1,1,1,1,5,1,1,19,6,,,,,
16,42,4,8,2004,3,1,1,2,1,1,1,1,1,1,1,5,1,1,9,6,1,1,,2,2
16,42,4,8,2004,3,2,4,2,1,1,1,1,1,1,1,5,1,1,10,6,1,1,,2,2
16,42,4,9,2004,2,1,1,2,1,1,1,1,1,1,1,5,1,1,10,6,1,1,,2,2
16,42,4,9,2004,2,1,1,2,1,1,1,1,1,1,1,5,1,1,10,6,1,1,,2,2
16,42,4,9,2004,2,1,1,2,1,1,1,1,1,1,1,5,1,1,9,6,,,,,
16,42,4,10,2004,2,1,1,2,1,1,1,1,1,1,1,5,1,1,10,6,1,1,,2,2
16,42,4,11,2004,2,1,1,2,1,1,1,1,1,1,1,5,1,1,9,6,1,1,,2,2
16,42,4,11,2004,1,1,1,2,1,1,3,1,1,1,1,5,1,1,7,6,1,1,,2,2
16,42,4,11,2004,4,1,1,2,1,1,3,1,1,1,1,5,1,1,9,6,1,1,,2,2
16,42,4,11,2004,4,1,1,2,1,1,3,1,1,1,1,5,1,1,19,6,1,1,,,
16,42,4,12,2004,4,1,1,2,1,1,3,1,1,1,1,5,1,1,19,6,1,1,,,
16,42,4,12,2004,2,3,6,2,1,1,1,1,1,1,1,5,1,1,9,6,1,1,,2,2
16,42,4,12,2004,4,3,6,2,1,1,3,1,1,1,1,5,1,1,9,6,1,1,,2,2
16,42,4,12,2004,3,1,1,2,1,1,1,1,1,1,1,5,1,1,9,6,1,1,,,
16,42,4,12,2004,2,3,6,2,1,1,2,1,1,1,1,5,1,1,9,6,1,1,,2,2
8,42,4,2,2004,1,2,6,2,1,1,2,1,1,1,1,5,1,1,9,6,1,1,35,1,2
8,42,3,3,2004,3,1,1,2,1,1,1,1,1,1,1,5,1,1,8,6,1,1,,2,2
8,42,3,3,2004,2,3,6,2,1,1,2,1,1,1,1,5,1,1,8,6,1,1,,2,2
8,42,4,3,2004,4,1,1,2,1,1,3,1,1,1,1,5,1,1,10,6,1,1,,2,2
8,42,3,4,2004,2,3,4,2,1,1,1,1,1,1,1,5,1,1,10,6,1,1,,2,2
8,42,3,4,2004,3,1,4,2,1,1,1,1,1,1,1,5,1,1,8,6,1,1,,2,2
8,42,3,7,2004,2,1,1,2,1,1,1,1,1,1,1,5,1,1,10,6,1,1,,2,2
8,42,4,7,2004,4,1,1,2,1,1,3,1,1,1,1,5,1,1,19,6,1,1,,2,2
8,42,2,10,2004,2,3,1,2,1,1,1,1,1,1,1,5,1,1,8,6,1,1,,2,2
8,42,4,11,2004,3,1,1,2,1,1,1,1,1,1,1,5,1,1,8,6,1,1,,2,2
8,42,4,12,2004,2,3,4,2,1,1,2,1,1,1,1,5,1,1,19,6,1,1,,2,2
8,42,4,12,2004,2,3,1,2,1,1,1,1,1,1,1,5,1,1,8,6,1,1,,2,2
8,42,1,12,2004,2,7,6,2,1,1,1,1,1,1,1,5,1,1,4,6,1,1,,2,2
1,42,3,8,2004,1,3,6,2,1,1,3,1,1,1,1,5,1,1,10,6,1,1,,2,2
1,42,2,8,2004,3,3,6,2,1,1,1,1,1,1,1,5,1,1,9,6,1,1,,2,2
1,42,3,8,2004,3,2,6,2,1,1,1,1,1,1,1,5,1,1,8,6,1,1,,2,2
1,42,4,8,2004,2,2,6,2,1,1,1,1,1,1,1,5,1,1,8,6,1,1,,2,2
1,42,4,10,2004,2,1,1,2,1,1,1,1,1,1,1,5,1,1,4,6,1,1,,2,2
1,42,3,10,2004,3,2,6,2,1,1,1,1,1,1,1,5,1,1,19,6,1,1,,2,2
1,42,2,11,2004,3,2,6,2,1,1,1,1,1,1,1,5,1,1,8,6,1,1,32,2,2
1,42,4,12,2004,4,1,4,2,1,1,3,1,1,1,1,5,1,1,19,6,,,,2,2
9,42,4,11,2004,4,1,4,2,1,1,3,1,1,1,1,5,1,1,9,6,1,1,,,
9,42,4,11,2004,2,7,4,2,1,1,1,1,1,1,1,5,1,1,9,6,1,1,,2,2
9,42,3,11,2004,4,3,4,2,1,1,3,1,1,1,1,5,1,1,7,6,1,1,,2,2
9,42,4,11,2004,2,3,4,2,1,1,2,1,1,1,1,5,1,1,9,6,1,1,,2,2
9,42,4,11,2004,2,1,1,2,1,1,1,1,1,1,1,5,1,1,9,6,1,1,20,2,2
9,42,4,12,2004,3,1,1,2,1,1,1,1,1,1,1,5,1,1,4,6,1,1,,2,2
9,42,3,12,2004,3,1,1,1,2,1,1,1,1,1,1,5,1,1,14,6,1,1,,2,2
9,42,4,12,2004,3,7,4,2,1,1,1,1,1,1,1,5,1,1,9,6,1,1,20,2,2
9,42,4,12,2004,3,7,1,2,1,1,1,1,1,1,1,5,1,1,10,6,1,1,,2,2
9,42,4,12,2004,4,3,4,2,1,1,3,1,1,1,1,5,1,1,14,6,1,1,,2,2
13,42,4,12,2004,2,7,4,1,1,1,1,1,1,1,1,5,1,1,8,6,1,1,26,2,2
11,42,3,8,2004,4,1,1,2,1,1,1,1,1,1,1,5,1,1,19,6,1,1,,2,2
11,42,3,9,2004,3,1,1,2,1,1,1,1,1,1,1,5,1,1,10,6,1,1,,2,2
11,42,4,9,2004,2,3,1,2,1,1,1,1,1,1,1,5,1,1,12,6,1,1,30,2,2
11,42,4,10,2004,2,1,1,1,1,1,1,1,1,1,1,5,1,1,9,6,1,1,,2,2
11,42,3,10,2004,2,3,4,2,1,1,1,1,1,1,1,5,1,1,8,6,1,1,,2,2
7,42,3,2,2004,2,7,8,2,2,1,1,1,1,1,1,5,1,1,12,6,1,1,18,2,2
7,42,3,10,2004,3,7,8,2,2,1,1,1,1,1,1,5,1,1,10,6,1,1,30,2,2
5,42,3,3,2004,3,3,4,1,1,1,1,1,1,1,1,5,1,1,8,6,1,1,,2,2
5,42,3,3,2004,2,1,1,2,1,1,1,1,1,1,1,5,1,1,9,6,1,1,,2,2
5,42,4,4,2004,2,2,4,2,1,1,1,1,1,1,1,5,1,1,9,6,1,1,,2,2
5,42,3,5,2004,4,1,1,2,2,1,1,1,1,1,1,5,1,1,8,6,1,1,,2,2
5,42,4,6,2004,1,3,8,2,1,1,1,1,1,1,1,5,1,1,12,6,,,,2,2
5,42,3,8,2004,4,1,1,2,1,1,3,1,1,1,1,5,1,1,10,6,1,1,,2,2
10,42,3,11,2004,1,7,8,2,2,1,3,1,1,1,1,5,1,1,19,6,1,1,,2,2
10,42,4,11,2004,4,7,1,2,1,1,3,1,1,1,1,5,1,1,8,6,1,1,,2,2
10,42,4,11,2004,1,7,8,2,1,1,3,1,1,1,1,5,1,1,14,6,1,1,,2,2
10,42,3,11,2004,2,7,8,2,2,1,1,1,1,1,1,5,1,1,10,6,1,1,,2,2
10,42,4,11,2004,1,7,8,2,1,1,3,1,1,1,1,5,1,1,8,6,1,1,,2,2
10,42,3,11,2004,2,7,8,2,2,1,1,1,1,1,1,5,1,1,19,6,1,1,,,
10,42,4,12,2004,4,7,8,2,1,1,3,1,1,1,1,5,1,1,10,6,1,1,,2,2
10,42,3,12,2004,1,7,8,2,2,1,3,1,1,1,1,5,1,1,8,6,1,1,,2,2
10,42,1,12,2004,4,7,8,2,1,1,3,1,1,1,1,5,1,1,10,6,1,1,,2,2
10,42,3,12,2004,2,7,8,2,2,1,1,1,1,1,1,5,1,1,12,6,1,1,,2,2
10,42,3,12,2004,3,7,8,1,1,1,1,1,1,1,1,5,1,1,4,6,1,1,,2,2
2,42,4,11,2004,4,1,1,2,1,1,3,1,1,1,1,5,1,1,9,6,1,1,,2,2
2,42,4,12,2004,3,1,1,2,1,1,1,1,1,1,1,5,1,1,9,6,1,1,,2,2
2,42,2,12,2004,2,3,6,1,1,1,1,1,1,1,1,5,1,1,8,6,1,1,,2,2
2,42,4,12,2004,4,1,1,2,1,1,3,1,1,1,1,5,1,1,8,6,1,1,,2,2
2,42,3,12,2004,3,5,6,2,1,1,1,1,1,1,1,5,1,1,8,6,1,1,,2,2
2,42,4,12,2004,1,1,1,2,1,1,3,1,1,1,1,5,1,1,9,6,1,1,,2,2
2,42,4,12,2004,2,1,1,2,1,1,1,1,1,1,1,5,1,1,9,6,1,1,,2,2
2,42,4,12,2004,1,1,1,2,1,1,3,1,1,1,1,5,1,1,7,6,1,1,,2,2
17,42,4,10,2004,3,1,1,2,1,1,1,1,1,1,1,5,1,1,8,6,1,1,,2,2
17,42,4,11,2004,2,2,6,2,1,1,1,1,1,1,1,5,1,1,19,6,,,,2,2
17,42,2,11,2004,2,1,1,2,1,1,2,1,1,1,1,5,1,1,12,6,1,1,,2,2
17,42,3,11,2004,1,1,1,2,1,1,2,1,1,1,1,5,1,1,10,6,1,1,,2,2
17,42,4,2,2004,3,1,4,2,1,1,1,1,1,1,1,5,1,1,19,6,,,,,
17,42,4,12,2004,1,1,1,2,1,1,2,1,1,1,1,5,1,1,14,6,1,1,,2,2
21,42,4,10,2004,2,1,1,2,2,1,2,1,1,1,1,5,1,1,14,6,1,1,,2,2
21,42,3,10,2004,3,1,1,2,1,1,1,1,1,1,1,5,1,1,14,6,1,1,35,2,2
11,42,4,11,2004,3,1,1,2,1,1,1,1,1,1,1,5,1,1,10,6,1,1,30,2,2
11,42,3,11,2004,3,1,1,2,1,1,1,1,1,1,1,5,1,1,10,6,1,1,,2,2
11,42,4,12,2004,1,1,1,2,1,1,3,1,1,1,1,5,1,1,19,6,,,,,
11,42,4,12,2004,2,1,1,2,2,1,1,1,1,1,1,5,1,1,9,6,1,1,,2,2
15,42,1,11,2004,3,7,1,1,1,1,1,1,1,1,1,5,1,1,8,6,1,1,,2,2
6,42,4,8,2004,2,1,1,2,1,1,1,1,1,1,1,5,1,1,9,6,1,1,,2,2
6,42,4,8,2004,2,1,1,2,1,1,1,1,1,1,1,5,1,1,9,6,1,1,,2,2
6,42,4,8,2004,2,1,1,2,1,1,1,1,1,1,1,5,1,1,8,6,1,1,,2,2
6,42,4,8,2004,2,1,1,2,1,1,1,1,1,1,1,5,1,1,15,6,1,1,,2,2
6,42,4,10,2004,2,1,1,2,1,1,1,1,1,1,1,5,1,1,8,6,1,1,,2,2
6,42,4,10,2004,3,1,1,2,1,1,1,1,1,1,1,5,1,1,9,6,1,1,,,
6,42,4,10,2004,3,1,1,2,1,1,1,1,1,1,1,5,1,1,9,6,1,1,,2,2
6,42,4,10,2004,1,1,1,2,2,1,4,1,1,1,1,5,1,1,9,6,1,1,,2,2
6,42,4,10,2004,,1,1,2,1,1,3,1,1,1,1,5,1,1,14,6,,,,,
6,42,4,11,2004,2,1,1,2,1,1,1,1,1,1,1,5,1,1,9,6,1,1,,2,2
6,42,4,11,2004,2,1,1,2,1,1,1,1,1,1,1,5,1,1,14,6,1,1,,2,2
6,42,4,11,2004,2,1,1,2,1,1,1,1,1,1,1,5,1,1,14,6,1,1,,2,2
6,42,4,11,2004,3,1,1,2,1,1,1,1,1,1,1,5,1,1,9,7,1,1,,2,2
6,42,4,10,2004,4,6,4,2,1,1,3,1,1,1,1,5,1,1,9,6,1,1,,2,2
6,42,3,12,2004,4,1,1,2,1,1,3,1,1,1,1,5,1,1,16,6,1,1,,2,2
6,42,4,12,2004,2,1,1,2,2,1,1,1,1,1,1,5,1,1,8,6,1,1,,2,2
6,42,4,12,2004,4,1,1,1,1,1,3,1,1,1,1,5,2,1,9,6,,,,,
6,42,4,12,2004,3,1,1,2,2,1,1,1,1,1,1,5,1,1,14,6,1,1,,2,2
6,42,4,12,2004,4,5,6,2,1,1,2,1,1,1,1,5,1,1,8,6,1,1,,2,2
6,42,4,1,2004,2,1,1,2,2,1,1,1,1,1,1,5,1,1,14,6,1,1,,,
6,42,3,1,2004,3,1,1,2,1,1,1,1,1,1,1,5,1,1,8,6,1,1,25,2,2
6,42,4,2,2004,2,1,4,2,1,1,1,1,1,1,1,5,1,1,9,6,1,1,,2,2
6,42,4,2,2004,2,1,1,2,1,1,1,1,1,1,1,5,1,1,9,6,1,1,,2,2
6,42,4,2,2004,1,1,1,2,1,1,3,1,1,1,1,5,1,1,19,6,1,1,,,
6,42,4,2,2004,1,1,1,2,1,1,2,1,1,1,1,5,1,1,16,6,1,1,,2,2
6,42,4,3,2004,3,5,5,2,1,1,1,1,1,1,1,5,1,1,9,6,,,,2,2
6,42,4,3,2004,4,5,6,2,1,1,3,1,1,1,1,5,1,1,14,6,1,1,27,2,2
6,42,4,3,2004,2,1,1,2,2,1,1,1,1,1,1,5,1,1,9,6,1,1,,2,2
22,42,4,1,2004,1,1,1,2,1,1,2,1,1,1,1,5,1,1,5,6,1,1,,2,2
22,42,4,1,2004,3,1,1,1,1,1,2,1,1,1,1,5,1,1,9,6,1,1,,2,2
22,42,4,1,2004,2,7,1,1,1,1,1,1,1,1,1,5,1,1,10,6,1,1,,2,2
22,42,4,2,2004,2,1,1,1,1,1,1,1,1,1,1,5,1,1,19,6,1,1,30,2,2
22,42,4,3,2004,3,7,1,1,1,1,1,1,1,1,1,5,1,1,9,6,1,1,,2,2
22,42,4,5,2004,1,1,1,1,1,1,3,1,1,1,1,5,1,1,19,6,,,,,
22,42,4,7,2004,1,1,1,1,1,1,3,1,1,1,1,5,1,1,13,6,1,1,,,
22,42,4,7,2004,1,1,1,2,1,1,3,1,1,1,1,5,1,1,19,6,,,,,
22,42,4,7,2004,3,5,4,1,1,1,1,1,1,1,1,5,1,1,8,6,1,1,,2,2
22,42,3,8,2004,4,1,1,1,1,1,3,1,1,1,1,5,1,1,9,6,,,,,
22,42,4,8,2004,4,7,1,1,1,1,3,1,1,1,1,5,1,1,10,6,1,1,,2,2
22,42,4,8,2004,2,5,4,1,1,1,1,1,1,1,1,5,1,1,19,6,1,1,,2,2
22,42,4,9,2004,4,1,1,1,1,1,3,1,1,1,1,5,1,1,14,6,,,,,2
22,42,4,10,2004,4,1,1,1,1,1,3,1,1,1,1,5,1,1,9,6,,,,,2
22,42,3,11,2004,4,5,1,1,1,1,3,1,1,1,1,5,1,1,9,6,,,,,2
22,42,3,11,2004,3,5,8,1,1,1,1,1,1,1,1,5,1,1,9,6,1,1,40,2,2
22,42,3,12,2004,4,1,1,1,1,1,3,1,1,1,1,5,1,1,9,6,,,,,2
22,42,4,12,2004,4,1,1,1,1,1,3,1,1,1,1,5,1,1,9,6,,,,,2
22,42,4,12,2004,3,5,4,2,1,1,1,1,1,1,1,5,1,1,9,6,,,,,
6,42,2,9,2004,2,1,1,2,2,1,1,1,1,1,1,5,1,1,8,5,1,1,,2,2
6,42,4,9,2004,1,1,1,2,2,1,4,1,1,1,1,5,1,1,14,6,1,1,,2,2
6,42,4,9,2004,3,1,1,2,2,1,1,1,1,1,1,5,1,1,8,6,1,1,,2,2
6,42,4,9,2004,1,1,1,2,2,1,4,1,1,1,1,5,1,1,7,6,1,1,,2,2
6,42,4,9,2004,4,1,1,2,2,1,3,1,1,1,1,5,1,1,15,6,,,,,2
6,42,4,9,2004,2,1,4,2,2,1,1,1,1,1,1,5,1,1,9,6,1,1,,2,2
6,42,3,9,2004,2,1,1,2,2,1,1,1,1,1,1,5,1,1,9,6,1,1,,2,2
6,42,3,10,2004,1,5,6,2,1,1,3,1,1,1,1,5,1,1,9,6,1,1,,2,2
2,19,4,1,2004,1,2,1,2,2,4,1,1,1,1,1,1,1,2,9,6,1,6,40,2,2
2,19,4,4,2004,1,1,1,2,2,1,4,3,1,1,1,2,1,2,14,6,1,1,,2,2
1,19,3,4,2004,2,1,1,2,2,1,1,1,1,1,1,2,1,2,14,6,1,7,34,2,2
1,23,4,2,2004,3,1,1,2,2,1,1,2,1,1,2,3,1,2,9,6,1,7,,2,2
4,23,4,6,2004,2,1,1,1,2,1,1,2,1,1,1,3,1,2,14,6,1,7,,2,2
3,18,4,2,2004,2,3,1,1,2,1,1,1,1,1,1,1,1,2,17,6,2,7,,2,2
2,18,4,1,2004,3,1,1,2,2,1,1,1,1,1,1,1,1,1,9,11,1,7,,2,2
6,24,4,3,2004,2,7,1,1,1,1,1,1,1,1,1,2,1,2,4,6,1,1,,2,2
1,24,4,3,2004,2,1,1,1,2,1,1,1,1,1,1,1,1,2,9,6,1,1,,2,2
2,24,4,3,2004,4,1,1,2,2,1,1,1,1,1,1,1,1,2,14,6,1,1,38,2,2
1,24,4,1,2004,2,1,1,1,2,1,1,1,1,1,1,1,1,2,9,6,1,1,,1,2
1,24,4,1,2004,3,1,1,2,2,2,1,1,2,1,2,1,2,2,7,6,1,1,,1,2
1,24,4,1,2004,3,4,1,2,2,1,1,1,1,1,1,1,1,1,9,1,2,1,,1,2
7,24,4,1,2004,2,1,8,1,2,1,1,1,1,1,1,2,1,2,9,6,1,1,,1,1
1,24,4,2,2004,3,1,1,2,2,1,1,1,1,1,1,1,1,2,9,6,2,1,,1,2
9,24,4,2,2004,2,3,1,2,1,1,1,1,1,1,1,1,1,1,9,6,1,1,,1,1
8,24,3,2,2004,4,1,1,1,2,1,4,1,1,1,1,1,1,2,10,6,1,1,33,2,2
2,24,4,3,2004,4,1,1,2,2,1,1,2,1,1,1,1,1,2,14,6,1,1,38,1,2
2,24,4,3,2004,3,1,1,2,2,1,1,1,1,1,1,1,1,2,9,6,1,1,45,2,2
6,24,4,3,2004,2,1,1,1,1,1,1,1,1,1,1,2,1,2,4,6,1,1,,2,2
1,24,4,3,2004,2,1,1,1,2,1,1,1,1,1,1,1,1,2,9,6,1,1,,2,2
1,19,4,7,2004,3,4,1,2,2,1,1,1,1,1,1,2,1,2,4,6,1,7,22,2,2
3,19,4,10,2004,3,3,1,1,2,1,1,1,1,1,1,3,1,2,17,6,1,7,25,2,2
1,21,4,7,2004,1,1,1,1,2,2,4,1,1,1,1,1,1,2,9,5,1,7,,2,2
1,21,4,7,2004,2,1,1,2,2,2,1,1,2,1,1,1,1,2,9,6,1,1,,1,2
3,21,4,7,2004,3,1,1,1,2,1,1,1,1,1,1,1,1,1,9,6,1,1,45,2,2
7,24,4,9,2004,3,1,1,2,2,1,1,1,1,1,1,3,1,2,4,5,1,1,,2,2
1,24,4,8,2004,2,1,1,2,2,1,1,1,1,1,1,1,1,1,9,6,1,1,,2,2
5,24,4,7,2004,2,1,1,2,2,1,1,1,1,1,1,1,1,2,9,6,1,7,,2,2
1,21,4,4,2004,2,1,1,2,2,1,1,1,1,1,1,1,1,2,9,6,1,6,,2,2
6,21,4,4,2004,3,1,1,1,1,1,1,1,1,1,1,2,,,14,6,1,6,,1,1
2,21,4,4,2004,2,1,3,2,2,1,1,1,1,1,1,4,1,2,4,6,1,7,,2,2
2,21,4,4,2004,4,1,1,2,2,1,2,1,1,1,1,4,1,2,14,6,1,7,,1,2
3,21,4,4,2004,1,1,1,2,2,1,4,1,1,1,1,1,1,2,11,6,1,1,26,1,2
4,21,4,3,2004,4,1,1,2,2,1,4,1,1,1,1,3,1,2,9,6,1,7,,1,2
1,21,4,9,2004,3,1,1,2,2,2,1,1,2,1,1,1,1,2,14,1,1,1,,1,2
1,21,4,9,2004,4,1,4,2,2,1,1,1,1,1,1,1,1,1,9,6,1,1,,2,2
6,21,4,9,2004,2,1,1,2,2,1,1,1,1,1,1,1,1,2,14,6,1,7,,2,2
3,21,4,9,2004,2,3,1,2,2,2,1,1,2,1,2,3,1,2,4,6,1,7,,2,2
1,21,4,3,2004,2,2,1,2,2,1,1,1,1,1,1,1,1,2,9,6,1,1,,2,2
1,21,4,3,2004,2,1,1,2,2,1,1,1,1,1,1,1,1,1,13,6,1,1,,2,2
1,21,4,1,2004,2,1,1,2,2,1,1,1,1,1,1,1,1,2,9,6,1,7,,1,2
1,21,3,1,2004,2,7,1,2,2,1,1,1,1,1,1,1,1,2,14,6,1,1,,2,2
1,24,4,8,2004,3,1,1,2,1,1,1,1,1,1,1,1,1,2,9,6,1,1,,1,2
1,24,4,8,2004,3,3,1,2,1,1,1,1,1,1,1,1,1,2,9,4,1,6,,1,2
6,24,4,8,2004,2,1,1,1,2,1,1,1,1,1,1,3,1,2,14,11,1,7,,2,2
1,21,4,2,2004,4,1,1,2,2,1,4,1,1,1,1,2,1,2,14,6,1,1,,1,2
1,21,4,2,2004,4,1,1,1,2,1,2,1,1,1,1,1,1,1,7,6,1,1,,2,1
4,21,4,2,2004,1,1,1,2,2,1,1,1,1,1,3,1,2,,14,6,1,7,40,2,2
1,21,4,10,2004,4,1,1,2,2,1,2,1,1,1,1,1,1,2,9,5,1,7,35,2,2
1,21,4,10,2004,1,1,1,2,2,4,4,1,1,1,1,2,1,2,14,6,1,1,,2,2
2,21,1,10,2004,2,1,1,1,2,1,1,1,2,1,1,3,1,2,9,6,1,7,,2,2
1,21,4,6,2004,4,1,4,2,2,1,3,1,1,1,1,1,1,1,4,6,1,1,45,2,2
6,21,4,6,2004,3,1,1,1,1,1,1,1,1,1,1,1,1,2,9,6,1,1,35,2,2
9,24,4,5,2004,3,7,8,2,2,1,1,1,1,1,1,1,1,2,10,5,1,7,,2,2
1,24,4,5,2004,4,3,1,1,1,1,1,1,1,1,1,1,1,1,9,6,1,1,,1,2
1,24,4,5,2004,2,1,4,2,2,1,1,1,1,1,1,1,1,1,9,6,1,1,,2,2
2,28,4,5,2004,3,1,1,2,1,1,3,1,1,1,1,5,1,1,9,11,1,1,30,2,2
2,28,3,5,2004,2,1,8,2,2,1,1,1,1,1,1,5,1,1,14,11,1,1,40,2,2
2,28,3,6,2004,2,1,8,1,1,1,1,1,1,1,1,5,1,1,9,11,1,1,,2,2
2,28,4,6,2004,2,1,8,1,1,1,1,1,1,1,1,5,1,1,7,11,1,1,,2,2
4,28,4,1,2004,3,1,1,2,2,1,1,1,1,1,1,1,1,1,9,6,1,1,,1,2
4,28,4,4,2004,2,1,8,1,2,1,1,1,1,1,2,4,1,2,13,7,1,1,32,1,1
5,28,4,4,2004,3,7,8,1,2,1,1,1,1,1,1,5,1,1,13,6,1,1,35,2,2
5,28,4,5,2004,3,1,3,2,2,1,1,1,1,1,1,3,1,1,14,11,1,1,45,2,2
5,28,3,5,2004,3,7,8,2,2,1,1,1,1,1,1,5,1,1,14,6,1,1,,2,2
7,7,4,1,2004,3,7,1,2,2,1,1,1,1,3,2,3,1,2,17,6,1,7,,1,2
10,7,4,1,2004,1,7,1,2,2,1,1,1,1,1,1,3,1,2,13,6,1,1,,2,2
1,7,4,1,2004,4,1,1,2,2,1,1,2,1,1,1,1,1,2,9,4,1,1,,2,2
1,7,4,2,2004,3,4,1,2,2,1,1,1,1,1,1,4,1,2,13,2,1,1,,2,2