Thana,District,Accident_Severity,Month,Year,Time,Junction_Type,Traffic_Control,Movement,Divider,Weather,Light,Road_Geometry,Surface_Condition,Surface_Type,Surface_Quality,Road_Class,Road_Feature,Location_Type,Vehicle_Type,Vehicle_Movement,Vehicle_Loading,Vehicle_Defect,Vehicle_Driver_Age,Vehicle_Alcohol,Vehicle_Seat_Belt
11,7,4,2,2004,3,1,1,1,2,1,1,1,1,1,1,3,1,2,4,11,1,1,32,2,2
10,7,4,2,2004,2,1,1,2,2,1,1,1,1,1,1,4,1,2,8,6,1,1,30,2,2
1,7,4,3,2004,2,1,1,2,2,1,1,1,1,1,1,3,1,2,8,11,1,1,35,2,2
6,7,4,3,2004,2,1,1,2,2,1,1,1,1,3,2,4,1,2,19,6,2,1,32,2,2
8,7,4,3,2004,2,7,1,2,2,1,1,1,1,1,1,1,1,2,14,6,1,1,,1,2
1,2,4,1,2004,2,7,8,1,2,4,2,2,1,1,1,4,2,2,9,2,1,1,,2,2
1,1,4,1,2004,3,1,1,2,2,1,1,1,1,1,1,1,1,2,9,11,1,1,,2,2
5,1,4,1,2004,2,7,1,2,2,1,1,2,1,1,1,1,1,2,14,1,1,1,,2,2
4,2,3,3,2004,4,1,1,1,2,1,2,1,1,1,1,2,1,1,6,5,1,3,,2,2
1,2,4,4,2004,3,1,1,2,2,1,1,1,1,1,1,1,1,1,8,6,1,1,,2,2
3,8,4,1,2004,2,1,8,2,2,1,1,1,1,1,1,1,1,2,14,6,1,5,,2,2
4,11,4,1,2004,2,1,1,2,2,1,1,1,1,1,1,2,1,2,8,4,1,1,42,1,2
9,11,4,1,2004,3,3,1,2,2,1,1,1,1,1,1,4,1,2,9,6,1,1,,2,2
5,11,4,1,2004,3,2,1,2,2,1,1,1,1,1,1,2,1,2,9,6,1,7,,2,2
10,11,4,1,2004,3,1,1,2,2,1,1,1,1,1,1,3,1,2,8,6,1,7,45,2,1
12,3,4,2,2004,2,1,1,2,2,1,1,1,1,1,1,2,1,2,9,6,1,1,,2,2
4,8,3,1,2004,3,1,1,2,2,1,1,1,1,1,1,3,1,2,9,6,1,1,,2,2
4,8,4,2,2004,3,1,1,2,2,1,1,1,1,1,1,1,2,1,9,6,1,1,,2,2
1,10,4,2,2004,2,1,1,2,2,1,1,1,1,1,1,2,1,2,8,6,1,1,39,2,2
1,10,4,2,2004,3,7,8,2,2,1,1,1,1,1,1,5,1,1,8,6,1,1,35,2,2
1,4,4,3,2004,4,1,1,2,2,1,2,1,1,1,1,2,1,2,9,6,1,1,,2,2
4,4,1,2,2004,3,1,1,2,1,1,1,3,1,1,2,4,1,2,8,6,1,1,42,2,2
3,3,1,2,2004,2,1,3,2,2,1,1,1,1,1,1,2,1,2,4,4,1,7,30,2,2
3,3,3,3,2004,3,1,1,2,2,1,1,2,1,1,1,2,1,2,8,2,1,1,42,2,2
8,3,4,3,2004,3,1,1,2,2,1,1,1,1,1,1,1,1,2,4,6,1,1,,1,2
6,3,4,1,2004,3,7,1,1,2,1,1,2,1,1,1,3,1,2,6,6,1,1,,2,2
4,3,4,1,2004,3,7,1,2,2,1,1,2,1,1,1,4,1,2,17,6,1,1,,2,2
2,3,3,1,2004,4,1,1,2,2,1,4,1,1,1,1,3,1,2,17,6,1,1,40,2,2
6,4,4,1,2004,3,1,1,2,2,1,1,1,1,3,2,4,1,2,11,11,1,1,,2,2
1,4,4,1,2004,1,1,1,2,2,1,1,1,1,1,1,4,1,2,12,11,1,1,,2,2
3,4,4,1,2004,2,1,8,2,2,4,4,2,1,1,2,4,1,2,4,11,1,1,,2,2
4,3,4,6,2004,1,1,1,2,2,1,2,1,1,1,1,1,1,1,15,6,1,1,,2,2
4,2,3,6,2004,3,1,1,2,2,1,1,1,1,1,1,3,1,2,9,6,1,1,,2,2
9,3,3,5,2004,1,7,1,1,2,1,4,1,1,1,1,3,1,2,14,11,1,1,34,1,2
7,7,4,6,2004,4,7,1,2,2,1,1,1,1,1,1,3,1,2,8,6,1,1,26,1,2
4,2,4,3,2004,3,1,1,2,2,1,1,1,1,1,1,3,1,2,9,11,1,1,,2,2
2,3,4,6,2004,3,1,1,2,2,2,1,1,2,1,1,3,1,2,4,11,1,1,25,2,1
2,8,4,6,2004,3,1,3,2,2,1,1,1,1,1,1,4,1,2,14,6,1,1,36,2,2
6,3,4,6,2004,3,3,8,2,2,1,2,2,1,1,1,3,1,2,11,11,1,1,,2,2
4,8,4,4,2004,3,1,1,2,2,1,1,1,2,1,1,1,1,1,14,6,1,1,,1,2
1,7,4,6,2004,3,7,8,2,2,1,1,1,1,1,1,1,1,2,14,6,1,1,,2,1
8,7,4,4,2004,3,2,1,2,2,1,1,1,1,1,1,1,1,2,8,6,1,1,,2,1
10,3,4,5,2004,2,1,3,2,2,1,1,1,1,1,1,1,1,2,14,11,1,1,38,2,2
6,3,4,3,2004,3,1,1,2,2,1,1,1,1,1,1,3,1,2,4,11,1,1,,2,2
5,12,3,2,2004,4,1,1,2,2,1,2,1,1,1,1,3,1,2,14,6,1,7,,1,2
4,8,4,4,2004,1,1,8,2,1,1,2,1,1,1,1,1,1,1,14,4,1,1,,2,2
4,8,3,5,2004,3,1,1,2,2,1,1,1,1,1,1,2,2,2,8,4,1,1,,2,2
1,2,4,5,2004,3,1,1,2,2,1,1,1,1,1,1,3,1,2,8,6,1,1,,2,2
1,2,4,5,2004,2,7,1,2,2,1,1,1,1,1,1,1,1,1,14,6,2,7,39,2,2
5,2,4,5,2004,2,3,1,2,2,1,1,1,1,1,1,3,1,2,17,6,1,1,,2,2
4,8,3,7,2004,2,1,1,1,2,1,1,1,1,1,1,1,1,1,14,6,1,1,,1,2
4,8,4,7,2004,3,1,1,2,1,1,1,1,1,1,1,1,1,2,9,6,1,1,,2,2
12,3,4,7,2004,2,1,1,2,2,1,1,1,1,1,1,2,1,2,14,7,1,1,,2,1
6,3,1,7,2004,2,1,8,2,2,1,1,1,1,1,1,2,1,2,14,6,1,1,,2,2
12,3,4,7,2004,1,2,1,2,2,1,1,1,1,1,1,2,1,2,14,6,1,1,,2,2
4,3,1,7,2004,4,1,1,2,1,1,2,1,1,1,1,1,1,2,14,6,1,1,45,2,2
10,3,3,7,2004,1,1,7,2,1,1,1,1,1,1,1,1,1,2,9,6,1,1,45,2,2
1,7,4,7,2004,1,1,1,2,2,2,1,1,2,1,1,1,1,2,7,6,1,1,,2,2
2,7,4,7,2004,2,7,1,2,2,1,1,1,1,1,1,3,1,2,7,6,1,1,35,1,2
1,4,1,4,2004,3,1,1,2,2,1,1,1,1,1,1,3,1,2,14,6,1,1,,2,2
5,4,4,4,2004,3,1,1,2,2,1,1,1,1,1,1,3,1,2,14,6,2,1,,2,2
4,8,1,8,2004,3,1,1,1,2,1,1,1,1,1,1,1,1,2,14,6,1,1,,2,2
4,8,4,8,2004,4,1,1,1,2,1,1,1,1,1,1,1,1,2,14,6,1,1,,1,2
10,7,4,9,2004,1,1,1,2,2,1,1,1,1,1,1,3,1,2,8,5,1,7,,2,2
7,7,4,9,2004,2,1,7,1,2,1,1,1,1,1,1,3,1,2,8,6,1,6,30,1,2
5,12,3,7,2004,3,1,1,2,2,1,1,1,1,1,1,3,1,2,14,6,1,1,,2,2
5,12,4,7,2004,4,1,1,2,2,1,4,2,1,1,1,3,1,2,14,6,1,1,45,2,2
2,2,3,8,2004,2,1,1,2,2,1,1,1,1,1,1,3,1,2,8,6,1,1,,2,1
7,7,4,8,2004,3,1,1,1,2,1,1,1,1,1,1,3,1,2,14,5,1,1,30,2,2
1,3,4,8,2004,2,2,1,2,2,2,2,1,2,1,1,2,1,1,9,6,1,1,40,2,2
1,3,4,8,2004,3,1,1,2,2,1,1,1,1,1,1,5,1,2,9,5,1,7,,2,2
2,10,4,6,2004,4,1,1,1,2,1,2,1,1,1,2,3,1,2,19,11,1,7,,2,2
6,3,4,8,2004,2,7,1,2,2,1,2,2,2,2,2,3,2,2,14,6,2,7,,2,2
13,3,4,9,2004,1,1,1,2,2,1,1,1,1,2,1,2,1,2,4,6,2,1,,2,2
5,2,4,10,2004,2,1,1,1,2,1,1,1,1,1,1,3,1,2,8,6,1,1,,2,2
5,10,4,12,2004,3,4,1,2,2,1,1,1,1,1,1,3,1,2,8,6,1,1,,2,2
3,10,4,10,2004,3,7,8,2,2,1,1,1,1,1,1,2,1,1,8,11,1,1,,2,2
1,10,3,9,2004,1,1,1,2,2,1,3,1,1,1,1,1,3,1,14,6,1,1,35,2,2
8,3,4,8,2004,,1,1,2,2,1,1,1,1,1,1,2,1,2,9,6,1,1,,1,2
3,3,4,8,2004,3,3,1,1,1,1,1,1,1,1,1,2,1,2,14,6,1,1,51,2,2
4,3,1,9,2004,4,1,1,2,2,1,2,1,1,1,1,1,1,2,9,6,1,1,,2,2
4,3,4,9,2004,1,1,1,2,2,1,1,1,1,1,1,1,1,2,9,6,1,1,,2,2
7,17,4,2,2004,3,3,1,2,2,1,1,1,1,1,1,1,1,2,12,6,1,1,,2,2
7,17,4,6,2004,2,3,1,2,2,1,1,2,1,1,1,1,1,2,9,1,1,1,34,2,2
7,17,4,11,2004,2,1,1,2,2,1,1,1,1,1,1,1,1,2,14,6,1,1,40,2,2
1,17,4,4,2004,3,1,1,2,2,1,1,1,1,1,1,1,1,2,8,6,1,1,,2,2
1,17,4,10,2004,3,1,1,1,2,1,1,1,1,1,1,3,1,2,9,6,1,1,32,2,2
6,17,4,3,2004,3,2,3,2,1,1,1,1,1,1,1,3,1,2,9,11,1,7,,2,2
7,17,4,7,2004,4,1,3,2,2,1,1,1,1,1,1,3,1,2,13,11,1,1,42,2,2
4,17,4,10,2004,3,1,1,2,2,1,1,1,1,1,1,3,1,2,6,1,1,1,35,2,2
5,17,4,9,2004,2,1,1,2,2,1,1,1,1,1,1,3,1,2,9,6,1,1,30,2,2
8,17,4,3,2004,3,7,1,1,2,1,1,1,1,1,1,3,1,2,9,6,2,1,,2,2
2,17,4,3,2004,2,1,3,2,2,1,1,1,1,1,1,3,1,2,9,6,1,1,45,2,2
1,17,4,1,2004,2,2,1,2,2,4,1,1,1,1,1,3,1,2,4,6,1,1,,2,2
3,17,4,5,2004,3,1,1,2,2,1,1,2,1,1,1,3,1,2,14,2,1,1,35,2,2
3,17,4,6,2004,,2,3,2,2,4,2,1,1,1,1,3,1,2,19,1,2,1,,1,2
3,17,4,9,2004,3,1,1,2,2,1,1,1,1,1,1,3,1,1,8,4,1,7,,2,2
9,17,1,3,2004,2,7,1,2,2,1,1,1,1,1,1,3,1,2,9,6,1,1,,2,2
7,17,3,3,2004,1,1,2,1,1,1,2,1,1,1,1,1,1,2,19,6,1,1,,2,2
10,17,4,2,2004,2,1,1,2,2,1,1,1,1,1,1,1,1,2,14,6,1,1,,2,2
10,17,1,1,2004,3,2,1,2,2,1,1,1,1,1,1,1,1,1,9,4,1,7,,2,2
10,17,3,6,2004,2,1,3,2,1,3,1,1,1,1,1,1,1,1,4,6,1,1,,2,2
10,17,4,10,2004,4,1,1,2,2,1,2,1,1,1,1,1,1,2,9,6,1,1,,2,2
10,17,4,9,2004,1,1,1,2,2,1,2,2,1,1,1,1,1,2,14,6,1,1,,2,2
7,17,4,3,2004,4,1,1,2,2,1,2,1,1,1,1,1,1,2,14,6,1,1,35,2,2
7,17,4,2,2004,1,4,1,2,2,1,2,2,1,1,1,3,1,2,14,6,1,7,,2,2
1,17,4,3,2004,3,1,1,2,2,1,1,1,1,2,2,4,1,1,7,6,1,1,,2,2
6,17,4,3,2004,3,1,1,1,1,1,1,1,1,1,3,3,1,2,8,6,1,7,,2,2
9,17,4,6,2004,4,1,1,2,2,1,4,2,1,3,2,4,1,2,4,2,1,1,,2,2
6,17,4,10,2004,3,2,1,1,2,1,1,1,1,1,1,1,1,2,9,11,1,1,,2,2
8,17,4,3,2004,3,7,1,2,2,1,1,1,1,1,1,3,1,1,9,6,1,1,,2,2
8,17,4,2,2004,3,3,1,2,2,1,1,1,1,1,1,3,1,1,9,6,1,1,38,2,2
2,3,4,11,2004,2,1,1,2,2,1,1,1,1,1,1,1,1,2,9,6,1,1,,2,2
4,17,4,1,2004,2,1,1,2,2,1,1,1,1,1,1,4,1,1,17,6,1,1,,2,2
9,17,4,1,2004,4,1,8,2,2,2,4,1,1,2,2,1,2,,9,2,1,1,,2,2
1,3,1,11,2004,3,7,1,2,2,1,1,5,1,1,1,5,3,1,14,2,1,1,40,2,2
8,17,4,5,2004,2,1,1,2,2,1,1,1,1,1,1,1,1,2,8,6,1,1,38,2,2
8,17,4,4,2004,1,1,1,2,2,1,2,5,1,1,1,1,1,2,14,6,1,1,40,1,2
4,3,4,11,2004,3,1,1,2,2,1,1,1,1,1,1,1,1,2,8,6,1,1,38,2,2
1,17,4,2,2004,4,1,1,2,2,1,1,1,1,1,1,1,1,2,19,6,1,1,,2,2
10,17,4,7,2004,3,1,1,2,2,1,1,1,1,1,1,1,1,2,8,6,1,1,,2,2
8,17,4,2,2004,2,1,1,2,2,1,1,1,1,1,1,1,1,2,9,6,1,1,,1,1
6,7,4,12,2004,4,3,1,1,2,1,1,1,1,1,1,3,1,2,4,1,1,1,35,2,2
4,8,4,9,2004,1,1,1,1,2,1,2,1,1,1,1,2,1,2,14,6,1,1,50,1,2
5,8,4,10,2004,2,1,1,2,2,1,1,1,1,1,1,3,1,2,14,6,1,1,,2,2
3,8,3,10,2004,3,3,1,2,2,1,1,1,1,1,1,1,1,2,7,6,1,1,,2,2
2,2,4,12,2004,1,1,1,2,2,1,1,1,1,1,1,4,1,2,17,6,1,1,26,2,2
8,3,4,12,2004,2,1,1,2,1,1,1,1,1,1,1,1,1,2,14,6,1,1,,1,2
8,3,3,12,2004,4,1,1,2,2,1,2,2,1,1,1,4,1,2,4,6,1,1,,2,2
1,3,4,12,2004,4,1,1,2,2,1,4,1,1,1,1,2,1,2,9,6,1,1,,2,2
3,10,1,12,2004,1,7,8,1,2,1,1,1,1,1,1,1,1,2,4,11,1,1,30,2,2
1,16,4,1,2004,1,1,1,1,2,1,1,1,1,1,1,5,1,2,4,2,1,1,,2,2
1,16,1,2,2004,1,1,1,2,2,1,1,1,1,1,1,5,1,1,8,2,1,1,,2,2
1,16,1,2,2004,1,3,4,2,2,1,1,2,1,1,1,5,1,1,8,2,1,1,35,2,2
1,16,4,4,2004,3,1,1,2,2,1,1,1,1,1,1,2,1,2,8,6,1,1,,2,2
1,16,4,6,2004,1,1,1,1,2,2,2,4,3,2,2,4,4,2,13,2,1,1,32,2,2
8,16,4,5,2004,1,1,1,1,1,1,4,1,1,1,1,2,1,2,9,1,1,1,30,2,2
8,16,4,12,2004,1,1,3,2,2,1,1,1,1,1,1,2,1,2,9,6,1,1,45,2,2
4,12,4,9,2004,2,1,1,1,1,1,1,1,1,1,1,2,1,2,19,6,1,1,,2,2
4,12,3,5,2004,4,1,1,2,2,1,3,1,1,1,1,4,1,2,13,6,1,6,45,2,2
5,12,4,12,2004,1,1,1,2,2,1,1,1,1,1,1,2,1,2,14,6,1,1,,1,2
5,12,3,10,2004,3,1,1,2,2,1,1,1,1,1,1,2,1,2,14,6,1,1,,1,2
3,12,4,12,2004,2,7,1,2,2,1,1,1,1,1,1,2,1,2,14,6,1,7,,2,2
2,12,4,12,2004,3,7,8,2,2,1,1,1,1,1,1,2,1,2,12,6,1,7,,1,2
2,12,4,10,2004,4,7,1,1,2,1,1,1,1,1,1,2,1,1,13,6,2,1,,2,2
4,12,4,11,2004,1,1,1,1,2,1,1,1,1,1,1,4,1,2,8,6,1,2,,2,2
4,12,4,11,2004,1,7,1,1,2,1,1,1,1,1,1,4,1,2,8,6,1,1,35,2,2
10,15,3,2,2004,1,1,1,2,2,1,1,1,1,1,1,1,1,1,9,6,1,1,,2,2
1,15,3,6,2004,2,1,1,2,2,1,1,1,1,1,1,1,1,2,14,6,1,1,,2,2
1,15,3,7,2004,2,1,1,2,2,1,1,1,1,1,1,1,1,2,9,6,1,1,,2,2
1,15,4,8,2004,2,1,4,2,2,1,1,1,1,1,1,1,1,2,9,5,1,1,,2,2
1,15,3,10,2004,1,1,1,2,2,1,1,1,1,1,1,1,1,2,9,1,1,1,,2,2
1,15,3,10,2004,1,1,1,2,2,1,1,1,1,1,1,1,1,2,9,6,1,1,,2,2
1,15,3,12,2004,2,1,1,2,2,1,1,1,1,1,1,1,1,2,9,6,1,1,,2,2
1,15,3,12,2004,4,1,1,2,2,1,1,1,1,1,1,1,1,1,9,1,1,1,,2,2
1,15,3,12,2004,1,1,1,2,2,1,1,1,1,1,1,1,1,2,9,6,1,1,,2,2
2,15,4,2,2004,3,1,1,2,2,1,1,1,1,1,1,3,1,2,4,6,1,1,,2,2
3,15,4,1,2004,1,1,1,2,2,1,1,1,1,1,1,1,1,2,13,6,1,1,,2,2
3,15,3,3,2004,3,1,1,2,2,1,1,1,1,1,1,1,1,2,8,6,1,1,,2,2
3,15,4,4,2004,1,1,1,2,2,1,1,1,1,1,1,1,1,1,14,11,1,1,,2,2
3,15,4,4,2004,2,1,1,2,2,1,1,1,1,1,1,1,1,2,9,11,1,1,,2,2
3,15,4,4,2004,1,1,1,2,2,1,1,1,1,1,1,2,1,2,9,6,1,1,,2,2
3,15,3,9,2004,1,1,3,2,2,1,1,1,1,1,1,1,1,1,8,6,1,1,,2,2
3,15,3,10,2004,3,1,1,2,2,1,1,1,1,1,1,1,1,2,10,6,1,1,,2,2
3,15,3,10,2004,3,1,1,2,2,1,1,1,1,1,1,1,1,2,14,6,1,1,,2,2
3,15,3,10,2004,1,1,1,2,1,1,4,1,1,1,1,1,1,2,14,6,1,1,,2,2
3,15,4,11,2004,3,1,1,1,1,1,1,1,1,1,1,1,1,2,8,6,1,1,,2,2
3,15,3,11,2004,1,1,1,2,1,1,4,1,1,1,1,1,1,2,9,6,1,1,41,2,2
4,15,4,1,2004,4,1,1,2,2,1,1,1,1,1,1,3,1,1,14,6,1,7,,2,2
4,15,4,2,2004,4,2,1,1,2,1,2,1,1,1,1,1,1,2,9,6,1,1,37,2,2
4,15,4,9,2004,1,2,1,2,2,1,1,1,1,1,1,1,1,2,8,6,1,7,,2,2
5,15,3,1,2004,1,1,5,2,1,2,1,1,1,1,1,2,1,2,14,6,1,1,40,2,2
5,15,4,2,2004,1,1,1,2,2,1,1,1,1,1,1,2,1,2,13,6,1,1,,2,2
5,15,4,3,2004,2,1,1,2,2,1,1,1,1,1,1,3,1,2,4,6,1,1,,2,2
5,15,4,6,2004,1,1,1,2,2,1,1,1,1,1,1,2,1,2,14,6,1,1,,2,2
4,5,4,6,2004,3,6,3,1,1,1,1,1,1,1,1,1,1,2,8,6,2,1,,1,2
4,5,4,8,2004,3,1,1,2,2,1,1,1,1,1,1,1,1,2,14,6,1,1,35,1,2
4,5,4,8,2004,2,2,1,2,2,1,1,1,1,1,1,1,1,2,9,6,2,1,,2,2
4,5,4,11,2004,1,1,1,2,2,1,1,1,1,1,1,1,1,2,14,6,2,1,,1,2
4,5,4,12,2004,3,1,1,2,1,1,1,1,1,1,1,1,1,2,9,6,1,1,,1,2
7,5,4,1,2004,2,1,1,2,2,1,1,1,2,1,3,2,1,2,8,6,1,1,,2,2
7,5,4,6,2004,1,1,8,2,2,1,4,1,2,1,3,2,1,2,4,6,1,7,,2,2
7,5,4,6,2004,2,1,8,2,2,1,1,1,1,1,1,1,1,2,10,6,1,1,,2,2
7,5,3,9,2004,4,1,1,2,2,1,1,1,1,1,3,2,1,2,8,6,1,1,,2,2
7,5,4,9,2004,2,1,1,2,1,1,1,1,1,1,3,2,1,2,8,6,1,7,,2,2
6,5,4,1,2004,4,2,1,2,2,1,1,1,1,1,1,1,1,2,9,6,1,1,,2,2
6,5,4,4,2004,2,1,3,2,2,1,1,1,1,1,1,2,1,2,13,6,1,1,,2,2
6,5,3,6,2004,1,1,1,2,2,1,1,1,1,1,1,1,1,2,14,6,1,1,,2,2
6,5,4,6,2004,1,1,1,2,2,1,1,1,1,1,1,1,1,2,13,6,1,1,,2,2
6,5,4,9,2004,1,1,1,2,2,1,2,1,1,1,1,1,1,2,2,9,1,1,,2,2
6,5,3,9,2004,1,1,1,2,2,1,1,1,1,1,1,1,1,2,14,6,1,1,,2,2
6,5,1,11,2004,3,1,1,2,2,1,1,1,1,1,1,1,1,2,14,11,1,1,,2,2
8,5,3,4,2004,3,1,1,2,2,1,1,1,1,1,1,1,1,2,14,6,2,1,,1,2
8,5,4,5,2004,2,1,1,2,2,1,1,1,1,1,1,1,1,2,14,6,2,1,,1,2
8,5,4,6,2004,1,1,1,2,2,1,1,1,1,1,1,1,1,2,9,6,1,1,,1,2
8,5,4,6,2004,1,1,1,1,2,1,2,1,1,3,1,2,1,2,17,11,1,1,,2,2
8,5,4,10,2004,3,1,8,2,2,1,1,1,1,1,1,1,1,2,19,6,1,1,,1,2
5,5,3,1,2004,1,1,4,2,2,3,4,1,1,1,1,4,1,2,4,6,1,1,,2,2
5,5,4,6,2004,2,1,1,2,2,1,1,1,1,1,1,1,1,2,9,6,1,1,,2,2
5,5,4,8,2004,1,1,1,2,2,1,4,1,1,1,1,1,1,2,8,4,1,1,35,2,2
5,5,1,9,2004,2,1,1,2,2,1,4,1,1,1,1,1,1,2,9,5,1,7,,2,2
5,5,4,10,2004,1,1,5,2,2,1,1,1,1,1,1,1,1,2,9,11,1,7,,2,2
5,5,1,11,2004,2,1,1,2,2,1,1,1,1,1,1,1,1,2,9,11,1,3,,2,2
5,5,1,12,2004,4,1,1,2,2,1,2,1,1,1,1,1,1,2,9,6,1,1,45,1,2
1,5,4,6,2004,3,2,8,2,2,1,1,1,1,1,1,1,1,2,14,5,1,1,,2,2
1,5,1,6,2004,2,7,8,2,2,1,1,1,1,1,1,1,1,2,9,11,1,1,,2,2
1,5,4,6,2004,1,7,8,2,2,1,1,1,1,1,1,1,1,2,9,6,1,1,,2,2
1,5,4,7,2004,1,7,1,2,2,1,1,1,1,1,1,1,1,2,14,5,1,1,,2,2
1,5,3,8,2004,1,1,1,2,2,1,1,1,1,1,1,1,1,1,13,5,1,1,,2,2
1,5,4,8,2004,1,1,1,2,2,1,2,1,1,1,1,1,1,1,14,6,1,1,,1,1
1,5,3,9,2004,2,1,1,2,2,1,1,1,1,1,1,1,1,2,9,6,1,1,49,2,2
1,5,1,12,2004,1,1,1,2,2,1,1,1,1,1,1,1,1,1,14,6,1,1,,2,2
9,16,4,2,2004,1,1,1,2,2,1,1,1,1,1,1,1,1,2,13,6,1,1,,2,2
9,16,4,3,2004,4,1,1,1,1,1,3,1,1,1,1,1,1,2,9,6,1,1,,2,2
9,16,4,3,2004,4,2,1,2,2,1,2,1,1,1,1,1,1,2,14,6,1,1,,2,2
9,16,4,5,2004,2,2,1,2,2,1,1,1,1,1,1,1,1,2,16,6,1,1,,2,2
9,16,4,5,2004,4,1,1,1,2,1,1,1,1,3,2,2,1,2,19,6,1,1,,2,2
9,16,4,6,2004,4,1,1,1,2,1,1,1,1,1,1,1,1,2,8,6,1,1,,1,2
9,16,4,7,2004,3,1,1,1,2,1,1,1,1,1,1,1,1,2,9,6,1,1,,2,2
9,16,4,9,2004,2,1,1,2,2,1,1,1,1,1,1,1,1,2,9,6,1,1,,2,2
9,16,4,10,2004,1,1,1,2,2,1,1,1,1,1,1,1,1,2,9,6,1,1,,1,2
7,16,4,6,2004,1,1,1,1,2,1,1,1,1,1,1,1,1,2,8,6,1,1,,2,2
7,16,3,6,2004,2,1,1,2,2,1,1,1,1,1,1,1,1,2,8,6,1,1,,2,2
6,16,3,8,2004,2,1,1,2,2,1,1,1,1,1,1,1,1,2,14,6,1,1,,2,2
6,16,4,12,2004,1,1,1,2,2,1,2,1,1,1,1,1,1,2,9,6,1,1,,1,2
1,16,4,8,2004,1,1,1,2,2,1,2,1,1,1,1,1,1,2,14,6,1,1,,1,2
7,16,1,8,2004,2,1,1,2,2,1,1,1,1,1,1,1,1,2,19,6,1,1,,1,2
11,16,4,1,2004,2,1,1,2,2,1,1,1,1,1,1,1,1,2,8,6,1,1,,2,2
1,1,4,2,2004,4,7,1,2,2,1,4,1,1,1,1,1,1,2,8,11,1,1,,2,2
1,1,4,8,2004,3,1,1,2,2,1,1,1,1,1,1,1,1,2,8,6,1,1,,2,2
2,1,4,6,2004,1,1,1,2,2,1,2,1,1,1,1,1,1,1,13,2,1,1,,1,2
4,1,4,6,2004,1,7,3,2,2,1,4,1,2,1,1,2,1,2,9,6,1,1,,2,2
4,1,4,10,2004,2,7,3,2,2,1,1,1,1,1,1,2,1,2,8,6,1,1,,2,2
11,16,4,2,2004,1,1,1,2,2,1,2,1,1,1,1,1,1,1,14,6,1,1,,2,2
11,16,4,2,2004,2,1,1,2,2,1,2,1,1,1,1,1,1,1,19,6,1,1,,2,2
11,16,4,4,2004,1,1,1,2,2,1,1,1,1,1,1,1,1,2,9,6,1,1,,2,2
11,16,4,4,2004,4,1,1,2,2,2,4,1,1,1,1,1,1,1,9,6,1,1,40,2,2
11,16,1,4,2004,1,1,3,2,2,1,4,1,1,1,1,1,1,1,9,1,1,1,,2,2
11,16,3,4,2004,1,1,1,2,2,2,3,1,1,1,1,1,1,2,14,6,1,1,,2,2
11,16,4,4,2004,1,1,1,2,2,1,1,1,1,1,1,1,1,2,9,6,1,1,42,1,2
11,16,1,4,2004,1,1,1,2,2,1,3,1,1,1,1,1,1,2,14,6,1,1,,2,2
11,16,4,5,2004,1,1,1,2,2,1,2,1,1,1,1,1,1,2,13,6,1,1,,2,2
5,11,3,11,2004,3,1,1,2,2,1,1,1,1,1,1,3,1,2,19,6,1,1,25,2,2
5,11,3,12,2004,2,1,1,1,2,1,1,1,1,1,1,2,1,2,4,6,1,1,,2,2
6,11,4,5,2004,2,1,1,2,2,1,1,1,1,1,1,3,1,2,14,6,1,1,,2,2
6,11,4,7,2004,3,1,1,2,2,1,1,1,1,1,1,2,1,1,9,6,1,1,,2,2
6,11,4,11,2004,2,1,1,2,2,1,1,1,1,1,1,2,1,2,4,6,1,1,,2,2
6,11,4,11,2004,,1,1,2,2,1,4,1,1,1,1,3,1,2,19,6,1,1,,2,2
6,11,3,11,2004,1,1,1,2,2,1,4,2,1,1,1,2,1,2,14,1,1,1,,2,2
6,11,3,12,2004,2,1,1,2,2,1,1,1,1,1,1,2,1,2,9,1,1,1,,2,2
6,11,1,12,2004,1,1,1,2,2,1,1,1,1,1,1,2,1,2,8,6,1,1,,2,2
8,11,4,2,2004,3,1,1,2,2,1,1,1,1,3,2,4,1,2,17,6,1,1,,2,2
8,11,4,4,2004,1,1,1,2,2,1,1,1,1,1,1,3,1,2,9,5,1,1,26,2,2
8,11,3,7,2004,1,1,1,2,2,1,1,1,1,1,1,4,1,2,4,6,1,1,25,2,2
8,11,4,12,2004,3,1,1,2,2,1,1,1,1,1,1,2,1,2,14,4,1,1,49,2,2
9,11,4,5,2004,1,1,1,2,2,1,1,1,1,1,1,2,1,2,19,6,1,1,,2,2
9,11,4,6,2004,1,1,1,2,2,1,1,1,1,1,1,2,1,2,4,6,1,1,,2,2
2,11,4,9,2004,2,1,1,2,2,1,1,1,1,1,1,2,1,2,4,6,1,1,42,2,2
2,11,4,12,2004,1,1,1,2,2,1,1,1,1,1,1,2,1,2,19,6,1,1,35,2,2
10,11,4,8,2004,1,1,1,2,2,1,1,1,1,1,1,4,1,2,8,6,1,1,35,2,2
11,16,4,10,2004,3,7,8,1,2,1,1,1,1,1,1,1,1,2,8,11,1,7,,1,2
11,16,4,10,2004,3,1,1,1,2,1,1,1,1,1,1,1,1,2,9,11,1,1,,1,2
11,16,4,10,2004,2,1,1,1,1,1,2,1,1,1,1,1,1,2,4,9,2,1,,2,2
11,16,4,12,2004,4,1,1,2,2,1,1,1,1,1,1,1,1,2,9,6,1,1,,2,2
10,16,4,7,2004,4,1,1,2,2,1,1,1,1,1,1,1,1,2,9,7,1,1,,2,2
4,8,4,12,2004,4,1,1,1,2,1,1,1,1,1,1,4,3,2,14,6,1,6,,1,2
3,8,4,12,2004,2,7,8,2,2,1,4,1,1,1,1,1,1,2,19,11,1,7,,2,2