Thana,District,Accident_Severity,Month,Year,Time,Junction_Type,Traffic_Control,Movement,Divider,Weather,Light,Road_Geometry,Surface_Condition,Surface_Type,Surface_Quality,Road_Class,Road_Feature,Location_Type,Vehicle_Type,Vehicle_Movement,Vehicle_Loading,Vehicle_Defect,Vehicle_Driver_Age,Vehicle_Alcohol,Vehicle_Seat_Belt
1,61,3,8,2004,3,1,1,2,2,1,1,1,1,1,1,1,1,1,8,6,1,1,44,2,2
1,61,3,8,2004,4,1,1,2,2,1,2,1,1,1,1,1,1,2,14,6,1,1,32,2,2
1,61,3,8,2004,1,1,1,2,2,1,2,1,1,1,1,1,1,2,14,6,1,1,,,2
1,61,3,8,2004,2,1,1,2,2,2,1,1,2,1,1,1,1,1,8,1,1,7,38,1,2
3,61,4,8,2004,2,7,1,2,,1,1,1,1,1,1,1,1,2,9,5,,,,,2
6,61,4,8,2004,2,1,1,2,2,1,1,1,1,1,1,3,1,2,9,6,1,1,31,2,2
1,67,3,8,2004,2,7,1,2,2,1,1,3,1,1,1,1,1,1,11,5,1,1,18,2,2
8,67,4,8,2004,2,1,1,2,2,1,1,1,1,1,2,4,1,2,11,6,2,7,,1,2
1,57,4,8,2004,3,7,1,2,2,1,1,1,1,1,1,1,1,2,9,6,1,1,,2,2
1,57,4,8,2004,1,7,8,1,2,1,3,1,1,1,1,1,1,2,17,11,2,7,,1,2
8,57,3,8,2004,3,1,1,2,2,1,1,1,1,1,1,1,1,2,9,6,1,1,40,2,2
1,58,3,8,2004,4,1,1,2,2,1,2,1,1,1,1,1,1,2,14,6,1,1,,1,2
1,58,3,8,2004,2,1,1,2,,1,1,1,1,1,1,1,1,2,9,6,1,1,,1,2
1,58,4,8,2004,2,2,3,2,2,1,1,1,1,1,1,1,1,2,,6,,,,,2
1,58,4,8,2004,3,7,8,,2,1,1,,5,,,1,,,,,,,,,
7,58,4,8,2004,3,3,1,2,2,1,1,1,1,1,1,1,1,2,12,6,1,1,,2,2
8,58,4,8,2004,2,7,8,1,2,1,1,,5,1,1,1,,1,9,6,,,,2,2
10,58,4,8,2004,3,7,1,1,2,1,1,1,1,1,1,2,1,2,8,6,1,1,32,2,2
1,60,4,8,2004,4,1,1,1,2,1,2,1,1,1,1,4,1,2,4,6,1,,,2,2
1,60,4,8,2004,2,1,8,2,,1,1,1,1,1,1,1,1,2,9,11,1,7,45,2,2
1,60,4,8,2004,2,1,1,2,2,1,1,1,1,1,1,1,1,1,9,6,1,,,2,2
6,60,4,8,2004,2,7,1,2,,1,1,1,1,1,1,1,1,1,12,11,1,1,,2,2
5,63,4,8,2004,3,,8,2,2,1,1,1,1,1,1,2,1,2,12,11,1,7,,1,2
14,63,4,8,2004,4,,1,2,2,1,3,1,1,1,3,1,1,2,,,,,,1,2
5,63,4,8,2004,3,7,1,2,2,1,2,1,1,1,2,4,1,2,8,6,,,,2,2
10,63,4,8,2004,2,1,1,2,2,1,1,1,1,1,1,3,1,2,5,6,1,1,,,2
13,63,4,8,2004,4,1,1,2,2,1,2,1,1,1,1,1,1,2,9,6,1,,,2,2
8,63,4,7,2004,1,1,3,2,,2,3,2,2,2,3,1,1,2,14,6,,,,,2
8,63,3,8,2004,2,1,1,2,,2,4,1,2,1,2,1,1,2,14,6,1,1,38,2,2
6,65,4,8,2004,3,1,1,2,2,2,1,5,2,1,1,1,1,1,9,4,1,1,56,2,2
7,65,4,8,2004,4,1,1,2,2,1,2,1,1,1,1,1,1,2,7,6,2,6,,,
7,59,4,9,2004,3,1,8,2,2,1,1,1,1,1,1,2,1,2,9,11,1,1,,2,2
3,57,4,9,2004,1,1,1,2,,2,4,1,2,1,3,1,1,2,9,8,1,7,,1,2
1,57,4,9,2004,1,7,8,2,1,1,2,3,1,2,2,1,3,2,19,6,,7,,,2
1,57,4,9,2004,3,7,8,1,,1,1,1,1,1,1,1,1,2,9,6,1,7,,2,2
4,62,4,9,2004,4,1,1,2,2,1,4,1,1,1,1,2,1,2,9,6,1,1,40,2,2
1,62,4,9,2004,2,1,1,2,2,1,4,3,1,1,2,4,1,2,5,1,2,2,,2,2
6,65,4,8,2004,2,3,4,2,2,1,1,2,1,1,1,4,1,2,11,7,2,3,,1,2
2,61,4,9,2004,4,7,3,2,2,1,2,1,1,1,1,1,1,2,,6,,,,1,2
3,61,4,9,2004,2,2,1,1,2,1,1,1,1,1,1,4,1,2,6,8,2,1,25,2,2
3,61,4,9,2004,2,3,1,2,1,1,1,1,1,1,1,1,1,2,8,,,,,,2
6,65,3,9,2004,3,1,1,2,2,1,1,1,1,1,1,1,1,2,12,6,1,3,40,1,2
1,65,4,9,2004,4,1,1,2,2,1,2,1,1,1,1,5,1,1,7,6,1,1,,2,2
5,65,4,9,2004,1,7,1,2,2,1,4,1,1,1,1,1,1,2,11,6,1,7,,2,2
5,65,4,9,2004,2,7,1,2,2,1,2,1,1,1,1,3,1,2,5,6,,,,2,
1,58,4,9,2004,2,1,1,2,,1,1,1,1,1,1,1,1,2,9,6,1,1,,2,2
2,58,4,9,2004,3,1,1,2,2,1,1,1,1,1,1,1,1,2,7,1,1,1,30,2,2
2,58,4,9,2004,2,1,1,2,2,1,1,1,1,1,1,1,1,2,9,5,1,1,40,2,2
7,58,4,9,2004,2,1,1,2,2,1,1,1,1,1,1,1,1,2,14,6,2,1,40,1,2
4,58,4,9,2004,3,1,1,1,2,1,1,3,1,1,2,4,1,2,9,,,,,,2
12,58,4,9,2004,2,1,1,2,2,1,1,1,1,1,1,3,1,2,8,6,,,,,2
8,63,4,9,2004,4,1,8,2,2,1,4,5,5,1,1,3,2,2,14,6,1,7,,1,2
8,63,4,9,2004,2,7,1,2,2,2,1,2,2,1,1,3,1,2,19,1,,7,,1,2
7,63,4,9,2004,4,1,1,2,2,1,2,1,1,1,1,1,1,2,14,6,1,1,30,2,2
7,63,4,9,2004,3,3,1,2,2,2,1,1,2,1,1,1,1,2,8,6,1,1,,2,2
6,63,4,9,2004,3,7,1,2,2,1,1,1,1,1,1,1,1,2,7,4,1,7,,1,2
5,63,4,9,2004,4,7,,2,2,1,3,1,1,1,1,2,1,,14,6,2,,35,,
4,59,3,10,2004,2,1,8,2,2,1,1,1,1,1,1,2,1,1,9,6,1,1,30,2,2
1,61,4,10,2004,1,7,1,2,2,1,3,1,1,1,1,1,1,2,,2,,,,1,2
2,61,4,10,2004,3,7,1,2,,1,1,1,1,1,1,1,1,2,9,5,1,1,,2,2
6,61,4,10,2004,3,2,3,2,2,1,1,1,1,1,3,3,1,2,9,6,1,1,,2,2
1,62,4,10,2004,3,7,1,1,2,1,1,1,1,1,1,2,1,2,9,5,2,1,35,2,2
4,62,4,10,2004,3,1,1,2,,1,1,1,1,1,1,2,1,2,9,6,1,1,45,2,2
1,65,3,10,2004,3,3,1,2,2,1,1,1,1,1,1,5,1,2,6,6,1,,29,2,2
1,58,4,10,2004,3,1,1,2,2,1,1,1,1,1,1,1,1,2,9,6,1,1,,2,2
1,58,4,10,2004,3,1,1,2,2,1,4,1,1,1,1,1,1,2,14,6,,,,1,2
1,58,4,10,2004,4,1,1,2,,1,4,1,1,1,1,1,1,2,9,6,1,1,,2,2
6,58,4,10,2004,3,1,1,2,2,1,1,1,1,1,1,1,1,2,9,6,,,,2,2
6,58,3,10,2004,3,2,4,2,2,1,1,1,1,1,2,1,1,1,10,6,1,1,25,2,2
6,58,4,10,2004,1,1,1,2,2,1,4,1,1,1,1,1,1,2,14,6,,,,1,2
2,58,4,10,2004,3,1,1,2,2,1,1,1,1,1,1,1,1,2,7,6,,1,,2,2
2,58,3,10,2004,3,1,1,2,2,1,1,1,1,1,1,1,1,2,8,6,1,1,35,2,2
5,57,4,10,2004,2,1,8,2,2,1,1,4,1,1,2,3,3,2,7,11,1,1,,2,2
2,57,4,10,2004,3,1,8,2,2,1,1,1,1,3,2,4,2,2,17,6,2,7,,1,2
14,63,4,10,2004,2,3,1,2,2,1,1,1,1,1,1,1,1,2,9,6,1,,30,2,2
8,63,4,10,2004,4,,1,2,2,1,4,1,1,1,1,1,1,1,9,6,1,1,,2,2
7,63,4,10,2004,3,1,1,2,2,1,1,1,1,1,1,1,1,2,19,6,1,,,2,2
1,62,4,11,2004,3,1,1,1,2,1,1,1,1,1,1,2,1,2,9,6,1,1,,2,1
1,62,1,11,2004,1,3,1,1,,4,2,1,1,1,1,5,1,1,9,6,1,,34,2,2
1,62,4,11,2004,2,1,1,2,2,1,1,1,1,1,1,3,1,2,4,6,1,,18,1,2
4,62,4,11,2004,3,7,1,1,2,1,1,2,5,1,1,4,,,19,11,1,7,,1,2
12,58,4,11,2004,3,1,1,2,2,1,1,3,1,1,1,4,1,2,8,6,1,1,,2,2
1,57,4,11,2004,4,7,2,1,2,1,2,1,1,1,1,1,1,2,9,11,1,1,,2,2
5,57,4,11,2004,2,1,1,2,2,1,1,1,1,1,1,1,1,2,12,11,1,,22,2,2
2,57,4,11,2004,3,,8,2,2,1,1,1,1,1,1,3,1,2,17,11,1,,28,2,2
14,63,4,11,2004,3,2,8,2,2,1,1,1,1,1,1,1,1,1,14,6,1,1,38,2,2
10,63,4,11,2004,2,1,1,2,2,1,4,1,1,1,1,3,1,2,,,,,,,
7,63,4,11,2004,3,1,1,2,2,1,1,1,1,1,1,1,1,2,9,6,1,7,,1,2
7,63,3,11,2004,2,1,4,2,2,1,1,1,1,1,1,1,1,1,7,6,1,1,,1,
2,63,4,11,2004,2,1,1,2,2,1,2,1,1,1,2,3,1,2,11,6,1,,26,2,2
1,61,4,11,2004,4,6,1,2,2,1,4,1,1,1,1,1,1,2,14,6,1,1,35,2,2
1,61,4,11,2004,1,1,1,2,2,1,4,1,1,1,1,1,1,2,,6,,,,1,2
2,61,1,11,2004,1,1,1,2,2,1,4,1,1,1,1,1,1,2,14,6,2,1,,1,2
2,61,4,11,2004,4,1,1,2,2,1,2,1,1,1,1,3,1,2,,6,,,,1,2
6,65,4,11,2004,2,1,8,2,2,1,1,1,1,1,1,1,1,2,7,6,,1,,1,2
6,65,4,11,2004,3,,3,2,1,1,1,1,1,1,1,4,1,2,14,6,2,,,1,2
2,65,4,11,2004,2,1,1,2,2,1,1,1,1,1,1,1,1,2,14,6,,,,1,2
5,65,4,11,2004,3,7,,2,2,1,1,1,1,1,1,1,1,2,8,6,,,45,2,2
5,65,4,11,2004,4,7,8,2,2,1,4,1,1,1,1,1,2,2,6,6,1,7,,2,2
5,65,4,11,2004,3,3,8,2,2,1,1,1,1,1,1,1,1,2,8,6,1,1,35,1,2
4,65,4,11,2004,3,4,1,2,2,1,1,1,1,1,1,4,1,2,5,6,1,1,,2,2
1,65,4,11,2004,1,1,4,1,2,4,2,1,1,1,2,5,1,1,7,6,,7,25,2,2
1,60,4,11,2004,3,2,4,2,2,1,1,1,1,1,1,1,1,1,9,1,1,1,,1,2
2,60,4,11,2004,3,7,1,1,2,1,1,1,1,1,1,3,1,2,13,7,,,,1,2
1,68,1,11,2004,3,1,1,2,2,1,1,1,1,1,2,5,4,1,14,6,1,1,50,2,2
6,59,4,11,2004,3,1,1,2,,1,1,3,1,1,2,5,4,1,14,6,1,1,,2,2
4,59,4,11,2004,3,1,3,1,2,1,1,1,1,1,1,4,1,1,17,1,1,7,30,2,2
2,59,4,12,2004,3,,1,2,2,1,1,1,1,1,1,2,1,2,14,6,1,7,,1,2
7,59,4,12,2004,1,1,1,2,2,4,2,1,2,1,1,2,1,2,19,11,,,,1,2
4,62,4,12,2004,3,1,1,2,2,1,1,1,1,1,1,2,1,2,14,6,1,1,,2,2
6,65,4,12,2004,3,,,2,2,1,1,2,1,1,1,4,1,2,11,5,2,1,,1,2
5,65,4,12,2004,1,3,,2,2,1,1,2,1,1,1,1,1,2,11,1,1,1,45,2,2
4,65,4,12,2004,2,7,1,1,2,1,1,3,1,3,2,4,4,2,,6,1,1,,1,2
1,65,4,12,2004,3,7,1,2,2,1,1,1,1,1,1,1,1,2,14,6,1,1,54,2,2
1,65,3,12,2004,2,,1,2,2,1,1,1,1,1,1,1,1,1,7,6,,,,1,2
1,65,4,12,2004,2,7,8,2,2,1,1,1,1,1,1,1,1,2,9,11,1,7,45,2,2
5,57,4,12,2004,2,1,8,2,2,1,1,1,1,1,1,1,1,2,9,4,1,1,,2,2
7,58,4,12,2004,4,3,4,2,2,1,2,1,1,1,1,1,1,2,19,6,1,6,,2,2
1,58,4,12,2004,4,1,4,2,2,1,2,1,1,1,1,1,1,2,16,6,1,1,,1,2
1,58,4,12,2004,4,3,4,2,2,1,1,1,1,1,1,1,1,1,14,6,1,1,,1,2
1,58,4,12,2004,3,7,8,1,2,1,1,5,1,1,1,5,1,2,8,1,1,1,,2,2
10,58,4,12,2004,2,3,1,,,1,1,1,1,1,1,2,1,2,6,6,1,3,,2,2
14,63,3,12,2004,4,1,1,2,2,1,4,1,1,1,1,1,1,2,14,6,1,1,35,2,2
14,63,4,12,2004,4,1,1,2,,1,4,1,1,1,1,1,1,1,9,6,1,1,,2,2
5,63,4,12,2004,3,1,1,1,2,1,2,1,1,1,1,4,1,2,9,6,1,1,,2,2
6,63,4,12,2004,2,7,1,2,2,1,1,1,1,1,1,1,3,2,9,6,1,1,,1,2
9,63,4,12,2004,2,1,1,2,2,1,1,1,1,1,1,1,1,2,8,6,1,1,35,2,2
9,63,4,12,2004,3,1,1,2,2,1,1,1,1,1,1,3,1,2,14,6,1,1,25,2,2
4,63,4,12,2004,2,1,1,2,2,1,1,1,1,1,1,1,1,2,8,6,1,7,30,1,2
1,61,4,12,2004,4,1,1,2,2,1,3,1,1,1,1,3,1,2,12,6,1,1,,1,2
1,61,4,12,2004,4,1,1,2,2,1,4,1,1,1,1,1,1,2,10,6,1,7,,2,1
1,61,4,12,2004,2,1,3,2,2,1,1,2,1,1,1,1,1,2,9,2,1,1,,2,2
3,61,4,12,2004,3,3,1,2,2,1,1,1,1,1,1,1,1,1,14,6,1,1,48,2,2
4,61,3,12,2004,2,1,1,1,2,1,1,1,1,1,1,3,1,2,9,6,1,1,,2,2
4,61,4,12,2004,3,1,1,1,2,1,1,1,1,1,1,3,1,2,17,6,1,1,,1,2
3,68,3,12,2004,3,1,1,2,2,1,1,1,1,1,1,3,1,2,7,6,1,1,35,2,2
4,60,4,12,2004,2,7,8,,,1,2,3,1,3,2,4,1,2,17,11,2,7,,2,2
1,53,4,1,2004,2,7,8,2,2,1,1,1,1,1,1,2,1,2,6,6,,,24,2,2
3,53,3,1,2004,3,1,1,2,2,1,1,1,1,1,1,3,1,2,9,,1,1,,2,2
1,56,4,1,2004,2,1,1,2,2,1,1,1,1,1,1,2,1,2,13,6,1,1,,2,2
7,56,4,1,2004,3,1,1,2,2,4,2,4,1,3,2,4,4,2,13,6,,,,,
7,56,4,1,2004,2,1,1,2,1,1,1,1,1,1,1,1,1,2,9,6,,,,,
8,56,3,1,2004,3,1,1,2,2,1,1,1,1,1,1,3,1,2,6,6,1,1,,2,2
3,56,4,1,2004,2,7,1,2,2,1,1,1,1,1,1,1,1,2,14,6,1,1,28,,2
1,54,4,1,2004,2,7,1,2,2,1,1,1,1,1,1,2,1,2,5,6,1,1,30,1,2
1,54,4,1,2004,3,7,1,2,2,1,1,1,1,1,1,2,1,2,6,6,1,1,30,1,2
5,54,4,1,2004,3,1,3,2,2,1,1,1,1,1,1,4,1,2,13,6,,,,,
8,54,3,1,2004,3,1,1,2,2,1,1,1,1,1,1,3,1,2,14,6,,,,,
8,54,4,1,2004,1,1,1,2,2,4,2,2,1,1,1,4,1,2,14,6,2,1,,,
10,54,4,1,2004,4,1,1,2,2,1,4,1,1,1,1,3,1,2,4,6,1,,40,2,1
13,54,4,1,2004,3,1,3,2,2,1,1,1,1,3,2,4,4,2,7,6,,,,,
13,54,4,1,2004,3,1,3,2,2,1,2,1,1,1,3,1,3,2,14,11,1,1,35,2,2
7,54,4,1,2004,3,7,8,2,2,1,1,1,1,1,1,3,1,2,4,6,,,,,
7,54,4,1,2004,3,7,1,2,2,1,2,1,1,1,3,3,1,2,7,11,,,,,
11,54,4,1,2004,3,7,1,2,2,1,1,1,1,1,1,3,1,2,7,6,1,1,25,2,2
6,55,4,1,2004,3,7,1,2,2,1,1,1,1,1,1,1,1,2,9,6,1,,45,2,2
1,54,1,2,2004,3,3,8,2,2,1,1,1,1,1,1,5,1,1,,,,,50,,
1,54,4,2,2004,4,1,1,2,2,1,3,1,1,3,1,5,1,1,9,7,1,1,30,2,2
5,54,4,2,2004,4,1,8,2,2,1,1,4,5,1,2,4,4,2,13,11,,,,,
5,54,4,3,2004,2,1,1,2,2,1,1,4,1,1,3,3,2,2,13,6,,,,,
5,54,4,3,2004,2,1,1,2,2,1,1,1,1,1,1,4,1,1,13,6,,,,,
6,54,3,2,2004,2,1,1,2,2,1,1,1,,,,3,1,,10,6,,,25,,
5,56,4,2,2004,2,3,1,2,2,4,2,2,1,1,1,4,1,2,14,1,2,1,40,1,2
7,56,4,2,2004,3,1,1,2,2,1,1,1,1,1,1,4,1,2,6,6,2,,,,
6,55,4,2,2004,3,7,1,2,2,1,1,1,1,1,1,1,1,2,9,6,1,7,45,1,2
2,53,4,2,2004,3,1,1,2,2,1,1,1,1,1,1,2,1,2,4,6,1,1,30,2,2
9,56,4,3,2004,2,7,1,2,2,1,1,1,1,1,3,1,1,2,13,6,1,1,,2,2
3,56,4,3,2004,3,1,1,,,1,1,1,1,1,1,3,1,2,9,,2,,36,,
4,56,4,3,2004,2,1,8,2,2,1,1,1,1,2,1,4,1,2,4,6,1,1,,2,1
4,56,4,3,2004,3,7,3,2,2,1,1,1,1,1,1,3,1,2,9,6,1,1,32,2,1
7,56,4,3,2004,1,1,1,2,2,1,4,1,1,1,3,1,1,2,14,6,1,1,30,2,2
7,56,3,3,2004,4,7,1,2,2,1,2,1,1,1,1,3,1,2,9,6,1,,,1,2
5,56,4,3,2004,2,1,1,2,2,1,1,1,1,1,1,1,1,1,14,6,2,,,2,2
8,56,4,3,2004,3,1,1,2,2,1,1,2,1,1,3,4,4,2,13,6,1,1,38,2,2
3,53,4,3,2004,2,1,1,2,2,1,1,1,1,1,1,2,1,2,8,6,2,1,36,1,2
3,53,4,3,2004,3,3,1,2,2,1,1,1,1,1,1,2,1,2,16,5,1,1,31,2,2
1,53,4,3,2004,2,1,1,2,2,1,1,2,1,1,1,4,1,2,6,2,1,,,2,2
7,53,4,3,2004,3,4,1,2,2,1,1,1,1,1,2,4,1,2,7,6,2,7,,2,2
6,53,4,3,2004,,,1,2,2,1,1,1,1,1,1,4,1,2,4,6,,,,2,2
1,54,4,2,2004,4,1,1,2,2,1,4,1,1,1,3,3,,,19,6,,,,,
1,54,1,3,2004,2,1,4,2,2,1,1,1,1,1,1,5,1,1,10,5,1,7,,1,2
1,54,4,3,2004,2,1,,2,2,1,1,1,1,1,1,5,1,1,7,,,,,,
1,54,3,2,2004,3,1,1,2,2,1,1,1,1,1,1,5,1,1,7,6,1,1,25,2,
10,54,4,3,2004,4,7,1,2,2,1,2,1,1,1,1,2,1,2,9,5,2,,,1,2
4,54,4,3,2004,4,1,1,2,2,1,2,1,1,1,1,2,1,2,5,6,1,,,1,2
7,54,4,3,2004,3,1,1,2,2,1,1,1,1,1,1,3,1,2,8,6,,,,,
11,54,4,3,2004,3,3,8,2,2,1,1,1,1,1,1,3,1,2,13,7,2,7,,,
1,54,4,4,2004,2,7,8,2,2,1,1,4,1,1,1,3,1,1,13,6,1,1,46,1,2
1,54,4,4,2004,,,,2,2,,,,,,,,,,19,6,,,,,
1,54,3,4,2004,2,7,1,2,2,1,1,1,1,1,1,2,1,1,6,,,,,,
1,54,3,4,2004,2,,1,2,2,1,1,1,1,1,1,4,1,2,7,1,,,,,
1,54,1,4,2004,2,2,1,2,2,1,1,2,1,1,1,5,1,1,5,6,1,1,,2,2
1,54,4,2,2004,4,2,1,2,2,1,3,1,1,1,1,3,1,1,5,1,1,1,20,2,2
5,54,4,3,2004,3,,,2,2,1,1,1,1,1,2,4,1,2,6,6,,,,,
3,54,4,3,2004,3,1,1,2,2,1,1,1,1,1,1,3,1,2,9,6,,,,,
9,54,4,4,2004,2,,,2,2,1,1,1,1,1,1,1,2,2,8,6,1,,35,,
12,54,4,4,2004,4,,1,2,2,1,2,1,1,1,3,1,,2,8,6,1,,,2,2
12,54,3,4,2004,2,,1,2,2,2,1,1,2,1,1,3,,,8,5,1,1,,2,2
1,55,2,3,2004,1,1,1,2,2,1,2,1,1,1,1,3,1,2,14,6,1,1,30,2,2
6,55,3,4,2004,1,1,1,2,2,1,2,2,1,1,3,1,1,2,14,2,1,,42,2,2
3,53,4,3,2004,3,1,1,1,1,1,1,1,1,3,2,4,1,2,7,6,1,,22,2,2
3,56,3,4,2004,2,7,1,2,2,2,1,1,2,1,1,1,2,2,9,,1,1,,,2
7,56,4,4,2004,3,1,1,2,2,1,1,1,1,1,1,1,1,2,9,6,1,1,33,2,2
8,56,4,4,2004,1,1,1,2,2,1,2,1,3,1,3,3,1,2,14,6,1,,,,
7,56,4,4,2004,3,1,8,2,2,1,1,1,1,1,1,3,1,2,11,6,,,,,
1,55,4,5,2004,3,7,1,2,2,1,1,1,1,1,1,5,1,1,9,6,1,1,37,2,2
1,55,4,5,2004,2,1,1,2,2,1,2,1,1,1,1,1,1,1,7,6,,,25,2,2
6,55,4,5,2004,2,7,1,2,2,1,1,2,1,1,1,1,1,2,8,1,1,1,40,2,2
8,56,4,5,2004,2,7,1,2,2,1,1,1,1,1,1,3,1,2,6,6,1,7,,2,2
8,56,4,3,2004,3,7,1,2,2,1,1,,,3,2,4,1,2,14,6,1,1,,2,2
8,56,4,5,2004,2,1,1,2,2,1,1,1,1,1,1,4,1,2,12,6,1,1,,,
1,54,4,5,2004,3,7,1,2,2,1,1,1,1,1,1,3,1,2,13,6,1,,,2,2
8,54,4,5,2004,2,,1,2,2,1,1,1,1,3,1,4,1,2,17,6,,3,,,
7,54,4,5,2004,4,1,1,2,2,1,4,1,1,1,1,3,1,2,7,6,,,,,
3,53,4,5,2004,3,7,8,2,2,1,,1,1,1,1,3,1,2,13,11,1,1,35,2,2
6,53,3,5,2004,3,,1,2,2,1,1,1,1,1,1,3,1,2,8,6,,1,,,
1,54,4,6,2004,3,7,1,2,2,1,1,1,1,1,1,3,1,2,8,6,1,7,20,1,2
1,54,3,2,2004,2,1,1,2,2,1,1,1,1,1,1,2,1,2,7,4,1,,,1,2
9,54,4,6,2004,1,1,1,2,2,1,3,1,1,1,1,1,1,,14,6,1,1,,,
9,54,4,6,2004,3,3,3,2,2,1,1,1,1,1,1,1,1,2,14,2,2,7,30,,
9,54,4,6,2004,3,,1,2,2,1,1,1,1,1,1,1,,,8,6,1,1,25,2,2
5,54,4,6,2004,2,,1,2,2,1,1,1,1,1,1,4,1,2,14,6,,,,,
4,54,4,6,2004,2,1,1,2,2,1,1,1,1,1,1,2,1,2,4,11,,1,,,
4,54,4,6,2004,3,1,1,2,2,1,1,1,1,1,1,1,1,2,7,5,1,1,,2,2
1,55,4,6,2004,3,1,1,2,2,1,1,1,1,1,1,5,1,1,13,6,1,,,,
3,55,3,6,2004,3,,1,2,2,1,1,1,1,1,1,4,1,2,12,11,1,2,,2,2
8,56,4,6,2004,3,7,1,2,2,1,1,1,1,1,1,3,1,2,13,6,,,,,
8,56,4,6,2004,3,7,1,2,2,1,1,1,1,1,1,4,1,2,10,6,1,,,,
7,56,4,6,2004,4,2,1,2,2,1,2,1,1,1,1,1,1,2,9,6,1,1,,1,2
8,54,4,7,2004,3,1,8,2,2,2,1,1,2,3,2,4,1,2,17,6,1,,25,2,2
12,54,3,7,2004,2,,1,2,2,2,2,,2,1,2,1,,,12,6,1,1,,2,2
12,54,1,7,2004,3,7,1,2,2,1,1,1,1,1,1,1,1,1,5,11,1,7,40,2,2
11,54,4,7,2004,2,7,8,2,2,2,1,1,2,1,1,3,1,2,8,6,1,7,23,1,1
7,56,3,7,2004,3,,,,,2,1,1,2,1,1,1,,,13,6,,,,,
1,55,4,7,2004,4,7,1,2,2,1,1,1,1,1,1,5,1,1,14,2,1,,35,2,2
8,56,4,8,2004,2,1,1,2,2,2,4,1,2,1,2,4,1,1,7,6,1,1,28,2,2
3,56,4,8,2004,2,7,8,2,2,1,1,1,1,1,1,1,1,2,9,5,1,1,40,2,2
3,56,4,5,2004,2,7,8,2,2,1,3,2,1,1,1,2,1,2,19,6,,,,,
9,56,4,8,2004,2,7,1,2,2,1,1,1,1,1,1,1,1,2,9,4,,,,1,
3,56,4,8,2004,2,3,8,2,2,1,1,,1,1,1,1,1,2,14,6,1,1,40,2,2
1,53,3,8,2004,3,2,5,2,2,1,1,1,1,1,1,2,1,2,8,5,1,1,,2,2
6,55,4,8,2004,3,1,1,2,2,2,1,1,2,1,1,3,1,2,14,6,,,,,
3,55,4,8,2004,4,1,1,1,2,1,1,1,1,1,1,4,1,2,1,9,2,1,30,2,2
3,55,4,8,2004,3,7,8,2,2,1,1,1,1,1,1,3,1,2,4,6,,,20,,
1,54,1,8,2004,3,1,2,2,2,1,1,1,1,1,1,1,1,1,7,6,,,,,
1,54,4,8,2004,3,7,8,2,2,1,1,1,1,1,1,5,1,1,4,6,,,,,
1,54,4,8,2004,3,1,3,2,2,1,1,1,1,1,1,1,1,2,8,6,,,,1,2
1,54,4,8,2004,4,7,1,2,2,1,3,1,1,1,1,2,1,2,9,6,1,1,,1,2
1,54,3,8,2004,2,1,1,2,2,1,1,1,1,1,1,5,1,1,12,6,1,1,20,,2
1,54,4,8,2004,4,1,1,2,2,1,4,1,1,1,1,2,1,2,6,6,1,,20,2,2
1,54,1,8,2004,2,7,3,2,2,1,1,1,1,1,1,5,1,1,7,6,1,7,40,2,2
3,54,4,8,2004,3,1,1,2,2,1,1,1,1,1,1,4,1,2,6,6,1,1,22,2,2
8,56,4,9,2004,3,1,1,2,2,1,1,1,1,3,3,1,1,2,14,6,1,,26,2,2
7,56,4,9,2004,2,1,1,2,2,1,1,3,1,3,3,1,1,2,13,6,1,7,,1,2
1,56,4,9,2004,4,1,1,2,2,1,4,1,1,1,1,2,1,2,5,9,2,7,,2,2
4,55,3,9,2004,2,3,1,2,2,2,1,2,2,1,1,4,1,2,12,2,1,1,25,1,2
5,55,4,9,2004,3,1,1,2,2,1,4,1,1,1,1,3,1,2,13,6,1,1,42,2,2
1,53,4,9,2004,2,7,1,2,2,1,1,1,1,1,1,5,1,1,8,7,1,1,25,2,2
8,56,4,10,2004,3,1,1,2,2,1,1,1,1,2,3,1,1,2,13,6,,,,,
6,55,4,10,2004,3,7,8,2,2,1,1,1,1,1,1,1,1,1,9,11,1,1,40,2,2
2,55,4,10,2004,3,7,8,2,2,1,1,1,1,1,1,3,1,2,8,8,1,1,45,2,2
3,53,3,10,2004,2,7,3,2,2,1,1,1,1,1,1,4,1,2,9,6,,7,,2,2
1,54,3,10,2004,1,4,1,2,2,1,3,1,1,1,1,5,1,1,15,5,1,,36,2,2
1,54,4,10,2004,2,7,1,2,2,1,1,1,1,1,1,5,1,1,4,6,1,7,,1,2
9,54,4,9,2004,2,1,1,2,2,1,1,1,1,1,1,1,1,2,8,6,1,1,,2,2
9,54,3,10,2004,1,1,1,2,2,1,4,1,1,1,1,1,1,2,14,6,1,1,,2,2
9,54,3,10,2004,2,1,1,2,2,1,1,1,1,1,1,1,1,2,10,6,1,1,35,1,2
7,54,4,6,2004,2,2,3,2,2,1,1,1,1,1,1,3,1,2,9,11,1,,,1,2
7,54,4,10,2004,4,1,1,2,2,1,1,3,1,1,3,3,1,2,13,6,2,1,38,1,2
12,54,4,9,2004,1,1,1,2,2,1,1,1,1,1,3,1,1,2,14,,,,,,
12,54,4,10,2004,3,3,1,2,2,1,1,3,1,3,3,1,2,,7,6,2,6,30,1,2