Thana,District,Accident_Severity,Month,Year,Time,Junction_Type,Traffic_Control,Movement,Divider,Weather,Light,Road_Geometry,Surface_Condition,Surface_Type,Surface_Quality,Road_Class,Road_Feature,Location_Type,Vehicle_Type,Vehicle_Movement,Vehicle_Loading,Vehicle_Defect,Vehicle_Driver_Age,Vehicle_Alcohol,Vehicle_Seat_Belt
12,54,4,10,2004,2,7,1,2,2,1,1,1,1,1,3,3,1,1,8,6,1,1,,2,2
11,54,4,9,2004,2,7,8,2,2,1,1,1,1,1,1,3,1,2,8,5,2,,,1,2
3,54,1,10,2004,2,1,1,2,2,1,1,1,1,1,1,2,1,2,8,6,1,1,40,2,2
13,54,4,9,2004,4,1,1,2,2,1,4,1,1,1,3,1,1,2,8,11,1,1,50,2,2
5,56,4,11,2004,1,1,8,2,2,1,3,1,1,1,1,1,1,1,18,6,,,,,
7,56,4,11,2004,1,5,1,2,2,1,3,1,1,1,1,1,2,,8,6,,,,,
3,56,4,11,2004,2,1,1,2,2,1,1,1,1,1,1,1,2,,7,6,,,,,
3,56,4,10,2004,4,7,8,2,2,1,2,2,1,1,3,1,1,2,19,6,,,,,
5,54,4,11,2004,3,1,1,2,2,1,1,1,1,1,1,3,1,2,13,6,,,26,2,2
8,54,4,11,2004,2,1,1,1,1,1,1,1,1,1,1,4,1,2,9,6,,,37,,
8,54,4,11,2004,1,1,1,2,2,1,4,1,1,1,1,4,1,2,14,6,,,,,
10,54,4,11,2004,2,7,1,2,2,1,1,1,1,1,2,3,1,2,19,2,,1,,,
12,54,4,11,2004,3,1,1,2,2,1,1,2,1,2,2,1,1,2,1,8,1,1,40,2,2
7,54,4,11,2004,2,1,1,2,2,1,1,1,1,1,1,3,1,2,8,6,1,7,30,1,2
7,54,4,11,2004,4,1,1,2,2,1,2,1,1,1,1,2,1,2,8,11,,,,,
6,54,4,11,2004,3,1,1,2,2,1,1,1,1,1,1,3,1,2,8,6,1,1,,,
12,54,4,9,2004,3,1,1,2,2,1,1,1,1,1,1,1,1,2,13,6,,,,,
5,55,4,11,2004,2,1,1,2,2,1,1,1,1,1,1,2,1,2,9,11,1,1,27,2,2
9,54,3,11,2004,2,1,1,2,2,1,1,1,1,1,1,1,1,2,9,6,1,1,,2,2
1,55,4,11,2004,3,1,1,2,2,1,1,1,1,1,1,1,1,2,9,6,1,1,45,2,2
6,55,4,12,2004,3,1,1,2,2,1,1,1,1,1,1,4,1,2,14,6,1,1,,2,2
6,55,4,12,2004,2,1,1,2,2,1,2,1,1,1,1,4,1,2,14,6,1,1,,2,2
4,55,4,12,2004,4,1,8,2,2,1,2,1,1,1,1,3,1,2,14,6,1,1,38,2,2
7,56,4,12,2004,3,1,8,2,1,1,1,1,1,1,1,1,1,2,9,6,,,27,1,2
9,56,4,12,2004,2,1,1,2,2,4,1,1,1,1,1,1,1,2,13,6,1,1,,2,2
9,56,4,12,2004,4,1,1,1,2,1,1,1,1,1,1,3,1,2,14,6,1,1,32,2,2
6,56,3,12,2004,3,7,1,2,2,4,4,2,1,1,1,4,2,2,9,6,1,1,35,2,2
7,56,4,12,2004,2,1,8,2,2,1,1,1,1,1,,1,1,2,9,6,,,,1,2
7,53,4,11,2004,1,7,1,2,2,1,1,1,1,1,1,4,1,2,8,6,1,7,35,2,2
3,53,4,12,2004,2,,1,2,2,1,1,1,1,1,1,4,1,2,8,1,1,7,,2,2
1,53,4,10,2004,3,1,1,2,2,1,1,1,1,1,1,1,1,1,9,6,1,1,35,,2
1,53,4,12,2004,3,1,1,2,2,1,2,1,1,1,1,3,1,2,8,2,1,1,40,2,2
1,54,4,12,2004,2,1,1,2,2,1,1,1,1,1,1,3,1,2,13,6,1,,35,2,2
1,54,4,12,2004,3,7,8,2,2,1,1,1,1,1,1,1,1,2,9,6,1,7,,2,2
1,54,4,12,2004,3,1,1,2,2,1,1,1,1,1,1,1,1,1,13,6,1,1,37,2,2
1,54,4,12,2004,3,3,8,2,2,1,1,2,1,1,1,5,1,1,7,2,1,1,25,2,2
1,54,4,12,2004,1,7,1,1,2,1,2,1,1,1,1,1,1,2,19,6,,,,,
9,54,4,12,2004,3,1,1,2,2,1,1,1,1,1,1,1,1,2,14,6,1,1,,2,2
13,54,4,11,2004,3,1,1,2,2,1,2,1,1,1,1,1,1,2,7,3,1,5,30,2,2
7,54,4,12,2004,4,3,1,2,2,1,2,1,1,1,1,3,1,2,8,6,1,1,,,
4,54,4,12,2004,2,1,1,2,2,1,1,1,1,1,1,4,1,2,,11,1,1,35,1,2
1,62,4,1,2004,4,1,1,2,2,1,2,1,1,1,1,2,1,2,14,1,1,1,52,1,2
1,62,4,1,2004,3,1,1,1,2,1,1,1,1,3,1,4,1,2,13,1,1,1,33,1,2
1,62,4,1,2004,4,7,1,2,2,1,4,1,1,1,1,1,1,1,6,1,1,1,,1,2
1,59,3,1,2004,4,7,1,2,2,1,1,1,1,1,1,1,1,1,9,5,2,1,,1,2
4,59,4,1,2004,2,1,1,2,2,1,1,1,1,1,1,1,1,1,19,6,1,1,28,2,2
4,59,4,1,2004,3,,3,2,,1,1,1,1,1,1,1,1,1,14,6,2,1,25,1,2
1,57,1,1,2004,2,,8,2,2,1,1,1,1,1,1,1,1,2,14,4,1,1,30,1,2
1,57,3,1,2004,3,7,,,2,1,1,1,1,1,1,2,1,2,12,6,,1,,,
3,57,4,1,2004,1,1,8,2,2,4,4,1,1,1,3,1,1,2,,4,,,,,
1,61,4,1,2004,4,1,1,2,2,1,2,1,1,1,1,1,1,2,9,6,1,6,30,2,2
5,60,1,1,2004,4,1,,2,2,4,3,1,1,1,1,1,1,2,14,6,1,,,1,2
4,60,3,1,2004,2,,,,,4,1,1,1,1,2,4,1,2,6,6,,,25,,
5,60,1,1,2004,4,1,,2,2,4,3,1,1,1,1,1,1,2,14,6,1,,,1,2
4,60,3,1,2004,2,,,,,4,1,1,1,1,2,4,1,2,6,6,,,25,,
4,60,4,1,2004,3,1,2,2,2,1,1,1,1,1,2,4,1,2,11,1,1,,,1,2
1,65,4,1,2004,3,,1,1,,1,1,2,1,1,1,2,1,2,14,1,1,7,,2,2
5,65,4,1,2004,3,1,3,2,2,1,1,1,1,1,1,1,1,2,9,1,1,1,50,,
13,63,4,1,2004,3,1,1,2,,1,1,1,1,1,1,2,1,2,6,11,1,,,,
13,63,4,1,2004,4,7,1,2,2,1,4,1,1,1,1,3,1,2,13,6,1,1,28,2,2
1,61,3,2,2004,2,3,1,2,2,1,1,2,1,1,1,3,1,1,17,2,1,1,19,2,2
6,61,4,2,2004,2,7,3,2,,1,1,1,1,1,1,3,1,1,9,,,,,2,2
1,58,3,2,2004,4,6,,,2,1,4,4,1,1,1,2,5,2,9,11,,,,,
1,60,4,2,2004,2,1,1,2,2,1,1,1,1,1,1,1,1,2,9,6,1,,,2,2
10,58,4,2,2004,3,7,1,1,2,1,1,1,1,1,1,2,1,2,9,11,1,7,,2,2
1,58,3,2,2004,2,1,1,2,2,1,1,1,1,1,1,2,1,2,8,6,1,1,,2,2
5,58,4,2,2004,3,7,1,2,,1,1,1,1,1,1,1,1,2,9,,,,,,
5,63,4,2,2004,4,1,1,2,2,1,4,1,1,2,2,4,1,2,11,11,1,,,1,2
1,57,4,2,2004,3,7,1,2,2,1,1,1,1,1,1,1,1,2,9,6,1,1,37,2,2
5,65,4,2,2004,4,7,8,2,2,1,2,2,1,1,1,1,1,2,11,1,,,,,
2,65,4,2,2004,2,,1,2,,4,1,2,2,1,1,1,1,2,7,1,,,,2,2
1,61,4,3,2004,3,,8,2,,1,2,1,1,1,1,3,,,12,6,1,,,1,
10,58,3,4,2004,3,7,1,1,2,1,1,1,1,1,1,2,1,2,7,6,1,,,2,2
2,58,1,10,2004,3,7,1,1,2,1,1,4,1,1,1,1,1,2,8,1,1,1,45,2,2
7,58,1,10,2004,3,3,1,2,,1,1,1,1,1,1,1,1,2,8,6,1,1,45,2,2
8,58,4,4,2004,2,7,1,2,2,1,2,1,1,1,1,,1,2,9,6,,,,,
1,57,3,5,2004,,1,,,,1,1,1,1,1,1,1,1,2,6,6,,,,2,2
1,61,4,5,2004,1,3,6,2,2,2,,2,2,1,3,2,1,1,14,1,1,1,,,2
1,65,3,5,2004,2,,1,2,2,1,1,1,1,1,1,1,1,2,11,1,1,2,,2,2
7,68,4,5,2004,3,7,1,2,2,1,2,3,1,1,1,4,1,2,14,1,1,1,40,2,2
5,57,3,6,2004,4,1,1,2,2,1,2,1,1,1,1,2,1,2,17,4,1,2,,2,2
4,61,4,6,2004,3,,,,,,,,,,,,,,,,,,,,
2,61,4,6,2004,4,1,1,2,2,1,4,1,1,1,1,1,1,2,12,6,1,1,,1,2
6,60,4,3,2004,2,7,1,2,2,1,1,1,1,1,1,1,1,1,9,6,1,1,,1,2
1,60,4,3,2004,3,1,1,2,2,1,1,1,1,1,1,2,1,2,6,6,1,1,,2,2
1,60,4,3,2004,3,1,1,2,2,1,1,1,1,1,1,1,1,1,9,6,1,1,36,2,2
8,58,4,3,2004,2,7,1,2,2,1,2,1,1,1,,,1,2,8,11,1,1,30,1,2
8,58,4,3,2004,4,7,1,2,2,1,2,1,1,1,1,1,1,2,9,6,1,1,35,1,2
1,68,3,3,2004,2,7,1,1,2,1,1,2,1,1,1,2,1,1,5,2,2,7,,1,2
1,61,4,4,2004,2,7,1,2,2,1,1,1,1,1,1,5,,,14,6,1,1,35,2,2
3,61,4,4,2004,4,1,8,1,2,1,2,1,1,3,2,4,3,2,12,8,1,,,2,2
1,62,4,4,2004,2,7,1,2,2,1,1,1,1,1,1,2,1,2,9,1,1,1,48,1,2
10,58,3,6,2004,3,7,1,1,2,1,1,1,1,1,1,3,1,2,9,11,1,7,32,2,2
7,59,3,9,2004,3,1,1,2,2,1,1,1,1,1,1,2,1,2,9,2,1,,,2,2
3,68,3,9,2004,3,1,1,2,2,2,1,1,2,1,1,3,1,2,12,6,2,7,30,1,2
1,62,3,9,2004,1,1,1,2,2,1,4,1,1,1,1,3,1,2,9,1,1,1,28,1,2
1,60,4,1,2004,3,1,1,2,2,1,1,1,1,1,1,1,1,2,8,6,1,1,45,2,2
11,63,4,3,2004,2,7,1,2,2,2,1,1,2,1,2,1,1,2,11,,1,,,2,
1,55,4,1,2005,3,3,1,2,2,1,2,1,1,1,1,3,1,1,14,6,1,1,,2,2
3,55,1,1,2005,3,7,8,2,2,1,1,3,1,1,1,3,2,2,13,11,1,1,,2,1
1,53,4,1,2005,3,1,1,2,2,1,1,1,1,1,1,1,1,2,8,6,1,1,32,2,2
5,56,3,1,2005,2,7,8,2,2,1,1,1,1,1,1,4,1,2,19,11,1,7,,2,2
3,56,4,1,2005,2,1,8,,,1,1,4,,1,1,3,1,2,9,11,,,,,
9,56,4,1,2005,3,3,1,2,2,1,2,1,1,1,1,3,1,2,8,6,,,,,
8,54,4,1,2005,4,1,1,2,2,1,4,1,1,1,1,4,1,2,14,6,,,,,
8,54,4,1,2005,4,1,1,2,2,1,4,1,1,1,1,1,2,,8,6,,,,,
12,54,4,1,2005,2,1,1,2,2,1,2,1,1,1,1,1,1,2,19,,,,,,
11,54,3,1,2005,3,7,1,2,2,1,1,1,1,1,1,3,1,2,7,5,1,1,22,2,2
11,54,3,1,2005,3,7,8,2,2,1,1,1,1,1,1,3,1,2,8,3,1,7,,2,2
3,54,4,1,2005,3,7,1,2,2,1,1,1,1,1,1,4,4,2,9,11,1,1,21,2,2
1,54,1,1,2005,3,1,1,2,2,1,1,1,1,1,1,3,,,8,6,2,6,38,1,2
1,54,4,1,2005,1,7,1,2,2,1,2,1,1,1,1,1,,,14,1,1,7,,2,2
1,54,4,1,2005,,1,1,2,2,1,,,,1,1,5,1,1,19,6,,,,,
1,54,4,1,2005,2,1,1,2,2,1,1,1,1,1,1,1,1,2,4,6,1,1,30,2,2
1,56,4,2,2005,2,1,1,2,2,1,1,1,1,1,1,4,1,2,10,6,,,,,
1,55,4,2,2005,3,1,1,2,2,1,4,2,1,1,1,1,1,2,9,1,1,1,40,2,2
3,53,4,2,2005,4,1,1,2,2,1,4,1,1,1,1,2,1,2,9,5,,,,,
1,53,4,2,2005,2,7,1,2,2,1,1,1,1,1,1,2,1,2,8,6,1,7,37,2,2
1,54,4,1,2005,3,7,8,2,2,1,,1,5,3,1,5,1,1,8,10,1,7,,2,1
1,54,4,2,2005,2,7,8,2,2,1,2,1,1,1,1,3,,,13,6,1,7,,2,2
1,54,4,2,2005,2,1,1,2,2,1,2,1,1,1,1,3,1,2,19,,,,,,
1,54,2,2,2005,4,2,1,2,2,1,3,2,1,1,1,4,1,1,19,2,1,1,32,2,2
1,54,4,2,2005,3,7,1,2,2,1,1,1,1,1,1,3,1,1,5,6,,,,,
11,54,3,2,2005,2,7,8,2,2,1,3,1,1,1,1,3,1,2,13,5,2,7,,,
12,54,3,2,2005,3,1,1,2,2,1,1,1,1,1,1,3,1,2,7,11,1,1,35,2,2
12,54,4,2,2005,2,7,1,2,2,1,4,2,1,1,1,1,1,1,9,11,1,1,40,2,2
12,54,4,1,2005,2,1,1,2,2,1,1,1,1,1,1,3,1,2,4,6,1,1,20,2,2
12,54,3,2,2005,2,1,1,2,2,1,1,1,1,1,1,1,1,1,8,6,1,1,27,2,2
12,54,4,2,2005,4,1,1,2,2,1,2,1,1,1,1,1,1,1,19,,,,,,
12,54,4,2,2005,2,7,1,2,2,1,1,1,1,1,1,1,1,2,19,,,,,,
12,54,4,2,2005,3,1,1,2,2,1,1,1,1,1,1,1,1,1,7,11,1,1,45,2,2
13,54,4,2,2005,2,1,1,2,2,1,1,1,1,1,1,1,1,2,13,6,,,,,
13,54,3,2,2005,2,1,1,2,2,1,1,1,1,1,1,1,1,2,9,3,,,,2,2
3,53,3,3,2005,3,1,1,2,2,1,1,1,1,1,1,3,1,2,8,6,1,1,40,2,2
1,53,3,3,2005,3,7,1,2,2,1,1,1,1,1,1,1,1,2,8,6,1,1,,2,2
6,55,4,3,2005,3,1,1,2,2,1,1,1,1,1,1,3,1,2,9,6,1,1,,2,2
6,55,4,3,2005,2,7,1,2,2,1,1,1,1,1,1,1,1,2,8,6,1,7,30,2,2
1,54,4,3,2005,4,1,4,1,2,1,3,1,1,1,1,3,1,2,19,6,,,28,,
1,54,4,3,2005,3,1,1,2,2,1,3,1,1,1,1,1,1,2,13,6,2,6,30,1,2
1,54,4,3,2005,3,3,8,2,2,1,1,1,1,1,1,5,1,1,9,5,1,1,,,
1,54,4,3,2005,2,1,1,2,2,1,2,1,1,1,1,1,1,2,13,6,1,,,2,2
1,54,4,3,2005,4,1,1,2,2,1,2,1,1,1,1,5,1,1,14,6,,,,2,2
8,54,4,3,2005,2,1,1,2,2,2,1,1,2,1,1,4,1,2,8,6,,,,,
9,54,4,3,2005,1,1,1,2,2,1,3,1,1,1,1,1,,,,6,,,,1,2
12,54,1,3,2005,3,1,1,2,2,1,1,1,1,1,1,3,1,2,8,6,,,,,
13,54,4,3,2005,3,1,1,2,2,1,1,1,1,1,1,3,1,2,7,6,,,,,
13,54,4,2,2005,2,,1,2,2,1,1,1,1,1,1,1,1,2,14,6,,,,,
4,54,4,3,2005,2,1,1,2,2,2,2,1,2,1,1,3,1,2,17,6,1,,,2,2
8,56,4,3,2005,3,,,,,1,1,1,1,1,1,3,1,2,14,10,,,,,
8,56,4,3,2005,2,,1,2,2,1,,1,,1,,,1,,14,6,,,,,
7,56,3,3,2005,2,,8,,,1,4,1,1,1,1,4,,2,9,6,,,28,1,2
4,56,4,4,2005,3,7,1,2,2,1,1,5,1,1,2,4,2,2,19,11,1,7,30,2,2
1,55,1,3,2005,3,3,1,2,2,1,1,1,1,1,1,1,1,2,5,6,1,7,,2,2
4,55,4,1,2005,4,1,1,2,2,1,2,1,1,1,1,3,1,2,19,6,,,,,
3,53,4,5,2005,3,1,1,2,2,1,1,1,1,1,1,3,1,2,8,6,,,,1,2
3,56,4,5,2005,3,1,1,2,2,,,,,,,,,,9,1,1,1,35,,
8,56,4,5,2005,3,1,1,2,2,1,1,2,1,1,1,1,1,2,9,2,1,1,36,2,2
8,56,4,5,2005,3,1,1,2,2,1,1,1,1,1,2,3,1,2,8,6,1,1,,1,2
8,56,4,5,2005,4,1,1,2,2,1,4,1,1,1,1,1,1,2,7,6,,,,2,
8,56,4,6,2005,3,1,1,2,2,1,1,1,1,1,1,1,1,2,9,6,1,1,40,2,2
8,56,4,6,2005,3,1,1,2,2,1,1,1,1,1,1,1,1,2,13,6,1,1,28,2,2
8,56,4,6,2005,1,1,1,2,2,1,2,1,1,1,1,1,1,2,14,6,1,1,,2,2
1,53,4,6,2005,3,1,1,2,2,1,1,1,1,1,1,2,1,2,8,6,,,,,
3,53,3,6,2005,3,1,1,2,2,1,1,1,1,1,1,3,1,2,7,6,1,1,25,1,2
4,55,3,6,2005,3,3,1,1,2,1,1,1,1,1,1,4,1,2,10,6,,,,,
5,54,4,4,2005,3,7,1,2,2,1,1,1,1,1,1,3,1,2,13,6,1,1,35,2,2
8,54,4,4,2005,2,3,3,2,2,1,1,1,1,1,1,4,1,2,13,9,1,7,30,1,2
9,54,4,4,2005,4,1,1,2,2,1,4,1,1,1,1,1,1,2,13,6,1,1,,2,2
12,54,4,4,2005,3,1,1,2,2,1,4,1,1,1,1,1,1,2,5,9,1,1,,,
13,54,4,4,2005,3,,1,2,2,1,1,1,1,1,1,4,1,2,8,6,,,,,
12,54,4,5,2005,2,1,1,2,2,1,2,1,1,1,1,3,1,2,19,6,,,,,
12,54,3,5,2005,2,7,1,2,2,1,2,1,1,1,1,3,1,2,7,6,1,7,,,
12,54,3,5,2005,3,7,1,2,2,2,1,1,4,1,1,3,1,2,7,6,1,,,,2
8,54,4,5,2005,3,1,1,2,2,1,1,1,1,1,1,2,1,2,13,6,1,,40,2,2
8,54,4,3,2005,3,1,1,2,2,1,1,1,1,1,1,2,1,2,14,6,1,,,2,2
9,54,4,4,2005,3,1,1,2,2,1,1,1,1,1,1,2,1,2,4,6,1,1,35,2,2
11,54,4,5,2005,3,7,1,2,2,2,1,1,2,1,1,2,1,2,18,6,,7,20,2,2
3,54,4,5,2005,2,3,8,2,2,1,1,1,1,1,1,3,1,2,8,1,1,1,,,2
1,54,4,6,2005,3,3,1,2,2,1,1,1,1,1,1,2,1,2,13,6,1,,35,2,2
1,54,3,6,2005,4,3,1,2,2,1,2,1,1,1,1,2,1,2,9,6,,,,,
5,54,4,6,2005,2,7,1,2,2,1,1,4,1,1,1,3,1,2,13,6,1,1,45,2,2
9,54,4,6,2005,2,1,1,2,2,1,1,1,1,1,1,2,1,2,14,6,1,1,35,2,2
9,54,4,6,2005,4,1,1,2,2,1,4,1,1,1,1,2,1,2,7,6,1,,20,2,2
9,54,4,6,2005,4,1,1,2,2,1,4,1,1,1,1,2,1,2,14,6,1,1,28,2,2
13,54,4,6,2005,2,,1,2,2,1,1,1,1,1,1,1,1,2,13,6,,,,,
13,54,4,6,2005,2,,,2,2,1,1,1,1,1,1,1,1,2,9,6,,,,,
8,56,4,7,2005,1,1,1,2,2,1,4,1,1,1,1,1,1,2,14,6,,,,,
3,56,4,7,2005,3,1,,2,2,1,,,1,1,1,3,1,2,9,6,,,,,
3,53,3,7,2005,3,7,1,2,2,1,1,1,1,1,1,2,1,2,13,11,1,7,,2,2
1,55,1,5,2005,3,1,1,2,2,1,1,2,1,1,1,4,1,2,13,6,1,1,30,2,2
1,55,4,4,2005,4,5,2,2,2,1,2,1,1,1,1,4,1,2,10,6,1,1,25,2,2
6,55,4,5,2005,3,1,1,2,2,1,1,1,1,1,1,1,1,2,8,6,1,1,,1,2
6,55,4,7,2005,4,1,1,2,2,1,2,1,1,1,1,2,1,2,9,6,1,1,,2,2
7,55,4,7,2005,2,,1,2,2,1,1,1,1,1,1,4,1,2,19,6,,,,,
1,54,4,8,2005,3,7,1,1,2,1,1,1,1,1,1,2,1,2,7,6,1,1,30,1,2
8,54,4,8,2005,3,1,1,1,2,1,1,1,1,1,1,1,1,2,7,6,1,,,,
10,54,4,8,2005,3,1,1,2,2,1,1,1,1,1,1,3,1,2,6,6,1,6,30,2,2
13,54,4,8,2005,2,,1,2,2,1,1,1,1,1,1,1,1,2,13,6,,,,,
13,54,4,8,2005,2,,1,2,2,1,2,1,1,1,1,1,1,2,8,6,,,,,
13,54,4,8,2005,2,1,,,,2,1,1,2,1,1,1,1,2,7,6,,,,,
13,54,4,8,2005,2,1,1,2,2,2,1,1,2,1,,1,1,2,8,6,,,,,
13,54,4,8,2005,1,,1,2,2,1,4,1,1,1,1,1,,,13,6,,,,,
4,54,4,8,2005,2,2,1,2,2,1,1,1,1,1,1,1,1,2,12,6,1,1,26,2,2
4,54,4,8,2005,3,1,1,2,2,1,1,1,1,1,1,1,1,2,8,6,1,1,31,2,2
6,54,3,8,2005,2,1,1,2,2,1,1,1,1,1,1,3,1,2,10,6,1,1,,,
11,54,4,8,2005,1,,,2,2,,,,,,,2,1,2,9,,,,,,
1,54,3,7,2005,3,1,4,2,2,1,1,1,1,1,1,2,1,1,4,1,1,1,,,
12,54,4,7,2005,3,,3,2,2,1,2,1,1,1,1,4,,2,19,6,,,,,
3,54,3,7,2005,4,3,1,2,2,1,2,1,1,1,1,3,1,2,9,6,1,,36,2,2
3,53,4,8,2005,3,7,1,2,2,2,1,2,2,2,2,2,2,2,8,11,1,1,,2,2
7,53,4,8,2005,2,7,,1,2,1,1,2,1,1,1,,1,2,4,1,1,1,18,2,
5,56,4,8,2005,2,1,1,2,2,1,1,1,1,1,1,2,1,2,12,6,1,,,,
3,56,4,8,2005,4,1,,2,2,1,2,,,,,,,,19,6,,,,,
7,56,4,8,2005,2,1,1,2,2,1,2,1,1,1,1,1,1,2,13,6,1,5,,,
4,56,4,8,2005,2,7,1,2,2,1,1,1,1,1,1,4,4,2,17,11,2,1,,2,2
6,56,3,8,2005,3,7,8,2,2,1,1,1,1,1,1,3,1,2,7,2,,7,25,,
6,55,3,8,2005,3,1,1,2,2,1,1,1,1,1,1,1,1,2,10,6,1,1,18,2,2
6,55,3,8,2005,3,7,8,2,2,1,1,3,1,1,1,3,3,1,12,11,1,7,29,2,2
3,55,4,8,2005,2,1,2,2,2,2,1,1,2,1,1,3,1,2,8,6,1,1,,2,2
4,55,4,8,2005,4,1,8,2,2,2,2,1,2,1,1,4,1,2,9,6,1,7,30,2,2
2,55,3,8,2005,2,2,1,2,2,1,1,1,1,1,1,3,1,2,14,6,1,1,,2,2
6,53,3,9,2005,3,1,1,2,2,1,1,1,1,1,1,4,1,2,12,6,1,7,,2,2
6,53,3,9,2005,2,4,1,2,2,1,1,2,1,1,1,3,1,2,8,2,1,1,,1,
3,53,4,9,2005,2,,8,1,,1,1,1,1,1,1,3,1,2,13,6,1,,35,1,2
3,56,4,9,2005,2,1,2,1,,1,1,1,1,1,1,3,1,2,13,6,,,,,
3,56,4,9,2005,4,,,1,1,1,2,1,1,1,1,4,1,2,19,6,,,,,
3,56,3,9,2005,3,1,2,2,2,1,1,1,1,1,1,1,1,2,9,6,1,1,35,2,2
9,56,4,9,2005,3,,1,,,1,1,1,,,,1,1,2,7,6,,,,,
8,56,4,9,2005,3,1,1,2,2,1,1,1,1,1,1,1,1,2,9,6,1,1,40,2,2
8,56,4,8,2005,4,1,1,2,2,1,4,2,1,1,1,3,1,2,7,6,1,1,,1,2
4,56,4,9,2005,3,7,1,2,2,1,1,2,1,1,2,4,1,2,9,6,1,3,30,2,2
1,55,4,9,2005,3,7,1,2,2,1,1,1,1,1,1,5,4,2,9,5,1,1,45,2,2
1,55,4,9,2005,2,1,1,2,2,1,1,1,1,1,1,4,1,2,7,6,1,1,30,2,2
7,55,3,9,2005,3,1,3,2,2,1,1,1,1,1,1,3,1,2,9,6,,,,,
4,54,4,9,2005,3,7,1,2,2,1,1,3,1,2,2,4,1,2,8,6,1,1,42,2,2
11,54,4,9,2005,2,1,8,2,2,2,1,1,2,1,1,3,1,2,19,6,,,,,
3,56,1,9,2005,3,,1,2,2,1,1,1,1,1,1,4,1,2,4,6,,,25,1,2
3,56,4,10,2005,2,,1,2,2,1,1,1,1,1,1,3,1,2,14,6,1,,,1,
3,56,4,10,2005,3,1,2,2,2,1,1,1,1,1,1,1,,,10,6,1,1,,2,2
8,56,4,10,2005,4,1,1,2,2,1,4,1,1,1,1,3,1,2,13,6,,,,,
1,55,4,10,2005,3,1,1,2,2,1,1,1,1,1,1,2,1,2,19,6,,,,,
6,55,4,10,2005,2,1,1,2,2,1,1,1,1,1,1,3,1,2,9,6,1,1,35,2,2
6,55,4,10,2005,2,7,1,2,2,1,1,1,1,1,1,4,1,2,11,6,,6,25,1,2
4,55,4,9,2005,3,,,,,1,1,2,1,1,1,3,1,2,9,1,1,1,,,
5,55,4,10,2005,2,1,1,2,2,1,1,2,1,1,1,3,1,2,9,2,,,,,
5,55,4,10,2005,3,,1,2,2,1,1,1,1,1,1,3,1,2,7,6,,,30,,1
5,55,4,10,2005,3,,1,2,2,1,1,1,1,1,1,4,1,2,7,6,,,,,
7,55,4,10,2005,2,,3,2,2,1,1,1,1,1,1,4,1,2,14,6,,,,,
1,56,3,11,2005,3,7,1,2,2,1,1,3,1,1,1,4,1,2,6,6,,7,,2,2
9,56,4,11,2005,3,,3,2,2,1,1,1,1,1,1,1,1,2,7,6,,,,,
8,56,4,11,2005,3,1,1,2,2,1,4,1,1,1,1,1,1,2,19,6,,,,1,2
4,56,4,11,2005,3,,1,2,2,1,1,1,1,1,1,2,1,2,9,6,1,7,32,2,2
4,55,4,11,2005,2,7,1,2,2,1,1,1,1,1,1,4,4,1,12,6,1,7,,2,2
6,55,3,10,2005,3,7,1,2,2,1,1,3,1,1,1,4,1,2,7,6,1,7,,1,2
6,55,4,11,2005,3,7,1,2,2,1,1,1,1,1,1,1,1,2,9,6,,,,,
6,55,4,11,2005,3,7,1,2,2,1,1,1,1,1,1,1,1,2,9,6,,,,,
5,55,4,10,2005,3,1,1,2,2,1,1,1,1,1,1,2,1,2,4,6,,1,22,2,2
7,55,4,11,2005,3,3,2,2,2,1,1,4,1,1,1,4,1,2,4,1,,,,,
1,54,4,9,2005,4,1,1,2,2,1,2,1,1,1,1,1,1,2,7,6,,,,1,2
1,54,4,9,2005,3,1,8,2,2,1,1,1,1,1,1,1,1,2,5,6,1,,,1,2
9,54,2,9,2005,3,1,1,2,2,1,2,1,1,1,1,1,1,2,14,6,1,1,,2,1
1,54,1,10,2005,2,1,1,2,2,1,1,1,1,1,1,2,1,2,6,6,1,6,20,1,2
1,54,4,10,2005,3,7,3,2,2,1,1,1,1,1,1,2,1,2,14,6,1,1,30,2,2
5,54,4,10,2005,3,7,1,2,2,2,1,2,2,1,1,3,1,2,13,1,1,1,,2,2
9,54,4,10,2005,2,1,3,2,2,1,2,1,1,1,1,2,1,2,12,6,1,1,,2,2
3,54,4,10,2005,2,,8,2,2,1,1,1,1,1,1,4,1,2,8,2,1,1,,,2
1,54,4,11,2005,3,7,8,2,2,1,1,1,1,1,1,5,1,1,19,6,,,,,
1,54,4,11,2005,1,7,8,2,2,1,1,1,1,1,1,2,1,2,9,6,,,,,
1,54,4,11,2005,3,7,1,2,2,1,1,1,1,1,1,2,1,2,7,6,1,,,,
8,54,4,11,2005,3,4,1,2,,1,1,2,1,1,1,4,1,2,14,6,,,,,
9,54,1,11,2005,1,1,7,2,1,1,2,1,1,1,1,2,5,2,14,6,1,1,,,
12,54,4,11,2005,3,,1,1,,,1,1,,1,1,1,,,5,2,,,,,
12,54,1,11,2005,2,7,1,2,1,1,2,1,1,1,1,3,1,1,13,5,1,1,30,2,2