Thana,District,Accident_Severity,Month,Year,Time,Junction_Type,Traffic_Control,Movement,Divider,Weather,Light,Road_Geometry,Surface_Condition,Surface_Type,Surface_Quality,Road_Class,Road_Feature,Location_Type,Vehicle_Type,Vehicle_Movement,Vehicle_Loading,Vehicle_Defect,Vehicle_Driver_Age,Vehicle_Alcohol,Vehicle_Seat_Belt
12,54,4,10,2005,3,3,1,2,2,1,1,1,1,1,1,1,1,2,7,6,1,,,2,2
13,54,4,11,2005,3,3,1,2,2,1,2,5,1,1,1,1,1,2,19,6,,,,,
4,54,4,11,2005,3,1,1,2,2,1,1,1,1,1,1,2,1,2,8,6,1,1,32,2,2
11,54,4,11,2005,2,7,1,2,2,1,1,1,1,1,1,3,1,2,8,8,,,,,
3,53,3,12,2005,3,,1,1,2,1,2,,1,1,1,4,2,2,9,11,,,27,,
7,53,4,12,2005,4,7,1,2,2,1,3,2,1,1,1,4,1,2,5,6,,,,,
3,53,3,12,2005,4,1,1,2,2,1,4,1,1,1,1,3,1,2,9,6,1,,,2,2
8,53,4,12,2005,3,,1,2,2,1,1,1,1,1,1,3,1,2,6,6,,,,,
1,53,4,12,2005,2,1,1,2,2,1,1,1,1,1,1,4,1,2,4,6,2,1,30,1,2
1,53,1,12,2005,2,7,8,2,2,1,4,1,1,1,2,5,1,1,9,6,1,,,2,2
3,56,4,12,2005,3,1,8,2,2,1,1,1,1,1,1,1,1,2,9,6,1,7,,1,2
8,56,4,12,2005,3,3,2,2,2,1,1,1,1,1,1,3,1,2,9,11,1,1,36,2,2
8,54,4,12,2005,2,7,1,2,2,1,1,1,1,1,1,1,1,2,14,6,,,45,2,2
13,54,4,12,2005,4,,1,2,2,1,2,1,1,1,1,1,1,2,19,6,,,,,
13,54,4,12,2005,3,3,1,2,2,1,1,1,1,1,1,1,1,2,,6,,,45,,
13,54,4,12,2005,3,3,1,2,2,1,1,1,1,1,1,1,1,2,9,8,,,,,
1,55,4,12,2005,3,3,4,2,2,1,1,1,1,1,1,5,1,1,5,6,2,7,,2,2
6,55,4,12,2005,3,3,1,2,2,1,1,1,1,1,1,1,1,2,19,,,,,,
1,54,4,12,2005,2,2,1,2,2,1,1,1,1,1,1,5,1,1,14,6,1,1,,2,2
1,54,4,11,2005,2,7,8,1,2,1,1,1,1,1,1,3,1,2,13,6,,7,,1,2
1,54,4,12,2005,2,7,1,2,2,1,3,1,5,1,1,5,1,1,14,6,1,1,,2,2
1,54,3,12,2005,3,1,1,2,2,1,1,1,1,1,3,1,2,,8,6,,,,,
1,54,1,12,2005,3,7,8,2,2,1,1,1,1,1,1,5,1,1,12,6,1,1,,2,2
1,54,4,12,2005,3,7,5,2,2,1,1,1,1,1,1,2,1,2,7,6,2,1,,,
5,54,1,12,2005,3,1,1,2,2,1,1,1,1,1,1,3,1,2,14,6,1,1,35,2,2
11,54,4,12,2005,2,1,1,2,2,1,2,1,1,1,1,2,1,2,7,6,,,,,
7,54,3,12,2005,3,7,1,2,2,1,1,1,1,1,1,3,1,2,7,6,1,,20,2,2
4,54,3,12,2005,3,1,1,2,2,1,1,1,1,1,1,3,1,1,8,6,1,1,34,2,2
9,54,1,11,2005,3,7,1,2,2,1,1,1,1,1,1,1,1,2,8,6,2,7,30,2,2
8,54,4,12,2005,2,7,1,2,2,1,1,1,1,1,1,4,1,2,13,1,1,1,30,2,2
7,54,4,12,2005,3,7,1,2,2,1,1,1,1,1,1,3,1,2,8,6,1,1,,1,2
12,54,4,12,2005,2,1,1,2,2,1,2,1,1,1,1,5,1,1,6,6,,,,,
1,27,3,5,2005,2,1,1,2,2,1,1,1,1,1,1,2,1,2,9,6,1,1,,1,2
2,27,4,3,2005,4,3,1,2,2,1,2,1,1,1,1,2,1,2,12,6,1,7,,2,2
1,30,4,1,2005,2,1,1,2,2,1,1,3,1,1,1,1,1,2,9,6,1,1,,2,2
1,30,4,4,2005,3,1,1,2,2,1,1,1,1,1,1,1,3,1,7,6,1,1,,2,2
2,30,4,3,2005,4,1,1,2,2,1,2,1,1,1,1,4,1,2,11,4,1,1,,2,2
1,33,4,1,2005,1,1,1,2,2,1,2,1,1,1,1,1,1,2,9,7,1,1,,2,2
1,33,4,3,2005,3,7,1,2,2,1,1,1,1,1,1,1,1,1,7,8,1,1,22,2,2
1,33,4,5,2005,3,1,1,2,2,1,1,1,1,1,1,1,1,1,8,2,1,1,,2,2
1,33,3,5,2005,3,1,3,2,2,1,1,1,1,1,1,1,1,1,9,6,1,1,,2,2
1,33,4,6,2005,4,1,1,2,2,1,2,1,1,1,1,1,1,2,10,6,1,1,,2,2
1,33,1,9,2005,2,4,8,2,2,2,1,1,2,1,1,3,1,2,13,4,1,1,,2,2
1,33,4,11,2005,2,1,1,2,2,1,1,1,1,1,1,3,1,1,19,6,1,1,,1,2
1,33,4,11,2005,3,3,1,2,2,1,1,1,1,1,1,1,1,2,12,6,1,1,26,2,1
2,33,4,3,2005,3,1,1,2,2,1,1,1,1,1,1,1,1,2,14,6,1,1,,2,2
2,33,4,5,2005,2,1,3,2,2,1,1,1,1,1,1,3,1,2,9,6,1,1,,2,2
2,33,4,5,2005,2,1,1,2,2,1,1,1,1,1,1,4,1,2,9,11,1,1,,2,2
2,33,4,5,2005,2,1,2,2,2,1,1,1,1,1,1,1,1,2,14,6,1,1,35,2,2
2,33,4,5,2005,3,1,1,2,2,1,1,1,1,1,1,1,1,2,9,4,1,1,35,2,2
2,33,4,6,2005,2,1,1,2,2,1,1,1,1,1,1,1,1,2,6,11,1,1,28,2,2
4,33,4,3,2005,2,1,1,2,2,1,1,1,1,1,1,2,1,2,9,6,1,1,,2,2
4,33,3,6,2005,1,1,1,2,2,1,2,1,1,1,1,2,1,2,14,6,1,1,29,1,2
4,33,3,9,2005,3,1,1,2,2,1,1,1,1,1,1,2,1,2,9,6,1,1,32,1,2
5,33,4,8,2005,2,1,1,2,2,1,1,1,1,1,1,2,1,1,14,8,1,7,,1,2
5,33,4,8,2005,4,1,1,2,2,1,2,1,1,1,1,3,1,2,7,6,1,3,,2,2
5,33,4,9,2005,2,7,1,2,2,1,1,1,1,1,1,2,3,1,6,8,1,1,,2,2
5,33,4,12,2005,3,3,1,2,2,1,1,1,1,1,1,2,1,2,6,6,1,1,,2,2
2,27,4,6,2005,2,2,1,2,2,1,1,1,1,1,1,1,1,1,9,6,1,1,,2,2
2,27,4,9,2005,3,1,1,2,2,1,1,1,1,1,1,1,1,2,12,6,1,7,,1,1
2,27,4,12,2005,2,1,1,2,2,1,1,1,1,1,1,1,1,2,10,6,1,1,,1,2
1,27,4,6,2005,2,3,1,2,2,1,1,1,1,1,1,1,1,1,9,6,1,1,,2,2
4,27,4,11,2005,2,1,1,2,2,1,1,1,1,1,1,4,1,2,9,6,1,1,55,2,2
1,34,4,2,2005,3,2,4,2,2,1,1,1,1,1,1,2,1,1,14,6,1,1,,1,2
1,34,4,3,2005,3,1,1,2,2,1,1,1,1,1,1,4,1,2,14,3,2,1,,1,2
1,34,4,3,2005,3,1,1,2,2,1,1,1,1,1,1,1,1,1,8,6,1,1,34,2,2
1,34,4,5,2005,2,3,4,2,2,1,1,1,1,1,1,2,1,1,5,6,1,1,,2,2
1,34,4,5,2005,3,1,1,2,2,1,1,1,1,1,1,1,4,1,14,8,1,1,31,2,2
1,34,4,7,2005,4,4,4,2,2,1,4,1,1,1,1,1,1,1,9,6,1,1,,2,2
6,34,4,2,2005,2,2,4,2,2,1,1,1,1,1,1,1,1,1,9,9,1,1,,2,2
6,34,4,6,2005,1,4,1,2,2,1,3,1,1,1,1,1,1,2,13,10,1,1,40,2,2
6,34,4,6,2005,3,3,1,2,2,2,1,1,2,2,3,4,1,2,14,6,1,1,40,1,2
3,34,4,4,2005,3,1,1,2,2,1,1,2,1,1,1,1,1,2,9,6,1,1,,2,2
3,34,4,7,2005,1,1,1,2,2,1,2,1,1,1,1,1,1,2,19,6,1,7,,2,2
4,34,4,3,2005,3,1,1,2,2,1,1,1,1,1,1,1,1,2,8,11,1,1,32,2,2
4,34,4,3,2005,3,1,1,2,2,1,2,2,1,1,1,1,1,2,10,6,1,1,,2,2
4,34,4,5,2005,4,3,1,2,2,1,4,1,1,1,1,1,1,2,14,6,1,1,,1,2
4,34,4,5,2005,4,3,1,2,2,1,4,1,1,1,1,1,1,2,14,6,1,1,25,1,2
4,34,3,5,2005,3,1,1,2,2,1,1,2,1,1,1,1,1,2,7,6,1,1,,1,2
4,34,4,6,2005,2,1,1,2,2,1,1,1,1,1,1,1,1,2,8,11,1,1,,1,2
4,34,4,7,2005,3,2,8,2,2,1,1,1,1,1,1,1,1,2,8,11,2,1,46,1,2
10,34,4,2,2005,2,1,1,2,2,1,1,1,1,1,1,1,2,2,9,6,1,1,,2,2
10,34,4,2,2005,2,1,1,2,2,1,1,1,1,1,1,1,3,2,13,11,1,1,,1,2
10,34,4,3,2005,2,1,1,2,2,1,1,3,1,1,2,1,4,2,14,10,1,1,,1,2
10,34,4,3,2005,3,1,1,2,2,1,1,1,1,1,1,1,1,2,6,6,1,1,,1,2
3,30,4,8,2005,4,7,1,2,2,2,2,2,2,1,2,4,4,2,6,1,1,1,,2,2
5,30,4,5,2005,3,1,1,2,2,1,1,1,1,1,1,3,1,2,19,6,1,1,,2,2
2,30,4,11,2005,2,2,1,2,2,1,1,1,1,1,1,2,1,2,4,6,1,1,35,2,1
4,30,4,1,2005,2,1,1,2,2,1,1,1,1,1,1,4,1,2,4,6,1,7,20,2,1
4,30,4,5,2005,3,1,1,2,2,1,1,1,1,1,1,2,1,2,4,6,1,1,20,2,2
4,30,4,7,2005,3,1,1,2,2,1,1,1,1,1,1,4,1,2,19,6,1,7,25,2,2
1,30,4,5,2005,3,1,3,2,2,1,1,1,1,1,1,1,1,2,9,6,1,1,28,2,2
1,30,4,7,2005,3,1,1,2,2,1,1,3,1,1,3,1,1,1,4,6,1,1,25,2,1
1,30,4,8,2005,4,7,1,2,2,1,1,1,1,1,1,1,1,1,4,6,1,1,22,2,2
1,30,4,8,2005,2,1,2,2,2,1,1,1,1,1,1,1,1,2,6,6,2,1,,2,2
1,30,4,11,2005,3,7,1,2,2,1,1,3,1,1,1,1,2,1,9,6,1,1,48,2,2
1,32,4,3,2005,2,7,1,2,2,1,1,1,1,1,1,1,1,2,9,2,1,1,,2,2
3,32,4,3,2005,2,7,1,2,2,1,1,3,1,1,2,2,1,1,9,6,1,1,,2,2
2,32,4,4,2005,3,7,1,2,2,1,1,1,1,1,1,3,1,2,6,6,1,1,,2,2
2,32,4,6,2005,3,7,1,2,2,1,1,1,1,2,1,2,1,2,6,6,1,1,22,2,2
1,31,4,3,2005,2,3,3,2,2,1,1,1,1,1,1,4,1,1,4,6,1,1,28,2,1
1,31,4,9,2005,3,1,1,2,2,1,1,1,1,1,1,2,1,2,4,6,1,1,,2,1
1,31,3,12,2005,2,2,2,2,2,1,1,1,1,1,1,3,1,1,8,6,1,1,,2,2
7,31,4,9,2005,3,3,1,2,2,1,1,1,5,1,1,3,1,2,9,8,1,1,,2,2
1,27,4,8,2005,3,7,1,2,2,1,1,1,1,1,1,4,1,2,9,6,1,1,,1,2
4,32,4,12,2005,3,1,1,2,2,1,2,1,1,1,1,1,1,2,8,6,1,1,35,2,2
6,34,3,11,2005,1,3,1,2,2,4,4,1,1,1,1,1,1,2,14,6,1,1,,2,2
4,34,4,8,2005,3,1,1,2,2,1,1,1,1,1,1,1,1,2,6,6,1,1,23,2,2
3,34,4,11,2005,3,1,1,1,2,1,1,1,1,1,1,1,1,1,9,6,1,1,,2,2
3,34,4,11,2005,4,1,1,2,2,1,3,1,1,1,1,1,1,2,8,6,1,1,,2,2
1,34,3,8,2005,4,1,1,2,2,1,4,1,1,1,1,1,1,1,13,6,1,1,23,2,2
5,34,4,12,2005,2,1,1,2,2,1,1,1,1,1,1,2,1,2,9,6,1,1,45,2,2
5,34,4,12,2005,2,1,1,2,2,1,1,1,1,1,1,3,1,2,9,6,1,1,,1,2
15,42,4,3,2005,1,7,2,2,1,1,2,1,1,1,1,5,1,1,10,6,1,1,,2,2
7,42,3,1,2005,2,1,1,2,1,1,2,1,1,1,1,5,1,1,8,7,1,1,,,2
11,42,4,1,2005,2,3,1,2,1,1,1,1,1,1,1,5,1,1,8,6,1,1,,2,2
11,42,4,1,2005,3,3,1,2,1,1,1,1,1,1,1,5,1,1,7,6,1,1,25,2,2
11,42,4,1,2005,2,1,1,2,1,1,1,1,1,1,1,5,1,1,7,6,1,1,,2,2
11,42,4,2,2005,4,3,1,2,1,1,2,1,1,1,1,5,1,1,8,6,1,1,,2,2
11,42,4,3,2005,1,3,1,2,1,1,3,1,1,1,1,5,1,1,14,6,1,1,,,2
13,42,4,1,2005,4,1,1,2,1,1,3,1,1,1,1,5,1,1,5,6,1,1,,2,2
13,42,4,2,2005,2,3,1,2,1,1,1,2,1,1,1,5,1,1,9,6,1,1,,2,2
13,42,4,2,2005,3,1,1,2,1,1,1,1,1,1,1,5,1,1,5,6,1,7,20,2,2
13,42,3,2,2005,4,1,3,1,1,1,3,1,1,1,1,5,1,1,8,6,1,1,,2,2
13,42,4,3,2005,4,1,3,2,1,1,2,1,1,1,1,5,1,1,10,6,1,1,,2,2
6,42,4,1,2005,4,1,1,2,1,1,3,1,1,1,1,5,1,1,8,6,,,,,2
6,42,4,1,2005,2,1,1,2,1,1,1,1,1,1,1,5,1,1,9,6,,,,2,2
6,42,4,1,2005,1,1,1,2,2,1,3,1,1,1,1,5,1,1,19,6,,,,,
6,42,4,1,2005,4,1,1,2,1,1,3,1,1,1,1,5,1,1,19,6,,,,,
6,42,4,1,2005,4,1,1,2,1,1,3,1,1,1,1,5,1,1,12,6,1,1,,2,2
6,42,4,1,2005,1,1,1,2,1,1,3,1,1,1,1,5,1,1,19,6,,,,,
6,42,4,1,2005,1,1,1,2,1,1,2,1,1,1,1,5,1,1,9,5,1,1,,2,2
6,42,4,2,2005,2,1,1,2,1,1,2,1,1,1,1,5,1,1,19,6,,,,,
6,42,4,2,2005,2,1,1,2,1,1,1,1,1,1,1,5,1,1,19,6,,,,,
6,42,4,2,2005,3,1,4,2,1,1,1,1,1,1,1,5,1,1,8,6,1,1,,,2
6,42,4,2,2005,2,7,4,2,1,1,1,1,1,1,1,5,1,1,9,6,1,1,,2,2
6,42,4,2,2005,1,5,6,2,1,1,3,1,1,1,1,5,1,1,9,6,1,1,,2,2
6,42,4,2,2005,3,1,6,2,1,1,1,1,1,1,1,5,1,1,16,6,,,,,2
6,42,4,3,2005,2,1,1,2,1,1,1,1,1,1,1,5,1,1,9,6,,,,,2
6,42,4,3,2005,1,1,1,2,1,1,3,1,1,1,1,5,1,1,14,6,,,,,2
6,42,4,3,2005,1,1,1,2,2,1,3,1,1,1,1,5,1,1,13,6,,,,,2
6,42,4,3,2005,2,7,4,2,1,1,1,1,1,1,1,5,1,1,9,6,,,,,2
6,42,4,3,2005,3,1,1,2,1,1,1,1,1,1,1,5,1,1,14,6,1,1,,,2
6,42,4,3,2005,4,1,1,2,2,1,3,1,1,1,1,5,1,1,14,6,,,,2,2
6,42,4,3,2005,3,1,1,2,2,1,1,1,1,1,1,5,1,1,14,6,1,1,,,2
6,42,4,3,2005,4,1,1,2,1,1,3,1,1,1,1,5,1,1,12,6,,,,,2
6,42,4,3,2005,2,1,1,2,1,1,2,1,1,1,1,5,1,1,19,6,,,,,2
6,42,4,3,2005,2,1,1,2,2,1,1,1,1,1,1,5,1,1,8,6,1,1,,2,2
6,42,4,4,2005,2,1,1,2,1,1,1,1,1,1,1,5,1,1,14,6,,,,,2
6,42,2,4,2005,2,5,6,2,1,1,1,1,1,1,1,5,1,1,8,6,1,1,,,2
6,42,4,4,2005,3,1,1,2,2,1,1,1,1,1,1,5,1,1,14,6,1,1,,2,2
6,42,4,4,2005,3,1,1,2,2,1,1,1,1,1,1,5,1,1,14,6,,,,2,2
2,42,4,1,2005,4,1,1,2,1,1,3,1,1,1,1,5,1,1,8,6,1,1,,2,2
2,42,3,1,2005,3,1,4,2,1,1,1,1,1,1,1,5,1,1,8,6,1,1,,2,2
2,42,4,2,2005,2,2,6,2,1,1,1,1,1,1,1,5,1,1,8,6,1,1,,,2
2,42,4,2,2005,3,7,1,2,1,1,1,1,1,1,1,5,1,1,12,6,1,1,,,2
2,42,4,2,2005,2,3,6,2,1,1,1,1,1,1,1,5,1,1,5,6,1,1,,2,2
2,42,4,2,2005,3,1,1,2,1,1,1,1,1,1,1,5,1,1,14,6,1,1,,2,2
2,42,4,3,2005,1,1,1,2,1,1,3,1,1,1,1,5,1,1,14,6,1,1,,2,2
2,42,4,3,2005,4,1,1,1,1,1,3,1,1,1,1,5,1,1,9,6,1,1,,2,2
2,42,4,4,2005,1,2,6,2,1,1,3,1,1,1,1,5,1,1,14,6,1,1,,2,2
2,42,4,4,2005,1,1,1,2,1,1,3,1,1,1,1,5,1,1,8,6,1,1,,2,2
2,42,4,4,2005,1,1,1,2,1,1,3,1,1,1,1,5,1,1,14,6,1,1,,,2
2,42,4,4,2005,2,1,1,2,1,1,1,1,1,1,1,5,1,1,8,6,1,1,,2,2
2,42,4,4,2005,2,5,6,2,1,1,1,1,1,1,1,5,1,1,5,6,1,1,,2,2
8,42,4,2,2005,2,1,1,2,1,1,3,1,1,1,1,5,1,1,5,6,1,1,,2,2
8,42,3,2,2005,4,1,1,2,1,1,3,1,1,1,1,5,1,1,9,6,1,1,,2,2
8,42,4,2,2005,4,3,1,2,1,1,2,1,1,1,1,5,1,1,9,6,1,1,,2,2
8,42,3,3,2005,3,1,4,2,1,1,1,1,1,1,1,5,1,1,10,6,1,1,55,2,2
8,42,4,3,2005,3,1,1,2,1,1,1,1,1,1,1,5,1,1,8,6,1,1,,2,2
8,42,2,4,2005,1,1,1,2,1,1,3,1,1,1,1,5,1,1,14,6,1,1,,,2
8,42,4,4,2005,3,1,1,2,1,1,1,1,1,1,1,5,1,1,8,6,1,1,,2,2
1,42,3,1,2005,2,2,6,2,1,1,1,1,1,1,1,5,1,1,8,6,1,1,28,2,2
1,42,4,1,2005,2,1,1,2,1,1,1,1,1,1,1,5,1,1,9,6,1,1,,2,2
1,42,4,1,2005,2,1,1,2,1,1,1,1,1,1,1,5,1,1,9,6,1,1,,2,2
1,42,4,1,2005,4,1,1,2,1,1,1,1,1,1,1,5,1,1,19,6,,,,,
1,42,3,3,2005,3,1,1,2,2,1,1,1,1,1,1,5,1,1,5,6,1,1,,,2
1,42,4,3,2005,3,3,4,2,1,1,1,1,1,1,1,5,1,1,9,6,1,1,,2,2
1,42,3,4,2005,4,5,6,2,1,1,3,1,1,1,1,5,1,1,9,6,1,1,32,2,2
9,42,4,1,2005,2,1,1,2,1,1,1,1,1,1,1,5,1,1,14,6,1,1,,2,2
9,42,4,1,2005,4,1,1,2,1,1,3,1,1,1,1,5,1,1,14,6,1,1,,2,2
9,42,4,1,2005,1,1,1,2,1,1,3,1,1,1,1,5,1,1,19,6,1,1,,,
9,42,4,2,2005,3,3,6,2,1,1,1,1,1,1,1,5,1,1,8,6,1,1,,2,2
9,42,3,2,2005,2,7,4,2,1,1,1,1,1,1,1,5,1,1,8,6,1,1,,2,2
9,42,4,2,2005,2,3,1,2,1,1,1,1,1,1,1,5,1,1,8,6,1,1,,2,2
9,42,4,3,2005,4,1,1,2,1,1,3,1,1,1,1,5,1,1,8,6,1,1,,2,2
9,42,4,3,2005,1,3,4,2,1,1,3,1,1,1,1,5,1,1,5,6,,,,2,2
9,42,3,3,2005,4,7,4,2,1,1,3,1,1,1,1,5,1,1,9,6,1,1,,,2
9,42,1,3,2005,2,3,4,2,1,1,1,1,1,1,1,5,1,1,8,6,1,1,,2,2
9,42,3,3,2005,2,7,8,2,1,1,2,1,1,1,1,5,1,1,8,6,1,1,,2,2
9,42,3,3,2005,3,1,1,2,1,1,1,1,1,1,1,5,1,1,8,6,1,1,24,2,2
9,42,4,4,2005,3,1,1,2,1,1,1,1,1,1,1,5,1,1,12,6,1,1,,2,2
9,42,4,3,2005,3,1,1,2,1,1,1,1,1,1,1,5,1,1,4,6,,,,2,2
9,42,4,4,2005,1,1,1,2,1,1,3,1,1,1,1,5,1,1,14,6,1,1,,2,2
9,42,4,4,2005,4,1,1,2,1,1,2,1,1,1,1,5,1,1,8,6,1,1,,2,2
9,42,4,4,2005,,3,1,2,1,1,3,1,1,1,1,5,1,1,19,6,,,,,
9,42,4,4,2005,4,1,1,2,1,1,3,1,1,1,1,5,1,1,8,6,1,1,,2,2
9,42,3,4,2005,2,1,1,2,1,1,1,1,1,1,1,5,1,1,14,6,1,1,25,2,2
9,42,4,4,2005,2,1,1,2,1,1,1,1,1,1,1,5,1,1,8,6,1,1,,2,2
9,42,3,4,2005,4,3,4,2,1,1,3,1,1,1,1,5,1,1,9,6,1,1,,2,2
17,42,4,1,2005,2,3,4,2,1,1,1,1,1,1,1,5,1,1,8,6,1,1,,2,2
17,42,2,2,2005,1,3,6,2,1,1,2,1,1,1,1,5,1,1,8,6,1,1,,2,2
17,42,3,2,2005,2,3,6,2,1,1,1,1,1,1,1,5,1,1,8,6,1,1,,2,2
17,42,3,2,2005,2,1,1,2,1,1,1,1,1,1,1,5,1,1,8,6,1,1,,2,2
14,42,4,1,2005,2,1,1,2,1,1,2,1,1,1,1,5,1,1,19,6,,,,,
14,42,3,1,2005,2,1,1,2,1,1,1,1,1,1,1,5,1,1,10,6,1,1,,2,2
14,42,4,2,2005,3,1,1,2,1,1,1,1,1,1,1,5,1,1,19,6,1,1,,2,2
16,42,4,1,2005,4,7,4,2,1,1,3,1,1,1,1,5,1,1,14,6,1,1,,2,2
16,42,4,2,2005,4,1,1,2,1,1,3,1,1,1,1,5,1,1,19,6,,,,,
16,42,4,2,2005,2,1,1,2,1,1,1,1,1,1,1,5,1,1,9,6,1,1,28,2,2
16,42,2,2,2005,4,1,1,2,1,1,3,1,1,1,1,5,1,1,10,6,1,1,,2,2
12,42,4,1,2005,3,1,1,2,1,1,1,1,1,1,1,5,1,1,9,6,,,,2,2
12,42,4,1,2005,2,1,1,2,1,1,1,1,1,1,1,5,1,1,8,6,1,1,,2,2
12,42,4,1,2005,4,3,1,2,1,1,3,1,1,1,1,5,1,1,9,6,1,1,,2,2
12,42,4,1,2005,2,1,1,2,1,1,1,1,1,1,1,5,1,1,10,6,1,1,,2,2
12,42,3,1,2005,2,1,1,2,1,1,1,1,1,1,1,5,1,1,10,6,1,1,,2,2
12,42,4,1,2005,,6,6,2,1,1,2,1,1,1,1,5,1,1,8,6,1,1,30,2,2
12,42,3,2,2005,4,1,1,2,1,1,2,1,1,1,1,5,1,1,11,6,,,,2,2
9,42,3,5,2005,2,2,4,2,1,1,1,1,1,1,1,5,1,1,10,6,1,1,20,2,2
9,42,2,5,2005,1,1,4,2,1,1,3,1,1,1,1,5,1,1,10,6,1,1,27,2,2
9,42,4,6,2005,3,1,4,2,1,1,1,1,1,1,1,5,1,1,10,6,1,1,,2,2
9,42,3,6,2005,2,3,6,2,1,1,1,1,1,1,1,5,1,1,10,6,1,1,,2,2
9,42,3,6,2005,4,1,4,2,1,1,3,1,1,1,1,5,1,1,10,6,1,1,,2,2
9,42,3,7,2005,1,1,1,2,1,1,3,1,1,1,1,5,1,1,13,6,1,1,,2,2
9,42,3,7,2005,4,7,4,2,1,1,3,1,1,1,1,5,1,1,13,6,1,1,,2,2
9,42,4,7,2005,1,1,1,1,2,1,3,1,1,1,1,5,1,1,19,6,,,,,
9,42,4,7,2005,1,1,1,2,1,1,3,1,1,1,1,5,1,1,19,6,,,,,
9,42,3,7,2005,4,5,6,2,1,1,3,1,1,1,1,5,1,1,8,6,1,1,24,2,2
9,42,3,7,2005,4,1,1,2,1,1,3,1,1,1,1,5,1,1,14,6,1,1,,2,2
9,42,4,7,2005,1,1,1,2,1,1,2,1,1,1,1,5,1,1,19,6,1,,,,
21,42,4,2,2005,3,1,1,2,2,1,2,1,1,1,1,5,1,1,14,6,,,,2,2
21,42,4,2,2005,3,1,1,2,1,1,1,1,1,1,1,5,1,1,19,6,,,,,
21,42,4,4,2005,3,1,1,2,2,1,1,1,1,1,1,5,1,1,9,6,1,1,,2,2
21,42,3,4,2005,3,1,1,2,2,1,1,1,1,1,1,5,1,1,9,6,1,1,,2,2
21,42,4,4,2005,1,1,1,2,2,1,3,1,1,1,1,5,1,1,19,6,,,,,
21,42,4,5,2005,1,1,1,2,2,1,4,1,1,1,1,5,1,1,14,6,1,1,,2,2
21,42,4,6,2005,2,3,5,2,2,1,1,1,1,1,1,5,1,1,7,6,1,1,,1,2
21,42,4,8,2005,4,7,8,2,1,1,1,1,1,1,1,5,1,1,14,6,1,1,,2,2
9,42,2,8,2005,4,7,6,2,1,1,3,1,1,1,1,5,1,1,14,7,1,1,38,2,2
17,42,4,3,2005,2,1,4,2,1,1,1,1,1,1,1,5,1,1,10,6,1,1,,2,2
17,42,4,4,2005,3,3,5,2,2,1,1,1,1,1,1,5,1,1,19,6,,,,,
17,42,4,4,2005,3,5,6,2,1,1,1,1,1,1,1,5,1,1,8,6,1,1,,2,2
17,42,3,5,2005,3,1,1,2,1,1,1,1,1,1,1,5,1,1,7,6,,,,,
17,42,3,6,2005,3,1,1,2,2,1,1,1,1,1,1,5,1,1,12,6,1,1,35,2,2
17,42,3,7,2005,3,1,1,2,1,1,1,1,1,1,1,5,1,1,10,6,1,1,,2,2
17,42,4,7,2005,3,1,1,1,1,1,1,1,1,1,1,5,1,1,5,6,1,1,,2,2
17,42,3,4,2005,4,3,6,2,1,1,3,1,1,1,1,5,1,1,10,6,1,1,,2,2
11,42,4,4,2005,2,1,1,2,1,1,1,1,1,1,1,5,1,1,19,6,1,1,,,
11,42,4,4,2005,3,1,1,2,1,1,1,1,1,1,1,5,1,1,11,6,1,1,,2,2
11,42,4,4,2005,3,1,1,2,1,1,1,1,1,1,1,5,2,1,8,6,1,1,,2,2
11,42,4,5,2005,2,5,6,2,1,1,1,1,1,1,1,5,1,1,8,6,1,1,,2,2
11,42,4,5,2005,1,3,6,2,1,1,3,1,1,1,1,5,1,1,10,6,1,1,,2,2
11,42,4,5,2005,1,1,4,2,1,1,3,1,1,1,1,5,1,1,14,6,,,,2,2
11,42,3,5,2005,3,1,1,2,1,1,1,1,1,1,1,5,1,1,8,6,1,1,,2,2
11,42,4,5,2005,1,1,4,2,1,1,2,1,1,1,1,5,1,1,14,6,1,1,,2,2
11,42,3,6,2005,3,3,6,2,1,1,1,1,1,1,1,5,1,1,8,6,1,1,,2,2
11,42,4,6,2005,4,1,1,2,1,1,3,1,1,1,1,5,1,1,19,6,1,1,,,
11,42,4,6,2005,4,1,1,2,1,1,1,1,1,1,1,5,1,1,14,6,1,1,30,2,2
11,42,4,6,2005,1,1,1,2,1,1,3,1,1,1,1,5,1,1,14,6,1,1,,2,2
11,42,3,6,2005,2,5,6,2,1,1,1,1,1,1,1,5,1,1,10,6,1,1,40,2,2
11,42,4,7,2005,1,1,1,2,1,1,3,1,1,1,1,5,1,1,8,6,1,1,,2,2
11,42,3,7,2005,1,1,1,2,1,1,3,1,1,1,1,5,1,1,14,6,,,,2,2
11,42,3,7,2005,4,5,6,2,1,1,3,1,1,1,1,5,1,1,10,6,1,1,,2,2
11,42,4,7,2005,1,1,4,2,1,1,3,1,1,1,1,5,1,1,14,6,,,,2,2
2,42,4,5,2005,2,1,1,2,1,1,2,1,1,1,1,5,1,1,19,6,,,,,2
2,42,4,5,2005,1,1,1,2,2,1,2,1,1,1,1,5,1,1,9,6,1,1,,,
2,42,4,7,2005,2,2,6,2,1,1,1,1,1,1,1,5,1,1,12,6,1,1,32,2,2
2,42,4,7,2005,2,1,1,2,1,1,1,1,1,1,1,5,1,1,9,6,,,,,2