Thana,District,Accident_Severity,Month,Year,Time,Junction_Type,Traffic_Control,Movement,Divider,Weather,Light,Road_Geometry,Surface_Condition,Surface_Type,Surface_Quality,Road_Class,Road_Feature,Location_Type,Vehicle_Type,Vehicle_Movement,Vehicle_Loading,Vehicle_Defect,Vehicle_Driver_Age,Vehicle_Alcohol,Vehicle_Seat_Belt
2,42,4,7,2005,4,1,1,2,1,1,3,1,1,1,1,5,1,1,9,6,1,1,25,2,2
2,42,4,7,2005,1,1,1,2,1,1,3,1,1,1,1,5,1,1,14,6,1,1,,2,2
12,42,4,4,2005,4,6,4,2,1,1,3,1,1,1,1,5,1,1,19,6,,,,,2
12,42,4,4,2005,2,3,6,2,1,1,1,1,1,1,1,5,1,1,8,6,1,1,,2,2
12,42,4,5,2005,3,1,1,2,2,1,1,1,1,1,1,5,1,1,12,6,,,,2,2
12,42,4,6,2005,4,1,1,2,1,1,1,1,1,1,1,5,1,1,19,6,,,,2,2
12,42,4,6,2005,2,5,6,2,1,1,1,1,1,1,1,5,1,1,9,6,1,1,,2,2
12,42,4,6,2005,4,1,1,2,1,1,3,1,1,1,1,5,1,1,19,6,,,,,2
14,42,3,4,2005,2,3,4,2,1,1,1,1,1,1,1,5,1,1,9,6,1,1,,2,2
14,42,4,4,2005,4,1,1,2,1,1,3,1,1,1,1,5,1,1,15,6,1,1,,2,2
14,42,4,4,2005,2,7,4,2,1,1,1,1,1,1,1,5,1,1,12,6,1,1,,2,2
14,42,4,4,2005,3,1,1,2,1,1,1,1,1,1,1,5,1,1,19,6,,,,2,2
14,42,4,4,2005,2,1,1,2,1,1,1,1,1,1,1,5,1,1,9,6,1,1,,2,2
14,42,3,4,2005,2,,1,2,1,1,1,1,1,1,1,5,1,1,11,6,1,1,,2,2
14,42,2,6,2005,2,5,4,2,1,1,1,1,1,1,1,5,1,1,15,6,1,1,,2,2
14,42,3,6,2005,3,3,6,2,1,1,1,1,1,1,1,5,1,1,8,6,1,1,,2,2
14,42,3,6,2005,2,1,1,2,1,1,1,1,1,1,1,5,1,1,4,6,1,1,30,2,1
3,42,4,3,2005,4,3,1,2,2,1,3,1,1,1,1,5,1,1,14,6,1,1,30,2,2
3,42,3,5,2005,2,7,8,1,2,1,1,1,1,1,1,5,1,1,9,6,1,1,,2,2
3,42,3,5,2005,3,1,1,1,2,1,1,1,1,1,1,5,1,1,10,6,1,1,,2,2
3,42,3,6,2005,1,3,1,2,1,1,3,1,1,1,1,5,1,1,14,6,1,1,,2,2
3,42,2,7,2005,1,1,1,2,1,1,3,1,1,1,1,5,1,1,14,6,1,1,30,2,2
3,42,3,7,2005,1,3,1,2,1,1,3,1,1,1,1,5,1,1,14,6,1,1,30,2,2
22,42,4,1,2005,4,3,8,1,2,1,3,1,1,1,1,5,1,1,19,6,,,,,
22,42,4,1,2005,4,7,1,2,1,1,2,1,1,1,1,5,1,1,10,6,1,1,,2,2
22,42,3,2,2005,3,1,4,2,2,1,1,1,1,1,1,5,1,1,9,6,,,42,2,2
22,42,3,3,2005,3,5,4,2,1,1,1,1,1,1,1,5,1,1,9,6,1,1,,2,2
22,42,4,3,2005,4,7,1,2,1,1,3,1,1,1,1,5,1,1,9,6,1,1,,2,2
22,42,4,4,2005,4,1,8,2,1,1,3,1,1,1,1,5,1,1,19,6,,,,,
22,42,4,4,2005,4,7,8,2,1,1,3,1,1,1,1,5,1,1,19,6,,,,,
18,42,1,2,2005,3,3,4,2,1,1,1,1,1,1,1,5,1,1,14,6,1,1,40,2,2
18,42,4,6,2005,2,1,1,2,2,1,2,1,1,1,1,5,1,1,8,6,1,1,,2,2
18,42,4,7,2005,3,1,1,2,1,1,1,1,1,1,1,5,1,1,8,6,1,,,,2
15,42,4,5,2005,2,1,1,1,1,1,2,1,1,1,1,5,1,1,9,6,1,1,30,2,2
15,42,4,7,2005,4,1,1,1,1,1,3,1,1,1,1,5,1,1,8,6,1,1,,2,2
15,42,4,8,2005,3,7,2,1,2,1,1,1,1,1,1,5,1,1,14,6,1,1,,2,2
15,42,4,8,2005,2,1,1,1,1,1,1,1,1,1,1,5,1,1,8,6,1,1,28,2,2
8,42,3,5,2005,4,1,4,2,1,1,3,1,1,1,1,5,1,1,8,6,1,1,,2,2
8,42,4,5,2005,4,1,1,2,2,1,3,1,1,1,1,5,1,1,5,6,1,1,,2,2
8,42,3,6,2005,2,1,1,2,1,1,1,1,1,1,1,5,1,1,10,6,1,1,,2,2
8,42,4,8,2005,2,5,6,2,1,1,1,1,1,1,1,5,1,1,4,6,1,1,32,2,2
8,42,4,9,2005,3,3,1,2,1,1,1,1,1,1,1,5,1,1,9,6,1,1,,2,2
8,42,4,9,2005,3,1,1,2,1,1,1,1,1,1,1,5,1,1,9,6,1,1,,2,2
8,42,3,9,2005,2,3,4,2,1,1,1,1,1,1,1,5,1,1,10,6,1,1,,2,2
8,42,4,10,2005,4,1,1,2,1,1,3,1,1,1,1,5,1,1,8,6,1,1,,2,2
1,42,4,5,2005,2,1,4,2,1,1,1,1,1,1,1,5,1,1,8,6,1,1,,2,2
1,42,4,5,2005,3,2,6,2,1,1,1,1,1,1,1,5,1,1,8,6,1,1,,2,2
1,42,4,5,2005,4,2,6,2,1,1,3,1,1,1,1,5,1,1,4,6,1,1,,2,2
1,42,4,5,2005,2,2,6,2,1,1,1,1,1,1,1,5,1,1,10,6,1,1,,2,2
1,42,4,6,2005,4,5,6,2,1,1,3,1,1,1,1,5,1,1,9,6,1,1,,2,2
1,42,4,6,2005,2,2,6,2,1,1,1,1,1,1,1,5,1,1,9,6,1,1,,2,2
1,42,2,7,2005,3,1,4,2,1,1,1,1,1,1,1,5,1,1,8,6,1,1,,2,2
1,42,3,7,2005,3,1,1,2,1,1,1,1,1,1,1,5,1,1,8,6,1,1,,2,2
1,42,4,7,2005,4,5,6,2,1,1,3,1,1,1,1,5,1,1,14,6,1,1,,2,2
1,42,3,7,2005,2,1,1,2,2,1,1,1,1,1,1,5,1,1,9,6,1,1,26,2,2
1,42,4,7,2005,2,1,1,2,1,1,1,1,1,1,1,5,1,1,9,6,1,1,,2,2
1,42,4,8,2005,4,1,1,2,2,1,3,1,1,1,1,5,1,1,5,6,1,1,,2,2
1,42,2,8,2005,4,1,1,2,1,1,3,1,1,1,1,5,1,1,8,6,1,1,,2,2
1,42,4,8,2005,1,1,1,2,1,1,3,1,1,1,1,5,1,1,14,6,1,1,,2,2
1,42,3,9,2005,4,3,6,2,1,1,2,1,1,1,1,5,1,1,7,6,1,1,,2,2
1,42,4,9,2005,4,1,1,2,1,1,3,1,1,1,1,5,1,1,8,6,1,1,30,2,2
1,42,3,10,2005,2,2,6,2,1,1,1,1,1,1,1,5,1,1,10,6,1,1,,2,2
1,42,3,10,2005,3,1,1,2,1,1,1,1,1,1,1,5,1,1,8,6,1,1,30,2,2
1,42,2,9,2005,2,1,1,2,1,1,1,1,1,1,1,5,1,1,8,6,1,1,,2,2
1,42,4,10,2005,2,1,1,2,1,1,1,1,1,1,1,5,1,1,8,6,1,1,,2,2
1,42,3,11,2005,2,1,1,2,1,1,1,1,1,1,1,5,1,1,4,6,1,1,,2,2
1,42,4,11,2005,3,2,6,2,1,1,1,1,1,1,1,5,1,1,8,6,1,1,25,2,2
1,42,4,11,2005,4,1,1,2,1,1,3,1,1,1,1,5,1,1,14,6,1,1,,2,2
1,42,3,11,2005,2,3,1,2,2,1,1,1,1,1,1,5,1,1,10,6,1,1,22,2,2
1,42,3,11,2005,2,2,6,2,1,1,1,1,1,1,1,5,1,1,8,6,1,1,,2,2
1,42,4,11,2005,3,2,6,2,1,1,1,1,1,1,1,5,1,1,8,6,1,1,,2,2
1,42,4,11,2005,1,1,1,2,2,1,3,1,1,1,1,5,1,1,19,6,1,1,,2,2
1,42,3,12,2005,3,2,6,2,1,1,1,1,1,1,1,5,1,1,9,6,1,1,,2,2
1,42,3,12,2005,2,1,1,2,1,1,1,1,1,1,1,5,1,1,11,6,1,1,,2,2
1,42,4,12,2005,3,1,1,2,1,1,1,1,1,1,1,5,1,1,8,6,1,1,,2,2
1,42,4,12,2005,3,2,4,2,1,1,1,1,1,1,1,5,1,1,12,6,1,1,26,2,2
10,42,4,2,2005,4,1,1,1,1,1,3,1,1,1,1,5,1,1,8,6,1,1,,2,2
10,42,4,2,2005,2,1,1,2,2,1,1,1,1,1,1,5,1,1,12,6,1,1,,2,2
10,42,4,2,2005,2,1,1,2,2,1,2,1,1,1,1,5,1,1,14,6,1,1,,2,2
10,42,4,2,2005,1,3,6,1,1,1,3,1,1,1,1,5,1,1,9,6,1,1,,2,2
10,42,4,2,2005,4,1,1,2,1,1,4,1,1,1,1,5,1,1,14,6,1,1,,2,2
10,42,4,2,2005,1,1,1,2,2,1,4,1,1,1,1,5,1,1,19,6,1,1,,2,2
10,42,4,3,2005,1,3,5,1,1,1,3,1,1,1,1,5,1,1,19,6,1,1,,,
10,42,4,4,2005,3,1,1,2,2,1,1,1,1,1,1,5,1,1,12,6,1,1,,2,2
10,42,4,4,2005,1,1,1,2,2,1,4,1,1,1,1,5,1,1,14,6,1,1,,2,2
10,42,4,4,2005,3,3,6,1,1,1,1,1,1,1,1,5,1,1,9,6,1,1,,2,2
10,42,2,4,2005,2,1,1,1,1,1,1,1,1,1,1,5,1,1,7,6,1,1,,2,2
10,42,4,5,2005,3,1,1,2,2,1,1,1,1,1,1,5,1,1,19,6,1,1,,,2
10,42,4,6,2005,1,1,1,2,2,1,3,1,1,1,1,5,1,1,14,6,1,1,,2,2
2,42,2,8,2005,3,1,1,1,1,1,1,1,1,1,1,5,1,1,14,6,1,1,,2,2
2,42,4,8,2005,1,5,5,1,1,1,2,1,1,1,1,5,1,1,14,9,1,1,,,2
2,42,4,8,2005,2,1,1,1,1,1,1,1,1,1,1,5,1,1,8,6,1,1,,2,2
2,42,4,8,2005,1,1,1,1,1,1,3,1,1,1,1,5,1,1,14,6,1,1,,2,2
2,42,3,9,2005,2,1,1,1,1,1,1,1,1,1,1,5,1,1,8,6,1,1,22,2,2
2,42,4,9,2005,4,1,1,2,2,1,3,1,1,1,1,5,1,1,19,6,1,1,,,
2,42,2,10,2005,2,2,4,1,1,1,2,1,1,1,1,5,1,1,9,6,1,1,,2,2
2,42,4,10,2005,3,5,6,1,1,1,1,1,1,1,1,5,1,1,9,6,1,1,,2,2
2,42,4,10,2005,2,1,1,1,1,1,1,1,1,1,1,5,1,1,8,6,1,1,,2,2
2,42,4,10,2005,3,1,1,1,1,1,1,1,1,1,1,5,1,1,15,6,1,1,,2,2
2,42,4,10,2005,2,1,1,1,1,1,1,1,1,1,1,5,1,1,19,6,1,1,,,
2,42,4,11,2005,1,2,1,1,1,1,3,1,1,1,1,5,1,1,15,6,1,1,,2,2
10,42,4,8,2005,4,1,1,2,2,1,4,1,1,1,1,5,1,1,8,6,1,1,,2,2
10,42,3,9,2005,1,1,1,2,2,1,3,1,1,1,1,5,1,1,10,6,1,1,,2,2
10,42,3,9,2005,1,1,5,1,1,1,3,1,1,1,1,5,1,1,7,6,1,1,,2,2
10,42,3,9,2005,2,1,1,1,1,1,1,1,1,1,1,5,1,1,8,6,1,1,,2,2
10,42,4,10,2005,3,1,1,2,2,1,1,1,1,1,1,5,1,1,11,6,1,1,,2,2
10,42,4,11,2005,2,1,1,2,2,1,1,1,1,1,1,5,1,1,9,6,1,1,,2,2
10,42,4,11,2005,2,1,1,1,1,1,1,1,1,1,1,5,1,1,19,6,,,,,
10,42,4,11,2005,2,1,1,2,2,1,1,1,1,1,1,5,1,1,14,6,1,1,,2,2
10,42,4,12,2005,4,3,5,1,1,1,3,1,1,1,1,5,1,1,13,6,1,1,,,2
10,42,4,12,2005,1,3,5,1,1,1,3,1,1,1,1,5,1,1,14,6,1,1,,2,2
10,42,4,12,2005,1,1,1,2,2,1,4,1,1,1,1,5,1,1,14,6,1,1,,2,2
10,42,4,12,2005,4,1,1,2,2,1,3,1,1,1,1,5,1,1,14,6,1,1,,2,2
4,42,4,1,2005,2,1,1,2,2,1,1,1,1,1,1,5,1,1,19,6,,,,,
4,42,4,1,2005,1,1,1,2,2,1,3,1,1,1,1,5,1,1,14,6,,,,,2
4,42,4,1,2005,3,2,4,1,1,1,1,1,1,1,1,5,1,1,9,6,1,1,,,2
4,42,4,2,2005,4,1,1,2,2,1,3,1,1,1,1,5,1,1,14,6,1,1,,2,2
4,42,4,2,2005,1,7,4,1,1,1,3,1,1,1,1,5,1,1,14,6,1,1,,,
4,42,4,2,2005,1,2,4,1,1,1,2,1,1,1,1,5,1,1,9,6,1,1,,2,2
4,42,4,4,2005,2,1,1,2,2,1,1,1,1,1,1,5,1,1,14,6,1,1,,2,2
4,42,4,6,2005,4,1,1,2,2,1,3,1,1,1,1,5,1,1,9,6,1,1,,2,2
4,42,4,7,2005,2,1,1,1,1,1,1,1,1,1,1,5,1,1,14,6,1,1,,2,2
4,42,4,9,2005,2,1,1,2,2,1,2,1,1,1,1,5,1,1,12,6,1,1,24,2,2
4,42,4,9,2005,3,1,1,1,1,1,1,1,1,1,1,5,1,1,9,6,1,1,22,2,2
4,42,4,10,2005,1,1,1,2,2,1,3,1,1,1,1,5,1,1,8,6,1,1,,2,2
4,42,4,11,2005,1,1,1,2,2,1,2,1,1,1,1,5,1,1,14,6,1,1,,,
4,42,4,11,2005,3,1,1,2,2,1,1,1,1,1,1,5,1,1,14,6,1,1,,2,2
6,42,4,5,2005,2,1,1,1,1,1,1,1,1,1,1,5,1,1,19,6,,,,,
6,42,4,5,2005,4,1,1,2,2,1,3,1,1,1,1,5,1,1,14,6,1,1,,2,2
6,42,4,4,2005,2,1,1,2,2,1,1,1,1,1,1,5,1,1,19,6,,,,,
6,42,4,5,2005,2,1,1,2,2,1,1,1,1,1,1,5,1,1,8,6,1,1,,2,2
6,42,4,5,2005,4,1,1,2,2,1,3,1,1,1,1,5,1,1,16,6,,,,,
6,42,4,6,2005,2,1,1,1,1,1,1,1,1,1,1,5,1,1,8,6,1,1,,2,2
6,42,4,6,2005,2,2,4,1,1,1,1,1,1,1,1,5,1,1,12,6,1,1,35,2,2
6,42,4,6,2005,3,1,1,2,2,1,1,1,1,1,1,5,1,1,9,6,1,1,,2,2
6,42,4,6,2005,4,1,1,2,2,1,3,1,1,1,1,5,1,1,9,6,1,1,,2,2
6,42,3,7,2005,4,5,6,1,1,1,3,1,1,1,1,5,1,1,9,6,1,1,,2,2
6,42,4,7,2005,1,1,1,2,2,1,3,1,1,1,1,5,1,1,13,6,1,1,35,2,2
6,42,4,7,2005,1,1,1,2,2,1,4,1,1,1,1,5,1,1,8,6,1,1,,2,2
6,42,4,7,2005,3,1,1,2,2,1,1,1,1,1,1,5,1,1,8,6,1,1,,2,2
6,42,4,7,2005,4,1,1,1,1,1,3,1,1,1,1,5,1,1,14,6,1,1,,2,2
6,42,4,7,2005,4,1,1,1,1,1,3,1,1,1,1,5,1,1,14,6,1,1,,2,2
6,42,4,7,2005,1,5,6,1,1,1,3,1,1,1,1,5,1,1,14,6,1,1,,2,2
8,26,4,1,2005,4,7,3,1,1,3,1,1,1,1,1,1,3,2,14,6,1,1,30,1,2
3,26,4,1,2005,3,1,3,2,2,1,1,1,1,1,1,1,1,2,,,1,6,40,2,2
7,26,4,5,2005,2,1,1,2,1,1,1,1,2,1,1,4,1,2,4,6,1,7,35,1,2
7,26,3,5,2005,3,1,1,2,2,1,1,1,1,3,2,4,4,2,14,6,1,7,45,2,2
6,26,4,5,2005,3,7,8,2,2,1,1,1,1,3,2,4,1,2,14,1,1,7,30,1,2
4,26,4,8,2005,4,3,3,2,1,1,4,2,1,1,1,1,1,2,14,6,1,7,,1,2
4,26,4,8,2005,2,1,1,2,2,2,1,2,2,1,1,1,1,2,9,5,1,7,40,1,2
6,26,4,8,2005,3,1,1,2,1,1,1,1,1,1,1,3,1,2,4,11,1,1,25,1,2
4,26,4,12,2005,3,1,1,1,2,1,1,1,1,1,1,1,1,2,14,11,1,7,30,1,2
1,24,4,2,2005,2,1,1,2,2,1,1,1,1,1,1,1,1,2,17,4,1,7,30,2,2
1,21,4,2,2005,3,1,1,1,2,1,1,1,1,1,1,1,1,2,9,5,1,1,,1,2
1,21,4,2,2005,4,1,1,2,2,1,2,1,1,1,1,1,1,2,9,6,1,1,45,1,2
1,21,4,3,2005,2,1,1,2,2,1,1,1,1,1,1,1,1,2,9,6,1,1,30,1,2
4,21,4,4,2005,4,1,1,2,2,1,4,1,1,1,1,2,1,2,8,6,1,1,35,1,2
1,21,4,5,2005,3,1,1,2,2,1,1,1,1,1,1,1,1,2,9,6,1,1,38,1,2
1,21,4,5,2005,3,1,1,2,2,1,1,1,1,1,1,1,1,2,14,6,1,1,40,1,2
1,21,4,1,2005,1,1,1,2,2,4,2,1,1,1,1,2,1,1,14,6,1,1,40,1,2
3,21,4,1,2005,3,1,1,2,2,1,1,1,1,1,1,1,1,1,9,2,2,1,40,2,2
1,21,4,6,2005,4,1,1,2,2,1,1,1,1,1,1,2,1,2,9,6,2,1,,1,2
1,21,4,12,2005,2,1,1,2,2,4,1,1,2,1,1,3,1,2,8,6,1,1,40,1,2
2,22,4,8,2005,2,5,1,2,2,1,1,1,1,1,1,4,1,2,9,7,2,1,,1,2
1,22,4,6,2005,2,2,1,2,2,1,1,1,1,1,1,1,1,2,7,6,1,1,,2,2
1,22,4,4,2005,2,7,8,2,2,1,1,1,1,1,1,1,1,2,14,6,1,7,42,1,2
1,22,4,4,2005,3,3,5,2,2,1,1,1,1,1,1,1,1,2,9,6,1,1,,2,2
1,22,4,4,2005,1,1,5,2,2,1,4,1,1,1,1,1,1,2,6,1,1,7,,2,2
1,22,4,11,2005,3,1,1,1,2,1,1,1,1,1,1,1,1,1,9,6,1,1,,1,2
1,22,4,11,2005,3,1,1,1,2,1,1,1,1,1,1,3,1,2,9,6,1,1,,1,2
4,22,4,1,2005,2,1,1,2,2,1,1,1,1,1,1,1,1,2,9,4,1,7,42,2,2
1,22,4,1,2005,2,1,1,2,1,1,1,1,1,1,1,1,1,2,12,6,1,1,,2,2
1,22,4,1,2005,3,2,1,2,2,1,1,1,1,1,1,1,1,2,7,6,1,1,29,2,2
2,19,4,8,2005,2,7,1,2,2,1,1,2,1,1,1,3,1,2,9,1,1,1,45,2,2
2,19,4,10,2005,3,1,1,1,2,1,1,1,1,1,1,2,1,2,9,6,1,7,,1,2
3,19,3,11,2005,2,7,1,2,2,1,1,1,1,1,3,1,2,,4,2,1,1,42,2,2
1,19,4,1,2005,3,1,1,2,2,1,1,1,1,1,1,2,1,2,9,6,1,1,,2,2
1,23,4,1,2005,2,1,3,1,2,1,1,1,1,1,1,4,1,1,15,1,1,1,,2,2
1,28,4,6,2005,1,1,8,2,2,1,4,1,1,1,1,1,1,2,7,6,1,1,,2,2
3,14,4,7,2005,2,7,1,2,2,1,1,3,1,3,2,4,4,1,14,6,1,2,30,2,2
3,14,4,7,2005,2,1,3,1,2,1,1,1,1,1,1,5,1,1,4,6,1,1,30,2,2
2,14,4,7,2005,4,1,1,2,2,1,4,1,1,1,1,5,1,1,14,6,2,1,28,1,2
1,14,4,8,2005,3,1,1,2,2,1,1,1,1,1,1,5,1,1,17,6,1,1,20,1,2
2,14,3,9,2005,2,1,2,2,1,1,2,1,1,1,1,5,1,1,14,6,1,7,42,2,2
1,14,3,10,2005,2,3,2,2,2,1,1,1,1,1,1,5,1,1,6,4,1,1,20,2,2
4,14,4,10,2005,2,1,1,2,2,1,1,1,1,1,1,2,1,1,8,6,1,1,28,2,2
4,14,4,10,2005,3,1,3,1,2,1,1,1,1,1,1,5,1,2,6,6,1,1,32,2,2
4,14,4,10,2005,2,1,1,2,2,1,1,1,1,1,1,5,1,1,9,6,1,1,,2,2
2,14,3,11,2005,3,7,1,2,2,1,1,1,1,1,1,1,1,1,12,6,1,1,22,2,2
2,14,4,11,2005,2,1,1,2,2,4,2,1,1,1,1,1,1,1,9,6,1,1,,1,2
3,14,4,11,2005,2,1,1,2,1,1,2,1,1,1,1,5,1,1,8,11,1,7,,2,2
1,14,4,11,2005,1,2,1,1,1,1,3,1,1,1,1,5,1,1,9,5,2,7,,1,2
3,14,4,7,2005,3,1,1,2,2,1,1,1,1,1,1,5,1,1,8,6,1,1,32,2,2
3,14,4,1,2005,3,1,1,1,2,1,1,1,1,1,1,5,1,1,11,6,1,3,23,2,2
1,14,4,2,2005,3,1,8,1,2,1,1,1,1,3,1,5,1,1,14,6,1,1,45,1,2
2,14,3,2,2005,2,1,1,2,1,1,1,1,1,1,1,5,1,1,7,6,1,1,25,2,2
3,14,4,2,2005,3,1,1,2,2,1,1,1,1,1,1,1,1,1,4,6,1,1,40,2,2
4,14,4,3,2005,3,1,1,2,2,1,1,1,1,1,1,5,1,1,8,5,1,1,28,2,2
3,14,4,3,2005,2,1,1,2,2,1,2,1,1,1,1,5,1,1,9,6,1,1,,2,2
2,14,4,4,2005,2,1,2,2,1,1,1,1,1,1,1,1,1,1,8,6,1,1,35,2,2
1,14,4,4,2005,3,1,1,2,2,1,1,1,1,1,1,5,1,1,5,4,1,1,22,2,2
3,14,4,5,2005,4,7,4,2,2,1,1,1,1,1,1,1,1,1,14,6,1,7,,1,2
3,14,4,5,2005,3,1,2,2,2,1,4,1,1,1,3,5,1,1,14,6,1,1,,1,2
2,14,4,6,2005,4,7,1,1,1,4,1,1,1,1,1,5,1,1,9,6,1,7,,1,2
3,14,4,6,2005,2,3,4,2,2,1,1,3,1,1,1,5,1,1,10,6,1,7,35,1,2
2,14,4,2,2005,3,1,1,2,2,1,1,1,1,1,1,5,1,1,4,6,1,1,40,2,2
5,4,1,5,2005,3,1,1,1,1,1,1,1,1,1,1,2,1,2,16,6,1,1,,2,2
1,12,4,2,2005,1,1,1,2,2,1,1,1,1,1,1,2,2,2,8,6,1,1,,2,2
1,12,4,6,2005,1,1,1,2,2,1,1,1,2,1,1,2,1,1,13,6,1,1,40,2,2
3,12,4,1,2005,2,1,1,2,2,1,1,1,1,1,2,1,2,,14,6,1,1,,2,2
3,12,4,3,2005,1,1,1,2,2,1,1,1,5,1,2,2,1,2,19,6,1,1,,2,2
4,12,4,5,2005,1,7,1,2,2,1,1,1,1,1,1,2,1,2,6,11,1,1,30,2,2
6,15,4,4,2005,2,7,2,1,2,1,1,1,1,1,1,1,1,2,13,11,1,1,45,2,2
6,15,4,2,2005,1,1,1,2,2,1,4,1,1,1,1,1,1,2,14,11,1,1,39,2,2
6,15,4,1,2005,1,1,1,2,2,1,4,1,1,1,1,1,1,2,19,11,1,1,,2,2
4,15,4,3,2005,2,2,1,2,2,1,1,1,1,1,1,1,1,2,9,6,1,1,42,2,2
4,15,4,3,2005,1,1,1,2,2,1,2,1,1,1,1,1,1,2,9,6,1,1,,2,2
4,13,4,1,2005,1,1,1,2,2,1,2,1,1,1,1,1,1,2,9,6,1,1,,2,2
1,15,1,3,2005,4,1,1,2,2,1,2,1,1,1,1,1,1,2,12,6,1,1,25,2,2
6,15,4,4,2005,2,1,1,2,2,1,1,1,1,1,1,1,1,2,13,11,1,7,,2,2
7,15,4,4,2005,1,1,1,2,2,1,4,1,1,1,2,1,2,,13,6,1,1,,2,2
3,15,4,1,2005,1,1,1,2,2,1,2,1,1,1,1,3,1,2,4,6,1,1,,2,2
3,15,4,4,2005,2,1,1,2,2,1,1,1,1,1,1,1,1,2,14,6,1,1,40,2,2
3,15,4,5,2005,1,1,1,2,2,1,4,1,1,1,1,1,1,2,19,11,1,1,,2,2
1,15,4,6,2005,1,1,1,2,2,1,4,1,1,1,1,1,1,2,14,6,1,1,35,2,2
1,4,4,6,2005,2,1,1,2,2,1,1,1,1,1,1,3,1,2,8,6,1,1,,2,2
1,4,4,4,2005,4,3,1,2,2,1,4,1,1,1,1,2,1,2,8,6,1,1,38,2,2
6,4,4,3,2005,3,1,1,2,2,1,1,1,1,1,1,1,1,2,9,6,1,1,,2,2
4,4,4,4,2005,1,1,1,2,2,1,1,1,1,1,1,3,1,2,14,1,1,1,40,2,2
4,4,4,5,2005,1,7,1,2,2,1,4,1,1,1,1,3,1,2,9,6,1,1,30,2,2
10,3,4,6,2005,2,1,3,2,2,1,1,1,1,1,1,3,1,2,9,6,1,1,45,2,2
5,3,4,6,2005,1,1,1,2,2,1,1,2,1,1,1,3,1,2,8,9,2,1,44,2,2
12,3,4,6,2005,3,1,7,2,2,1,1,1,1,1,1,4,1,2,7,11,1,1,30,2,2
1,3,3,1,2005,1,1,1,2,2,1,4,2,1,1,1,1,1,2,10,6,1,1,,2,2
1,3,4,2,2005,1,1,1,2,2,1,1,1,1,1,1,1,1,2,19,6,1,1,20,2,2
1,3,4,3,2005,1,1,1,2,2,2,4,1,1,2,1,1,1,2,9,6,1,1,,2,2
1,3,3,4,2005,2,1,1,2,2,2,1,2,1,1,1,1,1,2,3,6,1,1,,2,2
3,3,4,4,2005,3,7,2,2,2,1,1,1,1,1,1,2,1,2,9,2,1,1,40,2,2
13,3,1,5,2005,3,1,1,2,2,1,1,1,1,1,1,2,1,2,9,5,1,1,50,2,2
2,3,4,3,2005,3,1,1,2,2,1,1,1,1,1,1,4,1,2,9,6,1,1,43,2,2
3,3,3,3,2005,3,1,1,2,2,1,1,1,1,1,2,2,1,2,7,5,1,1,40,2,2
13,3,4,1,2005,2,1,1,2,2,4,1,1,1,1,1,4,1,2,4,6,1,1,,2,2
6,3,4,1,2005,4,1,1,2,2,1,1,1,1,1,1,2,1,2,19,6,1,1,,1,2
4,3,1,1,2005,1,1,1,2,2,1,4,1,1,1,1,3,1,2,9,6,1,1,45,2,2
4,3,4,1,2005,2,1,3,2,2,1,1,1,1,1,1,3,1,2,9,6,1,1,35,2,2
1,16,4,5,2005,2,1,1,2,2,1,1,1,1,1,1,4,1,2,8,6,1,1,30,2,2
6,16,4,2,2005,1,1,1,2,1,1,2,1,1,1,1,1,1,2,9,6,1,1,,2,2
6,16,4,5,2005,3,1,1,1,1,1,2,3,1,1,1,1,1,2,9,6,1,1,,2,2
2,7,4,4,2005,2,1,1,2,2,1,1,1,1,1,1,4,1,2,9,6,1,1,34,1,2
1,7,4,4,2005,1,1,1,2,2,1,2,1,1,1,1,1,1,2,14,6,1,1,41,1,2
1,7,3,6,2005,3,3,1,2,2,1,1,1,1,1,1,2,1,2,12,6,1,1,25,2,2
3,7,4,6,2005,1,1,1,1,1,1,1,1,1,1,1,2,1,2,5,6,1,1,,2,2
10,7,4,6,2005,2,1,1,2,2,1,1,1,1,1,1,2,1,2,19,6,1,1,,2,2
1,7,4,6,2005,3,1,1,1,2,1,1,1,1,1,1,2,1,1,14,6,1,1,,2,2
10,7,4,6,2005,1,1,1,2,2,1,1,1,1,1,1,2,1,2,12,6,1,1,,2,2
7,7,4,1,2005,4,1,1,2,2,4,4,2,1,1,1,3,1,2,8,6,1,1,35,2,2
1,7,4,5,2005,1,1,1,2,2,1,2,1,1,1,1,3,1,2,19,6,1,1,,2,2
1,7,4,6,2005,1,7,2,2,2,1,1,1,1,1,1,1,1,2,8,11,1,1,30,2,2
1,7,4,6,2005,3,7,1,2,2,1,1,1,1,1,1,3,1,2,9,11,1,1,,2,2
12,9,4,4,2005,1,1,1,2,2,1,2,1,1,1,1,1,1,2,9,5,1,1,,1,2
12,9,1,4,2005,4,1,1,2,2,1,4,1,1,1,1,1,1,2,5,6,1,1,30,2,2
12,9,1,3,2005,3,1,1,2,2,1,1,2,1,1,1,1,1,2,9,11,1,1,45,2,2
12,9,4,5,2005,3,1,3,2,2,1,1,1,1,1,1,1,1,2,9,5,1,1,,1,2
1,9,4,4,2005,2,1,1,2,2,1,2,1,1,1,1,1,1,2,14,1,1,1,,2,2
10,9,3,4,2005,4,1,1,2,2,1,4,1,1,1,1,1,1,2,13,4,1,1,40,2,2
12,9,4,6,2005,1,1,1,2,2,1,1,1,1,1,1,1,1,2,9,6,1,1,,2,2