Thana,District,Accident_Severity,Month,Year,Time,Junction_Type,Traffic_Control,Movement,Divider,Weather,Light,Road_Geometry,Surface_Condition,Surface_Type,Surface_Quality,Road_Class,Road_Feature,Location_Type,Vehicle_Type,Vehicle_Movement,Vehicle_Loading,Vehicle_Defect,Vehicle_Driver_Age,Vehicle_Alcohol,Vehicle_Seat_Belt
12,9,3,1,2005,1,1,1,2,2,1,1,1,1,1,1,1,1,2,1,5,1,1,35,1,2
1,9,4,6,2005,2,1,2,2,2,1,3,2,1,1,1,1,1,1,8,6,1,1,,2,2
12,9,4,6,2005,4,1,1,2,2,1,2,1,1,1,2,2,1,1,7,6,1,1,31,2,2
11,9,3,5,2005,3,1,1,2,2,2,1,1,1,1,1,2,1,2,14,6,1,1,,2,2
6,9,4,4,2005,3,1,1,1,1,1,1,1,1,1,1,4,1,2,13,6,1,1,22,2,2
1,9,4,1,2005,2,7,8,2,2,1,1,1,1,1,1,5,1,1,9,7,1,1,15,2,2
7,16,4,3,2005,3,1,1,2,2,1,2,1,1,1,1,2,1,2,14,6,1,1,,2,2
7,16,4,3,2005,2,1,1,1,2,1,1,1,1,1,1,2,1,2,8,6,1,1,,1,2
7,16,4,4,2005,1,1,1,1,2,1,2,1,1,1,1,3,1,2,14,6,1,1,,2,2
9,16,4,3,2005,3,1,1,2,2,1,1,1,1,1,1,1,1,2,14,6,1,7,,2,2
5,16,4,2,2005,3,1,1,2,2,1,1,1,1,1,1,3,1,2,8,6,1,1,,1,2
5,16,4,3,2005,2,1,8,2,2,1,1,2,1,1,1,2,1,2,13,11,1,1,35,1,2
5,16,4,4,2005,3,2,8,2,2,1,2,1,1,1,1,2,1,2,9,6,1,1,,1,2
5,16,4,4,2005,3,1,8,2,2,1,1,1,1,1,1,2,1,2,11,11,1,1,35,1,2
11,16,3,1,2005,2,5,3,2,2,1,1,1,1,1,1,1,1,2,8,6,1,1,,2,2
11,16,3,2,2005,2,7,1,2,2,1,1,1,1,1,1,1,1,2,9,6,1,1,,2,2
11,16,4,2,2005,3,7,1,2,2,1,1,1,1,1,1,1,1,2,7,6,1,1,,2,2
11,16,4,6,2005,1,7,8,2,2,1,4,2,1,1,1,1,1,2,9,1,1,1,,2,2
10,16,4,4,2005,1,7,8,2,2,1,2,1,1,1,1,1,2,2,19,11,1,7,,1,2
7,13,3,6,2005,1,1,1,2,2,1,1,2,1,1,1,5,1,2,19,6,1,1,35,2,2
4,15,4,1,2005,2,1,1,2,2,1,2,1,1,1,1,1,1,2,9,6,1,1,,2,2
9,13,4,4,2005,3,1,1,1,2,1,1,1,1,3,3,4,1,2,13,6,1,1,,2,2
2,13,3,4,2005,3,1,1,1,1,1,1,1,1,1,1,2,1,2,14,6,1,1,,2,2
2,15,4,6,2005,1,1,1,2,2,1,1,1,1,1,1,4,1,2,16,11,1,1,,2,2
5,6,4,4,2005,2,1,1,2,2,1,1,1,1,1,1,1,1,2,4,6,1,1,22,2,2
5,6,4,3,2005,3,1,1,2,2,1,1,2,1,1,1,1,1,2,9,2,1,1,38,2,2
5,6,4,2,2005,1,5,1,2,2,4,2,2,1,1,1,1,1,2,9,2,1,1,35,2,2
4,6,3,4,2005,2,1,1,1,2,1,2,1,1,1,1,1,1,2,14,6,1,1,,2,2
1,6,3,3,2005,,1,1,2,2,1,1,1,1,1,1,1,1,2,9,6,1,1,45,2,2
1,6,4,2,2005,3,1,1,2,2,1,1,1,1,1,1,1,1,2,8,5,1,1,,2,2
1,6,4,1,2005,1,1,1,2,2,1,1,1,1,1,1,1,1,2,8,6,1,1,,2,2
2,2,4,3,2005,1,1,1,2,2,1,2,1,2,1,1,2,1,2,14,6,1,1,,2,2
5,2,4,1,2005,3,1,1,2,2,1,1,1,1,1,1,2,1,2,9,6,1,1,,2,2
1,2,4,1,2005,,1,1,2,2,4,1,1,1,1,1,3,1,2,8,6,1,1,,2,2
5,10,4,5,2005,1,1,1,2,2,1,1,1,1,1,1,2,1,2,8,6,1,1,38,2,2
8,13,4,6,2005,2,7,1,2,2,2,1,4,2,1,1,1,1,2,9,2,1,1,36,2,2
8,13,4,7,2005,1,7,1,2,2,1,1,2,1,1,1,1,1,2,14,6,1,1,,2,2
8,13,4,1,2005,2,1,1,2,2,1,1,1,1,1,1,1,1,2,14,11,1,1,,1,2
8,13,4,2,2005,2,1,1,2,2,1,1,1,1,1,1,1,1,2,14,6,1,1,,1,2
8,13,1,3,2005,2,1,3,2,2,1,1,1,1,1,1,1,1,2,13,1,1,1,,2,2
8,13,4,5,2005,2,1,4,2,2,1,1,1,1,1,1,1,1,1,9,8,1,1,,2,2
4,13,4,7,2005,3,3,1,2,2,2,1,2,1,1,1,3,1,2,4,6,2,1,,1,2
5,13,4,1,2005,3,1,1,2,1,1,1,1,1,1,1,2,1,2,8,6,1,1,,2,2
5,13,3,3,2005,2,1,1,1,1,1,1,1,1,1,1,4,1,2,4,6,1,1,30,2,2
6,13,4,8,2005,2,1,1,2,2,1,1,1,1,1,1,2,1,2,9,6,1,1,40,2,2
7,13,3,7,2005,2,1,1,2,2,1,1,2,1,1,1,2,1,2,14,2,1,1,34,2,2
7,13,4,8,2005,2,1,1,2,2,1,1,2,1,1,1,4,1,2,14,1,1,1,28,2,2
7,13,4,8,2005,3,1,1,2,2,1,1,1,1,1,1,2,1,2,7,6,1,1,,2,2
7,13,4,12,2005,1,1,1,2,2,1,1,2,1,1,1,3,1,2,4,6,1,1,32,2,2
9,13,4,1,2005,4,1,1,2,2,1,1,1,1,1,1,2,1,2,19,6,1,1,28,1,2
9,13,3,2,2005,2,1,1,2,2,1,1,1,1,1,1,2,1,2,8,1,1,1,30,2,2
9,13,4,7,2005,3,1,1,2,2,1,1,1,1,1,1,2,1,2,9,6,1,1,33,2,2
1,13,4,7,2005,2,1,1,2,2,1,2,1,1,1,1,2,1,2,14,6,1,1,35,2,2
1,13,4,7,2005,3,1,1,1,2,2,1,1,2,1,1,2,1,2,14,6,1,1,,1,2
4,13,4,9,2005,3,1,1,2,2,1,1,1,1,1,1,2,1,2,13,6,1,1,25,2,2
3,13,4,2,2005,4,1,1,2,2,1,1,1,1,1,1,2,1,2,19,6,1,1,,2,2
3,13,4,8,2005,3,3,1,2,2,1,1,1,1,1,1,2,1,2,8,5,1,1,,2,2
3,13,4,10,2005,2,3,1,1,2,1,1,1,1,1,1,2,1,2,8,5,1,1,,2,2
3,13,4,12,2005,2,3,1,2,2,1,1,1,1,1,1,2,1,2,14,2,1,1,27,2,2
3,1,4,5,2005,3,7,8,2,2,1,1,1,1,1,1,1,1,2,14,6,1,1,20,2,2
1,1,4,5,2005,2,3,1,1,2,1,1,1,1,1,1,1,1,2,16,6,1,1,34,1,1
1,1,4,6,2005,3,4,1,2,2,1,1,1,1,1,1,1,1,2,14,6,2,1,25,2,2
2,1,4,5,2005,3,7,1,2,2,1,1,1,1,3,2,4,1,2,19,1,1,7,32,2,2
2,1,4,4,2005,1,1,6,2,1,1,1,1,1,1,1,1,1,2,8,6,2,1,25,2,2
4,1,4,1,2005,3,1,1,2,2,1,2,1,1,1,1,2,1,2,13,6,2,1,,1,2
4,1,4,2,2005,3,1,1,1,1,1,1,1,1,1,1,4,4,2,19,6,2,7,20,1,1
1,1,4,1,2005,3,1,1,2,2,1,1,1,1,1,1,1,1,2,4,6,1,1,,2,2
3,3,4,12,2005,2,1,3,2,2,1,2,1,1,1,1,2,1,2,8,6,1,1,,2,2
13,3,3,12,2005,1,1,1,2,2,1,1,1,1,1,1,1,2,1,4,6,1,1,35,2,2
7,3,4,12,2005,3,7,1,2,2,1,1,1,1,1,1,2,1,1,6,6,1,1,,2,2
9,3,3,12,2005,2,1,1,2,2,1,1,1,1,1,1,1,1,2,8,2,1,1,40,2,2
10,3,4,12,2005,1,1,1,2,2,1,1,1,1,1,1,2,1,2,12,5,1,1,25,2,2
7,3,4,12,2005,1,1,1,2,2,1,1,1,1,1,1,2,1,2,14,6,1,1,,2,2
12,3,3,11,2005,1,7,1,2,2,1,2,2,1,1,1,2,1,2,9,11,1,1,35,2,2
4,3,3,11,2005,4,1,1,2,2,1,4,1,1,1,1,1,1,2,14,6,1,1,38,1,2
4,3,3,11,2005,1,1,1,2,2,1,2,1,1,1,1,1,1,2,9,6,1,1,,2,2
4,3,4,11,2005,4,1,1,2,2,1,2,1,1,1,1,1,1,1,14,6,1,1,29,2,2
6,3,3,11,2005,2,1,1,1,2,1,1,1,1,1,1,2,1,2,8,6,1,1,40,1,2
6,3,4,11,2005,1,1,1,2,1,1,1,1,1,1,1,2,1,2,9,6,1,1,,2,2
12,3,4,11,2005,1,1,1,2,2,4,3,2,1,1,1,2,1,2,9,6,1,1,,2,2
7,3,3,9,2005,3,1,1,2,2,1,1,1,1,1,1,1,1,2,14,6,1,1,,2,2
7,3,4,8,2005,3,3,1,2,2,1,1,1,1,1,1,2,1,1,8,6,1,1,35,2,2
9,3,4,8,2005,4,1,1,2,2,1,4,1,1,1,1,2,1,2,5,6,1,1,45,2,2
1,3,4,7,2005,3,1,1,2,2,1,1,2,3,1,2,4,1,2,17,11,1,1,28,2,2
1,8,4,5,2005,2,1,1,2,2,1,1,1,1,1,1,2,1,2,4,6,1,1,,2,2
5,8,3,6,2005,3,1,1,2,2,1,1,1,1,1,1,1,1,2,14,5,1,1,,2,2
7,8,4,2,2005,1,7,1,2,2,1,1,1,1,3,1,4,1,2,7,6,1,1,15,2,2
7,8,4,6,2005,1,1,1,2,2,1,1,2,1,1,1,3,1,2,17,6,1,1,32,2,2
4,8,4,1,2005,3,1,1,2,2,1,1,1,1,1,1,2,1,1,14,6,1,1,,2,2
4,8,3,2,2005,,1,1,2,2,1,1,1,1,1,1,2,1,2,8,6,1,1,,2,2
4,8,4,2,2005,2,1,1,2,2,1,1,1,1,1,1,1,1,2,9,6,1,1,,2,2
4,8,4,2,2005,3,1,1,1,2,1,1,1,1,1,1,2,1,2,19,6,1,1,,2,2
4,8,3,3,2005,1,1,1,2,2,1,1,1,1,1,1,2,1,2,9,6,1,1,,1,2
4,8,3,3,2005,1,1,1,2,2,1,1,1,1,1,1,1,1,2,16,6,1,1,,2,2
4,8,3,4,2005,3,1,1,1,2,1,1,1,1,1,1,1,1,2,9,6,1,1,35,2,2
4,8,4,4,2005,3,1,1,2,2,1,1,1,1,1,1,1,1,2,14,6,1,1,,2,2
4,8,4,5,2005,4,1,1,2,2,1,1,3,1,1,1,2,1,1,9,6,1,1,,2,2
3,8,4,5,2005,1,1,1,2,2,1,4,1,1,1,1,1,1,2,14,11,2,1,,2,2
4,8,3,3,2005,3,7,1,1,2,1,1,1,1,1,1,2,1,1,9,6,1,1,,1,2
9,16,4,7,2005,1,7,8,2,2,1,1,1,1,1,1,1,1,2,14,11,1,1,,2,2
7,16,4,7,2005,2,1,1,2,2,1,1,1,1,1,1,1,1,2,14,6,1,1,,1,2
9,17,4,1,2005,2,7,8,2,2,1,1,1,5,1,1,2,4,2,19,11,1,1,,2,2
9,17,4,3,2005,3,7,3,2,2,1,1,1,1,1,1,1,1,2,19,11,2,7,,2,2
9,17,4,4,2005,1,7,8,2,2,1,1,1,1,1,1,1,1,2,14,6,1,7,45,1,2
9,17,4,6,2005,2,7,8,2,2,1,1,1,5,1,2,2,1,2,17,11,2,7,,2,2
2,17,4,1,2005,3,7,8,2,2,1,1,2,1,1,1,2,1,2,17,1,1,7,45,2,2
2,7,4,2,2005,2,1,3,2,2,1,1,1,1,1,1,2,1,2,9,4,1,1,40,2,2
2,17,4,5,2005,3,2,3,2,2,1,3,1,1,1,1,1,1,2,8,11,1,1,,2,2
5,17,4,4,2005,4,7,1,2,2,1,1,1,1,1,1,2,1,2,8,6,1,1,32,2,2
3,17,4,5,2005,2,1,1,2,2,1,1,1,1,1,1,1,1,2,19,6,1,1,,1,2
3,17,4,2,2005,3,1,1,2,2,1,1,1,1,1,1,2,1,2,7,6,1,1,,2,2
8,16,4,1,2005,2,1,1,2,2,1,1,1,1,1,1,1,1,2,10,6,1,1,,1,2
8,17,4,4,2005,1,1,1,2,2,1,4,1,1,1,1,1,1,2,9,1,1,1,,2,2
8,17,3,6,2005,2,1,1,2,2,1,1,1,1,1,1,1,1,2,13,6,1,1,,2,2
10,17,4,1,2005,2,1,1,1,2,1,1,1,1,1,1,1,1,2,8,6,1,1,,2,2
10,17,4,1,2005,2,1,1,1,2,1,1,1,1,1,1,1,1,2,14,6,1,1,,2,2
10,17,4,6,2005,1,1,1,2,2,1,1,1,1,1,1,1,1,2,14,6,1,1,38,2,2
10,17,4,6,2005,3,1,1,2,2,1,1,1,1,1,1,1,1,2,8,6,1,1,37,2,2
10,17,4,5,2005,1,1,1,2,2,1,1,1,1,1,1,1,1,2,14,6,1,1,37,2,2
5,8,4,10,2005,4,1,1,2,2,1,4,1,1,1,1,1,1,2,9,6,1,1,,2,2
4,8,4,10,2005,3,1,1,2,2,1,1,1,1,1,2,1,1,2,11,6,1,1,39,2,2
7,8,3,11,2005,3,1,1,2,2,1,1,1,1,1,1,3,1,2,14,6,1,1,25,2,2
7,16,4,10,2005,4,1,8,2,2,1,2,1,1,1,1,1,1,2,6,6,1,1,,2,2
1,16,4,9,2005,1,1,1,1,2,1,2,1,1,1,1,5,1,1,8,6,1,1,,2,2
1,16,4,11,2005,1,1,1,2,2,1,1,1,1,1,1,3,1,2,9,6,1,1,,1,2
9,16,4,11,2005,1,1,1,1,2,1,1,1,1,1,1,2,1,2,9,6,1,1,,2,2
10,16,4,11,2005,3,2,1,2,2,1,1,1,1,1,1,1,1,2,9,6,1,1,40,2,2
10,16,4,11,2005,3,7,1,2,2,1,1,1,1,1,1,1,1,2,10,6,1,1,,2,2
10,16,4,10,2005,4,1,1,2,2,1,4,1,1,1,1,1,1,2,12,6,1,1,,1,2
10,16,4,12,2005,2,1,1,2,2,1,1,1,1,1,1,1,1,2,9,6,1,1,36,2,2
9,16,4,12,2005,4,1,1,2,2,1,4,1,1,1,1,2,1,2,14,4,1,1,,2,2
5,2,4,12,2005,3,1,1,2,2,1,1,1,1,1,1,3,1,2,17,5,1,1,24,2,2
1,7,4,7,2005,1,1,1,2,2,1,1,1,1,1,1,1,1,2,14,6,1,1,45,2,2
4,17,4,9,2005,1,7,1,2,2,1,4,4,1,1,1,2,1,2,13,6,1,1,45,2,2
3,7,4,9,2005,1,1,1,2,2,1,4,4,1,1,1,2,1,2,12,6,1,1,,2,2
9,7,4,11,2005,4,1,1,2,2,1,4,1,1,1,2,2,1,2,14,6,1,1,25,2,2
4,7,4,10,2005,3,7,8,1,2,1,1,1,1,1,1,2,1,2,7,6,1,1,,2,2
9,16,4,8,2005,1,1,1,2,2,1,1,2,1,1,1,1,1,2,8,6,1,1,25,2,2
10,17,4,8,2005,3,1,1,2,2,1,1,1,1,1,1,2,1,2,13,6,1,1,45,2,2
10,16,4,8,2005,3,1,1,2,2,1,1,1,1,1,1,2,1,2,13,6,1,1,45,2,2
7,16,4,8,2005,1,1,1,2,2,1,1,1,1,1,1,1,1,2,9,6,1,1,,2,2
1,10,3,1,2005,2,1,8,2,2,1,1,2,1,1,1,2,1,2,4,7,1,1,21,2,2
1,10,3,3,2005,2,1,1,2,2,1,1,1,1,1,1,2,1,2,8,6,1,1,38,2,2
1,10,4,4,2005,4,1,1,2,2,1,1,1,1,1,1,2,1,2,8,11,1,1,40,2,2
5,10,3,4,2005,1,1,1,2,2,1,1,1,1,1,1,2,1,2,4,6,1,1,24,2,2
5,10,4,6,2005,1,1,1,2,2,1,1,1,1,1,1,2,1,2,14,6,1,1,,1,2
5,10,3,6,2005,4,1,1,2,2,1,1,1,1,1,1,2,1,2,7,11,1,1,20,2,2
5,10,4,6,2005,1,1,1,2,2,1,1,1,1,1,1,2,1,2,8,6,1,1,,2,2
3,10,4,3,2005,3,1,1,1,2,1,1,1,1,1,1,2,1,2,9,11,1,1,,2,2
12,9,4,11,2005,1,1,1,2,2,1,2,1,1,1,1,1,1,2,14,6,1,1,,2,2
12,9,4,10,2005,2,7,1,2,2,1,1,1,1,1,1,1,1,2,9,6,1,1,35,2,2
10,9,3,12,2005,2,1,1,2,2,1,1,1,1,1,1,2,1,2,9,6,1,7,40,2,2
11,9,4,10,2005,1,7,1,2,2,1,2,3,1,2,2,2,1,2,8,6,1,3,40,1,2
12,9,4,12,2005,1,1,1,2,2,1,1,1,1,1,1,1,1,2,14,6,1,1,,1,2
4,9,3,7,2005,3,3,1,1,2,1,1,1,1,1,1,2,1,2,9,6,1,1,,2,2
3,8,1,7,2005,3,3,1,2,2,1,1,1,1,1,1,2,1,2,14,6,1,1,,2,2
4,12,4,10,2005,2,1,8,2,2,1,2,1,1,1,1,2,1,2,14,6,1,1,30,2,2
4,12,4,9,2005,1,1,1,2,2,1,1,1,1,1,1,2,1,2,6,6,1,1,,2,2
1,12,4,9,2005,3,1,1,2,2,1,1,1,1,1,1,3,1,2,8,6,1,1,27,2,2
5,15,4,7,2005,2,1,1,2,2,1,1,1,2,1,1,2,1,2,14,6,1,1,,2,2
1,15,4,7,2005,1,1,1,2,2,1,2,2,1,1,1,1,1,2,13,6,1,1,,2,2
1,15,4,8,2005,1,1,1,2,2,1,1,1,1,1,1,1,1,2,9,6,1,1,35,2,2
2,17,4,2,2005,2,2,3,1,2,1,1,1,1,1,1,3,1,2,4,1,1,7,40,2,2
8,17,4,1,2005,3,1,1,2,2,1,1,1,1,1,1,2,1,2,10,6,1,1,,2,2
1,9,3,9,2005,3,1,1,2,2,1,1,1,1,1,1,1,1,2,8,6,1,1,42,2,2
7,8,4,9,2005,1,1,1,2,2,1,1,1,1,1,1,3,1,2,4,6,1,1,38,2,2
1,3,3,6,2005,3,7,1,2,2,1,1,1,1,1,1,2,5,2,9,6,1,7,36,1,2
4,6,4,8,2005,3,1,1,2,2,1,1,1,1,1,1,1,1,1,14,6,1,1,,2,2
2,6,4,7,2005,1,1,1,2,2,1,1,1,1,1,1,1,1,2,9,6,1,1,,2,2
3,6,4,5,2005,3,1,1,1,2,1,1,1,1,1,1,1,1,2,14,2,1,1,40,2,2
5,6,4,5,2005,4,7,8,1,2,1,3,1,1,1,1,1,1,2,17,6,1,1,30,1,2
5,6,4,5,2005,2,1,1,1,2,1,1,1,1,1,1,1,1,2,14,2,1,1,40,2,2
5,6,4,6,2005,2,1,8,1,2,1,1,1,1,1,1,1,1,2,4,6,1,1,30,2,2
5,6,4,7,2005,1,2,1,2,2,1,1,1,1,1,1,1,1,2,9,6,1,1,,2,2
5,6,4,11,2005,1,6,7,1,2,4,4,5,1,1,1,1,1,2,12,6,1,1,,2,2
5,6,4,12,2005,3,1,1,2,2,1,1,1,1,1,1,1,1,2,9,6,1,1,,2,2
9,17,4,8,2005,2,1,1,2,2,1,4,1,1,1,1,3,1,2,6,6,1,1,,2,2
9,17,4,8,2005,3,1,1,2,2,1,1,1,1,1,1,1,1,2,9,6,1,1,,2,2
5,17,4,7,2005,2,1,1,2,2,1,1,1,1,1,1,1,1,2,8,6,1,1,32,2,2
5,17,4,7,2005,1,7,1,1,2,1,1,1,1,1,1,3,1,2,8,6,1,1,,2,2
5,17,4,10,2005,2,1,1,2,2,1,1,1,1,1,1,1,1,2,8,6,1,1,,2,2
5,17,4,11,2005,1,1,1,2,2,1,1,1,1,1,1,3,1,2,14,6,1,1,45,2,2
3,17,4,7,2005,2,7,5,1,1,1,1,1,1,1,2,4,1,2,8,6,1,1,,2,2
8,17,4,9,2005,2,3,1,2,2,4,1,1,4,1,1,4,1,2,6,11,1,1,,2,2
8,17,4,10,2005,1,3,1,2,2,2,1,1,2,1,1,1,1,2,9,6,1,1,,1,2
8,17,4,11,2005,1,1,4,2,2,1,1,1,1,1,1,3,1,2,14,6,1,1,40,2,2
8,17,4,12,2005,2,4,6,2,2,4,2,1,1,1,1,1,1,2,19,6,1,1,,2,2
8,17,4,12,2005,3,4,1,2,2,1,1,1,1,1,1,1,1,2,9,6,1,1,,2,2
8,17,4,12,2005,1,3,4,2,2,1,1,1,1,1,1,1,1,2,9,3,1,1,45,2,2
8,17,4,12,2005,1,3,1,2,2,4,3,1,1,1,1,1,1,2,19,6,1,1,,2,2
10,17,4,7,2005,3,7,1,2,2,1,1,1,1,1,1,1,1,2,9,1,1,1,45,2,2
10,17,4,7,2005,4,7,1,2,2,1,4,1,1,1,1,1,1,2,14,6,1,1,,1,2
7,17,4,7,2005,3,7,8,2,2,2,1,2,2,1,1,1,1,2,14,6,1,1,45,2,2
7,17,3,7,2005,1,1,1,2,2,1,1,2,1,1,1,1,1,2,7,6,1,1,,1,2
7,17,4,11,2005,1,7,1,2,2,1,1,1,1,1,1,1,1,2,19,11,1,3,,2,2
7,17,3,12,2005,2,1,1,2,2,1,1,1,1,1,1,4,1,2,19,6,1,1,30,1,2
1,15,4,7,2005,1,1,1,2,2,1,4,1,1,1,1,1,2,,14,4,1,7,,2,2
1,15,1,9,2005,2,3,1,2,2,1,1,1,1,1,1,1,1,2,14,6,2,1,,2,2
1,15,4,9,2005,2,1,1,2,2,1,1,1,1,1,1,1,1,2,9,11,1,7,,2,2
1,15,4,10,2005,1,1,1,2,2,1,1,1,1,1,1,1,1,1,4,11,1,7,,2,2
1,15,4,10,2005,2,1,1,2,2,1,1,1,1,1,1,1,1,2,8,6,1,7,,2,2
1,15,3,11,2005,4,6,1,2,1,1,4,1,1,1,1,1,1,2,8,6,1,1,,2,2
1,15,1,12,2005,2,1,1,2,2,1,1,1,1,1,1,1,1,2,4,6,1,1,,2,2
1,15,1,12,2005,4,1,1,2,2,1,2,1,1,1,1,5,1,2,4,6,1,1,19,2,2
7,15,4,9,2005,1,1,1,2,2,1,1,4,1,1,1,4,1,2,6,6,1,1,22,2,2
3,15,4,9,2005,2,7,8,2,2,1,1,1,1,1,1,2,1,2,19,11,1,1,28,2,2
3,15,4,10,2005,1,7,8,2,2,1,1,1,1,1,1,3,1,2,14,6,1,1,,1,2
3,15,4,11,2005,4,2,1,2,2,1,2,1,1,1,1,1,1,2,9,6,1,1,,2,2
5,15,4,10,2005,3,1,1,2,2,1,1,1,1,1,1,4,1,2,19,6,1,1,,2,2
5,15,4,10,2005,1,1,1,2,2,1,1,1,1,2,1,1,1,2,14,6,1,1,30,2,2
1,1,4,8,2005,1,7,1,2,2,1,1,4,1,1,1,1,1,2,17,6,1,1,,2,2
3,1,4,12,2005,2,1,1,2,2,1,1,1,1,1,1,1,1,2,8,6,1,1,38,2,2
2,1,4,10,2005,4,3,1,2,2,1,2,1,1,1,1,2,1,1,14,6,1,1,,1,2
2,1,4,10,2005,3,7,8,2,2,1,1,1,1,3,2,4,1,2,19,6,1,1,30,2,2
2,1,4,11,2005,4,7,8,2,2,4,4,1,1,1,1,1,1,2,9,6,1,1,35,2,2
4,1,3,10,2005,2,1,5,2,2,3,2,2,3,3,3,4,1,2,4,6,1,1,,2,2
3,15,4,3,2005,1,2,3,2,2,1,1,1,1,1,1,2,1,2,14,6,1,1,,2,2
3,15,4,4,2005,1,1,1,2,2,1,1,1,1,1,1,2,1,2,9,4,1,1,40,2,2
3,15,4,9,2005,2,7,8,2,2,1,1,1,1,1,1,3,1,2,19,11,1,1,28,2,2
1,6,4,6,2005,3,1,1,2,2,1,1,1,1,1,1,1,1,2,13,6,1,1,,2,2
2,6,4,7,2005,1,1,1,2,2,1,1,1,1,2,1,4,1,2,9,6,1,1,,2,2
2,6,4,10,2005,2,1,1,2,2,1,1,1,1,1,1,1,1,2,9,6,1,1,,2,2
2,6,4,10,2005,2,1,1,2,2,1,1,1,1,1,2,2,1,2,9,6,1,1,,2,2
2,6,4,10,2005,,1,1,2,2,1,1,1,1,1,1,2,1,2,9,6,1,1,,2,2
2,6,4,11,2005,3,1,1,2,2,1,1,1,1,1,1,4,1,2,7,6,1,1,,2,2
3,6,4,6,2005,3,1,1,2,2,1,1,1,1,1,1,1,1,2,14,6,1,1,35,2,2
1,5,4,1,2005,1,7,8,2,2,1,1,1,1,1,1,2,1,2,9,6,1,1,,2,2
1,5,4,1,2005,2,1,1,2,2,1,1,1,1,1,1,1,1,2,13,6,1,1,,2,2
6,4,4,10,2005,3,1,1,1,2,1,1,1,1,1,1,2,1,2,17,6,1,1,27,2,2
1,4,4,10,2005,3,1,1,2,2,1,2,1,1,1,1,3,1,2,8,8,1,1,35,2,2
1,4,4,8,2005,3,1,1,2,2,1,1,1,1,1,1,2,1,2,8,6,1,1,33,2,2
1,5,4,1,2005,2,1,1,2,2,1,1,1,1,1,1,1,1,2,14,6,1,1,,2,2
1,5,4,1,2005,2,1,1,2,2,1,1,1,1,1,1,2,1,2,8,1,1,1,18,1,2
1,5,4,1,2005,4,1,1,2,2,1,4,1,1,1,1,1,1,2,8,6,1,1,,2,2
1,5,4,1,2005,3,1,1,2,2,1,1,1,1,1,1,2,1,2,9,6,1,1,,2,2
1,5,4,2,2005,1,3,4,2,2,1,3,2,1,1,1,2,1,2,14,2,1,7,,1,2
1,5,4,3,2005,1,1,1,2,2,1,4,2,1,1,1,1,1,2,9,6,1,1,,2,2
1,5,4,3,2005,1,7,1,2,2,1,1,1,1,1,1,1,1,2,7,6,1,1,,2,2
1,5,4,3,2005,1,1,1,2,2,1,1,1,1,1,1,2,1,2,9,6,1,1,,2,2
1,5,4,4,2005,1,7,1,2,2,1,1,1,1,3,2,4,1,2,14,1,1,1,,2,2
1,5,4,5,2005,2,7,1,2,2,1,1,1,1,1,1,2,1,1,14,1,1,1,45,2,2
1,5,4,7,2005,3,1,1,2,2,1,1,1,1,2,3,3,3,1,14,1,1,1,,2,2
1,5,4,7,2005,2,1,1,2,2,1,1,1,1,2,2,1,1,2,9,6,1,1,,2,2
1,5,4,8,2005,2,1,1,2,2,1,2,2,1,1,1,2,1,2,9,6,1,1,,2,2
1,5,4,8,2005,3,1,1,2,2,2,2,2,2,2,2,2,1,2,17,6,1,1,,2,2
1,5,4,8,2005,2,1,1,2,2,1,2,1,1,2,1,2,1,1,9,6,1,1,,2,2
1,5,4,8,2005,2,1,1,2,2,1,1,1,1,1,1,1,1,2,9,6,1,1,,2,2
1,5,3,9,2005,4,1,1,2,2,1,1,1,1,1,1,1,1,2,13,6,1,1,,2,2
1,5,3,9,2005,,1,1,2,2,1,1,1,1,1,2,1,1,1,19,6,1,1,,2,2
1,5,3,10,2005,3,1,1,2,2,1,1,1,1,1,1,1,1,2,7,6,2,1,,1,2
1,5,4,11,2005,,1,1,2,2,1,1,1,1,1,1,4,1,2,4,6,1,1,,2,2
1,5,1,11,2005,3,1,1,2,2,1,1,1,1,1,2,2,1,2,19,6,1,1,,2,2
1,5,3,12,2005,1,1,1,2,2,1,1,1,1,1,2,1,1,2,14,6,1,1,,2,2
1,5,3,12,2005,1,1,2,2,1,1,1,1,1,1,1,1,1,2,19,6,1,1,,2,2
1,5,4,12,2005,1,1,1,2,2,1,1,1,1,1,1,2,1,2,9,6,1,1,,1,2
1,5,4,12,2005,1,1,1,2,2,4,2,1,1,1,1,1,1,2,7,6,1,1,,1,2
2,5,4,2,2005,1,1,1,2,2,1,1,1,1,1,1,2,1,2,9,6,1,1,45,2,2
2,5,4,7,2005,1,7,1,2,2,1,1,1,1,1,1,2,1,2,17,6,1,1,45,2,2
2,5,4,10,2005,3,1,1,2,2,1,1,1,1,1,1,2,1,2,8,6,1,1,,2,2
3,5,4,1,2005,2,1,1,2,2,1,1,1,1,1,1,1,1,2,9,6,1,7,,2,2
3,5,4,7,2005,3,1,1,1,2,1,1,1,1,1,1,4,1,2,13,6,1,1,30,2,2
3,5,4,10,2005,1,1,1,2,2,1,1,1,1,1,1,4,1,2,14,6,1,1,,2,2
8,5,4,5,2005,1,1,1,2,2,1,1,1,1,1,1,4,1,2,19,11,1,1,,1,2
8,5,4,5,2005,1,1,3,2,2,1,1,1,1,1,1,1,1,2,9,6,1,1,,2,2
8,5,4,6,2005,1,7,8,2,2,1,1,1,1,1,1,1,1,2,14,6,1,1,,2,2