Thana,District,Accident_Severity,Month,Year,Time,Junction_Type,Traffic_Control,Movement,Divider,Weather,Light,Road_Geometry,Surface_Condition,Surface_Type,Surface_Quality,Road_Class,Road_Feature,Location_Type,Vehicle_Type,Vehicle_Movement,Vehicle_Loading,Vehicle_Defect,Vehicle_Driver_Age,Vehicle_Alcohol,Vehicle_Seat_Belt
8,5,4,6,2005,1,1,3,2,2,1,4,1,1,1,1,1,1,2,14,1,1,1,,1,2
8,5,4,6,2005,2,1,3,2,2,1,1,1,1,1,1,1,1,2,12,6,1,1,,2,2
8,5,4,7,2005,3,1,1,2,2,1,1,1,1,1,1,1,1,2,7,1,1,1,,2,2
8,5,4,7,2005,2,1,1,2,2,1,2,1,1,1,1,1,1,2,14,1,1,1,,2,2
8,5,3,8,2005,1,1,8,2,2,1,1,1,1,1,1,1,1,2,14,6,1,1,,2,2
8,5,4,9,2005,3,1,1,2,2,1,1,1,1,1,1,1,1,2,7,6,1,1,,2,2
8,5,4,10,2005,3,1,1,2,2,1,1,1,1,1,1,2,1,2,9,6,1,1,,2,2
8,5,4,10,2005,1,1,1,2,2,1,1,1,1,1,1,1,1,2,9,6,1,1,,2,2
8,5,4,11,2005,1,2,2,2,2,1,1,1,1,1,1,1,1,2,9,6,1,1,,2,2
8,5,3,11,2005,3,1,1,2,2,1,1,1,1,1,1,1,1,2,10,6,1,1,,2,2
8,5,3,11,2005,3,7,1,2,2,1,1,1,1,1,1,1,1,2,9,11,1,1,42,2,2
8,5,4,11,2005,1,7,1,2,2,1,1,2,1,2,1,1,2,,9,6,1,1,,2,2
8,5,4,11,2005,3,7,1,2,2,1,1,1,1,1,1,1,1,2,10,6,1,1,,2,2
8,5,4,12,2005,2,7,1,2,2,1,1,1,1,1,1,1,1,2,9,1,1,1,,2,2
8,5,3,12,2005,1,7,1,2,2,1,4,1,1,1,1,1,1,2,8,6,1,1,,1,2
8,5,4,12,2005,1,7,1,2,2,1,1,1,1,1,1,1,1,2,19,11,1,7,,2,2
8,5,4,12,2005,2,7,1,2,2,1,1,1,1,1,1,1,1,1,19,11,1,7,,2,2
5,5,4,2,2005,2,1,1,2,2,1,2,1,1,1,1,1,1,2,9,6,1,1,45,2,2
5,5,4,4,2005,4,7,8,2,2,1,1,1,1,1,1,1,1,2,7,6,1,1,,2,2
5,5,4,5,2005,1,1,1,2,2,1,1,1,1,1,1,1,1,2,14,6,1,1,,2,2
5,5,4,5,2005,3,1,1,2,2,1,1,1,1,1,1,1,1,2,9,6,1,1,,2,2
5,5,4,6,2005,1,7,1,2,2,1,1,1,1,1,1,1,1,2,10,11,1,7,,1,2
5,5,4,6,2005,3,7,1,2,2,1,1,1,1,1,1,1,1,2,14,6,1,1,,2,2
5,5,3,6,2005,,1,1,2,2,2,4,1,1,1,1,1,1,2,19,6,1,1,,2,2
5,5,3,7,2005,2,7,1,2,2,1,2,1,1,1,1,1,1,2,17,6,1,1,,2,2
5,5,3,8,2005,2,7,1,2,2,1,1,1,1,1,1,1,1,2,9,6,1,1,,2,2
5,5,4,8,2005,1,7,8,2,2,1,1,1,1,1,1,2,1,2,7,6,1,1,24,2,2
5,5,4,8,2005,2,7,8,2,2,1,4,1,5,1,1,1,1,2,9,11,2,7,,2,2
5,5,4,8,2005,2,7,8,1,2,1,2,1,1,1,1,1,1,2,9,6,1,1,,2,2
5,5,3,9,2005,1,7,8,2,2,4,2,1,1,1,1,1,1,2,14,6,1,1,,2,2
5,5,4,9,2005,2,1,1,2,2,1,1,1,1,1,1,1,1,2,8,2,2,7,,2,2
5,5,4,9,2005,2,3,8,1,2,1,1,1,1,1,1,1,1,2,14,6,1,1,,2,2
5,5,4,9,2005,2,7,8,2,2,1,1,1,1,1,1,1,1,2,14,6,2,7,,2,2
5,5,4,12,2005,3,7,8,2,2,1,1,2,1,1,1,3,1,2,17,7,1,1,22,2,2
7,5,1,3,2005,1,7,1,1,2,1,2,1,1,1,1,3,1,2,8,6,2,1,,2,2
7,5,4,7,2005,1,1,1,2,2,1,1,1,1,1,1,3,1,2,7,6,1,7,,2,2
7,5,1,8,2005,1,7,8,1,1,2,1,1,1,1,3,1,2,,8,6,1,1,,2,2
4,5,4,1,2005,3,7,3,2,2,1,1,1,1,1,1,1,1,2,8,6,1,1,,2,2
4,5,4,3,2005,1,1,3,2,2,1,1,1,1,1,1,1,1,2,9,6,1,1,,2,2
4,5,3,3,2005,3,1,3,2,2,1,1,1,1,1,1,1,1,2,8,6,1,1,29,2,2
4,5,4,3,2005,1,1,1,2,2,1,1,1,1,1,1,1,1,2,12,6,1,1,,2,2
4,5,4,3,2005,1,1,1,2,2,1,1,1,1,1,1,1,1,2,8,4,1,1,,2,2
4,5,4,4,2005,1,1,1,2,2,4,2,1,2,1,1,3,1,2,14,6,1,1,,2,2
4,5,4,4,2005,1,1,3,2,2,1,3,1,1,1,1,1,1,2,9,6,1,1,42,2,2
4,5,4,5,2005,3,1,3,2,2,1,1,1,1,1,1,1,1,2,5,6,1,1,,2,2
4,5,4,7,2005,1,1,3,2,2,1,2,1,1,1,1,1,1,2,8,6,1,1,,2,2
4,5,4,8,2005,1,7,3,2,2,1,1,1,1,1,1,1,1,2,8,11,1,1,26,2,2
4,5,4,11,2005,3,7,3,1,2,1,1,1,1,1,1,1,1,2,8,11,1,1,25,2,2
4,5,4,12,2005,1,1,3,2,2,1,2,1,1,1,1,1,1,2,10,6,1,1,,2,2
6,5,4,1,2005,1,1,1,2,2,1,4,1,1,1,1,1,1,2,13,10,1,1,,2,2
6,5,3,2,2005,2,1,1,2,2,1,1,1,1,1,1,3,1,2,12,6,1,1,,2,2
6,5,4,2,2005,2,1,1,2,2,1,1,1,1,1,1,1,1,2,19,6,1,1,,2,2
6,5,4,3,2005,1,1,1,2,2,1,1,1,1,1,1,3,1,2,19,11,1,1,,2,2
6,5,4,3,2005,2,1,1,2,2,1,1,1,1,1,1,1,1,2,19,11,1,1,,2,2
6,5,4,3,2005,1,1,1,2,2,1,1,1,1,1,1,1,1,2,14,6,1,1,,2,2
6,5,4,3,2005,1,1,1,2,2,1,1,1,1,1,1,1,1,2,13,6,1,1,,2,2
6,5,4,4,2005,1,1,1,2,2,1,1,1,1,1,1,1,1,2,14,6,1,1,,2,2
6,5,4,4,2005,2,1,1,2,2,1,1,1,1,1,1,1,1,2,9,6,1,1,,2,2
6,5,4,5,2005,1,1,1,2,2,1,4,1,1,1,1,1,1,2,9,11,1,1,,2,2
6,5,4,6,2005,2,1,1,2,2,1,1,1,1,1,1,1,1,2,9,6,1,1,,2,2
6,5,4,6,2005,1,1,2,2,2,1,1,1,1,1,1,1,1,2,19,11,1,1,,2,2
6,5,3,7,2005,1,1,1,2,2,1,1,1,1,1,1,1,1,2,9,6,1,1,36,2,2
6,5,4,7,2005,1,1,1,2,2,1,1,1,1,1,1,1,1,2,9,6,1,1,,2,2
6,5,4,7,2005,1,1,1,2,2,1,4,1,1,1,1,1,1,2,19,11,1,1,,2,2
6,5,3,7,2005,1,1,1,1,2,1,4,1,1,1,1,1,1,2,9,11,1,1,,2,2
6,5,4,7,2005,2,1,1,2,2,1,1,1,1,1,1,1,1,2,7,6,1,1,,2,2
6,5,4,7,2005,3,1,1,2,2,1,1,1,1,1,1,1,1,2,9,8,1,1,,2,2
6,5,4,8,2005,1,1,1,2,2,1,1,1,1,1,1,1,1,2,14,6,1,1,,2,2
6,5,4,9,2005,1,1,1,2,2,1,1,1,1,1,1,1,1,2,10,6,1,1,,2,1
6,5,3,10,2005,1,1,1,2,2,1,4,1,4,1,2,1,1,2,9,8,1,1,,2,2
6,5,3,11,2005,3,1,1,2,2,1,1,1,1,1,1,1,1,2,9,11,1,1,,2,2
1,11,4,3,2005,1,1,1,2,2,1,1,1,1,1,1,5,1,1,9,6,1,1,,2,2
1,11,3,4,2005,1,1,1,2,2,1,1,1,1,1,1,5,1,2,4,6,1,2,,2,2
1,11,4,5,2005,1,1,1,2,2,1,1,1,1,1,1,2,1,2,14,6,1,1,,2,2
1,11,4,8,2005,4,3,1,2,2,1,4,1,2,1,1,2,1,1,14,6,1,1,,2,2
1,11,4,1,2005,1,1,1,2,2,1,4,1,1,1,1,5,1,1,14,6,1,1,,2,2
8,11,4,1,2005,2,1,1,2,2,1,2,1,1,1,1,4,1,2,19,6,1,1,,2,2
8,11,4,1,2005,2,1,8,2,2,1,1,1,1,1,1,2,1,1,14,6,1,1,30,2,2
8,11,4,3,2005,1,1,3,2,2,1,1,1,1,1,1,2,1,2,14,11,1,1,,2,2
8,11,4,5,2005,3,1,3,2,2,1,2,1,1,1,1,2,1,2,14,7,1,1,,2,2
8,11,4,6,2005,3,1,1,2,2,1,1,1,1,1,1,2,1,2,13,11,1,1,,2,2
8,11,4,9,2005,1,3,1,2,2,1,4,1,1,1,1,2,1,2,19,11,1,1,,2,2
5,11,4,3,2005,2,1,1,2,2,1,1,1,1,1,1,2,1,2,14,6,1,1,30,2,2
5,11,4,7,2005,1,1,1,2,2,1,1,1,1,1,1,5,1,2,14,6,1,1,25,2,2
6,11,4,4,2005,2,1,1,2,2,1,1,1,1,1,1,2,1,2,9,6,1,1,,2,2
6,11,4,4,2005,1,1,1,2,2,1,1,1,1,1,1,2,1,2,9,6,1,1,,2,2
6,11,4,5,2005,2,1,1,2,2,1,1,1,1,1,1,4,1,2,9,6,1,1,38,2,2
6,11,4,5,2005,3,1,1,2,2,1,1,1,1,1,1,4,1,2,9,6,1,1,30,2,2
6,11,4,6,2005,1,1,1,2,2,1,1,1,1,1,1,2,1,2,9,6,1,1,30,2,2
6,11,4,6,2005,1,1,1,2,2,1,1,1,1,1,1,4,4,2,17,6,1,1,,2,2
6,11,4,8,2005,1,1,1,2,2,1,2,1,1,1,1,3,1,2,14,6,1,1,27,2,2
6,11,4,8,2005,1,1,8,2,2,1,1,1,1,1,1,2,1,1,14,11,1,1,,1,1
6,11,3,11,2005,1,1,1,2,2,1,1,1,1,1,1,3,1,2,14,11,1,1,30,2,2
3,11,4,3,2005,1,7,8,2,2,1,1,1,1,1,1,2,1,2,4,6,1,1,,2,2
3,11,4,8,2005,1,7,1,2,2,1,1,1,1,1,1,2,1,2,19,6,1,1,26,2,2
3,11,4,11,2005,3,2,2,2,2,1,1,1,1,1,1,2,1,2,14,1,1,1,45,2,2
8,11,4,12,2005,1,1,1,2,2,1,4,1,1,1,1,4,1,2,19,1,1,1,,2,2
4,11,4,4,2005,2,1,1,2,2,1,1,1,1,1,1,3,1,2,19,1,1,7,25,2,2
4,11,3,5,2005,4,1,1,2,2,1,2,1,1,1,1,3,1,2,13,1,1,7,45,2,2
4,11,4,8,2005,2,1,1,2,2,1,1,1,1,1,1,4,1,2,19,2,1,7,,2,2
4,11,4,12,2005,2,1,1,2,2,1,1,1,1,1,1,2,1,2,9,6,1,1,,2,2
10,11,4,6,2005,,1,1,2,2,1,4,2,1,1,2,2,1,2,13,2,1,1,45,2,2
7,11,4,6,2005,2,1,1,1,2,1,1,2,2,1,2,4,1,2,19,6,1,1,,1,2
7,11,3,7,2005,1,1,1,2,2,1,2,1,1,1,1,2,1,2,4,6,1,1,,2,2
11,11,4,8,2005,1,1,1,2,2,1,1,1,1,1,1,2,1,2,19,6,2,1,32,2,2
2,11,4,11,2005,2,7,8,2,2,1,1,1,5,1,2,2,1,2,19,1,1,1,22,2,2
9,16,4,3,2005,3,7,8,1,2,1,1,1,1,1,1,1,1,2,19,6,1,1,,1,2
4,17,1,2,2005,1,3,1,2,2,1,1,1,1,1,1,1,1,2,14,4,2,7,30,1,2
5,17,4,4,2005,3,2,1,2,2,1,3,1,1,1,1,2,1,2,14,3,1,1,,2,2
1,61,4,6,2005,1,1,1,2,2,1,2,1,1,1,1,1,1,2,,,,,,,
1,61,1,6,2005,1,1,7,2,1,1,1,1,1,1,1,1,1,1,9,6,1,1,,2,2
3,61,1,6,2005,1,1,1,2,,1,2,2,1,1,,1,1,2,13,,1,3,25,2,2
1,61,4,5,2005,4,1,1,2,2,1,4,1,1,1,1,1,1,2,19,,,,,,
5,66,4,6,2005,2,1,1,2,2,1,1,5,1,1,1,2,1,2,9,6,1,1,,2,2
5,66,4,6,2005,2,7,8,1,2,1,1,1,1,1,1,4,1,2,9,6,2,1,28,2,2
5,66,4,6,2005,3,1,1,2,1,1,1,1,1,1,1,1,1,2,14,6,1,1,25,2,2
3,68,4,6,2005,2,7,1,1,2,2,1,5,2,2,2,4,1,2,14,6,1,1,38,2,2
9,67,4,6,2005,1,1,5,2,1,1,1,5,1,3,2,4,4,,11,7,1,1,40,2,2
8,67,4,6,2005,3,7,1,2,1,1,1,1,1,1,1,1,1,2,14,5,1,1,30,2,2
8,67,4,6,2005,4,5,8,2,2,1,2,2,1,1,1,1,1,2,11,,1,7,,2,2
3,58,4,6,2005,2,1,1,1,2,2,2,1,3,3,2,4,1,2,6,6,1,7,,1,2
7,58,4,6,2005,1,1,1,2,2,1,4,1,1,1,1,1,1,2,14,10,1,7,45,2,2
1,58,4,6,2005,1,1,4,2,2,1,1,1,1,1,1,1,1,2,,,,,,,
1,58,4,6,2005,1,3,4,2,2,1,4,1,1,1,1,1,,2,12,2,1,4,45,1,2
1,58,4,6,2005,2,3,1,2,2,1,1,1,1,1,1,4,1,2,9,11,,,,1,2
1,58,4,6,2005,4,1,4,2,2,1,4,1,1,1,1,1,1,2,7,5,1,4,,1,2
1,58,4,6,2005,2,2,1,2,2,1,1,1,1,1,1,1,,2,10,5,,,,,2
1,58,4,6,2005,4,1,4,2,2,1,2,1,1,1,1,1,1,2,14,5,1,4,35,1,2
1,58,4,6,2005,3,1,4,2,2,1,1,1,1,1,1,1,2,,9,4,1,,,1,2
1,58,4,6,2005,3,1,4,2,2,1,1,1,1,1,1,1,1,2,9,4,1,7,,1,2
1,58,4,6,2005,4,1,4,2,2,1,1,1,1,1,1,1,1,2,,,,,,,
4,59,4,6,2005,1,1,1,2,2,1,1,1,1,1,1,2,1,2,9,6,1,1,,2,2
2,60,4,6,2005,3,,,1,,1,1,1,1,1,1,3,,2,8,,,,,,
7,60,4,6,2005,2,1,1,1,1,1,1,1,1,1,1,3,1,1,14,6,1,1,,2,2
7,60,4,6,2005,1,1,1,1,2,1,2,1,1,1,1,3,1,2,9,6,1,1,,1,2
1,62,4,6,2005,2,3,1,1,2,1,1,1,1,1,1,1,1,2,9,6,2,7,32,2,2
2,57,1,6,2005,3,7,4,2,2,1,1,1,1,1,1,3,1,2,9,11,,,,,
5,57,4,6,2005,2,1,1,2,2,1,2,1,1,1,1,1,1,2,12,5,1,7,,2,2
8,66,1,7,2005,2,1,1,2,2,1,1,4,1,1,2,3,1,2,8,6,1,1,35,2,2
4,66,4,7,2005,1,,,,,2,4,2,2,1,1,4,1,2,11,6,,1,22,,
5,66,3,7,2005,4,1,1,2,2,,,,,,,2,,,14,6,1,1,,,
1,62,3,7,2005,1,2,3,2,2,1,1,,1,1,1,2,1,2,13,,,,,,
4,62,4,7,2005,3,1,1,2,2,1,1,1,1,1,1,2,1,2,9,6,1,1,40,2,2
2,59,4,7,2005,2,,,,,1,1,2,1,1,1,4,1,2,5,2,,7,,,
2,59,4,7,2005,4,1,2,2,2,1,2,3,1,1,1,4,3,2,7,6,,7,50,1,2
4,59,4,7,2005,3,,1,2,2,2,1,1,2,1,1,2,1,2,7,9,,,36,1,2
1,58,4,7,2005,1,,,1,,,2,,,,,1,1,,,,,,,,
10,58,4,7,2005,3,7,8,2,2,1,1,1,1,1,1,3,1,2,,,,,,,
1,61,1,7,2005,2,1,1,2,2,1,1,1,1,1,1,2,1,2,9,6,1,1,35,2,2
1,61,4,7,2005,2,1,1,2,2,1,1,1,1,1,1,1,1,2,14,6,1,1,,2,2
1,61,1,7,2005,4,1,1,2,2,1,2,1,1,1,1,1,1,2,10,6,1,1,25,,2
1,61,4,7,2005,2,1,1,2,2,1,1,1,1,1,1,1,1,2,14,6,1,1,35,2,2
5,60,4,7,2005,2,1,1,2,2,1,2,1,1,1,1,1,1,2,6,11,,,,1,2
3,60,1,4,2005,2,,8,2,,1,2,,,,,3,1,2,17,6,2,7,25,2,2
7,60,4,4,2005,2,1,1,2,2,1,1,1,1,1,1,3,1,2,9,6,1,1,35,1,2
7,60,4,4,2005,2,1,1,2,,1,2,1,1,1,1,3,1,2,14,6,1,1,,1,2
7,60,4,3,2005,2,1,1,2,2,4,2,1,1,1,1,3,1,2,9,6,1,1,30,1,2
7,60,4,2,2005,4,1,1,2,2,1,4,1,1,1,1,3,1,2,9,6,1,,,1,2
7,60,4,1,2005,2,1,1,2,2,1,1,2,1,1,1,3,1,2,14,6,1,4,35,1,2
8,60,4,2,2005,4,1,1,2,2,1,4,1,1,1,1,3,1,2,14,11,,1,,2,2
2,61,4,5,2005,2,2,3,2,2,1,1,1,1,1,1,1,1,2,14,6,1,1,,2,2
2,61,1,3,2005,3,1,1,2,2,1,1,1,1,1,1,3,1,2,9,6,1,1,,2,2
1,61,4,5,2005,3,1,1,2,2,1,1,1,1,1,1,1,1,2,6,6,2,6,35,2,2
1,61,1,5,2005,3,1,1,2,2,1,1,1,1,1,1,1,1,2,14,6,1,1,30,2,2
1,61,4,5,2005,4,1,1,2,,1,4,1,1,1,1,1,1,2,14,6,2,1,,1,2
1,61,1,4,2005,2,1,1,2,2,1,1,1,1,1,1,1,1,1,8,6,1,1,35,2,2
1,61,4,3,2005,3,1,1,1,,1,1,1,1,1,1,2,1,2,16,6,1,1,,2,2
1,61,3,3,2005,3,3,1,2,2,1,1,1,1,1,1,1,1,2,9,4,,,37,1,2
1,61,4,3,2005,4,1,1,2,2,1,4,1,1,1,1,1,1,2,9,6,,,,2,2
1,61,3,2,2005,4,1,1,1,2,1,4,1,1,1,1,1,1,2,10,6,1,1,35,2,2
1,61,3,2,2005,1,,1,2,2,1,2,1,1,1,1,1,1,2,15,11,1,1,,1,2
1,61,4,2,2005,2,1,1,2,2,1,1,2,1,1,2,4,1,2,8,1,1,1,40,2,2
1,61,4,2,2005,2,1,1,2,2,1,2,1,1,1,1,1,1,2,,,,,,,
1,61,4,1,2005,3,1,1,2,2,1,1,1,1,1,1,1,1,2,9,6,,,,2,2
1,61,3,1,2005,1,1,1,2,2,1,4,1,1,1,1,1,1,2,10,6,1,,,2,2
1,61,3,1,2005,1,7,8,2,2,4,4,1,1,1,1,1,1,2,14,6,1,7,,2,2
3,61,4,2,2005,1,3,1,1,2,1,1,2,1,1,1,1,1,2,9,2,1,1,,1,2
3,61,4,2,2005,3,2,1,2,2,1,1,1,1,1,1,2,1,2,9,2,1,3,,2,2
3,61,4,2,2005,4,,1,1,2,1,2,1,1,1,1,1,1,1,9,5,1,1,42,2,2
3,61,3,2,2005,2,1,1,2,2,1,1,1,1,1,1,1,1,2,10,6,1,,34,1,2
4,61,4,2,2005,2,1,1,2,2,1,1,1,1,1,1,3,1,2,9,11,2,7,,2,2
6,61,3,4,2005,2,1,1,2,2,1,1,1,1,1,1,4,,,12,6,1,1,25,2,2
6,61,3,4,2005,2,1,1,2,2,1,1,1,1,1,1,3,1,2,7,6,1,1,22,2,2
6,61,4,2,2005,2,7,8,1,2,1,1,1,1,3,1,4,1,2,12,10,,,,2,2
6,61,4,2,2005,2,1,1,2,2,1,1,1,1,1,1,3,1,2,7,6,1,1,25,2,2
1,58,1,5,2005,3,7,1,2,2,1,1,1,,1,1,4,2,2,17,11,2,7,,1,2
1,58,4,5,2005,3,7,1,2,2,1,1,2,1,1,1,1,,2,9,,1,,33,1,2
1,58,4,5,2005,3,,1,2,2,1,1,1,1,1,1,1,,2,9,6,1,1,45,1,2
1,58,4,4,2005,2,7,1,2,2,1,1,2,1,1,1,4,1,2,17,6,1,1,,2,2
1,58,4,4,2005,4,1,1,2,2,2,4,1,2,1,1,1,1,2,7,6,,,,2,
5,58,4,4,2005,2,7,8,2,2,1,1,1,1,1,1,1,1,2,9,11,1,1,45,2,2
5,58,4,1,2005,2,7,1,2,,1,2,1,1,1,1,1,1,2,14,6,1,6,,1,2
5,58,4,1,2005,1,7,1,2,2,1,4,1,1,1,1,1,1,2,14,6,1,1,,2,2
6,58,4,3,2005,4,1,1,2,2,3,4,1,2,1,1,1,1,2,8,9,1,1,,2,2
6,58,4,3,2005,2,1,1,2,2,1,1,1,1,1,1,1,,,9,6,1,1,,2,2
6,58,4,3,2005,4,2,4,2,2,1,1,1,1,1,1,1,1,1,14,6,1,,,1,2
7,58,4,2,2005,3,1,1,2,2,1,1,1,1,1,1,1,1,2,9,4,1,1,38,2,2
8,58,4,3,2005,4,7,,1,,1,,,,1,,1,,2,,6,,,,1,2
8,58,3,3,2005,2,7,,1,,1,1,,,1,,1,1,2,10,6,1,1,25,2,2
8,58,4,2,2005,2,7,8,2,2,1,1,1,1,1,1,1,1,2,9,11,2,1,,,
8,58,4,1,2005,4,7,8,2,2,1,1,1,1,1,1,1,1,1,9,2,2,7,,2,2
3,63,4,5,2005,1,4,1,2,,1,2,2,1,1,1,1,1,2,6,2,,,15,2,2
3,63,4,2,2005,1,7,6,2,1,1,4,5,1,1,2,1,2,,9,10,,1,,2,2
3,63,3,1,2005,1,1,1,2,2,1,2,1,1,1,1,3,4,2,9,6,1,,36,2,2
3,63,4,1,2005,1,1,1,2,2,1,4,1,1,1,1,3,3,2,9,11,1,7,,2,2
3,63,4,1,2005,2,1,1,2,2,1,1,2,1,1,1,3,1,2,14,2,1,7,36,2,2
7,63,3,5,2005,1,,4,2,,1,1,1,1,1,1,1,1,2,14,6,1,,,1,2
7,63,4,5,2005,1,1,1,2,2,1,1,1,1,1,1,1,1,2,8,6,1,1,,1,2
7,63,4,4,2005,3,1,4,2,,1,1,,1,1,1,1,1,2,,6,,,,1,
7,63,3,4,2005,2,1,4,2,2,1,1,1,1,1,1,1,1,1,13,6,1,7,,1,2
7,63,4,3,2005,2,1,1,2,2,1,1,1,1,1,1,1,1,2,19,6,1,7,,1,2
7,63,4,1,2005,2,1,1,2,2,1,1,1,1,1,1,1,1,2,14,6,1,1,,2,2
8,63,4,2,2005,4,,1,2,2,1,2,1,1,1,1,4,,,5,6,2,7,,1,2
8,63,4,1,2005,2,,4,2,2,1,1,1,1,1,1,1,1,1,,,,,,,
12,63,4,1,2005,1,1,1,2,2,1,1,2,1,1,1,4,1,2,5,6,,,,2,2
13,63,4,5,2005,2,,1,2,2,1,1,1,1,1,3,1,1,2,8,6,1,3,,2,2
13,63,4,1,2005,1,1,1,2,2,1,4,1,1,1,1,1,1,2,,,,,,,
1,62,4,5,2005,3,1,3,2,2,1,1,1,1,1,1,2,1,2,12,6,1,1,28,2,2
1,62,3,5,2005,2,1,,2,2,1,1,1,1,1,1,2,1,2,8,6,,1,,2,2
1,62,4,5,2005,2,7,8,1,2,1,1,1,1,1,1,2,1,2,9,6,1,7,,2,2
1,62,4,3,2005,1,1,,2,2,2,1,1,2,1,1,2,1,2,8,6,,1,35,2,2
1,62,4,2,2005,1,1,4,2,1,1,1,3,1,1,2,2,1,2,14,6,1,7,45,2,2
1,62,4,1,2005,1,1,,2,2,1,2,1,5,1,3,3,4,2,17,6,1,1,40,2,2
2,62,4,3,2005,2,1,1,2,2,1,1,1,1,1,1,3,1,2,9,1,1,1,28,1,2
3,62,4,4,2005,3,7,1,1,2,1,1,1,1,1,3,3,1,2,9,6,1,7,,2,2
4,62,4,5,2005,3,1,1,2,2,1,1,1,1,1,1,4,1,2,8,6,1,1,60,2,2
2,65,4,4,2005,1,1,1,2,2,1,1,1,1,1,1,1,1,2,7,6,1,1,25,2,1
4,65,4,4,2005,2,1,1,2,2,1,1,1,1,3,1,4,3,2,6,6,2,6,,2,2
5,65,4,5,2005,2,7,1,2,2,1,1,1,1,1,1,1,1,2,12,6,2,7,,1,2
5,65,4,5,2005,2,1,1,2,2,1,1,1,1,1,1,1,1,2,19,6,1,7,,1,2
5,65,4,4,2005,2,1,1,2,2,1,2,1,1,1,1,1,1,2,7,6,1,7,,1,2
5,65,4,3,2005,2,1,1,2,2,1,1,1,1,1,1,1,1,2,7,6,1,7,,1,2
5,65,4,3,2005,3,,1,2,2,1,1,1,1,1,1,1,1,2,9,,1,,,2,2
5,65,4,1,2005,4,7,8,1,,1,4,,1,3,2,4,4,2,,,,,,2,2
5,65,4,1,2005,3,7,1,2,2,1,1,1,1,1,1,1,1,2,9,5,1,,40,2,2
6,65,4,5,2005,2,5,1,2,2,1,2,2,1,1,1,1,1,2,11,3,1,4,,2,2
6,65,4,1,2005,2,1,3,2,2,1,1,1,1,1,1,1,1,2,7,6,1,1,,2,2
7,65,4,4,2005,2,3,1,1,2,1,1,1,1,1,1,1,1,2,14,6,1,7,,1,2
7,65,1,3,2005,2,3,1,1,,1,1,1,1,1,1,1,,,4,4,2,7,,2,2
1,57,4,5,2005,1,2,1,2,2,1,1,2,1,1,1,1,1,1,9,1,1,1,,2,2
3,57,4,5,2005,4,1,1,2,2,1,2,1,1,1,1,1,1,2,9,6,1,1,35,2,2
3,57,4,5,2005,2,,1,1,2,,1,1,,,,1,,2,9,6,1,1,,,2
6,57,4,5,2005,3,3,1,2,2,1,1,1,1,1,1,3,1,2,8,6,1,,,2,2
1,57,4,3,2005,1,7,,2,1,1,1,1,1,1,1,5,1,1,1,11,2,7,,2,
1,57,4,3,2005,2,,1,,,1,1,3,1,1,1,1,3,2,9,6,,,,1,2
1,57,4,3,2005,1,7,1,2,2,1,2,1,1,1,1,1,1,2,12,6,1,1,,1,2
1,57,1,2,2005,2,3,8,2,,1,1,1,1,1,1,1,,2,10,11,1,1,,1,2
1,57,4,1,2005,4,1,1,2,2,1,2,1,1,1,1,1,1,2,15,6,1,1,,1,2
1,57,4,1,2005,3,7,1,2,2,1,1,1,1,1,1,1,1,2,9,11,2,5,,2,2
3,57,4,4,2005,4,1,8,2,2,1,2,1,1,1,1,1,1,2,10,6,1,1,,1,2
3,57,4,2,2005,1,2,1,2,2,1,3,1,1,1,1,1,1,2,14,7,1,1,,1,2
3,57,4,1,2005,4,1,1,2,2,1,2,3,1,3,2,4,4,2,17,6,1,7,28,2,2
5,57,4,2,2005,2,,1,2,2,1,4,1,1,1,1,1,1,2,,,,,,,
5,57,4,2,2005,4,1,1,2,2,1,2,1,1,1,1,1,1,2,,,,,,,
8,57,4,4,2005,1,7,1,2,,1,4,4,1,1,1,1,2,2,14,9,1,1,35,2,2
8,57,4,4,2005,3,1,1,2,2,1,4,1,1,1,1,1,1,2,,,,,,,
1,66,4,4,2005,3,7,1,2,2,2,1,4,2,1,1,2,1,2,14,6,1,,,2,2
1,66,4,3,2005,3,7,1,2,2,1,1,1,1,1,1,2,1,2,,,,,,,
1,66,4,2,2005,2,4,1,2,2,1,2,5,1,1,1,1,1,2,14,1,2,6,35,1,2
4,61,4,1,2005,3,1,1,2,2,1,1,1,1,1,1,3,1,2,9,6,,1,,2,2
2,66,3,5,2005,1,7,8,2,2,1,1,3,1,2,2,4,1,2,11,5,1,,22,2,2
2,66,3,4,2005,3,1,1,2,2,1,1,1,1,1,1,4,1,2,12,6,1,7,,2,2
2,66,4,4,2005,2,7,1,2,,1,1,2,1,2,2,4,1,2,11,6,1,1,35,2,2
2,66,4,2,2005,1,7,1,2,2,1,1,2,1,1,2,3,1,2,9,6,1,1,,2,2
2,66,4,1,2005,3,7,1,1,2,1,1,4,1,1,2,3,1,2,9,2,1,,,,2
4,66,3,4,2005,2,1,1,2,2,1,1,4,1,1,3,2,1,2,8,6,1,7,,1,2
4,66,3,3,2005,3,1,1,2,2,1,1,1,1,1,3,2,1,2,8,6,2,7,,1,2
8,66,4,1,2005,2,7,1,1,,1,1,2,1,1,1,3,1,2,9,1,,,,2,2
1,68,4,5,2005,1,1,1,2,2,2,2,4,2,1,2,1,1,2,14,2,1,,55,1,2
2,68,4,1,2005,3,3,1,2,2,1,1,1,1,1,1,4,1,2,11,6,1,1,,2,2
3,68,4,3,2005,3,7,1,2,2,1,1,1,1,2,1,4,1,2,11,5,1,1,32,2,2