Thana,District,Accident_Severity,Month,Year,Time,Junction_Type,Traffic_Control,Movement,Divider,Weather,Light,Road_Geometry,Surface_Condition,Surface_Type,Surface_Quality,Road_Class,Road_Feature,Location_Type,Vehicle_Type,Vehicle_Movement,Vehicle_Loading,Vehicle_Defect,Vehicle_Driver_Age,Vehicle_Alcohol,Vehicle_Seat_Belt
4,68,4,4,2005,3,1,1,2,2,1,2,5,1,3,2,4,,,13,6,1,1,,1,2
1,67,4,5,2005,2,7,1,2,2,1,4,4,1,1,1,1,1,2,13,6,2,7,,2,2
2,67,4,2,2005,3,1,1,2,2,1,1,5,1,1,1,3,1,2,11,6,2,4,26,2,2
2,67,4,1,2005,3,7,1,1,2,1,1,4,1,2,2,4,1,2,11,1,2,3,,1,2
7,67,4,1,2005,2,,2,1,2,1,1,2,1,1,2,3,3,2,9,6,1,7,35,2,2
8,67,1,4,2005,3,7,8,2,2,1,1,2,1,1,1,1,1,2,1,7,2,,,2,
8,67,4,3,2005,1,7,1,2,2,2,2,1,2,1,1,1,1,2,14,5,1,,,1,
8,67,1,3,2005,4,5,8,2,2,1,1,2,2,1,2,1,2,2,9,6,1,7,35,2,2
9,67,4,3,2005,2,1,1,2,2,1,1,3,1,2,2,4,4,2,11,6,1,7,,2,2
9,67,4,2,2005,3,4,1,2,2,1,1,5,1,3,2,4,4,2,11,2,1,7,25,2,2
4,59,4,5,2005,3,7,8,2,2,1,1,1,1,1,1,2,1,2,14,6,,7,,1,2
4,59,4,5,2005,3,7,8,1,2,1,1,1,1,1,1,2,1,2,9,11,1,7,,1,2
1,59,4,4,2005,3,1,1,1,,1,1,1,1,1,1,2,1,2,11,6,1,7,45,2,2
1,59,4,1,2005,3,1,1,2,2,1,1,1,1,1,1,2,1,2,9,6,1,1,,2,2
2,59,4,3,2005,1,7,3,2,2,1,1,1,1,1,1,1,1,2,8,6,2,,,1,2
4,59,4,3,2005,2,1,2,1,2,1,1,1,1,1,1,3,1,2,9,6,1,1,40,2,2
4,59,3,2,2005,3,7,3,1,2,1,2,1,1,1,1,1,1,2,19,6,2,1,,1,2
4,59,4,1,2005,2,1,8,1,2,1,1,1,1,1,1,2,,1,9,11,1,1,,2,2
9,63,4,8,2005,3,,3,2,2,1,4,1,1,1,1,1,1,2,19,11,,,,1,
9,63,4,8,2005,2,,3,2,2,1,1,1,1,1,1,1,1,2,9,6,,7,,1,2
8,63,4,8,2005,2,,,1,,1,,,,1,1,1,,,9,9,,7,,,
6,63,4,8,2005,3,7,1,2,2,1,1,1,1,1,1,1,1,2,,,,,35,2,2
1,63,4,9,2005,2,,,2,2,1,1,1,1,1,1,4,1,2,9,6,,,,1,
1,63,4,9,2005,2,1,1,2,2,1,1,1,1,1,1,4,1,2,8,6,1,1,40,1,2
6,63,4,9,2005,2,7,8,1,2,4,1,1,5,1,2,2,1,2,9,6,1,7,,2,2
9,63,4,9,2005,3,,,2,2,1,1,1,1,1,1,3,1,2,8,9,1,7,,2,2
9,63,1,9,2005,3,2,8,2,2,1,1,1,1,1,1,1,1,2,9,11,1,,,,
9,63,4,9,2005,2,3,8,2,2,1,1,1,1,1,1,1,1,2,,,,,,,
9,63,4,9,2005,3,,,2,2,1,1,3,1,1,2,3,1,2,8,9,1,7,,2,2
8,63,4,9,2005,2,,1,1,2,1,,1,,1,1,1,1,2,14,1,1,1,35,2,2
7,63,4,9,2005,3,1,1,2,2,1,1,1,1,1,1,1,1,2,7,6,1,1,,2,2
10,63,4,9,2005,2,7,1,2,2,1,1,1,1,1,1,2,1,2,9,11,,,,,
13,63,4,9,2005,2,,1,2,2,1,1,1,1,1,1,2,1,2,8,6,1,,,2,2
9,63,4,10,2005,3,2,8,2,1,1,1,1,1,1,1,1,1,2,,,,,,,
7,63,3,10,2005,3,7,1,1,2,1,1,2,1,1,1,1,1,2,9,2,1,1,,2,2
8,63,4,10,2005,1,1,1,2,2,2,2,1,1,1,1,1,1,2,9,6,1,1,,,
8,63,4,10,2005,3,1,8,1,2,1,1,1,1,1,1,4,1,2,11,7,,1,,,
1,63,3,10,2005,3,1,1,2,2,1,1,1,1,1,1,3,1,2,9,6,1,1,,2,2
3,63,4,10,2005,4,1,1,2,2,1,4,3,2,2,2,4,4,2,9,6,,,,,
10,63,4,10,2005,2,7,1,2,2,1,1,1,1,1,1,3,1,2,9,6,1,1,35,2,2
8,63,4,11,2005,3,2,,1,2,1,,1,1,1,1,1,1,2,9,11,,1,,2,
8,63,4,11,2005,3,1,,1,,1,1,1,1,1,1,1,1,2,14,,1,1,,,
13,63,1,11,2005,4,1,1,2,2,1,4,1,1,1,1,1,1,2,14,,1,1,,2,2
4,63,4,11,2005,1,1,1,1,2,1,1,1,1,1,1,1,1,2,9,6,1,,,2,2
3,63,4,11,2005,1,7,8,2,2,1,1,1,1,1,1,4,1,2,14,6,1,3,55,2,2
3,63,4,11,2005,2,7,1,2,2,4,1,2,1,1,1,3,1,2,7,1,1,1,25,2,2
9,63,1,11,2005,3,7,1,2,2,1,1,1,1,1,1,1,1,2,9,6,1,1,45,2,
9,63,4,11,2005,3,,1,2,,1,1,1,1,1,1,4,1,2,8,6,1,,,1,2
2,63,4,11,2005,2,1,1,2,2,1,1,1,1,1,1,3,1,2,5,5,1,7,24,2,2
1,63,3,11,2005,2,1,1,2,2,1,1,1,,1,1,3,3,2,11,5,,,,,
7,63,4,11,2005,1,7,8,1,2,1,1,5,1,3,2,4,1,2,12,,,3,20,,
7,63,4,12,2005,4,7,8,1,2,1,2,1,1,1,1,1,1,2,9,11,1,1,,2,2
7,63,4,12,2005,2,3,1,2,2,1,4,1,1,2,1,4,1,2,,,,,,,
1,63,4,12,2005,3,4,1,2,2,1,2,2,1,2,2,3,1,2,11,2,,,,2,2
8,58,4,8,2005,2,1,1,2,2,1,4,1,1,1,1,1,1,2,,6,,,,,
6,58,4,8,2005,2,7,1,2,2,1,4,1,1,1,1,4,1,2,,,,,,,
6,58,4,8,2005,2,7,1,2,,1,2,1,1,1,1,1,1,2,,,,,,,
4,58,4,9,2005,4,1,1,2,2,2,2,1,2,1,1,3,1,2,14,6,1,1,48,2,2
7,58,4,8,2005,4,1,1,2,2,1,4,1,1,1,1,4,1,2,8,6,1,1,35,2,2
1,58,4,8,2005,4,7,3,2,,1,4,1,1,1,1,1,1,1,,,,,,,
1,58,4,9,2005,1,,4,2,2,1,2,1,1,1,1,1,,2,,,,,,,
1,58,4,9,2005,4,,4,2,2,1,2,,1,1,1,2,,2,8,7,1,1,18,,
1,58,3,9,2005,2,1,2,2,2,1,1,1,1,1,1,1,1,1,4,6,1,1,,2,1
1,58,2,9,2005,3,3,1,2,2,1,1,1,1,1,1,2,1,2,9,4,1,1,35,2,2
1,58,4,9,2005,4,,4,2,2,1,2,1,1,1,1,1,1,1,,,,,,,
1,58,3,9,2005,1,1,1,2,2,2,4,1,2,1,1,2,1,2,9,9,1,1,47,2,2
4,58,4,9,2005,4,1,1,2,2,2,2,1,2,1,1,1,1,2,14,6,1,1,48,2,2
12,58,4,10,2005,2,7,1,,,1,1,1,1,,1,3,,,,,,,,,
1,58,4,10,2005,4,,4,2,1,2,1,1,1,1,1,1,1,2,,5,1,,,,
6,58,4,10,2005,2,7,1,2,2,1,1,1,1,1,1,1,1,2,,,,,,,
10,58,3,10,2005,1,1,1,2,2,1,2,,1,1,1,4,1,1,2,6,1,,,,
1,58,4,11,2005,1,,8,2,2,1,1,1,1,1,1,5,1,2,4,11,1,7,30,2,2
1,58,4,11,2005,1,1,8,2,2,1,1,1,1,1,1,1,1,1,5,6,,,,1,2
7,58,4,12,2005,2,7,1,2,2,1,1,1,1,1,1,1,1,2,10,8,1,1,31,2,2
8,58,4,12,2005,3,7,8,2,2,1,1,2,1,1,1,1,1,2,9,2,1,,,,
1,61,4,8,2005,4,1,1,2,2,1,4,1,1,1,1,1,1,2,,,,,,,
3,61,1,8,2005,1,1,1,2,2,1,1,1,1,1,1,1,1,1,10,9,1,1,29,2,2
3,61,4,8,2005,2,1,1,2,2,1,1,1,1,1,1,4,1,2,8,6,1,1,36,2,2
3,61,4,8,2005,3,1,1,2,2,1,1,1,1,1,1,2,1,2,14,6,1,1,32,1,2
3,61,4,8,2005,2,7,1,2,2,2,1,1,2,1,1,4,1,2,,,,,,,
2,61,4,9,2005,1,,,2,2,1,1,1,1,1,1,1,1,2,7,6,,,,1,2
1,61,4,9,2005,3,1,1,2,2,1,1,1,1,1,1,1,1,2,9,6,1,1,30,2,2
1,61,3,9,2005,4,1,1,2,2,1,2,1,1,1,1,1,1,2,10,6,,1,,2,2
1,61,4,9,2005,4,1,1,2,2,1,2,1,1,1,1,1,1,2,7,6,1,1,,2,2
1,61,4,9,2005,2,,,2,2,1,1,1,1,1,1,1,1,1,14,1,,,,,
1,61,4,9,2005,2,,,1,2,2,1,1,2,1,1,1,1,1,,,,,,,
1,61,4,9,2005,2,1,1,2,2,1,1,1,1,1,1,1,1,2,8,6,1,1,30,2,2
1,61,4,9,2005,1,1,1,2,2,1,2,1,1,1,1,1,1,2,7,6,1,1,25,2,2
1,61,4,10,2005,2,1,1,2,2,1,1,1,1,1,1,1,1,2,9,6,,,,,
4,61,4,10,2005,2,,,,,,,,,,,4,,,,,,,,,
1,61,4,10,2005,2,1,1,2,2,1,1,1,1,1,1,1,1,2,16,6,,,,2,2
1,61,4,10,2005,3,1,1,2,2,1,1,1,1,1,1,1,1,2,9,6,1,1,35,2,2
1,61,4,10,2005,3,,8,1,2,1,1,1,1,1,1,1,1,2,9,1,1,,26,2,2
3,61,4,11,2005,3,1,3,1,2,1,1,1,1,1,1,1,1,1,16,4,,,35,2,2
1,61,4,11,2005,2,1,1,2,2,1,2,1,1,1,1,1,1,2,14,6,1,,40,2,2
1,61,4,11,2005,1,1,1,2,1,1,4,1,1,1,1,1,1,1,14,6,,,,,
1,61,2,11,2005,1,7,8,2,2,1,3,1,1,1,1,4,1,1,14,6,1,1,,1,2
1,61,4,11,2005,4,1,1,2,2,1,2,1,1,1,1,2,1,2,7,6,,,,2,2
1,61,4,12,2005,4,1,1,2,2,1,2,1,1,1,1,1,1,2,14,6,1,1,,,2
1,61,4,12,2005,2,1,1,2,2,1,1,1,1,1,1,2,1,1,8,6,1,1,35,2,2
1,61,4,12,2005,2,1,1,2,2,1,1,1,1,1,1,1,1,2,14,6,1,,40,2,2
1,61,3,12,2005,1,1,1,2,2,1,3,1,1,1,1,1,1,2,10,6,,,35,2,2
1,59,4,8,2005,2,1,1,2,2,1,1,1,1,1,1,1,1,2,12,6,1,7,,2,2
1,59,4,8,2005,3,7,1,1,2,1,1,1,1,1,1,4,1,2,,,,,,,
1,59,4,8,2005,2,7,1,1,2,1,1,1,1,1,1,4,1,1,9,11,1,7,,2,2
4,59,4,8,2005,2,,1,1,,1,1,1,1,1,1,1,1,2,6,6,,,,,
1,59,4,9,2005,2,7,1,2,2,1,1,1,1,1,1,1,1,2,19,11,1,,,2,2
1,59,4,9,2005,4,1,1,1,2,1,4,1,1,1,1,1,1,2,9,6,,,,2,2
1,59,4,9,2005,3,1,1,2,2,1,1,1,1,1,1,1,1,2,5,6,,1,,2,2
1,59,4,9,2005,3,1,1,2,2,1,1,1,1,1,1,1,1,1,7,6,1,1,,2,2
2,59,3,9,2005,2,1,2,1,2,1,1,1,1,1,1,2,1,2,9,11,1,1,,2,2
1,59,4,10,2005,2,7,1,1,2,2,1,1,2,1,1,2,1,2,,,,,,,
1,59,3,10,2005,3,,1,1,2,1,1,1,1,1,1,1,1,2,6,6,,7,,1,2
1,59,4,10,2005,2,1,,1,2,1,1,1,1,1,1,1,1,,19,6,,,,2,2
1,59,4,10,2005,1,1,8,1,2,1,1,3,2,3,2,4,1,2,17,2,1,,,1,2
7,59,4,10,2005,1,1,1,2,2,2,1,1,2,1,1,1,1,2,9,11,1,,,1,2
4,59,4,11,2005,1,,,2,,,,,,,,4,,,5,1,,,28,2,2
4,59,3,11,2005,3,,7,2,2,1,1,1,1,1,1,2,1,2,9,11,1,7,,2,2
4,59,4,11,2005,3,7,1,2,2,1,,1,1,1,1,4,1,2,13,6,1,1,30,2,2
4,59,4,12,2005,3,7,8,1,2,1,1,1,1,1,1,4,1,2,13,11,1,1,35,2,2
8,67,1,12,2005,3,4,7,1,1,1,2,2,,1,3,1,3,2,10,2,1,1,,2,2
7,67,4,12,2005,2,7,8,2,2,1,1,3,1,2,2,4,1,2,14,6,1,7,,1,2
8,67,3,11,2005,1,,1,2,2,1,4,1,1,1,1,4,2,2,14,11,2,5,35,2,2
1,67,3,11,2005,2,3,4,2,2,1,1,3,1,1,1,1,1,2,14,11,1,1,35,2,2
1,67,3,11,2005,3,7,8,2,2,1,1,1,1,1,1,4,1,2,9,6,1,1,,2,2
7,67,4,10,2005,3,7,6,2,2,1,1,4,1,1,1,4,1,2,14,,,,,,
5,67,4,8,2005,2,1,1,2,2,1,1,5,1,1,1,4,1,2,11,1,1,3,45,1,2
8,67,4,8,2005,3,3,3,1,2,1,1,1,1,1,1,1,1,2,11,6,,,21,1,2
1,67,3,8,2005,3,7,1,2,2,1,1,2,1,1,1,1,1,1,10,3,1,1,40,1,2
1,57,3,9,2005,2,1,8,,2,1,2,1,1,1,1,1,,,6,1,2,7,30,1,2
1,57,4,9,2005,2,2,1,2,2,1,1,1,1,1,1,4,1,2,9,3,,,,,
3,57,4,9,2005,3,7,1,2,2,1,2,1,1,1,1,1,1,2,,,,,,,
3,57,4,9,2005,1,7,1,1,2,1,3,1,1,1,1,1,1,2,,,,,,,
6,57,3,10,2005,4,7,1,1,2,1,2,1,1,1,1,4,1,2,6,1,,2,,1,2
1,57,4,11,2005,3,1,1,2,2,1,2,1,1,1,1,1,1,2,9,5,1,1,42,2,2
1,57,4,11,2005,1,1,1,2,2,1,2,1,1,1,1,4,1,2,14,6,1,7,,2,2
3,57,4,12,2005,2,7,4,2,2,1,1,1,1,1,1,1,1,2,9,4,,,,,
8,57,4,12,2005,2,1,1,2,,1,1,1,1,1,1,4,1,2,,,,,,,
7,60,4,8,2005,2,3,1,2,2,1,1,1,1,1,1,1,1,1,14,6,1,1,,2,2
1,60,4,8,2005,3,3,1,2,2,1,1,1,1,1,1,2,1,2,8,9,1,1,,2,2
6,60,4,9,2005,4,1,8,1,2,1,2,1,1,1,1,2,1,2,9,6,1,7,,1,2
1,60,4,9,2005,3,1,1,2,2,1,1,1,1,1,1,2,2,2,9,6,1,1,44,2,2
2,60,4,9,2005,3,1,8,2,2,1,1,1,1,1,1,2,1,2,13,,,7,45,,
1,60,4,10,2005,3,7,1,2,,1,1,1,1,1,1,2,1,1,9,6,1,1,,2,2
4,60,4,11,2005,2,1,1,2,2,1,1,1,1,1,1,3,1,2,4,6,1,,,2,2
7,60,4,11,2005,1,1,1,1,2,1,3,2,1,1,1,1,1,2,9,2,2,1,,1,2
6,60,4,12,2005,4,2,2,2,2,4,2,1,1,1,1,5,1,1,12,6,1,1,27,2,2
3,62,4,8,2005,2,7,8,2,2,1,1,1,3,1,2,3,1,2,9,11,1,7,33,,2
1,62,3,8,2005,4,1,1,2,2,1,4,1,1,1,1,1,1,1,9,6,1,,,2,2
1,62,3,9,2005,1,,4,1,1,1,1,2,1,1,1,2,1,2,9,2,1,1,30,2,2
3,62,1,9,2005,2,7,8,2,2,,,,,,,4,,,,,,,,,
1,62,4,11,2005,2,7,8,1,2,1,1,1,1,1,1,4,1,2,9,2,,1,40,,2
9,66,4,10,2005,3,1,1,2,2,1,1,4,1,1,1,4,1,2,8,1,1,1,,2,2
4,68,4,11,2005,3,1,1,2,2,1,1,4,1,1,1,3,1,2,11,6,1,7,,2,2
3,68,4,12,2005,2,7,1,1,2,1,4,3,1,2,2,4,4,2,11,6,2,,30,2,2
3,68,1,12,2005,3,1,1,2,2,1,2,1,1,1,1,3,1,2,5,6,1,1,30,2,2
3,68,4,12,2005,3,1,1,2,2,1,1,3,1,1,1,3,1,2,11,6,1,7,22,2,2
4,65,1,10,2005,3,7,4,2,2,1,1,1,1,1,2,3,1,2,5,6,1,7,22,2,2
7,65,4,10,2005,3,3,1,2,2,1,1,1,1,1,1,1,1,2,7,1,,,,1,2
1,50,4,2,2005,4,1,1,2,2,1,3,1,1,1,1,1,1,1,9,6,1,1,,2,2
1,35,4,1,2005,2,1,1,2,2,1,1,1,1,1,1,2,3,2,14,6,1,1,,2,2
6,45,4,1,2005,2,1,4,1,1,1,1,1,1,1,1,1,1,2,14,6,1,1,,2,2
8,51,4,4,2005,4,1,1,2,2,1,2,2,1,1,1,2,1,2,9,6,1,1,,2,2
9,51,4,4,2005,3,7,1,2,2,1,1,1,1,1,1,4,1,2,14,6,1,1,,2,2
1,51,4,4,2005,3,7,1,2,2,1,1,1,1,1,1,5,1,1,4,11,1,1,,2,2
9,35,4,1,2005,1,7,1,2,2,1,1,1,1,1,1,2,1,2,7,11,1,1,,2,2
5,50,4,4,2005,2,1,1,2,2,1,1,1,1,1,1,1,1,2,9,6,1,1,,2,2
8,50,4,4,2005,3,7,3,2,2,1,1,1,1,1,1,1,1,2,14,6,1,1,,2,2
1,51,3,4,2005,2,1,1,2,2,1,1,1,1,1,1,2,1,2,3,6,1,1,,2,2
4,51,3,4,2005,2,1,1,2,2,1,1,1,1,1,1,1,1,2,14,6,1,1,,2,2
8,51,4,4,2005,2,1,1,2,2,1,1,1,1,1,1,3,1,2,12,6,1,1,,2,2
8,38,4,3,2005,2,1,1,2,2,1,1,1,1,1,1,4,1,2,4,6,1,1,,2,2
7,38,4,3,2005,2,1,1,2,2,1,2,1,1,1,1,4,,,14,6,1,1,,2,2
7,38,4,3,2005,2,1,1,2,2,1,1,1,1,1,1,5,1,2,8,6,1,1,42,2,2
1,38,3,3,2005,4,1,1,2,2,1,1,1,1,1,1,1,,,9,6,1,1,,2,2
4,38,4,3,2005,2,1,1,2,2,1,1,1,1,1,1,4,1,2,1,6,1,1,,2,2
4,38,4,3,2005,3,1,1,2,2,1,1,1,1,1,1,3,1,2,14,6,1,1,,2,2
6,38,4,3,2005,2,1,1,2,2,1,3,1,1,1,1,1,1,2,12,6,1,1,,2,2
7,38,3,3,2005,1,1,1,2,2,1,1,1,1,1,1,1,1,2,9,6,1,1,,2,2
1,38,4,4,2005,1,1,8,2,1,1,1,1,1,1,1,1,1,2,14,11,1,1,,2,2
1,38,4,4,2005,2,1,1,2,2,1,1,1,1,1,1,4,1,2,1,6,1,1,,2,2
1,38,3,4,2005,2,1,1,2,2,1,1,1,1,1,1,5,1,2,14,6,1,1,,2,2
6,38,4,4,2005,2,1,1,2,2,1,1,1,1,1,1,1,1,2,14,6,1,1,,2,2
4,38,4,4,2005,3,3,1,2,2,1,1,1,1,1,1,3,1,2,9,6,1,1,,2,2
3,38,1,1,2005,3,1,1,2,2,1,1,1,1,1,1,2,1,2,8,6,1,1,,2,2
3,38,4,1,2005,1,1,1,2,2,4,4,1,1,1,1,1,1,2,9,7,1,1,,2,2
8,38,4,1,2005,4,7,1,2,2,1,4,1,1,1,1,4,1,2,9,6,1,1,,2,2
8,38,4,1,2005,1,7,1,2,2,1,2,1,1,1,1,4,1,2,,6,1,1,,2,2
6,38,4,1,2005,3,2,1,2,2,1,1,1,1,1,1,1,1,2,9,6,1,1,,2,2
1,38,3,2,2005,3,1,1,2,2,1,1,1,1,1,1,1,1,2,14,6,1,1,,2,2
1,38,4,2,2005,2,1,1,2,2,1,1,1,1,1,1,4,1,2,10,6,1,1,,2,2
3,38,3,2,2005,4,1,1,2,2,1,1,1,1,1,1,1,1,2,10,6,1,1,,2,2
1,38,4,2,2005,3,1,1,2,2,1,1,1,1,1,1,1,1,2,9,6,1,1,,2,2
1,38,4,2,2005,1,1,1,2,2,1,1,1,1,1,1,1,1,2,9,6,1,1,,2,2
1,39,4,1,2005,2,1,1,2,2,4,2,1,1,1,1,1,1,2,14,6,1,1,,2,2
3,39,4,1,2005,4,1,1,2,2,1,4,1,1,1,1,1,1,2,,6,1,1,,2,2
1,39,4,1,2005,2,2,8,2,2,4,2,1,1,1,1,1,1,2,9,6,1,1,,2,2
1,37,4,1,2005,4,3,1,2,2,1,3,2,1,1,1,1,2,,14,6,1,1,,2,2
3,39,4,2,2005,1,3,1,2,2,1,4,1,1,1,1,1,1,2,9,6,1,1,,2,2
1,39,1,2,2005,1,1,4,2,2,1,1,1,1,1,1,1,1,2,8,2,1,1,,2,2
3,39,4,3,2005,1,3,1,2,2,1,1,1,1,1,1,1,1,2,9,6,1,1,,2,2
3,39,4,4,2005,2,3,1,2,2,1,1,1,1,1,1,1,1,,14,6,1,1,,2,2
3,39,4,4,2005,2,1,1,2,2,1,1,1,1,1,1,1,1,2,9,6,1,1,,2,2
5,35,4,1,2005,4,1,1,2,2,1,1,1,1,1,1,3,1,2,12,6,1,1,,2,2
2,35,3,2,2005,2,1,1,2,2,1,1,1,1,1,1,3,2,,9,6,1,1,,2,2
4,35,4,2,2005,2,7,1,2,2,1,1,1,1,1,1,1,1,2,9,6,1,1,,2,2
3,35,4,2,2005,3,1,1,2,2,1,1,1,1,1,1,2,1,1,8,8,1,1,,2,2
1,51,4,1,2005,1,1,1,2,2,1,1,1,1,1,1,2,1,2,7,6,1,1,,2,2
8,51,4,1,2005,3,1,1,2,2,1,1,1,1,1,1,3,1,2,8,6,1,1,,2,2
8,51,4,1,2005,2,1,1,2,2,1,1,1,1,1,1,3,1,2,9,6,1,1,,2,2
9,51,4,2,2005,3,1,1,2,2,1,1,1,1,1,1,3,1,2,14,6,1,1,,2,2
9,51,4,2,2005,2,1,8,2,2,1,4,1,1,1,1,4,1,2,7,6,1,1,,2,2
9,51,1,2,2005,3,1,1,2,2,1,1,1,1,1,1,3,1,2,1,6,1,1,,2,2
7,51,3,2,2005,3,1,1,2,2,1,1,1,1,1,1,2,1,2,5,6,1,1,,2,2
1,51,3,2,2005,4,1,1,2,2,1,1,1,1,1,1,2,1,2,7,6,1,1,,2,2
1,49,4,1,2005,3,1,1,2,2,1,1,1,1,1,1,2,1,2,9,5,1,1,,2,2
7,37,4,3,2005,2,1,1,2,2,1,1,1,1,1,1,1,2,,19,6,1,1,,2,2
3,38,4,3,2005,2,1,1,2,2,1,1,1,1,1,1,4,1,2,4,6,1,1,,2,2
6,47,4,2,2005,2,1,1,2,2,1,1,1,1,1,1,2,1,2,14,6,1,1,,2,2
6,37,4,2,2005,1,1,1,2,2,1,1,1,1,1,1,3,1,2,4,6,1,1,,2,2
6,45,4,3,2005,3,1,1,2,2,1,1,1,1,1,1,3,1,2,19,6,1,1,,2,2
5,45,4,3,2005,2,1,1,2,2,1,1,1,1,1,1,1,1,2,9,6,1,1,,2,2
4,45,3,2,2005,2,7,1,2,2,1,1,1,1,1,1,3,1,2,7,6,1,1,,2,2
1,45,1,3,2005,4,1,1,2,2,1,1,1,1,1,1,1,1,2,10,6,1,1,,2,2
12,47,4,1,2005,4,1,1,2,2,1,1,1,1,1,1,1,2,2,14,6,1,1,,2,2
8,47,4,1,2005,1,1,7,2,1,4,1,1,1,1,1,1,1,2,14,6,1,1,,2,2
4,43,4,4,2005,4,1,1,2,2,1,1,1,1,1,1,1,1,2,9,6,1,1,,2,2
1,43,4,4,2005,2,1,1,2,2,1,1,1,1,1,1,3,1,2,14,6,1,1,,2,2
2,43,4,4,2005,3,1,1,2,2,1,1,1,1,1,1,1,1,2,19,6,1,1,,2,2
2,43,4,4,2005,2,1,1,2,2,1,1,1,1,1,1,1,1,2,14,6,1,1,,2,2
2,43,4,3,2005,2,1,1,2,2,1,1,1,1,1,1,1,1,2,10,6,1,1,,2,2
2,43,4,1,2005,3,2,1,2,2,1,1,1,1,1,1,1,1,2,8,6,1,1,,2,2
5,43,4,2,2005,2,1,1,2,2,1,2,1,1,1,1,1,1,2,9,6,1,1,,2,2
1,45,4,4,2005,2,1,1,2,2,1,1,1,1,1,1,1,2,2,8,6,1,1,,2,2
1,45,4,4,2005,4,1,1,2,2,1,2,1,1,1,1,1,1,2,9,6,1,1,,2,2
6,45,4,4,2005,4,1,1,2,2,1,4,1,1,1,1,1,1,2,,6,1,1,,2,2
6,45,4,4,2005,3,1,1,2,2,1,1,1,1,1,1,1,1,2,9,6,1,1,,2,2
4,45,4,4,2005,3,1,1,2,2,1,1,1,1,1,1,3,1,2,14,6,1,1,,2,2
6,45,4,4,2005,2,1,1,2,2,1,4,1,1,1,1,1,1,2,,6,1,1,,2,2
3,45,4,4,2005,2,1,1,2,2,1,1,1,1,1,1,1,1,2,14,6,1,1,,2,2
13,45,4,4,2005,2,7,1,2,2,1,1,1,1,1,1,2,1,2,9,11,1,1,,2,2
1,48,3,2,2005,3,1,1,2,2,1,1,1,1,1,1,1,1,,14,6,1,1,,2,2
1,48,4,5,2005,3,1,1,2,2,1,1,1,1,1,1,1,1,2,14,6,1,1,,2,2
1,46,3,3,2005,2,1,1,2,2,1,1,1,1,1,1,2,1,2,14,6,1,1,40,2,2
1,48,4,2,2005,3,1,1,2,2,1,1,1,1,1,1,1,1,2,13,6,1,1,,2,2
1,48,4,2,2005,3,7,1,2,2,1,1,1,1,1,1,1,1,2,7,6,1,1,,2,2
1,48,4,1,2005,,1,1,2,2,1,2,1,1,1,1,1,1,2,14,6,1,1,,2,2
1,48,4,2,2005,3,1,1,2,2,1,1,2,1,1,1,1,1,2,14,6,1,1,,2,2
1,35,4,3,2005,2,1,1,2,2,1,1,2,1,1,3,3,1,2,12,6,1,1,,2,2
1,35,4,3,2005,3,1,4,2,2,1,1,1,1,1,1,4,1,2,9,6,1,1,,2,2
1,35,3,4,2005,4,1,1,2,2,1,4,2,1,1,1,2,1,2,9,6,1,1,,2,2
4,35,4,4,2005,2,1,1,2,2,1,2,1,1,1,3,3,1,2,4,6,1,1,,2,2
5,35,4,4,2005,3,1,1,2,2,1,1,1,1,1,1,1,2,1,9,6,1,1,,2,2
5,37,4,6,2005,2,1,1,2,2,1,1,1,1,1,1,3,1,2,8,6,1,1,38,2,2
1,51,4,3,2005,2,2,1,2,2,1,3,1,1,1,1,1,1,2,14,11,,,,2,2
8,51,4,3,2005,3,1,1,2,2,1,1,1,1,1,1,2,1,2,9,6,1,1,85,2,2
12,51,4,3,2005,1,1,1,2,2,1,1,1,1,1,1,1,2,1,14,6,1,1,,2,2
8,51,4,3,2005,2,1,1,2,2,1,1,1,1,1,1,2,1,2,8,6,1,1,,2,2
1,51,3,3,2005,2,1,1,2,2,1,1,1,1,1,1,2,1,2,9,6,1,1,,2,2
4,39,3,6,2005,2,1,1,2,2,1,1,1,1,1,1,3,1,2,9,6,1,1,,2,2
1,39,1,3,2005,1,1,1,2,2,1,1,1,1,1,1,2,1,2,7,6,1,1,,2,2
1,39,4,6,2005,3,1,1,2,2,1,1,1,1,1,1,4,1,2,9,6,1,1,,2,2
1,35,4,6,2005,3,1,1,2,2,1,1,1,1,1,1,3,1,2,9,6,1,1,,2,2
1,35,4,6,2005,3,1,1,2,2,1,1,1,1,1,1,3,1,2,9,6,1,1,,2,2
3,38,3,5,2005,3,1,1,2,2,1,1,1,1,1,1,1,1,2,9,6,1,1,,2,2
1,38,3,5,2005,2,1,1,2,2,1,1,1,1,1,1,3,1,2,14,6,1,1,,2,2
4,38,3,5,2005,2,1,1,2,2,1,1,1,1,1,1,3,1,2,9,6,1,1,,2,2
6,38,4,5,2005,3,7,8,2,2,1,1,1,1,1,1,1,1,2,7,6,1,1,,2,2
6,45,4,5,2005,2,7,1,2,2,1,3,1,1,1,1,1,1,2,14,6,1,1,,2,2
6,45,1,5,2005,2,7,1,2,2,1,1,1,1,1,1,1,1,2,14,6,1,1,,2,2
1,45,4,5,2005,2,1,1,2,2,1,1,1,1,1,1,3,1,2,9,6,1,1,,2,2
1,45,4,5,2005,3,1,1,2,2,1,1,1,1,1,1,1,1,2,14,6,1,1,,2,2