Thana,District,Accident_Severity,Month,Year,Time,Junction_Type,Traffic_Control,Movement,Divider,Weather,Light,Road_Geometry,Surface_Condition,Surface_Type,Surface_Quality,Road_Class,Road_Feature,Location_Type,Vehicle_Type,Vehicle_Movement,Vehicle_Loading,Vehicle_Defect,Vehicle_Driver_Age,Vehicle_Alcohol,Vehicle_Seat_Belt
6,45,4,5,2005,2,7,1,2,2,1,1,1,1,1,1,1,1,2,19,6,1,1,,2,2
6,45,4,5,2005,4,7,1,2,2,1,3,1,1,1,1,1,1,2,14,6,1,1,,2,2
1,51,3,5,2005,1,3,1,2,2,1,1,1,1,1,1,3,1,2,19,6,1,1,,2,2
12,51,4,5,2005,2,1,8,2,2,1,1,1,1,1,1,4,1,2,4,6,1,1,,2,2
1,51,3,5,2005,3,1,1,2,2,1,1,1,1,1,1,4,1,2,9,6,1,1,,2,2
12,50,4,1,2005,3,7,1,2,2,1,1,1,1,1,1,4,1,2,5,6,1,1,,2,2
8,50,4,1,2005,3,7,1,2,2,1,1,1,1,1,1,1,1,2,14,6,1,1,,2,2
5,52,3,5,2005,4,1,8,1,1,4,4,1,1,1,1,4,1,2,17,6,1,1,,2,2
10,52,4,5,2005,3,1,1,2,2,1,1,1,1,1,1,3,1,2,14,6,1,1,,2,2
10,52,4,5,2005,2,1,1,2,2,1,1,1,1,1,1,3,1,2,9,6,1,1,,2,2
1,52,3,5,2005,3,1,8,1,1,1,1,1,1,1,1,,1,2,6,1,1,1,,2,2
5,43,3,5,2005,2,1,1,2,2,1,1,1,1,1,1,1,1,2,12,6,1,1,,2,2
5,43,4,5,2005,2,1,1,2,2,1,1,1,1,1,1,1,1,2,19,6,1,1,,2,2
4,43,4,5,2005,2,1,1,2,2,1,1,1,1,1,1,1,1,2,9,6,1,1,,2,2
2,43,3,5,2005,3,7,3,2,2,1,1,1,1,1,1,1,1,2,19,6,1,1,,2,2
2,43,4,5,2005,1,1,1,2,2,1,1,1,1,1,1,1,1,2,9,6,1,1,,2,2
2,43,4,5,2005,3,7,1,2,2,1,1,1,1,1,1,1,1,2,7,6,1,1,,2,2
2,43,4,5,2005,3,1,1,2,2,1,1,1,1,1,1,1,1,2,9,6,1,1,,2,2
2,43,4,5,2005,2,7,1,2,2,1,1,1,1,1,1,1,1,2,7,6,1,1,,2,2
2,43,4,5,2005,3,1,1,2,2,1,1,1,1,1,1,1,1,1,10,6,1,1,,2,2
1,43,4,5,2005,2,1,1,2,2,1,1,1,1,1,1,4,1,2,14,6,1,1,,2,2
2,43,4,4,2005,3,7,1,2,2,1,1,1,1,1,1,1,1,2,8,6,1,1,,2,2
5,43,4,5,2005,2,1,1,2,2,1,1,1,1,1,1,1,1,2,14,6,1,1,,2,2
3,38,4,10,2005,1,1,5,2,1,4,1,1,1,1,1,1,1,2,9,6,1,1,,2,2
1,38,4,10,2005,1,7,1,2,2,1,1,1,1,1,1,1,1,2,9,6,1,1,,2,2
3,38,4,10,2005,3,1,1,2,2,1,1,1,1,1,1,3,1,2,13,6,1,1,,2,2
1,38,4,9,2005,2,1,1,2,2,1,1,1,1,1,1,1,1,2,9,6,1,1,,2,2
3,38,4,8,2005,4,1,1,2,2,1,1,1,1,1,1,1,1,2,14,6,1,1,,2,2
6,38,4,8,2005,4,1,1,2,2,1,2,1,1,1,1,2,1,2,8,6,1,1,,2,2
3,38,3,8,2005,4,1,1,2,2,1,2,2,2,1,1,1,1,2,12,6,1,1,,2,2
3,38,4,8,2005,3,2,1,2,2,2,1,1,2,1,1,1,1,2,9,6,1,1,,2,2
3,38,4,8,2005,4,1,1,2,2,2,2,1,2,1,1,1,2,,9,6,1,1,,2,2
1,38,4,6,2005,3,7,1,2,2,1,1,1,1,1,1,1,1,2,9,6,1,1,,2,2
8,38,4,6,2005,3,1,1,2,2,1,1,1,1,1,1,3,1,2,8,6,1,1,,2,2
5,38,3,6,2005,3,1,1,1,2,1,1,1,5,2,3,4,1,2,8,6,1,1,,2,2
1,38,4,6,2005,2,1,1,2,2,1,2,1,1,1,1,1,1,2,12,6,1,1,,2,2
3,38,4,7,2005,3,1,1,2,2,2,4,1,2,1,1,1,1,2,9,6,1,1,,2,2
7,38,4,7,2005,4,1,1,2,2,1,2,1,1,1,1,1,1,2,14,6,1,1,,2,2
6,38,4,7,2005,2,1,8,2,2,2,2,1,2,1,1,1,1,2,14,6,1,1,,2,2
3,38,4,11,2005,2,1,1,2,2,1,1,1,1,1,1,1,1,2,9,6,1,1,,2,2
3,38,4,11,2005,2,1,1,2,2,1,1,1,1,1,1,1,1,2,7,6,1,1,,2,2
6,44,4,1,2005,1,1,1,2,2,1,2,1,1,1,1,1,1,2,,,,,,2,2
6,44,4,1,2005,2,1,1,2,2,1,1,1,1,1,1,1,1,2,7,6,1,1,,2,2
6,44,4,1,2005,1,1,1,2,2,1,4,1,1,1,1,1,1,2,14,6,1,1,,2,2
6,44,4,1,2005,1,1,1,1,1,1,3,1,1,1,1,1,1,2,9,6,1,1,,2,2
6,44,4,1,2005,2,1,1,2,2,1,1,1,1,1,1,1,1,2,14,6,1,1,,2,2
7,44,4,1,2005,2,1,1,2,2,1,1,1,1,1,1,1,1,2,7,6,1,1,,2,2
7,44,4,1,2005,1,1,1,2,2,1,4,1,1,1,1,1,2,,7,6,1,1,,2,2
4,44,4,3,2005,2,2,1,2,2,1,1,1,1,1,1,4,1,2,14,6,1,1,,2,2
3,44,2,3,2005,1,1,1,2,2,1,3,1,1,1,1,2,1,2,14,6,1,1,,2,2
3,44,4,3,2005,2,2,1,2,2,2,1,1,2,1,1,1,1,2,9,6,1,1,,2,2
3,44,4,3,2005,4,1,1,2,2,1,4,1,1,1,1,1,1,2,9,6,1,1,,2,2
3,44,4,3,2005,2,1,1,2,2,1,1,1,1,1,1,1,1,2,6,6,1,1,,2,2
6,44,4,3,2005,2,3,1,2,2,1,1,1,1,1,1,5,1,2,14,6,1,1,,2,2
2,44,4,3,2005,2,7,1,2,2,1,2,1,1,1,1,1,1,,12,6,1,1,,2,2
7,44,3,3,2005,1,7,8,2,2,1,2,1,1,2,1,1,4,2,14,6,1,1,,2,2
7,44,4,3,2005,1,1,1,2,2,1,2,1,1,1,1,1,1,2,,6,1,1,,2,2
5,44,4,3,2005,3,1,1,2,2,1,1,1,1,1,1,1,1,2,7,6,1,1,,2,2
6,44,4,4,2005,3,7,1,2,2,1,1,1,1,1,1,1,1,2,14,6,1,1,,2,2
6,44,4,4,2005,3,1,1,2,2,1,1,1,1,1,1,4,1,1,14,6,1,1,,2,2
7,44,4,4,2005,2,1,1,2,2,1,1,1,1,1,1,1,1,2,14,6,1,1,,2,2
4,44,4,5,2005,2,1,1,2,2,1,1,1,1,1,1,3,1,2,8,6,1,1,,2,2
3,44,4,5,2005,1,1,1,2,2,1,2,1,1,1,1,2,1,2,9,6,1,1,,2,2
3,44,4,5,2005,1,1,1,2,2,1,4,1,1,1,1,1,1,2,,6,1,1,,2,2
3,44,4,5,2005,4,1,1,2,2,1,2,1,1,1,1,1,1,2,,6,1,1,,2,2
2,44,4,5,2005,2,1,1,2,2,1,1,2,1,1,3,4,1,2,9,6,1,1,,2,2
2,44,4,5,2005,1,3,2,2,2,1,2,1,1,1,1,1,1,2,14,6,1,1,,2,2
2,44,4,5,2005,2,4,2,2,2,1,1,1,1,1,1,1,1,2,9,6,1,1,,2,2
7,44,4,5,2005,2,3,4,2,2,1,2,2,1,1,1,1,1,2,14,6,1,1,,2,2
5,44,4,5,2005,2,7,8,2,2,1,2,1,1,1,1,1,1,2,11,6,1,1,,2,2
1,44,4,6,2005,4,1,1,2,2,1,4,1,3,1,2,5,1,2,14,6,1,1,,2,2
4,44,3,6,2005,1,3,8,2,2,1,4,1,1,1,1,1,1,2,14,6,1,1,,2,2
6,44,4,6,2005,2,3,1,2,2,1,1,1,1,1,1,4,1,2,14,6,1,1,,2,2
6,44,4,6,2005,1,7,1,2,2,1,3,1,1,1,1,1,1,2,8,6,1,1,,2,2
6,44,3,6,2005,3,7,1,2,2,2,1,2,2,1,1,1,1,2,14,6,1,1,,2,2
2,44,3,5,2005,3,1,1,2,2,1,1,1,1,1,1,1,1,2,9,6,1,1,,2,2
2,44,4,6,2005,3,1,1,2,2,1,1,1,1,1,1,1,1,2,9,6,1,1,,2,2
7,44,4,6,2005,3,2,4,2,2,1,1,1,1,1,1,1,1,2,14,6,1,1,,2,2
5,44,4,6,2005,2,1,1,2,2,1,1,1,1,1,1,1,1,2,9,6,1,1,,2,2
1,44,4,7,2005,3,7,1,1,1,1,1,1,1,1,1,5,1,2,9,6,1,1,,2,2
4,44,4,7,2005,3,1,1,2,2,1,4,1,1,1,1,3,1,2,9,6,1,1,,2,2
3,44,4,7,2005,2,1,1,2,2,1,1,1,1,1,1,1,1,2,8,6,1,1,,2,2
3,44,4,7,2005,4,1,2,2,2,1,4,1,1,1,1,1,1,2,,6,1,1,,2,2
3,44,4,7,2005,2,2,1,2,2,1,1,1,1,1,1,1,1,2,9,6,1,1,,2,2
6,44,4,7,2005,1,1,1,2,2,1,4,1,1,1,1,1,1,2,7,6,1,1,,2,2
2,44,3,7,2005,4,1,1,2,2,1,1,1,1,1,1,1,1,2,9,6,1,1,,2,2
2,44,4,7,2005,2,1,1,2,2,1,1,1,1,1,1,1,1,2,10,6,1,1,,2,2
2,4,4,7,2005,3,1,1,2,2,1,1,1,1,1,1,4,1,2,5,6,1,1,,2,2
7,44,4,7,2005,4,2,2,2,2,1,2,1,1,1,1,1,1,2,19,6,1,1,,2,2
5,44,3,6,2005,2,1,1,2,2,1,1,1,1,1,1,1,1,2,9,6,1,1,,2,2
5,44,4,5,2005,2,1,1,2,2,1,1,1,1,1,1,1,1,2,,6,1,1,,2,2
5,44,4,6,2005,3,1,1,2,2,1,1,1,1,1,1,1,1,2,8,6,1,1,,2,2
1,44,4,8,2005,3,7,1,2,2,1,1,1,1,1,1,5,1,2,9,6,1,1,,2,2
4,44,3,8,2005,3,1,1,2,2,1,1,1,1,1,1,1,1,2,5,6,1,1,,2,2
3,44,4,8,2005,3,1,1,2,2,1,1,1,1,1,1,1,1,2,9,6,1,1,,2,2
3,44,4,8,2005,1,1,1,2,2,1,1,1,1,1,1,1,1,2,11,6,1,1,,2,2
6,44,4,8,2005,1,1,1,2,2,1,1,1,1,1,1,2,1,2,14,6,1,1,,2,2
6,44,4,8,2005,3,1,4,2,2,1,1,1,1,1,1,1,1,2,9,6,1,1,,2,2
6,44,4,8,2005,1,1,8,2,2,1,4,1,1,1,1,1,1,2,9,6,1,1,,2,2
7,44,1,8,2005,2,7,8,2,2,1,4,1,1,1,1,1,1,2,5,3,1,1,,2,2
7,44,4,8,2005,2,7,8,2,2,1,2,2,1,1,1,1,1,2,9,6,1,1,,2,2
4,44,4,7,2005,3,1,1,2,2,1,1,1,1,1,1,1,1,2,9,6,1,1,,2,2
5,44,4,8,2005,2,1,1,2,2,1,2,1,1,1,1,1,1,2,7,6,1,1,,2,2
5,44,4,5,2005,4,1,1,2,2,1,4,1,1,1,1,1,1,2,,6,1,1,,2,2
1,50,4,6,2005,1,1,1,1,1,1,3,1,1,1,1,1,1,2,14,6,1,1,,2,2
4,50,4,6,2005,2,1,1,2,2,1,1,1,1,1,1,4,1,2,9,6,1,1,,2,2
6,50,4,6,2005,3,7,4,2,2,1,1,1,1,1,1,2,1,2,17,6,1,1,,2,2
12,50,4,6,2005,1,4,1,2,2,2,2,2,2,1,1,1,1,2,13,6,1,1,,2,2
9,50,4,6,2005,1,7,1,2,2,1,1,1,1,1,1,2,1,2,9,6,1,1,,2,2
13,50,4,6,2005,1,1,1,2,2,1,1,1,1,1,1,2,1,2,9,6,1,1,,2,2
5,50,4,6,2005,1,1,1,2,2,1,1,1,1,1,1,4,1,2,19,6,1,1,,2,2
8,50,4,6,2005,2,7,1,2,2,1,2,1,1,1,1,3,1,2,6,6,1,1,,2,2
1,50,3,7,2005,2,7,8,2,2,1,1,1,1,1,1,1,1,2,8,6,1,1,,2,2
1,50,4,7,2005,3,3,1,2,2,1,1,1,1,1,1,1,1,2,8,6,1,1,,2,2
10,50,1,7,2005,3,1,1,2,2,1,1,1,1,1,1,1,1,2,9,6,1,1,,2,2
12,50,1,7,2005,2,1,1,2,2,1,1,1,1,1,1,1,1,2,9,6,1,1,,2,2
2,50,4,7,2005,3,7,8,2,2,2,1,1,2,1,1,1,1,2,13,6,1,1,,2,2
11,50,4,7,2005,1,7,4,2,2,1,1,1,1,1,1,3,1,2,13,10,1,6,,2,2
11,50,4,7,2005,3,1,1,2,2,1,1,1,1,1,1,2,1,2,9,6,1,1,,2,2
5,50,4,7,2005,2,1,1,2,2,1,1,1,1,1,1,1,1,2,9,6,1,1,,2,2
5,50,4,7,2005,1,1,1,2,2,1,1,1,1,1,1,3,1,2,14,6,1,1,,2,2
1,50,4,8,2005,2,1,1,2,2,1,2,1,2,1,1,1,1,2,9,6,1,1,,2,2
2,50,4,9,2005,2,7,1,2,2,1,1,1,1,1,1,3,1,2,9,6,1,1,,2,2
2,50,3,9,2005,3,7,3,2,2,1,1,1,1,1,1,1,1,2,9,6,1,1,,2,2
10,50,4,8,2005,2,1,1,2,2,1,1,1,1,1,1,1,1,2,9,1,1,1,,2,2
10,50,3,8,2005,4,1,1,2,2,1,2,1,1,1,1,1,1,2,9,6,1,1,,2,2
13,50,4,8,2005,4,1,1,2,2,1,1,1,1,1,1,1,1,2,10,6,1,1,,2,2
13,50,4,8,2005,2,1,1,2,2,1,1,1,1,1,1,3,1,2,14,6,1,1,,2,2
2,50,4,8,2005,2,1,1,2,2,1,1,1,1,1,1,3,1,2,4,6,1,1,,2,2
1,50,1,10,2005,3,1,1,2,2,1,1,1,1,1,1,1,1,2,9,6,1,1,,2,2
1,50,4,10,2005,1,7,1,2,2,1,1,1,1,1,1,2,1,2,9,6,1,1,,2,2
11,50,4,10,2005,3,1,1,2,2,1,1,1,1,1,1,4,1,2,4,6,1,1,,2,2
3,43,4,6,2005,,1,1,2,2,1,4,1,1,1,1,1,1,2,19,6,1,1,,2,2
2,43,4,6,2005,3,1,1,2,2,1,1,1,1,1,1,1,1,2,7,6,1,1,,2,2
2,43,4,6,2005,2,1,1,2,2,1,1,1,1,1,1,1,1,2,,6,1,1,,2,2
5,43,4,6,2005,3,1,1,2,2,1,1,1,1,1,1,1,1,2,9,6,1,1,,2,2
5,43,4,10,2005,2,1,1,2,2,1,1,1,1,1,1,1,1,2,6,6,1,1,,2,2
5,43,4,9,2005,1,1,5,2,1,1,4,1,1,1,1,1,1,2,9,6,1,1,,2,2
5,43,4,10,2005,1,3,3,2,2,1,1,1,1,1,1,1,1,2,9,6,1,1,,2,2
5,43,4,10,2005,2,1,1,2,2,1,1,1,1,1,1,1,1,2,9,6,1,1,,2,2
5,43,1,10,2005,2,1,1,2,2,1,1,1,1,1,1,1,1,2,9,6,1,1,,2,2
2,43,4,9,2005,2,7,8,2,2,1,1,1,1,1,1,1,1,2,14,6,1,1,,2,2
6,43,4,9,2005,2,1,1,2,2,2,1,1,2,1,1,2,1,2,8,6,1,1,,2,2
2,43,3,9,2005,3,1,1,2,2,1,1,1,1,1,1,1,1,2,9,6,1,1,,2,2
4,43,4,9,2005,4,1,1,2,2,1,1,1,1,1,1,1,1,2,10,6,1,1,,2,2
2,43,4,7,2005,4,7,3,2,2,1,2,1,1,1,1,1,1,2,7,6,1,1,,2,2
2,43,1,7,2005,2,1,1,2,2,1,1,1,1,1,1,1,1,2,9,6,1,1,,2,2
2,43,3,7,2005,3,1,1,2,2,1,1,1,1,1,1,1,1,2,9,6,1,1,,2,2
5,43,4,8,2005,4,1,1,2,2,1,4,1,1,1,1,1,1,2,9,6,1,1,,2,2
4,43,4,8,2005,2,1,1,2,2,1,1,1,1,1,1,1,1,2,9,6,1,1,,2,2
3,43,4,8,2005,1,1,1,2,2,1,2,1,1,1,1,1,1,2,4,6,1,1,,2,2
2,43,4,8,2005,4,1,1,2,2,1,1,1,1,1,1,1,1,2,,6,1,1,,2,2
2,43,4,8,2005,4,3,1,2,2,1,4,3,1,1,1,1,1,2,9,6,1,1,,2,2
6,43,4,8,2005,1,1,1,2,2,1,4,1,1,1,1,3,1,2,,6,1,1,,2,2
3,43,4,11,2005,3,1,1,2,2,1,1,1,1,1,1,2,1,2,9,6,1,1,,2,2
2,43,4,11,2005,3,1,1,2,2,1,1,3,1,1,1,1,1,2,9,6,1,1,,2,2
2,43,4,12,2005,3,3,1,1,1,1,1,1,1,1,1,1,1,2,9,6,1,1,,2,2
1,45,4,1,2005,4,7,4,2,2,1,2,1,1,1,1,1,1,2,9,6,1,1,,2,2
6,45,4,1,2005,3,1,1,2,2,1,1,1,1,1,1,1,1,2,9,6,1,1,,2,2
1,45,4,10,2005,3,1,3,2,2,1,1,1,1,1,1,4,1,2,8,6,1,1,,2,2
6,45,4,10,2005,2,1,1,2,2,1,2,1,1,1,1,1,1,2,13,6,1,1,,2,2
1,45,4,10,2005,2,7,1,2,2,1,1,1,1,1,1,1,1,2,8,6,1,1,,2,2
3,45,4,10,2005,2,7,1,2,2,1,1,1,1,1,1,1,1,2,9,6,1,1,,2,2
1,45,3,7,2005,3,1,1,2,2,1,1,1,1,1,1,2,1,2,8,6,1,1,,2,2
6,45,4,7,2005,3,1,1,2,2,1,1,1,1,1,1,1,1,2,9,6,1,1,,2,2
2,45,4,7,2005,3,2,1,2,2,1,1,1,1,1,1,1,1,2,9,6,1,1,,2,2
1,45,4,7,2005,3,1,3,2,2,1,1,1,1,1,1,1,1,2,12,6,1,1,,2,2
1,45,4,7,2005,1,1,1,2,2,1,1,1,1,1,1,1,1,2,9,6,1,1,,2,2
1,45,4,8,2005,2,7,1,2,2,1,4,1,1,1,1,1,1,2,19,6,1,1,,2,2
1,45,4,8,2005,4,1,4,2,2,1,1,1,1,1,2,1,1,2,9,6,1,1,,2,2
6,45,3,8,2005,1,2,1,2,2,1,4,1,2,1,1,1,1,2,8,6,1,1,,2,2
4,45,3,8,2005,1,3,1,2,2,1,1,1,1,1,1,2,1,2,6,6,1,1,,2,2
6,45,4,8,2005,4,7,1,2,2,1,1,1,1,1,1,1,1,2,13,6,1,1,,2,2
6,45,4,8,2005,2,1,1,2,2,1,1,1,1,1,1,1,1,2,9,6,1,1,,2,2
1,45,4,8,2005,4,1,1,2,2,1,4,1,1,1,1,1,1,2,9,6,1,1,,2,2
1,45,4,9,2005,1,1,1,2,2,1,3,1,1,1,1,2,1,2,,6,1,1,,2,2
5,45,4,9,2005,3,1,2,2,2,1,3,1,1,1,1,1,1,2,8,6,1,1,,2,2
1,45,4,9,2005,1,7,1,2,2,1,1,1,1,1,1,1,1,2,,6,1,1,,2,2
1,45,4,9,2005,2,7,1,2,2,1,1,1,1,1,1,4,1,2,8,6,1,1,,2,2
3,45,4,11,2005,4,7,1,2,2,1,2,1,1,1,1,1,1,2,9,6,1,1,,2,2
1,45,3,11,2005,3,1,2,2,2,1,1,1,1,1,1,1,1,2,10,6,1,1,,2,2
5,45,4,11,2005,2,1,1,2,2,1,1,1,1,1,1,1,1,2,5,6,1,1,,2,2
1,45,3,11,2005,1,7,1,2,2,1,1,1,1,1,1,1,1,2,10,6,1,1,,2,2
6,45,4,11,2005,1,1,1,2,1,1,1,1,1,1,1,1,1,2,9,6,1,1,,2,2
1,35,2,5,2005,2,1,1,2,2,1,1,1,1,1,1,1,1,2,14,6,1,1,,2,2
1,35,4,5,2005,3,1,1,2,2,1,1,1,1,1,1,1,1,2,14,6,1,1,,2,2
1,35,4,5,2005,2,1,1,2,2,1,1,1,1,1,1,1,1,2,14,6,1,1,,2,2
4,35,4,5,2005,2,7,1,2,2,,,,,,,2,,2,19,6,1,1,,2,2
2,35,4,5,2005,3,1,1,2,2,1,1,1,1,1,1,2,1,2,19,6,1,1,,2,2
2,35,3,5,2005,3,3,1,2,2,1,1,1,1,1,1,2,1,2,14,6,1,1,,2,2
2,35,4,5,2005,2,1,1,2,2,1,1,1,1,1,1,2,1,2,4,6,1,1,,2,2
1,35,4,7,2005,2,1,1,2,2,1,1,1,1,1,1,2,1,2,7,6,1,1,,2,2
4,35,3,7,2005,2,1,8,2,2,1,1,1,1,1,1,1,1,2,10,6,1,1,,2,2
2,35,4,7,2005,2,1,1,2,2,1,1,1,1,1,1,2,1,2,14,6,1,1,,2,2
5,35,4,7,2005,1,1,1,2,2,1,2,1,1,1,1,2,1,2,5,6,1,1,,2,2
1,35,4,8,2005,2,7,1,2,2,1,1,1,1,1,1,2,1,2,9,6,1,1,,2,2
4,35,4,10,2005,2,1,3,2,2,1,1,1,1,1,1,1,1,2,9,6,1,1,,2,2
2,35,4,10,2005,2,2,8,2,2,1,1,1,1,1,1,2,1,2,9,6,1,1,,2,2
2,35,4,10,2005,1,1,8,2,2,1,1,1,1,1,1,2,1,2,14,6,1,1,,2,2
1,35,4,11,2005,2,1,1,2,2,1,1,1,1,1,1,2,1,2,8,6,1,1,,2,2
2,35,3,11,2005,1,1,1,2,2,1,1,1,1,1,1,2,1,2,7,6,1,1,,2,2
1,35,4,9,2005,2,1,1,2,2,1,1,1,1,1,1,2,1,2,14,6,1,1,,2,2
4,35,4,9,2005,3,1,1,2,2,1,1,1,1,1,1,2,1,2,9,6,1,1,,2,2
4,35,3,9,2005,3,7,1,2,2,1,1,1,1,1,1,2,1,2,14,6,1,1,,2,2
2,35,4,9,2005,3,1,3,2,2,1,1,1,1,1,1,2,1,2,9,6,1,1,,2,2
2,35,4,9,2005,2,1,1,2,2,1,4,1,1,1,1,2,1,2,9,6,1,1,,2,2
4,35,4,10,2005,2,1,1,2,2,1,1,1,1,1,1,2,1,2,9,6,1,1,,2,2
5,41,4,1,2005,2,3,1,2,2,1,1,1,1,1,1,1,1,2,8,6,1,1,,2,2
1,41,4,1,2005,1,1,1,2,2,1,4,1,1,1,1,1,1,2,14,6,1,1,,2,2
3,41,4,1,2005,3,1,1,2,2,1,1,1,1,1,1,1,1,2,8,6,1,1,,2,2
3,41,3,5,2005,3,1,1,2,2,1,1,1,1,1,1,1,1,2,7,6,1,1,,2,2
3,41,4,5,2005,,2,8,2,2,1,1,1,1,1,1,1,1,2,9,6,1,1,,2,2
5,41,4,7,2005,2,1,1,2,2,1,1,1,1,1,1,1,1,2,19,6,1,1,,2,2
5,41,4,7,2005,2,7,3,2,2,1,1,1,1,1,1,1,1,2,19,6,1,1,,2,2
5,41,4,7,2005,2,1,1,2,2,1,1,1,1,1,1,1,1,2,14,6,1,1,,2,2
3,41,4,7,2005,4,1,1,2,2,1,4,1,1,1,1,2,1,2,8,6,1,1,,2,2
5,41,4,8,2005,2,1,3,2,2,1,1,1,1,1,1,1,1,2,10,6,1,1,,2,2
5,41,4,8,2005,3,1,1,2,2,1,1,1,1,1,1,1,1,2,9,6,1,1,,2,2
5,41,3,8,2005,2,1,8,2,2,1,1,1,1,1,1,1,1,2,14,6,1,1,,2,2
3,41,4,8,2005,3,1,1,2,2,1,1,1,1,1,1,1,1,2,9,6,1,1,,2,2
3,41,3,8,2005,2,1,1,2,2,1,2,1,1,1,1,1,1,2,9,6,1,1,,2,2
8,41,4,8,2005,1,1,1,2,2,1,1,1,1,1,1,2,1,2,14,6,1,1,,2,2
3,41,3,8,2005,3,1,1,2,2,1,1,1,1,1,1,1,1,2,9,6,1,1,,2,2
1,41,4,8,2005,2,3,2,2,2,1,1,1,1,1,1,1,1,2,14,6,1,1,,2,2
1,41,4,7,2005,1,7,1,2,2,1,1,1,1,1,1,1,1,2,14,6,1,1,,2,2
1,47,4,1,2005,1,1,1,2,2,1,1,1,1,1,1,1,1,2,14,6,1,1,,2,2
1,41,4,2,2005,1,1,1,2,2,1,1,1,1,1,1,1,1,2,13,6,1,1,,2,2
1,41,4,2,2005,3,1,1,2,2,1,1,1,1,1,1,1,1,2,9,6,1,1,,2,2
1,41,4,2,2005,,1,1,2,2,1,3,1,1,1,1,1,1,2,,6,1,1,,2,2
1,41,4,2,2005,1,1,1,2,2,1,3,1,1,1,1,1,1,2,,6,1,1,,2,2
1,41,4,3,2005,1,1,1,2,2,1,1,1,1,1,1,4,1,2,14,6,1,1,,2,2
1,41,4,3,2005,2,1,1,1,1,1,3,1,1,1,1,1,1,2,,6,1,1,,2,2
1,41,4,3,2005,1,2,8,2,1,1,1,1,1,1,1,1,1,2,8,6,1,1,,2,2
5,41,4,3,2005,1,3,6,2,1,2,1,1,1,1,1,1,1,2,14,6,1,1,,2,2
1,41,4,4,2005,2,1,1,2,2,1,1,1,1,1,1,1,1,2,9,6,1,1,,2,2
1,41,4,4,2005,3,1,1,2,2,1,4,1,1,1,1,4,1,2,19,6,1,1,,2,2
5,41,4,4,2005,3,1,1,2,2,1,1,1,1,1,1,1,1,2,9,6,1,1,,2,2
1,41,4,5,2005,2,1,1,2,2,1,1,1,1,1,1,1,1,2,14,6,1,1,,2,2
1,41,4,5,2005,3,1,1,2,2,1,1,1,1,1,1,1,1,2,1,6,1,1,,2,2
1,41,4,5,2005,2,1,1,2,2,1,1,1,1,1,1,4,1,2,19,6,1,1,,2,2
4,41,4,5,2005,,1,1,2,2,1,1,1,1,1,1,3,1,2,19,6,1,1,,2,2
12,47,4,1,2005,4,7,1,2,2,1,3,2,1,1,1,1,1,2,14,6,1,1,,2,2
12,47,4,1,2005,3,1,1,2,2,1,1,1,1,1,1,1,1,2,10,6,1,1,,2,2
9,47,4,1,2005,2,1,1,2,2,1,1,1,1,1,1,1,1,2,8,6,1,1,,2,2
9,47,4,2,2005,1,1,1,2,2,1,1,1,1,1,1,1,1,2,9,6,1,1,,2,2
5,47,4,2,2005,1,1,1,2,2,1,4,1,1,1,1,3,1,2,16,6,1,1,,2,2
1,47,4,3,2005,4,1,1,2,2,1,2,1,1,1,1,3,1,2,14,6,1,1,,2,2
5,47,4,3,2005,1,1,1,2,2,1,4,1,1,1,1,1,1,2,8,6,1,1,,2,2
5,47,4,3,2005,1,3,1,2,2,1,4,1,1,1,1,1,1,2,8,6,1,1,,2,2
3,47,3,3,2005,3,1,1,2,2,1,1,1,1,1,1,2,,,14,6,1,1,,2,2
1,47,4,4,2005,3,1,1,2,2,1,1,1,1,1,1,1,1,2,9,6,1,1,,2,2
7,47,3,4,2005,,1,1,2,2,1,1,1,1,1,1,3,1,2,9,6,1,1,,2,2
7,47,4,4,2005,3,1,1,2,2,1,1,1,1,1,1,1,1,2,9,6,1,1,,2,2
12,47,4,5,2005,,1,1,2,2,1,1,1,1,1,1,2,1,2,9,6,1,1,,2,2
11,47,4,5,2005,3,1,1,2,2,1,1,1,1,1,1,3,1,2,14,6,1,1,,2,2
8,47,4,5,2005,3,1,1,2,2,1,2,1,1,1,1,3,1,2,14,6,1,1,,2,2
1,47,4,5,2005,4,1,1,2,2,1,2,1,1,1,1,3,1,2,,6,1,1,,2,2
7,47,4,5,2005,4,1,1,2,2,1,1,1,1,1,1,1,1,2,9,6,1,1,,2,2
6,47,4,5,2005,,1,1,2,2,1,1,1,1,1,1,3,1,2,17,6,1,1,,2,2
1,47,4,5,2005,4,1,1,2,2,1,1,1,1,1,1,3,1,2,,6,1,1,,2,2
6,5,1,7,2005,2,1,1,2,2,1,2,1,1,1,1,2,1,2,,6,1,1,,2,2
9,51,4,7,2005,1,1,3,2,2,1,1,1,1,1,1,1,1,2,9,6,1,1,,2,2
8,51,4,7,2005,3,1,1,2,2,1,1,1,1,1,1,2,1,2,10,6,1,1,,2,2
1,39,3,9,2005,1,1,1,2,2,1,1,1,1,1,1,1,1,2,14,6,1,1,,2,2
1,39,4,9,2005,1,1,1,2,2,1,4,1,1,1,1,1,1,2,9,6,1,1,,2,2
2,39,3,9,2005,2,1,1,2,2,1,1,1,1,1,1,1,1,2,9,6,1,1,,2,2
3,39,4,7,2005,1,1,1,2,2,1,1,1,1,1,1,1,1,2,9,6,1,1,,2,2
1,39,4,10,2005,2,1,1,2,2,1,1,1,1,1,1,4,1,2,14,6,1,1,,2,2
1,39,4,10,2005,3,1,1,2,2,1,1,1,1,1,1,1,1,2,7,6,1,1,,2,2