Thana,District,Accident_Severity,Month,Year,Time,Junction_Type,Traffic_Control,Movement,Divider,Weather,Light,Road_Geometry,Surface_Condition,Surface_Type,Surface_Quality,Road_Class,Road_Feature,Location_Type,Vehicle_Type,Vehicle_Movement,Vehicle_Loading,Vehicle_Defect,Vehicle_Driver_Age,Vehicle_Alcohol,Vehicle_Seat_Belt
6,37,3,8,2005,2,1,1,2,2,1,1,1,1,1,1,1,1,2,6,6,1,1,,2,2
6,37,4,8,2005,2,1,1,2,2,1,1,1,1,1,1,1,1,2,14,6,1,1,,2,2
10,52,3,1,2005,3,1,1,2,2,1,1,1,1,1,1,3,1,2,6,6,1,1,,2,2
1,52,3,1,2005,3,1,1,2,2,1,1,1,1,1,1,2,1,2,4,6,1,1,,2,2
4,52,4,1,2005,3,1,1,2,2,1,1,1,1,1,1,3,1,2,14,6,1,1,,2,2
4,44,4,2,2005,1,1,1,2,2,1,2,1,1,1,1,3,1,2,14,6,1,1,,2,2
3,44,4,2,2005,2,1,1,2,2,1,1,1,1,1,1,3,1,2,14,6,1,1,,2,2
3,44,4,2,2005,2,1,1,2,2,1,1,1,1,1,1,1,1,2,14,6,1,1,,2,2
3,44,4,2,2005,4,1,1,2,2,1,2,1,1,1,1,3,1,2,14,6,1,1,,2,2
6,44,4,2,2005,2,1,1,2,2,1,1,1,1,1,1,1,1,2,9,6,1,1,,2,2
2,44,4,2,2005,2,1,1,2,2,1,1,1,1,1,1,1,1,2,,6,1,1,,2,2
7,44,4,2,2005,3,1,1,2,2,1,1,1,1,1,1,1,1,2,9,6,1,1,,2,2
7,44,3,2,2005,4,1,1,2,2,1,2,1,1,1,1,1,1,2,14,6,1,1,,2,2
5,44,3,2,2005,4,1,1,2,2,1,4,1,1,1,1,1,1,2,9,6,1,1,,2,2
5,44,1,2,2005,2,1,8,2,2,1,1,1,1,1,1,3,1,2,6,1,1,1,,2,2
1,44,3,11,2005,3,1,1,2,2,1,1,1,1,1,1,3,1,2,10,6,1,1,,2,2
4,44,4,11,2005,3,1,1,2,2,1,1,1,1,1,1,3,1,2,9,6,1,1,,2,2
3,44,4,11,2005,2,1,1,2,2,1,1,1,1,1,1,1,1,2,9,6,1,1,,2,2
6,44,4,11,2005,3,1,1,2,2,1,1,1,1,1,1,1,1,2,14,6,1,1,,2,2
6,44,4,11,2005,4,1,1,2,2,1,1,1,1,1,1,1,1,2,8,6,1,1,,2,2
7,44,4,11,2005,1,1,1,2,2,1,1,1,1,1,1,1,1,2,9,6,1,1,,2,2
7,44,4,11,2005,2,1,1,2,2,1,2,1,1,1,1,1,1,2,9,6,1,1,,2,2
7,44,4,11,2005,1,1,1,2,2,1,1,3,1,1,1,1,1,2,6,6,1,1,,2,2
5,44,4,11,2005,2,1,1,2,2,1,1,1,1,1,1,1,1,2,9,6,1,1,,2,2
5,44,4,11,2005,4,1,1,2,2,1,4,1,1,1,1,1,1,2,14,6,1,1,,2,2
1,44,4,10,2005,2,1,1,2,2,1,1,1,1,1,1,3,1,2,9,6,1,1,,2,2
4,44,4,10,2005,3,1,1,2,2,1,1,1,1,1,1,3,1,2,8,6,1,1,,2,2
3,44,4,9,2005,3,1,1,2,2,1,1,1,1,1,1,1,1,2,9,6,1,1,,2,2
3,44,4,10,2005,3,1,1,2,2,1,1,1,1,1,1,1,1,2,9,6,1,1,,2,2
6,44,4,10,2005,2,1,1,2,2,1,3,1,1,1,1,1,1,2,9,6,1,1,,2,2
6,44,4,10,2005,4,1,1,2,2,1,3,1,1,1,1,1,1,2,9,6,1,1,,2,2
6,44,4,10,2005,2,1,1,2,2,1,1,1,1,1,1,1,1,2,14,6,1,1,,2,2
7,44,4,10,2005,1,1,1,2,2,1,1,1,1,1,1,1,1,2,9,6,1,1,,2,2
7,44,4,10,2005,2,1,1,2,2,1,1,1,1,1,1,1,1,2,9,6,1,1,,2,2
4,44,4,9,2005,3,1,1,2,2,1,1,1,1,1,1,2,1,2,14,6,1,1,,2,2
3,44,4,9,2005,2,1,1,2,2,1,1,1,1,1,1,1,1,2,14,6,1,1,,2,2
3,44,4,9,2005,2,1,1,2,2,1,1,1,1,1,1,1,1,2,14,6,1,1,,2,2
6,44,4,9,2005,1,1,1,2,2,1,2,1,1,1,1,4,1,2,19,6,1,1,,2,2
6,44,4,9,2005,2,1,1,2,2,1,1,1,1,1,1,2,1,2,12,6,1,1,,2,2
6,44,4,9,2005,4,1,1,2,2,1,4,1,1,1,1,1,1,2,14,6,1,1,,2,2
6,44,4,9,2005,2,1,1,2,2,1,1,1,1,1,1,1,1,2,10,6,1,1,,2,2
6,44,3,9,2005,2,1,1,2,2,1,2,1,1,1,1,1,1,2,12,6,1,1,,2,2
5,44,4,9,2005,1,1,1,2,2,1,2,1,1,1,1,4,1,2,14,6,1,1,,2,2
5,44,4,9,2005,2,1,1,2,2,1,2,1,1,1,1,1,1,2,14,6,1,1,,2,2
1,35,4,11,2005,2,1,1,2,2,1,1,1,1,1,1,1,1,2,14,6,1,1,,2,2
1,35,3,12,2005,1,1,1,2,2,1,2,1,1,1,1,1,1,2,12,6,1,1,,2,2
2,35,4,12,2005,2,1,1,2,2,1,1,1,1,1,1,2,1,2,,6,1,1,,2,2
6,45,4,12,2005,2,1,1,2,2,1,1,1,1,1,1,2,1,2,19,6,2,2,,2,2
6,45,4,12,2005,2,1,1,2,2,1,1,1,1,1,1,1,1,2,9,6,1,1,,2,2
1,45,3,12,2005,4,1,1,2,2,1,4,1,1,1,1,3,1,2,14,6,1,1,,2,2
5,45,4,12,2005,4,1,1,2,2,1,4,1,1,1,1,4,1,2,13,6,1,1,,2,2
6,45,4,12,2005,3,1,1,2,2,1,1,1,1,1,1,1,1,2,9,6,1,1,,2,2
6,45,4,12,2005,4,1,1,2,2,1,4,1,1,1,1,1,1,2,14,6,1,1,,2,2
6,45,4,12,2005,2,1,1,2,2,1,2,1,1,1,1,1,1,2,14,6,1,1,,2,2
6,45,4,12,2005,1,1,1,2,2,1,2,1,1,1,1,1,1,2,7,6,1,1,,2,2
13,50,3,8,2005,2,1,1,2,2,1,2,1,1,1,1,3,1,2,4,6,1,1,,2,2
10,52,4,2,2005,1,1,1,2,2,1,1,1,1,1,1,2,1,2,9,6,1,1,,2,2
6,52,4,2,2005,4,1,1,2,2,1,4,1,1,1,1,3,1,2,4,6,1,1,,2,2
10,52,3,2,2005,3,1,1,2,2,1,1,1,1,1,1,3,1,2,9,6,1,1,,2,2
10,52,3,6,2005,1,1,1,2,2,1,1,1,1,1,1,2,1,2,9,6,1,1,,2,2
8,52,4,3,2005,3,1,1,2,2,1,1,1,1,1,1,2,1,2,17,6,1,1,,2,2
1,52,4,3,2005,4,1,1,2,2,1,1,1,1,1,1,2,1,2,8,6,1,1,,2,2
1,40,3,1,2005,2,1,1,2,2,1,1,1,1,1,1,1,1,2,9,6,1,1,,2,2
1,40,4,2,2005,1,1,1,2,2,1,3,1,1,1,1,1,1,2,9,6,1,1,,2,2
1,40,3,3,2005,1,1,1,2,2,1,1,1,1,1,1,1,1,2,9,6,1,1,,2,2
1,40,4,3,2005,2,1,1,2,2,1,1,1,1,1,1,1,1,2,9,6,1,1,,2,2
1,40,4,3,2005,3,1,1,2,2,1,3,1,1,1,1,1,1,2,9,6,1,1,,,
1,40,4,3,2005,1,1,1,2,2,1,1,1,1,1,1,1,1,2,9,6,1,1,,2,2
1,40,3,4,2005,2,1,1,2,2,1,2,1,1,1,1,1,,,14,6,1,1,,2,2
1,40,4,5,2005,3,1,1,2,2,1,1,1,1,1,1,1,1,2,9,6,1,1,,2,2
1,40,4,5,2005,3,1,1,2,2,1,1,1,1,1,1,1,1,2,14,1,1,1,,2,2
1,40,3,5,2005,2,1,1,2,2,1,1,1,1,1,1,1,1,2,9,6,1,1,,2,2
1,40,4,6,2005,4,1,1,2,2,1,1,1,1,1,1,1,2,,14,6,1,1,,2,2
1,40,3,7,2005,3,1,1,2,2,1,1,1,1,1,1,1,1,2,9,6,1,1,,2,2
1,40,3,7,2005,1,1,1,2,2,1,1,1,1,1,1,1,1,2,7,6,1,1,,2,2
1,40,4,7,2005,2,1,1,2,2,1,1,1,1,1,1,1,1,2,9,6,1,1,,2,2
1,40,4,9,2005,4,1,1,2,2,1,3,1,1,1,1,1,1,2,9,6,1,1,,2,2
5,40,4,4,2005,3,1,1,2,2,1,1,1,1,1,1,1,1,2,9,6,1,1,,2,2
5,40,4,6,2005,1,1,1,2,2,1,1,1,1,1,1,4,1,2,14,6,1,1,,2,2
5,40,4,7,2005,2,1,1,2,2,1,1,1,1,1,1,1,1,2,14,6,1,1,,2,2
5,40,4,10,2005,2,1,1,2,2,1,1,1,1,1,1,1,1,2,4,6,1,1,,2,2
5,40,4,5,2005,2,1,1,2,2,1,1,1,1,1,1,1,1,2,,6,1,1,,2,2
6,40,4,1,2005,2,1,1,2,2,1,1,1,1,1,1,1,1,2,10,6,1,1,,2,2
6,40,4,1,2005,2,1,1,2,2,1,1,1,1,1,1,1,1,2,9,6,1,1,,2,2
6,40,4,2,2005,3,1,1,2,2,1,1,1,1,1,1,1,1,2,9,6,1,1,,2,2
6,40,4,3,2005,2,1,1,2,2,1,1,1,1,1,1,1,1,2,9,6,1,1,,2,2
6,40,4,4,2005,3,1,1,2,2,1,1,1,1,1,1,1,1,2,9,6,1,1,,2,2
6,40,3,4,2005,3,1,1,2,2,1,1,1,1,1,1,1,1,2,9,6,1,1,,2,2
6,40,3,5,2005,3,1,1,2,2,1,1,1,1,1,1,1,1,2,12,6,1,1,,2,2
6,40,4,5,2005,2,1,1,2,2,1,1,1,1,1,1,1,1,2,4,6,1,1,,2,2
6,40,4,6,2005,4,1,1,2,2,1,1,1,1,1,1,1,1,2,14,6,1,1,,2,2
6,40,4,6,2005,4,1,1,2,2,1,4,1,1,1,1,1,1,2,9,6,1,1,,2,2
6,40,4,7,2005,3,1,1,2,2,1,1,1,1,1,1,1,1,2,9,6,1,1,,2,2
6,40,4,10,2005,4,1,1,2,2,1,2,1,1,1,1,1,1,2,9,6,1,1,,2,2
6,40,4,11,2005,2,1,1,2,2,1,1,1,1,1,1,1,1,2,9,6,1,1,,2,2
6,40,3,11,2005,1,1,1,2,2,1,1,1,1,1,1,1,1,2,9,6,1,1,,2,2
6,40,4,11,2005,2,1,1,2,2,1,1,1,1,1,1,3,1,2,,6,1,1,,2,2
6,40,3,11,2005,3,1,1,2,2,1,1,1,1,1,1,1,1,2,9,6,1,1,,2,2
6,40,4,11,2005,2,1,1,2,2,1,1,1,1,1,1,1,1,2,9,6,1,1,,2,2
6,40,4,12,2005,2,1,1,2,2,1,1,1,1,1,1,1,1,2,9,6,1,1,,2,2
3,40,4,3,2005,3,1,1,2,2,1,1,1,1,1,1,1,1,2,9,6,1,1,,2,2
3,40,3,6,2005,1,1,1,2,2,1,4,1,1,1,1,1,1,2,14,6,1,1,,2,2
3,40,4,3,2005,2,1,1,2,2,1,1,1,1,1,1,1,1,2,6,1,1,1,,2,2
3,40,3,4,2005,3,1,1,2,2,1,1,1,1,1,1,1,1,2,9,6,1,1,,2,2
3,40,3,7,2005,1,1,1,2,2,1,2,1,1,1,1,1,1,2,14,6,1,1,,2,2
3,40,3,8,2005,3,1,1,2,2,1,1,1,1,1,1,1,1,2,9,6,1,1,,2,2
3,40,4,8,2005,1,1,1,2,2,1,4,1,1,1,1,1,1,2,,6,1,1,,2,2
3,40,4,8,2005,1,1,1,2,2,1,4,1,1,1,1,1,1,2,14,6,1,1,,2,2
3,40,4,8,2005,3,1,1,2,2,1,1,1,1,1,1,1,1,2,9,6,1,1,,2,2
3,40,4,9,2005,2,1,1,2,2,1,1,1,1,1,1,1,1,2,9,6,1,1,,2,2
1,49,4,1,2005,3,7,1,2,2,1,1,1,1,1,1,3,1,2,9,6,1,1,,2,2
1,49,3,2,2005,1,1,1,2,2,1,3,1,1,1,1,2,1,2,14,6,1,1,,2,2
1,49,4,5,2005,4,1,1,2,2,1,2,1,1,1,1,2,1,2,9,6,1,1,,2,2
1,49,4,5,2005,1,1,1,2,2,1,1,1,1,1,1,2,1,2,9,6,1,1,,2,2
1,49,4,6,2005,2,1,1,2,2,1,1,1,1,1,1,2,1,2,4,6,1,1,,2,2
1,49,4,5,2005,4,1,1,2,2,1,2,1,1,1,1,3,1,2,4,6,1,1,,2,2
1,49,4,6,2005,4,1,1,2,2,1,4,1,1,1,1,2,1,2,9,6,1,1,,2,2
1,49,4,5,2005,2,1,1,2,2,1,2,1,1,1,1,2,1,2,4,6,1,1,,2,2
1,49,4,6,2005,2,1,1,2,2,1,1,1,1,1,1,4,1,2,14,6,1,1,,2,2
1,49,4,6,2005,2,1,1,2,2,1,1,1,1,1,1,4,1,2,9,6,1,1,,2,2
1,49,4,7,2005,2,1,1,2,2,1,1,1,1,1,1,5,1,2,14,6,1,1,,2,2
1,49,3,7,2005,3,1,1,2,2,1,1,1,1,1,1,2,1,2,9,6,1,1,,2,2
1,49,4,8,2005,1,1,5,2,2,1,1,1,1,1,1,2,1,2,14,6,1,1,,2,2
1,49,4,8,2005,2,1,1,2,2,1,2,1,1,1,1,2,1,2,9,6,1,1,,2,2
1,49,4,10,2005,1,1,1,2,2,1,1,1,1,1,1,4,1,2,4,6,1,1,,2,2
4,49,4,5,2005,3,1,1,2,2,1,1,1,1,1,1,4,,2,14,6,1,1,,2,2
4,49,3,9,2005,2,1,1,2,2,1,1,1,1,1,1,4,1,2,19,6,1,1,,2,2
4,49,4,11,2005,3,1,1,2,2,1,1,1,1,1,1,4,1,2,14,6,1,1,,2,2
2,49,4,6,2005,3,7,7,2,2,1,1,1,1,1,1,4,1,2,17,6,1,1,,2,2
2,49,3,7,2005,4,1,1,2,2,1,4,1,1,1,1,4,1,2,14,6,1,1,,2,2
5,49,1,3,2005,2,1,1,2,2,1,1,1,1,1,1,4,1,2,,6,1,1,,2,2
5,49,4,9,2005,2,3,1,2,2,1,1,1,1,1,1,4,1,2,14,6,1,1,,2,2
5,49,1,9,2005,2,1,1,2,2,1,1,1,1,1,1,4,1,2,6,6,1,1,,2,2
3,49,1,10,2005,1,1,1,2,2,1,1,1,1,1,1,2,1,2,12,6,1,1,,2,2
3,44,3,12,2005,2,1,1,2,2,1,1,1,1,1,1,1,1,2,9,6,1,1,,2,2
6,44,4,12,2005,2,1,1,2,2,1,1,1,1,1,1,1,1,2,9,6,1,1,,2,2
6,44,4,12,2005,1,1,1,2,2,1,4,1,1,1,1,3,1,2,,6,1,1,,2,2
6,44,4,12,2005,3,1,1,2,2,1,1,1,1,1,1,1,1,2,14,6,1,1,,2,2
6,44,4,12,2005,1,1,1,2,2,1,1,1,1,1,1,3,1,2,14,6,1,1,,2,2
2,44,4,12,2005,2,1,1,2,2,1,1,1,1,1,1,3,1,2,9,6,1,1,,2,2
7,44,4,12,2005,1,1,1,2,2,2,1,1,1,1,1,3,1,2,14,6,1,1,,2,2
12,47,4,12,2005,1,1,1,2,2,1,1,1,1,1,1,1,1,2,14,6,1,1,,2,2
9,47,4,12,2005,1,1,1,2,2,1,2,1,1,1,1,1,1,2,12,6,1,1,,2,2
9,47,4,12,2005,2,1,1,2,2,1,1,1,1,1,1,1,1,2,9,6,1,1,,2,2
8,47,4,12,2005,3,1,1,2,2,1,1,1,1,1,1,1,1,2,9,6,1,1,,2,2
9,47,4,11,2005,1,1,1,2,2,1,4,1,1,1,1,1,1,2,14,6,1,1,,2,2
9,47,4,11,2005,3,1,1,2,2,1,1,1,1,1,1,1,1,2,,6,1,1,,2,2
3,47,4,11,2005,3,1,1,2,2,1,1,1,1,1,1,3,1,2,14,6,1,1,,2,2
7,47,3,11,2005,3,1,1,2,2,1,1,1,1,1,1,1,1,2,9,6,1,1,,2,2
4,47,4,11,2005,1,1,1,2,2,1,1,1,1,1,1,3,1,2,14,6,1,1,,2,2
8,47,3,11,2005,2,1,1,2,2,1,1,1,1,1,1,1,1,2,13,6,1,1,,2,2
13,47,4,10,2005,3,1,1,2,2,1,1,1,1,1,1,2,1,2,9,6,1,1,,2,2
8,47,4,10,2005,3,1,1,2,2,1,1,1,1,1,1,1,1,2,9,6,1,1,,2,2
12,47,4,10,2005,3,1,1,2,2,1,1,1,1,1,1,1,1,2,9,6,1,1,,2,2
8,47,3,9,2005,2,1,1,2,2,1,1,1,1,1,1,3,1,2,4,6,1,1,,2,2
5,47,4,9,2005,1,1,1,2,2,1,1,1,1,1,1,1,1,2,9,6,1,1,,2,2
5,47,3,9,2005,1,1,1,2,2,1,1,1,1,1,1,1,1,2,9,6,1,1,,2,2
8,47,3,9,2005,2,1,1,2,2,1,4,1,1,1,1,3,1,2,14,6,1,1,,2,2
1,47,4,8,2005,3,1,1,2,2,1,1,1,1,1,1,1,1,2,9,6,1,1,,2,2
8,47,4,8,2005,2,1,1,2,2,1,1,1,1,1,1,1,1,2,14,6,1,1,,2,2
8,47,4,8,2005,2,1,1,2,2,1,1,1,1,1,1,1,1,2,9,6,1,1,,2,2
8,47,4,8,2005,2,1,1,2,2,1,1,1,1,1,1,1,1,2,12,6,1,1,,2,2
8,47,4,8,2005,3,1,1,2,2,1,1,1,1,1,1,1,1,2,9,6,1,1,,2,2
8,47,4,8,2005,1,1,7,2,2,1,1,1,1,1,1,1,1,2,14,6,1,1,,2,2
12,47,3,7,2005,2,1,1,2,2,1,1,1,1,1,1,1,1,2,19,6,1,1,,2,2
12,47,4,7,2005,1,1,1,2,2,1,1,1,1,1,1,1,1,2,9,6,1,1,,2,2
12,47,3,7,2005,1,1,1,2,1,1,1,1,1,1,1,1,1,2,9,6,1,1,,2,2
12,47,4,6,2005,2,1,1,2,2,1,1,1,1,1,1,1,1,2,10,6,1,1,,2,2
12,47,3,6,2005,3,1,1,2,2,1,1,4,1,1,1,1,1,2,9,6,1,1,,2,2
12,47,4,6,2005,2,1,1,2,2,1,1,1,1,1,1,1,1,2,9,6,1,1,,2,2
12,47,4,6,2005,2,1,1,2,2,1,1,1,1,1,1,1,1,2,10,6,1,1,,2,2
5,37,4,6,2005,1,1,1,2,2,1,1,1,1,1,1,3,1,2,8,6,1,1,,2,2
6,37,3,8,2005,2,1,1,2,2,1,1,1,1,1,1,3,1,2,6,6,1,1,,2,2
6,37,4,8,2005,2,1,1,2,2,1,1,1,1,1,1,4,1,2,14,6,1,1,,2,2
6,37,4,11,2005,2,1,1,2,2,1,1,1,1,1,1,4,1,2,9,6,1,1,,2,2
1,39,4,5,2005,3,1,1,2,2,1,1,1,1,1,1,2,1,2,9,6,1,1,,2,2
1,39,4,5,2005,2,1,1,2,2,1,1,1,1,1,1,2,1,2,12,6,1,1,,2,2
1,39,4,8,2005,2,1,1,2,2,1,1,1,1,1,1,1,1,2,14,6,1,1,,2,2
1,39,4,8,2005,2,1,1,2,2,1,1,1,1,1,1,1,1,2,19,6,1,1,,2,2
1,39,4,8,2005,2,1,1,2,2,1,1,1,1,1,1,1,1,2,9,6,1,1,,2,2
3,39,3,8,2005,3,1,1,2,2,1,1,1,1,1,1,1,1,2,,6,1,1,,2,2
3,39,4,8,2005,2,1,1,2,2,1,1,1,1,1,1,1,1,2,8,6,1,1,,2,2
4,39,3,12,2005,3,1,1,2,2,1,1,1,1,1,1,1,1,2,9,6,1,1,,2,2
3,39,4,12,2005,3,1,1,2,2,1,3,1,1,1,1,1,1,2,,6,1,1,,2,2
4,36,4,5,2005,2,1,1,2,2,1,1,1,1,1,1,3,1,2,6,6,1,1,,2,2
4,36,4,6,2005,,1,1,2,2,1,1,1,1,1,1,1,1,2,19,6,1,1,,2,2
4,36,1,6,2005,1,1,1,2,2,1,1,1,1,1,1,1,1,2,6,1,1,1,,2,2
4,36,4,11,2005,2,1,1,2,2,1,1,1,1,1,1,3,1,2,5,6,1,1,,2,2
3,36,4,2,2005,3,1,1,2,2,1,1,1,1,1,1,2,1,2,5,6,1,1,,2,2
3,36,4,3,2005,3,1,1,2,2,1,1,1,1,1,1,1,1,2,19,6,1,1,,2,2
3,36,4,5,2005,2,1,1,2,2,1,1,1,1,1,1,2,1,2,6,6,1,1,,2,2
3,36,4,6,2005,2,1,1,2,2,1,1,1,1,1,1,1,1,2,14,6,1,1,,2,2
3,36,4,8,2005,2,1,1,2,2,1,1,1,1,1,1,1,1,2,14,6,1,1,,2,2
3,36,4,8,2005,2,1,1,2,2,1,1,1,1,1,1,1,1,2,9,6,1,1,,2,2
3,36,4,10,2005,,1,1,2,2,1,2,1,1,1,1,1,1,2,8,6,1,1,,2,2
3,36,3,11,2005,2,1,1,2,2,1,1,1,1,1,1,1,1,2,9,6,1,1,,2,2
3,36,4,12,2005,1,1,1,2,2,1,1,1,1,1,1,1,1,2,9,6,1,1,,2,2
1,36,4,3,2005,1,1,1,2,2,1,1,1,1,1,1,3,1,2,9,6,1,1,,2,2
1,36,4,6,2005,2,1,1,2,2,1,2,1,1,1,1,1,1,2,9,6,1,1,,2,2
1,6,4,9,2005,2,1,2,2,2,1,1,1,1,1,1,1,1,2,9,6,1,1,,2,2
1,36,4,2,2005,3,1,1,2,2,1,1,1,1,1,1,1,1,2,9,6,1,1,,2,2
1,36,4,8,2005,3,1,1,2,2,1,1,1,1,1,1,1,1,2,7,6,1,1,,2,2
1,36,4,12,2005,1,1,1,2,2,1,1,1,1,1,1,1,1,2,14,6,1,1,,2,2
2,36,4,6,2005,3,1,1,2,2,1,1,1,1,1,1,1,1,2,14,6,1,1,,2,2
2,36,4,8,2005,4,1,1,2,2,1,1,1,1,1,1,1,1,2,4,6,1,1,,2,2
6,37,4,11,2005,2,1,1,2,2,1,1,1,1,1,1,2,1,2,9,6,1,1,,2,2
1,46,4,7,2005,4,1,1,2,2,1,1,1,1,1,1,1,1,2,9,6,1,1,,2,2
1,46,4,7,2005,2,1,1,2,2,1,1,1,1,1,1,1,1,2,9,6,1,1,,2,2
1,46,4,7,2005,3,1,1,2,2,1,1,1,1,1,1,1,1,2,9,6,1,1,,2,2
1,46,4,7,2005,3,1,1,2,2,1,1,1,1,1,1,1,1,2,9,6,1,1,,2,2
1,46,4,7,2005,3,1,1,2,2,1,1,1,1,1,1,1,1,2,10,6,1,1,,2,2
1,46,4,7,2005,4,1,1,2,2,1,4,1,1,1,1,1,1,2,19,6,1,1,,2,2
1,46,4,6,2005,2,1,1,2,2,1,1,1,1,1,1,1,1,2,14,6,1,1,,2,2
1,46,4,7,2005,3,1,1,2,2,1,1,1,1,1,1,1,1,2,9,6,1,1,,2,2
1,46,4,6,2005,3,1,1,2,2,1,1,1,1,1,1,1,1,2,9,6,1,1,,2,2
1,46,4,6,2005,2,1,1,2,2,1,4,1,1,1,1,1,1,2,9,6,1,1,,2,2
1,46,4,6,2005,2,1,1,2,2,1,1,1,1,1,1,1,1,2,14,6,1,1,,2,2
1,46,4,6,2005,2,1,1,2,2,1,1,1,1,1,1,1,1,2,12,6,1,1,,2,2
1,46,4,6,2005,2,1,1,2,2,1,1,1,1,1,1,1,1,2,12,6,1,1,,2,2
1,46,4,6,2005,1,1,1,2,2,1,1,1,1,1,1,1,1,2,9,6,1,1,,2,2
1,46,4,6,2005,1,1,1,2,2,1,4,1,1,1,1,1,1,2,14,6,1,1,,2,2
1,46,4,5,2005,1,1,1,2,2,1,2,1,1,1,1,1,1,2,14,6,1,1,,2,2
1,46,4,5,2005,2,1,1,2,2,1,1,1,1,1,1,1,1,2,12,6,1,1,,2,2
1,46,4,5,2005,2,1,1,2,2,1,4,1,1,1,1,1,1,2,14,6,1,1,,2,2
1,46,4,5,2005,3,1,1,2,2,1,1,1,1,1,1,1,1,2,9,6,1,1,,2,2
1,46,4,2,2005,1,1,1,2,2,1,1,1,1,1,1,1,1,2,14,6,1,1,,2,2
1,46,4,2,2005,1,1,1,2,2,1,1,1,1,1,1,1,1,2,9,6,1,1,,2,2
1,46,4,2,2005,2,1,1,2,2,1,1,1,1,1,1,1,1,2,14,6,1,1,,2,2
1,46,4,2,2005,4,1,1,2,2,1,4,1,1,1,1,1,1,2,14,6,1,1,,2,2
1,46,4,2,2005,3,1,1,2,2,1,1,1,1,1,1,1,1,2,8,6,1,1,,2,2
1,46,4,2,2005,1,1,1,2,2,1,2,1,1,1,1,1,1,2,14,6,1,1,,2,2
1,46,4,1,2005,2,1,1,2,2,1,2,1,1,1,1,1,1,2,19,6,1,1,,2,2
1,46,4,1,2005,1,1,1,2,2,1,2,1,1,1,1,1,1,2,14,6,1,1,,2,2
1,46,4,1,2005,2,1,1,2,2,1,1,1,1,1,1,1,1,2,9,6,1,1,,2,2
1,46,4,1,2005,1,1,7,2,1,4,1,1,1,1,1,1,1,2,8,6,1,1,,2,2
1,46,4,4,2005,4,1,1,2,2,1,4,1,1,1,1,1,1,2,9,6,1,1,,2,2
1,46,4,4,2005,2,1,1,2,2,1,1,1,1,1,1,1,1,2,9,6,1,1,,2,2
1,46,4,4,2005,3,1,1,2,2,1,2,1,1,1,1,1,1,2,9,6,1,1,,2,2
1,46,4,4,2005,4,1,1,2,2,1,4,1,1,1,1,1,1,2,19,6,1,1,,2,2
1,46,4,3,2005,2,1,1,2,2,1,1,1,1,1,1,1,1,2,19,6,1,1,,2,2
1,46,4,3,2005,4,1,1,2,2,1,3,1,1,1,1,1,1,2,9,6,1,1,,2,2
1,46,4,2,2005,3,1,1,2,2,1,1,1,1,1,1,1,1,2,14,6,1,1,,2,2
1,46,3,1,2005,3,1,1,2,2,1,1,1,1,1,1,1,1,2,19,6,1,1,,2,2
6,46,4,7,2005,2,1,1,2,2,1,1,1,1,1,1,1,1,2,8,6,1,1,,2,2
5,46,4,1,2005,3,1,1,2,2,1,1,1,1,1,1,1,1,2,9,6,1,1,,2,2
5,46,4,2,2005,2,1,1,2,2,1,1,1,1,1,1,1,1,2,19,6,1,1,,2,2
5,46,4,3,2005,3,1,1,2,2,1,1,1,1,1,1,1,1,2,9,6,1,1,,2,2
5,46,4,1,2005,3,1,1,2,2,1,1,1,1,1,1,1,1,2,9,6,1,1,,2,2
5,46,4,1,2005,3,1,1,2,2,1,1,1,1,1,1,1,1,2,9,6,1,1,,2,2
5,46,4,2,2005,3,1,1,2,2,1,1,1,1,1,1,1,1,2,9,6,1,1,,2,2
5,46,4,3,2005,3,1,1,2,2,1,1,1,1,1,1,1,1,2,9,6,1,1,,2,2
5,46,4,4,2005,2,1,1,2,2,1,3,1,1,1,1,1,1,2,9,6,1,1,,2,2
5,46,4,4,2005,1,1,1,2,2,1,1,1,1,1,1,1,1,2,14,6,1,1,,2,2
5,46,4,5,2005,2,1,1,2,2,1,1,1,1,1,1,1,1,2,9,6,1,1,,2,2
5,46,4,5,2005,1,1,1,2,2,1,1,1,1,1,1,1,1,2,14,6,1,1,,2,2
5,46,4,5,2005,2,1,1,2,2,1,1,1,1,1,1,1,1,2,9,6,1,1,,2,2
5,46,4,5,2005,3,1,1,2,2,1,1,1,1,1,1,1,1,2,12,6,1,1,,2,2
5,46,4,6,2005,1,1,1,2,2,1,3,1,1,1,1,1,1,2,14,6,1,1,,2,2
5,46,4,12,2005,4,1,1,2,2,1,1,1,1,1,1,1,1,2,19,6,1,1,,2,2
5,46,4,7,2005,3,1,1,2,2,1,1,1,1,1,1,1,1,2,9,6,1,1,,2,2
5,46,4,8,2005,4,1,1,2,2,1,1,1,1,1,1,1,1,2,19,6,1,1,,2,2
5,46,4,10,2005,3,1,1,2,2,1,1,1,1,1,1,1,1,2,19,6,1,1,,2,2
5,46,4,12,2005,1,1,1,2,2,1,1,1,1,1,1,1,1,2,14,6,1,1,,2,2
5,41,4,9,2005,1,1,1,2,2,1,4,1,1,1,1,1,1,2,19,6,1,1,,2,2
3,41,3,9,2005,3,1,1,2,2,1,1,1,1,1,1,1,1,2,8,6,1,1,,2,2
1,41,4,10,2005,2,1,1,2,2,1,1,1,1,1,1,1,1,2,10,6,1,1,,2,2
5,41,4,10,2005,2,1,1,2,2,1,1,1,1,1,1,1,1,2,19,6,1,1,,2,2
5,41,4,10,2005,1,1,1,2,2,1,1,1,1,1,1,1,1,2,14,6,1,1,,2,2