Thana,District,Accident_Severity,Month,Year,Time,Junction_Type,Traffic_Control,Movement,Divider,Weather,Light,Road_Geometry,Surface_Condition,Surface_Type,Surface_Quality,Road_Class,Road_Feature,Location_Type,Vehicle_Type,Vehicle_Movement,Vehicle_Loading,Vehicle_Defect,Vehicle_Driver_Age,Vehicle_Alcohol,Vehicle_Seat_Belt
3,41,4,10,2005,3,1,1,2,2,1,1,1,1,1,1,3,1,2,5,6,1,1,,2,2
3,41,4,10,2005,3,1,1,2,2,1,1,1,1,1,1,1,1,2,8,6,1,1,,2,2
3,41,4,10,2005,3,1,1,2,2,1,1,1,1,1,1,1,1,2,14,6,1,1,,2,2
3,41,4,11,2005,,1,1,2,2,1,1,1,1,1,1,3,1,2,7,6,1,1,,2,2
3,41,4,11,2005,3,1,1,2,2,1,1,1,1,1,1,1,1,2,9,6,1,1,,2,2
1,41,4,11,2005,3,1,1,2,2,1,1,1,1,1,1,1,1,2,19,6,1,1,,2,2
3,41,4,11,2005,3,1,1,2,2,1,1,2,1,1,1,3,1,2,7,6,1,1,,2,2
3,41,4,11,2005,4,1,1,2,2,1,2,1,1,1,1,1,1,2,14,6,1,1,,2,2
3,41,4,11,2005,3,1,1,2,2,1,1,1,1,1,1,1,1,2,8,6,1,1,,2,2
3,41,4,11,2005,3,1,1,2,2,1,1,1,1,1,1,1,1,2,9,6,1,1,,2,2
3,41,4,11,2005,1,1,1,2,2,1,1,1,1,1,1,1,1,2,9,6,1,1,,2,2
1,41,3,12,2005,3,1,1,2,2,1,2,1,1,1,1,1,1,2,9,6,1,1,,2,2
1,41,4,12,2005,4,1,1,2,2,1,4,1,1,1,1,1,1,2,19,6,1,1,,2,2
7,41,3,12,2005,1,1,1,2,2,1,1,1,1,1,1,1,1,2,14,6,1,1,,2,2
6,41,4,12,2005,4,1,1,2,2,1,1,1,1,1,1,1,1,2,11,6,1,1,,2,2
1,39,4,5,2005,3,1,1,2,2,1,1,1,1,1,1,1,1,2,9,6,1,1,,2,2
10,64,4,6,2005,4,1,8,2,2,1,4,1,2,1,1,1,1,1,8,6,1,1,38,2,2
10,64,4,6,2005,3,2,1,2,1,1,1,3,1,1,3,1,1,1,9,6,1,4,27,2,2
10,64,3,9,2005,3,2,4,2,2,1,1,1,1,1,1,1,1,1,8,6,1,1,31,2,2
10,64,4,10,2005,2,3,1,2,2,1,1,1,1,1,1,3,1,1,13,2,1,1,35,2,2
3,64,4,5,2005,2,1,1,2,2,1,1,1,1,1,1,1,1,1,9,6,1,7,43,2,2
3,64,4,11,2005,2,3,1,2,1,1,1,1,1,1,1,5,1,1,19,5,1,1,,2,2
3,64,4,12,2005,4,1,1,2,2,1,2,1,1,1,1,1,1,1,19,6,1,7,,2,2
4,64,3,3,2005,2,2,4,2,2,1,1,1,1,1,1,5,1,1,,,1,1,,1,2
4,64,4,4,2005,4,1,2,1,2,1,2,1,1,1,1,5,1,1,14,6,1,1,25,2,2
4,64,4,4,2005,2,1,2,2,1,1,1,1,1,1,1,5,1,1,14,5,1,1,25,2,2
4,64,4,4,2005,3,2,4,2,1,1,1,1,1,1,1,5,1,1,14,5,1,1,26,2,2
4,64,4,4,2005,2,2,4,2,1,1,1,1,1,1,1,5,1,1,9,5,1,1,35,2,2
4,64,4,4,2005,2,1,2,1,2,1,1,1,1,1,1,5,1,1,14,5,1,1,,2,2
4,64,4,5,2005,4,1,2,1,1,1,2,1,1,1,1,5,1,1,14,5,1,1,25,2,2
4,64,4,5,2005,1,2,4,2,2,1,2,1,1,1,1,5,1,1,10,6,1,1,25,2,2
4,64,3,7,2005,2,2,2,2,1,1,1,1,1,1,1,5,1,1,9,5,1,1,25,2,2
4,64,4,9,2005,1,1,2,1,2,1,2,1,1,1,1,5,1,1,14,6,1,1,38,2,2
4,64,4,12,2005,3,2,2,2,1,1,1,1,1,1,1,5,1,1,9,6,1,1,22,2,2
4,64,4,12,2005,3,3,2,1,2,1,1,1,1,1,1,5,1,1,14,6,2,1,27,2,2
11,64,4,4,2005,4,7,3,2,2,1,3,1,1,1,1,5,1,2,9,11,1,1,,2,2
11,64,4,12,2005,3,1,1,2,1,1,1,1,1,1,1,5,1,1,7,6,1,1,23,2,2
8,64,3,2,2005,3,1,1,1,2,1,1,2,1,1,1,5,1,1,9,1,1,1,,2,2
8,64,4,6,2005,3,1,1,1,2,1,1,1,1,1,1,5,1,1,9,6,1,1,,2,2
8,64,4,9,2005,4,1,1,1,2,1,1,1,1,1,1,5,1,1,19,6,1,1,30,2,2
5,64,4,3,2005,3,3,1,1,2,1,1,1,1,1,1,1,1,1,14,7,1,1,,2,2
5,64,3,2,2005,3,1,1,1,,1,1,1,1,1,1,1,1,1,14,1,1,1,,2,2
5,64,1,5,2005,2,3,1,1,1,1,1,2,1,1,1,1,1,1,9,8,1,1,40,2,1
5,64,4,10,2005,3,1,1,1,1,1,1,1,1,1,1,1,1,1,14,7,1,1,,2,2
5,64,4,10,2005,3,1,1,2,2,1,1,1,1,1,1,1,1,1,14,2,1,1,36,2,2
5,64,4,10,2005,2,1,1,1,2,2,1,1,2,1,2,5,1,1,14,1,1,1,,2,2
5,64,4,11,2005,2,1,1,1,1,1,1,1,1,1,1,5,1,1,14,6,1,1,,1,2
7,64,3,2,2005,4,7,4,2,1,1,2,1,1,1,1,5,1,1,4,6,1,1,,2,2
7,64,4,3,2005,2,1,8,2,2,1,1,1,1,1,1,5,1,1,9,6,1,1,,2,2
7,64,4,3,2005,4,1,8,2,2,1,4,1,1,1,1,5,1,1,9,6,1,1,,2,2
7,64,4,4,2005,3,7,6,2,2,1,1,1,1,1,1,5,1,1,14,6,1,1,45,2,2
7,64,3,6,2005,3,1,8,2,2,1,1,1,1,1,1,5,1,1,10,6,1,1,,2,2
7,64,3,7,2005,3,2,5,2,1,1,1,1,1,1,1,5,1,1,8,5,1,1,35,2,2
7,64,3,8,2005,2,6,8,1,2,1,3,1,1,1,1,5,1,1,14,6,1,1,,2,2
7,64,3,8,2005,2,7,8,2,2,1,1,1,1,1,1,5,1,1,8,8,1,1,,2,2
2,64,4,1,2005,3,3,1,2,1,1,1,1,1,1,1,5,1,1,1,6,1,1,,2,2
2,64,4,1,2005,4,2,4,2,1,1,2,1,1,1,1,5,1,1,14,6,1,1,,2,2
2,64,4,1,2005,3,2,1,2,1,1,1,1,1,1,1,5,1,1,10,6,1,1,,2,2
2,64,4,2,2005,3,1,1,1,2,1,1,1,2,3,1,5,1,1,14,6,1,1,,2,2
2,64,3,4,2005,2,5,4,2,2,1,1,1,1,1,1,5,1,1,14,6,1,1,,2,2
2,64,4,4,2005,4,1,1,2,2,1,2,1,1,1,1,5,1,1,14,6,1,1,,2,2
2,64,4,5,2005,4,3,4,2,2,1,3,1,1,1,1,5,1,1,14,6,1,1,,2,2
2,64,4,6,2005,4,1,1,1,2,1,2,1,1,1,1,5,1,1,14,6,1,1,,2,2
2,64,4,9,2005,2,3,1,2,2,1,1,1,1,1,1,5,1,1,14,6,1,1,,2,2
2,64,4,9,2005,3,3,1,2,2,1,1,1,1,1,1,5,1,1,10,10,1,1,,2,2
2,64,3,10,2005,3,3,1,1,2,1,1,1,1,1,1,5,1,1,14,6,1,1,,2,2
2,64,4,10,2005,4,3,1,1,2,1,2,1,1,1,1,5,1,1,9,6,1,1,,2,2
2,64,4,11,2005,2,3,1,1,2,1,1,1,1,1,1,5,1,1,6,6,1,1,,2,2
2,64,4,11,2005,2,3,1,1,2,1,1,1,1,1,1,5,1,1,14,6,1,1,,2,2
2,64,4,12,2005,3,3,1,1,2,1,1,1,1,1,1,5,1,1,14,6,1,1,,2,2
2,64,4,12,2005,2,3,1,2,2,1,1,1,1,1,1,5,1,1,14,6,1,1,,2,2
2,64,4,12,2005,3,1,1,2,2,1,1,1,1,1,1,5,1,1,19,6,1,1,,2,2
1,64,4,1,2005,3,5,1,2,1,1,1,1,1,1,1,5,1,1,14,6,1,1,35,2,2
1,64,3,11,2005,4,7,8,1,1,1,3,3,1,1,1,5,1,1,14,11,2,6,33,2,2
6,64,1,3,2005,2,2,4,2,1,1,1,1,1,1,1,5,1,1,9,6,1,1,,2,2
6,64,1,4,2005,2,2,4,2,1,1,1,1,1,1,1,5,1,1,14,6,1,1,,2,2
6,64,3,4,2005,3,1,8,2,1,1,1,1,1,1,1,5,1,1,14,6,1,1,,2,2
6,64,3,6,2005,3,2,4,2,1,1,2,1,1,1,1,5,1,1,9,6,1,1,,2,2
6,64,4,7,2005,3,1,7,2,1,1,2,1,1,1,1,5,1,1,8,6,1,1,,2,2
6,64,4,8,2005,4,1,8,2,1,1,3,1,1,1,1,5,1,1,9,7,1,1,,1,2
6,64,3,8,2005,2,1,4,2,1,1,1,1,1,1,1,5,1,1,10,6,1,7,,1,2
5,28,4,12,2005,4,1,1,2,2,1,3,1,1,1,1,1,1,1,14,6,1,1,,2,2
1,28,1,3,2005,4,1,2,2,1,1,3,1,1,1,1,5,1,1,2,8,1,1,30,2,2
9,63,4,7,2005,2,1,8,2,2,1,1,2,1,1,1,1,1,2,9,1,,1,,1,2
1,65,4,7,2005,2,,4,2,2,1,1,1,1,1,1,4,1,2,11,2,,3,,1,2
1,65,4,7,2005,1,1,8,1,2,1,1,1,1,1,1,1,1,2,11,2,1,7,,1,2
4,65,4,7,2005,3,1,1,2,2,2,1,1,2,1,1,4,1,2,11,6,1,,20,2,2
8,65,4,7,2005,4,3,1,2,2,3,4,1,2,1,1,4,1,2,9,,,,,1,2
5,60,4,7,2005,3,2,1,2,2,1,1,5,1,1,1,1,1,2,9,5,,,38,1,2
1,60,4,7,2005,3,1,1,2,2,1,1,1,1,1,1,2,1,2,9,6,1,1,,2,2
4,60,4,7,2005,2,1,1,2,2,1,1,1,1,1,1,3,1,2,11,,1,,,2,2
6,60,4,7,2005,2,7,8,1,2,2,1,1,2,1,1,1,1,2,12,6,1,7,,1,2
13,58,4,7,2005,2,7,1,2,2,1,1,1,1,1,1,1,1,2,9,11,1,1,35,2,2
1,60,4,2,2005,2,1,1,1,,1,1,1,1,1,1,4,1,2,9,6,1,1,,2,2
3,60,3,1,2005,1,1,8,1,2,1,1,2,1,1,1,3,1,2,4,6,1,1,,2,2
4,60,4,2,2005,2,1,1,2,,1,2,3,1,3,2,4,1,2,11,7,1,1,,2,2
4,60,4,1,2005,2,2,3,2,2,1,1,1,1,1,1,3,1,2,11,,,1,,2,1
5,60,4,1,2005,4,1,8,2,2,1,4,1,1,1,1,1,1,2,,6,,,,1,2
7,60,4,4,2005,2,1,1,2,2,1,1,1,1,1,1,3,1,2,6,9,1,1,30,1,2
7,60,3,3,2005,1,1,1,2,2,1,1,1,1,1,1,3,1,2,9,8,1,1,,1,2
8,60,3,2,2005,2,1,1,2,2,1,1,1,1,1,1,3,5,2,12,11,1,1,30,1,2
1,61,4,6,2005,1,1,1,2,2,1,2,1,1,1,1,1,1,2,,,,,,,
2,61,4,1,2005,3,1,1,2,2,1,1,1,1,1,1,3,1,2,12,6,1,7,,1,2
1,60,4,2,2005,3,1,1,2,,1,1,1,1,1,1,2,1,2,9,6,1,1,,2,2
2,61,4,7,2005,2,1,2,2,1,1,1,1,1,1,1,1,1,2,9,6,2,,,1,2
1,59,4,6,2005,2,3,1,2,2,1,1,1,1,1,1,2,1,2,9,11,1,,,1,2
7,58,4,7,2005,2,1,1,2,2,2,1,1,2,1,1,1,1,2,14,6,1,1,40,2,2
10,58,4,7,2005,3,7,8,2,2,1,1,1,1,1,1,3,1,2,9,11,,7,40,2,2
12,58,4,7,2005,3,7,1,2,2,1,1,1,1,1,1,4,1,2,7,,1,,,,2
12,58,4,7,2005,3,1,1,2,,1,1,1,1,1,1,3,1,2,9,,,,32,2,2
1,61,1,7,2005,2,,,2,1,1,2,1,1,1,1,2,1,1,8,2,,1,35,2,2
1,61,4,7,2005,4,1,1,2,,1,4,1,1,1,1,1,1,2,9,6,,,,2,2
1,61,3,6,2005,1,,1,2,2,1,1,4,1,1,2,5,4,1,6,1,1,,,2,2
6,27,4,4,2006,4,3,1,2,2,1,2,1,5,3,3,4,1,2,13,11,1,1,32,2,2
5,27,4,5,2006,2,1,1,2,2,1,1,1,1,1,1,3,1,2,8,6,1,1,39,2,2
5,27,1,11,2006,2,3,1,2,2,1,1,1,1,1,1,2,1,2,4,1,1,3,24,2,2
5,27,4,12,2006,3,1,1,2,2,1,1,1,1,1,1,4,1,2,4,6,1,1,,2,1
1,27,3,3,2006,2,1,2,2,2,1,1,1,1,1,1,5,1,2,19,6,2,7,20,2,2
1,27,4,6,2006,2,1,2,2,2,1,1,1,1,3,2,3,1,2,12,6,1,1,,2,2
1,27,4,12,2006,3,7,1,2,2,1,1,1,1,1,1,4,2,2,1,1,1,1,,1,2
2,27,4,2,2006,3,3,1,2,2,1,1,1,1,3,3,2,1,2,9,11,1,7,,1,2
2,27,4,6,2006,2,1,1,2,2,1,1,1,1,1,1,2,1,2,19,6,1,1,,2,2
2,27,4,7,2006,2,7,1,2,2,1,1,1,1,1,1,2,1,2,9,11,1,1,,2,2
2,27,4,7,2006,3,2,1,2,2,1,1,1,1,1,1,2,3,2,9,11,1,1,,2,2
2,27,3,10,2006,2,3,1,2,2,4,2,1,1,1,1,1,1,2,9,8,1,7,,2,2
2,27,4,12,2006,3,1,1,2,2,1,1,1,1,1,1,1,1,2,19,6,1,1,39,2,2
3,33,4,1,2006,2,1,1,2,2,1,1,3,1,1,2,2,2,2,6,6,1,1,,2,2
3,33,4,3,2006,3,1,1,2,2,1,1,1,1,1,1,2,1,2,6,6,1,1,,2,2
1,33,4,1,2006,2,1,1,2,2,1,1,1,1,1,1,4,1,2,9,6,1,1,32,2,2
1,33,4,2,2006,2,1,1,2,2,1,1,1,1,1,1,4,1,2,9,6,1,1,23,2,2
1,33,3,2,2006,4,7,1,2,2,1,4,1,1,1,1,2,1,2,15,4,2,7,,2,2
5,33,4,2,2006,2,1,1,2,2,1,1,1,1,1,1,4,1,2,14,6,1,1,,1,2
5,33,4,4,2006,2,1,1,2,2,1,1,1,1,2,2,4,1,2,6,6,1,7,35,1,2
5,33,4,8,2006,,1,1,2,2,1,1,1,1,1,1,2,1,2,9,2,1,3,,2,2
4,33,4,6,2006,3,1,1,2,2,1,1,1,1,1,1,2,1,2,4,6,1,1,,2,1
4,33,4,6,2006,3,1,1,2,2,1,1,1,1,1,1,2,1,2,14,6,2,1,,1,2
2,33,4,2,2006,3,1,3,2,2,1,1,1,1,1,1,2,1,2,9,6,1,3,32,2,2
2,33,4,3,2006,3,1,3,2,2,1,1,1,1,1,1,2,1,2,9,6,1,1,,1,2
2,33,4,6,2006,4,3,3,2,2,1,1,1,1,1,1,2,1,2,19,6,1,1,,1,2
5,31,4,2,2006,3,7,3,2,2,1,2,1,1,2,3,4,1,2,19,4,1,1,22,2,2
6,31,4,2,2006,2,7,8,2,2,1,1,3,1,1,1,2,1,2,8,11,1,1,,2,2
4,32,4,3,2006,3,7,8,2,2,1,1,4,1,2,3,2,3,2,9,2,1,1,,2,2
4,32,4,4,2006,2,3,1,2,2,1,1,1,1,2,2,4,4,2,6,6,1,1,,2,2
4,32,4,9,2006,3,1,1,2,2,2,1,1,2,1,1,2,1,2,9,6,1,1,35,2,2
2,32,4,4,2006,2,7,1,2,2,1,1,1,1,1,1,2,1,2,6,6,2,3,25,2,2
3,32,4,3,2006,3,1,1,2,2,1,1,1,1,1,1,1,1,2,9,6,1,1,40,2,2
3,32,4,3,2006,3,1,1,2,2,1,1,1,1,1,1,1,1,2,9,6,1,1,,1,2
3,32,4,4,2006,1,1,1,2,2,1,2,1,1,1,1,2,1,2,9,6,1,1,,2,2
3,32,4,8,2006,3,1,1,2,2,1,1,1,1,1,2,4,1,2,6,6,1,1,20,2,2
1,30,4,2,2006,3,1,1,2,2,1,1,1,1,1,1,3,1,2,9,6,1,1,30,2,2
1,30,4,4,2006,4,1,1,2,2,1,4,1,1,1,1,2,1,2,14,6,1,1,,1,2
1,30,1,5,2006,2,1,1,2,2,1,1,1,1,1,2,2,1,2,8,6,1,1,,2,2
1,30,4,6,2006,3,1,1,2,2,2,1,1,2,1,1,3,1,2,19,6,1,6,,2,2
1,30,4,7,2006,2,3,1,2,2,1,1,1,1,2,1,4,1,2,4,6,1,1,30,2,2
1,30,3,10,2006,3,1,1,2,2,1,1,1,1,1,1,1,1,2,10,6,1,1,,2,2
7,30,4,4,2006,3,7,1,2,2,1,1,1,1,1,1,3,1,2,9,11,1,3,,2,2
7,30,4,7,2006,2,1,1,2,2,2,1,1,2,1,1,1,1,2,8,6,1,1,35,2,2
6,30,4,3,2006,3,1,1,2,2,1,1,1,1,1,1,3,1,2,17,6,1,1,19,2,2
6,30,4,11,2006,2,1,1,2,2,1,1,1,1,1,1,3,1,2,9,6,1,1,,1,2
6,30,4,12,2006,2,1,1,2,2,1,1,1,1,1,1,3,1,2,6,6,1,1,,2,2
3,30,4,1,2006,3,7,1,2,2,1,1,2,1,2,2,3,1,2,9,6,1,1,,2,2
3,30,1,7,2006,2,7,8,2,2,2,2,4,2,1,2,3,1,2,9,1,1,1,,2,2
3,30,3,7,2006,3,3,1,2,2,1,1,1,1,1,1,3,1,2,9,8,1,1,,2,2
3,30,4,8,2006,3,1,1,2,2,1,1,1,1,1,1,4,1,2,9,6,1,1,,2,2
2,30,4,3,2006,2,1,1,2,2,1,1,1,1,1,1,4,1,2,6,6,1,1,,2,2
2,30,4,4,2006,2,1,1,2,2,1,1,1,1,1,1,3,1,2,4,6,1,1,25,2,2
2,30,4,5,2006,2,1,1,2,2,2,1,2,2,1,2,3,1,2,8,9,1,1,,2,2
2,30,4,7,2006,3,1,1,2,2,1,1,1,1,1,1,4,1,2,19,6,1,3,18,2,2
2,30,4,8,2006,4,1,1,2,2,1,4,1,1,1,1,3,1,2,4,6,1,1,,2,1
2,30,4,9,2006,3,1,1,2,2,2,1,1,2,1,1,3,1,2,9,6,1,1,40,2,2
2,30,4,10,2006,4,1,1,2,2,2,4,3,2,2,2,4,1,2,4,6,1,1,28,2,2
2,30,4,10,2006,2,1,1,2,2,1,1,1,1,1,1,4,1,2,17,6,2,1,40,2,2
4,34,4,1,2006,3,1,1,2,2,1,1,1,1,1,1,1,1,2,8,6,1,1,45,2,2
4,34,4,1,2006,2,1,1,2,2,1,1,1,1,1,1,1,3,2,19,11,2,1,22,1,2
4,34,4,2,2006,4,1,1,2,2,1,4,1,1,1,1,1,1,2,8,11,1,1,38,1,2
4,34,4,6,2006,3,1,1,2,2,1,1,1,1,1,1,1,1,2,4,6,1,1,40,2,1
5,34,4,2,2006,2,7,1,2,2,1,1,2,5,1,2,3,4,2,14,6,1,1,,2,2
5,34,4,3,2006,3,1,1,2,2,1,1,1,5,1,1,3,1,2,4,6,1,1,25,2,1
5,34,4,7,2006,3,3,1,2,2,1,1,1,1,1,2,3,1,2,6,9,1,6,35,2,2
1,34,4,3,2006,3,2,1,2,2,1,1,1,1,2,1,4,1,2,19,1,1,3,,2,2
9,34,4,5,2006,3,1,1,2,2,1,1,1,2,2,3,4,1,2,6,6,1,1,,2,2
10,34,4,5,2006,3,1,1,2,2,1,1,1,1,1,1,1,1,2,7,6,1,4,,2,2
6,34,3,1,2006,3,1,1,2,2,1,1,1,1,1,1,1,1,2,19,6,1,1,31,2,2
6,34,3,6,2006,3,7,1,2,2,1,1,1,1,1,1,1,1,2,4,6,1,6,26,1,2
6,34,4,6,2006,3,7,1,2,2,1,1,1,1,1,1,1,1,2,6,11,1,3,45,2,2
6,34,4,10,2006,2,1,1,2,2,1,1,1,1,1,1,1,1,2,7,6,1,1,,2,2
2,32,4,10,2006,3,1,3,2,2,1,1,1,1,1,1,2,1,2,5,6,2,4,,2,2
4,30,4,12,2006,2,3,1,2,2,1,1,2,1,1,1,3,1,2,6,1,1,1,,2,2
1,32,4,12,2006,4,1,1,2,2,1,2,1,1,1,1,5,1,1,10,6,1,1,,2,2
7,63,1,3,2006,3,2,4,2,,1,1,1,1,1,1,1,1,2,13,5,1,1,,2,1
4,63,4,3,2006,3,1,1,2,2,1,1,1,1,1,1,1,1,2,13,6,1,1,,2,2
8,63,3,3,2006,1,1,1,2,2,1,4,1,1,1,1,1,1,2,9,11,1,1,32,1,2
8,63,3,3,2006,3,1,1,2,2,1,1,1,1,1,1,4,1,2,14,6,1,1,45,1,2
8,63,1,3,2006,3,1,2,2,2,1,1,1,1,1,1,1,1,2,9,,,1,,2,2
9,63,3,3,2006,2,2,8,2,2,1,2,1,1,1,1,1,1,2,9,6,1,1,,2,2
9,63,4,3,2006,3,7,1,2,2,1,1,1,1,1,1,1,2,2,14,6,1,1,,2,2
3,63,4,2,2006,4,1,8,1,2,1,2,1,1,1,1,4,1,2,6,6,1,7,,2,2
2,63,1,3,2006,3,3,1,2,2,1,1,1,1,2,1,4,1,2,11,6,1,7,,2,2
11,63,4,3,2006,3,1,1,2,2,1,2,1,1,1,1,1,1,2,19,6,1,7,,2,2
8,63,4,1,2006,2,2,3,2,2,1,1,1,1,1,1,1,1,2,9,,,,,,
8,63,4,1,2006,2,1,1,2,2,1,1,1,1,1,1,1,1,2,9,6,,,32,2,2
1,63,4,1,2006,3,7,1,2,2,1,1,1,1,1,1,3,1,2,11,6,1,1,,2,2
7,63,3,1,2006,2,1,1,2,2,1,1,1,1,1,1,1,1,1,7,6,1,1,,2,2
7,63,4,1,2006,3,3,1,2,2,1,1,4,1,1,2,1,1,2,14,1,1,,,2,2
14,63,4,1,2006,3,1,2,2,2,1,1,1,1,1,1,1,1,2,8,6,1,1,,2,2
14,63,4,1,2006,1,1,1,2,1,2,1,1,1,1,1,1,1,2,14,6,1,,37,2,2
9,63,4,2,2006,2,2,8,2,2,1,1,2,1,1,1,1,1,2,8,2,1,1,,,
6,63,4,2,2006,3,4,8,2,2,1,1,2,1,1,1,1,1,2,19,1,1,1,37,2,2
5,63,4,2,2006,2,,1,2,2,1,1,3,1,1,1,3,1,2,8,,,7,,,
9,63,2,2,2006,4,1,1,2,,1,4,1,1,1,1,1,1,2,9,2,1,1,,2,2
1,59,4,1,2006,1,,8,,,1,1,1,1,3,1,4,,,17,6,,,,,
6,60,1,2,2006,2,,1,2,2,1,1,1,1,1,1,4,1,1,10,6,1,1,21,2,2
12,58,4,1,2006,3,,1,2,2,1,1,1,1,1,1,2,1,2,9,6,1,1,,2,2
2,61,1,1,2006,3,7,8,1,2,1,1,1,1,1,1,4,1,2,6,11,1,1,,2,2
1,61,4,1,2006,1,1,1,2,2,1,4,1,1,1,1,1,1,2,,6,,,,,
1,61,4,1,2006,3,2,3,2,2,1,1,1,1,1,1,1,1,1,14,6,1,1,30,2,2
1,62,4,1,2006,2,7,1,2,2,1,1,1,1,1,1,1,1,2,,,,,,,
1,62,4,2,2006,3,7,3,2,1,1,1,1,1,1,1,1,1,2,9,11,2,,,,
1,62,4,2,2006,2,,,2,,1,2,1,1,1,1,2,,1,7,8,,1,25,2,2
1,62,4,2,2006,3,6,,2,2,1,1,1,1,1,1,2,1,1,6,,,,,,
1,61,4,2,2006,2,1,1,2,2,1,1,1,1,1,1,1,1,2,9,6,1,1,47,2,2
6,61,4,2,2006,2,7,1,2,,1,1,1,1,3,2,4,1,2,17,6,1,,25,2,2
5,57,4,2,2006,2,1,1,2,1,1,1,1,1,1,1,4,1,2,17,6,1,1,,1,2
16,58,3,2,2006,1,1,1,2,2,4,4,1,5,1,1,1,1,2,10,6,1,1,38,1,2
7,58,4,2,2006,2,1,1,2,2,1,1,1,1,1,1,3,1,,8,6,1,1,35,2,2
10,58,3,2,2006,3,1,1,2,2,1,1,1,1,1,1,2,1,2,9,6,1,1,,1,2
1,66,3,3,2006,3,1,1,1,2,1,1,2,1,1,1,3,1,2,8,11,1,1,,2,
4,66,4,2,2006,2,,1,2,2,1,1,2,1,1,1,1,1,2,14,1,,,40,,
1,66,3,2,2006,1,1,8,1,2,1,1,1,1,1,1,3,1,2,14,4,1,1,,2,2
1,61,3,3,2006,2,1,1,2,2,1,1,1,1,1,1,1,1,2,14,6,,,,,2
1,61,4,3,2006,2,1,1,2,2,1,2,1,1,1,1,1,1,2,12,10,1,1,40,,2
1,67,3,3,2006,4,,,2,2,1,2,3,1,1,1,1,1,1,14,11,2,,,1,2
1,59,4,3,2006,2,,,1,2,1,1,1,1,1,1,4,1,2,9,,,,,,
4,59,1,3,2006,3,,8,2,2,1,1,1,1,1,1,2,1,2,14,1,1,,,2,
5,59,4,3,2006,4,3,1,1,,1,4,2,1,1,1,2,1,2,14,2,,,40,2,
7,59,4,3,2006,2,7,1,2,2,1,1,1,1,1,1,4,1,2,14,6,2,7,,,
1,62,4,3,2006,2,,3,,2,1,2,1,1,1,1,4,1,2,,,,,,,
3,62,4,3,2006,3,1,8,2,2,1,1,1,1,1,1,2,1,2,,,,,,,
5,57,4,3,2006,3,1,1,2,2,1,1,2,1,3,1,4,4,2,17,1,1,3,,2,2
1,61,4,4,2006,2,1,4,2,1,1,1,1,1,1,1,1,1,1,9,6,1,1,30,2,2
6,61,3,4,2006,2,1,1,2,2,1,1,1,1,1,1,2,1,2,9,6,1,,,2,2
9,63,4,4,2006,2,7,1,2,2,1,2,1,1,1,1,1,1,2,11,6,1,7,,1,2
9,63,4,4,2006,3,7,3,2,2,1,1,1,1,1,1,1,1,2,4,6,1,7,,2,2
6,63,4,4,2006,2,7,8,2,2,1,1,1,1,1,1,4,1,2,14,8,1,7,,2,2
5,63,4,4,2006,3,7,,2,2,1,1,4,5,3,2,4,,2,11,11,1,1,,2,2
5,63,4,4,2006,2,1,1,2,2,1,1,1,1,1,1,1,1,2,19,6,1,1,,2,
8,63,4,4,2006,4,1,1,2,2,1,4,1,1,1,1,1,1,2,14,6,1,1,31,1,2
8,63,4,4,2006,3,2,8,1,,1,1,1,1,1,1,1,1,2,9,6,1,7,,2,2
4,59,3,4,2006,4,7,1,2,2,2,1,1,1,1,1,4,1,2,9,,1,1,30,2,2
4,59,4,4,2006,4,7,1,2,2,2,1,1,1,1,1,4,1,2,,,,,,,
1,59,4,4,2006,2,3,4,2,2,1,1,1,1,1,1,2,1,1,2,6,1,1,,2,2
1,67,4,4,2006,4,7,8,2,2,1,2,1,1,3,1,1,,1,9,2,1,1,45,1,2
1,67,3,4,2006,4,1,8,2,2,1,1,4,1,1,1,2,1,2,13,6,1,1,35,2,2
8,67,4,4,2006,2,1,3,1,1,1,2,1,1,1,1,3,1,2,9,,1,1,38,2,2
8,68,4,4,2006,2,1,1,2,2,1,1,5,1,3,3,4,1,2,14,6,1,,,2,2
5,65,3,4,2006,3,,1,2,2,1,1,1,1,1,1,1,1,2,11,6,2,7,28,2,2
3,57,4,4,2006,3,1,1,2,2,1,1,1,1,1,1,1,1,2,7,6,1,1,,1,2
11,63,4,5,2006,4,1,1,2,2,1,4,1,1,1,1,3,1,2,14,6,1,1,28,2,2
3,63,4,5,2006,2,7,8,1,2,1,2,1,1,3,2,4,1,2,12,6,1,7,,2,2
4,63,3,5,2006,2,1,1,2,2,1,1,1,1,1,1,1,1,2,14,4,1,1,,1,2
14,63,4,4,2006,3,1,1,2,2,2,1,1,2,1,1,1,1,2,5,,1,3,40,2,2
8,63,4,5,2006,4,1,3,1,2,1,4,1,2,1,1,1,1,2,19,6,1,7,,2,2
8,63,3,5,2006,4,1,1,2,2,1,4,1,1,1,3,1,1,2,14,6,1,4,50,2,2
10,67,4,5,2006,2,7,8,1,2,1,1,5,1,1,3,4,1,2,14,6,1,,28,2,2
1,62,4,5,2006,3,1,1,2,2,1,1,1,1,1,1,2,1,2,14,,,,,,
1,62,4,5,2006,2,7,6,2,2,1,1,1,1,1,1,4,1,2,,,,,,,
5,59,4,5,2006,1,1,1,2,2,1,2,3,1,1,1,4,1,2,8,6,1,1,,2,2
6,57,4,5,2006,3,3,8,2,2,1,1,1,1,1,1,4,1,2,8,6,1,1,25,2,2