Thana,District,Accident_Severity,Month,Year,Time,Junction_Type,Traffic_Control,Movement,Divider,Weather,Light,Road_Geometry,Surface_Condition,Surface_Type,Surface_Quality,Road_Class,Road_Feature,Location_Type,Vehicle_Type,Vehicle_Movement,Vehicle_Loading,Vehicle_Defect,Vehicle_Driver_Age,Vehicle_Alcohol,Vehicle_Seat_Belt
5,57,3,5,2006,3,,1,2,2,1,1,1,1,1,1,4,1,2,6,6,1,1,,1,2
2,61,4,5,2006,3,1,1,2,2,1,1,1,1,1,1,1,1,2,14,6,1,1,,2,2
2,61,4,5,2006,2,1,1,2,2,1,1,1,1,1,1,1,1,2,14,6,1,1,39,2,2
1,61,3,5,2006,1,7,8,1,,1,1,1,1,1,1,1,1,2,4,,1,1,,2,2
1,62,4,6,2006,3,7,1,1,2,1,1,1,1,1,1,2,1,2,9,6,1,1,48,2,2
1,62,4,5,2006,3,7,6,2,2,1,1,1,1,1,1,2,1,2,14,11,,1,,,
5,68,4,6,2006,2,7,1,2,2,1,1,4,1,1,1,3,1,2,11,2,1,3,35,2,2
1,68,4,6,2006,1,7,1,2,2,1,2,4,2,1,2,1,1,1,14,2,1,7,35,2,2
7,65,3,5,2006,3,1,1,2,2,1,1,1,1,1,1,1,1,2,5,6,1,1,,2,2
5,65,4,6,2006,2,1,1,2,2,1,1,1,1,1,1,1,,2,4,6,,1,,,2
1,65,4,6,2006,1,1,1,2,2,1,4,1,1,1,1,1,1,2,,,,,,,
7,66,3,5,2006,3,1,1,2,2,1,1,2,1,1,1,4,1,2,13,6,1,1,35,2,2
4,61,4,6,2006,2,,3,2,,1,1,1,1,1,1,3,,,,,,,,,
3,61,4,6,2006,3,,3,2,,1,1,1,1,1,1,1,2,,14,6,1,7,,2,2
4,59,4,6,2006,3,7,1,2,2,2,1,1,1,1,1,2,1,2,16,1,1,1,40,2,2
5,63,4,10,2006,1,2,3,2,2,4,2,1,1,2,3,1,1,2,11,6,1,7,,2,2
3,61,4,7,2006,2,1,1,2,2,1,1,2,1,1,1,1,1,2,9,6,1,1,38,2,2
1,61,4,7,2006,2,1,1,2,2,1,1,1,1,1,1,1,1,2,12,6,1,1,,2,2
1,61,4,6,2006,4,1,1,2,2,1,4,1,1,1,1,1,1,1,18,6,1,1,,2,2
1,61,4,7,2006,,7,1,2,2,1,4,1,1,1,1,1,1,1,19,6,1,6,,2,2
4,59,4,7,2006,2,7,1,2,2,2,1,1,1,1,1,4,1,2,9,6,1,1,,2,2
7,63,4,8,2006,3,1,1,2,2,1,1,2,1,1,1,1,1,2,7,2,1,1,30,2,2
7,63,4,8,2006,3,1,1,2,2,1,1,1,1,1,1,4,1,2,9,6,1,1,,2,2
7,63,4,10,2006,2,1,1,2,2,1,1,1,1,1,1,1,1,2,9,,1,1,45,2,2
7,63,4,10,2006,2,1,4,2,2,2,1,2,2,1,1,1,1,2,7,4,1,1,32,2,2
7,63,3,12,2006,3,2,1,2,2,1,1,1,1,1,1,2,1,2,9,6,1,1,35,2,2
6,63,4,6,2006,1,7,8,1,2,2,2,2,2,1,1,1,1,2,14,11,1,7,,2,2
6,63,3,9,2006,2,7,8,2,2,2,1,2,2,1,1,4,1,2,14,1,1,7,28,2,2
11,63,3,6,2006,3,1,1,2,2,1,1,1,1,1,1,4,1,1,9,6,1,1,,2,2
11,63,3,6,2006,2,,,1,2,1,1,1,1,,1,4,2,,14,6,1,6,42,2,2
11,63,4,7,2006,2,3,1,2,,1,1,4,1,1,3,1,1,2,9,3,1,7,,2,2
11,63,4,8,2006,2,,,,,,,,,,,4,,2,19,,,,35,,
14,68,4,7,2006,3,,1,1,2,2,1,1,2,1,1,1,1,2,12,6,1,,,2,2
13,63,4,8,2006,2,,1,2,,1,1,1,1,1,1,1,1,2,14,5,,,50,2,2
14,63,1,8,2006,2,,1,2,2,1,1,1,1,1,1,1,1,2,15,6,1,1,35,2,2
14,63,4,10,2006,3,,1,2,2,1,1,1,1,1,1,1,1,2,9,4,,,25,2,2
14,63,4,12,2006,1,1,1,2,2,1,4,1,1,1,1,1,1,2,19,11,1,6,,2,2
10,63,4,8,2006,4,1,1,2,2,1,2,1,1,1,1,4,1,2,11,6,2,3,20,1,2
10,63,4,11,2006,2,,,2,2,4,1,2,2,1,,4,1,2,14,6,1,1,,2,2
10,63,4,9,2006,3,,,2,2,1,1,1,1,1,1,4,1,2,13,6,1,6,,1,2
8,63,4,6,2006,2,2,1,2,2,1,1,1,1,1,1,1,1,2,9,,1,1,35,1,2
8,63,4,7,2006,1,2,1,2,,1,1,1,1,1,1,1,1,1,14,6,1,1,,2,2
8,63,4,7,2006,1,,1,1,,1,2,1,1,1,1,1,1,2,10,6,1,1,31,2,2
8,63,4,8,2006,3,1,1,1,1,1,1,1,1,1,1,1,1,2,9,,1,1,,1,2
8,63,4,11,2006,3,3,8,2,2,1,1,1,1,1,1,1,1,2,9,6,1,1,45,2,1
8,63,3,10,2006,2,1,1,1,2,1,1,1,1,1,1,1,1,2,14,,1,1,35,1,2
8,63,4,10,2006,1,1,1,2,2,1,4,1,1,1,1,1,1,2,9,4,1,,,1,
8,63,4,11,2006,2,1,1,1,2,1,1,1,1,1,1,1,1,2,14,6,1,1,,2,2
8,63,3,11,2006,1,7,8,1,2,4,2,1,1,1,1,1,1,2,14,,1,7,,2,2
8,63,4,12,2006,2,1,1,2,2,1,1,1,1,1,2,1,,,8,6,1,7,,2,2
8,63,4,12,2006,3,7,3,1,2,1,1,1,1,1,1,1,1,,9,1,1,7,,2,1
13,63,4,10,2006,4,1,1,2,,1,4,1,1,1,1,1,1,2,4,,,,32,,
13,63,4,10,2006,4,3,1,1,2,1,4,1,1,1,1,1,1,2,8,6,1,,32,2,2
1,63,4,7,2006,4,,4,2,2,1,4,1,1,1,1,4,1,2,8,6,1,7,,2,2
1,63,4,10,2006,2,1,1,2,2,1,1,2,1,1,1,4,1,2,13,6,1,1,,2,2
9,63,3,6,2006,4,7,1,2,2,1,4,1,1,1,1,1,1,2,9,,,,,2,2
9,63,1,6,2006,4,7,1,2,2,1,2,1,1,1,1,1,1,2,14,6,1,1,,2,2
9,63,1,7,2006,2,7,1,2,2,1,1,1,1,1,1,1,1,2,9,6,1,7,,1,2
9,63,4,7,2006,4,1,1,2,2,1,2,1,1,1,1,1,1,2,8,6,1,7,,2,2
9,63,4,7,2006,2,1,1,2,2,1,1,1,1,1,1,1,1,2,9,2,1,1,,2,2
9,63,3,8,2006,2,1,1,2,2,1,1,1,1,1,1,1,1,2,9,2,1,1,,2,2
8,63,4,9,2006,1,7,1,2,2,1,2,1,1,1,1,1,1,2,6,6,1,1,,2,2
9,63,3,10,2006,1,1,1,2,2,1,4,1,1,1,1,4,1,2,14,6,1,,26,2,2
9,63,4,10,2006,3,1,8,2,2,1,1,1,1,1,1,1,1,2,9,6,1,7,,2,2
9,63,3,12,2006,3,7,1,2,2,1,1,1,1,1,1,1,1,2,9,1,1,1,50,2,2
4,63,4,6,2006,2,1,1,2,2,1,1,1,1,1,1,1,1,2,9,4,,1,35,1,2
4,63,4,8,2006,4,2,1,2,2,1,4,1,1,1,1,1,3,2,12,4,1,1,37,1,2
4,63,4,11,2006,2,1,1,2,1,1,1,1,1,1,1,1,1,2,8,4,1,,,1,2
3,58,4,1,2006,2,7,8,2,2,1,1,1,1,1,2,4,1,2,6,,,,,,
3,58,4,12,2006,2,7,8,2,2,1,1,1,1,1,1,4,1,2,9,11,,1,,,
7,58,4,1,2006,3,1,1,2,2,1,1,1,1,1,1,1,1,2,9,6,1,1,35,2,2
7,58,3,2,2006,2,1,1,2,2,4,2,1,1,1,1,1,1,2,14,,1,1,38,2,2
7,58,4,2,2006,2,1,1,2,2,1,1,1,1,1,1,1,1,2,8,6,1,1,40,2,2
7,58,3,3,2006,1,1,1,2,2,1,1,1,1,1,1,1,1,2,14,6,1,1,35,2,2
7,58,4,3,2006,1,1,1,2,2,1,1,1,1,1,1,1,1,2,15,6,1,1,,2,2
7,58,4,3,2006,3,1,1,2,2,1,1,1,1,1,1,1,1,2,9,6,1,1,,2,2
7,58,4,5,2006,1,1,1,2,2,1,4,1,1,1,1,1,1,2,12,6,1,1,,2,2
7,58,4,5,2006,2,3,1,2,2,1,1,1,1,1,1,1,1,2,9,6,1,1,,2,2
7,58,4,5,2006,1,1,1,2,2,1,2,1,1,1,1,1,1,2,14,6,1,1,,2,2
7,58,4,5,2006,3,1,1,2,2,1,1,1,1,1,1,1,1,2,9,6,1,1,,2,2
7,58,4,5,2006,1,1,1,2,2,1,2,1,1,1,1,1,1,2,12,6,1,1,,2,2
7,58,3,7,2006,3,3,1,2,2,1,1,2,1,1,1,1,1,2,7,2,1,1,,2,2
7,58,4,12,2006,2,1,1,2,2,1,1,1,1,1,1,1,1,2,9,6,1,1,,2,2
7,58,4,12,2006,4,1,1,2,2,1,4,1,1,1,1,1,1,2,9,6,1,1,,2,2
8,58,4,12,2006,2,1,3,1,2,1,1,1,1,1,1,4,1,2,13,6,1,1,,2,2
6,58,4,5,2006,1,3,1,2,,1,4,1,1,1,1,1,1,2,14,6,1,1,,2,2
6,58,4,5,2006,2,2,1,2,,1,1,1,1,1,1,1,1,2,12,6,1,1,,2,2
6,58,4,9,2006,2,2,4,2,2,1,1,1,1,1,1,1,1,1,13,6,1,1,38,2,2
6,58,4,11,2006,2,3,1,2,2,1,1,1,1,1,1,1,1,2,7,6,1,1,,2,2
6,58,4,11,2006,3,1,1,2,2,1,1,1,1,1,1,1,1,2,8,6,1,1,38,2,2
6,58,4,12,2006,3,1,1,2,1,1,1,1,1,1,1,1,1,2,19,6,1,1,,2,2
1,58,4,6,2006,2,1,1,2,2,2,1,1,1,1,1,1,1,1,9,6,1,1,,2,2
1,58,3,9,2006,2,1,1,2,2,1,1,1,1,1,1,1,1,1,9,6,1,1,,2,2
1,58,3,11,2006,4,5,4,2,1,1,4,2,1,1,1,4,1,1,9,2,1,1,52,2,2
1,58,4,10,2006,3,,2,2,2,1,1,1,1,1,1,4,1,2,9,5,1,1,42,2,2
4,58,4,5,2006,3,1,3,2,2,1,1,1,1,1,1,4,1,2,14,6,1,1,,2,2
2,58,4,2,2006,2,1,1,2,2,1,2,2,1,1,1,1,1,2,9,1,1,1,40,2,2
2,58,4,6,2006,,1,1,2,2,1,2,1,2,1,1,1,1,2,12,6,2,1,35,2,2
2,58,4,9,2006,4,1,1,2,2,1,4,1,1,1,1,1,1,1,9,6,1,1,30,1,2
1,58,4,11,2006,1,1,1,2,2,1,4,1,1,1,1,1,1,2,14,6,1,1,40,2,2
16,58,4,11,2006,,1,1,2,2,1,4,1,1,1,1,1,1,2,9,6,1,1,30,2,2
16,58,4,12,2006,2,1,1,2,2,1,1,1,1,1,1,4,1,2,14,6,1,1,38,2,2
1,57,4,6,2006,3,1,1,2,2,1,1,1,1,1,1,1,1,2,14,6,1,1,46,2,2
1,57,4,2,2006,3,1,1,2,2,1,1,1,1,1,1,1,1,2,4,6,1,1,,2,2
1,57,4,12,2006,2,1,1,2,2,1,1,1,1,1,1,1,1,2,9,6,1,1,,2,2
1,57,4,12,2006,3,1,8,2,2,1,1,1,1,1,1,1,1,2,9,6,1,1,,2,2
1,57,4,12,2006,3,1,1,2,2,1,1,1,1,1,1,4,1,2,9,6,1,1,,2,2
3,57,4,1,2006,2,1,1,2,2,1,1,1,1,1,1,4,1,2,14,6,1,1,,2,2
3,57,4,5,2006,2,1,1,2,2,1,1,1,1,1,1,4,2,2,9,6,1,1,,2,2
3,57,4,4,2006,4,3,3,2,2,1,2,1,1,1,1,4,,,9,6,1,1,,2,2
8,57,4,12,2006,,1,1,2,2,1,1,1,1,1,1,1,1,2,14,5,2,1,35,1,2
8,57,4,11,2006,3,7,1,2,2,1,1,1,1,1,1,1,1,2,9,6,,,,,
7,57,4,4,2006,3,7,8,2,2,1,1,3,1,3,2,4,3,2,5,11,1,7,,2,2
2,57,4,8,2006,4,3,1,2,2,4,4,1,2,1,1,4,,2,19,6,1,1,,2,2
2,57,4,11,2006,2,1,1,2,2,1,1,1,1,1,1,4,1,2,13,6,,3,50,,2
2,57,4,12,2006,4,1,1,2,2,4,4,2,1,1,1,4,,2,14,5,2,1,35,1,2
5,57,3,5,2006,3,1,1,1,2,1,1,1,1,1,1,4,1,2,6,9,,3,,1,2
6,60,4,3,2006,3,1,1,2,2,1,1,1,1,1,1,2,,1,15,6,1,7,22,1,2
1,60,4,2,2006,2,7,1,2,2,1,1,1,1,1,1,1,1,1,,,,,,,
1,60,4,4,2006,2,7,1,2,2,1,1,1,1,1,1,1,1,1,8,6,1,7,,1,
1,60,4,7,2006,3,7,1,2,2,1,1,1,1,1,1,2,1,2,8,6,1,1,35,1,2
1,60,3,7,2006,3,,4,1,2,1,1,1,1,1,1,2,1,1,14,1,1,2,,,
1,60,4,8,2006,3,,4,2,2,1,1,1,1,1,1,2,1,1,9,1,1,1,,,
7,60,4,6,2006,3,4,1,1,2,1,1,2,1,1,1,1,2,2,,,,,,,
3,60,4,4,2006,3,1,1,2,2,1,1,1,1,1,1,2,1,2,14,,,,,1,2
4,60,4,8,2006,3,7,3,1,,1,1,1,1,1,1,4,1,2,17,8,2,1,,2,1
4,60,4,12,2006,2,7,8,1,,1,1,1,1,1,1,4,1,2,11,11,1,7,,2,2
8,60,4,3,2006,4,7,1,2,2,1,4,1,1,1,1,4,1,2,12,6,1,7,29,2,2
8,60,4,8,2006,3,1,3,2,2,1,1,1,1,1,1,4,1,2,9,6,1,,,,2
5,60,4,11,2006,4,1,1,2,2,1,4,1,1,1,1,4,1,2,,,,,,,
3,62,4,12,2006,1,1,1,1,2,4,2,1,1,1,1,4,1,2,9,6,1,1,,,
3,61,4,12,2006,2,1,1,1,,1,1,1,1,1,1,4,,2,8,6,1,1,,,
3,62,2,10,2006,3,7,1,2,2,1,1,1,5,1,2,4,1,2,14,6,,,,2,2
3,62,1,10,2006,2,7,1,2,2,1,1,1,1,1,1,4,1,2,9,6,,1,,2,2
1,65,4,6,2006,1,1,1,2,2,1,4,1,1,1,1,1,1,2,,,,,,,
2,65,4,9,2006,2,7,1,2,2,1,1,1,1,1,1,2,1,2,11,11,1,,22,2,2
7,65,4,10,2006,2,3,1,2,2,1,2,1,1,1,1,1,1,2,11,2,1,7,,2,2
6,65,4,10,2006,4,7,1,2,2,1,4,5,1,1,1,1,1,2,11,6,,1,32,2,2
5,65,4,10,2006,1,1,1,2,2,1,1,1,1,1,1,1,1,2,7,6,1,1,,2,2
7,65,4,11,2006,3,7,8,2,2,1,1,2,5,1,1,1,,2,4,11,2,7,,2,2
4,65,4,12,2006,2,1,1,2,2,1,2,1,1,3,1,4,1,2,19,6,1,1,,1,2
4,59,4,7,2006,2,7,1,2,2,2,1,1,1,1,1,4,1,2,9,6,1,1,,2,2
4,59,4,8,2006,3,7,1,2,2,1,1,1,1,1,1,4,1,2,,,,,,,
2,59,4,8,2006,1,4,3,2,2,1,1,1,1,1,1,2,1,2,12,6,,,,,
2,59,4,9,2006,2,1,2,1,,1,1,1,1,1,1,4,1,2,12,6,1,1,22,2,2
1,59,4,11,2006,4,1,8,2,2,1,4,4,1,1,2,2,1,2,,,,,,,
8,66,4,7,2006,2,,,1,,1,1,1,1,1,1,4,1,2,,,,,,,
1,66,4,10,2006,3,7,1,2,2,1,1,1,1,1,1,4,1,2,9,6,1,1,40,2,2
2,66,4,12,2006,3,7,8,1,2,1,1,4,1,2,2,4,1,2,19,5,1,,,2,2
1,61,4,12,2006,3,1,3,2,,1,1,1,1,1,1,1,1,2,14,6,,,,1,
2,61,3,12,2006,1,1,1,2,2,1,4,1,1,1,1,1,1,2,14,6,1,1,36,1,2
4,61,4,12,2006,3,1,1,2,2,1,1,1,1,1,1,4,1,2,,,,,,,
4,61,4,12,2006,2,1,1,2,2,1,1,1,1,1,1,4,2,2,,,,,,,
1,61,4,11,2006,3,,,,,1,1,4,1,1,1,1,,2,5,6,2,7,60,,
1,61,4,11,2006,2,,3,,1,1,1,1,1,1,1,1,,,9,11,2,7,50,,
1,61,4,11,2006,2,7,1,2,2,1,1,1,1,1,1,1,1,1,7,6,1,7,55,2,1
1,61,4,11,2006,1,7,1,2,1,1,4,1,1,1,1,1,1,1,9,6,1,7,,2,2
1,61,4,8,2006,3,2,1,2,2,1,1,1,1,1,1,1,1,2,6,11,1,7,,1,2
3,61,4,9,2006,2,1,1,1,1,1,1,1,1,1,1,1,1,1,9,4,1,1,40,2,2
4,61,4,10,2006,2,1,1,2,2,1,1,1,1,1,1,4,1,2,12,6,1,1,40,2,2
1,68,3,8,2006,4,1,1,2,2,1,2,3,3,1,1,4,1,2,11,6,1,7,39,2,2
1,67,4,9,2006,3,7,4,2,2,1,1,1,1,1,1,1,1,1,5,4,1,,,1,2
1,67,4,12,2006,3,3,4,2,2,1,1,4,1,1,1,1,1,1,9,6,1,7,38,1,2
6,67,4,12,2006,4,1,1,2,2,1,4,2,1,1,1,4,2,2,8,6,,7,30,,
7,58,4,2,2006,2,1,1,2,2,1,1,1,1,1,1,1,1,2,9,6,1,1,50,2,2
7,58,3,6,2006,1,1,1,2,2,1,4,1,1,1,1,1,1,2,9,6,1,1,,2,2
7,58,4,7,2006,3,1,1,2,2,1,1,2,1,1,1,1,1,2,7,5,1,1,,2,2
2,58,3,3,2006,3,1,1,2,2,1,1,2,2,1,1,1,1,2,12,6,1,1,42,2,2
2,58,4,2,2006,4,1,1,2,2,1,4,2,1,1,1,1,1,1,9,4,1,1,42,2,2
12,58,4,1,2006,3,1,1,2,2,1,2,4,1,3,2,4,4,2,17,7,2,6,30,2,2
6,58,4,4,2006,2,1,1,2,2,1,1,1,1,1,1,1,1,2,19,6,1,1,,1,2
6,58,4,3,2006,2,1,1,2,2,1,1,1,1,1,1,1,1,2,12,6,1,1,,2,2
4,59,4,8,2006,2,3,1,2,2,1,1,1,1,1,1,1,1,2,9,6,1,6,36,2,2
7,59,3,8,2006,3,1,1,2,2,1,1,1,1,1,1,4,1,2,7,5,1,1,,2,2
1,59,4,1,2006,1,1,8,2,2,1,1,1,1,3,1,4,,,17,6,1,1,,2,2
4,59,4,3,2006,3,2,4,2,2,1,1,1,1,1,2,2,1,1,1,6,1,1,40,2,2
7,59,4,3,2006,2,1,1,2,2,1,1,1,1,1,1,4,1,2,9,6,1,7,,2,2
4,59,4,4,2006,2,1,1,2,2,1,1,1,1,1,1,2,1,2,17,6,2,7,,2,2
6,59,4,4,2006,1,2,1,2,2,1,1,1,1,3,3,3,1,2,7,6,2,1,22,2,2
3,62,4,12,2006,1,1,1,2,2,1,4,3,1,1,1,4,2,2,19,6,1,1,,2,2
3,62,1,10,2006,3,7,1,2,2,1,2,2,5,1,3,4,2,2,14,6,1,1,,2,2
1,62,4,7,2006,2,1,1,2,2,1,2,1,1,1,1,4,,2,19,6,1,1,,2,2
3,62,4,3,2006,3,1,1,2,2,1,1,2,1,1,1,2,1,2,9,6,1,1,,2,2
1,62,4,1,2006,2,1,1,2,2,2,1,1,1,1,1,1,1,2,14,5,1,1,,2,2
4,62,3,2,2006,3,1,1,2,2,1,1,1,1,1,1,2,1,2,8,6,1,1,,2,2
4,62,4,2,2006,3,1,1,2,2,1,1,2,1,1,1,4,1,2,7,6,1,1,,2,2
1,62,4,7,2006,4,1,1,2,1,4,4,1,1,1,1,4,1,2,6,6,1,1,27,2,2
1,62,4,7,2006,4,1,1,2,1,4,1,1,1,1,1,2,1,2,9,6,2,1,,2,2
1,62,4,4,2006,3,1,1,2,2,1,1,1,1,1,1,2,1,2,13,6,1,1,40,2,2
7,60,4,1,2006,1,1,1,2,2,1,1,2,1,1,1,2,1,2,12,1,1,1,30,2,2
6,60,4,5,2006,2,1,1,2,2,1,2,1,1,1,1,2,1,1,14,6,2,1,25,1,2
1,60,3,8,2006,2,1,4,2,2,1,1,1,1,1,1,4,1,2,7,6,1,1,,2,2
2,61,3,6,2006,3,1,1,2,2,1,1,1,1,1,1,1,1,2,14,6,1,1,,2,2
3,61,1,6,2006,2,1,1,2,2,1,1,1,1,1,1,1,1,2,9,5,1,1,,2,2
3,61,4,1,2006,2,1,1,2,2,1,1,1,1,1,1,1,1,2,8,6,1,1,,2,2
3,61,4,1,2006,4,,3,1,1,4,2,1,1,1,1,2,1,1,19,6,1,1,,2,2
2,61,4,5,2006,1,1,1,2,2,1,2,1,1,1,1,1,1,2,14,6,2,2,,2,2
4,61,4,10,2006,3,1,1,2,2,1,1,1,1,1,2,1,1,2,14,6,1,6,,2,2
3,61,4,9,2006,3,1,1,2,2,1,1,1,1,1,1,4,1,2,17,6,1,1,,2,2
2,61,3,12,2006,1,1,1,2,2,1,4,1,1,1,1,1,1,2,14,6,1,1,36,1,2
1,61,4,8,2006,1,1,1,2,1,1,2,1,1,1,1,5,1,1,19,6,1,1,,2,2
6,61,3,8,2006,3,1,1,2,2,1,1,1,1,1,1,1,1,2,9,6,1,1,30,2,2
1,61,4,8,2006,1,1,3,2,2,1,2,1,1,1,1,5,1,1,19,6,1,1,,2,2
1,62,4,8,2006,3,1,1,2,2,1,1,1,1,1,1,2,1,2,6,11,1,6,30,2,2
3,62,3,8,2006,1,1,1,2,2,1,2,1,1,1,2,1,1,2,9,6,1,1,,2,2
5,65,4,4,2006,4,4,3,2,1,3,3,2,1,2,2,1,1,2,14,6,1,1,30,1,1
7,65,4,10,2006,2,3,1,2,2,1,1,3,1,1,1,3,1,,11,6,1,1,35,2,2
1,65,3,1,2006,4,1,1,2,2,1,4,1,1,1,1,1,1,,19,6,1,1,18,2,2
1,65,4,9,2006,1,1,2,2,2,1,1,1,1,1,1,4,1,1,7,6,1,1,,2,2
1,65,4,9,2006,3,1,1,2,2,2,1,1,2,1,1,1,1,2,12,6,1,7,,2,2
2,65,3,9,2006,4,6,8,2,2,1,3,1,1,1,1,1,1,2,7,6,1,1,,2,2
2,65,4,8,2006,2,7,8,2,2,1,2,1,1,1,1,4,1,2,13,6,1,1,39,2,2
3,68,4,8,2006,3,1,2,2,2,2,1,1,3,3,2,3,3,,14,6,1,7,,2,2
1,67,3,3,2006,1,3,4,2,2,1,4,2,1,1,1,1,1,1,5,3,1,1,18,2,2
4,67,3,2,2006,2,1,5,2,2,1,2,2,1,1,1,1,4,2,11,2,1,1,25,2,2
2,67,4,1,2006,3,1,1,2,2,1,1,4,1,1,1,4,1,2,13,6,1,1,,2,2
4,67,3,9,2006,2,1,1,2,2,2,1,2,2,1,2,4,1,2,10,6,1,,,2,2
7,65,4,11,2006,3,1,1,2,2,1,1,3,1,1,1,4,4,2,8,6,1,1,,2,2
7,67,4,12,2006,4,1,1,2,2,1,4,2,1,1,1,4,2,2,8,6,1,1,30,2,2
1,67,1,6,2006,3,1,1,2,2,2,1,1,2,1,1,2,1,2,9,6,2,6,,1,2
2,66,2,1,2006,4,1,1,2,2,1,4,1,1,2,1,4,4,1,14,6,1,1,36,2,2
8,66,3,5,2006,3,1,1,2,2,1,1,4,2,3,3,4,1,2,11,6,1,1,28,2,2
7,6,3,5,2006,4,1,1,2,2,1,1,4,1,1,1,2,1,2,17,6,1,6,25,2,2
9,66,4,8,2006,2,1,2,2,2,1,2,4,1,1,1,4,1,2,11,2,2,3,,2,2
9,66,3,8,2006,3,1,1,2,2,1,1,3,1,1,1,2,1,2,9,2,2,7,,1,2
8,66,3,8,2006,2,1,1,2,2,1,2,1,1,1,1,4,1,2,11,6,1,6,,2,2
1,66,4,12,2006,2,7,1,2,2,1,1,3,1,2,2,4,3,2,12,6,1,2,27,2,2
8,63,4,1,2006,1,1,1,2,2,1,1,1,1,1,1,1,1,1,13,6,1,1,23,2,2
7,63,4,1,2006,2,1,1,2,2,1,1,2,1,1,1,1,1,2,9,6,1,1,,2,2
1,63,3,3,2006,3,1,1,2,2,1,1,1,1,1,1,2,1,2,8,6,1,1,,2,2
14,63,4,3,2006,1,1,1,2,2,1,4,1,1,1,1,1,,,14,6,1,1,,1,2
9,63,3,6,2006,4,1,1,2,2,1,1,1,1,2,2,,1,2,11,6,1,1,,2,2
9,63,4,7,2006,3,1,1,2,2,1,1,1,,1,,1,1,1,6,6,1,1,,2,2
6,63,4,7,2006,3,1,1,2,2,1,1,1,1,1,1,1,1,2,6,6,1,1,,2,1
11,63,4,6,2006,1,1,1,2,2,1,4,1,1,1,1,4,1,2,6,6,1,7,,2,2
1,63,4,8,2006,2,1,1,2,2,1,1,1,1,1,1,4,1,2,11,6,1,1,35,2,2
11,63,4,8,2006,4,1,1,2,2,2,2,2,3,1,2,4,4,2,14,1,1,1,,2,2
3,63,4,8,2006,1,1,1,2,2,1,1,1,1,1,1,5,1,1,19,6,1,1,,2,2
14,63,1,5,2006,3,1,1,2,2,2,1,1,2,1,1,1,2,2,9,2,1,3,,2,2
14,63,4,4,2006,1,1,1,2,2,1,2,1,1,1,1,1,1,2,14,6,1,3,,2,2
1,57,4,1,2006,3,3,4,2,2,1,1,2,1,1,1,1,1,1,9,2,1,1,24,2,2
1,57,4,1,2006,3,2,4,2,2,1,1,1,1,1,1,1,1,1,14,6,1,1,35,2,2
1,47,3,1,2006,3,1,1,2,2,1,1,1,1,1,1,3,3,2,9,6,1,1,18,2,2
2,47,4,1,2006,1,1,1,2,2,4,4,1,1,1,1,1,1,2,19,6,1,1,,2,2
7,47,4,1,2006,3,1,1,2,2,1,1,1,1,1,1,1,1,2,14,6,1,1,35,2,2
9,47,4,1,2006,1,1,1,2,2,4,4,1,1,1,1,1,1,2,9,6,1,1,,2,2
9,47,4,1,2006,3,1,1,2,2,1,1,1,1,1,1,1,1,2,9,6,1,1,,2,2
12,47,4,1,2006,2,1,1,2,2,1,1,1,1,1,1,1,1,2,9,6,1,1,,2,2
12,47,3,1,2006,1,1,1,2,2,4,4,1,1,1,1,1,1,2,9,5,1,1,,2,2
12,47,3,1,2006,3,1,1,2,2,1,1,1,1,1,1,1,1,2,7,6,1,1,24,2,2
1,47,4,2,2006,1,1,1,2,2,1,4,1,1,1,1,1,1,2,19,6,1,1,,2,2
1,47,4,2,2006,3,1,1,2,2,1,1,1,1,1,1,1,1,2,9,6,1,1,,2,2
3,47,4,2,2006,1,1,1,2,2,1,4,1,1,3,2,3,1,2,14,6,1,1,38,2,2
9,47,4,2,2006,2,1,1,2,2,1,1,1,1,1,1,1,1,2,14,6,1,1,,2,2
12,47,4,2,2006,2,1,1,1,1,1,1,1,1,1,1,1,2,2,9,6,1,5,,2,2
13,47,4,2,2006,3,1,1,2,2,1,1,1,1,1,1,1,1,2,14,6,1,1,30,2,2
4,35,4,4,2006,2,1,1,2,2,1,1,1,1,1,1,3,1,2,4,6,1,1,,2,2
1,44,4,1,2006,4,1,1,2,2,1,2,1,1,1,1,5,1,1,14,6,1,1,,2,2
6,37,4,6,2006,3,3,1,2,2,1,1,1,1,1,1,3,1,2,6,6,1,1,,2,2
5,37,3,5,2006,3,1,1,2,2,1,1,1,1,1,1,3,1,2,,,1,1,,2,2
2,37,4,4,2006,2,1,1,2,2,1,1,1,1,1,1,3,1,2,14,6,1,3,,2,2
6,51,4,1,2006,3,1,8,2,2,1,1,1,1,3,2,3,1,2,19,6,1,1,28,2,2
6,51,3,1,2006,2,1,1,2,2,1,1,1,1,1,1,3,1,2,6,6,1,6,45,2,2
3,51,4,1,2006,3,1,1,2,2,1,1,1,1,1,1,2,1,2,9,6,1,1,27,2,2
3,51,4,1,2006,2,1,1,2,2,1,1,1,1,1,1,2,1,2,9,6,1,1,,2,2
9,51,4,2,2006,2,1,1,2,2,1,1,1,1,1,1,2,1,2,17,6,1,7,,2,2
9,51,4,2,2006,3,1,1,2,2,1,1,1,1,1,1,2,1,1,9,6,1,1,,2,2