Thana,District,Accident_Severity,Month,Year,Time,Junction_Type,Traffic_Control,Movement,Divider,Weather,Light,Road_Geometry,Surface_Condition,Surface_Type,Surface_Quality,Road_Class,Road_Feature,Location_Type,Vehicle_Type,Vehicle_Movement,Vehicle_Loading,Vehicle_Defect,Vehicle_Driver_Age,Vehicle_Alcohol,Vehicle_Seat_Belt
9,51,3,3,2006,3,1,1,2,2,1,1,1,1,1,1,2,1,2,1,6,1,1,,2,2
9,51,4,3,2006,3,1,1,2,2,1,1,1,1,1,1,2,1,2,9,6,1,1,,2,2
8,51,4,3,2006,3,1,1,2,2,1,1,1,1,1,1,2,1,2,8,6,1,1,30,2,2
7,51,3,5,2006,1,1,1,2,2,1,4,1,1,1,1,3,1,1,12,6,1,1,,2,2
1,49,4,1,2006,3,1,1,2,2,1,1,1,1,1,1,2,1,2,5,6,1,1,,2,2
1,49,3,2,2006,2,1,1,2,2,1,1,1,1,1,1,5,1,2,4,6,1,1,,2,2
5,49,4,2,2006,3,1,1,2,2,1,1,1,1,1,1,3,1,1,9,6,2,1,,2,2
10,52,4,1,2006,2,1,1,2,2,1,1,1,1,1,1,3,1,1,9,6,1,1,24,2,2
2,52,4,1,2006,2,1,1,2,2,1,1,1,1,1,1,3,1,2,9,6,1,1,,2,2
5,52,4,2,2006,3,1,1,2,2,1,1,1,1,1,1,3,1,1,6,6,1,1,27,2,2
9,52,4,2,2006,3,1,1,2,2,1,1,1,1,1,1,3,1,1,17,6,2,1,40,2,2
10,52,3,3,2006,2,1,1,2,2,1,1,1,1,1,1,3,1,1,8,6,1,1,35,2,2
1,52,3,4,2006,4,1,1,2,2,1,1,1,1,1,1,2,1,1,8,2,1,1,30,2,2
1,52,3,4,2006,2,1,1,2,2,1,1,1,1,1,1,2,1,1,9,6,1,1,38,2,2
5,49,4,3,2006,3,1,1,2,2,1,1,1,1,1,1,3,1,1,4,6,1,1,,2,2
2,49,4,3,2006,3,1,1,2,2,1,1,1,1,1,1,3,1,1,19,6,1,1,,2,2
4,49,4,3,2006,3,1,1,2,2,1,1,1,1,1,1,3,3,2,9,6,1,1,27,2,2
1,49,2,4,2006,2,1,1,2,2,1,1,1,1,1,1,3,1,1,12,6,1,1,40,2,2
1,49,3,4,2006,3,1,1,2,2,1,1,1,1,1,1,5,1,1,1,6,1,1,,2,2
1,49,3,5,2006,3,1,1,2,2,1,1,1,1,1,1,2,1,1,1,6,1,1,,2,2
1,49,2,5,2006,3,1,1,2,2,1,1,1,1,1,1,2,1,1,19,6,1,1,,2,2
1,49,3,6,2006,4,1,1,2,2,1,1,1,1,1,1,3,1,2,14,6,1,1,45,2,2
5,49,4,7,2006,3,1,1,2,2,1,1,1,1,1,1,3,1,1,14,6,1,1,,2,2
8,52,1,5,2006,4,1,1,2,2,1,3,1,1,1,1,3,1,2,14,6,1,1,28,2,2
1,52,4,5,2006,3,1,1,2,2,1,1,1,1,1,1,3,1,2,9,6,1,1,35,2,2
10,52,4,6,2006,3,1,1,2,2,1,1,1,1,1,1,2,1,2,9,2,1,1,30,2,2
1,52,3,6,2006,3,1,1,2,2,1,1,1,1,1,1,2,1,2,9,6,1,1,30,2,2
3,38,3,1,2006,4,1,1,2,2,1,4,1,1,1,1,1,1,2,10,6,1,1,37,2,2
7,38,4,1,2006,3,1,1,2,2,1,1,1,1,1,1,1,1,2,9,6,1,1,,1,2
5,35,4,6,2006,2,1,1,2,2,1,1,1,1,1,1,3,1,2,14,6,1,1,,2,2
4,35,4,6,2006,3,1,1,2,2,1,1,1,1,1,1,1,1,2,1,6,1,1,18,2,2
2,35,3,6,2006,2,1,1,2,2,1,1,1,1,1,1,3,1,2,1,6,1,1,32,2,2
2,35,3,7,2006,4,1,1,2,2,1,1,1,1,1,1,3,1,2,4,6,1,1,26,2,2
4,35,4,7,2006,3,1,1,2,2,1,1,1,1,1,1,3,1,2,1,6,1,1,34,2,2
3,35,3,7,2006,2,1,1,2,2,1,1,1,1,1,1,3,1,2,9,6,1,1,,2,2
1,39,4,1,2006,3,4,1,2,2,1,1,1,1,1,1,3,1,2,9,6,1,1,41,2,2
1,39,4,4,2006,3,2,1,2,2,1,1,1,1,1,1,3,1,2,9,6,1,1,,2,2
1,39,4,4,2006,4,2,1,2,2,1,4,1,1,1,1,3,1,2,9,6,1,1,,2,2
4,39,4,5,2006,4,1,1,2,2,1,2,1,1,1,1,3,1,2,4,6,1,1,,2,2
4,48,4,1,2006,3,1,1,2,2,1,1,1,1,1,1,3,1,2,9,6,1,1,28,2,2
1,48,4,3,2006,2,1,1,2,2,1,1,1,1,1,1,1,1,2,4,6,1,1,,2,2
7,48,4,4,2006,3,1,1,2,2,1,1,1,1,1,1,3,1,2,8,6,1,1,45,2,2
7,48,4,4,2006,2,1,1,2,2,1,1,1,1,1,1,3,1,2,14,6,1,1,40,2,2
1,37,4,1,2006,,1,1,2,2,1,1,1,1,1,1,3,1,2,9,6,1,1,,2,2
3,37,4,2,2006,2,1,1,2,2,1,1,1,1,1,1,3,1,2,4,6,1,1,30,2,2
4,37,4,7,2006,2,1,1,2,2,1,1,1,1,1,1,3,1,2,4,6,1,1,27,2,2
4,52,4,6,2006,3,1,1,2,2,1,1,1,1,1,1,3,1,2,12,6,1,1,,2,2
3,36,4,1,2006,3,1,1,2,2,1,1,1,1,1,1,3,1,2,14,6,1,1,,2,2
3,36,4,1,2006,3,1,1,2,2,1,1,1,1,1,1,3,1,2,7,6,1,1,,2,2
1,36,1,1,2006,3,1,1,2,2,1,1,1,1,1,1,3,1,2,8,6,1,1,,2,2
3,36,4,1,2006,3,1,1,2,2,1,1,1,1,1,1,3,1,2,9,6,1,1,,2,2
3,36,4,1,2006,4,1,1,2,2,1,4,1,1,1,1,3,1,2,14,6,1,1,,2,2
3,36,4,2,2006,2,1,1,2,2,1,1,1,1,1,1,3,1,2,9,6,1,1,,2,2
3,36,4,2,2006,2,1,1,2,2,1,1,1,1,1,1,3,1,2,9,6,1,1,,2,2
3,36,4,2,2006,2,1,1,2,2,1,1,1,1,1,1,3,1,2,9,6,1,1,,2,2
3,36,1,4,2006,4,1,1,2,2,2,4,1,2,1,1,3,1,2,9,6,1,3,,2,2
1,36,4,4,2006,3,1,1,2,2,1,1,1,1,1,1,2,1,2,8,6,1,1,,2,2
1,36,4,4,2006,,1,1,2,2,1,1,1,1,1,1,2,1,2,,6,1,1,,2,2
3,36,4,5,2006,2,1,1,2,2,1,1,1,1,1,1,3,1,2,9,6,1,1,,2,2
1,46,4,1,2006,2,1,1,2,2,1,1,1,1,1,1,1,1,2,9,6,1,1,,2,2
1,46,3,1,2006,1,1,1,2,2,4,2,1,2,1,1,1,1,2,14,6,1,1,,2,2
1,46,4,1,2006,2,1,1,2,2,1,1,1,1,1,1,1,1,2,9,6,1,1,,2,2
1,46,4,1,2006,2,1,1,2,2,1,1,1,1,1,1,1,1,2,9,6,1,1,,2,2
6,46,4,1,2006,3,1,1,2,2,1,1,1,1,1,1,1,1,2,10,6,1,1,,2,2
1,46,4,1,2006,2,1,1,2,2,1,1,1,1,1,1,1,1,2,11,6,1,1,,2,2
6,46,4,1,2006,3,1,1,2,2,1,1,1,1,1,1,1,1,2,14,6,1,1,35,2,2
1,46,4,2,2006,4,2,1,2,2,1,2,1,1,1,1,1,1,2,9,6,1,1,,2,2
1,46,4,2,2006,3,1,1,2,2,1,1,1,1,1,3,1,1,2,9,6,1,1,,2,2
1,46,4,2,2006,3,1,1,2,2,1,1,1,1,1,1,1,1,2,9,6,1,1,,2,2
1,46,3,2,2006,4,1,1,2,2,1,1,1,1,1,1,1,1,2,10,6,1,1,,2,2
1,46,3,2,2006,2,1,1,2,2,1,1,1,1,1,1,1,1,2,7,6,1,1,,2,2
6,46,4,2,2006,2,1,1,2,2,1,1,1,1,1,1,1,1,2,8,6,1,1,,2,2
4,46,4,3,2006,2,1,1,2,2,1,1,1,1,1,1,3,1,2,9,6,1,1,,2,2
6,46,4,3,2006,3,1,1,2,2,1,1,1,1,1,1,1,1,2,9,6,1,1,,2,2
1,46,4,3,2006,1,1,1,2,2,1,2,1,1,1,1,1,1,2,14,6,1,1,,2,2
1,46,4,3,2006,2,1,1,2,2,1,1,1,1,1,1,1,1,2,14,6,1,1,,2,2
6,46,4,3,2006,3,1,1,2,2,1,1,1,1,1,1,1,1,2,9,6,1,1,,2,2
1,46,4,3,2006,2,1,1,2,2,1,1,1,1,1,1,1,1,2,9,6,1,1,,2,2
6,46,4,4,2006,4,1,1,2,2,1,1,1,1,1,1,1,1,2,9,6,1,1,,2,2
1,46,3,4,2006,2,1,1,2,2,1,1,1,1,1,1,3,1,2,14,6,1,1,,2,2
6,46,2,4,2006,3,1,1,2,2,1,1,1,1,1,1,1,1,2,8,6,1,1,35,2,2
1,46,3,4,2006,4,1,1,2,2,1,4,1,1,1,1,1,1,2,9,6,1,1,,2,2
1,46,4,4,2006,3,1,1,2,2,1,1,1,1,1,1,1,1,2,9,6,1,1,,2,2
1,46,4,5,2006,2,1,1,2,2,1,1,1,1,1,1,1,1,2,14,6,1,1,35,2,2
1,46,4,5,2006,2,1,1,2,2,1,1,1,1,1,1,1,1,2,14,6,1,1,,2,2
1,46,4,5,2006,3,1,1,2,2,1,1,1,1,1,1,1,1,2,9,6,1,1,,2,2
1,46,3,5,2006,2,1,1,2,2,1,1,1,1,1,1,1,1,2,9,6,1,1,,2,2
1,46,4,6,2006,4,1,1,2,2,1,1,1,1,1,1,1,1,2,14,6,1,1,,2,2
1,46,4,6,2006,4,1,1,2,2,1,1,1,1,1,1,1,1,2,12,6,1,1,,2,2
7,41,3,1,2006,2,1,1,2,2,1,1,1,1,1,1,2,1,2,9,6,1,1,,2,2
6,41,4,1,2006,3,1,1,2,2,1,1,1,1,1,1,1,1,2,12,6,1,1,,2,2
7,41,4,1,2006,4,1,1,2,1,1,3,1,1,1,1,1,1,2,9,6,1,1,40,2,2
3,41,4,1,2006,2,1,1,2,2,1,1,1,1,1,1,4,1,2,,6,1,1,,2,2
7,41,4,1,2006,3,1,1,2,2,1,1,1,1,1,1,2,1,2,9,6,1,1,35,2,2
1,39,4,7,2006,3,1,1,2,2,2,1,1,2,1,1,3,1,2,12,6,1,1,40,2,2
3,39,4,7,2006,2,1,1,2,2,1,1,1,1,1,1,1,1,2,14,6,1,1,35,2,2
3,39,4,7,2006,3,3,1,2,2,1,1,1,1,1,1,2,1,2,13,6,1,1,,2,2
3,39,4,7,2006,3,1,1,2,2,1,1,1,1,1,1,1,1,2,9,6,1,1,,1,2
4,39,4,7,2006,2,1,1,2,2,1,1,1,1,1,1,3,1,2,9,6,1,1,,2,2
1,39,4,8,2006,1,1,1,2,2,1,4,1,1,1,1,1,1,2,,6,1,1,,2,2
3,39,4,8,2006,3,1,1,2,2,1,1,1,1,1,1,1,1,2,9,6,1,1,,2,2
4,39,4,8,2006,3,1,1,2,2,1,1,2,1,1,1,2,1,2,9,2,1,1,36,2,2
3,39,4,8,2006,3,1,1,2,2,1,1,1,1,1,1,3,1,2,9,6,1,1,46,2,2
1,39,4,9,2006,2,1,1,2,2,1,1,1,1,1,1,1,1,2,16,6,1,1,45,2,2
1,39,4,9,2006,3,1,1,2,2,1,1,1,1,1,1,3,1,2,12,6,1,1,35,1,2
1,52,4,7,2006,3,1,1,2,2,1,1,1,1,1,1,2,1,2,13,6,1,1,,2,2
10,52,4,7,2006,3,1,1,2,2,1,1,1,1,1,1,3,1,2,14,6,1,1,,2,2
1,52,4,7,2006,2,1,1,2,2,1,1,1,1,1,1,2,1,2,8,6,1,1,26,2,2
10,52,4,8,2006,3,1,1,2,2,1,1,1,1,1,1,3,1,2,1,9,1,1,,2,2
3,44,4,1,2006,1,1,1,2,2,1,4,1,1,1,1,1,1,2,,6,1,1,,2,2
7,44,4,1,2006,4,1,1,2,2,1,4,1,1,1,1,1,1,2,9,6,1,1,,2,2
4,44,4,1,2006,3,1,1,2,2,1,1,1,1,1,1,2,1,2,9,6,1,1,,2,2
3,44,4,1,2006,1,1,1,2,2,1,3,1,1,1,1,1,1,1,9,6,1,1,,2,2
6,44,4,1,2006,2,1,1,2,2,1,1,1,1,1,1,1,1,2,12,6,1,1,,2,2
6,44,4,1,2006,1,1,1,2,2,1,3,1,1,1,1,1,1,1,9,6,1,1,,2,2
3,44,4,1,2006,3,1,1,2,2,1,1,1,1,1,1,1,1,2,14,6,1,1,,2,2
6,44,4,1,2006,2,1,1,2,2,1,1,1,1,1,1,5,1,1,15,6,1,1,,2,2
6,44,4,2,2006,4,1,1,2,2,1,3,1,1,1,1,1,1,1,14,6,1,1,,2,2
7,44,4,2,2006,2,1,1,2,2,1,1,1,1,1,1,1,1,1,9,6,1,1,40,2,2
4,44,4,2,2006,3,1,1,2,2,1,1,1,1,1,1,2,1,2,9,6,1,1,35,2,2
6,44,4,2,2006,2,1,1,2,2,1,2,1,1,1,1,1,1,2,,6,1,1,,2,2
5,44,4,2,2006,1,1,1,2,2,1,4,1,1,1,1,1,1,2,14,6,1,1,,2,2
2,44,4,2,2006,3,1,1,2,2,1,1,1,1,1,1,1,1,2,14,6,1,1,,2,2
4,44,4,3,2006,2,1,1,2,2,1,1,1,1,1,1,2,1,2,10,6,1,1,,2,2
7,44,4,3,2006,4,1,1,2,2,1,3,1,1,1,1,1,1,2,,6,1,1,,2,2
6,44,4,3,2006,3,1,1,2,2,1,1,1,1,1,1,1,1,2,14,6,1,1,35,2,2
6,44,4,3,2006,2,1,1,2,2,1,1,1,1,1,1,1,1,2,8,6,1,1,,2,2
5,44,4,3,2006,2,1,1,2,2,1,1,1,1,1,1,1,1,2,14,6,1,1,,2,2
2,44,4,4,2006,3,1,1,2,2,1,1,1,1,1,1,3,1,2,14,6,1,1,,2,2
7,44,3,4,2006,2,1,1,2,2,1,2,1,1,1,1,1,1,2,7,6,1,1,35,2,2
7,44,4,4,2006,1,1,1,2,2,1,2,1,1,1,1,1,1,2,9,6,1,1,,2,2
4,44,4,4,2006,4,1,1,2,2,1,4,1,1,1,1,2,1,2,8,6,1,1,,2,2
6,44,4,4,2006,4,1,1,2,2,1,4,1,1,1,1,1,1,2,14,6,1,1,,2,2
1,44,4,4,2006,4,1,1,2,2,1,4,1,1,1,1,2,1,2,14,1,1,1,41,2,2
6,44,4,4,2006,1,1,1,2,2,1,3,1,1,1,1,1,1,2,,6,1,1,,2,2
2,44,4,4,2006,3,1,1,2,2,1,1,1,1,1,1,1,1,2,,6,1,1,,2,2
1,44,3,4,2006,2,1,1,2,2,1,1,1,1,1,1,5,1,1,13,6,1,1,18,2,2
5,44,4,4,2006,4,1,1,2,2,1,4,1,1,1,1,1,1,2,,6,1,1,32,2,2
2,44,4,4,2006,3,1,1,2,2,1,1,1,1,1,1,1,1,2,9,6,1,1,,2,2
7,44,4,3,2006,4,1,1,2,2,1,4,1,1,1,1,1,1,2,,6,1,1,,2,2
2,44,4,5,2006,3,1,1,2,2,1,1,1,1,1,1,1,1,2,14,6,1,1,,2,2
2,44,4,5,2006,2,1,1,2,2,1,1,1,1,1,1,1,1,2,9,6,1,1,,2,2
3,44,4,5,2006,3,1,1,2,2,1,1,1,1,1,1,1,1,2,12,6,1,1,30,2,2
6,44,4,5,2006,3,1,1,2,2,1,1,1,1,1,1,1,1,2,9,6,1,1,30,2,2
6,44,4,5,2006,2,1,1,2,2,1,1,1,1,1,1,2,1,2,,6,1,1,,2,2
4,44,4,5,2006,4,1,1,2,2,1,3,1,1,1,1,3,1,2,13,1,1,1,,2,2
1,44,4,5,2006,2,1,1,2,2,1,1,1,1,1,1,5,1,1,9,1,1,1,28,2,2
4,44,4,5,2006,2,1,1,2,2,1,1,1,1,1,1,2,1,2,14,6,1,1,,2,2
6,44,4,5,2006,2,1,1,2,2,1,1,1,1,1,1,2,1,2,5,6,1,1,28,2,2
4,44,4,6,2006,3,1,1,2,2,1,1,1,1,1,1,2,1,2,13,6,1,1,,2,2
4,44,4,6,2006,1,1,1,2,2,1,4,1,1,1,1,3,1,2,10,6,1,1,22,2,2
3,44,4,6,2006,4,1,1,2,2,1,3,1,1,1,1,1,1,2,9,6,1,1,32,2,2
4,44,4,6,2006,3,1,1,2,2,1,1,1,1,1,1,3,1,2,8,3,1,1,,2,2
6,44,4,6,2006,1,1,1,2,2,1,2,1,1,1,1,1,1,2,14,6,1,1,,2,2
6,44,4,6,2006,2,1,1,2,2,1,1,1,1,1,1,1,1,2,9,6,1,1,,2,2
6,44,4,6,2006,2,1,1,2,2,1,1,1,1,1,1,1,1,2,8,6,1,1,,2,2
6,44,4,6,2006,3,1,1,2,2,1,1,1,1,1,1,1,1,2,9,6,1,1,,2,2
7,44,4,6,2006,4,1,1,2,2,1,4,1,1,1,1,1,1,2,9,6,1,1,38,2,2
7,44,4,6,2006,2,1,1,2,2,1,1,1,1,1,1,1,1,2,9,6,1,1,,2,2
7,44,4,6,2006,1,1,1,2,2,1,4,1,1,1,1,1,1,2,14,6,1,1,,2,2
5,44,4,6,2006,2,1,1,2,2,1,1,1,1,1,1,1,1,2,13,6,1,1,,2,2
1,46,4,6,2006,3,1,1,2,2,1,1,1,1,1,1,1,1,2,9,6,1,1,,2,2
6,46,4,6,2006,4,1,1,2,2,1,4,1,1,1,1,1,1,2,9,6,1,1,29,2,2
1,46,4,6,2006,3,1,1,2,2,1,1,1,1,1,1,1,1,2,9,6,1,1,,2,1
6,46,4,6,2006,1,1,1,2,2,1,4,1,1,1,1,1,1,2,14,6,1,1,,2,1
6,46,4,6,2006,3,1,1,2,2,1,1,1,1,1,1,3,1,2,8,1,1,1,35,2,2
6,46,3,7,2006,4,1,1,2,2,1,1,1,1,1,1,3,1,2,9,6,1,1,,2,1
4,45,4,1,2006,3,1,1,2,2,1,1,1,1,1,1,3,1,2,10,6,1,1,,2,2
1,45,4,1,2006,1,1,1,2,2,1,2,1,1,1,1,3,1,2,,6,1,1,,2,2
6,45,4,1,2006,4,1,1,2,2,1,4,1,1,1,1,1,1,2,9,6,1,1,38,2,2
1,45,3,1,2006,2,1,1,2,2,1,1,1,1,1,1,1,1,2,10,6,1,1,,2,2
4,45,4,1,2006,3,1,1,2,2,1,1,1,1,1,1,3,1,2,9,6,1,1,,2,2
6,45,4,1,2006,2,1,1,2,2,1,4,1,1,1,1,3,1,2,9,6,1,1,31,2,2
6,45,4,1,2006,3,1,1,2,2,1,1,1,1,1,1,1,1,2,14,6,1,1,,2,2
1,45,3,1,2006,3,1,1,2,2,1,1,1,1,1,1,1,1,2,13,6,1,1,23,2,2
4,45,4,2,2006,3,1,1,2,2,1,1,1,1,1,1,3,1,2,,6,1,1,,2,2
6,45,4,2,2006,4,1,1,2,2,1,1,1,1,1,1,3,1,2,9,6,1,1,34,2,2
6,45,4,2,2006,2,1,1,2,2,1,1,1,1,1,1,1,1,2,9,6,1,1,38,2,2
6,45,4,2,2006,3,1,1,2,2,1,1,1,1,1,1,1,1,2,14,6,1,1,33,2,2
6,45,4,3,2006,2,1,1,2,2,1,2,1,1,1,1,1,1,2,14,6,1,1,,2,2
2,45,3,3,2006,2,1,1,2,2,1,1,1,1,1,1,1,1,2,9,6,1,1,37,2,2
9,45,4,3,2006,2,1,1,2,2,1,1,1,1,1,1,1,1,2,14,6,1,1,31,2,2
6,45,4,3,2006,3,1,1,2,2,1,1,1,1,1,1,4,1,2,9,6,1,1,30,2,2
1,45,3,3,2006,4,1,1,2,2,1,4,1,1,1,1,1,1,2,9,6,1,1,,2,2
6,45,4,3,2006,1,1,1,2,2,1,2,1,1,1,1,1,1,2,9,6,1,1,38,2,2
1,45,3,3,2006,2,1,1,2,2,1,2,1,1,1,1,1,1,2,12,6,1,1,,2,2
6,45,4,4,2006,4,1,1,2,2,1,4,1,1,1,1,3,1,2,9,5,1,1,,2,2
6,45,4,4,2006,3,1,1,2,2,1,1,1,1,1,1,1,1,2,14,6,1,1,35,2,2
2,45,4,4,2006,2,1,1,2,2,1,1,1,1,1,1,1,1,2,9,6,1,1,,2,2
6,45,4,4,2006,2,1,1,2,2,1,1,1,1,1,1,1,1,2,14,6,1,1,37,2,2
1,45,3,4,2006,4,1,1,2,2,1,4,1,1,1,1,1,1,2,9,6,1,1,38,2,2
1,45,4,4,2006,1,1,1,2,2,1,2,1,1,1,1,1,1,2,14,6,1,1,34,2,2
6,45,4,5,2006,4,1,1,2,2,1,4,1,1,1,1,1,1,2,7,6,1,1,39,2,2
2,45,3,5,2006,4,1,1,2,2,1,4,1,1,1,1,1,1,2,10,6,1,1,37,2,2
1,45,4,5,2006,3,1,1,2,2,1,1,1,1,1,1,1,1,2,10,6,1,1,,2,2
1,45,4,5,2006,3,1,1,2,2,1,1,1,1,1,1,1,1,2,9,1,1,1,,2,2
4,45,4,6,2006,4,1,1,2,2,1,3,1,1,1,1,2,1,2,19,11,1,1,,2,2
1,45,4,6,2006,2,1,1,2,2,1,1,1,1,1,1,1,1,2,8,6,1,1,38,2,2
6,45,4,6,2006,3,1,1,2,2,1,1,1,1,1,1,1,1,2,14,6,1,1,40,2,2
1,45,4,6,2006,2,1,1,2,2,1,1,1,1,1,1,1,1,2,14,6,1,1,39,2,2
1,45,4,7,2006,2,1,1,2,2,1,1,1,1,1,1,1,1,2,9,6,1,1,38,2,2
2,45,4,7,2006,3,1,1,2,2,1,1,1,1,1,1,1,1,2,9,6,1,1,,2,2
6,45,4,7,2006,2,1,1,2,2,1,1,1,1,1,1,1,1,2,9,6,1,1,,2,2
6,45,4,7,2006,3,1,1,2,2,1,1,1,1,1,1,1,1,2,9,6,1,1,,2,2
1,45,4,7,2006,3,1,1,2,2,1,1,1,1,1,1,1,1,2,14,6,1,1,33,2,2
1,45,4,8,2006,3,1,1,2,2,1,1,1,1,1,1,1,1,2,10,6,1,1,38,2,2
5,45,4,8,2006,3,1,1,2,2,1,1,1,1,1,1,1,1,2,9,6,1,1,,2,2
1,45,4,8,2006,3,1,1,2,2,1,1,1,1,1,1,1,1,2,9,6,1,1,32,2,2
1,45,4,8,2006,3,1,1,2,2,1,1,1,1,1,1,1,1,2,14,6,1,1,,2,2
4,47,4,3,2006,2,1,1,2,2,1,1,1,1,1,1,1,1,2,14,6,1,1,,2,2
9,47,4,3,2006,1,1,1,2,2,1,4,1,1,1,1,1,1,2,19,11,1,1,,2,2
12,47,2,3,2006,1,1,1,2,2,1,3,1,1,1,1,1,1,2,9,6,1,1,,2,2
12,47,4,3,2006,2,1,1,2,2,1,2,1,1,1,1,1,1,2,14,6,1,1,,2,2
9,47,3,4,2006,3,1,1,2,2,1,1,1,1,1,1,1,1,2,9,11,1,1,35,2,2
4,47,4,4,2006,2,1,1,2,2,1,1,1,1,1,1,3,1,2,6,6,1,1,,2,2
3,40,3,1,2006,3,1,1,2,2,1,1,1,1,1,1,1,1,2,9,6,1,1,28,2,2
6,40,4,1,2006,3,1,1,2,2,1,1,1,1,1,1,1,1,2,9,8,1,1,,2,2
6,40,4,1,2006,2,1,1,2,2,1,1,1,1,1,1,1,1,2,14,6,1,1,,2,2
6,40,4,1,2006,3,1,1,2,2,1,1,1,1,1,1,1,1,2,9,6,1,1,,2,2
6,40,4,1,2006,3,1,1,2,2,1,1,1,1,1,1,1,1,2,11,6,1,1,,2,2
7,40,4,2,2006,3,1,1,2,2,1,1,1,1,1,1,2,1,2,14,6,1,1,35,2,2
1,40,3,2,2006,3,1,1,2,2,1,1,1,1,1,1,2,1,2,4,5,1,1,30,2,2
6,40,4,2,2006,2,1,1,2,2,1,1,1,1,1,1,1,1,2,9,6,1,1,,2,2
4,40,3,2,2006,4,1,1,2,2,1,4,1,1,1,1,3,1,2,14,6,1,1,35,2,2
1,40,4,3,2006,1,1,1,2,2,1,4,1,1,1,1,1,1,2,14,6,1,1,30,2,2
1,40,4,4,2006,3,1,1,2,2,1,1,1,1,1,1,3,1,2,13,6,1,1,30,2,2
1,40,4,4,2006,3,1,1,2,2,1,1,1,1,1,1,3,1,2,13,6,1,1,27,2,2
2,40,3,4,2006,4,1,1,2,2,1,3,1,1,1,1,1,1,2,7,6,1,1,,2,2
2,40,4,5,2006,1,1,1,2,2,1,4,1,1,1,1,1,1,2,9,8,1,1,,2,2
6,40,4,5,2006,1,1,1,2,2,1,4,1,1,1,1,1,1,2,13,6,1,1,,2,2
3,40,4,5,2006,2,1,1,2,2,1,1,1,1,1,1,1,1,2,9,6,1,1,,2,2
6,40,3,6,2006,3,1,1,2,1,1,1,1,1,1,1,1,1,2,9,6,1,1,,2,2
3,40,4,6,2006,2,1,1,2,2,1,1,1,1,1,1,1,1,2,9,6,1,1,40,2,2
1,40,4,6,2006,4,1,1,2,2,1,3,1,1,1,1,1,1,2,19,11,1,1,,2,2
3,40,4,6,2006,3,1,1,2,2,1,1,1,1,1,1,1,1,2,9,6,1,1,26,2,2
3,40,4,6,2006,2,1,1,2,2,1,1,1,1,1,1,2,1,2,14,6,1,1,30,2,2
1,40,4,6,2006,3,1,1,2,2,1,1,1,1,1,1,1,1,2,9,6,1,1,35,2,2
1,40,4,6,2006,3,1,1,2,2,1,1,1,1,1,1,1,1,2,13,6,1,1,,2,2
10,50,4,1,2006,2,1,1,2,2,1,2,1,1,1,1,1,1,2,9,6,1,1,,2,2
11,50,4,1,2006,4,1,1,2,2,1,1,1,1,1,1,2,1,2,9,6,1,1,36,2,2
11,50,4,1,2006,3,1,1,2,2,1,1,1,1,1,1,2,1,2,9,6,1,1,,2,2
8,50,3,1,2006,3,1,1,2,2,1,1,1,1,1,1,3,1,2,8,6,1,1,,2,2
1,50,4,2,2006,1,1,1,2,2,1,4,1,1,1,1,5,1,2,12,1,1,1,28,2,2
11,50,4,2,2006,3,1,1,2,2,1,1,1,1,1,1,2,1,2,9,6,1,1,,2,2
5,50,4,2,2006,4,1,1,2,2,1,4,1,1,1,1,2,1,2,14,1,1,1,32,2,2
5,50,4,2,2006,2,1,1,2,2,1,1,1,1,1,1,2,1,2,9,6,1,1,,2,2
9,47,4,5,2006,2,1,1,2,2,1,1,1,1,1,1,1,1,2,13,6,1,1,,2,2
1,47,4,5,2006,2,1,1,2,2,1,1,1,1,1,1,1,1,2,14,6,1,1,,2,2
2,47,4,5,2006,2,1,1,2,2,1,1,1,1,1,1,1,1,2,9,6,1,1,,2,2
1,47,3,5,2006,4,1,1,2,2,1,3,1,1,1,1,5,1,2,9,6,1,1,,2,2
12,47,4,5,2006,3,1,1,2,2,1,1,1,1,1,1,1,1,2,12,6,1,1,,2,2
9,47,4,5,2006,2,1,1,2,2,1,1,1,1,1,1,3,1,2,14,6,1,1,40,2,2
1,47,4,6,2006,2,1,1,2,2,1,1,1,1,1,1,1,1,2,9,6,1,1,,2,2
1,47,4,7,2006,2,1,1,2,2,1,1,1,1,1,1,1,1,2,8,8,1,1,31,2,2
1,47,4,7,2006,4,1,1,2,2,1,3,1,1,1,1,1,1,2,19,11,1,1,,2,2
12,47,3,7,2006,3,1,1,2,2,1,1,1,1,1,1,1,1,2,14,6,1,1,,2,2
12,47,4,7,2006,1,1,1,2,2,1,1,1,1,1,1,1,1,2,14,1,1,1,,2,2
9,47,3,7,2006,2,1,1,2,2,1,1,1,1,1,1,1,1,2,9,6,1,1,,2,2
7,47,3,7,2006,3,1,1,2,2,1,1,1,1,1,1,1,1,2,9,6,1,1,45,2,2
12,47,4,8,2006,2,1,1,2,2,1,1,1,1,1,1,1,1,2,9,10,1,1,40,2,2
2,47,3,8,2006,3,1,1,2,2,1,1,1,1,1,1,1,1,2,9,6,1,1,,2,2
1,47,4,8,2006,2,1,1,2,2,1,1,1,1,1,1,3,1,2,7,6,1,1,,2,2
9,47,4,8,2006,1,1,1,2,2,1,3,1,1,1,1,1,1,2,14,6,1,1,23,2,2
1,50,3,3,2006,3,1,1,2,2,1,1,1,1,1,1,2,1,2,14,6,1,1,,2,2
4,37,4,8,2006,3,1,1,2,2,1,1,1,1,1,1,3,1,2,9,6,1,1,,2,2
5,37,3,9,2006,2,1,1,2,2,1,1,1,1,1,1,3,2,2,8,6,2,1,30,2,2