Thana,District,Accident_Severity,Month,Year,Time,Junction_Type,Traffic_Control,Movement,Divider,Weather,Light,Road_Geometry,Surface_Condition,Surface_Type,Surface_Quality,Road_Class,Road_Feature,Location_Type,Vehicle_Type,Vehicle_Movement,Vehicle_Loading,Vehicle_Defect,Vehicle_Driver_Age,Vehicle_Alcohol,Vehicle_Seat_Belt
4,37,4,9,2006,3,1,1,2,2,1,1,1,1,2,1,3,1,2,8,6,1,1,,2,2
6,45,4,9,2006,3,1,1,2,2,1,1,1,1,1,1,1,1,2,9,6,1,1,38,2,2
1,45,4,9,2006,2,1,1,2,2,1,1,1,1,1,1,1,1,2,9,6,1,1,38,2,2
5,45,4,9,2006,4,1,1,2,2,1,3,1,1,1,1,1,1,2,19,11,1,1,,2,2
1,45,4,9,2006,4,1,1,2,2,1,1,1,1,1,1,1,1,2,9,6,1,1,,2,2
3,45,4,9,2006,3,1,1,2,2,1,2,1,1,1,1,3,1,2,4,6,1,1,,2,2
7,44,4,7,2006,1,1,1,2,2,1,3,1,1,1,1,1,1,2,12,6,1,1,,2,2
7,44,4,7,2006,4,1,1,2,2,1,3,1,1,1,1,1,1,2,9,6,1,1,40,2,2
7,44,4,7,2006,1,1,1,2,2,1,4,1,1,1,1,1,1,2,9,6,1,1,,2,2
7,44,4,7,2006,3,1,1,2,2,1,1,1,1,1,1,1,1,2,14,6,1,1,,2,2
5,44,3,7,2006,2,1,1,2,2,1,1,1,1,1,1,1,1,2,11,6,1,1,,2,2
7,41,3,2,2006,3,1,1,2,2,1,1,1,1,1,1,2,1,2,9,6,1,1,45,2,2
7,41,4,2,2006,4,1,1,2,2,1,2,1,1,1,1,2,1,2,9,6,1,1,,2,2
2,41,4,2,2006,3,1,1,2,2,1,1,1,1,1,1,3,1,2,9,6,1,1,45,2,2
7,41,2,2,2006,2,1,1,2,2,1,1,1,1,1,1,2,1,2,9,5,1,1,28,2,2
7,41,4,2,2006,2,1,1,2,2,1,1,1,1,1,1,4,1,2,14,6,1,1,45,2,2
7,41,4,2,2006,1,1,1,2,2,1,4,1,1,1,1,2,1,2,,6,1,1,,2,2
7,41,4,3,2006,2,1,1,2,2,1,1,1,1,1,1,2,1,2,9,6,1,1,39,2,2
7,41,4,3,2006,3,1,1,2,1,1,1,1,1,1,1,2,1,1,,6,1,1,,2,2
5,41,4,3,2006,2,1,1,2,2,1,1,1,1,1,1,1,1,2,9,6,1,1,30,2,2
7,41,4,3,2006,4,1,1,2,1,1,3,1,1,1,1,1,1,2,9,6,1,1,,2,2
7,41,4,3,2006,3,1,1,2,2,1,1,1,1,1,1,3,1,2,9,6,1,1,,2,2
6,41,4,3,2006,3,1,1,2,2,1,1,1,1,1,1,3,1,2,9,6,1,1,,2,2
6,41,4,3,2006,3,1,1,2,2,1,1,1,1,1,1,3,1,2,9,6,1,1,,2,1
2,41,4,3,2006,3,1,1,2,2,1,1,1,1,1,1,4,1,2,14,6,1,1,30,2,2
7,41,4,4,2006,2,1,1,2,2,1,1,1,1,1,1,2,1,2,9,6,1,1,,2,2
5,41,4,4,2006,2,1,1,2,1,1,2,1,1,1,1,1,1,2,9,6,1,1,,2,2
7,41,4,4,2006,3,1,1,2,2,1,1,1,1,1,1,2,1,2,9,6,1,1,,2,2
1,41,3,4,2006,4,1,1,2,2,1,3,1,1,1,1,1,1,2,9,6,1,1,,2,2
5,41,3,4,2006,3,1,1,2,2,1,1,1,1,1,1,1,1,2,9,6,1,1,40,2,2
5,41,4,4,2006,2,1,1,2,2,1,2,1,1,1,1,1,1,2,9,6,1,1,,2,2
7,41,4,5,2006,2,1,1,2,2,1,2,1,1,1,1,2,1,2,6,6,1,1,28,2,2
1,46,4,8,2006,2,1,1,2,2,1,1,1,1,1,1,1,1,2,6,6,1,1,,2,2
1,46,4,8,2006,2,1,1,2,2,1,1,1,1,1,1,1,1,2,,6,1,1,,2,2
2,46,4,8,2006,3,1,1,2,2,1,1,1,1,1,1,1,1,2,8,6,1,1,,2,2
1,46,4,8,2006,3,1,1,2,2,1,1,1,1,1,1,1,1,2,9,6,1,1,,2,2
1,46,4,8,2006,2,1,1,2,2,1,1,1,1,1,1,1,1,2,8,6,1,1,,2,2
1,46,4,8,2006,4,1,1,2,2,1,1,1,1,1,1,1,1,2,9,6,1,1,,2,2
1,46,4,8,2006,3,1,1,2,2,1,1,1,1,1,1,3,1,2,14,9,1,1,,2,2
1,46,4,9,2006,1,1,1,2,2,1,2,1,1,1,1,1,1,2,9,6,1,1,,2,2
2,46,4,9,2006,4,1,1,2,2,1,4,1,1,1,1,1,1,2,13,6,1,1,,2,2
1,46,4,9,2006,3,1,1,2,2,1,1,1,1,1,1,1,1,2,14,6,1,1,30,2,2
5,46,4,9,2006,4,1,1,2,2,1,4,1,1,1,1,1,1,2,9,6,1,1,,2,2
4,46,4,9,2006,3,1,1,2,2,1,1,1,1,1,1,3,1,2,7,6,1,1,,2,2
2,46,3,9,2006,1,1,1,2,2,1,2,1,1,1,1,1,1,2,8,6,1,1,,2,2
5,46,4,10,2006,2,1,1,2,2,1,1,1,1,1,1,1,1,2,9,6,1,1,,2,2
4,46,4,10,2006,1,1,1,2,2,1,1,1,1,1,1,1,1,2,9,6,1,1,,2,2
1,46,4,10,2006,2,1,1,2,2,1,1,1,1,1,1,1,1,2,9,6,1,1,40,2,2
2,46,3,10,2006,3,1,1,2,2,1,1,1,1,1,1,1,1,2,9,6,1,1,43,2,2
1,46,4,10,2006,3,1,1,2,2,1,1,1,1,1,1,3,1,2,14,6,1,1,,2,2
1,46,4,10,2006,2,1,1,2,2,1,1,1,1,1,1,1,1,2,9,6,1,1,,2,2
6,46,4,10,2006,4,1,1,2,2,1,1,1,1,1,1,1,1,2,10,6,1,1,,2,2
2,46,3,10,2006,2,1,1,2,2,1,1,1,1,1,1,1,1,2,9,6,1,1,40,2,2
2,46,4,10,2006,1,1,1,2,2,1,3,1,1,1,1,1,1,2,14,6,1,1,,2,2
4,46,4,10,2006,3,1,1,2,2,1,1,1,1,1,1,3,1,2,1,9,1,1,,2,2
1,46,4,10,2006,4,1,1,2,2,1,4,1,1,1,1,1,1,2,9,6,1,1,,2,2
3,46,3,10,2006,4,,,2,2,1,4,1,1,1,1,3,1,2,8,6,1,1,24,2,2
6,40,4,7,2006,2,1,1,2,2,1,1,1,1,1,1,1,1,2,9,6,1,1,,2,2
6,40,4,7,2006,1,1,1,2,2,1,2,1,1,1,1,1,1,2,9,6,1,1,,2,2
1,40,4,8,2006,4,1,1,2,2,1,4,1,1,1,1,1,1,2,9,6,1,1,,2,2
1,40,3,8,2006,2,1,1,2,2,1,1,1,1,1,1,1,1,2,9,6,1,1,35,2,2
5,40,4,9,2006,1,1,1,2,2,1,4,1,1,1,1,1,1,2,9,6,1,1,,2,2
1,40,4,9,2006,1,1,1,2,2,1,4,1,1,1,1,1,1,2,14,6,1,1,,2,2
6,40,4,9,2006,2,1,1,2,2,1,1,1,1,1,1,1,1,2,13,6,1,1,,2,2
6,40,4,9,2006,2,1,1,2,2,1,1,1,1,1,1,1,1,2,8,6,1,1,,2,2
6,40,1,10,2006,4,1,1,2,2,1,4,1,1,1,1,1,1,2,8,6,1,1,,2,2
5,40,4,10,2006,2,1,1,2,2,1,1,1,1,1,1,3,1,2,14,6,1,1,28,2,2
6,40,4,10,2006,4,1,1,2,2,1,3,1,1,1,1,1,1,2,9,6,1,1,,2,2
1,40,3,10,2006,3,1,1,2,2,1,1,1,1,1,1,1,1,2,8,6,1,1,,2,2
6,40,4,10,2006,2,1,1,2,2,1,1,1,1,1,1,1,1,2,9,6,1,1,,2,2
6,40,3,10,2006,3,1,1,2,2,1,1,1,1,1,1,1,1,2,9,6,1,1,,2,2
3,40,4,10,2006,2,1,1,2,2,1,1,1,1,1,1,1,1,2,9,6,1,1,,2,2
4,44,4,8,2006,2,1,1,2,2,1,1,1,1,1,1,2,1,2,15,6,1,1,,2,2
4,44,4,8,2006,2,1,1,2,2,1,1,1,1,1,1,2,1,2,9,6,1,1,,2,2
3,44,4,8,2006,1,1,1,2,2,1,4,1,1,1,1,3,1,2,,6,1,1,,2,2
3,44,4,8,2006,1,1,1,2,2,1,4,1,1,1,1,1,1,2,9,6,1,1,,2,2
6,44,4,8,2006,4,1,1,2,2,3,4,1,1,1,1,1,1,2,,6,1,1,,2,2
2,44,4,8,2006,1,1,1,2,2,1,4,1,1,1,1,3,1,2,8,6,1,1,,2,2
7,44,4,8,2006,4,1,1,2,2,1,4,1,1,1,1,1,1,2,,6,1,1,,2,2
7,44,4,8,2006,3,1,1,2,2,1,1,1,1,1,1,4,1,2,9,6,1,1,28,2,2
5,44,4,8,2006,3,1,1,2,2,1,1,1,1,1,1,1,1,2,9,6,1,1,,2,2
1,47,3,10,2006,2,1,1,2,2,1,1,1,1,1,1,1,1,2,6,6,1,1,,2,2
9,47,4,10,2006,1,1,1,2,2,1,4,1,1,1,1,1,1,2,14,6,1,1,,2,2
9,47,4,10,2006,3,1,1,2,2,1,1,1,1,1,1,1,1,2,9,6,1,1,,2,2
9,47,4,10,2006,4,1,1,2,2,1,3,1,1,1,1,1,1,2,9,6,1,1,35,2,2
12,47,3,10,2006,1,1,1,2,2,1,4,1,1,1,1,1,1,2,7,6,1,1,25,2,2
6,45,4,10,2006,3,1,1,2,2,1,1,1,1,1,1,1,1,2,9,6,1,1,40,2,2
5,45,4,10,2006,3,1,1,2,2,1,1,1,1,1,1,1,1,2,9,11,1,1,,2,2
2,45,4,10,2006,3,1,1,2,2,1,2,1,1,1,1,1,1,2,13,6,1,1,,2,2
5,45,4,10,2006,4,1,1,2,2,1,3,1,1,1,1,1,1,2,9,6,1,1,,2,2
7,41,3,3,2006,3,3,1,2,1,1,1,1,1,1,1,2,1,2,9,6,1,1,35,2,2
1,41,3,5,2006,3,1,1,2,2,1,1,1,1,1,1,1,1,2,10,6,1,1,,2,2
7,41,4,5,2006,1,1,1,2,2,1,2,1,1,1,1,2,1,2,,6,1,1,,2,2
6,41,4,5,2006,4,1,1,2,2,1,3,1,1,1,1,1,1,2,9,6,1,3,,2,2
5,41,4,6,2006,4,1,1,2,2,1,4,1,1,1,1,1,1,2,,6,1,1,,2,2
1,41,4,6,2006,1,1,1,2,2,1,1,1,1,1,1,1,1,2,9,1,1,,,2,2
6,41,4,6,2006,4,1,1,2,2,1,1,1,1,1,1,1,1,2,9,6,1,1,,2,2
1,41,4,6,2006,3,1,1,2,2,1,1,1,1,1,1,1,1,2,9,6,1,1,,2,2
6,41,4,6,2006,2,1,1,2,2,1,2,1,1,1,1,3,1,2,9,6,1,1,,2,2
6,41,4,6,2006,4,1,1,2,2,1,2,1,1,1,1,1,1,2,9,6,1,1,,2,2
7,41,4,6,2006,4,1,1,2,1,1,3,1,1,1,1,1,1,2,14,6,1,1,,2,2
4,41,3,6,2006,1,1,1,2,2,4,2,2,2,1,1,3,1,2,8,6,1,1,,2,2
5,41,4,6,2006,2,1,1,2,1,1,1,1,1,1,1,1,1,1,9,6,1,1,30,2,2
7,41,4,6,2006,4,1,1,2,2,1,1,1,1,1,1,1,1,2,9,6,1,1,,2,2
7,41,3,6,2006,3,1,1,2,2,1,1,1,1,1,1,2,1,2,13,6,1,1,22,2,2
3,41,4,6,2006,2,1,1,2,2,1,1,1,1,1,1,3,1,2,9,6,1,1,,2,2
3,41,4,6,2006,2,1,1,2,2,1,1,1,1,1,1,2,1,2,9,6,1,1,,2,2
3,51,4,6,2006,2,1,1,2,2,1,1,1,1,1,1,2,1,2,9,6,1,1,,2,2
7,51,4,6,2006,1,1,1,2,2,1,4,1,1,1,1,3,1,2,19,6,1,1,,2,2
9,51,4,6,2006,3,1,1,2,2,1,1,1,1,1,1,2,1,2,14,6,1,1,,2,2
3,51,4,6,2006,3,1,1,2,2,1,1,1,1,1,1,2,1,2,9,6,1,1,44,2,2
4,51,4,6,2006,2,1,1,2,2,1,1,1,1,1,1,1,1,2,,6,1,1,,2,2
3,51,4,6,2006,3,1,1,2,2,1,1,1,1,1,1,2,1,2,9,6,1,1,,2,2
7,51,4,7,2006,3,1,1,2,2,1,1,1,1,1,1,3,1,2,4,6,1,1,35,2,2
1,51,4,9,2006,2,1,1,2,2,1,1,1,1,1,1,2,1,2,14,6,1,1,,2,2
12,51,4,9,2006,3,1,1,2,2,1,1,1,1,1,1,3,1,2,17,6,1,1,,2,2
8,51,4,10,2006,4,1,1,2,2,1,4,1,1,1,1,2,1,2,9,1,1,1,,2,2
3,51,4,10,2006,3,1,1,2,2,1,1,1,1,1,1,2,1,2,9,6,1,1,35,2,2
2,52,3,10,2006,3,1,1,2,2,1,1,1,1,1,1,3,1,2,8,6,1,1,28,2,2
3,52,4,10,2006,2,1,1,2,2,1,1,1,1,1,1,3,1,2,9,8,1,1,,2,2
8,52,4,10,2006,2,1,1,2,2,1,1,1,1,1,1,3,1,2,4,6,1,1,,2,2
1,49,4,8,2006,2,1,1,2,2,1,1,1,1,1,1,2,1,2,10,6,1,1,,2,2
1,49,1,8,2006,4,1,1,2,2,1,4,1,1,1,1,2,1,2,9,4,1,1,,2,2
1,49,4,9,2006,3,1,1,2,2,1,1,1,1,1,1,3,1,2,9,6,1,1,,2,2
4,49,4,9,2006,4,1,1,2,2,1,4,1,1,1,1,3,1,2,14,6,1,1,,2,2
4,49,1,10,2006,4,1,1,2,2,1,1,1,1,1,1,3,1,2,9,6,1,1,,2,2
3,49,4,10,2006,3,1,1,2,2,1,1,1,1,1,1,3,1,2,9,6,1,1,,2,2
1,36,4,7,2006,3,3,1,2,2,1,1,1,1,1,1,2,1,2,9,2,1,1,,2,2
3,36,4,9,2006,4,1,1,2,2,1,4,1,1,1,1,1,1,2,9,6,1,1,,2,2
2,36,4,9,2006,3,1,1,2,2,1,1,2,1,1,1,3,1,2,9,6,1,1,58,2,2
4,36,4,9,2006,2,1,1,2,2,1,1,1,1,1,1,3,1,2,14,6,1,1,,2,2
4,36,4,10,2006,4,1,1,2,2,1,2,1,1,1,1,3,1,2,4,6,1,1,,2,2
6,37,4,10,2006,2,1,1,2,2,1,1,1,1,1,1,3,1,2,9,6,1,1,,2,2
3,37,4,10,2006,2,1,1,2,2,1,2,1,1,1,1,3,1,2,6,6,1,1,,2,2
5,37,4,10,2006,2,1,1,2,2,1,1,1,1,1,1,3,1,2,9,6,1,1,,2,2
1,37,3,10,2006,2,1,1,2,2,1,1,1,1,1,1,3,1,2,5,6,1,1,22,2,2
3,37,4,10,2006,2,1,1,2,2,1,1,1,1,1,1,3,1,2,9,6,1,1,,2,2
7,37,3,10,2006,2,1,1,2,2,1,1,1,1,1,1,3,1,2,8,6,1,1,,2,2
7,37,4,10,2006,3,1,1,2,2,1,1,1,1,1,1,3,1,2,4,6,1,1,,2,2
2,48,4,8,2006,3,1,1,2,2,1,1,1,1,1,1,3,1,2,19,6,1,1,,2,2
7,41,3,7,2006,2,1,1,2,2,1,1,1,1,1,1,2,1,1,14,6,1,1,28,2,2
7,41,4,7,2006,3,2,1,2,2,1,1,1,1,1,1,3,1,1,14,2,1,1,,2,2
7,41,4,7,2006,2,2,1,2,2,1,1,1,1,1,1,3,1,1,9,6,1,1,,2,2
7,41,4,7,2006,4,1,1,2,2,1,4,1,1,1,1,1,1,1,9,6,1,1,,2,2
7,41,4,7,2006,1,2,1,2,2,1,4,1,1,1,1,2,1,2,,6,1,1,,2,2
7,41,3,7,2006,2,1,1,2,2,1,1,1,1,1,1,3,1,2,9,1,1,1,,2,2
7,41,3,8,2006,1,2,1,2,2,1,4,1,1,1,1,1,1,2,12,6,1,1,24,2,2
1,41,4,8,2006,1,1,1,2,2,1,2,1,1,1,1,1,1,2,9,6,1,1,,2,2
7,41,4,8,2006,4,1,1,2,2,1,2,1,1,1,1,1,1,1,14,6,1,1,,2,2
5,41,4,8,2006,4,1,1,2,2,1,1,1,1,1,1,1,1,2,9,6,1,1,,2,2
3,41,4,8,2006,1,1,1,2,1,1,3,1,1,1,1,3,1,2,,6,1,1,,2,2
5,41,4,8,2006,4,1,1,2,2,1,2,1,1,1,1,1,1,2,9,6,1,1,,2,2
5,41,4,8,2006,2,1,1,2,1,1,1,1,1,1,1,1,1,2,9,6,1,1,,2,2
1,41,4,8,2006,2,1,1,2,2,1,1,1,1,1,1,1,1,2,,6,1,1,,2,2
7,41,4,8,2006,1,1,1,2,2,1,2,2,1,1,1,1,1,1,,6,1,1,,2,2
7,41,4,8,2006,2,1,1,2,2,1,1,1,1,1,1,2,1,2,11,6,1,1,,2,2
5,41,4,8,2006,4,1,1,2,2,1,1,1,1,1,1,1,1,2,2,6,1,1,,2,2
6,41,4,8,2006,4,1,1,2,2,1,4,1,1,1,1,1,1,2,9,6,1,1,,2,2
5,41,4,8,2006,2,1,1,2,1,1,1,1,1,1,1,1,1,2,9,6,1,1,,2,2
7,41,4,8,2006,3,1,1,2,2,1,1,1,1,3,1,3,1,2,14,6,1,1,,1,2
7,41,4,8,2006,2,1,1,2,1,1,1,1,1,1,1,1,1,2,9,6,1,1,,2,2
5,41,4,8,2006,,1,1,2,1,1,4,1,1,1,1,1,1,1,,,,,,2,2
7,41,3,8,2006,2,3,1,2,1,1,1,1,1,1,1,1,1,2,9,6,1,1,,2,2
5,41,4,9,2006,2,1,1,2,1,1,1,1,1,1,1,1,1,1,9,6,1,1,,2,2
7,41,3,9,2006,3,1,1,2,2,1,1,1,1,1,1,2,1,1,6,6,1,1,,2,2
6,41,4,9,2006,4,1,1,2,1,2,1,1,1,1,1,1,1,2,9,6,1,1,,2,2
1,41,4,9,2006,2,1,1,2,2,1,1,1,1,1,1,1,1,2,9,6,1,1,,2,2
7,41,4,9,2006,3,1,1,2,2,1,1,1,1,1,1,3,1,2,14,6,1,1,,2,2
1,41,4,9,2006,4,1,1,2,2,1,2,1,1,1,1,1,1,2,8,6,1,1,,2,2
7,41,3,10,2006,1,1,1,2,2,1,2,1,1,1,1,1,1,1,9,6,1,1,,1,2
7,41,4,10,2006,4,1,1,2,1,1,3,1,1,1,1,3,1,2,14,6,1,1,,2,2
5,41,4,10,2006,3,1,1,2,2,1,1,1,1,1,1,1,1,1,4,4,1,1,,2,2
5,41,4,10,2006,,1,1,2,2,2,1,1,2,1,1,1,2,1,8,6,1,1,32,1,2
7,41,4,10,2006,3,1,1,2,2,1,1,1,1,1,1,2,1,2,12,6,1,1,28,2,2
7,41,4,10,2006,3,1,1,2,2,1,1,1,1,1,1,1,1,2,8,6,1,1,30,2,2
7,41,4,10,2006,1,1,1,2,2,1,2,1,1,1,1,1,1,2,14,2,1,1,25,2,2
7,41,4,10,2006,2,1,1,2,2,1,2,1,1,1,1,2,1,1,9,6,1,1,,2,2
6,41,4,10,2006,1,1,1,2,2,1,2,1,1,1,1,1,1,2,8,6,1,1,,2,2
7,41,4,10,2006,2,3,1,2,2,1,1,1,1,1,1,3,1,2,9,8,1,1,,2,2
6,41,4,10,2006,2,1,1,2,2,1,2,1,1,1,1,1,1,2,9,1,1,1,,2,2
5,41,4,10,2006,4,1,1,2,2,1,4,1,1,1,1,2,1,2,12,5,1,1,,2,2
5,41,4,10,2006,4,1,1,1,2,1,4,1,1,1,1,1,1,2,,6,,,,,
7,41,4,10,2006,4,1,1,2,2,1,3,1,1,1,1,1,1,2,,6,1,1,,,
7,41,4,10,2006,2,1,1,2,2,1,1,1,1,1,1,1,1,2,9,6,1,1,,2,2
1,41,4,10,2006,2,1,1,2,2,1,1,1,1,1,1,1,1,1,14,6,1,1,,2,2
1,41,4,10,2006,3,1,1,2,2,1,1,1,1,1,1,1,1,2,9,6,1,3,20,2,2
5,41,4,10,2006,2,1,1,2,2,1,1,1,1,1,1,1,1,2,9,6,1,1,,2,2
1,50,4,3,2006,2,1,1,2,2,1,1,1,1,1,1,1,1,2,14,5,1,1,30,2,2
1,50,3,3,2006,4,1,1,2,2,1,4,1,1,1,1,1,1,2,14,6,1,1,,2,2
1,51,3,1,2006,3,1,1,2,2,1,1,1,1,1,1,2,1,2,12,6,1,1,,2,2
1,51,4,1,2006,1,1,1,2,2,1,4,1,1,1,1,2,1,2,9,6,1,1,,2,2
1,51,4,1,2006,2,1,1,2,2,1,2,1,1,1,1,2,1,2,14,6,1,1,,2,2
7,51,4,1,2006,4,1,1,2,2,1,3,1,1,1,1,3,1,2,12,6,1,1,,2,2
12,51,4,1,2006,4,1,1,2,2,1,4,1,1,1,1,3,1,2,8,2,1,1,,2,2
7,51,4,2,2006,4,1,1,2,2,1,4,1,1,1,1,3,1,2,7,6,1,1,,2,2
11,51,4,2,2006,2,1,1,2,2,1,1,1,1,1,1,3,1,2,4,6,1,1,35,2,2
12,51,4,2,2006,4,1,1,2,2,1,2,1,1,1,1,3,1,2,6,6,1,1,,2,2
1,51,3,3,2006,3,1,1,2,2,1,1,1,1,1,1,2,1,2,9,6,1,1,,2,2
9,51,4,4,2006,2,1,1,2,2,1,1,1,1,1,1,2,1,2,9,6,1,1,,2,2
1,51,4,4,2006,2,1,1,2,2,1,1,1,1,1,1,2,1,2,9,1,1,1,,2,2
9,51,4,4,2006,4,1,1,2,2,1,4,1,1,1,1,2,1,2,9,6,1,1,,2,2
3,51,4,4,2006,3,1,1,2,2,1,1,1,1,1,1,3,1,2,4,2,1,1,28,2,2
1,51,4,5,2006,1,1,1,2,2,1,4,1,1,1,1,3,1,2,14,11,1,1,,2,2
8,51,4,5,2006,3,1,1,2,2,1,1,1,1,1,1,3,1,2,5,6,1,1,,2,2
1,51,4,6,2006,3,1,1,2,2,1,1,1,1,1,1,2,1,2,11,6,1,1,,2,2
12,51,4,9,2006,3,1,1,2,2,1,1,1,1,1,1,3,1,2,9,6,1,1,,2,2
5,43,4,1,2006,1,1,1,2,2,1,1,1,1,1,1,3,1,2,9,6,1,1,,2,2
5,43,4,1,2006,2,1,1,2,2,1,1,1,1,1,1,3,1,2,9,6,1,1,,2,2
2,43,4,1,2006,3,1,1,2,2,1,1,1,1,1,1,1,1,2,7,1,1,1,,2,2
5,43,4,1,2006,2,1,1,2,2,1,1,1,1,1,1,1,1,2,9,6,1,1,,2,2
5,43,4,1,2006,2,1,1,2,2,1,1,1,1,1,1,1,1,2,9,6,1,1,,2,2
2,43,4,1,2006,3,1,1,2,2,1,1,1,1,1,1,1,1,2,9,5,1,1,35,2,2
3,43,3,1,2006,4,1,1,2,2,1,1,1,1,1,1,1,1,2,,,,,,2,2
5,43,4,1,2006,2,1,1,2,2,1,1,1,1,1,1,1,1,2,9,6,1,1,25,2,2
4,43,4,2,2006,2,1,1,2,2,1,1,1,1,1,1,1,1,2,9,6,1,1,45,2,2
6,43,4,3,2006,4,1,1,2,2,1,1,1,1,1,1,3,1,2,14,6,1,1,,2,2
6,43,3,3,2006,4,1,1,2,2,1,1,1,1,1,1,3,1,2,8,5,1,1,,2,2
3,43,4,3,2006,,1,1,2,2,1,1,1,1,1,1,3,1,2,8,6,1,1,,2,2
3,43,4,3,2006,3,1,1,2,2,1,1,1,1,1,1,1,1,2,9,6,1,1,,2,2
6,43,4,3,2006,1,1,1,2,2,1,1,1,1,1,1,1,1,2,9,6,1,1,,2,2
5,43,4,3,2006,2,1,1,2,2,1,1,1,1,1,1,1,1,2,9,6,1,1,32,2,2
5,43,4,4,2006,2,1,1,2,2,1,1,1,1,1,1,3,1,2,14,6,1,1,,2,2
5,43,4,4,2006,4,1,1,2,2,1,1,1,1,1,1,3,1,2,9,6,1,1,,2,2
3,43,4,4,2006,2,1,1,2,2,1,1,1,1,1,1,1,1,2,14,6,1,1,,2,2
2,43,4,4,2006,3,1,1,2,2,1,1,1,1,1,1,1,1,2,9,6,1,1,,2,2
5,43,1,5,2006,4,1,1,2,2,1,1,1,1,1,1,3,1,2,9,6,1,1,,2,2
5,43,4,5,2006,4,1,1,2,2,1,3,1,1,1,1,1,1,2,9,6,1,1,,2,2
2,43,4,5,2006,1,1,1,2,2,1,2,1,1,1,1,1,1,2,9,6,1,1,,2,2
5,43,4,6,2006,2,1,1,2,2,1,1,1,1,1,1,1,1,2,9,6,1,1,,2,2
1,43,4,6,2006,3,1,3,2,2,1,1,1,1,1,1,3,1,2,9,6,1,1,,2,2
5,43,4,6,2006,,1,1,2,2,1,1,1,1,1,1,1,1,2,9,6,1,1,,2,2
5,43,4,6,2006,2,1,1,2,2,1,1,1,1,1,1,1,1,2,9,6,1,1,,2,2
5,43,4,5,2006,2,1,1,2,2,1,1,1,1,1,1,1,1,2,9,6,1,1,,2,2
2,43,4,7,2006,4,1,1,2,2,1,1,1,1,1,1,1,1,2,9,6,1,1,,2,2
5,43,4,7,2006,3,1,1,2,2,1,1,1,1,1,1,1,1,2,9,6,1,1,,2,2
2,43,4,7,2006,3,1,1,2,2,1,1,1,1,1,1,1,1,2,9,6,1,1,,2,2
5,43,4,7,2006,3,1,1,2,2,1,1,1,1,1,1,1,1,2,9,6,1,1,,2,2
5,43,4,7,2006,4,1,1,2,2,1,1,1,1,1,1,1,1,2,9,6,1,1,,2,2
5,43,4,7,2006,3,1,1,2,2,1,1,1,1,1,1,3,1,2,9,6,1,1,,2,2
2,43,4,7,2006,3,1,1,2,1,1,1,1,1,1,1,1,1,2,7,6,1,1,,2,2
2,43,4,8,2006,3,1,1,2,2,1,1,1,1,1,1,1,1,2,13,6,1,1,,2,2
2,43,4,8,2006,2,1,1,2,2,1,1,1,1,1,1,3,1,2,,6,1,1,,2,2
5,43,4,8,2006,4,1,1,2,2,1,1,1,1,1,1,1,1,2,6,6,1,1,,2,2
4,43,4,8,2006,2,1,1,2,2,1,1,1,1,1,1,1,1,2,14,6,1,1,,2,2
4,43,4,8,2006,,1,1,2,2,1,3,1,1,1,1,3,1,2,14,2,1,1,,2,2
4,43,4,8,2006,4,1,1,2,2,1,1,1,1,1,1,1,1,2,9,6,1,1,,2,2
5,43,4,8,2006,3,1,1,2,2,1,1,1,1,1,1,1,1,2,9,6,1,1,,2,2
2,43,4,8,2006,1,1,1,2,2,1,2,1,1,1,1,1,1,2,9,6,1,1,,2,2
5,43,4,9,2006,,1,1,2,2,1,1,1,1,1,1,1,1,2,9,6,1,1,,2,2
3,43,4,9,2006,2,1,1,2,2,1,1,1,1,1,1,1,1,2,9,6,1,1,,2,2
6,43,4,9,2006,2,1,1,2,2,1,1,1,1,1,1,3,1,2,6,1,1,1,22,2,2
5,43,4,9,2006,2,1,1,2,2,1,1,1,1,1,1,3,1,2,12,6,1,1,,2,2
4,43,4,9,2006,3,1,1,2,2,1,1,1,1,1,1,3,1,2,9,6,1,1,,2,2
4,43,4,9,2006,2,1,1,2,2,1,1,1,1,1,1,1,1,2,9,6,1,1,,2,2
2,43,4,9,2006,3,1,1,2,2,1,1,1,1,1,1,1,1,2,7,6,1,1,,2,2
2,43,4,9,2006,3,1,1,2,2,1,1,1,1,1,1,1,1,2,9,6,1,1,30,2,2
2,43,4,9,2006,2,1,1,2,2,1,2,1,1,1,1,1,1,2,9,6,1,1,46,2,2
5,43,4,10,2006,2,1,1,2,2,1,1,1,1,1,1,1,1,2,9,6,1,1,,2,2
5,43,4,10,2006,3,1,1,2,2,1,1,1,1,1,1,3,1,2,9,6,1,1,,2,2
5,43,3,10,2006,2,1,1,2,2,1,1,1,1,1,1,1,1,2,,9,1,1,,2,2
4,43,4,10,2006,2,2,1,2,2,1,1,1,1,1,1,1,1,2,9,6,1,1,,2,2
5,43,4,10,2006,2,1,1,2,2,1,1,1,1,1,1,1,1,2,9,6,1,1,,2,2
1,43,1,10,2006,1,1,1,2,2,1,3,1,1,1,1,5,1,2,14,6,1,1,30,2,2
9,50,4,3,2006,4,1,1,2,2,1,3,1,1,1,1,2,1,2,9,6,1,1,38,2,2
11,50,4,3,2006,1,1,1,2,2,1,4,1,1,1,1,2,1,2,14,6,1,1,,2,2
13,50,4,4,2006,4,1,1,2,2,1,3,1,1,1,1,3,1,2,12,6,1,1,,2,2
5,50,4,4,2006,2,1,1,2,2,1,2,1,1,1,1,3,1,2,14,6,1,1,,2,2