Thana,District,Accident_Severity,Month,Year,Time,Junction_Type,Traffic_Control,Movement,Divider,Weather,Light,Road_Geometry,Surface_Condition,Surface_Type,Surface_Quality,Road_Class,Road_Feature,Location_Type,Vehicle_Type,Vehicle_Movement,Vehicle_Loading,Vehicle_Defect,Vehicle_Driver_Age,Vehicle_Alcohol,Vehicle_Seat_Belt
1,50,4,5,2006,4,1,1,2,2,1,3,1,1,1,1,1,1,2,14,2,1,1,,2,2
10,50,4,4,2006,3,1,1,2,2,1,1,1,1,1,1,3,1,2,14,6,1,1,,2,2
13,50,4,4,2006,2,1,1,2,2,1,1,1,1,1,1,3,1,2,9,6,1,1,,2,2
7,50,4,4,2006,4,1,1,2,2,1,3,1,1,1,1,3,1,2,6,6,1,1,20,2,2
5,50,4,3,2006,4,1,1,2,2,1,4,1,1,1,1,2,1,2,14,6,1,1,40,2,2
7,50,4,5,2006,2,1,1,2,2,1,1,1,1,1,1,2,1,2,9,6,1,1,,2,2
13,50,3,4,2006,4,1,1,2,2,1,3,1,1,1,1,3,1,2,9,6,1,1,,2,2
12,50,4,6,2006,2,1,1,2,2,1,1,1,1,1,1,3,1,2,14,6,1,1,35,2,2
2,50,4,6,2006,2,1,1,2,2,1,1,1,1,1,1,1,1,2,9,6,1,1,,2,2
11,50,4,7,2006,4,1,1,2,2,1,4,1,1,1,1,4,1,2,9,6,1,1,,2,2
10,50,3,7,2006,3,1,1,2,2,1,1,1,1,1,1,3,1,2,9,6,1,1,,2,2
10,50,4,7,2006,3,1,1,2,2,1,1,1,1,1,1,1,1,2,9,6,1,1,,2,2
7,50,4,7,2006,2,1,1,2,2,1,1,1,1,1,1,2,1,2,9,6,1,1,,2,2
13,50,4,7,2006,4,1,1,2,2,1,4,1,1,1,1,2,1,2,9,6,1,1,,2,2
2,50,4,8,2006,2,1,1,2,2,1,1,1,1,1,1,1,1,2,9,6,1,1,,2,2
2,50,4,8,2006,2,1,1,2,2,1,1,1,1,1,1,1,1,2,13,6,1,1,16,2,2
5,50,4,8,2006,2,1,1,2,2,1,2,1,1,1,1,1,1,2,14,6,1,1,,2,2
8,50,4,8,2006,2,1,1,2,2,1,1,1,1,1,1,3,1,2,9,6,1,1,27,2,2
8,50,3,8,2006,3,1,1,2,2,1,1,1,1,1,1,3,1,2,8,8,1,1,,2,2
10,50,3,9,2006,3,1,1,2,2,1,1,1,1,1,1,1,1,2,19,11,1,1,28,2,2
12,50,1,9,2006,2,1,1,2,2,1,1,1,1,1,1,1,1,2,9,6,1,1,35,2,2
6,50,4,9,2006,3,1,1,2,2,1,1,1,1,1,1,3,1,2,19,6,1,1,,2,2
5,50,4,9,2006,2,1,1,2,2,1,1,1,1,1,1,3,1,2,,,,,,2,2
1,50,1,10,2006,3,1,1,2,2,1,1,1,1,1,1,1,1,2,9,6,1,1,40,2,2
10,50,3,10,2006,2,1,1,2,2,2,1,1,1,1,1,1,1,2,9,6,1,1,,2,2
2,50,4,10,2006,2,1,1,2,2,1,1,1,1,1,1,1,1,2,8,6,1,1,,2,2
8,50,4,10,2006,2,1,1,2,2,1,1,1,1,1,1,3,1,2,9,6,1,1,,2,2
13,50,4,10,2006,4,1,1,2,2,1,4,1,1,1,1,2,1,2,14,2,,,,2,2
3,38,4,1,2006,3,1,1,2,2,1,1,2,1,1,1,1,1,2,14,6,1,1,,2,2
7,38,4,2,2006,3,,,2,2,1,1,1,1,1,1,1,1,2,9,6,1,1,,2,2
1,38,4,2,2006,3,1,1,2,2,1,1,1,1,1,1,3,1,2,6,6,1,1,,2,2
3,38,4,2,2006,1,5,1,2,2,1,4,1,1,1,1,1,1,2,12,2,1,1,,2,2
3,38,4,2,2006,3,1,1,2,2,1,1,1,1,1,1,1,1,2,9,6,1,1,,2,2
6,38,4,3,2006,4,1,1,2,2,1,4,1,1,1,1,1,1,2,10,6,1,1,,2,2
3,38,4,3,2006,1,1,1,2,2,1,4,1,1,1,1,1,1,2,9,6,1,1,,2,2
1,38,4,3,2006,3,1,1,2,2,1,1,1,1,1,1,3,1,2,14,6,2,1,30,1,2
7,38,4,3,2006,4,1,1,2,2,1,2,1,1,1,1,1,1,2,9,6,1,1,40,2,2
6,38,4,4,2006,1,1,1,2,2,1,1,1,1,1,1,3,1,2,14,6,1,1,35,2,2
3,38,3,5,2006,2,1,1,2,2,1,1,1,1,1,1,3,1,2,6,1,1,1,,2,2
3,38,3,5,2006,2,1,1,2,2,1,1,1,1,1,1,3,1,2,4,6,1,1,,2,2
6,38,4,5,2006,1,1,1,2,2,1,4,1,1,1,1,1,1,2,,6,1,1,,2,2
3,38,4,5,2006,3,1,1,2,2,1,1,1,1,1,1,3,1,2,9,6,1,1,,2,2
6,38,4,7,2006,3,1,1,2,2,1,1,1,1,1,1,1,1,2,9,6,1,1,,2,2
9,38,4,6,2006,2,1,1,2,2,1,1,2,1,1,1,3,4,2,13,1,1,1,,2,2
1,38,4,7,2006,1,1,1,2,2,1,2,1,1,1,1,1,1,2,,6,1,1,,2,2
1,38,4,7,2006,4,,,2,2,1,3,1,1,1,1,1,1,2,6,6,1,1,40,2,2
3,38,4,7,2006,2,1,1,2,2,1,1,2,1,1,1,1,1,2,9,6,1,1,,2,2
3,38,4,7,2006,3,1,1,2,2,1,1,1,1,1,1,1,1,2,9,6,1,1,,2,2
7,38,4,7,2006,1,1,1,2,2,1,2,1,1,1,1,1,1,2,9,6,1,1,,2,2
7,38,4,8,2006,1,1,1,2,2,1,4,1,1,1,1,1,1,2,9,6,1,1,,2,2
2,38,4,8,2006,3,1,1,2,2,1,1,1,1,1,1,3,1,2,4,6,1,1,,2,2
7,38,4,8,2006,2,1,1,2,2,1,1,1,1,1,1,3,1,2,13,6,1,1,,2,2
3,38,4,8,2006,3,1,1,2,2,1,1,1,1,1,1,1,1,2,7,6,1,3,,2,2
3,38,4,8,2006,2,1,1,2,2,1,1,1,1,1,1,1,1,2,14,6,1,3,,2,2
1,38,4,2,2006,1,1,1,2,2,1,4,1,1,1,1,1,1,2,10,6,1,1,,2,2
1,38,4,9,2006,,1,1,2,2,1,4,1,1,1,1,1,1,2,,6,,,,1,2
1,38,4,9,2006,3,1,1,2,2,1,1,1,1,1,1,1,1,2,9,6,1,1,,2,2
3,38,3,9,2006,1,1,1,2,2,1,4,1,1,1,1,1,1,2,14,6,1,1,,1,2
7,38,4,9,2006,2,1,1,2,2,1,1,1,1,1,1,1,1,2,8,6,1,1,35,2,2
7,38,4,9,2006,3,1,1,2,2,1,1,3,1,1,1,1,1,2,9,6,1,1,,2,2
7,38,4,10,2006,2,1,1,2,2,1,1,1,1,1,1,1,1,2,9,6,1,1,,2,2
6,38,4,10,2006,3,1,1,2,2,1,1,1,1,1,1,1,1,2,9,6,1,1,,2,2
7,38,4,10,2006,3,1,1,2,2,1,1,1,1,1,1,3,1,2,9,6,1,1,,2,2
6,38,4,10,2006,,1,1,2,2,1,1,1,1,1,1,1,1,2,9,6,1,1,,2,2
1,38,4,10,2006,3,1,1,2,2,1,1,1,1,1,1,3,1,2,9,6,1,1,,2,2
3,38,4,10,2006,2,1,1,2,2,1,1,1,1,1,1,3,1,2,9,5,1,1,,2,2
7,38,4,11,2006,2,1,1,2,2,1,1,1,1,1,1,1,1,2,12,6,1,1,,2,2
4,38,4,11,2006,2,1,1,2,2,4,1,1,1,1,1,3,1,2,17,6,1,1,,2,2
4,44,4,9,2006,3,1,1,2,2,1,1,1,1,1,1,2,1,2,9,6,1,1,,2,2
4,44,4,9,2006,1,1,1,2,2,1,2,1,1,1,1,3,1,2,14,6,1,1,,2,2
6,44,4,9,2006,4,1,1,2,2,1,4,1,1,1,1,1,1,2,9,6,1,1,,2,2
2,44,4,9,2006,1,1,1,2,2,1,3,1,1,1,1,3,1,2,13,6,1,1,,2,2
7,44,4,9,2006,1,1,1,2,2,1,4,1,1,1,1,1,1,2,9,6,1,1,,2,2
7,44,4,9,2006,3,1,1,2,2,1,1,1,1,1,1,5,1,2,13,6,1,1,,2,2
5,44,4,9,2006,3,1,1,2,2,1,1,1,1,1,1,1,1,2,9,6,1,1,,2,2
5,44,4,9,2006,2,1,1,2,2,1,2,1,1,1,1,1,1,2,4,6,1,1,,2,2
4,37,4,11,2006,1,1,1,2,2,1,2,1,1,1,1,3,1,2,4,6,1,1,,2,2
5,37,4,11,2006,1,1,1,2,2,1,2,1,1,1,1,3,1,2,,,,,,2,2
6,45,4,3,2006,4,1,1,2,2,1,1,1,1,1,1,1,1,2,14,6,1,1,,2,2
8,51,4,2,2006,2,1,1,2,2,1,1,1,1,1,1,2,1,2,9,6,1,1,28,2,2
8,51,4,5,2006,3,1,1,2,2,1,1,1,1,1,1,2,1,2,9,6,1,1,,2,2
8,51,4,5,2006,2,1,1,2,2,1,1,1,1,1,1,2,1,2,14,1,1,1,38,2,2
8,51,3,5,2006,2,1,1,2,2,1,1,1,1,1,1,3,1,2,9,6,1,1,,2,2
8,51,4,7,2006,2,1,1,2,1,1,1,1,1,1,1,2,1,2,4,6,1,1,28,2,2
1,51,4,11,2006,3,1,1,2,2,1,1,1,1,1,1,2,1,2,9,6,1,1,,2,2
3,51,4,11,2006,3,1,1,2,2,1,1,1,1,1,1,2,1,2,9,6,1,1,,2,2
2,45,4,11,2006,2,1,1,2,2,1,1,1,1,1,1,1,1,2,5,6,1,1,,2,2
6,45,4,11,2006,3,1,1,2,2,1,1,1,1,1,1,1,1,2,9,6,1,1,,2,2
2,45,3,11,2006,1,1,1,2,2,1,3,1,1,1,1,1,1,2,9,6,1,1,31,2,2
1,45,4,11,2006,4,1,1,2,2,1,2,1,1,1,1,1,1,2,9,6,1,1,,2,2
1,45,3,11,2006,3,1,1,2,2,1,1,1,1,1,1,1,1,2,9,6,1,1,,2,2
1,44,4,10,2006,1,1,1,2,2,1,4,1,1,1,1,5,1,1,14,6,1,1,,2,2
5,44,4,10,2006,2,1,1,2,2,1,2,1,1,1,1,1,1,2,9,6,1,1,,2,2
5,43,4,10,2006,2,1,1,2,1,1,1,1,1,1,1,1,1,2,9,6,1,1,,2,2
6,43,4,11,2006,4,1,1,2,1,1,1,1,1,1,1,3,1,2,5,6,1,1,,2,2
2,43,4,11,2006,3,1,1,2,2,1,1,1,1,1,1,1,1,2,9,6,1,1,30,2,2
6,43,3,11,2006,2,1,1,2,2,1,1,1,1,1,1,3,1,2,13,6,1,1,,2,2
4,43,3,11,2006,3,1,1,2,2,1,1,1,1,1,1,1,1,2,9,6,1,1,,2,2
2,43,4,11,2006,3,1,1,2,2,1,1,1,1,1,1,1,1,2,7,6,1,1,,2,2
7,44,4,10,2006,3,1,1,2,2,1,1,1,1,1,1,1,1,2,9,6,1,1,,2,2
7,44,4,10,2006,2,1,1,2,2,1,1,1,1,1,1,3,1,2,5,6,1,1,,2,2
7,44,4,10,2006,3,1,1,2,1,1,1,1,1,1,1,1,1,2,9,6,1,1,,2,2
5,44,4,10,2006,4,1,1,2,2,1,3,1,1,1,1,1,1,2,8,6,1,1,,2,2
3,44,4,10,2006,3,1,1,2,2,1,1,1,1,1,1,1,1,2,8,6,1,1,,2,2
7,44,4,10,2006,4,1,1,2,2,1,4,1,1,1,1,1,1,2,13,6,1,1,35,2,2
7,44,4,10,2006,4,1,1,2,2,1,3,1,1,1,1,3,1,2,15,6,1,1,28,2,2
1,39,4,11,2006,2,3,1,2,1,4,2,1,1,1,1,4,1,2,4,6,1,1,,2,2
4,39,4,11,2006,2,1,1,2,2,1,1,1,1,1,1,3,1,2,14,6,1,1,,2,2
4,39,4,11,2006,4,1,1,2,2,1,4,1,1,1,1,3,1,2,14,6,2,1,,2,2
4,39,4,11,2006,2,1,1,2,2,1,1,1,1,1,1,3,1,2,4,6,1,1,22,2,2
2,39,3,11,2006,4,1,1,2,1,1,2,1,1,1,1,3,1,2,6,6,1,1,30,2,2
2,39,4,11,2006,2,1,1,2,2,1,1,1,1,1,1,3,1,2,12,6,1,5,49,2,2
5,43,3,11,2006,2,1,1,2,2,1,1,1,1,1,1,1,1,2,9,6,1,1,,2,2
6,52,4,11,2006,3,1,1,2,2,1,1,1,1,1,1,3,1,2,4,6,1,1,30,2,2
10,47,4,12,2006,2,1,1,2,2,1,1,1,1,1,1,2,1,2,14,6,1,1,,2,2
3,47,4,10,2006,2,1,1,2,2,1,1,1,1,1,1,3,1,2,4,6,1,1,,2,2
1,48,3,7,2006,2,1,1,2,2,1,1,1,1,1,1,3,1,2,11,6,1,1,40,2,2
7,38,4,12,2006,3,1,1,2,2,1,1,1,1,1,1,3,1,2,9,6,1,1,,2,2
5,41,3,11,2006,2,1,1,2,1,1,1,1,1,1,1,1,1,2,9,6,1,1,,2,2
5,41,4,11,2006,3,3,3,2,1,1,1,1,1,1,1,1,1,1,14,6,2,1,,1,2
5,41,4,11,2006,3,1,1,2,2,1,1,2,1,1,1,1,1,2,8,6,1,1,,2,2
1,41,3,11,2006,2,1,1,2,2,1,1,1,1,1,1,1,1,2,9,6,1,1,,2,2
3,41,4,11,2006,2,1,1,2,2,1,1,4,1,3,2,4,1,2,17,6,1,3,35,2,2
6,41,4,11,2006,2,1,1,2,2,1,1,1,1,1,1,1,1,2,,6,1,1,,2,2
7,41,4,11,2006,2,1,1,2,2,1,2,1,1,1,1,1,1,2,9,6,1,1,,2,2
7,41,3,11,2006,2,1,1,2,1,1,2,1,1,1,1,2,2,1,6,6,2,1,,2,2
2,43,4,12,2006,3,1,1,2,2,1,1,1,1,1,1,1,1,2,9,6,1,1,28,2,2
2,43,4,12,2006,3,1,1,2,2,1,1,1,1,1,1,1,1,2,9,6,1,1,30,2,2
3,43,4,12,2006,3,1,1,2,2,1,1,1,1,1,1,1,1,2,9,6,1,1,,2,2
1,51,4,12,2006,2,1,1,2,2,1,1,1,1,1,1,2,1,2,9,6,1,1,,2,2
11,51,4,12,2006,3,1,1,2,2,1,1,1,1,1,1,3,1,2,17,6,1,1,30,2,2
4,36,4,12,2006,3,1,1,2,2,1,1,1,1,1,1,1,1,2,12,6,1,1,,2,2
3,36,4,11,2006,,1,1,2,2,1,1,1,1,1,1,1,1,2,8,6,1,1,,2,2
3,36,3,11,2006,2,1,1,2,2,1,1,1,1,1,1,1,1,2,9,6,1,1,,2,2
1,39,4,12,2006,4,3,1,2,2,1,4,1,1,1,1,1,1,2,4,6,1,1,,2,2
4,39,4,12,2006,3,1,1,2,2,1,1,2,1,1,1,4,1,2,4,6,1,1,28,2,2
1,52,4,12,2006,4,1,1,2,2,1,2,1,1,1,1,3,1,2,9,6,1,1,,2,2
10,52,4,7,2006,4,1,1,2,2,1,1,1,1,1,1,2,1,2,14,6,1,1,,2,2
4,52,4,12,2006,3,1,1,2,2,1,1,1,1,1,1,4,1,2,8,6,1,1,22,2,2
1,50,4,12,2006,2,1,1,2,2,1,1,1,1,1,1,1,1,2,6,6,1,1,,2,2
12,50,4,12,2006,2,1,1,2,2,1,1,1,1,1,1,1,1,2,9,6,1,1,35,2,2
3,50,4,12,2006,3,1,1,2,2,1,1,1,1,1,1,4,1,2,4,6,1,1,,2,2
13,50,4,12,2006,2,1,1,2,2,1,1,1,1,1,1,3,1,2,4,6,1,1,,2,2
13,50,4,12,2006,2,1,1,2,2,1,1,1,1,1,1,2,1,2,8,6,1,1,,2,2
6,45,4,12,2006,2,1,1,2,2,1,2,1,1,1,1,1,1,2,8,6,1,1,,2,2
1,45,4,12,2006,1,1,1,2,2,1,2,1,1,1,1,1,1,2,8,6,1,1,,2,2
4,45,4,12,2006,2,1,1,2,2,1,1,1,1,1,1,2,1,2,13,6,1,1,32,2,2
1,45,4,12,2006,2,1,1,2,2,1,1,1,1,1,1,1,1,2,6,6,1,1,,2,2
1,45,4,12,2006,2,1,1,2,2,1,1,1,1,1,1,2,1,2,8,6,1,1,,2,2
6,45,3,12,2006,2,1,1,2,2,1,1,1,1,1,1,1,1,2,8,6,1,1,,2,2
6,45,4,12,2006,4,1,1,2,2,1,2,1,1,1,1,1,1,2,8,6,1,1,,2,2
6,45,4,12,2006,2,1,1,2,2,1,1,1,1,1,1,1,1,2,8,6,1,1,,2,2
1,41,4,12,2006,1,1,1,2,2,1,4,1,1,1,1,1,1,2,,6,1,1,,2,2
1,41,4,12,2006,4,1,1,2,2,1,4,1,1,1,1,1,1,2,8,6,1,1,,2,2
1,41,4,12,2006,1,1,1,2,2,1,4,1,1,1,1,1,1,2,14,6,2,1,,2,2
5,41,4,12,2006,4,1,1,2,2,1,3,1,1,1,1,1,1,2,9,6,1,1,,2,2
5,41,3,11,2006,3,1,1,2,2,1,1,1,1,1,1,1,1,2,9,6,1,1,32,1,2
5,41,4,12,2006,4,1,1,2,2,1,3,1,1,1,1,1,1,2,7,6,1,1,,2,2
5,41,4,12,2006,4,1,1,2,2,1,3,1,1,1,1,3,1,2,,6,1,1,,2,2
5,41,4,12,2006,3,1,1,2,2,1,1,1,1,1,1,1,1,2,14,6,1,1,,1,2
4,41,2,12,2006,2,1,1,2,2,1,1,1,1,2,1,4,3,2,14,6,1,1,32,2,2
4,41,4,12,2006,2,1,1,2,2,1,1,1,1,1,1,3,1,2,13,6,1,1,,2,2
7,41,4,12,2006,2,1,1,2,2,1,1,1,1,1,1,3,1,2,,6,1,1,,2,2
7,41,4,12,2006,2,1,3,2,2,1,1,1,1,1,1,2,1,1,10,6,1,1,35,2,2
7,41,1,12,2006,2,1,1,2,1,1,2,1,1,1,1,2,1,2,9,6,1,1,,2,2
7,41,4,12,2006,4,1,1,2,2,1,1,1,1,1,1,3,1,2,9,6,1,1,,2,2
7,41,4,12,2006,,1,1,2,2,1,1,1,1,1,1,3,2,2,13,6,1,1,,2,2
7,41,4,12,2006,4,1,1,2,2,1,3,1,1,1,1,3,1,2,12,6,1,1,20,2,2
7,41,4,12,2006,4,1,1,2,2,1,2,1,1,1,1,3,1,1,,6,1,1,,2,2
7,41,4,12,2006,3,1,1,2,2,1,1,1,1,1,1,2,1,2,,6,1,1,,2,2
1,40,4,11,2006,4,1,1,2,2,1,1,1,1,1,1,1,1,2,8,6,1,1,,2,2
1,40,4,12,2006,3,1,1,2,2,1,1,1,1,1,1,2,2,,9,6,1,1,,2,2
1,40,3,12,2006,4,1,1,2,2,1,4,1,1,1,1,1,1,1,14,6,1,1,,2,2
7,40,4,11,2006,3,1,1,2,2,1,1,1,1,1,1,3,1,2,8,6,1,1,,2,2
7,40,4,11,2006,2,1,1,2,2,1,2,1,1,1,1,3,1,2,8,6,1,1,,2,2
5,40,4,12,2006,2,1,1,2,2,1,1,1,1,1,1,1,1,2,13,6,1,1,,2,2
4,40,3,11,2006,4,1,1,2,2,1,1,1,1,1,1,3,1,2,8,6,1,1,,2,2
6,40,3,1,2006,2,1,1,2,2,1,1,1,1,1,1,1,1,2,8,6,1,1,,2,2
6,40,4,3,2006,1,1,1,2,2,1,4,1,1,1,1,4,1,2,8,6,1,1,,2,2
6,40,4,12,2006,2,1,1,2,2,1,1,1,1,1,1,1,1,2,9,6,1,1,,2,2
6,40,4,12,2006,3,1,1,2,2,1,1,1,1,1,1,1,2,,9,6,1,1,,2,2
6,40,4,12,2006,2,1,1,2,2,1,1,1,1,1,1,1,1,2,9,6,1,1,,2,2
6,40,4,12,2006,1,1,1,2,2,1,4,1,1,1,1,1,1,2,,6,1,1,,2,2
3,40,4,11,2006,2,1,1,2,1,1,1,1,1,1,1,1,1,2,15,6,1,1,,2,2
3,40,3,11,2006,4,1,1,2,2,1,2,1,1,1,1,1,1,2,10,6,1,1,,2,2
3,40,4,12,2006,3,1,1,2,2,1,1,1,1,1,1,1,1,2,9,6,1,1,,2,2
4,44,4,11,2006,4,1,1,2,2,1,4,1,1,1,1,2,1,2,13,6,1,1,,2,2
3,44,4,11,2006,1,1,1,2,2,1,3,1,1,1,1,1,1,2,19,6,1,1,,2,2
3,44,4,11,2006,1,1,1,2,2,1,4,1,1,1,1,1,1,2,19,6,1,1,,2,2
6,44,4,11,2006,4,1,1,2,2,1,4,1,1,1,1,1,1,2,19,6,1,1,,2,2
6,44,4,11,2006,1,1,1,2,2,1,4,1,1,1,1,2,1,2,19,6,1,1,,2,2
7,44,4,11,2006,2,1,1,2,2,1,1,1,1,1,1,1,1,2,13,6,1,1,,2,2
7,44,4,11,2006,1,1,1,2,2,1,2,1,1,1,1,1,1,2,19,6,1,1,,2,2
5,44,4,11,2006,1,1,1,2,2,1,4,1,1,1,1,1,1,2,19,6,1,1,,2,2
5,44,4,11,2006,3,1,1,2,2,1,1,1,1,1,1,1,1,2,13,6,1,1,,2,2
12,47,4,12,2006,3,1,1,2,2,1,1,1,1,1,1,1,1,2,9,6,1,1,,2,2
12,47,4,12,2006,4,1,1,2,2,1,3,1,1,1,1,1,1,2,8,6,1,1,,2,2
10,47,4,12,2006,2,1,1,2,1,1,1,1,1,1,1,2,1,2,13,6,1,1,,2,2
8,47,4,12,2006,4,1,1,2,2,1,2,1,1,1,1,1,1,2,14,6,1,1,,2,2
8,47,4,11,2006,4,1,1,2,2,1,2,1,1,1,1,1,1,2,9,6,1,1,25,2,2
7,47,4,12,2006,2,1,1,2,2,1,1,1,1,1,1,1,1,2,6,1,1,1,,2,2
9,47,4,12,2006,4,1,1,2,2,1,4,1,1,1,1,1,1,2,9,6,1,1,,2,2
9,47,4,12,2006,3,1,1,2,2,1,1,1,1,1,1,1,1,2,9,6,1,1,,2,2
1,47,4,12,2006,3,1,1,2,2,1,1,1,1,1,1,1,1,2,9,6,1,1,,2,2
4,49,4,12,2006,2,1,1,2,2,1,1,1,1,1,1,3,1,2,9,6,1,1,28,2,2
2,49,3,12,2006,4,1,1,2,2,1,4,1,1,1,1,3,1,2,9,6,1,1,,2,2
3,49,4,12,2006,3,1,1,2,2,1,1,1,1,1,1,2,1,2,13,6,1,1,,2,2
6,46,4,12,2006,1,1,1,2,2,1,4,1,1,1,1,1,1,2,9,6,1,1,,2,2
6,46,4,12,2006,1,1,1,2,2,1,4,1,1,1,1,1,1,2,14,6,1,1,,2,2
5,46,4,12,2006,2,1,1,2,2,1,1,1,1,1,1,3,1,2,13,6,1,1,,2,2
2,46,4,11,2006,1,1,1,2,2,1,2,1,1,1,1,1,1,2,14,6,1,1,,2,2
2,46,4,11,2006,2,1,1,2,2,1,1,1,1,1,1,1,1,2,9,6,1,1,,2,2
2,46,4,11,2006,1,1,1,2,2,1,2,1,1,1,1,1,1,2,14,6,1,1,,2,2
2,46,4,12,2006,2,1,1,2,2,1,1,1,1,1,1,1,1,2,14,6,1,1,,2,2
2,46,4,12,2006,1,1,1,2,2,1,4,1,1,1,1,1,1,2,9,6,1,1,,2,2
4,46,4,12,2006,3,1,1,2,2,1,1,1,1,1,1,3,1,2,8,6,1,1,,2,2
4,46,4,12,2006,2,1,1,2,2,1,1,1,1,1,1,3,1,2,14,6,1,1,,2,2
1,46,4,11,2006,3,1,1,2,2,1,1,1,1,1,1,1,1,2,,6,1,1,,2,2
1,46,4,11,2006,4,1,1,2,2,1,4,1,1,1,1,1,1,2,14,6,1,1,,2,2
1,46,4,11,2006,4,1,1,2,2,1,4,1,1,1,1,3,1,2,1,6,1,1,,2,2
1,46,4,11,2006,4,1,1,2,2,2,4,1,1,1,1,1,1,2,9,6,1,1,,2,2
1,46,4,12,2006,4,1,1,2,2,1,4,1,1,1,1,1,1,2,8,6,1,1,,2,2
1,46,4,12,2006,3,1,1,2,2,1,1,1,1,1,1,1,1,2,9,6,1,1,,2,2
1,46,4,12,2006,3,1,1,2,2,1,1,1,1,1,1,3,1,2,8,6,1,1,,2,2
1,46,4,12,2006,3,1,1,2,2,1,1,1,1,1,1,2,1,2,14,6,1,1,,2,2
1,46,4,12,2006,2,1,1,2,2,1,1,1,1,1,1,1,1,2,9,6,1,1,,2,2
1,46,4,12,2006,4,1,1,2,2,1,2,1,1,1,1,1,1,2,8,6,1,1,,2,2
1,46,3,12,2006,3,1,1,2,2,1,1,1,1,1,1,1,1,2,8,6,1,1,,2,2
1,46,3,12,2006,3,1,1,2,2,1,1,1,1,1,1,1,1,2,7,6,1,1,,2,2
1,46,4,10,2006,2,1,1,2,2,2,1,1,1,1,1,1,1,2,9,6,1,1,,2,2
1,46,4,10,2006,3,1,1,2,2,1,1,1,1,1,1,1,1,2,14,9,1,1,,2,2
1,46,4,5,2006,3,1,1,2,1,1,1,1,1,1,1,1,1,2,9,6,1,1,,2,2
1,46,4,8,2006,2,1,1,2,2,1,1,1,1,1,1,1,1,2,6,6,1,1,,2,2
6,46,4,3,2006,2,1,1,2,2,1,1,1,1,1,1,1,1,2,9,6,1,1,,2,2
6,46,4,5,2006,2,1,1,2,2,1,1,1,1,1,1,1,1,2,9,6,1,1,,2,2
6,46,4,9,2006,4,1,1,2,2,1,2,1,1,1,1,1,1,2,9,6,1,1,,2,2
6,46,4,4,2006,2,1,1,2,1,1,1,1,1,1,1,1,1,2,8,6,1,1,,2,2
2,46,4,4,2006,1,1,1,2,1,1,4,1,1,1,1,1,1,2,19,6,1,1,,2,2
2,46,4,6,2006,3,1,1,2,2,1,1,1,1,1,1,1,1,2,4,6,1,1,,2,2
2,46,3,5,2006,2,1,1,2,2,1,1,1,1,1,1,1,1,2,9,6,1,1,,2,2
2,46,4,4,2006,2,1,1,2,2,1,1,1,1,1,1,1,1,2,8,6,1,1,,2,2
4,46,4,10,2006,3,1,1,2,2,1,1,1,1,1,1,3,1,2,8,6,1,1,,2,2
4,46,4,10,2006,4,1,1,2,2,1,1,1,1,1,1,3,1,2,8,6,1,1,,2,2
4,46,4,3,2006,2,1,1,2,2,1,1,1,1,1,1,3,1,2,9,6,1,1,,2,2
4,35,4,12,2006,2,1,1,2,2,1,1,1,1,1,1,3,1,2,9,6,1,1,,2,2
5,35,4,12,2006,4,1,1,2,2,1,1,1,2,1,1,3,1,2,8,6,1,1,,2,2
6,44,4,12,2006,2,1,1,2,2,1,1,1,1,1,1,1,1,2,9,6,1,1,,2,2
6,44,3,12,2006,3,1,1,2,2,1,1,1,1,1,1,1,1,2,9,6,1,1,,2,2
6,44,3,12,2006,3,1,1,2,2,1,1,1,1,1,1,1,1,2,14,6,1,1,,2,2
6,44,3,12,2006,3,1,1,2,2,1,1,1,1,1,1,1,1,2,5,6,1,1,,2,2
3,44,3,12,2006,3,1,1,2,2,1,1,1,1,1,1,1,1,2,14,6,1,1,,2,2
7,44,4,12,2006,4,1,1,2,2,1,4,1,1,1,1,1,1,2,8,6,1,1,,2,2
7,44,4,12,2006,4,1,1,2,2,1,4,1,1,1,1,1,1,2,8,6,1,1,,2,2
7,44,4,12,2006,3,1,1,2,2,1,1,1,1,1,1,1,1,2,8,6,1,1,,2,2
7,44,4,12,2006,4,1,1,2,2,1,4,1,1,1,1,1,1,2,8,6,1,1,,2,2
5,44,4,12,2006,2,1,1,2,2,1,1,1,1,1,1,1,1,2,8,6,1,1,,2,2
5,44,4,12,2006,4,1,1,2,2,1,1,1,1,1,1,1,1,2,9,6,1,1,,2,2
1,48,4,12,2006,2,1,1,2,2,1,1,1,1,1,1,3,1,2,4,6,1,1,50,2,2
1,39,3,9,2006,3,1,1,2,2,1,1,1,1,1,1,2,1,1,9,6,1,1,39,2,2
1,39,4,10,2006,2,1,1,2,2,1,1,1,1,1,1,2,1,1,9,6,1,1,,2,2
1,39,4,10,2006,3,1,1,2,2,1,2,1,1,1,1,1,1,2,9,6,1,1,,2,2
1,39,4,2,2006,3,1,1,2,2,1,1,1,1,1,1,1,1,2,9,6,1,1,25,2,2
4,39,4,2,2006,2,1,1,2,2,1,1,4,1,1,1,2,5,2,9,6,2,1,,2,2
3,39,4,8,2006,3,1,1,2,2,1,1,2,1,1,1,1,1,2,13,6,1,1,35,2,2
3,39,4,10,2006,2,3,1,2,2,1,1,1,1,1,1,1,1,2,10,6,1,1,,2,2
1,35,4,9,2006,2,1,1,2,2,1,1,1,1,1,1,1,1,2,9,6,1,1,30,1,2