Thana,District,Accident_Severity,Month,Year,Time,Junction_Type,Traffic_Control,Movement,Divider,Weather,Light,Road_Geometry,Surface_Condition,Surface_Type,Surface_Quality,Road_Class,Road_Feature,Location_Type,Vehicle_Type,Vehicle_Movement,Vehicle_Loading,Vehicle_Defect,Vehicle_Driver_Age,Vehicle_Alcohol,Vehicle_Seat_Belt
3,35,3,8,2006,4,1,1,2,2,1,2,2,1,1,1,4,1,2,14,1,1,1,35,1,2
1,35,4,3,2006,1,1,1,2,2,1,4,1,1,1,1,,1,2,9,6,1,1,,2,2
3,36,1,1,2006,2,1,1,2,2,1,2,1,1,1,1,1,1,2,,6,1,1,,2,2
2,36,2,5,2006,1,1,7,2,1,2,1,1,1,1,1,1,1,2,9,6,1,3,40,2,2
1,36,4,8,2006,3,1,1,2,2,1,1,1,1,1,1,1,1,2,9,6,1,5,,2,2
8,38,4,9,2006,2,1,1,2,2,1,1,4,2,2,2,,1,2,14,1,1,1,40,2,2
1,47,4,9,2006,3,3,1,2,1,1,1,1,1,1,1,1,1,2,9,6,1,1,32,1,2
5,47,4,9,2006,2,1,1,2,2,1,1,1,1,1,1,1,1,2,7,5,1,1,41,2,2
8,47,4,9,2006,1,1,1,2,2,1,4,1,1,1,1,1,1,2,19,6,1,1,,2,2
17,42,4,1,2006,4,1,4,1,1,1,3,1,1,1,1,5,1,1,9,6,1,1,25,2,2
17,42,4,1,2006,3,1,1,1,1,1,1,1,1,1,1,5,1,1,19,6,,,,,
17,42,4,1,2006,2,1,1,1,1,1,1,1,1,1,1,5,1,1,9,6,1,1,,2,2
17,42,4,1,2006,3,1,1,1,1,1,1,1,1,1,1,5,1,1,19,6,1,1,40,2,2
17,42,4,2,2006,2,1,4,1,1,1,2,1,1,1,1,5,1,1,7,6,1,1,,2,2
17,42,3,2,2006,2,1,4,1,1,1,1,1,1,1,1,5,1,1,8,6,1,1,32,2,2
6,42,4,1,2006,3,1,1,2,1,1,1,1,1,1,1,5,1,1,9,6,1,1,,2,2
6,42,4,1,2006,3,1,1,2,1,1,1,1,1,1,1,5,1,1,9,6,1,1,38,2,2
6,42,4,2,2006,1,1,1,2,1,1,3,1,1,1,1,5,1,1,14,6,1,1,,2,2
6,42,4,2,2006,2,1,1,2,1,1,1,1,1,1,1,5,1,1,9,6,1,1,,2,2
6,42,4,2,2006,1,1,1,2,1,1,2,1,1,1,1,5,1,1,14,6,1,1,,2,2
6,42,4,2,2006,3,1,1,2,1,1,1,1,1,1,1,5,1,1,14,6,1,1,,2,2
9,42,2,1,2006,1,3,6,1,1,1,3,1,1,1,1,5,1,1,14,6,1,1,,1,2
9,42,4,1,2006,4,1,1,1,1,1,3,1,1,1,1,5,1,1,19,6,1,1,,,
9,42,4,1,2006,3,1,4,1,1,1,1,1,1,1,1,5,1,1,8,6,1,1,,2,2
9,42,4,2,2006,1,1,1,1,1,1,3,1,1,1,1,5,1,1,10,6,1,1,,2,2
2,42,3,2,2006,3,1,1,1,1,1,1,1,1,1,1,5,1,1,8,6,1,1,25,2,2
2,42,3,2,2006,2,1,1,1,1,1,1,1,1,1,1,5,1,1,8,6,1,1,,2,2
2,42,4,2,2006,3,1,1,1,1,1,1,1,1,1,1,5,1,1,8,6,1,1,,2,2
2,42,3,2,2006,4,1,1,1,1,1,3,1,1,1,1,5,1,1,7,6,1,1,20,2,2
12,42,3,1,2006,3,3,6,2,1,1,1,1,1,1,1,5,1,1,9,6,1,1,,2,2
12,42,4,1,2006,2,1,1,2,2,1,2,1,1,1,1,5,1,1,19,6,,,,,2
12,42,4,1,2006,2,1,1,1,1,1,1,1,1,1,1,5,1,1,14,6,1,1,,2,2
13,42,3,1,2006,4,7,1,2,1,1,2,2,1,1,1,1,1,1,9,6,1,,28,1,2
17,42,3,4,2006,3,1,4,1,1,1,1,1,1,1,1,5,1,1,8,6,,,,,2
17,42,4,4,2006,1,1,1,1,1,1,2,1,1,1,1,5,1,1,19,6,,,,,
17,42,4,5,2006,3,1,4,1,1,1,1,1,1,1,1,5,1,1,19,6,,,,,2
8,42,3,3,2006,3,1,4,1,1,1,1,1,1,1,1,5,1,1,10,6,1,,18,,2
8,42,4,6,2006,4,1,4,1,1,1,3,1,1,1,1,5,1,1,19,6,1,1,,,
1,42,4,1,2006,3,4,4,1,1,1,1,1,1,1,1,5,1,1,9,6,,,,,2
1,42,4,1,2006,2,5,4,2,1,1,1,1,1,1,1,5,1,1,9,6,,,,,2
1,42,4,1,2006,1,1,4,1,1,1,3,1,1,1,1,5,1,1,14,6,,,,,2
1,42,4,1,2006,2,1,4,1,1,1,1,1,1,1,1,5,1,1,9,6,,,28,,2
1,42,4,2,2006,2,5,4,2,1,1,1,1,1,1,1,5,1,1,9,6,,,,,2
1,42,4,1,2006,2,1,1,1,1,1,1,1,1,1,1,5,1,1,9,6,,,34,,2
1,42,2,2,2006,4,5,4,2,1,1,3,1,1,1,1,5,1,1,9,6,,,,,2
1,42,3,3,2006,4,3,4,2,1,1,3,1,1,1,1,5,1,1,9,6,,,30,,2
1,42,4,3,2006,2,1,4,1,1,1,1,1,1,1,1,5,1,1,9,6,,,,,2
1,42,4,3,2006,3,1,4,1,2,1,1,1,1,1,1,5,1,1,10,6,,,,,
1,42,4,3,2006,4,1,4,1,1,1,3,1,1,1,1,5,1,1,15,6,,,,,2
1,42,4,4,2006,2,1,2,2,2,2,1,2,2,2,2,5,1,1,8,6,,,32,,2
1,42,2,4,2006,3,1,4,1,1,1,1,1,1,1,1,5,1,1,14,6,,,,,2
1,42,3,5,2006,2,1,4,1,1,1,1,1,1,1,1,5,1,1,10,6,,,,,2
1,42,4,5,2006,3,1,4,1,1,1,1,1,1,1,1,5,1,1,8,6,,,,,2
9,42,3,3,2006,1,1,4,2,1,1,3,1,1,1,1,5,1,1,14,6,1,1,,2,2
9,42,4,3,2006,2,1,1,2,1,1,1,1,1,1,1,5,1,1,9,6,1,1,25,2,2
9,42,4,3,2006,1,1,4,2,1,1,3,1,1,1,1,5,1,1,10,6,1,1,,1,2
9,42,3,4,2006,2,1,4,2,1,1,1,1,1,1,1,5,1,1,7,6,1,1,,2,2
9,42,4,4,2006,3,1,4,2,1,1,3,1,1,1,1,5,1,1,19,6,1,1,,1,2
9,42,4,4,2006,1,1,4,2,1,1,2,1,1,1,1,5,1,1,8,6,1,1,,2,2
9,42,4,4,2006,2,1,4,2,1,1,1,1,1,1,1,5,1,1,4,6,1,1,,2,2
9,42,4,5,2006,2,1,4,2,1,1,1,1,1,1,1,5,1,1,5,6,1,1,,2,2
9,42,4,5,2006,2,1,4,2,1,1,1,1,1,1,1,5,1,1,8,6,1,1,,2,2
6,42,4,4,2006,2,1,4,2,1,1,1,1,1,1,1,1,1,1,10,6,1,1,,1,2
6,42,3,4,2006,4,2,4,2,1,1,3,1,1,1,1,1,1,1,14,6,1,1,,2,2
6,42,4,4,2006,2,1,4,2,1,1,1,1,1,1,1,5,1,1,9,6,1,1,35,1,2
6,42,4,4,2006,3,1,4,2,1,1,1,1,1,1,1,1,1,1,9,6,1,1,24,,2
6,42,4,4,2006,4,1,1,2,1,1,2,1,1,1,1,1,1,1,10,6,1,1,,2,2
6,42,4,4,2006,2,1,1,2,1,1,1,1,1,1,1,5,1,1,9,6,1,1,,2,2
6,42,4,4,2006,4,1,1,2,2,1,1,1,1,1,1,5,1,1,12,6,1,1,,2,2
6,42,3,4,2006,3,1,4,2,1,1,1,1,1,1,1,5,1,1,9,6,1,1,,2,2
6,42,4,5,2006,4,1,4,2,1,1,3,1,1,1,1,1,1,1,9,6,1,1,,,2
6,42,4,5,2006,1,1,1,2,1,1,1,1,1,1,1,1,1,1,10,6,1,1,,2,2
6,42,4,6,2006,1,1,2,2,2,1,2,1,1,1,1,5,1,1,10,6,1,1,,,2
6,42,4,6,2006,4,1,4,2,1,1,3,1,1,1,1,5,1,1,15,6,1,1,26,,2
6,42,4,7,2006,3,1,1,2,1,1,1,1,1,1,1,1,1,1,8,6,1,1,,2,2
6,42,4,7,2006,3,1,1,2,2,1,1,1,1,1,1,5,1,1,12,6,1,1,,,2
6,42,4,5,2006,2,1,1,2,1,1,1,1,1,1,1,1,1,1,10,6,1,1,,2,2
6,42,3,7,2006,3,1,4,2,1,1,1,1,1,1,1,1,1,1,9,6,1,1,,1,2
6,42,4,7,2006,4,5,4,2,1,1,1,1,1,1,1,5,1,1,9,6,1,1,,,2
6,42,4,7,2006,2,1,1,2,1,1,1,1,1,1,1,1,1,1,9,6,1,1,,2,2
1,42,4,6,2006,4,1,1,1,1,1,1,1,1,1,1,5,1,1,9,6,,,,,2
1,42,4,6,2006,3,2,4,1,1,1,1,1,1,1,1,5,1,1,9,6,,,,,2
1,42,4,6,2006,2,2,4,1,1,1,1,1,1,1,1,5,1,1,7,6,,,,,2
1,42,2,7,2006,2,1,4,1,1,1,1,1,1,1,1,5,1,1,10,6,,,,,2
12,42,4,2,2006,3,3,4,2,1,1,1,1,1,1,1,5,1,1,9,6,,,,,2
12,42,4,2,2006,3,1,4,2,1,1,1,1,1,1,1,5,1,1,9,6,,,25,,2
12,42,2,4,2006,3,1,1,1,1,1,1,1,1,1,1,5,1,1,10,6,,,24,,
12,42,3,4,2006,4,1,4,2,1,1,3,1,1,1,1,5,1,1,14,6,,,,,2
12,42,4,5,2006,1,1,1,1,1,1,3,1,1,1,1,5,1,1,10,6,,,,,2
12,42,4,5,2006,2,1,1,2,1,1,1,1,1,1,1,5,1,1,10,6,,,,,2
12,42,4,5,2006,3,1,1,2,1,1,1,1,1,1,1,5,1,1,12,6,,,,,2
12,42,4,6,2006,2,1,1,2,1,1,1,1,1,1,1,5,1,1,19,6,,,,,
9,42,4,6,2006,4,3,4,1,1,1,2,1,1,1,1,5,1,1,8,6,,,35,,2
9,42,4,7,2006,3,1,1,1,1,1,1,1,1,1,1,5,1,1,9,6,,,,,
9,42,4,7,2006,3,1,1,1,1,1,1,1,1,1,1,5,1,1,6,6,,,,,2
9,42,4,7,2006,1,1,4,2,2,1,3,1,1,1,1,5,1,1,14,6,,,,,2
9,42,4,7,2006,1,1,1,1,1,1,1,1,1,1,1,5,1,1,14,6,,,,,2
9,42,4,8,2006,3,1,4,1,1,1,1,1,1,1,1,5,1,1,9,6,,,,,2
9,42,4,8,2006,3,1,1,1,1,1,1,1,1,1,1,5,1,1,9,6,,,35,,2
9,42,4,8,2006,4,2,4,1,1,1,3,1,1,1,1,5,1,1,8,6,,,,,2
9,42,3,7,2006,2,1,1,1,1,1,1,1,1,1,1,5,1,1,12,6,,,,,2
9,42,4,8,2006,1,1,1,1,1,1,1,1,1,1,1,5,1,1,10,8,,,,,
9,42,2,8,2006,2,1,4,2,2,1,1,1,1,1,1,5,1,1,10,6,,,,,
11,42,4,1,2006,3,1,4,1,1,1,1,1,1,1,1,1,1,1,9,6,,,,,2
11,42,4,1,2006,2,1,1,2,1,1,1,1,1,1,1,5,1,1,5,6,1,1,,2,2
11,42,4,2,2006,1,1,4,2,1,1,2,1,1,1,1,1,1,1,9,6,1,1,,2,2
11,42,4,2,2006,2,1,1,2,1,1,1,1,1,1,1,5,1,1,9,6,1,1,,1,2
11,42,4,2,2006,1,1,4,2,1,1,3,1,1,1,1,5,1,1,14,6,2,1,,1,2
11,42,3,3,2006,2,1,1,2,1,1,1,1,1,1,1,5,1,1,9,6,,,30,,2
11,42,4,3,2006,1,1,1,2,1,1,3,1,1,1,1,5,1,1,19,6,,,,,
11,42,4,3,2006,2,1,4,2,1,1,1,1,1,1,1,5,1,1,7,6,,,,,2
11,42,3,4,2006,2,1,4,2,1,1,1,1,1,1,1,1,1,1,14,6,2,1,,1,2
11,42,4,4,2006,1,1,4,2,1,1,3,1,1,1,1,5,1,1,5,6,1,3,,1,2
11,42,4,4,2006,3,1,4,2,1,1,3,1,1,1,1,1,1,1,14,6,2,1,,2,2
11,42,4,4,2006,2,1,4,1,1,1,1,1,1,1,1,5,1,1,9,6,,,,,2
11,42,4,4,2006,4,1,4,2,1,1,3,1,1,1,1,5,1,1,14,6,2,1,,2,2
11,42,3,1,2006,4,1,4,2,1,1,3,1,1,1,1,5,1,1,8,6,1,1,,2,2
11,42,3,2,2006,3,1,1,2,1,1,1,1,1,1,1,5,1,1,8,6,1,1,,2,2
11,42,4,2,2006,2,1,4,2,1,1,1,1,1,1,1,5,1,1,8,6,1,1,,2,2
11,42,4,4,2006,4,1,4,2,1,1,3,1,1,1,1,5,1,1,15,6,1,1,,2,2
11,42,4,5,2006,3,1,4,2,1,1,1,1,1,1,1,1,1,1,9,6,2,1,,2,2
11,42,3,5,2006,3,1,4,1,1,1,1,1,1,1,1,1,1,1,14,6,,,,,2
11,42,4,5,2006,4,1,1,2,1,1,3,1,1,1,1,1,1,1,8,6,1,1,,2,2
11,42,4,5,2006,3,1,1,2,1,1,1,1,1,1,1,1,1,1,9,6,1,1,,2,2
11,42,4,5,2006,3,1,1,2,1,1,1,1,1,1,1,5,1,1,9,6,1,1,,2,2
11,42,4,6,2006,3,1,1,2,1,1,1,1,1,1,1,5,1,1,9,6,1,1,,2,2
11,42,4,6,2006,1,1,1,2,1,1,3,1,1,1,1,5,1,1,14,6,2,1,,2,2
11,42,3,6,2006,3,1,1,2,1,1,1,1,1,1,1,5,1,1,8,6,1,1,29,2,2
11,42,3,6,2006,3,1,1,2,1,1,1,1,1,1,1,5,1,1,10,6,1,1,16,2,2
11,42,4,6,2006,4,1,1,1,1,1,3,1,1,1,1,5,1,1,9,,1,1,,2,2
11,42,4,6,2006,4,1,3,2,1,1,3,1,1,1,1,5,1,1,19,6,2,1,,2,2
11,42,4,6,2006,4,1,4,2,1,1,3,1,1,1,1,1,1,1,19,6,1,1,,2,2
11,42,4,7,2006,3,1,1,2,1,1,1,1,1,1,1,5,1,1,5,6,,,,,2
11,42,4,7,2006,4,3,4,2,1,1,2,1,1,1,1,5,1,1,19,6,,,,,
3,42,4,2,2006,4,3,1,2,1,1,3,1,1,1,1,1,1,1,9,6,,,29,2,
3,42,4,2,2006,2,1,1,2,1,1,1,1,1,1,1,5,1,1,14,6,,,,,2
3,42,4,5,2006,3,3,4,2,1,1,1,1,1,1,1,5,1,1,16,6,,,,,2
3,42,4,5,2006,2,1,1,1,1,1,1,1,1,1,1,5,1,1,14,6,,,,,2
3,42,4,6,2006,2,1,1,1,1,1,1,1,1,1,1,5,1,1,12,6,,,,,2
3,42,4,7,2006,1,3,4,2,1,1,3,1,1,1,1,1,1,1,9,6,,,,,2
3,42,4,8,2006,1,3,1,2,1,1,2,1,1,1,1,1,1,1,14,6,,,,,2
3,42,4,8,2006,2,3,1,2,1,1,1,1,1,1,1,1,1,1,14,6,,,,,2
3,42,3,8,2006,3,3,1,2,1,1,1,1,1,1,1,1,1,1,9,6,,,,,2
27,42,4,5,2006,4,2,4,1,1,1,2,1,1,1,1,5,1,1,9,6,,,,,2
2,42,3,3,2006,2,1,4,2,2,2,1,2,2,2,2,5,1,1,9,6,,,,,2
2,42,3,3,2006,2,2,4,1,1,1,1,1,1,1,1,5,1,1,14,6,,,,,2
2,42,4,3,2006,4,2,4,1,1,1,3,1,1,1,1,5,1,1,9,6,,,,,2
2,42,4,3,2006,2,1,4,2,2,1,1,1,1,1,1,5,1,1,9,6,,,,,2
2,42,4,4,2006,1,1,1,1,1,1,3,1,1,1,1,5,1,1,19,6,,,,,
2,42,4,4,2006,4,3,4,1,1,1,1,1,1,1,1,5,1,1,9,6,,,,,2
2,42,4,5,2006,1,2,4,1,1,1,3,1,1,1,1,5,1,1,14,6,,,30,,2
2,42,4,5,2006,4,2,4,1,1,1,3,1,1,1,1,5,1,1,14,6,,,,,2
1,42,2,8,2006,3,1,4,1,1,1,1,1,1,1,1,5,1,1,8,6,,,,,2
1,42,4,8,2006,3,3,4,1,1,1,1,1,1,1,1,5,1,1,8,6,,,20,,2
1,42,3,10,2006,3,1,1,1,1,1,1,1,1,1,1,5,1,1,8,6,,,28,,2
1,42,4,10,2006,4,2,4,1,1,1,3,1,1,1,1,5,1,1,8,6,,,37,,2
9,42,4,9,2006,3,1,4,1,1,1,1,1,1,1,1,5,1,1,19,6,,,23,,
9,42,4,10,2006,4,1,4,1,1,1,3,1,1,1,1,5,1,1,9,6,,,,,2
9,42,3,10,2006,2,1,1,1,1,1,1,1,1,1,1,5,1,1,8,6,,,27,,2
9,42,4,10,2006,4,1,1,1,1,3,3,1,1,1,1,5,1,1,9,6,,,,,2
9,42,4,10,2006,4,1,1,1,1,1,2,1,1,1,1,5,1,1,14,6,,,,,2
18,42,4,1,2006,4,1,4,1,1,1,3,1,1,1,1,5,1,1,14,6,,,,,2
18,42,4,2,2006,2,1,1,1,1,1,1,1,1,1,1,5,1,1,14,6,,,,,2
18,42,4,2,2006,2,1,1,1,1,1,1,1,1,1,1,5,1,1,10,6,,,,,2
18,42,3,2,2006,1,1,1,1,1,1,3,1,1,1,1,5,1,1,14,6,,,32,,2
18,42,4,3,2006,2,1,1,1,1,1,1,1,1,1,1,5,1,1,19,6,2,6,,,2
18,42,4,3,2006,2,1,1,1,1,1,1,1,1,1,1,5,1,1,8,6,2,6,,,2
18,42,4,3,2006,3,1,1,1,1,1,1,1,1,1,1,5,1,1,8,6,2,6,,,2
18,42,4,4,2006,2,1,1,1,1,1,1,1,1,1,1,5,1,1,12,6,,,,,2
18,42,4,5,2006,2,1,1,2,2,1,1,1,1,1,1,5,1,1,9,6,,6,,,2
18,42,4,5,2006,1,1,4,1,1,1,3,1,1,1,1,5,1,1,19,6,,,,,
18,42,4,6,2006,4,1,1,1,1,1,3,1,1,1,1,5,1,1,15,6,,,,,2
18,42,4,8,2006,3,1,1,1,1,1,1,1,1,1,1,5,1,1,10,6,,,30,,
18,42,4,6,2006,3,1,1,1,1,1,2,1,1,1,1,5,1,1,5,6,,,,,2
4,42,4,3,2006,1,2,1,1,1,1,3,1,1,1,1,5,1,1,13,6,1,1,,2,2
4,42,3,4,2006,3,1,1,1,2,1,1,1,1,1,1,5,1,1,8,6,1,1,30,2,2
4,42,4,4,2006,2,1,1,2,2,1,1,1,1,1,1,5,1,1,19,6,1,1,42,2,2
4,42,4,5,2006,1,1,1,2,2,1,3,1,1,1,1,5,1,1,14,6,1,1,46,2,2
4,42,3,4,2006,4,3,4,1,1,1,3,1,1,1,1,5,1,1,8,6,1,1,35,2,2
4,42,4,5,2006,3,1,1,1,2,1,1,1,1,1,1,5,1,1,5,6,1,1,30,2,2
4,42,4,6,2006,3,2,4,2,1,1,1,1,1,1,1,5,1,1,9,6,1,1,38,2,2
4,42,4,6,2006,1,1,1,2,2,1,2,1,1,1,1,5,1,1,14,6,1,1,34,2,2
4,42,4,6,2006,2,1,1,1,1,1,1,1,1,1,1,5,1,1,8,6,1,1,30,2,2
4,42,4,7,2006,4,2,4,1,1,1,3,1,1,1,1,5,1,1,10,6,1,1,39,2,2
4,42,4,8,2006,1,2,4,1,1,1,2,1,1,1,1,5,1,1,19,6,1,1,39,2,2
4,42,3,9,2006,3,1,1,1,1,1,1,1,1,1,1,5,1,1,8,6,1,1,26,2,2
4,42,4,10,2006,1,1,1,1,1,1,3,1,1,1,1,5,1,1,14,6,1,1,56,2,2
21,42,4,1,2006,1,1,1,1,1,1,3,1,1,1,1,5,1,1,8,6,,,,,2
21,42,4,1,2006,3,1,1,2,2,1,2,1,1,1,1,5,1,1,14,6,,,,,2
21,42,4,2,2006,4,1,1,2,2,1,3,1,1,1,1,5,1,1,5,6,,,,,2
21,42,4,3,2006,4,1,1,2,2,1,3,1,1,1,1,1,1,1,14,6,,,,,2
21,42,4,4,2006,1,1,1,2,2,1,3,1,1,1,1,5,1,1,19,6,,,,,
21,42,4,4,2006,2,1,1,1,1,1,1,1,1,1,1,5,1,1,9,6,,,27,,2
21,42,4,4,2006,1,1,1,2,2,1,2,1,1,1,1,5,1,1,19,6,,,,,
21,42,4,4,2006,4,1,1,1,1,1,3,1,1,1,1,1,1,1,14,6,,,,,2
21,42,4,7,2006,3,1,1,,,1,1,1,1,1,1,5,1,1,10,6,,,,,
12,42,4,7,2006,3,1,4,2,1,1,1,1,1,1,1,5,1,1,19,6,1,1,,2,2
12,42,4,8,2006,1,1,1,2,1,1,3,1,1,1,1,5,1,1,19,6,1,1,,2,2
12,42,4,8,2006,3,1,1,2,1,1,2,1,1,1,1,5,1,1,19,6,1,1,,2,
12,42,4,8,2006,3,3,4,1,1,1,1,1,1,1,1,5,1,1,9,6,,,,,2
12,42,4,9,2006,4,1,1,2,1,1,3,1,1,1,1,5,1,1,9,6,,,45,,2
12,42,4,9,2006,4,1,1,2,1,1,2,1,1,1,1,5,1,1,9,6,1,1,,2,2
12,42,4,10,2006,1,1,1,1,1,1,3,1,1,1,1,5,1,1,9,6,1,1,30,2,2
2,42,4,10,2006,1,1,1,1,1,1,2,1,1,1,1,5,1,1,19,6,,,,,
17,42,4,7,2006,2,3,4,1,1,1,1,1,1,1,1,5,1,1,9,6,,,,,2
17,42,3,9,2006,3,1,1,1,1,1,1,1,1,1,1,5,1,1,12,6,,,,,2
11,42,4,8,2006,2,1,4,1,1,1,1,1,1,1,1,5,1,1,8,6,,,,,2
11,42,4,8,2006,2,1,1,1,1,1,1,1,1,1,1,5,1,1,8,6,,,,,2
11,42,4,8,2006,3,1,1,1,1,1,1,1,1,1,1,5,1,1,14,6,,,,,2
11,42,4,9,2006,2,1,1,1,1,1,1,1,1,1,1,5,1,1,8,6,,,,,2
11,42,4,9,2006,1,1,3,1,1,1,3,1,1,1,1,5,1,1,8,6,,,,,2
11,42,4,10,2006,2,1,1,1,1,1,1,1,1,1,1,5,1,1,9,6,,,40,,2
11,42,4,10,2006,4,1,1,1,1,1,3,1,1,1,1,5,1,1,8,6,,,,,2
15,42,2,11,2006,4,1,1,1,1,1,3,1,1,1,1,5,1,1,8,6,,,,,2
15,42,4,12,2006,1,1,1,1,1,1,3,1,1,1,1,5,1,1,14,6,,,,,2
12,42,4,11,2006,4,1,1,2,1,1,2,1,1,1,1,5,1,1,16,6,,,,2,2
12,42,4,11,2006,2,1,4,2,1,1,1,1,1,1,1,5,1,1,12,6,1,1,,2,2
12,42,4,11,2006,3,1,4,2,1,1,1,1,1,1,1,5,1,1,1,1,1,,,2,2
12,42,4,11,2006,1,3,4,2,1,1,3,1,1,1,1,5,1,1,19,6,1,1,,2,2
12,42,4,11,2006,2,3,4,1,1,1,1,1,1,1,1,5,1,1,19,6,,,,,
12,42,4,11,2006,2,1,4,2,1,1,1,1,1,1,1,5,1,1,9,6,1,1,,2,2
12,42,4,11,2006,2,1,1,2,1,1,1,1,1,1,1,5,1,1,9,6,1,1,,2,
12,42,4,12,2006,3,3,4,2,1,1,1,1,1,1,1,5,1,1,9,6,1,1,,1,2
12,42,3,12,2006,2,1,4,2,1,1,1,1,1,1,1,5,1,1,7,6,1,1,,2,2
8,42,3,8,2006,2,1,2,1,1,1,1,1,1,1,1,5,1,1,10,6,,,,,
8,42,4,9,2006,4,2,4,1,1,1,3,1,1,1,1,5,1,1,19,6,,,,,
8,42,4,9,2006,2,1,1,1,1,1,1,1,1,1,1,5,1,1,19,6,,,,,
8,42,3,12,2006,2,1,1,1,1,1,1,1,1,1,1,5,1,1,7,6,,,45,,2
8,42,3,12,2006,2,1,1,1,1,1,1,1,1,1,1,5,1,1,8,6,,,22,,2
8,42,4,12,2006,3,1,1,1,1,1,1,1,1,1,1,5,1,1,10,6,,,27,,
8,42,4,12,2006,2,1,1,1,1,1,1,1,1,1,1,5,1,1,12,6,,,,,2
29,42,4,9,2006,4,1,4,1,1,1,3,1,1,1,1,5,1,1,11,6,,,30,,2
29,42,3,10,2006,2,1,1,1,1,1,1,1,1,1,1,5,1,1,7,6,,,,,2
29,42,4,10,2006,2,1,1,1,1,1,1,1,1,1,1,5,1,1,14,6,,,,,2
29,42,4,10,2006,4,1,3,1,1,1,3,1,1,1,1,5,1,1,8,6,,,32,,2
4,42,4,11,2006,2,1,1,1,1,1,1,1,1,1,1,5,1,1,8,6,1,1,25,2,2
4,42,4,12,2006,1,1,1,1,1,1,3,1,1,1,1,5,1,1,14,6,1,1,56,2,2
24,42,4,1,2006,1,2,4,2,2,1,2,1,1,1,1,1,1,1,9,6,,,,,2
24,42,3,3,2006,4,1,1,2,2,1,3,1,1,1,1,1,1,1,10,6,,,,,
24,42,4,3,2006,4,1,1,2,2,1,3,1,1,1,1,1,1,1,9,6,,,,,2
24,42,4,5,2006,4,1,1,2,2,1,3,1,1,1,1,5,1,1,,,,,,,
24,42,4,6,2006,1,1,1,2,2,1,3,1,1,1,1,1,1,1,,,,,,,
24,42,2,9,2006,3,2,4,2,2,1,1,1,1,1,1,1,1,1,9,6,,,25,,2
24,42,4,11,2006,2,3,4,2,2,1,1,1,1,1,1,1,1,1,6,6,,,,,2
26,42,4,2,2006,2,1,1,2,2,1,1,1,1,1,1,5,1,1,14,6,,,24,2,2
32,42,4,9,2006,2,2,4,1,1,1,1,1,1,1,1,5,1,1,9,6,,,,,2
32,42,4,10,2006,2,2,4,1,1,1,1,1,1,1,1,5,1,1,8,6,,,28,,2
32,42,4,12,2006,2,3,4,1,1,1,1,1,1,1,1,5,1,1,5,6,,,,,2
14,42,4,2,2006,2,1,4,1,1,1,1,1,1,1,1,1,1,1,14,6,,,,,2
14,42,4,4,2006,2,3,4,2,1,1,2,1,1,1,1,1,1,1,7,6,,,,,2
14,42,3,3,2006,2,1,1,1,1,1,1,1,1,1,1,5,1,1,13,6,,,,,2
14,42,3,4,2006,2,1,1,2,1,1,1,1,1,1,1,1,1,1,9,6,,,20,,2
14,42,4,5,2006,1,3,4,2,1,1,3,1,1,1,1,1,1,1,14,6,,,,,2
14,42,4,5,2006,1,1,7,1,1,3,3,1,1,1,1,1,1,1,9,6,,,,,2
14,42,4,5,2006,1,1,1,1,1,1,3,1,1,1,1,5,1,1,4,6,,,,,2
14,42,3,6,2006,1,1,1,2,2,1,3,1,1,1,1,5,1,1,10,6,,,,,2
14,42,3,8,2006,3,1,1,2,2,1,1,1,1,1,1,5,1,1,11,6,,,35,,2
14,42,4,9,2006,2,1,1,2,2,1,1,1,1,1,1,1,1,1,9,6,,,,,2
15,42,4,1,2006,3,1,5,2,2,1,1,1,1,1,1,5,1,1,8,6,1,1,,2,2
15,42,3,1,2006,3,1,1,2,2,1,1,1,1,1,1,5,1,1,10,6,1,1,22,2,2
15,42,4,2,2006,3,1,1,1,1,1,1,1,1,1,1,5,1,1,14,6,1,1,24,2,2
15,42,4,2,2006,2,1,1,2,2,1,2,1,1,1,1,5,1,1,14,6,1,1,25,2,2
15,42,4,2,2006,1,1,1,2,2,1,3,1,1,1,1,5,1,1,12,6,1,1,22,1,2
15,42,4,3,2006,2,1,1,2,2,1,1,1,1,1,1,5,1,1,9,6,,,,,2
15,42,4,3,2006,4,1,1,2,2,1,2,1,1,1,1,5,1,1,14,6,,,,,2
15,42,3,3,2006,2,1,1,2,2,1,1,1,1,1,1,1,1,1,10,6,,,,,
15,42,3,3,2006,2,1,1,2,2,1,1,1,1,1,1,5,1,1,10,6,,,,,
15,42,4,3,2006,4,1,1,2,2,1,3,1,1,1,1,5,1,1,19,6,,,,,
15,42,2,4,2006,2,1,1,1,1,1,1,1,1,1,1,2,1,1,9,6,,,27,,2
15,42,3,4,2006,3,1,1,1,1,1,1,1,1,1,1,5,1,1,19,6,,,,,2
15,42,4,5,2006,4,1,1,2,2,1,3,1,1,1,1,5,1,1,19,6,,,,,
15,42,4,5,2006,3,1,1,1,1,1,1,1,1,1,1,5,1,1,8,6,,,,,2