Thana,District,Accident_Severity,Month,Year,Time,Junction_Type,Traffic_Control,Movement,Divider,Weather,Light,Road_Geometry,Surface_Condition,Surface_Type,Surface_Quality,Road_Class,Road_Feature,Location_Type,Vehicle_Type,Vehicle_Movement,Vehicle_Loading,Vehicle_Defect,Vehicle_Driver_Age,Vehicle_Alcohol,Vehicle_Seat_Belt
15,42,3,5,2006,2,1,1,2,2,1,1,1,1,1,1,5,1,1,9,6,,,,,2
15,42,4,5,2006,4,1,1,1,1,1,3,1,1,1,1,5,1,1,8,6,,,,,2
15,42,4,7,2006,3,1,4,1,1,1,1,1,1,1,1,5,1,1,4,6,,,,,
15,42,3,7,2006,2,1,1,2,2,1,1,1,1,1,1,5,1,1,10,6,,,30,,2
15,42,2,8,2006,3,1,1,1,1,1,1,1,1,1,1,5,1,1,8,6,,,,,2
15,42,4,8,2006,3,1,1,2,2,1,1,1,1,1,1,1,1,1,12,6,,,,,2
15,42,4,9,2006,2,1,1,1,1,1,2,1,1,1,1,5,1,1,9,6,,,,,2
15,42,4,10,2006,2,1,1,1,1,1,1,1,1,1,1,5,1,1,14,6,1,,,,2
15,42,4,10,2006,2,3,1,2,2,1,4,1,1,1,1,5,,,7,6,1,5,25,2,2
5,42,3,1,2006,4,1,1,2,1,1,2,1,1,1,1,5,1,1,9,6,1,1,30,2,2
5,42,4,2,2006,4,1,1,2,2,1,3,1,1,1,1,5,1,1,14,6,2,1,,2,2
5,42,4,2,2006,1,1,1,1,1,1,3,1,1,1,1,5,1,1,12,6,1,7,28,2,2
5,42,4,4,2006,4,1,1,2,2,1,3,1,1,1,1,5,1,1,9,6,1,1,,2,2
5,42,4,7,2006,2,1,1,1,1,1,1,1,1,1,1,5,1,1,4,6,1,1,35,1,2
5,42,4,8,2006,4,2,4,1,1,1,3,1,1,1,1,5,1,1,9,6,1,1,,1,2
5,42,4,9,2006,2,1,1,2,2,1,1,1,1,1,1,5,1,1,14,6,1,1,30,1,2
5,42,3,11,2006,4,1,4,1,1,1,2,1,1,1,1,5,1,1,14,6,1,1,26,2,2
5,42,3,12,2006,4,1,1,1,1,1,3,1,1,1,1,5,1,1,7,6,1,1,35,2,2
6,42,4,9,2006,1,1,1,2,2,1,3,1,1,1,1,5,1,1,14,6,,,,2,2
3,42,4,9,2006,2,3,1,2,1,1,2,1,1,1,1,1,1,1,5,6,,,,,2
18,42,4,9,2006,2,1,1,1,1,1,1,1,1,1,1,5,1,1,8,6,,,,,2
18,42,4,9,2006,2,3,4,1,1,1,1,1,1,1,1,1,1,1,9,6,,,,,2
18,42,4,10,2006,2,1,1,1,1,1,1,1,1,1,1,5,1,1,10,6,,,,,
18,42,4,10,2006,2,1,1,1,1,1,1,1,1,1,1,5,1,1,9,6,,,,,2
18,42,3,11,2006,3,1,1,1,1,1,1,1,1,1,1,5,1,1,19,6,,,,,2
16,42,4,1,2006,1,1,1,1,1,1,3,1,1,1,1,5,1,1,9,6,,,,,2
16,42,4,1,2006,2,1,1,2,2,1,1,1,1,1,1,5,1,1,14,6,,,25,,2
16,42,4,5,2006,1,1,1,2,2,1,3,1,1,1,1,5,1,1,14,6,,,,,2
16,42,4,6,2006,2,3,4,1,1,1,1,1,1,1,1,5,1,1,8,6,,,32,,2
16,42,4,8,2006,3,3,1,2,2,1,1,1,1,1,1,5,1,1,14,6,,,,,2
16,42,4,11,2006,1,2,4,1,1,1,3,1,1,1,1,5,1,1,,6,,,,,
16,42,4,12,2006,2,1,1,1,1,1,1,1,1,1,1,5,1,1,19,6,,,,,2
28,42,4,2,2006,1,2,4,1,1,1,3,1,1,1,1,5,1,1,14,6,,,,,2
28,42,4,3,2006,3,1,1,1,1,1,1,1,1,1,1,5,1,1,9,6,,,,,2
28,42,4,6,2006,2,1,1,1,1,1,1,1,1,1,1,5,1,1,9,6,,,,,2
28,42,4,7,2006,3,1,1,1,1,1,1,1,1,1,1,5,1,1,7,6,,,,,2
28,42,4,10,2006,2,2,4,1,1,1,1,1,1,1,1,5,1,1,9,6,,,28,,2
28,42,4,12,2006,2,1,1,1,1,1,1,1,1,1,1,5,1,1,9,6,,,,,2
17,42,3,12,2006,1,1,1,1,1,1,3,1,1,1,1,5,1,1,7,6,,,,,2
22,42,4,1,2006,4,1,4,1,1,1,3,1,1,1,1,1,1,1,8,6,1,,,,2
22,42,4,1,2006,2,1,4,1,1,1,1,1,1,1,1,1,1,1,8,6,,,,,2
22,42,4,2,2006,4,3,1,1,1,1,3,1,1,1,1,1,1,1,19,6,,,,,2
22,42,4,3,2006,4,1,4,1,1,1,3,1,1,1,1,1,1,1,,6,,,,,2
22,42,4,5,2006,1,2,4,1,1,1,2,1,1,1,1,1,1,1,8,6,,,45,,2
22,42,3,5,2006,2,2,4,1,1,1,1,1,1,1,1,1,1,1,8,6,,,35,,2
22,42,4,5,2006,1,1,1,1,1,1,3,1,1,1,1,1,1,1,12,6,,1,,,2
22,42,4,6,2006,4,3,1,1,1,1,3,1,1,1,1,1,1,1,19,6,,,,,2
22,42,4,6,2006,2,1,4,1,1,1,1,1,1,1,1,1,1,1,9,6,,,,,2
22,42,4,6,2006,1,2,1,1,1,1,3,1,1,1,1,1,1,1,9,6,,,,,2
22,42,4,6,2006,4,1,1,1,1,1,3,1,1,1,1,1,1,1,19,6,,,,,2
22,42,4,6,2006,4,1,1,1,1,1,3,1,1,1,1,1,1,1,,6,,,,,2
22,42,4,7,2006,1,1,1,1,1,1,3,1,1,1,1,1,1,1,,6,,,,,2
22,42,4,8,2006,1,3,1,1,1,1,3,1,1,1,1,1,1,1,19,6,,,,,2
22,42,3,9,2006,4,2,4,1,1,1,3,1,1,1,1,1,1,1,9,6,,,25,,2
22,42,4,9,2006,3,2,4,2,1,1,1,1,1,1,1,1,1,1,9,6,,,28,,2
22,42,4,9,2006,1,1,1,1,2,1,3,1,1,1,1,1,1,1,19,6,,,,,
22,42,4,10,2006,4,1,1,2,1,1,2,1,1,1,1,1,1,1,9,6,,,,,2
22,42,4,10,2006,2,3,4,2,1,1,1,1,1,1,1,1,1,1,9,6,,,,,2
22,42,4,10,2006,2,1,1,2,1,1,1,1,1,1,1,1,1,1,9,6,,,,,2
22,42,4,10,2006,2,1,1,2,1,1,1,1,1,1,1,1,1,1,7,6,,,,,2
22,42,4,11,2006,1,1,1,1,1,1,3,1,1,1,1,1,1,1,,6,,,,,2
22,42,4,11,2006,4,1,1,2,1,1,3,1,1,1,1,1,1,1,,6,,,,,2
22,42,4,11,2006,4,1,1,2,1,1,3,1,1,1,1,1,1,1,8,6,,,,,2
22,42,4,12,2006,1,1,1,1,1,1,1,1,1,1,1,1,1,1,,6,,,,,
22,42,4,12,2006,3,1,1,1,1,1,1,1,1,1,1,1,1,1,9,6,,,,,2
33,42,4,8,2006,1,1,1,2,2,1,2,1,1,1,1,5,1,1,9,6,,,,,2
33,42,4,8,2006,2,1,1,2,2,1,1,1,1,1,1,5,1,1,14,6,,,,,2
33,42,4,9,2006,2,1,1,2,2,1,1,1,1,1,1,5,1,1,9,6,1,,,,2
33,42,4,9,2006,1,1,1,2,2,1,2,1,1,1,1,5,1,1,14,6,,,,,2
33,42,4,9,2006,3,1,1,2,2,1,1,1,1,1,1,5,1,1,12,6,,,,,2
33,42,4,9,2006,2,3,4,1,1,1,2,1,1,1,1,5,1,1,14,6,,,,,2
33,42,4,10,2006,1,1,4,1,1,1,3,1,1,1,1,5,1,1,9,6,,,,,2
33,42,4,10,2006,4,1,1,1,1,1,2,1,1,1,1,5,1,1,8,6,,,,,2
33,42,4,10,2006,4,1,1,1,1,1,3,1,1,1,1,5,1,1,8,6,1,,,,2
33,42,4,7,2006,2,3,4,1,1,1,2,1,1,1,1,5,1,1,14,6,,,,,2
33,42,4,10,2006,2,1,1,1,1,1,1,1,1,1,1,5,1,1,8,6,,,,,1
33,42,4,10,2006,2,1,4,1,1,1,1,1,1,1,1,5,1,1,9,6,,,,,2
33,42,4,10,2006,2,1,4,1,1,1,1,1,1,1,1,5,1,1,9,6,,,40,,2
33,42,4,10,2006,1,1,1,1,1,1,3,1,1,1,1,5,1,1,9,6,,,,,2
33,42,4,10,2006,4,1,1,1,1,1,3,1,1,1,1,5,1,1,14,6,,,,,2
33,42,4,10,2006,4,1,1,2,2,1,3,1,1,1,1,5,1,1,9,6,,,,,2
33,42,4,10,2006,4,1,4,1,1,1,3,1,1,1,1,5,1,1,8,,,,,,2
33,42,4,10,2006,4,1,4,1,1,1,3,1,1,1,1,5,1,1,8,6,,,,,2
33,42,4,11,2006,1,1,1,1,1,1,3,1,1,1,1,1,1,1,14,6,,,,,2
3,42,3,11,2006,4,2,4,1,1,1,3,1,1,1,1,5,1,1,9,6,,,,,2
33,42,4,11,2006,2,1,1,2,2,1,1,1,1,1,1,5,1,1,5,6,1,,,2,2
33,42,4,11,2006,1,1,1,2,2,1,3,1,1,1,1,5,1,1,19,6,,,,,2
33,42,4,11,2006,2,1,1,2,2,1,1,1,1,1,1,1,1,1,19,6,,,,,2
33,42,4,11,2006,4,1,1,1,1,1,3,1,1,1,1,1,1,1,19,6,1,,,,2
33,42,4,12,2006,4,2,4,1,1,1,3,1,1,1,1,1,1,1,14,6,,,,,2
33,42,3,12,2006,3,1,4,1,1,1,1,1,1,1,1,5,1,1,9,6,,,,,2
33,42,3,12,2006,1,2,4,1,1,1,3,1,1,1,1,1,1,1,9,6,1,,,,2
33,42,4,12,2006,3,1,1,1,1,1,1,1,1,1,1,1,1,1,9,6,1,,,,2
33,42,4,12,2006,2,1,1,1,1,1,1,1,1,1,1,1,1,1,14,6,1,,,,2
10,42,3,3,2006,2,2,1,2,2,1,1,1,1,1,1,5,1,1,9,6,,,,,2
10,42,4,5,2006,4,3,1,1,1,1,3,1,1,1,1,5,1,1,14,6,,,40,,2
10,42,2,6,2006,4,3,4,1,1,1,2,1,1,1,1,5,1,1,5,6,,,,,2
10,42,2,6,2006,4,3,4,1,1,3,1,1,1,1,1,5,1,1,2,6,,,,,2
10,42,4,7,2006,2,3,4,1,1,1,1,1,1,1,1,5,1,1,14,6,,,,,2
10,42,4,7,2006,1,1,1,2,2,1,2,1,1,1,1,5,1,1,14,6,,,,,2
10,42,4,8,2006,2,1,4,1,1,1,1,1,1,1,1,5,1,1,8,6,,,,,2
10,42,3,8,2006,3,1,1,2,2,1,1,1,1,1,1,5,1,1,19,6,,,27,,2
10,42,4,9,2006,1,3,1,1,1,1,3,1,1,1,1,5,1,1,14,6,,,,,2
10,42,4,11,2006,3,3,1,2,2,1,1,1,1,1,1,5,1,1,14,6,,,,,2
10,42,4,11,2006,,1,1,2,2,1,3,1,1,1,1,5,1,1,,6,,,,,
10,42,4,11,2006,2,1,1,1,1,1,1,1,1,1,1,5,1,1,9,6,,,25,,2
10,42,4,12,2006,4,3,1,2,2,1,3,1,1,1,1,5,1,1,14,6,,,,,2
1,42,4,11,2006,2,1,1,1,1,1,2,1,1,1,1,5,1,1,,6,,,,,
1,42,4,11,2006,2,2,4,1,1,1,1,1,1,1,1,5,1,1,14,6,,,,,2
1,42,4,12,2006,2,1,1,1,1,1,1,1,1,1,1,5,1,1,14,6,,,,,2
9,42,4,11,2006,1,3,1,1,1,1,2,1,1,1,1,5,1,1,14,6,,,,,2
9,42,4,11,2006,1,1,1,1,1,1,3,1,1,1,1,5,1,1,7,6,,,,,2
9,42,3,12,2006,3,1,1,1,1,1,1,1,1,1,1,5,1,1,,6,,,,,
9,42,4,12,2006,2,3,4,1,1,1,2,1,1,1,1,5,1,1,8,6,,,,,2
9,42,4,12,2006,1,1,1,1,1,1,3,1,1,1,1,5,1,1,,,,,,,
9,42,3,12,2006,3,2,4,1,1,1,1,1,1,1,1,5,1,1,8,6,,,,,2
9,42,3,12,2006,3,1,1,1,1,1,1,1,1,1,1,5,1,1,8,6,,,,,2
11,42,4,10,2006,2,1,4,1,1,1,1,1,1,1,1,5,1,1,9,6,,,,,2
11,42,4,11,2006,3,1,1,1,1,1,1,1,1,1,1,5,1,1,19,6,,7,26,2,2
11,42,4,11,2006,2,4,1,1,1,1,1,1,1,1,1,5,1,1,8,6,,,32,2,2
11,42,3,12,2006,3,1,1,1,1,1,1,1,1,1,1,5,1,1,8,6,,,25,,2
11,42,3,12,2006,1,1,1,1,1,1,3,1,1,1,1,1,1,1,14,6,,,25,,2
11,42,4,12,2006,3,1,1,1,1,1,1,1,1,1,1,5,1,1,10,6,,,,,
11,42,4,12,2006,4,1,1,1,1,1,3,1,1,1,1,1,1,1,13,6,,,,,2
2,42,3,11,2006,1,3,4,1,1,1,2,1,1,1,1,5,1,1,6,6,,,22,,2
2,42,4,12,2006,2,2,4,1,1,1,1,1,1,1,1,5,1,1,9,6,,,,,2
25,42,4,1,2006,2,3,1,2,2,1,1,1,1,1,1,5,1,1,5,6,,,24,,2
25,42,4,4,2006,3,1,1,2,2,1,1,1,1,1,1,5,1,1,19,6,,,30,,2
25,42,4,11,2006,1,3,1,2,2,1,2,1,1,1,1,5,1,1,14,6,,,25,,2
7,42,4,1,2006,2,1,1,1,1,1,1,1,1,1,1,1,1,1,8,6,,1,,1,2
7,42,4,8,2006,3,1,1,2,2,1,1,1,1,1,1,5,1,1,8,6,,,,2,2
7,42,3,11,2006,4,1,4,2,2,1,4,1,1,1,1,5,1,1,14,6,,1,,1,2
23,42,4,1,2006,3,3,1,1,1,1,1,1,1,1,1,1,1,1,9,6,,,,,2
23,42,3,4,2006,1,1,1,1,1,1,2,2,1,1,1,1,1,1,14,6,,,40,,2
23,42,4,5,2006,4,1,1,1,1,1,3,1,1,1,1,1,1,1,9,6,,,,2,2
23,42,3,5,2006,2,1,1,1,1,1,1,1,1,1,1,1,1,1,12,6,,3,,2,2
23,42,3,3,2006,1,1,8,1,1,1,3,1,1,1,1,1,1,1,14,6,,,,,2
23,42,3,8,2006,3,3,1,1,1,1,1,1,1,1,1,1,1,1,10,6,,,,,2
23,42,4,8,2006,4,3,1,1,1,1,3,1,1,1,1,1,1,1,10,6,,,30,,2
23,42,4,8,2006,1,3,4,1,1,1,3,1,1,1,1,1,1,1,10,6,2,,,,2
23,42,3,8,2006,3,3,4,1,1,1,1,1,1,1,1,1,1,1,9,6,,,,,2
23,42,4,9,2006,3,3,4,1,1,1,1,1,1,1,1,1,1,1,7,6,,,,,2
23,42,4,10,2006,3,1,1,1,1,1,1,1,1,1,1,1,1,1,12,6,,,,,2
23,42,4,10,2006,2,3,1,1,1,1,1,1,1,1,1,1,1,1,9,6,,,,,2
23,42,4,12,2006,4,1,3,1,1,1,2,1,1,1,1,1,1,1,7,6,,,,,2
25,42,4,9,2006,2,3,1,2,2,1,1,1,1,1,1,5,,,5,6,,,24,,2
5,18,4,7,2006,2,1,1,1,2,1,1,1,1,1,1,2,1,2,9,6,1,1,,2,1
5,18,4,8,2006,3,1,1,1,2,1,1,1,1,1,1,2,1,2,14,6,1,7,,2,2
1,18,4,3,2006,1,1,6,1,2,1,4,1,1,1,1,2,1,2,14,6,1,7,,2,2
1,18,4,3,2006,2,3,4,1,2,1,1,1,1,1,1,1,1,1,14,6,1,1,,1,2
1,18,4,3,2006,3,1,1,1,2,1,1,1,1,1,1,3,1,2,14,6,1,5,,2,2
1,18,4,4,2006,3,1,8,1,2,1,1,1,1,1,1,2,1,2,8,6,1,7,,2,2
7,18,4,4,2006,1,1,8,1,2,1,4,1,1,1,1,1,1,2,9,6,1,1,,2,2
1,19,3,3,2006,2,1,1,1,2,1,1,1,1,1,1,5,1,1,14,6,1,7,,2,2
2,19,4,3,2006,3,1,1,1,2,1,1,1,1,1,1,2,1,2,8,6,1,7,35,2,2
2,19,4,8,2006,3,1,3,2,2,1,1,1,1,1,1,2,1,2,14,6,1,1,,2,2
2,19,4,9,2006,1,1,2,1,2,1,4,1,1,1,1,2,1,2,9,6,1,1,,2,2
4,26,4,1,2006,3,1,1,2,2,1,1,1,1,1,1,1,1,2,16,6,1,1,,2,2
4,26,4,1,2006,3,7,1,1,2,1,1,1,1,1,1,2,1,2,14,6,1,1,,2,2
4,26,4,4,2006,2,3,3,2,2,1,2,1,1,1,1,2,1,2,9,6,1,1,40,2,2
4,26,4,5,2006,2,1,1,2,2,1,1,1,1,1,1,2,1,2,9,6,1,1,40,2,2
4,26,4,6,2006,2,1,1,2,2,1,1,1,1,1,1,2,1,2,9,6,1,1,35,2,2
6,26,1,5,2006,2,1,1,2,2,1,1,1,1,1,1,3,1,2,8,6,1,1,,2,2
8,26,4,8,2006,2,1,2,2,2,1,1,1,1,1,1,1,1,2,8,2,1,1,,2,2
8,26,4,10,2006,4,1,1,2,2,1,4,1,1,1,1,1,2,,9,6,1,1,25,2,2
7,26,4,5,2006,3,1,1,2,2,1,1,1,1,1,1,3,1,2,4,11,1,7,20,2,2
7,26,4,8,2006,3,3,1,2,2,1,1,2,1,1,1,3,1,2,8,6,1,3,30,2,2
8,25,4,11,2006,4,1,1,1,2,1,4,1,1,1,1,2,1,2,14,6,1,7,,2,2
1,20,4,5,2006,2,1,8,2,2,1,1,2,1,1,1,5,1,1,14,6,2,7,40,2,2
1,20,4,11,2006,4,1,1,1,2,1,4,1,1,1,1,2,1,1,14,6,2,1,,2,2
1,20,4,5,2006,2,1,3,1,2,1,1,1,1,1,1,5,3,1,14,6,1,1,42,2,2
3,20,4,8,2006,3,4,1,1,2,1,1,1,1,1,1,3,1,2,8,6,1,1,35,2,2
2,20,4,2,2006,3,1,1,1,2,1,1,2,1,1,1,3,1,2,14,6,1,1,45,2,2
2,20,4,3,2006,3,3,1,2,2,1,1,1,1,1,1,2,1,2,14,6,1,1,30,2,2
2,20,4,4,2006,3,1,1,1,2,1,1,1,1,1,1,2,1,2,14,6,1,1,53,2,2
2,20,4,4,2006,2,1,1,1,2,1,1,1,1,1,1,2,1,2,8,6,1,1,,2,2
2,20,4,5,2006,2,1,1,1,2,1,1,2,1,1,1,2,1,2,14,6,1,1,,2,2
2,20,3,7,2006,2,1,1,2,2,1,1,2,1,1,1,3,1,2,14,6,1,1,,2,2
2,20,4,7,2006,3,1,1,2,2,1,1,2,1,1,1,3,1,2,9,6,1,1,,2,2
4,20,4,1,2006,2,1,1,2,1,1,1,1,1,1,1,3,1,1,14,6,1,1,,2,2
4,20,4,5,2006,3,1,1,1,2,1,1,1,1,1,1,3,1,2,9,6,1,1,,2,2
4,20,4,9,2006,3,1,1,1,2,1,1,2,3,2,2,3,1,2,14,2,1,7,37,2,2
4,20,4,9,2006,4,1,1,1,2,1,4,1,1,2,2,3,1,2,14,,,,,2,2
1,24,4,1,2006,1,1,1,2,1,1,2,1,1,1,1,1,1,2,9,6,1,7,,2,2
1,24,4,1,2006,2,3,8,2,2,1,1,2,1,1,1,5,1,1,9,1,1,7,50,2,2
1,24,1,2,2006,1,6,1,2,2,1,4,1,1,1,1,1,1,2,14,4,1,1,35,2,2
1,24,4,2,2006,2,2,8,2,2,1,1,1,1,1,1,5,1,1,6,3,1,7,32,2,2
1,24,4,2,2006,3,2,1,2,2,1,1,1,1,1,1,1,1,2,9,6,1,1,,2,2
3,24,4,1,2006,3,1,8,2,2,1,1,1,1,1,1,1,1,2,9,6,1,1,,2,2
6,24,4,2,2006,2,3,1,2,2,1,1,4,1,3,2,4,1,2,9,11,1,7,26,2,2
6,24,3,3,2006,3,7,1,2,2,1,1,2,1,1,1,2,1,2,9,6,1,1,,2,2
5,24,4,3,2006,4,1,1,2,2,1,4,1,1,1,1,1,1,2,1,1,1,1,,2,2
5,24,4,4,2006,1,1,1,1,2,1,4,1,1,1,1,1,1,2,10,6,1,4,,2,2
8,24,3,3,2006,2,1,1,1,2,1,1,1,1,1,1,1,1,2,9,6,1,1,28,2,2
8,24,4,5,2006,1,1,1,1,2,1,2,1,1,1,3,2,2,,8,6,1,7,35,2,2
7,24,1,2,2006,4,7,8,2,2,1,4,1,1,1,1,2,1,1,14,1,1,1,,2,2
7,24,4,3,2006,3,2,8,2,2,1,1,1,1,1,1,2,1,2,4,6,1,1,,2,2
7,24,3,4,2006,4,7,8,2,2,1,4,1,1,1,1,2,1,2,6,2,1,1,,2,2
1,22,4,1,2006,3,7,1,2,2,1,1,1,1,1,1,1,1,2,4,6,1,1,,2,2
1,22,4,1,2006,3,7,1,2,2,1,1,1,1,1,1,1,1,2,9,6,1,1,,2,2
1,22,4,1,2006,2,1,1,1,2,1,1,1,1,1,1,1,1,1,12,6,1,5,30,2,2
1,22,4,2,2006,2,1,1,1,2,1,1,1,1,1,1,4,1,2,14,6,1,1,39,2,2
1,22,4,5,2006,1,1,1,2,2,1,4,1,2,1,1,1,1,2,9,6,1,6,,2,2
3,22,4,2,2006,3,1,1,2,2,1,1,1,1,1,1,4,1,2,14,6,1,1,22,2,2
1,23,4,3,2006,3,7,1,2,2,1,1,1,1,1,3,3,2,2,9,6,1,1,35,2,2
1,23,4,4,2006,3,7,1,2,2,1,1,1,4,1,1,5,1,1,8,6,1,1,,2,2
1,23,4,8,2006,4,7,1,2,2,1,4,2,2,3,1,3,1,2,11,2,1,3,,2,2
1,23,4,12,2006,4,1,1,2,2,1,4,1,1,1,1,2,1,1,9,6,1,1,,2,2
2,23,4,1,2006,3,7,2,1,2,1,1,1,1,1,1,3,1,2,6,6,1,1,,2,2
2,23,4,1,2006,3,7,1,1,2,1,1,1,1,1,1,3,1,2,9,6,1,1,,2,2
1,29,4,9,2006,3,1,1,2,2,1,1,1,1,1,1,2,1,2,9,2,1,7,,2,2
8,29,4,1,2006,3,7,1,1,2,1,1,1,1,1,1,1,1,2,10,8,1,7,28,2,2
8,29,4,11,2006,3,1,1,2,2,1,1,1,1,1,1,1,1,2,8,5,1,1,38,2,2
2,29,4,5,2006,3,1,1,1,2,1,1,1,1,1,1,3,1,2,8,5,1,7,26,2,2
2,29,4,6,2006,3,1,4,1,2,1,1,1,1,1,1,3,1,2,9,6,1,7,22,2,2
2,29,4,8,2006,3,1,1,2,2,1,1,1,1,1,1,4,1,2,14,6,1,1,20,2,2
4,29,3,3,2006,4,1,1,2,2,1,4,1,1,1,1,2,1,2,9,6,1,1,,2,2
5,29,4,6,2006,2,7,1,2,2,1,1,1,1,1,1,2,1,2,8,4,1,1,60,2,2
3,29,4,1,2006,3,1,1,2,2,1,1,1,1,1,1,2,1,2,9,6,1,7,,2,2
3,29,4,4,2006,4,1,7,2,2,1,4,1,1,1,1,2,1,2,9,9,1,1,,2,2
3,29,4,7,2006,4,1,1,2,2,1,4,1,1,1,1,2,1,2,9,6,1,1,,2,2
3,29,4,9,2006,2,1,1,2,2,1,1,1,1,1,1,2,1,2,9,6,1,1,55,2,2
6,29,4,3,2006,3,1,1,2,2,1,1,2,1,1,1,1,1,2,9,6,1,1,,2,2
1,21,4,1,2006,4,1,1,2,2,1,2,1,1,1,1,1,1,2,7,6,1,7,,2,2
1,21,4,1,2006,1,1,1,1,2,1,2,1,1,1,1,1,1,2,9,6,1,1,35,2,2
1,21,4,2,2006,3,1,1,1,2,1,1,1,1,1,1,2,1,2,14,6,1,1,,2,2
1,21,4,2,2006,3,1,1,1,2,1,1,1,1,1,1,1,1,1,9,6,1,1,,2,2
1,21,4,2,2006,2,1,1,1,2,1,2,1,1,3,2,4,1,2,14,6,1,7,,2,2
1,21,4,2,2006,3,1,1,1,2,1,1,1,1,1,1,1,1,2,9,6,1,7,,2,2
1,21,4,3,2006,4,1,1,1,2,1,4,1,1,1,1,1,1,2,9,6,1,1,,2,2
1,21,4,3,2006,1,1,1,1,2,1,4,1,1,1,1,2,2,,19,6,1,1,,2,2
1,21,4,3,2006,3,7,8,1,2,1,1,1,1,1,1,4,1,2,8,6,1,1,40,2,2
1,21,4,3,2006,2,1,1,1,2,1,1,1,1,1,1,3,1,2,9,6,1,1,,2,2
1,21,4,4,2006,2,1,8,1,2,1,1,1,1,1,1,5,1,1,14,6,1,1,,2,2
1,21,4,5,2006,1,1,1,1,2,1,2,1,1,1,1,1,1,2,14,6,1,3,23,2,2
1,21,4,6,2006,2,1,1,2,2,1,1,1,1,1,1,1,1,1,4,6,1,1,,2,2
1,21,4,6,2006,2,1,1,2,2,1,1,1,1,1,1,1,1,2,8,6,1,7,28,2,2
1,21,4,7,2006,1,1,1,1,2,1,2,1,1,1,1,1,1,2,9,6,1,1,42,2,2
1,21,4,8,2006,2,1,3,1,2,1,1,1,1,1,1,1,1,1,12,6,1,1,,2,2
1,21,4,9,2006,4,1,1,2,2,1,4,3,2,1,1,2,1,2,10,6,1,7,,2,2
1,21,4,11,2006,3,1,1,1,2,1,1,1,1,1,1,1,1,2,9,6,1,7,,2,2
1,21,4,11,2006,1,1,1,1,2,1,2,1,1,1,1,1,1,2,17,6,2,1,,2,2
1,21,4,12,2006,2,2,1,2,2,1,2,1,1,1,1,1,1,2,9,6,1,7,28,2,2
1,21,4,12,2006,3,1,1,2,2,1,1,5,1,3,1,4,1,2,8,6,1,1,,2,2
3,21,4,1,2006,1,1,1,1,2,1,4,1,1,1,1,1,1,2,14,10,1,7,,2,2
3,21,4,5,2006,2,7,1,1,2,1,1,1,1,1,2,1,1,2,12,6,1,1,,2,2
3,21,4,6,2006,1,1,1,1,2,1,4,1,1,1,1,1,1,2,,,,,,,
3,21,4,6,2006,3,1,1,1,2,1,1,1,1,1,1,4,1,2,14,6,1,7,,2,2
3,21,4,7,2006,3,1,1,2,2,1,1,1,2,1,1,3,1,2,14,6,1,6,,2,2
3,21,4,7,2006,2,1,1,1,2,1,1,1,1,1,1,1,1,2,,,,,,,
3,21,4,8,2006,3,1,1,2,2,1,1,1,1,1,1,1,1,2,9,6,1,7,,2,2
3,21,4,10,2006,2,1,1,2,2,1,1,1,1,1,1,1,1,1,11,6,1,7,,2,2
3,21,4,11,2006,3,1,8,1,2,1,1,1,1,1,1,1,1,1,9,6,1,7,30,2,2
3,21,4,11,2006,1,2,8,2,2,1,4,1,1,1,1,1,1,1,16,11,1,7,,2,2
3,21,4,12,2006,3,1,1,2,2,1,1,1,1,1,1,1,1,2,11,6,1,1,,2,2
4,21,4,7,2006,3,1,1,2,2,1,1,1,1,1,1,3,1,2,13,6,1,7,,2,2
6,21,4,4,2006,2,1,2,2,2,1,1,1,1,1,1,1,1,2,9,6,1,1,,2,2
6,21,4,5,2006,2,1,1,2,2,1,1,1,1,1,1,1,1,2,14,6,1,7,,2,2
1,22,4,12,2006,3,1,1,1,2,1,1,1,1,1,1,1,1,2,7,6,1,1,36,2,2
1,21,4,11,2006,2,1,1,2,2,1,1,1,1,1,1,1,1,2,9,6,1,1,,2,2
2,24,4,5,2006,2,3,1,2,2,1,1,1,1,1,1,1,1,2,9,6,1,1,40,2,2
1,26,4,9,2006,4,1,1,2,2,1,4,1,1,1,1,2,1,2,16,6,1,1,28,2,2
7,9,4,12,2006,2,7,1,2,2,1,1,3,1,3,1,3,1,2,14,11,1,7,,2,2
7,9,4,12,2006,2,1,8,2,2,4,2,1,5,1,1,1,1,2,19,1,1,7,,2,2
4,9,3,3,2006,3,4,8,2,2,1,1,1,1,1,1,1,1,1,14,6,1,1,,2,2
4,9,4,5,2006,3,1,1,2,2,1,1,1,1,1,1,2,1,2,9,6,1,1,36,2,2
12,9,4,4,2006,1,7,1,2,2,1,2,1,1,1,1,1,1,2,14,11,1,7,40,2,2
12,9,1,5,2006,3,1,1,2,2,1,1,1,1,1,1,1,2,,9,5,1,1,,2,2
12,9,4,7,2006,1,1,1,2,1,1,2,1,1,1,1,1,2,2,9,6,1,7,,2,2
12,9,3,3,2006,2,7,1,2,1,1,1,1,1,1,1,1,1,2,14,6,1,7,32,2,2
12,9,4,9,2006,1,7,1,2,2,1,2,1,2,1,1,1,1,1,14,11,2,7,,2,2