Thana,District,Accident_Severity,Month,Year,Time,Junction_Type,Traffic_Control,Movement,Divider,Weather,Light,Road_Geometry,Surface_Condition,Surface_Type,Surface_Quality,Road_Class,Road_Feature,Location_Type,Vehicle_Type,Vehicle_Movement,Vehicle_Loading,Vehicle_Defect,Vehicle_Driver_Age,Vehicle_Alcohol,Vehicle_Seat_Belt
5,11,3,9,2006,2,1,1,2,2,1,1,1,1,1,1,2,1,2,7,11,1,5,35,2,2
5,11,4,10,2006,3,1,1,2,2,1,1,1,1,1,1,1,1,2,9,11,1,7,30,1,2
5,11,4,11,2006,2,1,1,2,2,1,1,1,1,1,1,1,1,2,17,11,2,7,32,1,2
5,11,4,12,2006,1,1,1,2,2,1,4,1,1,1,1,1,1,2,14,11,1,5,38,2,2
6,11,4,7,2006,2,7,1,2,2,1,1,3,1,3,2,4,4,2,17,1,1,1,,2,2
7,11,4,5,2006,4,1,1,2,2,1,2,1,1,2,1,4,1,2,14,6,1,7,32,2,2
8,11,4,8,2006,3,7,1,2,2,1,1,1,1,1,1,4,1,2,14,11,2,7,,2,2
8,11,4,10,2006,3,7,8,2,2,1,1,1,1,1,1,4,1,2,19,11,2,7,,2,2
11,11,4,5,2006,2,1,1,2,1,1,1,1,1,1,1,3,1,2,19,6,1,7,,2,2
9,11,4,12,2006,2,7,1,1,2,1,1,1,1,1,1,4,1,2,4,4,1,7,,2,2
1,7,4,8,2006,2,7,1,2,2,1,1,1,1,1,1,3,1,2,8,6,1,1,,2,2
1,8,4,7,2006,3,1,1,2,2,1,1,1,1,1,1,3,1,2,6,6,1,6,30,2,2
1,8,4,9,2006,1,4,1,2,2,1,4,1,1,1,1,2,1,2,9,6,1,1,,1,2
1,8,4,11,2006,2,7,1,2,2,1,1,1,1,1,1,4,1,2,4,6,1,1,25,2,2
7,8,4,5,2006,4,1,1,2,2,1,4,1,1,1,1,3,1,2,7,6,1,1,,1,2
7,8,4,9,2006,2,7,1,2,2,1,1,1,1,1,1,3,1,2,17,6,1,1,,2,2
7,8,1,10,2006,4,1,8,2,2,1,1,1,1,1,1,3,1,2,9,6,1,1,25,2,2
4,8,4,9,2006,3,7,1,2,2,3,1,1,1,1,1,1,1,1,14,6,1,7,36,2,2
4,8,4,11,2006,3,1,1,1,2,1,1,1,1,1,1,1,1,2,9,6,1,7,,2,2
4,8,4,8,2006,,1,3,2,2,1,1,1,1,1,1,2,1,2,9,5,1,7,30,2,2
3,8,4,9,2006,3,1,1,2,2,1,1,1,1,1,1,1,1,1,9,6,1,7,45,2,2
3,8,4,12,2006,3,7,1,2,2,1,1,1,1,1,1,2,1,1,17,6,1,7,28,2,2
1,5,4,4,2006,3,1,1,2,2,1,1,1,1,1,1,1,2,,14,6,1,1,,2,2
1,5,1,4,2006,4,1,1,2,2,1,4,1,1,1,1,1,1,1,14,6,1,1,,2,2
1,5,4,4,2006,4,3,4,2,2,1,4,1,1,1,1,2,1,2,4,4,1,1,19,2,2
1,5,4,5,2006,3,1,1,2,2,1,1,1,1,1,1,1,1,1,9,6,1,1,,2,2
1,5,4,5,2006,4,1,1,2,2,1,4,1,1,1,1,1,1,1,14,6,1,1,,2,2
1,5,4,5,2006,3,1,1,2,2,1,1,1,1,1,1,1,1,1,9,6,1,1,,2,2
1,5,4,5,2006,3,1,4,2,2,1,1,1,1,1,3,1,1,2,14,6,1,1,40,2,2
1,5,4,5,2006,4,1,1,2,2,1,2,2,1,1,2,1,1,2,14,6,1,1,,2,2
1,5,4,5,2006,3,2,3,2,2,1,1,1,1,1,1,1,1,1,9,6,1,1,,2,2
1,5,4,6,2006,3,1,1,2,2,1,1,1,1,1,1,2,1,2,16,6,1,1,,2,2
1,5,4,9,2006,4,3,1,2,2,1,4,1,1,1,1,1,1,1,14,6,1,1,,2,2
1,5,4,9,2006,4,3,1,2,2,1,4,1,1,1,1,1,1,1,9,6,1,1,,2,2
1,5,4,11,2006,2,1,1,2,2,1,1,1,1,3,1,1,1,2,4,6,1,1,,2,2
5,5,4,3,2006,3,1,1,2,2,2,1,2,2,3,2,4,1,2,17,6,2,1,,2,2
5,5,4,4,2006,1,1,1,2,2,1,4,1,1,1,1,1,1,2,13,6,1,1,,2,2
5,5,4,4,2006,3,1,1,2,2,1,1,1,1,3,1,4,1,2,13,11,2,1,,1,2
5,5,4,5,2006,4,1,1,2,2,1,4,1,1,1,1,1,1,1,9,6,1,1,,2,2
5,5,4,5,2006,3,1,1,2,2,1,1,1,1,1,1,1,1,2,14,6,1,1,,1,2
5,5,4,6,2006,3,2,1,2,2,1,1,1,1,1,1,1,1,2,9,6,1,1,,1,2
5,5,3,7,2006,4,1,1,2,2,1,2,1,1,1,1,1,1,1,14,6,1,1,,2,2
5,5,3,7,2006,1,1,1,2,2,1,4,1,1,1,1,1,1,2,9,6,1,1,,1,2
5,5,3,7,2006,1,1,1,2,2,1,4,1,2,1,1,1,1,1,9,1,1,1,,1,2
5,5,4,7,2006,2,1,1,2,2,1,1,1,1,1,1,1,1,1,9,6,1,1,,2,2
5,5,4,8,2006,2,1,1,2,2,1,1,1,1,1,1,1,1,2,9,6,1,1,45,1,2
5,5,4,8,2006,3,1,1,2,2,1,1,1,1,1,1,2,1,2,17,6,1,1,,2,2
5,5,4,9,2006,4,1,1,2,2,1,4,1,1,1,1,1,1,2,14,6,1,1,,1,2
5,5,1,10,2006,2,1,1,2,2,1,2,1,1,1,1,1,1,2,14,6,2,1,,2,2
5,5,4,10,2006,3,1,1,1,2,1,1,1,1,3,2,4,1,2,17,6,1,1,24,2,2
5,5,4,11,2006,4,1,1,2,2,1,2,1,1,1,1,4,1,2,17,6,1,1,40,2,2
6,5,4,4,2006,3,1,1,1,2,1,1,1,1,3,2,4,1,1,,6,1,1,,2,2
6,5,4,6,2006,3,1,1,1,2,1,1,1,1,1,1,1,1,2,9,6,1,1,,2,2
6,5,4,7,2006,1,1,1,2,1,1,4,1,1,1,1,1,1,2,4,6,1,1,,2,2
6,5,4,9,2006,3,1,1,2,1,1,1,1,1,1,1,1,1,1,9,6,1,1,,2,2
6,5,4,11,2006,4,1,1,2,2,1,4,1,1,1,1,1,1,2,7,6,1,1,,2,2
6,5,4,11,2006,3,1,1,1,2,1,1,1,1,1,1,1,1,1,19,5,1,1,,2,2
6,5,4,12,2006,2,1,1,2,1,1,1,1,1,1,1,1,1,2,9,6,1,1,,2,2
7,5,3,5,2006,1,1,1,2,2,1,2,1,1,1,1,4,1,2,17,6,1,1,,2,2
7,5,4,6,2006,2,1,1,2,2,1,1,1,1,1,1,3,1,2,8,7,1,1,,2,2
7,5,4,6,2006,2,1,1,2,2,1,1,1,1,1,1,3,1,2,4,6,1,1,,2,2
7,5,4,8,2006,2,1,1,2,2,1,1,1,1,1,1,3,1,1,9,6,1,1,,2,2
4,5,4,5,2006,3,1,1,2,2,1,1,1,1,1,1,1,1,1,14,6,1,1,,1,2
4,5,3,7,2006,4,1,1,2,1,1,3,4,1,3,1,2,2,,9,6,1,1,47,2,2
4,5,4,7,2006,3,4,1,2,2,1,1,1,1,1,1,1,1,2,4,6,1,1,25,1,2
4,5,4,12,2006,4,1,1,2,2,1,4,1,1,1,1,2,1,2,13,6,1,1,35,1,2
8,5,4,4,2006,2,3,1,2,2,1,1,1,1,1,1,1,1,2,14,6,1,1,,2,2
8,5,4,5,2006,3,2,3,2,2,1,1,1,1,1,1,1,1,2,9,6,1,1,,1,2
8,5,3,7,2006,3,1,1,2,1,1,1,1,1,1,1,1,2,2,14,6,1,1,,2,2
8,5,4,8,2006,2,2,1,2,2,1,1,1,1,1,1,1,1,1,9,6,1,1,,2,2
8,5,1,9,2006,3,2,1,2,2,1,1,1,1,1,1,1,1,2,14,5,1,1,36,2,2
3,5,3,6,2006,4,1,1,2,2,1,2,1,1,1,1,3,1,1,14,6,1,1,50,2,2
1,2,4,8,2006,4,3,1,2,2,1,2,1,1,1,1,2,1,2,4,6,2,1,35,2,2
4,12,4,10,2006,3,1,1,2,2,1,1,1,1,1,1,2,1,2,8,6,1,1,35,2,2
4,2,4,10,2006,3,1,1,2,2,1,1,1,1,1,1,2,1,1,8,6,2,1,,2,2
4,1,4,7,2006,4,1,1,2,2,1,4,1,1,1,1,4,1,2,8,6,1,4,,2,2
5,5,4,8,2006,4,1,1,2,2,1,4,1,1,1,1,1,1,2,9,5,1,1,,2,2
8,5,4,6,2006,2,1,1,2,2,1,1,1,1,1,1,1,2,,14,6,1,1,,2,2
3,5,4,12,2006,4,1,1,2,2,4,2,1,2,1,1,3,2,2,17,6,1,1,25,2,2
3,3,4,3,2006,3,3,1,2,2,1,1,1,1,1,1,2,1,1,3,1,1,7,36,2,2
4,3,4,6,2006,3,2,1,2,2,1,1,1,1,1,1,1,1,2,9,6,1,7,,1,2
6,3,4,9,2006,3,4,1,1,2,1,1,2,1,1,1,3,4,2,17,1,2,1,,2,2
3,15,4,4,2006,4,7,8,2,2,1,4,1,1,1,1,1,1,2,19,6,1,1,30,2,2
6,5,4,1,2006,1,1,1,2,2,1,4,1,1,1,1,1,1,2,9,5,1,1,37,1,2
6,5,3,1,2006,2,1,1,2,1,1,1,1,1,1,1,1,1,2,9,6,1,1,,2,2
4,8,4,5,2006,3,1,1,2,2,1,1,1,1,1,1,2,1,2,19,1,1,1,,2,2
1,5,4,4,2006,2,1,4,2,2,1,1,1,1,1,1,1,1,1,7,6,1,1,,2,2
12,9,4,4,2006,4,1,1,2,2,1,4,1,1,1,1,1,1,2,14,2,1,1,,2,2
3,13,4,9,2006,3,1,1,2,2,1,1,1,1,1,1,3,1,2,9,6,1,5,36,2,2
1,15,4,6,2006,3,1,1,2,2,1,1,1,1,1,1,1,1,2,14,6,1,1,,2,2
1,15,4,4,2006,2,1,1,2,2,1,1,1,1,1,1,1,1,1,14,6,1,1,38,2,2
9,16,4,1,2006,2,1,1,2,2,4,1,1,1,1,1,1,1,2,8,6,1,1,,2,2
10,16,4,12,2006,1,1,1,2,2,4,4,1,1,1,1,1,1,2,14,6,1,1,36,2,2
4,2,4,10,2006,3,1,1,2,2,1,1,1,1,1,1,3,1,2,8,6,1,1,,2,2
3,14,4,2,2006,1,1,3,2,2,1,4,1,1,1,1,5,1,1,9,6,1,7,,1,2
4,14,4,3,2006,3,2,1,2,2,1,1,1,1,1,1,5,1,1,8,6,1,1,,2,2
2,14,4,5,2006,4,1,1,2,2,1,4,2,1,1,1,,5,2,9,6,1,1,,2,2
4,14,4,5,2006,2,1,1,2,2,1,1,1,1,1,1,,1,1,6,6,1,1,,2,2
4,14,4,10,2006,1,1,1,2,2,1,1,1,1,1,1,,1,2,9,6,1,1,,2,2
2,14,3,8,2006,2,1,2,2,2,1,1,1,1,1,1,,1,2,4,6,1,1,35,2,2
4,14,4,5,2006,2,5,1,2,1,1,1,2,1,1,1,,1,1,14,2,1,1,33,2,2
4,14,4,6,2006,2,1,1,2,2,1,1,1,1,1,1,,1,2,8,6,1,1,30,2,2
4,14,4,6,2006,3,1,1,2,2,1,1,1,1,1,1,,1,1,4,6,1,1,,2,2
3,14,4,12,2006,4,1,1,2,2,1,4,1,1,3,1,4,1,2,14,7,1,1,,2,2
3,14,4,5,2006,3,3,1,2,2,1,1,1,1,1,1,,1,1,6,2,2,6,,2,2
2,14,2,12,2006,3,1,1,2,2,1,1,1,1,1,1,1,1,2,9,6,1,1,29,2,2
2,14,4,7,2006,2,3,1,2,2,1,1,1,1,1,1,,1,2,12,6,1,1,,2,2
2,14,4,1,2006,2,1,1,2,2,1,1,1,1,1,1,1,1,1,14,6,1,1,,2,2
2,14,4,7,2006,2,3,1,2,2,1,1,1,1,1,1,,1,2,12,6,1,1,,2,2
1,14,4,3,2006,2,1,1,2,2,1,1,1,1,1,1,2,1,1,9,2,1,1,,2,2
1,14,4,6,2006,2,3,1,2,2,1,1,1,1,1,1,2,1,1,8,6,1,1,34,2,2
1,55,4,4,2006,3,7,1,2,2,1,1,1,1,1,1,4,1,1,7,6,1,1,25,2,2
7,56,4,1,2006,3,4,1,2,2,4,1,2,1,1,1,3,1,2,6,6,1,,22,2,2
3,56,4,1,2006,3,1,1,2,2,1,1,1,1,1,1,1,1,2,13,6,2,,,1,2
5,56,4,1,2006,3,1,1,2,2,1,1,4,1,3,2,4,3,2,17,1,2,,,,
3,56,4,1,2006,3,1,1,2,2,1,1,1,1,1,1,1,1,2,9,6,1,7,,1,2
3,56,4,1,2006,2,7,1,2,2,1,1,2,1,1,1,1,1,2,13,6,1,,,1,2
4,56,4,1,2006,2,,1,2,2,1,1,1,1,3,2,2,1,2,11,11,1,7,27,1,2
4,56,4,1,2006,3,,1,2,2,1,1,1,1,1,1,2,1,2,7,6,1,7,,1,
6,56,3,1,2006,2,7,8,1,2,1,1,1,1,1,1,4,1,2,11,11,,,21,,
7,53,4,1,2006,2,1,1,2,2,1,1,1,1,1,1,4,1,2,9,6,1,1,35,2,2
6,55,4,1,2006,3,7,1,2,2,1,1,1,1,1,1,1,1,2,9,,,,,,
6,55,4,1,2006,3,3,1,2,2,1,1,,1,1,,2,1,1,11,4,1,1,,,
1,53,4,2,2006,2,7,1,2,2,1,1,1,1,1,1,4,1,2,11,6,1,6,30,,
3,53,4,2,2006,3,7,8,2,2,1,1,1,1,1,1,3,1,2,9,11,1,,,,
6,53,3,2,2006,3,,,,,,,,,,,4,1,2,9,3,,,,,
13,54,4,1,2006,2,7,1,2,2,1,1,1,1,1,1,1,1,2,13,1,1,7,,2,2
13,54,4,1,2006,3,7,,2,2,1,1,1,1,1,1,1,1,2,9,6,1,7,,,
7,56,4,2,2006,4,7,1,2,2,1,4,1,1,1,1,1,1,2,19,11,,,,,
7,56,4,2,2006,1,7,1,2,2,1,4,1,1,1,1,1,2,,19,6,,,,,
7,56,3,2,2006,4,,7,2,2,1,4,1,1,1,1,1,1,2,12,6,,,,,
3,56,4,2,2006,3,1,1,1,2,1,1,3,1,1,1,1,1,2,9,6,1,7,,,
3,56,4,2,2006,2,,,2,2,1,2,1,1,1,1,1,2,,13,6,,,,,
3,56,3,2,2006,2,2,1,2,2,1,1,1,1,1,1,1,1,2,14,6,2,7,,1,2
8,56,4,2,2006,3,1,1,2,2,1,1,1,1,1,1,1,1,1,9,6,1,,,,
8,56,4,2,2006,3,1,1,2,2,1,1,1,1,1,1,1,1,2,4,6,1,,,,
8,56,4,2,2006,1,1,1,2,2,4,4,1,1,1,1,1,1,2,14,6,1,1,32,1,2
1,55,4,2,2006,2,3,1,2,2,1,1,1,1,1,1,3,1,2,8,6,2,6,25,,
1,55,4,2,2006,3,1,1,2,2,1,1,1,1,1,1,1,1,2,9,6,,,,,
4,55,4,2,2006,3,1,1,2,2,1,1,1,1,1,1,2,1,2,9,6,1,1,,2,2
2,55,2,3,2006,4,1,,2,2,1,2,1,1,1,1,5,,,9,6,,,,,
13,54,4,1,2006,3,1,1,2,2,1,1,1,1,1,1,1,1,2,9,6,1,1,,,
13,54,3,1,2006,3,,8,2,2,1,1,1,1,1,1,1,1,2,6,2,1,7,,,
7,54,3,1,2006,2,2,1,2,2,1,1,1,1,1,1,3,1,2,9,1,1,1,,1,2
7,54,4,2,2006,2,1,1,2,2,1,1,1,1,1,3,3,1,2,7,6,1,,,,
13,54,4,3,2006,1,,1,2,2,1,4,1,1,1,1,3,1,2,13,6,,,,,
5,56,1,3,2006,4,,1,1,2,1,4,2,1,1,1,1,1,2,14,3,1,1,35,2,2
5,56,4,3,2006,3,1,8,2,2,1,1,4,2,3,2,4,4,2,14,8,1,1,25,2,2
3,56,3,3,2006,2,7,1,2,2,1,1,1,1,1,1,3,1,2,9,6,2,7,,,
8,56,4,3,2006,3,1,1,2,2,1,1,1,1,1,1,1,1,2,9,6,1,1,,2,2
4,56,4,3,2006,4,,8,2,2,1,2,1,1,1,1,2,1,2,9,6,1,1,45,,
12,54,4,4,2006,4,5,1,2,2,1,1,1,1,1,1,1,1,2,14,6,1,,,,
13,54,4,3,2006,3,,1,2,2,1,1,1,1,1,1,3,1,2,9,1,,,,2,2
13,54,4,3,2006,3,1,1,2,2,1,1,1,1,1,1,1,1,2,7,6,,,,,
1,54,4,2,2006,3,7,1,2,2,1,1,1,1,1,1,1,1,1,8,2,1,,47,2,2
1,54,1,2,2006,3,3,1,2,2,1,1,2,1,1,2,3,1,1,12,1,1,1,20,,
1,54,4,1,2006,2,7,1,2,2,1,1,1,1,1,1,2,1,2,12,6,,,29,2,2
1,54,4,1,2006,2,7,1,2,2,1,1,5,1,1,1,1,1,2,13,2,,,,,
3,55,4,3,2006,3,7,,2,2,2,1,1,1,1,3,3,1,2,11,6,,,,,
3,55,3,2,2006,3,,8,2,2,1,1,1,1,1,1,4,,,12,6,1,1,,2,2
5,55,4,3,2006,2,1,2,2,2,1,1,1,1,1,1,3,1,2,14,6,1,1,,2,2
3,53,3,3,2006,3,1,4,2,2,1,1,1,1,1,1,3,1,2,7,6,1,,25,2,1
6,53,1,3,2006,3,,1,1,2,1,1,1,1,1,1,4,,,8,11,1,,35,2,2
7,53,4,3,2006,4,1,1,2,2,1,2,3,1,3,2,4,1,2,14,6,,,,,
1,53,4,4,2006,3,1,1,2,2,1,1,1,1,1,1,3,1,2,8,11,,,,,
3,53,4,4,2006,4,1,1,2,2,2,2,1,1,1,1,3,1,2,6,6,,,,2,2
3,53,4,5,2006,2,1,1,2,2,1,4,1,1,1,1,4,1,2,4,6,1,,20,,
1,53,4,5,2006,2,1,1,2,2,1,1,1,1,1,1,1,1,2,8,11,1,1,,2,2
3,56,4,4,2006,3,1,1,2,2,2,1,1,2,1,1,1,1,2,12,6,2,7,,2,2
3,56,4,4,2006,3,1,8,2,2,1,1,1,1,1,1,1,1,2,14,6,1,7,,1,2
8,56,4,4,2006,4,3,1,2,2,1,4,1,1,1,1,1,1,2,9,6,1,1,,2,2
1,55,4,5,2006,3,7,1,2,2,1,1,1,1,1,1,2,1,2,8,6,1,7,,1,2
6,55,4,5,2006,3,1,1,2,2,1,1,1,1,1,1,3,1,2,4,6,1,1,35,2,1
5,55,4,4,2006,3,4,1,2,2,1,1,2,1,1,1,3,1,2,6,11,1,7,24,2,2
2,55,1,2,2006,3,7,1,2,2,1,1,1,1,1,1,2,1,2,8,6,1,1,35,2,2
1,54,4,5,2006,2,7,8,2,2,1,1,1,1,2,2,2,4,1,8,11,1,1,35,1,2
1,54,4,5,2006,2,1,1,2,2,1,1,1,1,1,1,2,1,2,13,6,1,6,38,,
1,54,3,4,2006,2,7,1,1,2,1,1,1,1,1,1,5,1,1,14,6,1,1,,1,2
8,54,3,4,2006,2,1,1,2,2,1,2,1,1,1,1,3,1,2,13,6,,1,,,
9,54,4,5,2006,1,4,,2,2,2,4,3,2,3,2,4,,2,14,7,1,7,,,
9,54,4,4,2006,4,3,,2,2,2,4,1,1,,,2,2,2,19,6,,,,,
12,54,4,3,2006,3,,3,1,2,1,1,1,1,1,1,3,1,2,8,8,,1,,2,2
12,54,1,4,2006,3,7,1,2,2,1,1,2,2,1,1,1,1,2,13,5,1,1,,2,2
12,54,4,5,2006,2,7,1,2,2,2,1,2,2,1,1,1,1,2,12,1,1,,40,2,2
13,54,4,5,2006,2,,1,2,2,1,1,1,1,1,1,1,1,2,19,6,,,,,
4,54,4,4,2006,2,1,1,2,2,1,1,1,1,1,1,4,1,2,16,6,1,1,55,,
4,54,4,5,2006,3,1,1,2,2,1,1,2,1,1,1,3,1,2,13,2,1,1,22,2,2
7,54,4,3,2006,4,3,1,2,2,1,2,2,1,1,1,2,1,2,14,6,2,,,1,2
7,54,1,3,2006,2,1,1,1,2,1,1,1,1,1,1,3,1,2,7,6,,,,,
7,54,4,4,2006,2,1,1,2,2,1,1,1,1,1,1,3,1,2,8,6,,,,1,
3,54,1,5,2006,2,7,8,2,2,1,1,1,1,1,1,2,3,2,14,6,2,,37,2,2
3,56,3,5,2006,4,1,2,2,2,1,4,1,1,1,1,1,1,2,14,6,2,,,1,
3,56,4,5,2006,3,,1,2,2,1,1,1,1,1,1,1,1,2,7,6,1,,,1,2
3,56,3,5,2006,,1,1,2,1,1,1,1,1,1,1,1,1,2,13,,1,7,,1,2
7,56,4,7,2006,4,7,,,2,1,4,1,5,1,1,1,1,2,19,6,,,,,
3,56,4,7,2006,2,7,1,2,2,1,1,1,1,1,1,1,1,2,7,6,,,,,
3,53,4,7,2006,2,7,3,1,2,1,1,1,1,1,1,4,1,2,12,11,2,7,23,,
7,53,3,7,2006,2,,1,2,2,1,1,1,,1,1,3,2,1,13,6,,,24,2,2
3,53,4,7,2006,3,3,4,2,2,1,1,1,1,1,1,3,1,2,8,6,1,,46,2,2
1,53,4,7,2006,3,,1,2,2,1,1,1,1,1,1,2,1,2,8,6,1,,,,
1,53,1,7,2006,2,1,8,2,2,,,,,,,3,1,2,6,6,1,1,30,2,2
6,55,4,6,2006,3,1,1,2,2,1,1,1,1,1,1,3,1,2,8,11,1,,,2,2
9,56,4,6,2006,4,1,,2,2,1,2,1,1,1,1,1,2,2,14,6,,,,,
3,56,3,6,2006,3,,1,2,2,1,1,1,1,1,1,1,1,2,13,6,2,,,1,2
6,55,1,8,2006,2,1,1,2,2,1,1,1,1,1,1,3,1,2,9,6,1,1,30,2,2
2,55,4,7,2006,4,7,1,2,2,1,1,2,1,1,1,4,1,2,14,2,1,1,,,
6,55,4,8,2006,2,1,1,2,2,1,1,1,1,1,1,1,1,2,9,6,1,1,,2,2
4,55,4,8,2006,2,7,1,2,2,1,1,2,1,1,1,3,1,2,16,2,1,1,,2,2
1,55,4,7,2006,3,7,8,2,2,2,1,1,2,1,1,3,1,2,12,6,1,7,,2,2
3,56,4,8,2006,3,1,1,2,2,1,1,1,1,1,1,4,1,2,14,6,2,7,,1,2
3,56,1,8,2006,3,1,1,2,2,1,1,1,1,1,1,1,1,2,8,6,,,,,
3,56,4,9,2006,2,7,1,2,2,1,1,1,1,1,1,1,1,2,9,6,,,,,
3,56,4,9,2006,3,1,1,2,2,1,1,1,1,1,1,1,1,2,9,6,1,7,36,2,2
3,56,4,9,2006,3,7,2,2,2,1,1,1,1,1,1,3,1,2,7,6,,,25,,
9,56,3,9,2006,2,1,1,1,2,1,1,1,1,1,1,4,1,2,4,6,1,1,,,
4,56,4,9,2006,2,1,1,2,2,1,1,1,1,1,1,3,1,2,9,6,1,1,24,2,2
6,56,4,9,2006,2,7,,2,2,1,1,4,,3,2,3,1,2,14,11,1,,30,,
2,53,4,10,2006,3,,3,2,2,1,1,1,1,1,1,4,1,2,4,6,,2,28,2,2
3,53,4,10,2006,2,7,1,2,2,1,1,1,1,1,2,4,1,2,5,6,1,,,2,2
1,55,4,9,2006,3,,,2,2,1,1,1,1,1,1,3,1,2,14,6,,,,,
1,55,4,8,2006,3,,8,2,2,1,1,1,1,1,1,3,1,2,14,6,1,1,30,1,2
1,54,4,4,2006,2,,,1,2,1,1,1,1,1,1,3,1,2,8,6,,,,,
13,54,4,6,2006,3,5,1,2,2,1,1,2,1,1,1,2,1,2,9,2,,,40,1,2
4,54,4,8,2006,2,1,1,2,2,1,1,1,1,1,1,4,1,2,7,6,1,1,22,2,2
11,54,4,5,2006,4,,3,2,2,1,4,1,1,1,1,3,1,2,19,6,,,,,
8,56,4,10,2006,3,,1,2,2,1,1,1,1,1,1,3,1,2,8,6,,,,2,2
8,56,4,10,2006,3,,1,2,2,1,1,1,1,1,1,2,1,2,13,6,1,7,25,1,2
7,56,4,11,2006,3,1,,2,2,4,1,1,1,1,1,1,1,1,13,6,2,7,,,
8,56,4,11,2006,3,1,1,2,2,1,1,1,1,1,1,1,3,2,9,6,2,1,33,1,2
1,56,4,11,2006,3,1,1,2,2,4,1,1,1,1,1,3,1,2,9,6,,1,36,2,2
9,56,4,11,2006,1,,,2,2,1,2,1,1,1,1,3,1,2,8,11,,,31,,
1,53,4,11,2006,3,,1,2,2,1,1,1,1,1,1,1,1,2,11,6,1,7,,1,2
8,53,1,10,2006,3,7,1,2,2,1,1,1,1,1,2,4,1,2,6,6,1,4,,2,2
2,55,4,9,2006,4,,,1,,1,1,1,1,1,1,4,1,1,4,6,,7,20,,
4,55,4,10,2006,3,3,1,2,2,1,1,1,1,1,1,3,1,2,9,11,,,,,
4,55,2,10,2006,2,7,1,2,2,1,1,,,,,3,4,1,14,2,,,,2,2
9,54,3,11,2006,3,1,3,2,2,1,1,1,1,1,1,1,1,2,19,6,,,,,
5,54,4,4,2006,2,1,1,2,2,1,1,1,1,1,1,3,1,2,19,6,,,,,
5,54,4,11,2006,2,1,1,2,2,1,1,1,1,1,1,4,1,2,4,6,,1,25,2,2
13,54,4,12,2006,2,1,1,1,,1,1,,1,1,1,1,1,2,9,5,1,,40,1,2
7,54,4,2,2006,4,1,1,1,2,1,4,1,1,1,1,2,1,2,8,5,1,3,,2,2
2,54,4,12,2006,3,7,2,2,2,1,1,1,1,1,3,4,1,2,12,6,,,,,
11,54,4,12,2006,3,1,1,2,2,4,1,1,1,1,1,3,1,2,7,6,,,,,
1,53,2,12,2006,2,3,8,2,2,1,1,1,1,1,1,5,1,1,14,11,1,7,50,2,2
11,54,4,12,2006,4,7,1,2,2,4,2,1,1,1,1,3,1,2,19,6,,,,,
8,54,4,12,2006,3,1,8,2,2,1,1,1,1,1,1,3,1,2,13,1,1,7,40,2,2
3,54,1,10,2006,3,3,1,2,2,1,1,1,1,1,1,3,1,2,12,6,2,7,28,2,2
1,54,4,11,2006,2,,1,,,1,1,1,1,1,1,2,,,4,6,,,,,
3,56,3,12,2006,3,7,8,2,2,1,1,1,1,1,1,1,1,2,7,6,,,33,,
2,56,4,12,2006,3,7,8,2,2,1,1,1,1,3,1,4,1,2,1,6,,7,,,
13,54,4,11,2006,3,,3,2,2,1,1,1,1,1,1,1,1,,9,11,1,7,35,2,2
13,54,4,12,2006,4,3,8,2,2,1,1,1,1,1,1,1,1,2,10,4,,,,2,2
13,54,4,11,2006,3,,3,2,2,1,1,1,1,1,1,1,,,14,11,1,,20,2,2
13,54,4,12,2006,3,3,3,2,2,1,1,1,1,1,1,1,1,2,4,11,,,,2,2
5,55,4,12,2006,1,1,1,2,2,1,2,1,1,1,1,3,1,2,5,6,,,,,
6,55,4,3,2006,2,1,1,2,2,1,1,1,1,1,1,1,1,2,14,6,,,,,
1,55,4,12,2006,3,,1,2,2,1,1,3,1,3,2,4,1,2,13,6,1,,,2,
5,55,4,11,2006,2,1,1,2,2,1,1,2,3,3,2,4,1,2,13,11,1,1,,2,2
7,55,4,11,2006,3,1,2,2,2,1,1,2,1,1,1,2,1,2,14,2,1,1,,2,2
6,55,4,11,2006,3,1,1,1,2,1,1,1,1,1,1,1,,,6,6,,,,,
11,54,4,12,2006,3,3,8,2,2,1,1,1,1,1,1,3,1,2,7,6,1,1,23,2,2
8,54,4,12,2006,2,1,8,2,2,1,2,1,1,1,1,4,1,2,19,11,1,7,25,,
8,54,4,12,2006,3,7,1,1,2,1,1,1,1,2,2,4,1,2,14,11,1,1,45,2,1
1,56,4,12,2006,4,1,1,1,1,4,2,1,1,1,1,2,1,2,10,4,1,7,,1,1
1,28,3,1,2006,1,7,5,2,1,1,3,1,1,1,1,1,1,1,13,11,1,1,35,2,2
1,28,4,4,2006,3,7,8,2,2,1,1,1,1,1,3,5,1,1,1,6,1,1,,2,2
1,28,3,5,2006,3,7,1,2,2,1,1,4,1,1,1,1,2,1,1,8,1,7,,1,1
1,28,3,7,2006,2,1,8,2,2,2,2,1,1,1,1,5,1,1,8,4,1,3,,1,2
1,28,4,11,2006,2,7,1,1,2,1,1,1,1,1,1,5,1,1,4,11,1,7,,2,2
2,28,4,7,2006,4,4,8,2,1,1,4,1,1,1,1,1,1,1,19,7,1,2,,2,2
2,28,4,8,2006,4,7,8,2,2,1,4,3,1,1,1,1,5,1,14,6,1,7,,2,2
2,28,3,9,2006,3,1,1,2,2,1,1,1,1,1,1,5,1,1,14,8,1,1,38,2,2