Thana,District,Accident_Severity,Month,Year,Time,Junction_Type,Traffic_Control,Movement,Divider,Weather,Light,Road_Geometry,Surface_Condition,Surface_Type,Surface_Quality,Road_Class,Road_Feature,Location_Type,Vehicle_Type,Vehicle_Movement,Vehicle_Loading,Vehicle_Defect,Vehicle_Driver_Age,Vehicle_Alcohol,Vehicle_Seat_Belt
8,63,4,9,2007,1,1,1,2,2,2,4,1,1,1,1,1,1,2,19,6,,1,,2,2
8,63,4,9,2007,3,1,1,2,2,2,1,,1,1,,4,1,2,9,6,1,1,,1,2
8,63,4,10,2007,4,1,4,2,2,1,2,1,1,1,1,1,1,2,9,6,1,7,41,2,2
8,63,4,10,2007,4,2,3,2,2,1,1,1,1,1,1,1,1,2,19,6,1,7,,2,2
8,63,4,10,2007,2,,8,2,2,1,2,5,1,1,1,1,1,2,,,,,,,
8,63,4,11,2007,4,1,1,2,2,1,2,1,1,1,1,4,1,2,19,6,1,7,,2,2
10,63,4,9,2007,3,1,1,2,2,1,1,1,1,1,1,2,1,2,14,6,1,1,40,2,2
10,63,4,10,2007,3,3,3,1,2,1,2,,1,1,1,4,1,2,5,6,1,1,,2,2
11,63,4,10,2007,1,1,8,1,2,2,4,1,2,1,1,2,1,2,13,6,1,7,,2,2
11,63,2,10,2007,1,1,8,1,2,2,1,1,5,1,,1,1,2,13,6,1,7,,2,2
11,63,4,10,2007,4,1,8,1,2,1,3,1,1,1,1,1,1,1,14,6,1,2,,2,2
6,63,4,10,2007,1,1,1,2,1,1,2,1,1,1,1,1,1,2,14,1,1,7,40,2,2
7,63,4,10,2007,4,3,8,2,2,1,3,1,1,1,1,1,1,2,9,,,1,32,2,2
7,63,4,9,2007,2,3,8,1,2,2,1,2,2,1,1,1,1,2,11,6,1,1,,2,2
4,63,4,10,2007,3,7,8,1,2,1,1,1,1,1,1,4,,1,17,11,,7,,,
4,63,4,10,2007,2,1,1,2,2,1,1,2,1,1,1,4,1,2,7,1,,1,,2,2
9,63,4,11,2007,1,1,1,2,2,1,4,1,1,1,1,1,1,2,19,6,1,7,,2,2
9,63,3,11,2007,3,1,1,2,2,1,1,1,1,1,1,1,1,2,8,6,1,1,,2,2
14,63,4,9,2007,4,3,1,2,2,1,4,,1,1,1,1,1,2,19,5,1,1,,2,2
14,63,4,10,2007,2,1,1,2,2,1,1,1,1,1,1,1,1,2,14,6,1,1,40,2,2
14,63,4,10,2007,4,2,1,2,2,1,2,1,1,1,1,1,1,2,14,,1,1,33,2,2
14,63,4,10,2007,2,3,1,2,1,1,1,1,1,,,1,1,2,14,6,2,7,,2,2
14,63,4,10,2007,2,1,1,2,2,1,,1,1,1,3,1,1,2,14,6,1,7,37,2,2
1,61,4,6,2007,4,1,1,2,2,1,4,1,1,1,1,1,1,1,14,6,1,1,50,2,2
1,61,4,7,2007,1,1,1,2,2,1,3,1,1,1,1,5,1,1,7,6,,6,,2,2
1,61,4,7,2007,2,1,1,2,2,1,1,1,1,1,1,1,1,2,7,6,1,1,23,2,2
1,61,4,7,2007,2,1,1,2,2,1,1,1,1,1,1,1,1,1,14,6,1,1,35,2,2
1,61,4,8,2007,3,1,1,2,2,1,1,,1,1,1,1,1,2,7,6,1,7,50,2,2
1,61,4,9,2007,1,1,,1,1,1,4,1,1,1,1,1,1,1,14,6,1,7,,2,2
1,61,4,11,2007,2,1,1,1,2,1,1,1,1,1,1,1,1,2,,,1,1,35,2,2
1,61,4,11,2007,1,1,1,2,2,2,4,1,2,1,1,1,1,2,19,6,1,7,,2,2
3,61,4,10,2007,1,,1,2,,1,3,1,1,1,1,1,1,2,19,6,1,7,,2,2
3,61,4,11,2007,1,7,1,2,,4,3,,1,1,1,1,1,1,19,6,1,1,,2,2
4,61,4,7,2007,3,3,1,2,2,1,2,1,1,1,1,3,1,2,5,6,1,7,,2,2
4,61,4,7,2007,4,1,1,2,2,1,2,1,1,1,1,3,1,2,9,6,1,7,27,2,2
4,61,4,7,2007,1,1,1,2,2,1,4,1,1,1,1,3,1,2,12,6,1,7,,2,2
4,61,4,12,2007,2,7,3,1,,1,1,1,1,1,1,3,1,2,9,6,1,3,,2,2
6,61,4,8,2007,4,,,2,2,1,4,1,1,1,1,3,1,2,5,4,,,,,
1,58,4,9,2007,2,7,8,2,2,1,2,1,1,1,1,5,1,1,9,11,1,1,,2,2
14,58,4,9,2007,2,1,1,2,,1,1,1,1,1,1,1,1,2,14,5,1,1,,1,2
14,58,4,10,2007,3,,8,1,2,1,1,1,1,1,1,3,1,1,2,6,1,1,,2,2
14,58,4,11,2007,3,1,8,1,2,1,1,1,1,1,1,4,1,2,,,,,,,
14,58,4,12,2007,2,1,1,2,2,1,1,1,1,1,1,4,4,2,17,6,2,6,28,1,2
5,58,4,9,2007,2,1,1,2,2,1,1,1,2,1,1,1,1,2,19,5,1,,40,2,2
5,58,4,10,2007,1,1,1,2,2,2,4,1,2,1,1,1,1,2,9,5,1,1,38,2,2
5,58,4,11,2007,2,1,1,2,,1,1,1,1,1,1,1,1,2,13,6,1,,,2,2
5,58,4,12,2007,2,1,1,2,2,1,2,1,1,1,1,1,1,2,14,6,1,,26,2,2
2,58,2,10,2007,3,1,1,2,2,1,1,1,1,1,1,1,1,1,9,2,1,1,40,2,2
2,58,4,11,2007,2,7,1,2,2,1,1,1,1,1,1,1,1,1,6,6,1,1,28,2,2
2,58,4,11,2007,1,1,1,2,2,1,3,1,1,1,1,1,1,1,9,6,1,1,35,2,2
7,58,4,11,2007,1,1,1,2,2,1,2,1,1,1,1,1,1,2,14,2,1,1,,2,2
7,58,4,11,2007,4,1,1,2,2,1,2,1,1,1,1,1,1,1,9,6,1,1,40,2,2
10,58,4,10,2007,4,1,3,2,2,1,4,1,1,1,1,2,1,2,,,,,,,
13,58,4,11,2007,4,7,1,2,2,1,4,2,1,1,1,3,5,2,10,1,1,1,30,2,2
3,58,4,9,2007,4,1,1,2,2,1,4,1,1,1,1,2,1,2,14,6,1,1,,1,2
8,58,3,10,2007,3,7,8,2,2,1,1,1,1,1,1,1,1,2,9,11,1,7,,2,2
12,58,4,10,2007,3,7,1,2,2,1,4,1,1,1,1,4,1,2,,,,,,,
7,59,3,8,2007,2,1,1,2,2,1,1,1,1,1,1,2,1,2,14,4,1,7,30,2,2
7,59,4,9,2007,2,7,1,2,2,1,1,1,1,1,1,2,1,2,9,5,1,1,38,2,2
4,59,4,9,2007,3,3,1,2,2,1,1,1,1,1,1,2,1,2,4,6,1,,,2,2
4,59,4,9,2007,4,7,1,2,2,2,1,1,1,1,1,2,1,2,,,,,,,
4,59,4,10,2007,3,7,1,2,2,2,1,1,1,1,1,2,1,2,,,,,,,
4,59,4,10,2007,2,7,1,2,2,1,1,1,1,1,1,2,1,2,8,2,1,1,32,2,2
7,59,4,10,2007,1,1,4,2,,1,2,1,1,1,1,3,1,2,9,4,1,7,40,2,2
4,59,4,12,2007,2,7,1,2,2,1,1,1,1,1,1,2,1,2,8,6,1,1,,,
2,59,4,12,2007,1,7,1,2,2,4,4,1,1,1,1,2,1,2,19,4,1,7,,1,2
1,57,4,11,2007,3,1,,2,2,1,1,1,1,1,1,1,1,2,9,6,,,45,,2
3,57,4,11,2007,3,3,3,2,1,1,1,1,1,1,1,1,1,2,7,6,,,,1,2
3,57,4,12,2007,3,7,1,2,1,1,1,1,1,1,1,1,1,2,10,6,1,1,,2,1
3,57,4,12,2007,3,5,8,2,1,1,1,1,1,1,1,1,1,2,10,6,1,1,,2,
3,57,4,12,2007,3,7,1,2,2,1,1,1,1,1,1,4,4,2,2,6,2,,22,2,2
7,60,4,10,2007,4,7,1,2,2,1,4,1,1,1,1,3,1,2,,,,,,,2
7,60,4,10,2007,4,4,1,2,2,1,4,1,1,1,1,3,1,2,8,5,,,,,2
7,60,4,10,2007,2,7,1,2,2,1,1,1,1,1,1,3,1,2,9,6,,,,2,2
7,60,4,10,2007,3,7,3,2,2,1,1,1,1,1,1,3,1,2,9,6,,7,,2,2
7,60,3,10,2007,2,1,1,2,2,1,1,1,1,1,1,3,1,2,9,6,1,1,,2,2
7,60,4,10,2007,3,7,8,2,2,1,1,,1,1,1,3,1,2,12,6,,,,2,2
5,60,4,10,2007,3,1,1,2,2,1,1,1,1,1,1,1,1,2,9,6,1,1,,2,2
4,60,4,12,2007,3,1,1,1,2,1,1,1,1,1,1,3,1,2,5,5,,,,2,2
3,61,4,10,2007,3,,1,2,1,1,2,1,1,1,1,1,1,2,9,7,,,,,
1,61,4,10,2007,4,1,1,2,2,1,2,1,1,1,1,1,1,2,,,1,1,,2,2
3,62,1,9,2007,2,1,8,2,2,2,1,1,2,1,1,3,1,2,9,11,1,1,30,2,2
3,62,4,10,2007,2,3,1,2,2,1,1,1,1,1,1,3,,2,9,6,1,1,45,2,2
3,62,4,10,2007,2,1,2,2,2,2,1,3,3,1,3,3,1,2,9,1,2,1,,1,
1,62,4,10,2007,3,1,1,2,,1,1,1,1,1,1,2,1,1,7,4,1,7,35,2,2
2,62,4,10,2007,3,7,1,2,2,1,1,1,1,1,1,3,1,2,19,6,1,7,,1,2
4,62,4,11,2007,3,1,1,2,2,1,1,1,1,1,1,2,1,2,4,6,1,7,,2,2
1,68,1,12,2007,3,7,8,1,2,,,,,1,1,3,1,2,5,6,1,,,2,2
1,68,4,12,2007,3,7,8,2,2,1,2,2,1,1,1,1,1,2,6,1,1,,22,2,2
2,68,3,12,2007,3,7,8,1,2,1,1,3,1,2,2,3,1,2,5,6,1,7,,2,2
3,68,3,11,2007,2,1,1,2,2,1,1,4,1,1,1,3,1,2,9,6,1,,35,2,2
3,68,4,12,2007,3,7,1,2,,1,1,2,1,1,1,3,1,2,11,6,2,,,2,2
5,66,1,9,2007,3,7,1,1,2,1,1,1,1,1,1,1,1,2,9,1,,3,48,2,2
8,66,3,11,2007,3,7,1,2,2,1,2,3,1,1,1,2,1,2,9,2,1,,30,2,2
4,66,4,12,2007,4,7,8,2,2,1,4,4,1,1,2,2,1,2,9,2,2,,,1,2
4,65,4,5,2007,4,1,8,1,2,1,4,3,1,1,1,4,,2,11,6,,,,2,2
4,65,4,11,2007,3,,8,1,2,1,1,1,1,3,2,4,1,2,,6,,,,2,2
1,67,3,9,2007,2,1,7,2,1,1,1,1,1,1,1,1,1,1,9,1,1,3,35,1,2
7,67,2,9,2007,2,1,1,2,2,1,1,2,1,1,1,1,1,2,9,6,1,1,50,2,2
1,67,4,9,2007,2,1,1,2,2,1,1,1,1,1,1,1,1,1,5,6,1,1,32,2,2
2,67,4,10,2007,2,1,1,1,2,1,1,1,1,1,1,3,1,2,14,5,1,1,50,2,2
7,67,4,10,2007,3,7,1,2,2,1,1,2,1,1,1,1,1,2,16,1,1,,45,2,2
9,67,4,10,2007,2,7,1,2,2,1,1,4,1,1,1,3,1,2,14,2,2,,35,,
6,67,4,12,2007,3,7,1,2,2,1,1,2,1,1,1,3,1,1,5,6,1,,20,,
7,65,4,11,2007,2,7,1,2,2,1,2,1,1,1,1,1,1,2,14,6,1,1,25,2,2
5,65,4,5,2007,2,7,1,2,2,1,1,2,1,1,1,1,1,2,,,,,,2,2
1,61,3,2,2007,3,1,1,2,1,1,1,1,1,1,1,1,1,2,9,6,1,7,,2,2
4,59,2,3,2007,2,1,1,2,2,2,1,1,1,1,1,2,1,2,14,6,1,1,28,2,2
4,59,4,7,2007,3,1,1,2,2,1,1,2,1,1,1,2,1,1,9,1,1,1,,2,2
1,59,4,3,2007,2,1,8,2,2,1,1,1,1,1,1,2,1,1,9,6,1,7,,2,2
5,59,4,8,2007,2,1,1,2,2,1,1,1,1,1,1,2,1,2,7,6,1,3,,2,2
1,58,4,9,2007,3,1,1,1,1,1,1,,1,3,1,4,1,2,7,6,1,1,,2,2
1,58,1,9,2007,2,1,1,2,2,1,1,1,1,1,1,5,,,7,5,1,1,25,2,2
7,58,4,7,2007,3,1,1,2,2,1,1,1,1,1,1,1,1,2,14,6,1,1,,2,2
3,62,4,7,2007,4,1,1,2,2,2,4,1,3,1,1,3,1,2,12,6,1,7,,2,2
3,62,4,8,2007,4,1,1,2,2,1,2,1,1,1,1,3,1,2,9,6,1,7,35,2,2
3,62,4,5,2007,3,1,1,1,2,1,1,1,1,1,1,4,1,2,13,6,1,7,45,2,2
6,58,4,3,2007,3,1,8,2,2,1,1,1,1,1,1,1,1,2,9,6,1,2,,,
3,61,4,3,2007,3,1,1,2,1,1,2,1,1,1,1,1,1,2,5,7,1,1,,2,2
1,58,4,2,2007,4,1,,2,2,1,3,1,1,1,1,1,1,2,7,6,1,1,25,2,2
1,58,2,3,2007,2,3,1,2,1,1,3,2,1,1,1,1,1,2,10,6,1,1,,2,2
2,61,4,1,2007,1,1,8,2,2,4,2,1,2,1,1,1,1,2,12,6,1,7,22,2,2
7,58,4,10,2007,2,1,1,2,2,2,1,1,2,1,1,1,1,2,8,6,1,1,35,2,2
9,63,4,5,2007,1,1,4,2,1,1,1,1,1,1,1,1,1,2,8,6,1,1,,2,2
1,62,3,2,2007,2,3,4,2,1,1,2,1,1,1,1,2,1,1,9,2,1,1,30,2,2
7,44,4,12,2007,3,1,1,2,1,1,1,1,1,1,1,1,1,2,8,6,1,1,,2,2
5,44,4,12,2007,1,1,1,2,2,1,2,1,1,1,1,1,1,2,14,6,1,1,,2,2
5,44,4,12,2007,4,1,1,2,,1,4,1,1,1,1,1,1,2,9,6,1,1,,2,2
6,63,4,8,2007,3,1,1,2,2,2,1,2,2,1,1,4,2,1,11,2,2,3,,2,2
6,63,4,8,2007,2,1,4,2,2,1,1,1,1,1,1,1,1,2,14,6,1,1,,2,2
5,63,4,5,2007,2,1,1,2,2,1,1,4,1,1,1,2,1,2,8,6,1,1,,2,2
13,63,4,1,2007,3,1,1,1,2,1,1,1,1,1,1,1,1,2,14,6,1,1,37,2,2
3,57,4,4,2007,4,3,1,2,2,1,2,5,1,1,1,1,1,2,7,6,,,,,
3,57,4,5,2007,2,1,1,2,,2,1,2,2,1,1,2,1,2,,9,2,,,,2
5,60,4,5,2007,3,1,1,2,2,1,1,1,1,1,1,2,1,2,4,5,,1,25,2,1
5,60,4,7,2007,3,1,1,2,2,1,1,1,1,1,1,2,1,2,9,6,,1,,2,2
7,60,4,9,2007,4,1,1,2,2,1,2,1,1,1,1,3,1,2,9,6,,,,,2
13,60,4,10,2007,3,1,1,2,2,1,1,1,1,1,1,1,1,2,9,6,1,1,,2,2
8,60,4,8,2007,3,1,1,2,2,1,1,1,1,1,1,3,1,2,1,8,1,,1,2,2
8,63,4,11,2007,2,1,1,2,2,1,1,2,1,3,1,1,1,2,19,6,1,1,,2,2
9,66,1,2,2007,2,1,1,1,2,1,1,3,1,2,2,2,1,2,11,6,1,7,30,2,2
8,63,4,6,2007,3,2,1,2,2,2,1,1,2,1,1,1,1,2,14,2,1,1,45,2,2
8,63,2,5,2007,1,1,1,2,2,2,4,1,2,1,1,1,1,2,1,9,1,1,,2,2
4,66,3,11,2007,3,1,1,2,2,1,1,3,1,1,1,1,1,2,9,2,1,7,30,2,2
1,66,4,4,2007,2,1,1,2,2,1,1,2,1,1,2,4,4,2,11,6,1,1,,2,2
5,66,4,1,2007,2,1,1,1,,1,1,5,1,2,2,2,,2,9,1,,,,,
5,66,4,3,2007,3,3,1,1,1,3,1,4,1,1,2,4,1,2,11,6,1,3,,2,2
2,65,4,1,2007,4,1,1,2,,1,2,1,1,1,1,1,2,2,9,,1,,42,,
8,63,4,1,2007,3,1,1,2,2,1,1,2,1,1,1,1,1,2,8,6,1,1,,2,2
10,67,4,10,2007,3,1,1,2,2,1,1,4,1,2,2,3,1,2,13,6,2,,,2,2
7,67,1,6,2007,3,1,1,2,2,2,1,4,2,1,1,1,1,2,14,6,2,1,45,2,2
7,63,4,11,2007,3,1,1,2,2,1,1,1,1,1,1,1,1,2,13,6,1,7,,2,2
2,60,4,5,2007,3,1,1,2,2,1,1,1,2,1,1,3,1,1,9,6,,,,2,2
4,57,4,10,2007,2,1,3,2,2,1,1,1,1,1,1,4,1,2,17,9,,3,50,2,2
1,20,4,2,2007,1,1,1,2,2,1,2,1,1,1,1,1,1,2,6,6,1,1,25,,2
4,57,4,4,2007,4,1,1,2,2,1,2,1,1,1,1,1,1,2,9,6,,,,,2
1,57,3,7,2007,2,1,1,2,2,1,1,2,1,1,1,1,2,,9,2,1,1,40,1,2
4,36,4,3,2007,3,1,1,2,2,1,1,1,1,1,1,3,1,2,14,6,1,1,,2,2
4,36,4,3,2007,1,1,1,2,2,1,2,1,1,1,1,1,1,2,8,6,1,1,,2,2
1,47,4,3,2007,3,2,1,2,2,1,1,1,1,1,1,1,1,2,8,6,1,1,,2,2
1,47,4,3,2007,4,2,1,2,2,1,2,1,1,1,1,1,1,2,,6,1,1,,2,2
9,47,4,3,2007,3,1,1,2,2,1,1,1,1,1,1,1,1,2,8,6,1,1,33,2,2
9,47,4,3,2007,1,1,1,2,2,1,2,1,1,1,1,1,2,2,9,6,1,1,40,2,2
12,47,4,3,2007,1,1,5,2,2,1,1,1,1,1,1,1,1,2,9,6,1,1,,2,2
5,47,3,3,2007,3,1,1,2,2,1,1,1,1,1,1,3,1,2,9,6,1,1,,2,2
2,43,4,3,2007,4,1,1,2,2,1,1,1,1,1,1,1,1,2,9,6,1,1,,2,2
4,43,4,3,2007,3,2,1,2,2,1,1,1,1,1,1,1,1,2,8,6,1,1,,2,2
2,43,3,3,2007,4,1,1,2,2,1,1,1,1,1,1,1,1,2,9,6,1,1,30,2,2
2,43,4,3,2007,3,1,1,2,2,1,1,1,1,1,1,1,1,2,9,6,1,1,,2,2
1,43,4,3,2007,2,1,1,2,2,1,1,1,1,1,1,3,1,2,14,6,1,1,,2,2
5,43,4,3,2007,3,1,1,2,2,1,1,1,1,1,1,3,1,2,14,6,1,1,,2,2
1,48,4,3,2007,2,1,1,2,2,1,1,1,1,1,1,3,1,2,14,6,1,1,,2,2
1,48,4,3,2007,3,1,1,2,2,1,1,1,1,1,1,1,1,2,9,6,1,1,,2,2
3,48,4,3,2007,3,1,1,2,2,1,1,1,1,1,1,3,1,2,9,6,1,1,,2,2
3,48,4,3,2007,1,1,1,2,2,1,1,1,1,1,1,3,1,2,19,6,1,1,35,2,2
3,38,4,3,2007,4,1,1,2,2,1,1,1,1,1,1,1,1,2,14,6,1,1,,2,2
7,38,4,3,2007,3,1,1,2,2,1,1,1,1,1,1,3,1,2,9,6,1,1,,2,2
6,38,4,3,2007,3,1,1,2,2,1,1,1,1,1,1,3,1,2,6,6,1,1,,2,2
3,45,4,2,2007,1,1,1,2,2,1,1,1,1,1,1,3,1,2,9,6,1,1,,2,2
3,45,4,3,2007,3,1,1,2,2,1,1,1,1,1,1,3,1,2,8,6,1,1,,2,2
5,45,4,3,2007,4,1,1,2,2,1,1,1,1,1,1,1,1,2,14,6,1,1,,2,2
1,45,3,3,2007,2,1,1,2,2,1,1,1,1,1,1,1,1,2,9,6,1,1,,2,2
1,49,3,3,2007,3,1,1,2,2,1,1,1,1,1,1,3,1,2,9,6,1,1,,2,2
2,49,3,3,2007,3,1,1,2,2,1,1,1,1,1,1,3,1,2,9,6,1,1,,2,2
12,50,4,3,2007,2,1,2,2,2,1,1,1,1,1,1,1,1,2,14,6,1,1,,2,2
2,50,4,3,2007,2,1,1,2,2,1,1,1,1,1,1,1,1,2,9,6,1,1,,2,2
6,50,3,3,2007,2,1,1,2,2,1,1,1,1,1,1,3,1,2,19,6,1,1,,2,2
5,50,4,3,2007,2,1,1,2,2,1,1,1,1,1,1,1,1,2,9,6,1,1,,2,2
3,50,4,3,2007,4,1,1,2,2,1,1,1,1,1,1,3,1,2,19,6,1,1,,2,2
11,50,3,3,2007,3,1,1,2,2,1,1,1,1,1,1,2,1,2,9,6,1,1,,2,2
11,50,3,3,2007,3,1,1,2,2,1,1,1,1,1,1,2,1,2,9,6,1,1,35,2,2
13,50,4,3,2007,2,1,1,2,2,1,1,1,1,1,1,3,1,2,8,6,1,1,,2,2
13,50,3,3,2007,2,1,1,2,2,1,1,1,1,1,1,2,1,2,9,6,1,1,,2,2
13,50,1,3,2007,3,1,1,2,2,1,1,1,1,1,1,3,1,2,12,6,1,1,35,2,2
13,50,4,3,2007,3,1,1,2,2,1,1,1,1,1,1,3,1,2,9,6,1,1,30,2,2
4,52,4,3,2007,3,1,1,1,2,1,1,1,1,1,1,3,1,2,9,6,1,1,,2,2
10,52,4,3,2007,4,,3,1,,1,1,1,1,1,1,3,1,2,6,6,1,1,,2,2
10,52,4,3,2007,2,,1,2,2,1,1,1,1,1,1,3,1,2,9,6,1,1,25,2,2
1,52,4,3,2007,2,7,8,2,,1,1,1,1,1,1,2,1,2,9,6,1,1,30,2,2
1,52,3,3,2007,3,1,1,2,2,1,1,1,1,1,1,1,1,2,14,6,1,1,,2,2
1,52,4,3,2007,2,1,7,2,2,1,1,1,1,1,1,2,1,2,12,6,1,1,25,2,2
3,44,4,3,2007,3,1,1,2,2,1,1,1,1,1,1,1,1,2,9,6,1,1,,2,2
3,44,3,3,2007,1,1,1,2,2,1,1,1,1,1,1,1,1,2,9,6,1,1,,2,2
6,44,1,3,2007,3,1,1,2,2,1,1,1,1,1,1,3,1,2,14,6,1,1,,2,2
6,44,4,3,2007,1,1,1,2,2,1,1,1,1,1,1,1,1,2,9,6,1,1,,2,2
7,44,4,3,2007,1,1,1,2,2,1,1,1,1,1,1,1,1,2,19,6,1,1,,2,2
7,44,4,3,2007,4,1,1,2,2,1,1,1,1,1,1,1,1,2,9,6,1,1,,2,2
7,44,4,3,2007,2,1,1,2,2,1,1,1,1,1,1,1,1,2,9,6,1,1,,2,2
5,44,3,3,2007,3,1,1,2,2,1,1,1,1,1,1,1,1,2,8,6,1,1,,2,2
5,44,3,3,2007,2,1,1,2,2,1,1,1,1,1,1,1,1,2,19,6,1,1,,2,2
5,44,4,3,2007,4,1,1,2,2,1,1,1,1,1,1,1,1,2,19,6,1,1,,2,2
1,41,4,3,2007,1,1,1,2,2,1,1,1,1,1,1,1,1,2,9,6,1,1,,2,2
5,41,4,3,2007,4,1,1,2,2,1,1,1,1,1,1,1,1,2,19,6,1,1,,2,2
5,41,3,3,2007,3,1,1,2,2,1,1,1,1,1,1,1,1,2,14,6,1,1,,2,2
6,41,4,3,2007,2,1,1,2,2,1,1,1,1,1,1,3,1,2,14,6,1,1,,2,2
6,41,4,3,2007,4,1,1,2,2,1,1,1,1,1,1,1,1,2,19,6,1,1,,2,2
6,41,4,3,2007,4,1,1,2,2,1,1,1,1,1,1,1,1,2,9,6,1,1,,2,2
6,41,4,3,2007,2,1,1,2,2,1,1,1,1,1,1,3,1,2,19,6,1,1,,2,2
6,41,4,3,2007,4,1,1,2,2,1,1,1,1,1,1,1,1,2,19,6,1,1,,2,2
6,41,3,3,2007,2,1,1,2,2,1,1,1,1,1,1,1,1,2,9,6,1,1,,2,2
3,41,4,3,2007,3,1,1,2,2,1,1,1,1,1,1,3,1,2,9,6,1,1,,2,2
1,41,4,3,2007,1,1,1,2,2,1,1,1,1,1,1,3,1,2,9,6,1,1,,2,2
1,41,4,3,2007,3,1,1,2,2,1,1,1,1,1,1,1,1,2,9,6,1,1,,2,2
7,41,3,3,2007,1,1,1,2,2,1,1,1,1,1,1,3,1,2,14,6,1,1,,2,2
7,41,4,3,2007,4,1,1,2,2,1,1,1,1,1,1,1,1,2,8,6,1,1,,2,2
7,41,4,2,2007,3,1,1,2,2,1,1,1,1,1,1,1,1,2,9,6,1,1,25,2,2
7,41,3,3,2007,2,1,1,2,2,1,1,1,1,1,1,1,1,2,8,6,1,1,,2,2
12,51,3,3,2007,3,1,1,2,2,1,1,1,1,1,1,3,1,2,13,6,1,1,,2,2
8,51,3,3,2007,1,1,1,2,2,1,1,1,1,1,1,3,1,2,8,6,1,1,,2,2
8,51,4,3,2007,2,1,1,2,2,1,1,1,1,1,1,3,1,2,19,6,1,1,,2,2
1,51,4,3,2007,4,1,1,2,2,1,1,1,1,1,1,2,1,2,19,6,1,1,,2,2
6,40,4,3,2007,3,1,1,2,2,1,1,1,1,1,1,1,1,2,4,6,1,1,,2,2
1,40,4,3,2007,3,1,1,2,2,1,1,1,1,1,1,1,1,2,9,6,1,1,,2,2
1,40,3,3,2007,3,1,1,2,2,1,1,1,1,1,1,1,1,2,9,6,1,1,,2,2
6,40,4,3,2007,3,1,1,2,2,1,1,1,1,1,1,1,1,2,19,6,1,1,,2,2
3,40,4,3,2007,2,1,1,2,2,1,1,1,1,1,1,1,1,2,8,6,1,1,,2,2
4,36,4,4,2007,1,1,1,2,2,1,1,1,1,1,1,1,1,2,4,6,1,1,,2,2
1,46,4,3,2007,3,1,1,2,2,1,1,1,1,1,1,1,1,2,19,6,1,1,,2,2
1,46,4,3,2007,3,1,1,2,2,1,1,1,1,1,1,1,1,2,14,6,1,1,,2,2
1,46,4,3,2007,3,1,1,2,2,1,1,1,1,1,1,1,1,2,8,6,1,1,,2,2
1,46,4,3,2007,1,1,1,2,2,1,1,1,1,1,1,1,1,2,8,6,1,1,,2,2
1,46,4,3,2007,2,1,1,2,2,1,1,1,1,1,1,1,1,2,14,6,1,1,,2,2
1,46,4,4,2007,2,1,1,2,2,1,1,1,1,1,1,1,1,2,14,6,1,1,,2,2
1,46,4,4,2007,4,1,1,2,2,1,1,1,1,1,1,1,1,2,8,6,1,1,,2,2
1,46,4,4,2007,1,1,1,2,2,1,1,1,1,1,1,1,1,2,9,6,1,1,,2,2
1,46,4,4,2007,1,1,1,2,2,1,1,1,1,1,1,1,1,2,8,6,1,1,,2,2
1,46,4,4,2007,1,1,1,2,2,1,3,1,1,1,1,1,1,2,9,6,1,1,,2,2
1,46,4,4,2007,3,1,1,2,2,1,1,1,1,1,1,1,1,2,8,6,1,1,,2,2
6,46,4,3,2007,2,3,,2,2,1,1,1,1,1,1,1,1,2,9,6,1,1,,2,2
6,46,4,3,2007,4,1,1,2,2,1,1,1,1,1,1,1,1,2,2,6,1,1,,2,2
6,46,4,3,2007,2,1,1,2,2,1,1,1,1,1,1,3,1,2,9,6,1,1,,2,2
2,46,3,3,2007,1,1,1,2,2,1,2,1,1,1,1,1,1,2,14,6,1,1,,2,2
2,46,3,2,2007,2,1,1,2,2,1,1,1,1,1,1,1,1,2,19,6,1,1,,2,2
12,46,4,3,2007,3,1,1,2,2,1,1,1,1,1,1,1,1,2,19,6,1,1,,2,2
5,46,4,3,2007,2,1,1,2,2,1,1,1,1,1,1,3,1,2,14,,1,1,,2,2
5,46,4,4,2007,1,1,1,2,2,1,1,1,1,1,1,1,1,2,19,6,1,1,,2,2
5,46,4,3,2007,4,7,,2,2,1,1,1,1,1,1,3,1,2,5,6,1,1,,2,2
5,46,4,4,2007,2,1,1,2,2,1,1,1,1,1,1,1,1,2,19,6,1,1,,2,2
5,38,4,4,2007,2,1,1,2,2,1,1,1,1,1,1,3,1,2,8,6,1,1,,2,2
7,38,4,4,2007,3,1,1,2,2,1,1,1,1,1,1,1,1,2,9,6,1,1,,2,2
6,38,4,4,2007,1,1,1,2,2,1,1,1,1,1,1,1,1,2,13,6,1,1,,2,2
1,38,3,4,2007,1,1,1,2,2,1,1,1,1,1,1,1,1,2,13,6,1,1,,2,2
1,38,2,4,2007,1,1,1,2,2,1,1,1,1,1,1,1,1,2,14,6,1,1,,2,2
4,38,4,3,2007,2,1,1,2,2,1,1,1,1,1,1,3,1,2,14,6,1,1,,2,2
3,48,3,4,2007,3,1,1,2,2,1,1,1,1,1,1,3,1,2,12,6,1,1,,2,2
8,51,4,4,2007,3,1,1,2,2,1,1,1,1,1,1,4,1,2,9,6,1,1,,2,2
8,51,3,4,2007,2,1,1,2,2,1,1,1,1,1,1,3,1,2,17,,1,1,,2,2