Thana,District,Accident_Severity,Month,Year,Time,Junction_Type,Traffic_Control,Movement,Divider,Weather,Light,Road_Geometry,Surface_Condition,Surface_Type,Surface_Quality,Road_Class,Road_Feature,Location_Type,Vehicle_Type,Vehicle_Movement,Vehicle_Loading,Vehicle_Defect,Vehicle_Driver_Age,Vehicle_Alcohol,Vehicle_Seat_Belt
3,51,3,4,2007,2,3,1,2,2,1,1,1,1,1,1,2,1,2,9,6,1,1,42,2,2
1,52,4,4,2007,2,1,1,2,2,1,1,1,1,1,1,3,1,2,13,6,1,1,45,2,2
1,52,3,4,2007,2,1,1,2,2,1,1,1,1,1,1,1,1,2,9,6,1,1,,2,2
1,52,4,4,2007,1,1,1,2,2,1,1,1,1,1,1,2,1,1,8,6,1,1,40,2,2
6,52,3,4,2007,3,1,1,2,2,1,1,1,1,1,1,3,1,2,19,6,1,1,,2,2
6,52,4,4,2007,1,7,8,,,1,1,1,1,1,1,2,1,2,19,6,1,1,,2,2
10,52,4,4,2007,2,1,1,2,2,1,1,1,1,1,1,3,1,2,9,6,1,1,,2,2
3,52,3,4,2007,3,7,8,1,,1,1,1,1,1,1,2,1,2,8,6,1,1,,2,
12,50,3,4,2007,4,1,1,2,2,1,1,1,1,1,1,3,1,2,13,6,1,1,30,2,2
12,50,1,4,2007,3,1,1,2,2,1,1,1,1,1,1,1,1,2,14,6,1,1,40,2,2
6,50,1,4,2007,2,1,1,2,2,1,1,1,1,1,1,3,1,2,2,6,1,1,,2,2
5,50,4,4,2007,3,1,1,2,2,1,1,1,1,1,1,3,1,2,9,6,1,1,24,2,2
5,50,4,4,2007,2,1,1,2,2,1,1,1,1,1,1,3,1,2,8,6,1,1,,2,2
5,50,4,4,2007,2,1,1,2,2,1,1,1,1,1,1,3,1,2,4,6,1,1,,2,2
5,50,4,4,2007,3,1,1,2,2,1,1,1,1,1,1,2,1,2,9,6,1,1,,2,2
13,50,1,4,2007,2,1,1,2,2,1,1,1,1,1,1,1,1,2,19,6,1,1,28,2,2
13,50,4,4,2007,1,1,1,2,2,1,1,1,1,1,1,1,1,2,19,6,1,1,,2,2
13,50,4,4,2007,2,1,1,2,2,1,1,1,1,1,1,2,1,2,9,6,1,1,,2,2
3,39,4,4,2007,3,1,1,2,2,1,1,1,1,1,1,1,1,2,9,6,1,1,,2,2
1,39,3,4,2007,2,1,1,2,2,2,1,1,1,1,1,1,1,2,9,6,1,1,,2,2
1,39,4,4,2007,2,1,1,2,2,1,1,1,1,1,1,1,1,2,14,6,1,1,,2,2
5,47,4,4,2007,3,1,1,2,2,1,1,1,1,1,1,1,1,2,12,6,1,1,,2,2
9,47,4,4,2007,4,1,1,2,2,1,1,1,1,1,1,1,1,2,9,6,1,1,,2,2
3,47,4,4,2007,4,1,1,2,2,1,1,1,1,1,1,3,1,2,6,6,1,1,42,2,2
1,47,4,4,2007,3,1,1,2,2,1,1,1,1,1,1,3,1,2,14,6,1,1,50,2,2
1,47,4,4,2007,4,1,1,2,2,1,1,1,1,1,1,3,1,2,9,6,1,1,35,2,2
1,47,4,4,2007,4,1,1,2,2,1,1,1,1,1,1,3,1,2,6,6,1,1,,2,2
7,47,4,4,2007,2,1,1,2,2,1,1,1,1,1,1,1,1,2,14,6,1,1,,2,2
12,47,4,4,2007,3,1,1,2,2,1,1,1,1,1,1,1,1,2,9,6,1,1,,2,2
6,43,4,4,2007,2,1,1,2,2,1,1,1,1,1,1,3,1,2,6,6,1,1,,2,2
3,43,1,4,2007,1,1,1,2,2,1,1,1,1,1,1,1,1,2,6,6,1,1,,2,2
2,43,1,4,2007,3,1,1,2,2,1,1,1,1,1,1,1,1,2,14,6,1,1,,2,2
2,43,4,4,2007,1,1,1,2,2,1,1,1,1,1,1,1,1,2,17,6,1,1,,2,2
1,43,4,4,2007,2,1,1,2,2,1,1,1,1,1,1,3,1,2,19,6,1,1,,2,2
5,43,4,4,2007,2,1,1,2,2,1,1,1,1,1,1,1,1,2,14,6,1,1,35,2,2
4,43,4,4,2007,2,1,1,2,2,1,1,1,1,1,1,2,1,2,9,6,1,1,,2,2
5,45,3,4,2007,2,1,1,2,2,2,1,1,1,1,1,1,1,2,4,6,1,1,,2,2
6,45,4,4,2007,3,1,1,2,2,1,1,1,1,1,1,1,1,2,14,6,1,1,,2,2
6,45,4,4,2007,2,1,1,2,2,1,1,1,1,1,1,1,1,2,9,6,1,1,,2,2
6,45,4,4,2007,2,1,1,2,2,1,1,1,1,1,1,1,1,2,9,6,1,1,,2,2
6,45,4,4,2007,1,1,1,2,2,1,1,1,1,1,1,1,1,2,9,6,1,1,,2,2
6,45,4,4,2007,2,1,1,2,2,1,1,1,1,1,1,1,1,2,9,6,1,1,,2,2
1,41,3,4,2007,2,1,1,2,2,1,1,1,1,1,1,1,1,2,19,6,1,1,,2,2
1,41,3,4,2007,3,1,1,2,2,1,1,1,1,1,1,1,1,2,9,6,1,1,,2,2
1,41,3,4,2007,4,1,1,2,2,1,1,1,1,1,1,1,1,2,9,6,1,1,,2,2
1,41,4,4,2007,4,1,1,2,2,1,1,1,1,1,1,1,1,2,14,6,1,1,,2,2
6,41,4,4,2007,4,1,1,2,2,1,1,1,1,1,1,1,1,2,19,6,1,1,,2,2
6,41,4,4,2007,2,1,1,2,2,1,1,1,1,1,1,3,1,2,19,6,1,1,,2,2
7,41,4,4,2007,3,1,1,2,2,1,1,1,1,1,1,3,1,2,9,6,1,1,,2,2
7,41,4,4,2007,3,1,1,2,2,1,1,1,1,1,1,1,1,2,9,6,1,1,,2,2
7,41,4,4,2007,2,1,1,2,2,1,1,1,1,1,1,1,1,2,14,6,1,1,,2,2
1,50,4,5,2007,4,1,1,2,2,1,1,1,1,1,1,1,1,2,9,6,1,1,,2,2
10,50,4,5,2007,2,1,1,2,2,1,1,1,1,1,1,1,1,2,7,6,1,1,,2,2
2,50,4,5,2007,3,1,1,2,2,1,1,1,1,1,1,1,1,2,9,6,1,1,,2,2
7,50,4,5,2007,2,1,1,2,2,1,1,1,1,1,1,3,1,2,9,6,1,1,,2,2
9,50,4,5,2007,3,1,1,2,2,1,1,1,1,1,1,2,1,2,9,6,1,1,,2,2
11,50,3,5,2007,2,1,1,2,2,1,1,1,1,1,1,2,1,2,9,6,1,1,,2,2
5,50,4,5,2007,4,1,1,2,2,1,1,1,1,1,1,2,1,2,9,6,1,1,,2,2
13,50,4,5,2007,2,1,1,2,2,1,1,1,1,1,1,2,1,2,9,6,1,1,,2,2
13,50,4,5,2007,4,1,1,2,2,1,1,1,1,1,1,2,1,2,9,6,1,1,,2,2
1,50,4,5,2007,1,1,1,2,2,1,1,1,1,1,1,3,1,2,9,6,1,1,,2,2
1,50,3,5,2007,3,1,1,2,2,1,1,1,1,1,1,1,1,2,9,6,1,1,40,2,2
10,50,4,5,2007,3,3,1,2,2,1,1,1,1,1,1,1,1,2,7,6,1,1,,2,2
1,51,4,5,2007,3,1,1,2,2,1,1,1,1,1,1,3,1,2,9,6,1,1,,2,2
12,51,4,5,2007,2,1,1,2,2,1,1,1,1,1,1,3,1,2,19,6,1,1,,2,2
4,51,1,5,2007,4,1,1,2,2,1,1,1,1,1,1,2,1,2,9,6,1,1,,2,2
9,51,4,5,2007,2,1,1,2,2,1,1,1,1,1,1,2,1,2,8,6,1,1,33,2,2
10,51,4,5,2007,3,1,1,2,2,1,1,1,1,1,1,3,1,2,6,6,1,1,,2,2
1,35,4,5,2007,3,1,1,2,2,1,1,1,1,1,1,1,1,2,7,6,1,1,,2,2
7,38,4,5,2007,2,1,1,2,2,1,1,1,1,1,1,3,1,2,9,6,1,1,53,2,2
6,38,3,5,2007,1,1,1,2,2,1,1,1,1,1,1,1,1,2,9,6,1,1,50,2,2
3,38,4,5,2007,2,1,1,2,2,1,1,1,1,1,1,1,1,2,12,6,1,1,31,2,2
3,38,4,5,2007,3,1,1,2,2,1,1,1,1,1,1,1,1,2,9,6,1,1,,2,2
3,38,4,5,2007,3,1,1,2,2,1,1,1,1,1,1,1,1,2,9,6,1,1,,2,2
1,38,4,5,2007,3,1,1,2,2,1,1,1,1,1,1,1,1,2,9,6,1,1,,2,2
4,38,4,5,2007,3,1,1,2,2,1,1,1,1,1,1,3,1,2,14,6,1,1,,2,2
1,38,3,5,2007,1,1,1,2,2,1,1,1,1,1,1,1,1,2,12,6,1,1,,2,2
4,39,4,5,2007,2,1,1,2,2,1,1,1,1,1,1,3,1,2,19,6,1,1,30,2,2
4,39,4,5,2007,3,1,1,2,2,1,1,1,1,1,1,3,1,2,1,6,1,1,,2,2
1,39,4,5,2007,2,1,1,2,2,1,1,1,1,1,1,3,1,2,14,6,1,1,47,2,2
3,39,4,5,2007,4,1,1,2,2,1,1,1,1,1,1,1,1,2,9,6,1,1,,2,2
1,48,4,5,2007,2,1,1,2,2,1,1,1,1,1,1,1,1,2,8,6,1,1,,2,2
1,48,4,5,2007,3,1,1,2,2,1,1,1,1,1,1,1,1,2,14,6,1,1,,2,2
5,48,4,5,2007,4,1,1,2,2,1,1,1,1,1,1,3,1,2,19,6,1,1,25,2,2
9,47,4,5,2007,2,1,1,2,2,1,1,1,1,1,1,1,1,2,11,6,1,1,,2,2
9,47,4,5,2007,1,1,1,2,2,1,1,1,1,1,1,1,1,2,14,6,1,1,,2,2
9,47,3,5,2007,4,1,1,2,2,1,1,1,1,1,1,1,1,2,9,6,1,1,35,2,2
11,47,4,5,2007,3,1,1,2,2,1,1,1,1,1,1,3,1,2,19,6,1,1,,2,2
7,47,4,5,2007,3,1,1,2,2,1,1,1,1,1,1,3,1,2,9,6,1,1,,2,2
4,47,4,5,2007,3,1,1,2,1,1,1,1,1,1,1,3,1,2,6,6,1,1,,2,2
10,47,3,5,2007,3,1,1,2,2,1,1,1,1,1,1,3,1,2,13,6,1,1,,2,2
7,47,4,5,2007,1,1,1,2,1,1,1,1,1,1,1,3,1,2,9,6,1,1,,2,2
10,47,3,5,2007,3,1,1,2,2,1,1,1,1,1,1,3,1,2,14,6,1,1,,2,2
5,47,4,5,2007,3,1,1,2,2,1,1,1,1,1,1,1,1,2,9,6,1,1,,2,2
5,47,4,4,2007,3,1,1,2,2,1,1,1,1,1,1,3,1,2,12,6,1,1,,2,2
1,40,4,5,2007,3,1,1,2,2,1,1,1,1,1,1,3,1,2,19,6,1,1,,2,2
1,40,4,4,2007,2,1,1,2,2,1,1,1,1,1,1,1,1,2,9,6,1,1,,2,2
1,40,4,4,2007,2,1,1,2,2,1,1,1,1,1,1,1,1,2,10,6,1,1,,2,2
3,40,4,4,2007,3,1,1,2,2,1,1,1,1,1,1,1,1,2,14,6,1,1,,2,2
7,40,4,5,2007,3,1,1,2,2,1,1,1,1,1,1,3,1,2,6,6,1,1,,2,2
5,40,4,5,2007,1,1,1,2,1,1,2,1,1,1,1,1,1,2,14,6,1,1,,2,2
5,40,4,4,2007,2,1,1,2,2,1,1,1,1,1,1,1,1,2,8,6,1,1,,2,2
6,40,4,6,2007,3,1,1,2,2,1,1,1,1,1,1,1,1,2,8,6,1,1,,2,2
6,40,1,6,2007,3,1,1,2,2,1,1,1,1,1,1,1,1,2,9,6,1,1,,2,2
6,40,4,6,2007,1,1,1,2,2,1,3,1,1,1,1,3,1,2,14,6,1,1,,2,2
6,40,4,6,2007,2,1,1,2,2,1,3,1,1,1,1,1,1,2,19,6,1,1,,2,2
6,40,4,5,2007,2,1,1,2,2,1,2,1,1,1,1,1,1,2,14,6,1,1,28,2,2
2,45,3,5,2007,3,7,1,2,2,1,1,1,1,1,1,3,1,2,19,6,1,1,,2,2
5,45,4,5,2007,2,1,1,2,2,1,2,1,1,1,1,1,1,2,9,6,1,1,,2,2
6,45,4,5,2007,4,7,1,2,2,1,1,1,1,1,1,1,1,2,9,6,1,1,34,2,2
3,45,3,5,2007,2,7,1,1,2,2,1,1,2,1,1,2,1,2,9,6,1,1,,2,2
1,45,3,5,2007,4,7,1,2,2,1,1,1,1,1,1,1,1,2,9,6,1,1,41,2,2
1,45,3,4,2007,2,7,1,2,2,1,1,1,1,1,1,1,1,2,14,6,1,1,32,2,2
1,38,4,6,2007,2,1,1,2,2,1,1,1,1,1,1,1,1,2,13,6,1,1,,2,2
1,38,4,6,2007,3,1,1,2,2,1,1,1,1,1,1,1,1,2,14,6,1,1,,2,2
1,38,3,6,2007,2,1,1,2,2,1,1,1,1,1,1,3,1,2,9,6,1,1,,2,2
1,38,4,6,2007,3,1,1,2,2,1,1,1,1,1,1,3,1,2,14,6,1,1,,2,2
1,38,3,6,2007,3,1,1,2,2,1,1,1,1,1,1,1,1,2,8,6,1,1,,2,2
1,38,2,6,2007,3,1,1,2,2,1,1,1,1,1,1,3,1,2,19,6,1,1,,2,2
3,38,4,6,2007,2,1,1,2,2,1,1,1,1,1,1,1,1,2,19,6,1,1,,2,2
7,48,4,6,2007,2,1,1,2,2,1,1,1,1,1,1,3,1,2,4,6,1,1,,2,2
4,45,4,6,2007,3,1,1,2,2,1,1,1,1,1,1,2,1,2,8,6,1,1,,2,2
1,45,4,6,2007,4,1,1,2,2,1,1,1,1,1,1,1,1,2,9,6,1,1,,2,2
1,45,3,6,2007,1,1,1,2,2,1,1,1,1,1,1,1,1,2,19,6,1,1,,2,2
1,45,3,6,2007,2,1,1,2,2,1,2,1,1,1,1,1,1,2,9,6,2,1,,2,2
3,45,4,6,2007,3,7,1,2,2,1,1,1,1,1,1,2,1,2,19,6,1,1,,2,2
1,45,4,1,2007,2,1,1,2,2,1,1,1,1,1,1,1,1,2,,,1,1,,2,2
1,45,4,1,2007,3,1,1,2,2,1,1,1,1,1,1,1,1,2,9,6,1,1,,2,2
1,45,4,1,2007,1,1,1,2,2,1,1,1,1,1,1,1,1,2,,,1,1,,2,2
6,45,4,1,2007,3,1,1,2,2,1,1,1,1,1,1,1,1,2,1,,,1,,2,2
2,44,4,1,2007,4,1,1,2,2,1,1,1,1,1,1,1,1,2,7,6,1,1,,2,2
7,44,4,1,2007,2,1,1,2,2,1,1,1,1,1,1,1,1,2,,,,1,,2,2
7,44,4,1,2007,3,1,1,2,2,1,1,1,1,1,1,1,1,2,14,6,1,1,,2,2
7,44,4,1,2007,3,1,1,2,2,1,1,1,1,1,1,1,1,2,14,6,1,1,,2,2
5,44,4,1,2007,1,1,1,2,2,2,1,1,1,1,1,1,1,2,14,6,1,1,,2,2
2,43,3,1,2007,4,1,1,2,2,1,1,1,1,1,1,1,1,2,14,6,1,1,,2,2
6,43,4,1,2007,2,1,1,2,2,1,1,1,1,1,1,3,1,2,5,6,1,1,,2,2
1,43,3,1,2007,1,1,1,2,2,1,1,1,1,1,1,3,1,1,9,6,1,1,,2,2
2,43,3,1,2007,4,1,1,2,2,1,1,1,1,1,1,1,1,2,14,6,1,1,,2,2
1,48,4,1,2007,2,1,1,2,2,1,1,1,1,1,1,3,1,2,14,6,1,1,,2,2
1,48,4,1,2007,2,1,1,2,2,1,1,1,1,1,1,3,1,2,,1,1,1,,2,2
5,41,4,1,2007,4,1,1,2,2,1,1,1,1,1,1,1,1,2,9,6,1,1,,2,2
6,41,4,1,2007,3,1,1,2,2,1,1,1,1,1,1,3,1,2,14,6,1,1,,2,2
6,41,4,1,2007,2,1,1,2,2,1,1,1,1,1,1,3,1,2,,6,1,1,,2,2
6,41,4,1,2007,3,1,1,2,2,1,1,1,1,1,1,3,1,2,9,6,1,1,,2,2
6,41,4,1,2007,1,1,1,2,2,1,1,1,1,1,1,3,1,2,,6,1,1,,2,2
6,41,4,1,2007,2,1,1,2,2,1,1,1,1,1,1,1,1,2,,6,1,1,,2,2
6,41,3,1,2007,2,1,1,2,2,1,1,1,1,1,1,1,1,2,14,6,1,1,,2,2
6,41,4,1,2007,2,1,1,2,2,1,1,1,1,1,1,1,1,2,,6,1,1,,2,2
1,41,3,1,2007,1,1,1,2,1,1,1,1,1,1,1,3,1,2,9,6,1,1,,2,2
1,41,4,1,2007,3,1,1,2,2,1,1,1,1,1,1,1,1,2,14,6,1,1,,2,2
1,41,3,1,2007,3,1,1,2,2,1,1,1,1,1,1,1,1,2,14,6,1,1,,2,2
10,50,3,1,2007,4,1,1,2,2,1,1,1,1,1,1,1,1,2,14,6,1,1,,2,2
12,50,3,1,2007,3,1,1,2,2,2,1,1,1,1,1,1,1,2,8,6,1,1,,2,2
12,50,4,1,2007,3,1,1,2,2,1,1,1,1,1,1,1,1,2,9,6,1,1,,2,2
12,50,4,1,2007,3,1,1,2,2,1,1,1,1,1,1,1,1,2,14,6,1,1,35,2,2
5,50,4,1,2007,4,1,1,2,2,1,1,1,1,1,1,3,1,2,9,6,1,1,,2,2
8,50,3,1,2007,3,1,1,2,2,1,1,1,1,1,1,2,1,2,14,6,1,1,,2,2
13,50,4,1,2007,3,1,1,2,1,1,1,1,1,1,1,2,1,2,14,6,1,1,,2,2
13,50,4,1,2007,3,1,1,2,1,1,1,1,1,1,1,2,1,2,14,6,1,1,,2,2
13,47,4,1,2007,,1,1,2,2,1,1,1,1,1,1,3,1,2,14,6,1,1,,2,2
4,47,3,1,2007,2,1,1,2,2,1,1,1,1,1,1,3,4,2,8,6,1,1,,2,2
9,47,4,1,2007,4,1,1,2,2,1,1,1,1,1,1,1,1,2,9,6,1,1,,2,2
9,47,3,1,2007,3,1,1,2,2,2,1,1,1,1,1,1,1,2,14,6,1,1,,2,2
6,38,4,1,2007,3,1,1,2,2,1,1,1,1,1,1,1,1,2,9,6,1,1,,2,2
3,38,3,1,2007,3,1,1,2,2,1,1,1,1,1,1,1,1,2,14,6,1,1,,2,2
1,35,4,1,2007,3,1,1,2,2,1,1,1,1,1,1,3,1,2,14,6,1,1,,2,2
4,35,4,1,2007,3,1,1,2,2,1,1,1,1,1,1,3,1,2,8,6,1,1,,2,2
5,35,4,1,2007,2,1,1,2,2,1,1,1,1,1,1,3,1,2,9,6,1,1,1,2,2
3,36,4,1,2007,2,1,1,2,2,1,1,1,1,1,1,3,1,2,9,6,1,1,,2,2
2,36,4,1,2007,4,1,1,2,2,1,1,1,1,1,1,1,1,2,19,6,1,1,,2,2
4,36,4,1,2007,3,1,1,2,2,1,1,1,1,1,1,3,1,2,9,6,1,1,,2,2
6,45,4,2,2007,2,7,1,2,2,1,1,1,1,1,1,2,1,2,9,6,1,1,,2,2
5,45,4,2,2007,4,7,1,2,1,1,1,1,1,1,1,1,1,2,9,6,1,1,,2,2
4,45,4,2,2007,3,1,,2,2,1,1,1,1,1,1,3,1,2,14,6,1,1,45,2,2
4,45,4,2,2007,1,1,1,2,1,1,1,1,1,1,1,3,1,2,14,6,1,1,,2,2
5,41,4,2,2007,2,1,1,2,2,1,1,1,1,1,1,1,1,2,10,6,1,1,35,2,2
5,41,4,2,2007,4,1,1,2,2,1,1,1,1,1,1,1,1,2,14,6,1,1,,2,2
5,41,4,2,2007,2,1,1,2,2,1,1,1,1,1,1,1,1,2,14,6,1,1,,2,2
5,41,3,2,2007,,1,1,2,2,1,1,1,1,1,1,1,1,2,8,6,1,1,,2,2
1,41,4,2,2007,2,1,1,2,2,1,1,1,1,1,1,3,1,2,9,6,1,1,,2,2
1,41,4,2,2007,2,1,1,2,1,1,1,1,1,1,1,1,1,2,,6,1,1,,2,2
1,41,3,2,2007,4,1,1,2,2,1,1,1,1,1,1,1,1,2,9,6,1,1,,2,2
3,41,4,2,2007,2,1,1,2,2,1,1,1,1,1,1,3,1,2,9,6,1,1,,2,2
6,41,3,2,2007,3,1,1,2,2,1,1,1,1,1,1,1,1,2,9,6,1,1,,2,2
6,41,4,2,2007,4,1,1,2,2,1,1,1,1,1,1,1,1,2,,6,1,1,,2,2
6,41,4,2,2007,4,1,1,2,2,1,1,1,1,1,1,1,1,2,9,6,1,1,,2,2
7,41,4,2,2007,4,1,1,2,2,1,1,1,1,1,1,1,1,2,9,6,1,1,,2,2
7,41,4,2,2007,2,1,1,2,2,1,1,1,1,1,1,1,1,2,14,6,1,1,,2,2
4,44,4,2,2007,4,1,1,2,2,1,1,1,1,1,1,3,1,2,14,6,1,1,,2,2
4,44,4,2,2007,3,1,1,2,2,1,1,1,1,1,1,3,1,2,14,6,1,1,,2,2
4,44,4,2,2007,3,1,1,2,2,1,1,1,1,1,1,3,1,2,14,6,1,1,,2,2
6,44,3,2,2007,2,1,1,2,2,1,1,1,1,1,1,1,1,2,9,6,1,1,,2,2
6,44,4,2,2007,4,1,1,2,2,1,1,1,1,1,1,1,1,2,8,6,1,1,,2,2
2,44,4,2,2007,1,1,1,2,2,1,1,1,1,1,1,1,1,2,,6,1,1,,2,2
7,44,3,2,2007,2,1,1,2,2,1,1,1,1,1,1,1,1,2,9,6,1,1,,2,2
7,44,4,2,2007,3,1,1,2,2,1,1,1,1,1,1,3,1,2,4,6,1,1,,2,2
5,44,3,2,2007,2,1,1,2,2,1,1,1,1,1,1,1,1,2,4,6,1,1,,2,2
5,44,4,2,2007,1,1,1,2,2,1,1,1,1,1,1,1,1,2,14,6,1,1,,2,2
5,44,4,2,2007,2,1,1,2,2,1,1,1,1,1,1,1,1,2,9,6,1,1,,2,2
1,40,3,1,2007,2,1,1,2,2,1,1,1,1,1,1,1,1,2,14,6,1,1,,2,2
1,40,3,1,2007,1,1,1,2,2,1,1,1,1,1,1,1,1,2,14,6,1,1,,2,2
1,40,4,1,2007,3,1,1,2,2,1,1,1,1,1,1,1,1,2,,6,1,1,,2,2
6,40,4,1,2007,1,1,1,2,2,1,1,1,1,1,1,1,1,2,19,6,1,1,,2,2
6,40,4,2,2007,1,1,1,2,2,1,1,1,1,1,1,3,1,2,9,6,1,1,,2,2
6,40,3,2,2007,2,1,1,2,2,1,1,1,1,1,1,3,1,2,14,6,1,1,,2,2
3,40,4,2,2007,2,1,1,2,2,1,1,1,1,1,1,1,1,2,9,6,1,1,,2,2
3,40,4,2,2007,2,1,1,2,2,1,1,1,1,1,1,1,1,2,9,6,1,1,,2,2
1,46,4,1,2007,3,1,1,2,2,1,1,1,1,1,1,1,1,2,7,6,1,1,,2,2
1,46,4,1,2007,2,1,1,2,2,1,1,1,1,1,1,3,1,2,8,6,1,1,,2,2
1,46,3,2,2007,4,1,1,2,2,1,1,1,1,1,1,1,1,2,14,6,1,1,,2,2
1,46,4,2,2007,3,1,1,2,2,1,1,1,1,1,1,1,1,2,8,6,1,1,,2,2
1,46,4,2,2007,2,1,1,2,2,1,1,1,1,1,1,1,1,2,8,6,1,1,,2,2
1,46,4,2,2007,3,1,1,2,1,1,2,1,1,1,1,1,1,2,9,6,1,1,,2,2
6,46,3,1,2007,1,1,1,2,2,1,1,1,1,1,1,3,1,2,9,6,1,1,,2,2
6,46,4,2,2007,2,1,1,2,2,1,1,1,1,1,1,1,1,2,14,6,1,1,,2,2
6,46,4,2,2007,1,1,1,2,2,1,1,1,1,1,1,1,1,2,14,6,1,1,,2,2
6,46,3,2,2007,1,1,1,2,2,1,1,1,1,1,1,1,1,2,9,6,1,1,,2,2
9,47,3,7,2007,3,1,1,2,2,2,1,1,2,1,1,3,1,2,8,6,1,1,30,2,2
7,41,4,7,2007,2,2,3,2,2,1,1,1,1,1,1,1,1,1,9,11,1,1,,1,2
7,41,4,7,2007,4,1,1,2,2,1,4,1,1,1,1,1,1,2,8,6,1,7,,1,2
7,41,4,7,2007,2,7,1,2,2,1,1,1,1,1,1,1,1,1,9,11,1,1,52,2,2
7,41,4,7,2007,2,2,1,2,2,1,1,1,1,1,1,1,1,2,9,4,1,1,,2,2
7,41,4,7,2007,4,7,8,2,2,1,1,1,1,1,1,1,1,1,9,11,1,1,,2,2
7,41,4,7,2007,2,7,3,2,2,1,1,1,1,1,1,1,1,1,9,11,1,1,,2,1
6,41,3,7,2007,4,7,1,1,2,1,1,5,1,1,1,3,1,2,19,11,1,1,,2,2
6,41,4,7,2007,3,7,1,1,2,1,1,,1,1,1,1,1,2,9,10,1,1,,2,2
4,44,1,7,2007,4,1,1,2,2,1,4,1,1,1,1,3,1,2,19,6,1,1,20,2,2
6,44,3,7,2007,3,1,1,1,1,1,3,1,1,1,1,1,1,1,5,11,1,1,42,2,2
6,44,4,7,2007,3,2,1,1,1,1,1,1,1,1,1,1,1,1,14,6,1,1,32,2,2
6,44,4,7,2007,3,2,1,2,1,1,1,1,1,1,1,1,1,1,13,,,,,,
6,44,4,7,2007,1,7,5,2,1,1,1,1,1,1,1,1,1,2,19,11,,7,,1,
7,44,4,7,2007,3,7,1,1,1,1,3,1,1,1,1,1,1,2,,6,,,,,
7,44,4,7,2007,2,1,1,1,1,1,2,1,1,1,1,1,1,2,9,6,2,6,,1,2
7,44,4,7,2007,2,2,1,2,1,1,1,1,1,1,1,1,1,2,14,6,,,,,2
7,44,4,7,2007,2,7,1,2,2,1,1,1,1,1,1,1,1,2,9,6,1,1,,1,2
5,44,4,7,2007,3,1,1,2,2,1,1,1,1,1,1,1,1,1,19,,1,1,,1,2
5,44,4,7,2007,2,1,1,2,2,1,1,1,1,1,1,1,1,2,9,6,1,7,40,1,2
5,44,4,7,2007,2,7,3,2,1,1,1,1,1,1,1,1,1,2,19,8,1,7,,2,2
1,45,4,7,2007,2,7,1,2,2,1,1,1,1,1,1,1,1,2,9,6,1,7,,1,2
1,50,4,6,2007,2,7,8,2,2,1,1,1,1,1,2,3,1,2,19,11,1,7,,2,2
1,50,1,7,2007,4,4,5,2,1,1,3,1,1,1,1,2,1,1,5,9,,1,18,2,2
1,50,4,7,2007,4,4,5,2,1,1,3,1,1,1,1,3,1,2,6,10,1,1,,1,2
1,50,4,7,2007,2,7,1,2,2,1,1,1,1,1,1,1,1,2,9,6,1,1,,1,2
10,50,3,7,2007,3,7,8,2,2,1,1,1,1,1,1,1,1,1,9,4,1,1,,1,2
10,50,4,7,2007,3,1,1,2,2,2,1,1,2,1,1,1,1,2,9,6,1,1,35,1,2
10,50,4,7,2007,3,7,1,1,2,1,1,1,1,1,1,1,3,2,14,11,1,1,,2,2
4,50,4,7,2007,3,1,1,1,2,1,1,1,1,1,1,3,1,2,6,6,1,1,,2,2
12,50,4,7,2007,1,7,1,1,2,2,4,1,2,1,3,3,3,2,14,6,1,1,50,2,2
12,50,4,7,2007,3,7,1,1,2,1,1,1,1,1,1,1,1,2,9,6,1,1,,2,2
2,50,4,7,2007,3,7,1,2,,1,1,1,1,1,1,1,1,2,9,6,1,1,28,1,2
6,50,4,7,2007,1,7,8,1,2,1,1,1,1,1,1,3,1,2,8,6,1,1,35,2,2
6,50,4,7,2007,3,2,1,1,2,1,1,1,1,1,1,3,1,1,12,11,1,7,,2,2
13,50,1,7,2007,3,7,1,1,2,1,2,1,1,1,1,1,1,2,7,6,1,1,30,1,2
1,35,4,7,2007,3,7,1,1,2,1,1,1,1,1,1,3,,,14,2,1,6,,1,2
1,35,3,7,2007,1,7,4,1,1,1,1,1,1,1,1,2,1,2,10,6,1,1,,1,2
1,35,3,7,2007,3,7,1,1,2,1,1,1,1,1,1,3,1,2,9,3,1,1,,2,2
1,35,3,7,2007,2,7,1,1,2,1,1,2,1,1,1,3,1,1,10,2,1,1,50,2,2
4,35,4,7,2007,2,7,1,1,2,1,1,1,1,1,1,1,1,2,,,,,,2,2
2,35,4,7,2007,2,7,1,1,2,1,2,1,1,1,1,3,1,2,,,,,,1,2
10,52,4,7,2007,3,1,1,1,2,1,1,1,1,1,1,2,1,2,9,6,1,1,40,1,2
1,52,3,7,2007,2,,3,1,2,1,1,1,1,1,1,2,1,2,,,,,35,2,2
6,52,4,7,2007,2,1,1,2,2,2,1,2,1,1,1,3,1,2,9,6,1,7,39,2,2
2,52,3,7,2007,3,1,1,1,2,1,1,2,1,1,1,3,1,2,7,6,1,1,,1,2
8,52,4,6,2007,4,7,8,2,2,1,4,1,1,1,1,3,1,2,11,6,1,1,,1,2
1,48,3,7,2007,3,1,1,2,1,1,2,2,1,1,1,3,1,2,9,6,1,1,,2,2
5,48,4,7,2007,3,1,1,1,2,2,1,1,2,1,1,3,1,2,19,6,1,1,25,2,2
4,49,4,7,2007,3,1,1,2,2,1,1,1,1,1,1,4,1,2,19,11,,,22,1,2