Thana,District,Accident_Severity,Month,Year,Time,Junction_Type,Traffic_Control,Movement,Divider,Weather,Light,Road_Geometry,Surface_Condition,Surface_Type,Surface_Quality,Road_Class,Road_Feature,Location_Type,Vehicle_Type,Vehicle_Movement,Vehicle_Loading,Vehicle_Defect,Vehicle_Driver_Age,Vehicle_Alcohol,Vehicle_Seat_Belt
12,51,4,7,2007,2,7,8,1,2,2,2,2,2,1,1,2,1,2,9,6,1,1,,2,2
9,47,3,7,2007,3,1,1,1,2,1,1,1,2,1,1,3,1,2,9,10,1,1,30,2,2
9,47,4,7,2007,2,1,1,2,2,2,4,1,2,1,1,1,1,2,,,,,,,2
9,47,4,7,2007,1,3,8,2,2,2,4,1,2,1,1,1,1,2,,,1,1,,2,2
9,47,2,7,2007,1,3,1,2,2,2,4,1,2,1,1,1,1,2,14,6,1,1,,2,2
1,47,4,7,2007,4,7,1,2,2,1,3,1,1,1,1,3,1,1,9,6,1,7,,2,2
9,47,1,7,2007,,1,1,2,2,1,1,1,1,1,1,1,3,2,14,9,1,1,52,1,2
7,47,4,7,2007,2,7,8,1,2,1,1,1,1,1,1,1,1,2,9,6,1,1,,2,2
2,47,4,7,2007,4,7,1,2,2,1,4,1,1,1,1,1,1,2,19,6,,7,,2,2
1,47,4,7,2007,2,7,1,2,2,1,1,1,1,1,1,1,1,2,9,11,1,7,,2,2
11,47,4,7,2007,3,1,1,1,2,1,1,1,1,1,1,3,1,2,6,6,1,1,,2,2
13,51,4,7,2007,1,1,1,1,2,1,2,1,5,1,2,3,1,2,,6,1,1,,,2
8,51,4,7,2007,2,1,2,1,2,1,1,1,1,1,1,2,1,2,9,6,1,1,,2,2
8,51,4,7,2007,2,7,1,1,2,1,1,1,1,1,1,2,1,2,16,11,1,7,35,2,2
7,38,4,7,2007,2,7,8,1,2,1,1,1,1,1,1,1,1,2,9,6,1,1,,2,2
3,38,4,7,2007,3,1,8,1,2,2,1,2,2,1,1,1,1,2,12,6,1,1,,1,2
3,38,4,7,2007,1,1,8,1,2,1,4,1,1,1,1,1,1,2,9,6,1,1,25,1,2
3,38,4,7,2007,3,1,8,1,2,1,1,1,2,1,1,1,1,2,11,6,1,1,,2,2
6,38,4,7,2007,1,7,1,1,2,1,2,4,1,1,1,1,1,2,14,2,2,1,,1,2
1,38,4,7,2007,2,1,1,2,2,1,1,1,1,1,1,1,1,2,14,6,1,1,43,2,2
6,38,1,7,2007,3,7,1,1,2,2,1,1,2,1,1,3,1,2,9,1,1,1,35,2,2
3,38,4,7,2007,1,1,8,1,2,1,4,1,1,1,1,1,1,2,,,,,,,
3,39,4,7,2007,3,1,8,1,2,1,1,1,1,1,1,3,1,2,5,6,1,1,30,2,2
3,39,4,7,2007,2,1,8,2,2,1,1,1,1,1,1,1,1,2,14,11,1,1,35,2,2
3,39,1,7,2007,4,1,1,2,1,1,4,1,1,1,1,1,1,2,9,6,1,1,,2,2
6,44,4,9,2007,4,1,1,2,1,1,4,1,1,1,1,1,1,1,,,,,,2,2
6,44,4,9,2007,1,1,1,1,2,1,1,1,1,1,1,3,1,2,,,,,,2,2
6,44,4,9,2007,2,1,1,2,1,1,1,1,1,1,1,1,1,1,,,,,,,
7,44,1,9,2007,2,,1,1,2,1,1,1,1,1,1,3,1,2,9,6,1,,30,2,2
5,44,4,9,2007,4,1,1,1,2,1,2,1,1,1,1,1,1,2,14,6,1,1,28,2,2
5,44,4,9,2007,2,3,1,1,2,1,1,1,1,1,1,1,1,2,9,6,1,1,,2,2
10,52,3,9,2007,1,1,,2,1,1,1,1,1,1,1,2,1,1,13,11,1,1,40,2,2
1,52,3,8,2007,2,3,1,1,2,1,2,1,1,1,1,3,1,2,6,6,1,1,27,2,2
4,44,4,8,2007,2,1,1,1,2,1,1,1,1,1,1,2,1,1,8,6,1,1,30,2,2
4,44,4,8,2007,3,7,1,1,2,1,1,1,1,1,1,3,1,2,14,6,1,1,,2,2
4,44,4,8,2007,3,1,1,1,2,1,1,1,1,1,1,3,1,2,9,6,1,1,32,2,2
3,44,4,8,2007,1,4,1,2,1,1,2,1,1,1,1,1,1,2,19,6,1,1,,2,2
6,44,4,8,2007,3,4,1,1,2,1,1,1,1,1,1,2,1,2,14,6,1,1,40,2,2
6,44,4,8,2007,2,1,1,1,2,1,2,1,1,1,1,2,1,2,5,6,1,7,35,2,2
7,44,4,8,2007,4,7,1,1,2,1,2,1,1,1,1,1,1,2,,,,,,2,2
5,44,4,8,2007,3,7,1,1,2,1,1,1,1,1,1,1,1,1,9,6,1,1,,2,2
5,44,4,8,2007,2,7,1,1,2,1,1,1,1,1,1,1,1,1,9,6,1,1,,2,2
5,44,4,8,2007,3,1,1,1,2,1,1,1,1,1,1,1,1,2,14,6,1,1,,2,2
2,52,4,8,2007,2,7,8,1,1,1,1,1,1,1,1,4,1,2,19,6,1,1,26,2,2
3,52,4,8,2007,3,6,2,1,2,1,1,2,1,1,1,3,1,2,9,2,1,1,35,2,2
8,52,4,8,2007,2,5,3,2,1,1,1,2,1,1,1,3,1,2,4,1,1,1,27,2,2
5,41,4,8,2007,2,7,3,1,2,1,1,1,1,1,1,1,1,1,8,6,2,7,,2,2
5,41,4,8,2007,3,7,1,2,1,1,1,1,1,1,1,1,1,1,9,6,1,1,,2,2
5,41,4,8,2007,3,7,1,2,1,1,1,1,1,1,1,1,1,1,9,6,2,7,,2,2
7,41,4,8,2007,3,7,4,1,2,1,1,1,1,1,1,1,1,2,9,6,1,7,,2,2
1,41,4,8,2007,2,1,1,1,2,1,1,1,1,1,1,1,1,2,,,,,,2,2
2,41,4,8,2007,,1,1,1,2,1,2,1,1,1,1,3,1,2,5,6,1,1,40,2,2
1,47,4,8,2007,3,1,1,1,2,1,1,1,1,1,1,1,1,2,9,5,1,7,,2,2
1,47,2,8,2007,1,1,1,2,2,1,4,1,1,1,1,5,1,1,14,6,1,1,37,2,2
1,47,4,8,2007,1,4,1,1,2,1,2,1,1,1,1,1,1,2,14,10,1,1,40,2,2
12,47,4,8,2007,3,1,3,1,2,1,1,5,1,1,1,1,1,2,12,6,1,1,30,2,2
5,47,4,8,2007,2,1,1,1,2,1,1,1,1,1,1,3,1,2,,,,,,,
8,47,4,8,2007,4,7,1,1,2,1,2,1,1,1,1,3,1,2,6,6,1,7,,2,2
8,47,4,8,2007,3,1,1,1,2,1,1,1,1,1,1,1,1,2,9,11,1,7,,2,2
8,47,4,8,2007,3,1,1,1,2,1,1,1,1,1,1,3,1,2,14,6,1,1,,2,2
7,47,1,8,2007,3,4,1,1,2,1,1,1,1,1,1,1,1,2,8,1,1,1,26,2,2
7,47,1,8,2007,2,7,1,1,2,1,1,1,1,1,1,3,1,2,7,1,1,1,35,2,2
2,47,4,8,2007,1,1,1,1,2,1,1,1,1,1,1,1,1,2,14,9,1,1,40,2,2
9,47,4,8,2007,4,7,1,1,2,1,4,1,1,1,1,1,1,2,9,6,1,1,37,2,2
9,47,4,8,2007,4,1,1,1,2,2,4,1,2,1,1,1,1,2,,,,,,,
1,38,4,6,2007,4,1,1,1,2,1,3,1,1,1,1,2,1,2,,,,,,,
1,49,4,8,2007,4,1,4,1,1,4,1,1,1,1,1,2,1,2,7,4,1,1,,2,2
2,49,4,8,2007,4,1,1,1,2,1,2,1,1,1,1,3,1,2,9,6,1,1,,2,2
3,38,4,8,2007,2,1,1,1,2,1,1,1,1,1,1,1,1,2,12,6,1,1,,2,2
4,38,3,8,2007,3,1,1,1,2,1,1,1,1,1,1,3,1,2,9,8,1,1,,2,2
6,38,3,8,2007,1,7,1,1,2,1,2,1,1,1,1,2,1,2,9,9,1,7,,2,2
6,38,4,8,2007,3,1,1,1,2,1,1,1,1,1,1,2,1,2,14,6,1,7,50,2,2
3,38,4,8,2007,2,7,8,1,2,1,1,1,1,1,1,1,1,2,13,6,1,1,,2,2
3,38,4,8,2007,3,1,8,1,2,1,1,1,1,1,1,1,1,2,12,6,1,1,,2,2
4,38,4,8,2007,2,1,1,1,2,1,1,1,1,1,1,3,1,2,8,6,1,1,,2,2
1,38,4,8,2007,2,1,1,1,2,1,1,1,1,1,1,3,1,2,9,6,1,7,40,2,2
1,38,4,8,2007,4,1,8,1,2,1,3,1,1,1,1,2,1,2,,,,,,2,2
6,37,4,8,2007,2,7,1,1,2,1,1,2,2,1,3,3,1,2,5,2,1,1,19,2,2
1,50,4,8,2007,1,4,5,2,2,1,1,1,1,1,1,1,1,2,14,5,1,1,,2,2
10,50,1,8,2007,3,1,1,2,2,2,1,2,2,1,1,1,1,2,9,6,1,1,,2,2
10,50,4,8,2007,3,1,1,1,2,1,1,1,1,1,1,3,1,2,9,6,1,1,,2,2
10,50,4,8,2007,3,1,1,1,2,1,1,1,1,1,1,3,1,2,9,6,1,1,,2,2
12,50,4,8,2007,3,1,1,1,2,1,1,1,1,1,1,1,1,2,10,5,1,1,,2,2
19,50,4,8,2007,4,1,1,2,2,1,1,1,1,1,1,1,1,2,7,11,1,1,,2,2
12,50,4,8,2007,1,1,1,2,2,1,1,1,1,1,1,1,1,2,9,6,1,1,,2,2
2,50,4,8,2007,2,7,1,1,2,1,1,1,1,1,1,1,1,2,12,6,1,1,,2,2
2,50,4,8,2007,1,1,1,1,2,1,4,1,1,1,1,1,1,2,,,,,,2,2
2,50,4,8,2007,3,1,1,1,2,1,1,1,1,1,1,1,1,2,9,6,1,1,,2,2
6,50,4,8,2007,2,1,1,1,2,1,1,1,1,1,1,3,1,2,17,6,1,1,,2,2
5,50,3,8,2007,2,7,1,1,2,1,4,1,1,1,1,3,1,2,12,6,1,1,45,2,2
1,48,4,8,2007,1,7,1,1,2,1,1,2,1,1,1,3,1,2,4,6,1,1,,2,2
9,51,4,8,2007,3,7,1,1,2,1,1,1,1,1,1,3,1,2,14,6,1,1,40,2,2
1,35,4,8,2007,2,7,1,1,2,1,1,1,1,1,1,3,1,2,9,1,1,1,,2,2
3,39,4,8,2007,1,1,8,1,2,1,4,1,1,1,1,1,1,2,14,11,1,1,40,2,2
4,39,4,8,2007,4,7,3,1,2,1,1,1,1,1,1,2,1,2,4,6,1,1,,2,2
1,45,4,8,2007,2,7,1,1,2,1,1,1,1,1,1,1,1,2,9,6,1,1,,2,2
5,45,4,8,2007,4,7,1,1,2,1,4,1,1,1,1,1,1,2,12,6,1,1,,2,2
1,46,4,8,2007,2,7,1,1,2,1,4,1,1,1,1,1,1,2,14,6,1,1,,2,2
5,41,4,9,2007,2,1,8,1,2,1,1,1,1,1,1,1,1,1,13,6,1,1,,2,2
5,41,1,9,2007,2,3,1,1,2,1,1,1,1,1,1,1,1,2,12,6,1,1,,2,2
5,41,4,9,2007,2,3,1,1,2,1,1,1,1,1,1,1,1,2,9,6,1,1,,2,2
1,40,3,9,2007,2,1,1,1,2,1,1,1,1,1,1,3,1,2,17,11,1,1,,2,2
1,41,3,9,2007,2,1,1,1,2,1,1,1,1,1,1,1,1,2,17,11,1,1,30,2,2
7,41,4,9,2007,3,1,1,1,2,1,1,1,1,1,1,2,1,2,9,6,1,1,,2,2
7,41,4,9,2007,2,1,1,1,2,1,1,1,1,1,1,2,1,2,9,6,1,1,,2,2
7,41,4,9,2007,1,1,1,1,2,1,1,1,1,1,1,2,1,2,9,6,1,1,,2,2
7,41,4,9,2007,2,1,1,1,2,1,4,1,1,1,1,1,1,2,13,6,1,1,,2,2
7,41,4,9,2007,1,7,3,1,2,1,1,1,1,1,1,1,1,2,14,6,1,1,,2,2
6,41,3,9,2007,3,1,1,1,2,1,1,1,1,1,1,1,1,1,,,,,,2,2
6,41,4,9,2007,1,1,1,1,2,1,1,1,1,1,1,1,1,2,9,6,1,1,,2,2
6,41,4,9,2007,1,1,1,1,2,1,1,1,1,1,1,3,1,2,9,6,1,1,1,2,2
6,41,4,9,2007,1,1,1,1,2,1,1,1,1,1,1,3,1,2,,,,,,,
6,41,4,9,2007,3,1,3,1,2,1,1,1,1,1,1,3,1,2,,,,,,2,2
6,41,4,9,2007,3,1,1,1,2,1,1,1,1,1,1,1,1,2,9,6,1,1,,2,2
6,41,4,9,2007,2,1,3,1,2,1,1,1,1,1,1,3,1,2,19,6,1,1,,2,2
6,41,4,8,2007,3,1,1,1,2,1,1,1,1,1,1,1,1,1,7,6,1,1,,2,2
1,50,4,9,2007,2,1,1,2,2,1,1,1,1,1,1,1,1,2,9,6,1,1,40,2,2
4,50,4,9,2007,2,3,1,2,2,1,1,1,1,1,1,3,1,2,19,11,1,1,35,2,2
12,50,4,9,2007,3,1,1,2,2,1,1,1,1,1,1,1,1,2,9,2,1,1,47,2,2
12,50,4,9,2007,3,1,1,1,2,1,1,1,1,1,1,1,1,2,9,6,1,1,27,2,2
12,50,4,9,2007,3,1,1,1,2,1,1,1,1,1,1,1,1,2,12,6,1,1,25,2,2
12,50,4,9,2007,2,1,1,1,2,1,1,1,1,1,1,1,1,2,14,6,1,1,,2,2
11,50,4,9,2007,2,1,1,1,2,1,1,1,1,1,1,3,1,2,19,11,1,7,,2,2
11,50,4,9,2007,3,1,1,1,2,1,1,1,1,1,1,4,1,2,1,6,1,1,,2,2
5,50,4,9,2007,2,1,1,1,2,1,1,1,1,1,1,3,,,4,11,1,1,,2,2
8,51,4,9,2007,3,1,1,2,2,1,1,4,1,1,1,3,1,2,9,4,1,1,30,2,2
12,51,4,9,2007,4,1,1,2,2,1,1,1,1,1,1,3,,,12,11,1,7,,2,2
12,51,4,9,2007,3,1,1,2,2,1,1,1,1,1,1,2,1,2,9,6,1,1,24,2,2
4,51,4,9,2007,3,1,8,1,2,1,1,1,1,1,1,2,1,2,14,6,1,1,,2,2
11,51,4,9,2007,3,1,1,1,2,1,1,1,1,1,1,3,1,2,6,6,1,2,28,2,2
1,48,3,9,2007,1,1,1,1,2,1,1,1,1,1,1,5,1,2,19,6,1,1,,2,2
1,48,4,9,2007,2,1,1,1,2,1,1,1,1,1,1,1,1,2,14,6,1,1,,2,2
1,48,4,9,2007,1,1,1,1,2,1,1,1,1,1,1,1,1,2,7,6,1,6,28,2,2
1,39,4,9,2007,1,7,1,1,2,1,4,1,1,1,1,3,1,2,9,6,1,1,35,2,2
1,39,1,9,2007,2,7,1,1,2,1,1,1,1,1,1,1,1,2,9,6,1,1,45,2,2
3,39,4,9,2007,3,1,4,1,2,1,1,1,1,1,1,1,1,2,14,5,1,1,50,2,2
6,38,1,9,2007,3,3,1,1,2,1,1,1,1,1,1,1,1,2,6,6,1,1,30,2,2
3,38,4,9,2007,3,1,1,1,2,1,1,1,1,1,1,1,1,2,9,3,1,1,,2,2
8,38,4,9,2007,2,1,1,1,2,1,1,1,1,1,1,3,1,2,6,6,1,1,25,2,2
1,45,4,9,2007,2,7,1,2,2,1,1,1,1,1,1,1,1,2,9,6,1,1,,1,2
1,45,3,9,2007,3,7,1,2,2,1,1,1,1,1,1,1,1,2,14,6,1,1,,2,2
6,45,4,9,2007,2,7,1,2,2,1,1,1,1,1,1,3,1,2,9,6,1,1,,2,2
1,45,3,9,2007,2,1,1,2,2,1,1,1,1,1,1,1,1,2,9,6,1,1,,2,2
2,45,4,9,2007,2,7,1,2,2,1,1,1,1,1,1,1,1,2,9,6,1,1,,2,2
3,45,4,9,2007,3,1,1,2,2,1,1,1,1,1,1,3,1,2,9,10,1,1,,2,2
6,45,3,9,2007,3,2,1,2,2,1,1,1,1,1,1,3,1,1,13,6,1,1,25,2,2
5,41,4,10,2007,4,1,1,2,1,1,4,1,1,1,1,1,1,2,,,,,,,
3,41,4,10,2007,3,1,1,2,2,1,1,2,1,1,1,3,1,2,4,2,1,1,,2,2
7,41,4,10,2007,1,1,3,2,2,1,2,1,1,1,1,1,1,2,9,6,1,1,,2,2
7,41,4,10,2007,3,1,1,2,2,1,1,1,1,1,1,1,1,1,9,6,1,1,40,2,2
7,41,3,10,2007,3,1,1,2,1,1,1,1,1,1,1,1,1,1,14,6,1,1,,2,2
7,41,4,10,2007,3,1,1,2,2,1,1,1,1,1,1,1,1,1,,,,,,,
6,41,4,10,2007,4,1,1,2,2,1,4,1,1,1,1,1,1,2,,,,,,2,2
6,41,4,10,2007,4,1,1,2,2,1,3,1,1,1,1,1,1,2,9,6,1,1,,2,2
6,41,4,10,2007,2,1,1,2,2,1,1,1,1,1,1,1,1,2,9,6,1,1,,2,2
1,51,4,10,2007,2,2,8,2,2,1,2,1,1,1,1,3,1,2,7,4,1,1,,2,2
12,51,3,10,2007,3,1,1,2,2,1,1,1,1,1,1,3,1,2,4,6,1,1,30,2,2
4,51,4,10,2007,3,4,1,2,2,2,4,2,2,1,3,2,1,2,8,1,1,1,35,2,2
8,51,4,10,2007,3,1,1,2,2,1,2,1,1,1,1,2,1,2,3,6,1,1,30,2,2
1,49,4,9,2007,2,1,1,2,2,1,1,1,1,1,1,2,1,2,14,6,1,1,40,2,2
1,35,4,10,2007,4,1,2,2,1,1,2,1,1,1,1,1,,,,,,,,,
4,35,3,10,2007,3,1,1,2,2,1,1,2,1,1,1,1,1,2,19,6,1,1,,2,2
2,35,4,10,2007,2,1,1,2,2,1,1,1,1,1,1,2,1,2,4,6,1,1,20,2,2
2,35,1,10,2007,2,7,8,2,2,1,1,1,1,1,1,2,1,2,7,6,1,1,27,2,2
2,45,4,10,2007,2,1,1,2,2,1,1,1,1,1,1,1,1,2,9,6,1,1,,2,2
5,45,4,10,2007,3,7,1,2,2,1,1,1,1,1,1,1,1,2,9,11,1,1,,2,2
6,45,4,10,2007,2,7,1,2,2,1,1,1,1,1,1,1,1,1,,,,,,,
6,45,4,10,2007,4,7,1,2,2,1,4,2,1,1,1,2,1,2,9,6,1,1,,2,2
6,48,4,10,2007,3,1,1,2,2,1,1,1,1,1,2,3,1,2,8,6,1,3,33,2,2
1,48,4,10,2007,3,1,1,2,2,1,1,1,2,1,1,3,1,2,11,6,1,1,35,2,2
6,48,3,10,2007,3,7,1,2,2,1,1,1,1,1,1,3,1,2,8,4,2,1,,2,2
12,50,4,10,2007,4,1,1,2,2,1,4,1,1,1,1,3,1,2,6,6,1,1,,2,2
12,50,4,10,2007,1,1,1,2,2,1,4,1,1,1,1,1,1,2,,,,,,,
12,50,4,10,2007,2,7,1,2,2,1,1,1,1,1,1,1,1,2,9,6,1,1,50,2,2
12,50,4,10,2007,4,7,1,2,2,1,3,1,1,1,1,1,1,2,9,6,1,1,50,2,2
12,50,4,10,2007,4,1,1,2,2,1,4,1,1,1,1,1,1,2,9,6,1,1,,2,2
12,50,4,10,2007,3,1,1,2,2,1,1,1,1,1,1,1,1,2,9,11,1,1,,2,2
2,50,4,10,2007,3,1,3,2,2,1,3,1,1,1,1,1,1,2,9,6,1,1,55,2,2
7,50,4,10,2007,2,1,1,2,2,1,1,1,1,1,1,2,,,9,6,1,1,,2,2
11,50,4,10,2007,3,7,1,2,2,1,1,3,1,1,3,3,1,2,1,11,1,1,,2,2
11,50,3,10,2007,2,1,1,1,1,1,1,1,1,1,1,2,1,2,13,6,1,1,35,2,2
3,39,4,10,2007,3,3,2,2,2,1,1,1,1,1,1,1,1,2,9,6,1,1,40,2,2
1,39,4,10,2007,2,7,1,2,2,1,1,2,1,1,1,3,,,9,6,1,1,,2,2
1,39,3,10,2007,3,1,1,2,2,1,1,1,1,1,1,3,1,2,19,6,1,1,40,2,2
1,39,3,10,2007,3,7,1,2,2,1,1,1,1,1,1,3,1,2,9,6,1,7,,2,2
4,37,4,10,2007,2,7,1,2,2,1,1,1,1,1,2,3,1,2,9,6,1,7,,2,2
1,38,4,10,2007,3,7,1,2,2,1,1,1,1,1,1,1,1,2,10,7,1,1,,2,2
7,38,4,10,2007,2,1,1,2,2,1,1,1,1,1,1,2,1,2,9,6,1,1,,2,2
6,38,4,10,2007,4,7,2,2,2,1,2,1,1,1,1,3,1,2,9,6,1,1,,2,2
3,38,4,10,2007,3,1,1,2,2,1,1,1,1,1,1,1,1,2,9,6,1,1,,2,2
3,38,4,10,2007,3,1,1,2,2,1,2,1,1,1,1,1,1,1,,,,,,,
3,38,4,10,2007,4,1,1,2,2,1,4,1,1,1,1,1,1,2,7,6,1,1,,2,2
4,41,4,11,2007,4,1,1,2,2,1,2,2,1,1,1,3,1,2,9,6,1,1,,2,2
7,41,4,11,2007,2,7,3,2,2,1,1,1,1,1,1,1,1,2,9,6,1,1,,2,2
7,41,2,11,2007,4,7,1,2,1,1,2,1,1,1,1,1,1,2,9,11,1,1,,2,2
7,41,4,11,2007,3,1,3,2,2,1,1,1,1,1,1,1,1,2,9,6,1,1,,2,2
7,41,4,11,2007,3,1,1,2,2,1,1,1,1,1,1,1,1,2,9,6,1,1,,2,2
7,41,4,11,2007,1,1,1,2,2,1,4,1,1,1,1,3,1,2,9,6,1,1,,2,2
7,41,4,11,2007,1,7,1,2,2,1,3,1,1,1,1,1,1,1,9,6,1,1,,2,2
7,41,4,11,2007,3,7,8,2,1,1,1,1,1,1,1,1,1,2,9,6,1,1,,2,2
7,41,4,10,2007,4,7,8,2,1,1,4,1,1,1,1,1,1,2,19,6,1,1,,2,2
7,41,4,6,2007,3,7,1,2,2,1,3,5,5,1,1,1,1,2,9,6,1,1,,2,2
7,41,4,11,2007,2,1,1,2,2,1,1,1,1,1,1,2,1,2,4,6,1,1,,2,2
6,41,4,11,2007,3,1,1,2,2,1,1,1,1,1,1,1,1,2,19,6,1,1,,2,2
6,41,4,11,2007,4,1,1,2,2,1,3,1,1,1,1,1,1,2,9,6,1,1,,2,2
6,41,4,11,2007,4,1,1,2,2,1,1,1,1,1,1,1,1,2,,,,,,,
6,41,4,11,2007,2,1,1,2,2,1,1,1,1,1,1,1,1,2,9,6,1,1,,2,2
1,50,4,11,2007,3,2,1,2,2,1,1,1,1,1,1,3,1,2,9,6,1,1,,2,2
10,50,4,11,2007,3,1,1,2,2,1,1,1,1,1,1,3,1,2,14,6,1,1,35,2,2
12,50,4,11,2007,3,1,1,2,2,1,1,1,1,1,1,1,1,2,14,11,1,1,40,2,2
12,50,4,11,2007,2,1,1,2,2,1,1,1,1,1,1,1,1,2,12,6,1,1,35,2,2
12,50,4,11,2007,4,1,1,2,2,1,4,1,1,1,1,1,1,2,9,6,1,1,,2,2
2,50,4,11,2007,2,1,1,2,2,1,1,1,1,1,1,1,1,2,9,6,1,1,,2,2
2,50,3,11,2007,2,1,1,2,2,1,1,1,1,1,1,1,1,2,9,6,1,1,50,2,2
9,50,4,11,2007,3,1,1,2,2,1,1,1,1,1,1,2,1,2,9,6,1,1,35,2,2
11,50,4,11,2007,3,1,1,2,2,1,1,1,1,1,1,2,1,2,14,6,1,1,32,2,2
5,50,4,11,2007,3,1,1,2,2,1,1,1,1,1,1,3,1,2,14,6,1,1,,2,2
8,50,4,11,2007,3,1,1,2,2,1,2,1,1,1,1,3,1,2,6,6,1,1,26,2,2
13,50,4,11,2007,2,1,1,2,2,1,1,1,1,1,1,3,1,2,9,6,1,1,,2,2
1,35,4,11,2007,2,1,1,2,2,1,1,2,1,1,1,3,1,2,10,6,1,1,,2,2
4,35,4,11,2007,2,1,1,2,2,1,1,1,1,1,1,2,1,2,9,6,1,1,,2,2
2,35,4,11,2007,1,1,1,2,2,4,3,1,1,1,1,3,2,1,9,6,1,1,,2,2
3,35,4,11,2007,4,1,1,2,2,1,4,1,1,1,1,3,1,2,19,6,1,1,,2,2
1,51,3,11,2007,2,3,8,2,2,1,1,1,1,1,1,3,1,2,7,6,1,1,,2,2
4,51,3,10,2007,3,3,1,2,2,1,1,1,1,1,1,5,1,2,4,6,1,1,28,2,2
4,51,4,11,2007,3,1,1,2,2,1,1,2,1,3,2,3,1,2,17,8,2,3,,2,2
6,48,4,11,2007,3,1,1,2,2,1,1,5,1,2,2,3,1,2,8,6,1,1,32,2,2
6,48,4,10,2007,3,1,1,2,2,1,1,1,1,1,2,3,1,2,8,6,1,1,32,2,2
1,48,4,11,2007,4,1,1,2,2,1,2,1,1,1,1,1,1,2,9,5,1,1,,2,2
1,45,4,11,2007,4,7,1,2,2,1,2,1,1,1,1,1,1,2,9,6,1,1,,2,2
5,45,3,11,2007,3,7,1,2,2,1,1,1,1,1,1,1,1,2,9,6,1,1,,2,2
1,45,3,11,2007,1,7,1,2,2,1,3,1,1,1,1,1,1,2,12,6,1,1,,2,2
6,45,4,11,2007,2,5,1,2,2,1,1,1,1,1,1,1,1,2,9,6,1,7,,2,2
4,45,4,11,2007,3,7,1,1,2,1,1,1,1,1,1,3,1,2,9,6,1,1,,2,2
1,39,3,11,2007,3,7,1,2,2,1,1,2,1,1,1,1,1,2,9,1,1,1,50,2,2
1,39,3,11,2007,3,7,3,2,2,1,1,1,1,1,1,1,1,2,12,6,1,1,26,2,2
7,39,4,11,2007,2,1,1,2,2,1,1,1,1,1,1,1,1,2,9,6,1,1,,2,2
10,52,4,11,2007,3,3,8,1,2,1,1,1,1,1,1,2,1,2,9,6,1,1,,2,2
6,38,4,11,2007,3,1,1,2,2,1,1,1,1,1,1,3,1,2,14,6,1,1,28,2,2
6,38,4,11,2007,2,1,1,2,2,1,1,1,1,1,1,1,1,2,7,6,1,1,38,2,2
4,38,4,11,2007,3,1,1,2,2,1,1,1,1,1,1,3,1,2,4,6,1,1,,2,2
3,38,4,11,2007,4,1,1,2,2,1,2,1,1,1,1,1,1,2,9,6,1,1,,2,2
6,38,4,11,2007,3,1,3,2,2,1,1,1,1,1,1,1,1,2,,,,,,,
6,38,4,11,2007,2,7,1,2,2,1,1,1,1,1,1,1,1,2,9,6,1,1,32,,
3,38,4,11,2007,2,1,1,1,1,1,1,1,1,1,1,1,1,2,9,6,1,1,,2,2
5,41,4,12,2007,2,1,1,2,2,1,1,1,1,1,1,1,1,2,14,6,1,1,30,2,2
1,41,4,12,2007,3,1,1,2,2,1,2,1,1,1,1,1,1,2,9,6,1,1,35,2,2
7,41,4,12,2007,3,1,1,2,2,1,1,1,1,1,1,2,1,2,14,6,1,1,45,2,2
7,41,4,12,2007,4,1,1,2,2,1,4,1,1,1,1,1,1,2,14,6,1,1,32,2,2
7,41,4,12,2007,3,3,1,2,2,1,1,2,1,1,1,2,1,2,9,6,,,,,
6,41,4,12,2007,4,1,1,2,2,1,4,1,1,1,1,1,1,2,,,,,,,
6,41,4,12,2007,4,1,1,2,2,1,4,1,1,1,1,1,1,2,14,6,1,1,38,2,2
6,41,4,12,2007,4,1,1,2,2,1,2,1,1,1,1,1,1,2,,,,,,,
6,41,3,12,2007,4,1,1,2,2,1,3,1,1,1,1,1,1,2,,6,,,,,
6,41,4,12,2007,4,1,1,2,2,1,4,1,1,1,1,1,1,2,9,6,1,1,,2,2
1,39,4,12,2007,1,1,1,2,2,4,4,1,1,1,1,1,1,2,14,6,1,1,,2,2
1,39,4,12,2007,4,2,8,2,2,1,2,2,1,1,1,1,1,2,13,11,1,7,,2,2
2,39,4,12,2007,3,7,3,2,2,1,1,2,1,1,1,2,1,2,4,6,1,1,,2,2
2,35,4,12,2007,3,7,1,2,2,1,1,1,1,2,2,3,1,2,9,6,1,1,24,2,2
1,38,4,12,2007,2,1,8,2,2,1,1,1,1,1,1,1,1,2,14,6,1,1,,2,2
4,38,4,12,2007,3,7,1,2,2,1,1,1,4,1,1,3,3,2,9,6,1,1,,2,2
4,38,4,12,2007,4,1,1,2,2,1,4,1,1,1,1,3,1,2,,,,,,,
4,38,4,12,2007,3,1,1,2,2,1,1,1,1,1,1,3,1,2,9,6,1,1,,2,2
4,38,4,12,2007,2,1,1,2,2,1,1,1,1,1,1,3,1,2,19,6,1,1,,2,2
6,38,4,12,2007,2,1,5,2,2,1,1,1,1,1,1,1,1,2,9,6,1,1,,2,2
7,38,4,12,2007,4,1,1,2,2,1,4,1,1,1,1,1,1,2,8,6,1,1,37,2,2
3,38,4,12,2007,3,1,1,2,2,1,1,1,1,1,1,1,1,2,19,6,1,1,,2,2