Thana,District,Accident_Severity,Month,Year,Time,Junction_Type,Traffic_Control,Movement,Divider,Weather,Light,Road_Geometry,Surface_Condition,Surface_Type,Surface_Quality,Road_Class,Road_Feature,Location_Type,Vehicle_Type,Vehicle_Movement,Vehicle_Loading,Vehicle_Defect,Vehicle_Driver_Age,Vehicle_Alcohol,Vehicle_Seat_Belt
3,38,4,12,2007,4,1,1,2,2,1,2,1,1,1,1,1,1,2,9,6,1,1,27,2,2
4,38,4,12,2007,2,1,1,2,2,1,1,1,1,1,1,3,1,2,9,6,1,1,45,2,2
6,48,4,12,2007,3,1,1,2,2,1,1,1,1,1,1,3,1,2,19,6,1,1,,2,2
1,48,4,12,2007,2,1,1,2,2,1,1,1,1,1,1,1,1,2,14,6,1,1,,2,2
1,48,4,12,2007,4,1,1,2,2,4,2,5,1,1,3,3,2,2,8,6,1,1,,2,2
3,48,4,12,2007,3,1,1,2,2,1,1,1,1,1,1,3,1,2,4,6,1,1,,2,2
3,48,4,12,2007,3,1,1,2,2,1,1,1,1,1,1,3,1,2,19,6,1,1,,2,2
3,44,4,10,2007,3,1,1,2,2,1,2,1,1,1,1,1,1,2,,,,,,,
6,44,4,10,2007,3,1,1,2,2,1,2,1,1,1,1,3,1,2,14,6,1,1,,2,2
6,44,4,9,2007,3,1,1,2,2,1,1,1,1,1,1,3,1,2,6,6,1,1,,2,2
6,44,4,10,2007,1,2,1,2,2,1,2,1,1,1,1,2,1,2,,6,1,1,,2,2
6,44,4,10,2007,4,1,1,2,2,1,4,1,1,1,1,3,1,2,14,6,1,1,,2,2
6,44,4,10,2007,4,1,1,2,2,1,4,1,1,1,1,1,1,2,14,6,1,1,,2,2
6,44,4,10,2007,4,1,1,2,2,1,4,1,1,1,1,1,1,2,19,6,1,1,45,2,2
6,44,4,10,2007,4,3,3,2,2,1,4,1,1,1,1,1,1,2,9,6,1,1,,2,2
2,44,4,10,2007,1,1,1,2,2,1,2,1,1,1,1,1,1,2,9,6,1,1,,2,2
7,44,4,10,2007,1,1,1,2,2,1,2,1,1,1,1,1,1,2,,,,,,,
5,44,4,10,2007,4,1,1,2,2,1,4,1,1,1,1,1,1,2,9,6,1,1,,2,2
5,44,4,10,2007,3,1,1,2,2,1,2,1,1,1,1,1,1,2,14,6,1,1,,2,2
5,44,3,10,2007,2,1,1,2,2,1,1,1,1,1,1,3,1,2,5,6,1,1,,2,2
1,51,4,12,2007,3,1,1,2,2,1,1,2,1,1,2,3,1,2,9,6,1,1,,2,2
6,51,4,12,2007,4,1,1,2,2,1,2,1,1,1,1,3,1,2,14,6,1,1,,2,2
5,45,3,12,2007,2,7,1,2,2,1,1,1,1,1,1,1,1,2,9,6,1,1,,2,2
4,45,4,12,2007,2,1,1,2,2,1,1,1,1,1,1,3,1,2,9,6,1,1,,2,2
3,45,4,12,2007,2,1,1,2,2,1,1,1,1,1,1,3,1,2,14,6,1,1,,2,2
1,45,4,12,2007,3,7,1,2,2,1,1,1,1,1,1,1,1,2,14,6,1,1,,2,2
1,50,4,12,2007,3,1,8,2,2,1,1,2,1,1,3,2,1,2,9,6,1,1,,2,2
1,50,4,12,2007,2,1,1,2,2,1,1,1,1,1,1,3,1,2,13,6,1,1,40,2,2
12,50,4,12,2007,1,1,1,2,2,1,4,1,1,1,1,1,1,2,,6,1,1,,2,2
12,50,4,12,2007,3,1,1,2,2,1,1,1,1,1,1,1,1,2,9,6,1,1,,2,2
2,50,4,12,2007,3,1,1,2,2,1,1,1,1,1,1,1,1,2,9,6,1,1,48,2,2
2,50,4,12,2007,1,1,1,2,2,1,4,1,1,1,1,1,1,2,14,6,1,1,35,2,2
6,50,4,12,2007,3,1,1,2,2,1,1,1,1,3,2,3,1,2,17,6,1,1,,2,2
7,50,4,12,2007,4,1,1,2,2,1,4,1,1,1,1,3,1,2,9,6,1,1,35,2,2
11,50,4,12,2007,2,1,1,2,2,1,1,1,1,1,1,1,1,2,,,,,,,
11,50,4,12,2007,3,7,1,2,2,1,1,2,1,1,1,2,1,2,19,6,1,1,,2,2
5,50,4,12,2007,3,3,1,2,2,1,1,1,1,1,1,3,1,2,14,6,1,1,25,2,2
13,50,4,12,2007,3,1,3,2,2,1,1,1,1,1,1,3,1,2,7,6,1,1,,2,2
1,44,4,11,2007,1,1,1,2,2,1,2,1,1,1,1,3,1,1,,6,1,1,,2,2
4,44,4,11,2007,1,3,1,2,2,1,4,1,1,1,1,3,1,2,12,6,1,1,,2,2
4,44,4,11,2007,4,3,1,2,2,1,4,1,1,1,1,3,1,2,9,6,1,1,,2,2
4,44,4,11,2007,1,1,3,2,2,1,3,1,1,1,1,3,1,2,13,6,1,1,,2,2
12,47,4,6,2007,4,1,2,2,2,1,3,1,1,1,1,1,1,2,9,,,,,,
5,47,4,6,2007,1,1,1,2,,2,2,1,2,1,1,1,1,2,12,6,1,,,,
1,47,4,6,2007,2,3,8,1,2,1,1,1,1,1,1,1,1,1,9,6,1,1,35,2,2
2,47,4,3,2007,4,1,1,2,1,1,1,1,1,1,1,1,2,2,14,6,1,1,,,
1,47,4,6,2007,3,1,1,2,2,1,1,1,1,1,1,1,2,2,8,6,1,1,32,2,2
4,47,3,6,2007,3,1,1,2,,1,1,1,1,1,1,1,1,1,9,6,1,1,37,2,2
8,47,4,6,2007,3,1,1,2,2,1,1,1,1,1,1,1,1,1,9,6,1,,,2,2
11,47,4,6,2007,2,1,1,2,2,1,1,1,1,1,1,3,1,1,14,6,,,,2,2
11,47,4,6,2007,2,1,1,2,1,1,3,1,1,1,1,3,1,1,,6,,,,2,2
1,49,4,6,2007,4,1,1,2,2,1,2,1,1,1,1,3,1,2,17,6,2,7,,2,2
2,49,4,6,2007,4,1,1,2,2,1,1,1,1,1,1,1,1,2,9,6,1,1,,2,1
3,49,3,6,2007,2,6,8,2,2,1,1,1,1,1,1,1,1,2,9,11,1,7,,2,2
7,51,4,3,2007,2,1,1,2,2,1,1,1,1,1,1,2,1,1,6,6,1,7,,2,2
7,51,4,3,2007,3,1,1,2,1,1,1,1,1,1,1,3,1,2,9,6,1,7,,2,2
12,51,4,3,2007,3,1,1,1,1,1,1,1,1,1,1,2,1,2,17,6,1,1,,2,2
8,51,3,3,2007,3,1,1,2,1,1,1,1,1,1,1,2,1,2,12,6,1,7,35,2,2
8,51,4,3,2007,4,1,1,2,1,1,1,1,1,1,1,3,1,2,12,6,1,7,,2,2
1,50,4,3,2007,4,1,1,2,2,1,1,1,1,1,1,2,1,2,17,6,1,1,,2,1
1,49,4,2,2007,2,3,1,2,2,1,1,1,1,1,1,3,1,2,,6,1,,,2,2
4,49,4,2,2007,1,1,1,2,2,1,1,1,1,1,1,3,1,2,17,2,2,6,25,2,2
1,47,4,6,2007,3,1,8,2,2,2,1,1,2,1,1,1,1,2,9,6,,,,,
8,47,3,6,2007,3,7,1,2,2,1,1,2,1,1,1,1,1,2,14,5,1,1,,2,2
1,47,3,3,2007,2,1,1,2,2,1,1,1,1,1,1,1,1,2,8,5,1,1,40,2,2
12,47,4,3,2007,3,4,1,2,2,1,1,1,1,1,1,1,1,2,9,6,1,7,,1,2
8,52,3,6,2007,4,3,1,2,1,1,1,1,1,1,1,2,1,1,14,6,1,7,36,2,2
1,52,4,6,2007,2,7,1,1,2,1,1,3,5,3,2,2,2,2,14,7,,3,42,2,2
1,52,3,1,2007,4,4,8,2,2,1,1,1,1,1,1,2,1,1,14,9,2,1,,,
1,52,4,10,2007,2,4,1,2,2,1,4,2,1,1,1,3,1,1,8,2,1,7,30,2,2
4,52,3,10,2007,3,1,,2,2,1,1,1,1,1,1,2,1,2,9,6,2,7,25,,2
4,10,4,10,2007,3,7,8,2,2,1,1,1,1,1,1,3,1,2,8,6,1,1,27,2,2
1,52,4,2,2007,2,7,1,1,2,1,2,1,2,1,1,3,1,2,14,6,1,1,,1,2
5,52,4,8,2007,3,3,1,1,2,2,1,2,2,1,1,3,1,2,4,6,,,35,1,2
4,51,4,6,2007,2,1,1,2,2,1,1,1,1,1,1,1,1,2,14,6,1,7,19,2,2
9,51,4,1,2007,3,1,1,2,2,1,1,1,1,1,1,2,1,2,9,6,2,1,,,
3,51,4,1,2007,2,1,1,2,2,1,2,1,1,1,1,4,1,2,17,6,2,1,32,2,2
10,51,4,1,2007,3,1,1,1,2,1,1,1,1,3,2,4,1,2,17,6,2,7,28,2,2
1,50,4,6,2007,2,1,1,2,2,2,1,1,2,1,1,1,1,2,9,6,2,7,30,1,2
1,50,4,6,2007,2,4,4,2,2,1,1,2,1,1,1,5,1,1,9,1,1,1,,2,2
1,50,4,6,2007,4,4,1,2,2,1,4,2,1,1,1,1,1,2,9,2,1,1,,1,
1,50,4,6,2007,2,1,1,2,2,2,1,2,2,1,1,3,1,2,9,6,2,7,,1,2
1,50,4,6,2007,3,1,1,2,2,1,1,1,1,1,1,2,1,1,14,6,1,1,,2,2
12,50,4,6,2007,1,1,1,2,2,1,4,1,1,1,1,1,1,2,19,6,1,1,,2,2
2,50,4,6,2007,2,1,1,2,2,1,1,1,1,1,1,3,1,2,6,11,2,1,,2,2
2,50,1,6,2007,3,1,1,2,2,1,1,1,1,1,1,1,1,2,9,6,1,1,,1,2
2,50,4,6,2007,3,1,1,2,2,1,1,1,1,1,1,1,1,2,7,6,1,1,,2,2
7,50,4,6,2007,2,1,1,2,2,1,1,1,1,1,1,1,1,2,1,1,1,1,,2,2
5,50,4,5,2007,1,1,1,2,2,1,1,1,1,1,1,4,1,2,4,6,1,1,60,2,2
8,50,4,6,2007,3,1,1,2,2,1,1,1,1,3,1,4,1,2,17,7,1,7,25,2,2
13,50,4,6,2007,1,1,1,2,2,1,1,1,1,1,1,2,1,2,9,,2,3,40,2,2
1,50,4,3,2007,2,7,1,2,2,1,1,1,1,1,1,2,1,1,14,,1,1,,1,2
1,50,4,3,2007,3,2,1,2,2,1,1,1,1,1,1,3,1,2,12,4,1,1,35,2,2
12,50,4,5,2007,1,1,1,2,2,1,4,1,1,1,1,1,1,2,14,6,1,1,,2,2
12,51,4,2,2007,3,1,1,2,2,1,1,1,1,1,1,3,1,2,9,6,1,1,,2,2
1,51,4,2,2007,3,1,1,2,2,1,1,1,1,1,1,2,1,1,17,6,1,1,28,2,2
3,51,4,2,2007,1,1,1,2,2,1,1,1,1,1,1,2,1,2,9,6,1,1,33,2,2
1,51,4,1,2007,4,1,3,2,2,1,3,1,1,1,1,2,1,2,19,6,1,1,,2,2
13,51,4,8,2007,3,1,1,2,2,1,1,1,1,1,1,3,3,2,9,6,1,1,30,2,2
2,48,4,5,2007,2,1,1,2,2,1,1,1,1,1,1,3,1,2,19,6,2,6,25,2,2
1,20,4,4,2007,3,1,1,2,2,1,1,1,1,1,1,3,1,1,8,6,1,1,,1,2
3,49,4,7,2007,3,1,1,1,2,1,1,1,1,1,1,4,1,2,4,6,1,1,,2,2
1,49,4,2,2007,3,1,1,2,2,1,1,1,1,1,1,2,1,1,14,6,1,1,35,2,2
1,45,3,10,2007,1,7,1,2,2,1,4,1,1,1,1,1,1,2,14,6,1,7,,1,2
6,45,4,10,2007,3,7,1,2,2,1,1,1,1,1,1,2,1,2,7,8,1,7,,1,2
1,45,4,10,2007,1,7,1,2,2,1,1,1,1,1,2,1,1,2,14,,1,7,,1,2
6,45,4,10,2007,1,7,1,2,2,1,1,1,1,1,1,1,1,2,9,6,,7,,1,2
5,45,3,9,2007,4,7,1,2,2,1,3,1,1,1,1,1,1,2,14,,1,,,1,2
5,46,4,2,2007,3,1,1,2,2,1,1,1,1,1,1,2,1,2,9,6,1,1,35,2,2
2,46,4,2,2007,3,4,1,2,2,1,1,1,1,1,1,1,1,2,19,6,,,,2,2
6,46,4,2,2007,1,1,1,2,2,1,1,1,1,1,1,2,1,2,12,6,,1,,2,2
6,46,4,2,2007,1,1,1,1,1,1,4,1,1,1,1,1,1,1,6,,,1,,1,1
1,46,4,5,2007,3,1,1,2,1,1,1,1,1,1,1,1,1,2,7,6,1,1,30,2,2
1,46,3,2,2007,2,1,1,2,2,1,1,1,1,1,1,1,1,2,9,9,1,7,,1,1
1,46,4,5,2007,2,1,1,2,2,1,1,1,1,1,1,1,1,1,14,6,1,7,26,2,2
1,46,3,5,2007,2,1,1,2,2,1,1,1,1,1,1,1,1,2,8,6,1,7,,2,2
1,46,4,6,2007,2,1,1,2,2,1,1,1,1,1,1,1,1,2,9,6,1,7,,2,2
1,46,4,6,2007,1,1,1,2,1,1,1,1,1,1,1,1,1,1,9,6,1,7,,2,2
5,43,3,2,2007,3,1,1,2,1,2,4,1,2,1,1,1,1,2,9,6,1,7,20,2,2
2,43,4,2,2007,2,1,1,2,1,4,2,1,1,1,1,1,1,2,9,6,1,1,,2,2
7,41,3,5,2007,4,1,1,2,1,1,1,1,5,1,1,1,1,2,9,6,1,1,30,2,2
7,41,4,5,2007,2,3,1,2,2,1,1,1,1,1,1,1,1,2,9,6,1,1,,2,2
7,41,4,5,2007,1,1,3,2,2,1,1,1,1,1,1,1,1,2,14,6,1,7,,1,2
7,41,3,4,2007,3,1,1,2,2,1,1,1,1,1,1,5,1,2,14,6,1,1,,2,2
5,41,4,5,2007,2,1,1,1,1,1,1,1,1,1,1,1,1,2,14,6,1,1,,2,2
5,41,4,5,2007,1,1,1,1,1,1,4,1,1,1,1,1,1,2,,,,,,,
5,41,3,5,2007,2,3,1,1,1,1,1,1,1,1,1,1,1,2,13,2,2,1,,2,2
5,41,4,5,2007,4,2,1,2,1,1,1,1,1,1,1,1,1,2,,,,,,,
7,41,4,2,2007,2,1,1,1,1,1,1,1,1,1,1,1,1,2,1,1,,,40,2,2
5,41,3,7,2007,3,1,1,1,1,1,1,1,1,1,1,1,1,1,9,5,1,3,32,2,2
5,41,4,7,2007,2,1,1,1,1,1,2,1,1,1,1,1,1,1,9,6,1,1,,2,2
7,41,4,7,2007,1,1,1,2,2,1,1,1,1,1,1,1,1,1,9,2,2,7,32,2,2
7,41,4,7,2007,3,3,1,1,1,1,1,1,1,1,1,1,1,1,7,6,1,1,,2,2
7,41,3,7,2007,1,1,1,2,2,1,1,1,1,1,1,1,1,1,9,6,2,1,,1,2
7,41,4,7,2007,3,2,3,2,2,1,1,1,1,1,1,1,1,1,9,3,1,1,,,
6,41,4,5,2007,2,1,1,2,2,1,1,1,1,1,1,1,1,1,19,6,1,1,,2,2
1,41,1,5,2007,2,3,1,2,2,1,1,1,1,1,1,1,1,2,4,6,1,1,,2,2
5,41,3,5,2007,1,1,2,1,1,1,1,1,1,1,1,1,1,1,5,6,1,1,,2,2
6,41,4,5,2007,2,1,1,2,2,1,1,1,1,1,1,1,1,2,,,,,,,
3,3,4,7,2007,1,1,1,2,1,1,3,1,1,1,1,1,1,2,,6,1,1,,2,2
6,44,3,7,2007,2,1,1,1,1,1,3,1,1,1,1,1,1,1,5,6,1,1,42,2,2
3,38,4,11,2007,4,1,1,1,1,1,1,1,1,1,2,1,1,2,4,6,,,,,2
28,20,3,9,2007,2,1,1,2,2,1,1,1,1,1,1,4,1,2,17,6,2,1,30,2,2
9,38,4,7,2007,2,1,1,2,2,1,1,1,1,1,1,1,1,1,9,6,,,,2,2
3,38,4,11,2007,2,1,1,1,2,1,1,1,1,1,1,1,1,1,9,6,1,1,,2,1
30,47,4,5,2007,2,3,1,2,2,1,1,4,1,1,1,1,1,1,19,6,1,7,,,2
3,44,4,5,2007,4,2,1,1,1,1,2,1,1,1,1,1,2,,14,6,1,7,,2,2
6,44,3,5,2007,2,1,1,2,2,1,1,1,1,1,1,1,1,1,10,6,1,1,,1,1
6,44,4,3,2007,2,1,1,2,2,1,1,1,1,1,1,1,1,1,1,6,1,1,,2,2
7,44,3,5,2007,2,7,1,2,2,1,1,1,1,1,1,3,1,1,8,6,1,1,,2,2
7,44,3,5,2007,4,1,1,2,2,1,2,1,1,1,1,3,1,2,8,6,1,1,,2,2
7,44,4,5,2007,3,1,8,2,1,1,1,1,1,1,1,1,1,2,9,6,1,1,,1,2
5,44,4,5,2007,4,1,1,2,2,1,3,1,1,1,1,1,1,2,1,8,1,1,28,2,2
7,44,4,4,2007,3,3,1,2,1,1,1,1,1,1,1,1,1,2,12,6,1,1,,2,2
7,44,1,4,2007,1,1,1,2,2,1,4,1,1,1,1,3,2,2,14,6,2,7,37,1,2
5,44,3,4,2007,2,1,1,2,2,1,1,1,1,1,1,1,1,2,19,6,1,7,,2,2
5,44,4,4,2007,3,1,1,2,2,1,1,1,1,1,1,4,1,2,9,6,1,1,,2,2
4,44,4,6,2007,1,1,1,2,2,2,4,1,2,1,1,2,1,1,14,6,1,1,,1,2
2,44,4,3,2007,4,1,1,2,2,1,4,1,1,1,1,1,1,2,13,6,1,1,25,1,2
7,44,4,3,2007,3,3,1,2,1,1,1,1,1,1,1,1,1,2,19,6,1,7,,2,2
5,44,3,3,2007,3,1,1,2,2,1,1,1,1,1,1,1,1,2,9,5,1,6,,,2
5,44,4,3,2007,2,1,3,2,2,1,1,1,1,1,1,1,1,2,9,6,1,1,,1,2
3,44,4,5,2007,3,1,1,2,2,1,4,1,1,1,1,1,,2,19,6,1,7,,2,2
3,38,4,5,2007,1,1,1,2,1,1,4,1,1,1,1,1,1,1,9,6,1,7,,1,2
7,38,4,2,2007,3,1,1,2,2,1,1,1,1,1,1,1,1,2,12,6,2,,,2,2
3,44,4,6,2007,2,1,1,2,1,1,3,1,1,1,1,1,2,2,,,,,,,
3,44,4,6,2007,1,1,1,2,1,1,2,1,1,1,1,1,1,2,9,6,1,1,,1,2
6,44,4,6,2007,1,3,3,1,1,1,2,1,1,1,1,2,1,1,19,,,,,,
2,44,4,6,2007,2,1,1,2,2,1,1,1,,1,2,3,,,6,6,2,1,,2,2
7,44,4,6,2007,2,6,4,2,2,1,1,1,1,1,1,1,1,1,14,1,1,1,,2,2
5,44,4,6,2007,2,1,1,2,1,1,1,1,1,1,1,1,1,1,14,6,1,1,,2,2
5,44,3,6,2007,1,1,1,2,2,1,1,1,1,1,1,1,1,2,12,6,1,,,2,2
5,44,3,6,2007,2,3,1,1,2,1,1,1,1,1,1,1,1,1,14,6,1,1,,2,2
4,46,4,1,2007,2,3,1,2,1,1,1,1,1,1,1,3,1,1,8,6,1,1,,2,2
4,46,4,1,2007,2,2,1,2,2,1,1,1,1,1,1,3,1,2,9,6,1,1,40,2,2
2,46,4,12,2007,4,4,1,2,2,1,1,1,1,1,1,1,1,2,14,6,1,1,,2,1
2,46,4,1,2007,1,3,1,2,2,1,2,1,1,1,1,1,1,2,14,,2,6,,2,2
1,35,3,7,2007,2,1,1,2,2,1,1,2,1,1,1,2,1,1,10,2,,,50,,
1,35,4,12,2007,1,1,1,2,2,2,4,1,2,1,1,3,1,2,,,,,,,
3,39,4,6,2007,4,3,6,2,2,1,3,3,1,2,2,3,1,2,14,11,1,1,,1,1
3,39,4,6,2007,,1,2,1,1,1,1,1,2,1,1,1,1,2,6,11,1,1,25,2,2
3,39,4,6,2007,,3,7,2,2,1,1,2,1,1,2,3,1,1,14,11,1,1,30,2,2
4,39,4,6,2007,2,7,8,1,2,1,1,1,1,1,1,2,1,1,14,6,1,,,1,2
2,39,3,6,2007,4,7,8,2,,1,2,1,2,2,,4,,2,9,4,,1,32,,
1,39,4,1,2007,3,1,8,1,2,1,1,1,1,1,1,1,2,1,14,2,1,,,1,2
1,39,3,1,2007,1,1,,,,4,4,1,1,1,1,2,1,2,14,,,7,,,
6,43,4,6,2007,2,1,1,2,2,1,1,1,1,1,1,3,1,2,10,6,1,1,32,2,2
5,43,4,6,2007,2,3,8,2,2,2,1,2,2,2,1,2,1,2,1,8,1,1,,2,2
2,43,4,6,2007,3,1,1,2,2,1,3,3,1,1,1,1,1,2,7,6,1,5,45,2,2
1,46,4,3,2007,2,1,1,2,2,1,1,1,1,1,1,1,2,,12,6,1,,,2,2
1,46,4,3,2007,2,1,1,2,2,1,1,1,1,1,1,1,1,1,14,,1,,,2,2
1,46,3,3,2007,2,1,1,2,2,1,1,1,1,1,1,1,1,2,10,6,1,,28,2,2
1,46,4,3,2007,1,1,1,2,2,1,1,1,1,1,1,1,1,1,4,6,1,,,2,2
1,42,4,3,2007,1,3,4,2,1,1,2,1,1,1,1,5,1,1,9,6,,,25,2,2
1,42,3,3,2007,1,3,4,2,1,1,1,1,1,1,1,5,1,1,8,6,,,22,2,2
1,42,4,4,2007,1,1,1,1,1,1,2,1,1,1,1,5,1,1,8,6,,,,2,2
1,42,3,4,2007,2,1,1,2,1,1,1,1,1,1,1,5,1,1,10,6,,,40,,
1,42,3,4,2007,2,1,1,2,1,1,1,1,1,1,1,5,1,1,9,6,,,,2,2
1,42,3,5,2007,3,2,4,2,1,1,1,1,1,1,1,5,1,1,9,6,,,,2,2
1,42,3,5,2007,4,,,1,1,1,3,1,1,1,1,5,1,1,14,6,,,35,,2
1,42,2,7,2007,4,1,1,2,2,1,3,1,1,1,1,5,1,1,10,6,,,24,,
1,42,4,8,2007,4,1,1,2,1,1,3,1,1,1,1,5,1,1,9,6,,,,2,2
2,42,4,2,2007,4,3,4,2,1,1,3,1,1,1,1,5,1,1,,6,,,,,
2,42,3,4,2007,2,1,1,2,1,1,1,1,1,1,1,5,1,1,7,6,,,,2,2
2,42,3,4,2007,4,1,1,2,1,1,2,1,1,1,1,1,5,1,9,6,,,,2,2
2,42,1,5,2007,3,2,4,2,1,1,1,1,1,1,1,5,1,1,9,6,,,27,2,2
3,42,4,2,2007,4,3,4,2,1,1,3,1,1,1,1,5,1,1,19,6,,,,,
3,42,4,2,2007,4,1,1,1,1,1,3,1,1,1,1,1,1,1,9,6,,,,2,2
3,42,4,4,2007,4,3,1,2,1,1,2,1,1,1,1,1,1,1,9,6,,,,2,2
3,42,3,5,2007,2,1,1,2,1,1,1,1,1,1,1,1,1,1,9,6,,,,,2
3,42,4,6,2007,2,1,1,1,1,1,1,1,1,1,1,1,1,1,9,6,,,21,2,2
3,42,4,7,2007,4,1,1,2,1,1,3,1,1,1,1,1,1,1,15,6,,,,,2
3,42,4,8,2007,2,2,4,2,1,1,1,1,1,1,1,1,1,1,9,6,,,24,2,2
4,42,4,1,2007,3,2,1,2,2,1,2,1,1,1,1,5,1,1,13,6,1,1,37,2,2
4,42,4,2,2007,1,1,1,1,1,1,3,1,1,1,1,5,1,1,14,6,1,1,,2,2
4,42,3,3,2007,4,1,1,1,1,1,3,1,1,1,1,5,1,1,10,6,1,1,,2,2
4,42,3,3,2007,2,1,1,1,1,1,2,1,1,1,1,5,1,1,,6,1,1,,2,2
4,42,4,6,2007,2,2,4,2,2,1,1,1,1,1,1,5,1,1,14,6,1,1,,2,2
4,42,4,6,2007,2,1,1,2,2,1,1,1,1,1,1,5,1,1,14,6,1,1,,2,2
5,42,4,2,2007,4,1,1,1,1,1,3,1,1,1,1,5,1,1,14,6,1,1,,2,2
5,42,4,4,2007,2,1,1,2,2,1,1,1,1,1,1,5,1,1,14,6,1,1,,2,2
5,42,4,5,2007,2,1,1,1,1,1,1,1,1,1,1,5,1,1,9,6,1,1,22,2,2
5,42,4,5,2007,1,1,1,1,1,1,3,1,1,1,1,5,1,1,14,6,1,1,,2,2
5,42,4,7,2007,2,1,1,1,1,1,1,1,1,1,1,5,1,1,9,6,1,1,,2,2
6,42,4,6,2007,4,1,1,2,2,1,2,1,1,1,1,1,1,1,14,6,1,7,,2,2
6,42,4,7,2007,2,1,1,2,2,1,1,1,1,1,1,2,1,1,19,6,1,1,,2,2
6,42,4,9,2007,2,7,1,2,2,1,1,1,1,1,1,2,1,1,9,6,1,1,,2,2
6,42,4,12,2007,3,1,1,2,2,1,1,1,1,1,2,2,1,1,14,6,2,7,32,2,2
8,42,4,1,2007,1,3,4,1,2,1,2,1,1,1,1,5,1,1,5,6,1,1,,2,2
8,42,4,4,2007,1,2,4,1,1,1,3,1,1,1,1,5,1,1,5,6,1,1,,2,2
8,42,3,4,2007,3,1,1,1,1,1,1,1,1,1,1,5,1,1,4,6,1,1,,2,2
8,42,3,6,2007,3,1,4,1,1,1,1,1,1,1,1,5,1,1,9,6,1,1,26,2,2
8,42,3,7,2007,2,1,1,2,2,1,1,1,1,1,1,5,1,1,10,6,1,1,,2,2
8,42,3,7,2007,2,1,4,1,1,1,1,1,1,1,1,5,1,1,9,6,1,1,50,2,2
8,42,2,9,2007,1,1,1,2,2,1,3,1,1,1,1,5,1,1,14,6,1,1,,2,2
8,42,3,10,2007,1,1,1,1,1,1,3,1,1,1,1,5,1,1,10,6,1,1,,2,2
9,42,2,1,2007,2,3,4,2,1,1,1,1,1,1,1,5,1,1,9,6,1,1,,2,2
9,42,2,1,2007,3,3,4,1,1,1,1,1,1,1,1,5,1,1,9,6,1,1,28,2,2
9,42,4,1,2007,1,3,4,2,1,1,3,1,1,1,1,5,1,1,14,6,1,1,,2,2
9,42,4,2,2007,1,1,1,1,1,1,3,1,1,1,1,5,1,1,14,6,1,1,,2,2
9,42,4,2,2007,4,7,4,1,1,1,3,1,1,1,1,5,1,1,14,6,1,1,,2,2
9,42,4,3,2007,2,1,1,1,1,1,1,1,1,1,1,5,1,1,5,6,1,1,40,2,2
9,42,4,3,2007,1,1,1,1,1,1,2,1,1,1,1,5,1,1,9,6,1,1,,2,2
9,42,4,4,2007,4,1,1,1,1,1,3,1,1,1,1,5,1,1,,6,1,1,,2,2
9,42,4,4,2007,1,1,1,1,1,1,2,1,1,1,1,5,1,1,,6,,,,,
9,42,2,4,2007,4,1,4,1,1,1,3,1,1,1,1,5,1,1,14,6,,,40,2,2
9,42,3,6,2007,3,1,4,1,1,1,1,1,1,1,1,5,1,1,7,6,1,1,24,2,2
9,42,4,7,2007,1,3,1,2,2,1,3,1,1,1,1,5,1,1,14,6,1,1,40,2,2
9,42,3,8,2007,2,1,4,1,1,1,1,1,1,1,1,5,1,1,7,6,1,1,28,2,2
9,42,4,9,2007,1,1,1,2,2,1,2,1,1,1,1,5,1,1,,6,,,,,
10,42,4,1,2007,2,1,1,2,1,1,1,1,1,1,1,5,1,1,14,6,,,,2,2
10,42,3,1,2007,2,1,1,2,2,1,1,1,1,1,1,5,1,1,19,6,,,,2,2
10,42,4,2,2007,1,1,1,2,2,1,3,1,1,1,1,1,1,1,14,6,,,,2,2
10,42,4,3,2007,1,1,1,1,1,1,3,1,1,1,1,5,1,1,,6,,,,,
10,42,4,3,2007,3,1,1,2,2,1,1,1,1,1,1,5,1,1,14,6,,,,2,2
10,42,3,3,2007,2,1,1,2,1,1,1,1,1,1,1,5,1,1,19,6,,,25,,2
10,42,4,4,2007,4,1,1,2,2,1,3,1,1,1,1,5,1,1,5,6,,,,2,2
10,42,2,4,2007,1,3,4,1,1,1,3,1,1,1,1,5,1,1,14,6,,,,2,2
10,42,4,4,2007,4,1,1,2,2,1,3,1,1,1,1,5,1,1,19,6,,,,2,2
10,42,4,4,2007,4,3,4,2,2,1,3,1,1,1,1,5,1,1,14,6,,,,2,2
10,42,2,5,2007,1,1,1,2,2,1,3,1,1,1,1,5,1,1,14,6,,,29,2,2
10,42,4,5,2007,2,1,1,1,1,1,1,1,1,1,1,5,1,1,14,6,,,,2,2
10,42,4,5,2007,2,1,1,2,2,1,1,1,1,1,1,5,1,1,6,6,,,20,2,2
11,42,4,3,2007,2,1,4,1,1,1,2,1,1,1,1,5,1,1,9,6,,,,2,2
11,42,4,3,2007,2,5,4,1,1,1,2,1,1,1,1,5,1,1,9,6,1,7,32,2,2
11,42,4,4,2007,4,1,1,1,1,1,2,1,1,1,1,1,1,1,14,6,,,,,2
11,42,3,4,2007,2,1,1,1,1,1,1,1,1,1,1,5,1,1,19,6,,,30,2,2
11,42,4,4,2007,4,1,1,1,1,1,3,1,1,1,1,5,1,1,9,6,,,,2,2
11,42,4,10,2007,1,1,1,2,1,1,1,3,1,1,1,5,1,1,14,6,1,7,,2,2