Thana,District,Accident_Severity,Month,Year,Time,Junction_Type,Traffic_Control,Movement,Divider,Weather,Light,Road_Geometry,Surface_Condition,Surface_Type,Surface_Quality,Road_Class,Road_Feature,Location_Type,Vehicle_Type,Vehicle_Movement,Vehicle_Loading,Vehicle_Defect,Vehicle_Driver_Age,Vehicle_Alcohol,Vehicle_Seat_Belt
33,42,4,10,2007,1,7,4,1,1,1,3,1,1,1,1,1,1,1,9,6,,,,,2
33,42,4,10,2007,2,1,1,2,2,1,1,1,1,1,1,1,1,1,,6,,,,,
33,42,4,11,2007,2,1,4,2,1,1,1,1,1,1,1,5,1,1,,6,,,,,
33,42,4,10,2007,2,1,4,2,1,1,1,1,1,1,1,5,1,1,14,6,,,,,2
33,42,4,11,2007,3,1,4,2,1,1,1,1,1,1,1,5,1,1,9,6,,,,2,2
33,42,4,11,2007,3,1,1,2,1,1,1,1,1,1,1,1,1,1,9,6,,,32,,2
33,42,4,11,2007,2,1,4,2,1,1,2,1,1,1,1,1,1,1,9,6,,,,,2
33,42,4,12,2007,2,3,4,2,1,1,1,1,1,1,1,5,1,1,,6,,,,,
33,42,4,12,2007,1,1,1,2,1,1,2,1,1,1,1,1,1,1,6,6,,,,,2
33,42,4,12,2007,2,1,4,2,1,1,1,1,1,1,1,1,1,1,6,,,,,,
33,42,4,12,2007,3,7,4,1,1,1,1,1,1,1,1,5,1,1,,6,,,,,
33,42,4,12,2007,3,1,4,2,1,1,1,1,1,1,1,5,1,1,9,6,,,25,,2
33,42,3,12,2007,3,1,1,2,1,1,1,1,1,1,1,1,1,1,9,6,,,35,,2
1,21,4,4,2007,2,1,1,1,2,1,1,1,1,1,1,3,1,2,7,6,1,1,38,2,2
1,21,3,6,2007,3,1,1,2,2,2,1,1,2,1,1,1,1,2,14,6,1,1,40,2,2
1,21,4,7,2007,1,1,1,1,2,1,1,1,1,1,1,1,1,2,14,6,1,1,,1,2
1,21,4,7,2007,4,1,8,1,2,1,4,1,1,1,1,1,1,2,9,6,1,1,,2,2
3,21,4,1,2007,3,7,1,2,2,1,1,2,1,1,1,4,1,2,19,11,1,7,21,2,2
3,21,4,3,2007,2,1,1,2,2,1,1,1,1,1,1,1,1,1,9,8,1,6,,2,2
3,21,4,5,2007,2,1,3,1,2,1,1,1,1,1,1,1,1,2,9,11,1,1,,2,2
3,21,3,5,2007,3,1,1,1,2,1,4,1,1,1,1,1,1,2,14,8,1,1,,2,2
5,21,4,2,2007,3,1,2,1,2,1,1,1,1,1,1,3,1,2,14,6,1,1,40,2,2
5,21,3,3,2007,3,7,8,1,2,1,1,1,1,1,1,3,1,2,19,11,1,7,,2,2
2,21,4,2,2007,3,7,8,1,2,1,1,1,1,1,1,4,1,2,19,11,1,1,28,2,2
4,21,4,3,2007,3,1,1,2,1,1,1,1,1,1,1,2,1,2,11,6,1,1,,2,2
4,21,4,6,2007,3,1,1,2,2,1,1,1,1,1,1,3,1,2,9,6,1,7,,2,2
1,19,4,3,2007,2,7,3,2,2,1,1,1,1,1,1,2,1,1,14,6,1,1,25,2,2
1,23,4,1,2007,3,1,1,1,2,1,1,1,1,1,1,2,1,2,9,2,1,1,,2,2
5,26,4,6,2007,3,1,1,2,1,1,1,1,1,1,1,1,1,1,14,6,2,1,,2,2
6,26,4,4,2007,4,1,1,1,2,1,4,1,1,1,1,4,1,2,4,,,,,,
2,26,3,1,2007,2,4,1,2,2,1,1,4,1,3,1,4,1,2,4,,,,,,
8,26,4,1,2007,2,1,1,1,2,1,1,1,1,1,1,4,1,2,9,9,1,1,,2,2
1,26,4,3,2007,2,7,1,1,2,1,1,1,1,1,1,2,1,2,8,6,1,1,,2,2
7,26,4,4,2007,2,1,1,1,2,1,1,2,1,1,1,3,1,2,8,2,1,1,26,2,2
7,26,4,5,2007,3,2,1,1,2,1,1,1,1,1,1,3,1,2,14,5,1,1,,2,2
4,26,4,3,2007,4,1,1,2,1,1,1,1,1,1,1,1,1,2,,,,,,,
4,26,4,3,2007,3,2,8,2,2,1,1,2,1,1,1,1,1,2,4,6,1,1,24,2,2
1,22,4,1,2007,4,1,1,2,1,4,4,2,1,1,3,1,2,,5,6,1,1,30,2,2
1,22,4,2,2007,2,3,8,2,2,1,1,1,1,1,1,1,1,2,14,11,1,1,37,2,2
1,22,4,7,2007,3,1,3,2,2,1,1,1,1,1,1,1,1,1,9,6,1,1,45,2,2
4,22,4,1,2007,3,3,1,2,2,1,1,1,1,3,1,4,1,2,14,6,1,1,,2,2
3,22,4,6,2007,4,3,1,1,2,1,2,1,1,1,2,1,1,2,9,6,1,1,,2,2
2,22,4,1,2007,4,7,1,2,2,1,3,1,1,1,1,4,1,2,14,1,1,1,,2,2
1,25,4,2,2007,3,1,1,2,2,1,2,1,1,1,1,4,1,2,19,6,2,1,,2,2
1,25,4,5,2007,2,1,1,2,2,1,1,1,1,1,3,1,2,2,9,6,1,1,,2,2
1,25,4,5,2007,4,1,2,2,2,1,3,1,1,1,1,1,1,1,14,,,,,,
1,25,4,7,2007,3,3,1,2,2,1,1,1,1,1,1,1,1,2,,,,,,,
7,25,4,7,2007,1,1,8,1,2,1,2,1,1,1,1,1,1,2,7,6,1,7,44,2,2
6,25,4,7,2007,2,1,4,1,2,1,1,1,1,1,1,2,1,2,8,6,1,1,25,2,2
3,25,4,7,2007,2,1,1,2,2,1,1,1,1,1,1,2,1,2,4,6,1,1,,2,2
4,20,4,5,2007,4,1,1,2,1,1,4,3,2,2,2,4,1,2,19,6,1,1,20,2,2
4,20,4,5,2007,2,1,1,2,2,1,1,1,1,1,1,4,1,1,4,6,1,1,20,2,2
4,20,4,7,2007,3,1,1,2,2,1,1,2,1,1,1,1,1,2,9,2,1,1,,2,2
4,20,4,8,2007,3,1,1,1,2,2,1,1,2,1,1,4,1,2,9,2,1,1,40,2,2
2,20,3,3,2007,2,1,1,1,2,1,1,1,1,1,1,2,1,2,9,6,1,1,,2,2
2,20,4,5,2007,3,1,1,1,2,1,1,1,1,1,1,2,1,2,10,6,,,,2,2
2,20,4,7,2007,3,1,1,1,2,1,1,1,1,1,1,3,1,2,14,6,1,1,22,2,2
2,20,4,8,2007,2,1,1,2,2,2,1,2,2,1,1,3,1,2,9,6,1,1,45,2,2
1,20,4,3,2007,3,1,1,2,2,1,1,1,1,1,1,4,1,2,19,1,1,1,,2,2
1,20,4,4,2007,1,1,1,2,2,1,1,1,1,1,1,4,1,2,9,4,1,1,,2,2
1,20,1,7,2007,3,1,2,1,2,1,1,1,1,1,1,4,1,2,9,6,1,1,,2,2
1,20,4,8,2007,4,1,1,1,2,2,3,4,1,1,1,1,1,2,9,8,1,1,,2,2
4,23,4,10,2007,3,7,1,1,2,1,1,1,1,1,1,3,1,2,9,6,1,7,35,2,2
6,26,4,11,2007,2,1,1,1,2,1,1,1,1,2,2,3,1,2,4,6,1,1,26,2,2
7,26,4,11,2007,2,1,8,1,2,1,1,1,1,1,2,2,1,2,,,,,,,
5,26,4,8,2007,3,1,2,1,2,1,1,1,1,1,1,1,1,2,9,6,1,1,,2,2
5,26,4,11,2007,2,1,8,1,2,1,2,1,1,1,1,1,1,2,9,6,1,1,,2,2
2,20,4,9,2007,3,1,1,1,2,1,1,3,1,1,1,2,1,2,6,6,2,1,,2,2
7,24,4,6,2007,2,1,1,2,2,1,1,1,1,1,1,2,1,2,9,6,1,1,35,2,2
8,24,1,6,2007,1,3,1,1,2,1,1,1,1,1,2,2,1,2,9,6,1,1,32,2,2
5,24,4,7,2007,2,1,1,2,2,1,1,1,1,1,1,2,1,1,9,6,1,1,,2,2
1,24,1,4,2007,1,2,1,2,2,1,1,1,1,1,1,1,1,2,14,9,1,1,,2,2
1,24,4,4,2007,3,1,1,2,2,1,1,1,1,1,1,1,1,2,4,6,1,1,24,2,2
1,24,3,4,2007,2,1,1,2,2,1,1,1,1,1,1,1,2,,9,6,1,1,40,2,2
1,24,4,6,2007,3,1,1,2,2,1,1,1,1,1,1,1,1,2,14,6,1,1,,2,2
1,24,4,8,2007,3,1,1,1,2,1,1,1,1,1,1,1,1,2,9,6,1,3,,2,2
1,24,1,8,2007,2,1,1,1,2,1,1,1,1,1,1,1,2,2,14,5,1,1,,2,2
3,21,4,9,2007,3,1,1,1,2,1,1,1,1,1,1,2,1,2,19,6,1,1,,2,2
3,21,4,10,2007,2,1,3,1,2,1,1,1,1,1,1,1,1,2,9,6,1,1,,2,2
3,21,4,10,2007,3,1,1,1,2,1,1,1,1,1,1,1,1,2,9,6,1,1,40,2,2
3,21,4,10,2007,3,1,1,1,2,1,1,1,1,1,1,1,1,2,9,6,1,1,,2,2
3,21,4,11,2007,3,1,1,1,2,1,1,1,1,1,1,1,1,2,14,6,1,1,,2,2
3,21,4,11,2007,2,1,1,1,2,1,1,1,1,1,1,1,1,2,9,6,1,1,,2,2
1,19,4,9,2007,3,1,3,2,2,1,1,1,1,1,1,3,1,2,19,6,1,1,35,2,2
2,19,4,11,2007,2,1,1,1,2,1,1,1,1,1,1,2,1,2,4,6,1,1,,2,2
1,22,1,11,2007,3,2,8,2,2,1,1,1,1,1,1,1,1,2,14,5,1,1,32,2,2
1,22,4,11,2007,4,1,1,2,2,1,3,1,1,1,1,1,1,1,14,6,1,1,35,2,2
1,22,4,12,2007,3,7,1,2,2,1,1,1,1,1,1,1,1,1,9,6,1,1,,2,2
1,20,4,12,2007,2,7,3,1,2,1,1,1,1,1,1,4,1,2,8,6,1,1,,2,2
1,20,4,12,2007,2,7,8,2,2,1,1,1,1,1,1,2,1,2,8,6,1,1,,2,2
2,20,4,9,2007,3,1,1,1,2,1,1,3,1,1,2,3,1,2,19,6,1,1,,2,2
5,29,4,1,2007,2,1,1,1,2,1,1,1,1,1,1,1,1,2,7,6,1,1,,2,2
5,29,3,1,2007,3,1,1,1,2,1,1,3,1,1,1,3,1,2,14,6,1,1,27,2,2
5,29,4,4,2007,1,1,1,1,2,1,4,1,1,1,1,1,1,1,12,6,1,1,,2,2
5,29,3,6,2007,2,1,1,1,2,1,1,1,1,1,1,1,1,2,12,6,2,1,,2,2
5,29,4,10,2007,3,7,2,2,1,1,1,1,1,1,1,1,1,2,16,11,1,1,,2,2
8,29,4,10,2007,2,1,1,2,1,1,1,1,1,1,1,4,1,2,4,6,1,1,,2,2
8,29,4,11,2007,2,1,1,2,2,1,1,1,1,1,1,1,1,2,14,6,1,1,,2,2
1,24,4,9,2007,1,2,5,1,1,1,1,1,1,1,1,1,1,2,9,6,1,1,,2,2
1,24,4,11,2007,3,3,1,1,2,1,1,1,1,1,1,1,1,2,9,6,1,1,,2,2
2,24,4,11,2007,3,3,1,1,2,1,1,1,1,1,1,2,1,2,12,6,2,1,,2,2
2,24,3,10,2007,2,1,1,1,2,1,1,1,1,1,1,1,1,1,9,6,2,1,,2,2
2,24,4,11,2007,3,1,1,1,2,1,1,1,1,1,1,1,1,2,14,6,1,1,,2,2
2,24,4,9,2007,2,1,1,1,2,1,1,1,1,1,1,1,1,2,9,6,2,1,32,2,2
1,18,4,12,2007,3,7,1,2,2,1,1,1,1,1,1,1,1,2,9,6,2,1,54,2,2
1,18,4,11,2007,2,1,8,1,2,1,1,1,1,1,1,1,1,1,9,6,1,1,30,2,2
1,18,4,10,2007,3,1,8,1,2,1,1,1,1,1,1,1,1,2,9,6,1,1,,2,2
1,18,4,10,2007,2,7,1,1,2,1,1,1,1,1,1,1,1,2,7,6,1,1,,2,2
1,18,1,11,2007,2,1,1,1,2,1,1,1,1,1,1,1,1,1,8,6,1,1,,2,2
4,18,3,11,2007,3,1,1,1,2,1,1,1,1,1,1,3,1,2,14,6,1,1,,2,2
4,18,4,10,2007,2,1,1,1,2,1,1,1,1,1,1,3,1,2,5,6,1,1,,2,2
4,18,4,12,2007,2,1,1,2,2,1,1,1,1,1,1,2,1,2,,,,,,,
6,18,3,11,2007,2,3,1,2,2,1,1,1,1,1,1,1,1,2,12,6,1,1,,2,2
2,18,4,11,2007,3,1,2,2,1,1,1,1,1,1,1,2,1,2,14,6,1,1,,2,2
3,18,4,9,2007,3,1,8,2,2,1,1,1,1,1,1,3,1,2,19,6,1,1,30,2,2
1,25,4,8,2007,3,1,1,2,2,1,1,1,1,1,1,1,1,2,12,6,1,1,,2,2
1,25,4,9,2007,3,1,1,1,2,1,1,1,1,1,1,1,1,2,9,6,1,1,,2,2
4,25,4,11,2007,3,1,1,1,2,1,1,1,1,1,1,3,1,2,14,6,1,1,40,2,2
9,26,4,12,2007,3,1,1,2,2,1,1,1,1,1,1,2,1,2,6,6,1,1,28,2,2
7,26,3,12,2007,3,4,1,1,2,1,1,1,1,2,1,4,1,2,4,6,1,1,,2,2
2,28,3,10,2007,2,1,1,1,2,1,1,1,1,1,1,1,1,1,9,6,2,,,,
1,22,4,8,2007,3,1,1,2,1,1,1,1,2,1,1,1,1,2,14,2,1,2,,,
1,23,2,2,2007,4,1,1,2,2,1,2,1,1,1,1,2,1,1,9,6,1,1,45,,2
1,22,4,9,2007,3,3,2,2,1,1,1,1,1,1,1,1,1,2,9,6,1,1,,2,2
1,22,4,7,2007,3,1,1,1,,1,1,1,1,1,1,1,1,2,9,,,,,2,2
1,29,4,2,2007,3,1,1,2,1,1,1,1,1,1,1,1,2,1,9,6,2,,,,2
1,29,4,8,2007,3,1,1,2,2,1,1,1,1,1,1,2,1,2,12,5,1,1,42,2,2
3,29,4,1,2007,3,2,1,2,2,1,1,1,1,1,1,1,1,2,7,5,1,7,,2,2
3,29,4,4,2007,3,4,1,2,,1,1,1,1,1,1,1,,2,9,6,2,,,2,2
3,29,4,5,2007,3,1,1,2,2,1,1,2,1,1,1,1,1,2,12,9,1,6,32,,2
3,29,4,8,2007,1,1,1,2,2,1,1,1,1,1,1,1,1,2,8,8,1,7,33,,
2,29,4,3,2007,3,1,1,2,2,1,1,1,1,1,1,4,1,2,8,6,1,3,45,1,2
2,29,4,9,2007,2,1,1,1,2,1,1,1,1,1,1,2,2,2,8,5,2,,,1,2
9,29,3,6,2007,2,1,1,2,2,1,1,1,1,1,1,4,1,2,4,6,1,7,,,2
8,29,4,2,2007,2,1,1,2,2,1,1,1,1,1,1,4,1,2,13,6,1,7,,2,2
1,22,4,12,2007,3,1,1,2,2,1,1,1,1,1,1,1,,,9,6,,7,,2,2
3,20,4,5,2007,4,1,1,1,2,1,2,1,1,1,1,4,1,2,18,11,1,1,,2,2
2,20,3,9,2007,3,1,1,2,2,1,1,1,1,1,1,2,1,2,14,6,1,1,,2,2
3,20,4,11,2007,2,1,1,2,1,1,1,1,1,1,1,,1,2,9,,1,5,,2,2
5,18,3,7,2007,3,,8,1,,2,1,1,2,1,2,4,1,2,,,,,,1,2
5,18,3,8,2007,3,,3,2,2,1,1,1,1,1,1,1,1,2,12,,,,,2,2
1,18,4,7,2007,2,2,3,2,2,1,3,1,1,1,1,1,1,1,14,3,1,1,38,2,2
1,18,4,6,2007,2,3,3,2,2,1,1,1,1,1,1,2,,,14,,,,,2,2
1,18,4,3,2007,3,2,3,2,2,3,1,1,2,1,1,5,1,1,13,1,2,7,38,1,2
1,18,4,4,2007,2,,3,1,2,1,1,1,1,1,1,1,1,2,17,6,2,7,35,1,2
1,18,4,2,2007,2,,3,1,,1,3,1,1,1,1,1,1,2,9,6,1,7,,1,2
1,21,4,9,2007,2,1,1,2,2,1,1,1,1,1,3,1,1,,6,6,1,1,30,2,2
2,20,4,5,2007,4,1,1,2,2,1,3,1,1,1,1,4,1,2,6,,2,7,40,2,2
1,20,4,3,2007,2,1,1,2,2,1,1,1,1,1,1,2,1,2,9,6,1,1,,2,2
2,28,4,2,2007,3,1,1,2,2,1,1,1,1,1,1,5,1,1,11,6,1,1,,2,2
3,28,4,3,2007,4,7,1,2,2,1,2,1,1,1,1,1,1,1,5,11,1,1,,2,2
3,28,4,2,2007,1,1,8,2,2,1,3,1,1,1,1,1,1,1,10,1,1,7,,1,2
5,28,4,2,2007,3,7,1,2,2,1,1,1,1,1,1,2,1,2,8,11,1,1,40,1,2
1,28,3,8,2007,3,7,8,1,2,1,1,1,1,1,1,5,1,1,9,8,1,7,25,2,2
2,28,4,10,2007,3,7,8,2,2,1,1,1,1,1,1,5,1,1,9,11,2,7,,1,2
2,28,4,10,2007,3,1,1,2,2,1,1,1,1,1,1,5,1,1,9,11,1,1,30,1,2
5,28,4,6,2007,3,1,1,1,2,1,1,1,1,1,1,3,1,1,9,6,1,1,,1,2
5,28,4,12,2007,2,7,1,1,2,1,1,1,1,1,1,3,1,1,9,6,1,1,,1,2
4,28,1,7,2007,4,1,8,1,2,1,3,1,1,1,1,1,1,1,9,5,1,1,23,1,2
4,28,4,9,2007,2,1,1,2,2,1,1,1,1,1,1,1,1,1,9,11,1,1,,1,2
4,28,4,9,2007,3,1,8,2,2,1,1,2,1,1,1,1,1,2,4,2,2,7,25,1,2
4,28,3,9,2007,4,1,6,2,2,1,3,1,1,1,1,1,1,1,4,6,1,1,40,1,2
4,28,4,9,2007,4,1,1,1,1,1,3,1,1,1,1,1,1,1,5,11,1,1,,1,2
4,28,4,10,2007,2,1,4,2,1,1,1,1,1,1,1,1,1,1,4,6,1,1,25,1,2
4,28,4,11,2007,3,1,8,1,2,1,1,2,2,1,1,5,1,1,14,1,1,1,,1,2
5,28,4,4,2007,2,3,1,2,2,1,1,1,1,1,1,1,1,2,9,6,1,1,45,1,2
5,28,4,4,2007,2,3,1,2,2,1,1,1,1,1,1,1,1,2,12,8,1,1,,2,1
3,28,4,10,2007,3,2,1,2,2,1,1,1,1,1,1,1,1,1,9,6,1,1,35,2,2
1,28,4,8,2007,3,7,1,2,2,1,1,1,1,1,1,5,1,1,14,6,1,7,30,2,2
1,28,3,12,2007,4,2,5,2,1,4,3,1,1,1,1,5,1,1,4,4,1,1,20,2,2
5,28,4,3,2007,2,7,1,2,2,1,1,4,1,1,1,5,1,1,9,11,1,1,56,2,2
1,28,4,10,2007,4,7,1,2,2,2,3,1,2,1,2,5,1,1,1,1,1,1,,2,2
1,28,3,5,2007,2,7,1,1,1,1,2,2,1,1,1,2,1,1,13,1,1,7,47,2,2
1,28,1,1,2007,2,7,1,1,2,1,1,1,1,1,1,1,1,1,10,7,1,1,,2,2
5,28,4,2,2007,3,1,1,2,2,1,1,1,1,1,1,,1,1,11,6,1,1,,2,
5,28,4,3,2007,2,1,1,2,2,1,1,1,1,1,1,5,1,1,9,6,1,1,,2,2
5,28,4,10,2007,3,3,8,1,1,1,1,1,1,1,1,5,1,1,9,6,2,7,,2,2
5,28,4,10,2007,4,3,8,2,2,1,2,4,1,1,1,1,1,1,5,6,1,7,30,2,2
5,28,4,12,2007,4,1,8,2,2,1,3,1,1,1,1,1,1,1,5,6,1,7,,2,2
5,1,3,8,2007,2,1,1,2,1,1,1,1,1,1,1,5,1,1,2,5,1,7,,2,2
5,28,1,11,2007,2,1,8,2,1,1,1,1,1,1,1,5,1,1,10,6,1,2,20,2,2
2,28,4,9,2007,1,1,1,2,2,1,1,1,1,1,1,1,1,1,5,6,1,7,,2,2
2,28,3,9,2007,3,1,1,2,2,1,1,1,1,1,1,5,1,1,14,11,1,7,,1,2
2,28,4,9,2007,3,1,8,2,2,1,1,2,1,1,1,1,1,2,8,2,2,7,25,2,2
2,28,4,9,2007,2,1,1,2,2,1,1,3,1,1,2,2,1,1,9,6,1,7,40,2,2
2,28,3,9,2007,4,1,6,2,2,1,3,1,1,1,1,1,1,1,4,6,,4,40,2,2
2,28,4,9,2007,3,1,1,2,2,1,3,1,1,1,,1,1,1,5,6,1,7,,2,2
2,28,4,6,2007,4,3,1,2,1,2,3,1,2,1,1,1,1,1,14,6,1,7,,2,2
2,28,4,10,2007,2,1,4,2,1,1,1,1,1,1,1,1,1,1,1,6,1,2,25,2,2
2,28,4,11,2007,3,1,8,1,2,1,1,2,1,1,1,5,1,1,14,1,1,1,,2,2
4,28,4,2,2007,1,1,1,2,,1,1,1,1,1,1,2,1,2,7,1,1,7,,2,2
4,28,4,3,2007,2,3,1,2,2,1,4,1,1,1,1,5,1,1,9,6,1,7,56,2,2
4,28,4,6,2007,3,1,1,2,2,1,1,1,1,1,1,3,1,1,9,6,1,1,,1,2
5,13,4,7,2007,1,7,4,1,2,1,4,1,1,1,1,2,1,2,14,11,1,1,,2,2
5,13,4,7,2007,2,4,1,2,2,1,1,1,1,1,1,3,1,2,9,6,1,7,40,2,2
5,13,4,7,2007,2,3,4,2,2,1,1,1,1,1,1,3,1,2,14,2,1,7,,2,2
5,13,4,7,2007,4,3,1,2,2,1,2,2,1,1,1,4,1,2,14,6,1,7,,2,2
5,13,4,7,2007,3,7,1,2,2,2,1,1,2,1,1,2,1,2,8,6,1,1,,2,2
5,13,4,7,2007,2,1,8,2,2,1,1,1,1,1,1,3,1,2,9,6,1,7,,1,2
8,13,4,7,2007,1,1,1,2,2,1,4,1,1,1,1,1,1,2,14,1,1,7,,2,2
1,15,4,1,2007,3,1,1,2,2,1,1,1,1,1,1,4,1,2,6,11,1,7,18,2,2
1,15,4,2,2007,1,4,1,2,2,1,4,1,1,1,1,1,1,2,9,6,1,7,,2,2
1,15,4,2,2007,2,1,8,2,2,1,1,1,1,1,1,1,1,1,8,6,1,7,43,2,2
1,15,1,3,2007,3,1,1,2,2,1,1,1,1,1,1,1,1,2,7,6,1,1,,1,2
1,15,4,3,2007,2,1,1,2,2,2,1,1,2,1,1,1,1,2,19,11,1,7,,2,2
1,15,2,3,2007,1,7,8,2,1,1,4,1,1,1,1,1,1,1,19,11,1,7,,2,2
6,15,2,3,2007,2,3,2,2,2,1,1,3,1,1,1,1,1,1,14,4,1,1,35,2,2
6,15,1,6,2007,3,1,1,2,2,1,1,1,1,1,1,3,1,2,4,6,1,7,,2,2
2,15,4,3,2007,3,3,1,2,2,1,1,1,1,1,1,2,1,2,19,11,1,1,45,2,2
3,15,4,1,2007,2,1,1,2,2,1,1,1,1,1,1,2,1,2,11,6,1,1,45,2,2
3,15,4,2,2007,2,1,1,2,2,1,1,1,1,1,1,3,1,2,7,11,1,5,30,2,2
3,15,4,4,2007,3,1,3,1,2,1,1,1,1,1,1,3,1,2,14,6,1,1,,2,2
3,15,4,4,2007,2,1,1,2,2,1,1,1,1,1,1,1,1,2,19,5,1,7,28,2,2
4,15,4,1,2007,2,7,1,2,2,1,1,1,1,1,1,3,1,2,9,6,1,1,45,2,2
4,15,4,3,2007,2,1,3,2,2,1,1,1,1,1,1,3,1,1,9,6,1,7,,2,2
5,13,4,3,2007,2,1,1,1,2,1,1,3,1,1,1,4,1,2,8,6,1,7,32,2,2
8,13,4,4,2007,1,7,8,1,2,1,4,2,1,3,1,2,4,2,19,6,1,1,,2,2
8,13,3,4,2007,2,3,1,1,1,1,1,1,1,1,1,1,1,2,6,6,1,7,,2,2
12,9,3,5,2007,2,1,1,2,2,1,1,1,1,1,1,1,1,2,13,11,1,7,,1,2
1,12,4,4,2007,4,3,8,1,2,1,4,2,1,1,1,4,1,2,14,11,1,1,22,2,2
12,9,4,4,2007,3,1,1,2,2,1,1,1,1,1,1,3,1,2,9,6,1,7,,2,2
4,12,4,2,2007,2,7,1,2,2,1,1,1,1,1,1,3,1,2,9,11,1,1,34,2,2
4,12,4,3,2007,4,7,3,1,2,1,1,1,1,1,1,3,1,2,9,6,1,1,26,2,2
4,12,4,3,2007,4,7,3,1,2,1,2,2,1,1,1,4,1,2,19,6,2,7,21,2,2
1,12,4,5,2007,3,1,1,2,2,1,1,1,1,1,1,2,1,2,12,6,1,7,50,2,2
12,9,4,2,2007,1,1,1,1,2,4,4,2,1,1,1,1,1,,9,6,1,7,50,2,2
10,9,4,2,2007,1,1,1,2,2,4,4,2,1,1,1,1,1,1,19,11,1,7,,2,2
8,13,4,2,2007,4,1,3,1,1,4,4,1,1,1,1,1,1,1,19,6,1,7,,1,2
8,13,4,2,2007,1,3,3,1,2,1,2,1,1,1,1,1,1,1,9,6,1,4,28,2,2
8,13,4,2,2007,2,3,1,2,1,1,1,1,1,1,1,1,1,1,8,4,1,7,32,2,2
8,13,4,2,2007,2,1,1,1,1,1,1,1,1,1,1,1,1,1,14,7,2,7,,2,2
8,13,4,2,2007,2,7,1,2,2,1,1,1,1,1,1,1,1,1,9,6,1,7,,2,2
8,13,3,2,2007,3,3,6,2,1,1,1,1,1,1,1,1,1,1,9,5,1,1,,2,2
8,13,3,2,2007,3,3,2,2,1,1,1,1,1,1,1,1,1,1,19,6,1,1,25,2,2
3,13,4,2,2007,3,3,1,2,2,1,1,1,1,1,1,2,1,2,14,6,1,7,,2,2
1,12,3,6,2007,3,7,1,2,2,1,2,1,1,1,1,2,1,1,7,6,1,1,20,2,2
8,13,1,6,2007,3,1,1,1,1,1,1,1,1,1,1,1,1,1,9,11,1,7,40,2,2
8,13,1,6,2007,1,1,8,2,2,1,2,1,1,1,1,3,1,2,13,1,1,1,,2,2
8,13,4,6,2007,4,7,1,2,2,1,4,1,1,1,1,1,1,1,19,11,1,1,,2,2
1,15,4,7,2007,2,4,1,2,2,1,1,1,1,1,1,1,1,1,14,10,1,5,45,2,2
6,15,4,5,2007,2,3,3,2,2,1,1,1,1,1,1,1,1,1,14,6,1,7,,2,2
6,15,4,5,2007,3,7,3,2,2,1,1,1,1,1,1,1,1,1,8,6,1,7,,2,2
6,15,4,6,2007,2,1,1,2,2,1,1,1,1,1,1,1,1,1,14,6,1,7,32,1,2
3,15,1,4,2007,2,1,1,1,2,1,1,3,1,1,1,1,3,1,14,9,1,1,24,1,2
3,15,4,5,2007,1,1,1,2,2,1,4,1,1,1,1,3,1,2,9,6,1,7,45,2,2
3,15,4,5,2007,3,4,1,2,2,1,1,1,1,1,1,3,1,2,9,6,1,7,,2,2
4,15,4,5,2007,2,2,1,2,1,1,1,1,1,1,1,1,1,,14,6,1,7,45,2,2
5,15,4,7,2007,3,7,7,1,2,1,1,1,1,1,1,2,1,2,14,6,1,1,31,2,2
12,3,3,2,2007,4,1,1,2,2,1,2,1,1,1,1,2,1,2,16,4,1,1,36,2,2
3,3,4,2,2007,2,1,1,1,2,1,1,1,1,1,1,3,1,2,8,6,1,7,46,2,2
3,3,4,2,2007,3,7,1,2,2,1,1,1,1,1,1,2,1,2,13,6,1,1,40,2,2
13,3,3,2,2007,4,1,1,2,2,1,3,1,1,1,1,3,1,2,14,8,1,7,,2,2
6,3,4,3,2007,2,7,1,2,2,1,2,1,1,1,1,2,1,2,9,11,1,7,,2,2
12,3,4,3,2007,3,1,1,1,2,1,1,1,1,1,1,3,1,2,17,6,1,7,23,2,2
4,12,4,7,2007,2,7,3,1,2,2,1,1,2,1,1,3,1,2,19,6,1,7,25,2,2
5,15,4,7,2007,2,1,3,1,2,1,1,1,1,1,1,4,1,2,7,11,1,7,30,2,2
2,13,4,5,2007,2,1,1,1,2,1,1,1,1,1,1,2,1,2,5,6,1,7,25,2,2
9,3,4,5,2007,3,7,3,2,2,1,1,1,1,1,1,3,1,2,14,6,1,1,37,2,2
7,3,4,5,2007,2,1,1,1,2,1,1,1,1,1,1,2,1,2,14,6,1,7,,2,2
2,12,4,5,2007,3,7,1,2,2,1,1,1,1,1,1,3,1,1,13,6,1,7,,2,2
2,12,4,5,2007,4,7,1,1,2,1,1,1,1,1,1,2,1,1,14,6,1,7,,2,2
4,3,4,4,2007,2,7,1,1,2,1,1,1,1,1,1,2,1,2,13,6,1,,37,2,2
5,16,3,3,2007,2,1,1,2,2,1,1,1,1,1,1,2,1,2,19,6,1,1,,2,2
1,16,4,3,2007,2,1,1,2,2,1,1,1,1,2,2,2,1,2,13,6,1,1,35,2,2
11,16,4,3,2007,2,1,1,2,2,4,4,1,1,1,1,2,1,2,19,11,1,7,,2,2
11,16,3,3,2007,3,1,1,1,2,2,1,1,2,1,1,3,1,2,19,11,2,7,,1,2