Thana,District,Accident_Severity,Month,Year,Time,Junction_Type,Traffic_Control,Movement,Divider,Weather,Light,Road_Geometry,Surface_Condition,Surface_Type,Surface_Quality,Road_Class,Road_Feature,Location_Type,Vehicle_Type,Vehicle_Movement,Vehicle_Loading,Vehicle_Defect,Vehicle_Driver_Age,Vehicle_Alcohol,Vehicle_Seat_Belt
2,9,4,4,2007,3,7,3,2,2,1,1,1,1,1,1,2,1,1,14,6,1,7,40,2,2
4,9,4,5,2007,4,1,1,2,2,1,1,1,1,1,1,3,1,2,6,11,1,7,22,2,2
8,9,1,5,2007,2,4,1,2,2,1,1,2,1,1,1,4,1,2,8,3,1,1,30,2,2
3,9,4,5,2007,2,1,1,2,2,1,1,1,1,1,1,4,1,2,4,6,1,1,,2,2
7,9,4,5,2007,2,1,8,1,2,1,1,1,1,1,1,1,1,2,9,11,1,7,,2,2
7,9,4,6,2007,1,1,8,1,2,1,4,1,1,1,1,1,1,1,14,11,1,7,,2,2
9,7,1,4,2007,2,7,1,2,2,1,1,1,1,1,1,2,1,2,19,6,1,7,24,2,2
1,7,4,2,2007,2,1,1,2,2,1,1,1,1,1,1,5,1,2,9,11,1,7,,2,2
5,1,4,1,2007,2,7,1,2,2,1,1,1,1,1,1,2,1,2,17,6,1,1,,1,2
5,1,4,3,2007,4,1,3,2,2,1,2,1,1,1,1,4,1,2,4,6,1,7,,2,2
1,2,4,2,2007,3,1,1,1,2,1,1,1,1,1,1,2,1,2,8,6,1,1,41,2,2
5,2,4,2,2007,3,1,1,2,2,1,1,1,1,1,1,2,1,2,4,6,1,7,28,2,2
9,16,4,2,2007,3,2,1,2,2,1,1,1,1,1,1,1,1,1,9,6,2,1,37,1,2
1,16,4,2,2007,3,1,1,2,2,1,1,1,1,1,1,5,1,2,14,6,1,1,32,2,2
8,16,4,2,2007,2,2,1,2,2,1,1,1,1,1,1,3,1,2,9,6,1,7,,2,2
8,16,4,2,2007,1,2,3,2,2,1,2,1,1,1,1,3,1,2,9,6,1,7,,2,2
11,16,4,2,2007,2,7,1,1,2,4,1,1,1,1,1,1,2,,19,11,1,7,,1,2
11,16,3,2,2007,1,1,1,1,2,1,2,1,1,1,1,2,1,1,19,11,2,7,,2,2
1,2,4,5,2007,3,3,8,2,2,1,1,1,1,1,1,1,1,1,19,6,1,1,,1,2
1,2,4,5,2007,3,7,3,2,2,1,1,1,1,1,1,1,1,1,8,6,1,7,,2,2
1,2,3,3,2007,3,1,1,2,2,1,1,1,1,1,1,1,1,1,14,6,1,1,40,2,2
2,2,4,4,2007,3,1,1,2,2,1,1,2,1,3,2,2,1,2,17,6,2,7,,2,2
4,2,4,4,2007,3,2,8,2,2,1,1,1,1,1,1,2,1,1,14,6,1,1,33,2,2
2,2,4,1,2007,3,1,1,2,2,1,1,1,1,1,1,2,1,2,17,6,1,7,45,1,2
5,16,4,1,2007,3,7,8,2,2,1,1,1,1,1,1,2,1,2,9,6,1,7,30,1,2
1,16,4,1,2007,3,3,1,1,2,1,1,1,1,1,1,3,1,2,14,6,1,7,,1,2
6,16,4,1,2007,3,7,8,1,2,1,1,4,5,3,2,3,1,2,13,11,1,7,42,2,2
10,16,1,1,2007,3,1,1,2,2,1,1,1,1,1,1,1,1,1,9,4,1,5,,2,2
10,16,1,1,2007,4,1,1,2,2,1,4,1,1,1,1,1,1,,9,6,1,7,,2,2
7,16,4,1,2007,3,1,1,2,2,1,1,1,1,1,1,1,1,1,9,6,1,7,,2,2
11,16,3,1,2007,2,1,1,2,2,1,2,1,1,1,1,1,1,1,13,6,1,7,,2,2
11,16,4,1,2007,2,1,1,2,2,4,2,1,1,1,1,1,1,1,13,6,1,5,35,2,2
11,16,4,1,2007,2,1,1,2,2,4,1,3,5,1,1,2,2,2,14,11,1,7,,2,2
7,7,4,4,2007,2,1,1,1,2,1,1,1,1,1,1,2,1,1,8,6,1,1,32,2,2
2,7,4,5,2007,4,7,1,1,2,1,2,1,1,1,1,2,1,2,14,11,1,1,,2,2
1,2,4,8,2007,2,1,1,1,2,1,1,1,1,1,1,1,1,1,9,6,1,7,45,2,2
10,7,4,1,2007,3,7,8,1,2,1,1,1,1,1,1,4,1,2,4,6,1,1,22,2,1
1,7,4,1,2007,2,7,3,2,2,1,1,1,1,1,1,1,1,1,14,6,1,7,38,2,2
3,10,4,3,2007,4,7,8,2,2,1,2,1,1,1,1,2,1,1,14,6,2,7,35,2,2
4,10,4,3,2007,2,1,1,2,2,1,1,1,1,1,1,2,1,1,13,6,1,7,,2,2
10,16,4,4,2007,1,7,1,2,2,1,2,1,1,1,1,2,1,1,19,6,1,7,,2,2
7,16,4,4,2007,1,1,3,2,2,1,4,1,1,1,1,3,1,2,4,4,1,7,,2,2
7,16,4,4,2007,1,1,3,2,2,1,2,3,1,1,1,3,1,2,9,6,1,7,,2,2
1,16,4,4,2007,2,7,3,1,2,1,2,1,1,1,1,4,1,1,13,11,1,7,45,2,2
1,16,4,4,2007,3,1,1,1,2,1,1,1,1,1,1,2,1,2,19,6,2,7,,2,2
6,16,4,4,2007,3,7,8,2,2,1,1,1,1,1,1,1,1,1,10,11,1,1,25,2,2
8,16,4,4,2007,2,3,1,1,2,1,2,2,1,1,1,3,1,2,9,11,2,3,35,2,2
12,9,4,1,2007,3,1,1,2,2,1,1,1,1,1,1,1,1,1,9,11,1,1,50,1,2
12,9,3,3,2007,2,7,8,2,2,1,1,1,1,1,1,2,1,2,14,6,1,1,,2,2
12,9,4,4,2007,3,7,8,2,2,1,1,1,1,1,1,1,1,1,9,11,1,7,40,2,2
7,9,4,1,2007,2,1,8,1,2,1,1,1,1,1,1,1,1,1,9,6,1,7,,2,2
12,9,4,10,2007,2,7,3,2,2,1,1,1,1,1,1,2,1,1,9,6,1,7,,2,2
1,9,4,11,2007,2,1,1,2,2,1,1,1,1,1,1,1,1,1,5,6,1,1,35,2,2
5,13,1,11,2007,2,7,8,2,2,1,1,1,1,1,1,2,1,1,9,11,1,7,,2,2
3,13,4,10,2007,3,7,8,2,2,1,1,2,1,1,1,4,1,2,8,2,1,7,,1,2
4,12,4,11,2007,2,1,1,2,2,1,3,1,1,1,1,3,1,2,6,6,1,7,,2,2
4,12,4,2,2007,2,7,1,2,2,1,1,1,1,1,1,2,1,2,9,11,1,1,34,2,2
4,12,4,3,2007,2,7,3,1,2,1,1,1,1,1,1,3,1,2,9,6,1,1,26,2,2
4,12,4,3,2007,4,7,3,1,2,1,3,2,1,1,1,4,1,2,19,6,1,7,21,2,2
1,12,4,4,2007,4,3,8,1,2,1,4,2,1,1,1,4,1,2,14,11,1,1,22,2,2
2,12,4,5,2007,3,1,8,1,2,1,1,1,1,1,1,3,1,2,17,6,1,7,,2,2
2,12,4,5,2007,4,7,1,2,2,1,1,1,1,1,1,3,1,2,14,6,1,7,,2,2
1,12,3,6,2007,3,7,1,2,2,1,1,1,1,1,1,3,1,1,7,6,1,7,20,2,2
4,12,4,7,2007,4,1,3,1,2,2,4,1,2,1,1,3,1,2,6,6,1,7,25,2,2
10,9,4,9,2007,3,7,1,2,2,1,1,2,1,1,1,4,1,2,4,6,1,7,,2,2
10,9,4,9,2007,3,7,1,2,2,1,1,3,1,2,1,3,1,2,14,1,1,1,35,1,2
12,9,4,11,2007,3,1,8,2,2,1,1,1,1,1,1,1,1,1,9,6,1,7,,2,2
12,9,4,9,2007,2,7,8,1,2,1,1,1,1,1,1,1,1,1,9,11,1,1,,2,2
12,9,4,10,2007,2,7,3,2,2,1,1,1,1,1,1,1,1,1,9,6,1,7,,2,2
9,9,4,6,2007,1,1,3,1,2,1,4,1,1,1,1,4,1,2,19,4,1,3,35,2,2
5,13,4,8,2007,1,7,1,2,2,1,4,1,1,1,1,2,1,2,14,6,1,5,,2,2
5,13,4,8,2007,4,1,1,2,2,1,1,1,1,1,1,2,1,2,8,6,1,1,,2,2
5,13,4,8,2007,1,1,1,2,2,1,4,1,1,1,1,2,1,2,9,1,1,1,,2,2
5,13,4,8,2007,1,1,1,2,2,1,4,1,1,1,1,2,1,2,9,6,1,7,,2,2
8,13,4,8,2007,2,7,1,2,2,2,1,1,2,1,1,4,1,2,8,2,1,1,33,1,2
2,13,4,8,2007,2,7,1,2,2,1,1,1,1,1,1,4,1,2,8,6,1,7,35,2,2
11,9,4,11,2007,1,1,1,2,2,1,4,1,1,1,1,1,1,1,14,11,1,7,,1,2
7,9,4,11,2007,3,4,8,2,2,1,1,1,1,1,1,1,1,1,9,6,1,7,,2,2
12,9,4,5,2007,2,7,1,1,2,1,1,1,1,1,1,1,1,1,14,11,1,7,40,2,2
3,12,4,10,2007,2,1,1,2,2,1,1,1,1,1,1,2,1,2,19,11,1,7,,2,2
1,9,4,7,2007,4,7,1,2,2,1,2,1,1,1,1,2,1,2,7,6,1,1,18,2,2
1,9,4,7,2007,2,2,8,2,1,1,1,1,1,1,1,2,1,1,14,11,1,1,,2,2
1,9,4,9,2007,3,3,8,1,1,1,1,1,1,1,1,1,1,1,9,6,1,1,,2,2
1,9,3,10,2007,3,1,1,2,2,1,1,1,1,1,1,1,1,1,13,6,1,1,28,2,2
4,3,4,7,2007,4,7,8,2,2,1,4,4,1,1,1,1,1,1,19,6,1,1,,2,2
9,16,3,5,2007,2,7,1,1,2,1,2,1,1,1,1,4,2,,19,6,1,7,30,2,2
12,16,4,5,2007,3,7,1,2,2,1,1,1,1,1,1,2,1,2,8,6,1,7,34,2,2
10,16,4,5,2007,1,1,1,2,2,1,4,1,1,1,1,3,1,2,19,6,1,7,,2,2
1,16,3,5,2007,2,7,1,1,2,1,1,1,1,1,1,2,1,2,8,6,1,1,,2,2
7,16,3,5,2007,2,2,1,1,2,1,1,1,1,1,1,3,1,2,9,6,1,7,,2,2
5,16,3,5,2007,3,7,3,2,2,1,1,1,1,1,1,3,1,2,13,6,1,1,,2,2
10,16,4,8,2007,1,7,1,2,2,1,3,1,1,1,1,1,1,2,14,6,1,7,,2,2
10,16,4,8,2007,4,7,1,2,2,1,4,1,1,1,1,3,1,2,19,6,1,7,,2,2
7,16,4,8,2007,2,2,1,1,1,1,1,1,1,1,1,1,1,,8,11,1,1,24,2,2
10,16,4,7,2007,1,7,1,2,2,1,4,1,1,1,1,2,1,2,19,6,1,7,,2,2
4,16,4,7,2007,4,7,8,2,2,1,4,1,1,1,1,3,1,2,8,5,1,1,,2,2
7,16,4,7,2007,2,7,1,2,1,1,1,1,1,1,1,3,1,2,14,3,1,7,,2,2
6,16,4,6,2007,2,7,8,2,2,2,1,1,2,1,1,1,1,1,13,6,1,7,,1,2
10,16,4,6,2007,1,1,1,2,2,1,2,1,1,1,1,1,1,2,19,6,1,7,,2,2
9,16,4,6,2007,3,1,8,1,2,1,1,1,2,1,1,3,1,2,14,6,1,3,,1,2
9,16,4,6,2007,3,7,1,2,2,1,1,1,2,1,1,1,1,1,9,6,1,1,38,2,2
13,3,4,6,2007,2,1,1,2,2,1,1,1,1,1,1,1,1,2,12,6,1,7,,2,2
1,2,4,10,2007,2,1,1,2,2,1,1,1,1,1,1,1,1,1,14,6,1,7,,2,2
4,2,4,10,2007,3,7,3,1,2,1,1,1,1,1,1,3,1,2,4,6,1,7,25,2,2
5,2,4,10,2007,1,7,1,2,2,1,4,1,1,1,1,2,1,2,9,6,1,1,37,2,2
1,2,3,10,2007,3,7,8,2,1,1,1,1,1,1,1,1,1,2,19,6,1,7,,2,2
1,10,1,4,2007,2,1,1,2,2,2,1,1,2,1,1,2,1,1,4,6,1,1,34,1,2
5,10,4,7,2007,3,3,1,2,2,1,1,1,1,1,1,3,1,2,4,6,1,7,,1,2
5,2,4,9,2007,2,7,8,2,2,1,2,1,1,1,1,2,1,2,7,11,1,1,,2,1
5,13,4,9,2007,4,7,3,2,2,1,1,1,1,1,1,2,1,1,8,11,1,7,45,2,2
1,15,3,8,2007,2,1,1,2,2,1,2,1,1,1,1,3,1,2,14,4,1,7,32,2,2
1,15,4,8,2007,3,1,1,2,1,1,1,2,2,1,1,1,1,1,7,6,1,7,,2,2
1,15,4,8,2007,2,2,1,2,2,1,1,1,1,1,1,1,1,1,13,4,1,7,45,2,2
5,1,3,8,2007,2,1,1,1,2,1,1,1,1,1,1,1,1,1,8,11,1,7,25,2,2
10,7,3,7,2007,3,3,1,1,2,1,4,2,1,1,1,4,1,2,13,6,1,7,35,2,2
10,7,4,6,2007,3,3,1,1,2,1,1,1,1,3,1,4,1,2,17,6,1,3,32,2,2
1,7,4,6,2007,3,1,1,2,1,1,1,1,1,1,1,1,1,1,14,6,1,7,,1,2
12,9,4,7,2007,3,7,8,2,2,1,1,1,1,1,1,1,1,1,14,6,1,7,40,2,2
6,3,4,8,2007,1,1,8,2,2,1,2,1,1,1,1,2,1,2,14,6,1,1,50,1,2
12,9,1,8,2007,2,1,8,1,1,1,2,1,1,1,1,3,1,2,14,6,1,7,,2,2
12,9,4,7,2007,4,7,1,2,2,1,2,1,1,1,1,1,1,1,14,6,1,7,40,2,2
4,9,3,8,2007,3,1,3,2,1,1,1,1,1,1,1,2,1,1,4,6,1,7,,2,2
4,9,4,8,2007,3,1,8,2,2,1,1,2,1,1,1,4,1,2,13,1,1,1,,2,2
4,9,4,8,2007,2,1,3,1,1,1,1,2,1,1,1,2,1,2,4,6,1,1,,2,2
4,9,4,8,2007,2,1,3,2,2,1,1,1,1,1,1,2,1,1,8,2,1,7,,2,2
4,9,4,9,2007,2,1,1,2,2,1,1,1,1,1,1,2,1,1,9,6,1,7,,1,2
4,9,4,9,2007,3,7,1,2,2,1,1,1,1,1,1,1,1,1,14,6,1,7,,2,1
1,10,4,9,2007,3,1,1,2,2,1,1,1,1,1,1,3,1,2,4,11,1,7,29,2,1
5,10,4,9,2007,3,1,1,2,2,2,1,1,2,1,1,3,3,2,4,6,1,1,30,2,2
5,13,4,10,2007,2,1,1,2,2,1,2,1,1,1,1,2,1,1,14,6,1,1,40,2,2
5,13,4,10,2007,1,1,8,2,2,1,4,1,1,1,1,2,1,1,14,6,1,7,,2,2
5,13,4,10,2007,4,2,3,1,2,1,4,1,1,1,1,2,1,1,14,11,1,7,,2,2
5,13,4,10,2007,2,7,3,2,2,1,2,1,1,1,1,2,1,1,14,11,1,7,,2,2
11,16,1,6,2007,2,7,1,2,2,1,1,1,1,1,1,1,1,1,13,11,1,7,,2,2
11,16,4,6,2007,3,1,1,2,2,1,1,1,1,1,1,1,1,1,9,6,1,7,,2,2
8,9,4,8,2007,2,1,1,2,2,1,1,1,1,1,1,2,1,2,12,6,1,7,,2,2
2,6,4,5,2007,4,1,8,2,2,1,4,2,1,1,1,1,1,1,14,11,1,1,,2,2
2,6,3,6,2007,2,7,1,2,2,1,1,2,2,1,2,1,1,1,8,11,1,1,,2,2
2,6,4,2,2007,4,1,1,2,2,1,3,1,1,1,1,1,1,2,8,6,1,7,,2,2
4,6,4,7,2007,4,1,1,2,2,1,2,1,1,1,1,1,4,2,8,6,1,3,,2,2
4,6,4,9,2007,2,7,1,2,2,1,1,1,1,1,1,2,1,2,8,6,1,3,35,2,2
3,6,4,1,2007,4,1,1,1,2,1,3,1,1,1,1,1,1,1,14,6,1,7,,2,2
3,6,4,6,2007,1,1,1,2,2,1,2,1,1,1,1,1,1,1,8,6,1,7,,2,2
1,5,4,5,2007,2,1,1,2,2,1,1,1,1,1,1,1,1,1,14,6,1,7,,2,2
1,5,4,8,2007,3,7,8,1,2,1,1,1,1,3,1,4,1,2,19,6,1,7,,2,2
1,5,4,8,2007,3,1,8,1,2,1,1,1,1,1,1,4,1,2,9,6,1,6,,2,2
1,5,4,5,2007,2,1,1,2,2,1,1,1,1,1,1,1,1,1,8,6,1,7,,2,2
1,5,4,2,2007,3,1,1,1,2,1,1,1,1,1,1,2,1,2,12,6,1,7,25,2,2
1,5,2,4,2007,1,7,1,1,1,1,4,1,1,1,1,1,1,1,9,6,1,7,,2,2
1,5,4,1,2007,4,7,4,1,2,1,3,1,1,1,1,1,1,1,9,6,1,7,,2,2
1,5,4,2,2007,3,7,8,1,2,1,1,1,1,1,1,1,1,1,13,6,1,7,45,2,2
3,5,4,3,2007,3,1,1,2,2,1,1,1,1,1,1,1,1,1,8,6,1,7,,2,2
1,5,4,3,2007,1,1,1,2,2,1,3,1,1,3,1,4,1,2,13,6,1,7,24,2,2
8,5,4,5,2007,1,1,1,2,2,1,3,1,2,1,1,1,1,1,19,6,1,7,,2,2
8,5,3,3,2007,3,7,8,2,2,1,1,1,1,1,1,1,1,1,7,6,1,7,,2,2
8,5,3,8,2007,3,1,1,2,2,1,1,1,1,1,1,1,1,1,14,6,1,7,,2,2
8,5,4,7,2007,1,1,1,2,2,1,2,1,1,1,1,1,1,1,19,6,1,7,,2,2
5,5,3,3,2007,2,3,1,2,2,1,1,1,1,1,1,1,1,1,9,6,1,1,,2,2
5,5,4,7,2007,1,1,1,1,2,1,2,1,1,1,1,1,1,1,9,6,1,7,,2,2
5,5,4,7,2007,2,1,1,2,2,1,1,1,1,1,1,1,1,1,19,6,1,7,35,2,2
5,5,4,5,2007,4,1,1,2,2,1,3,1,1,1,1,1,1,1,14,6,1,2,,2,2
5,5,4,6,2007,1,1,1,2,2,1,4,1,1,1,1,1,1,1,9,6,1,1,,1,2
5,5,3,7,2007,3,1,1,2,2,1,1,1,1,1,2,3,1,2,10,6,1,7,32,2,2
5,5,4,6,2007,3,1,1,2,2,1,1,1,1,1,1,2,1,2,7,6,1,7,35,2,2
5,5,4,3,2007,3,1,1,2,2,1,1,1,1,1,1,1,1,1,9,6,1,7,,2,2
6,5,3,8,2007,3,1,8,1,2,1,1,1,1,1,1,3,1,2,14,11,1,7,,2,2
7,5,3,1,2007,2,1,1,2,2,1,1,1,1,1,1,1,1,1,14,6,1,7,,2,2
7,5,4,7,2007,2,7,1,2,2,1,1,1,1,1,1,1,1,1,14,6,1,1,,2,2
7,5,4,7,2007,3,1,1,1,2,1,1,1,1,1,1,1,1,1,9,11,1,7,,2,2
7,5,3,8,2007,1,1,1,1,2,1,4,1,1,1,1,1,1,1,9,6,1,7,,2,2
7,5,4,7,2007,4,1,1,1,2,1,4,1,1,1,1,1,1,1,9,6,1,1,,2,2
7,5,4,7,2007,2,1,1,2,2,1,1,1,1,1,1,2,1,1,8,6,1,7,40,2,2
4,5,4,6,2007,2,4,1,2,2,1,2,1,1,1,1,1,1,1,9,6,1,1,,2,2
4,5,4,5,2007,2,1,8,2,2,1,1,1,1,1,1,1,1,1,8,6,1,7,40,2,2
1,6,4,3,2007,2,1,1,1,2,1,1,1,1,3,1,4,1,2,17,6,1,1,,2,2
1,6,4,10,2007,2,2,1,2,2,1,1,1,1,1,1,1,1,1,8,6,1,7,,2,2
3,6,4,11,2007,3,1,1,2,2,1,1,2,1,1,1,1,1,1,8,1,1,1,45,2,2
3,6,4,11,2007,4,1,3,2,2,1,1,1,1,1,1,1,1,1,9,5,1,1,37,2,2
3,6,3,12,2007,4,1,1,2,2,1,4,1,1,1,1,3,1,2,14,6,1,1,,2,2
5,6,4,10,2007,3,1,1,2,2,1,1,1,1,1,1,1,1,1,7,11,1,1,45,2,2
1,9,4,7,2007,1,7,1,2,2,2,4,1,2,1,1,1,1,1,19,11,1,1,,2,2
1,9,4,7,2007,3,1,1,2,2,1,1,1,1,1,1,2,1,2,8,6,1,1,40,1,2
1,9,4,8,2007,3,1,1,2,2,1,1,1,1,1,1,1,1,1,9,6,1,1,,2,2
1,9,4,8,2007,1,3,1,2,2,1,4,1,1,1,1,1,1,1,8,4,1,1,,2,2
1,9,4,8,2007,4,1,1,2,1,1,3,1,1,1,1,1,1,1,19,6,1,1,28,1,2
1,9,4,12,2007,2,1,1,1,2,1,1,1,1,1,1,1,1,1,8,6,1,1,45,2,2
1,9,3,12,2007,3,7,8,2,2,1,1,1,1,1,1,4,1,2,14,6,1,1,45,2,2
12,9,4,1,2007,2,7,8,1,2,1,1,1,1,1,1,1,1,1,13,11,1,3,,2,2
12,9,4,2,2007,4,7,8,1,2,1,3,1,1,1,1,1,1,1,14,11,1,7,,2,2
12,9,4,7,2007,3,7,8,1,2,1,1,1,1,1,1,1,1,1,14,11,1,1,,2,2
12,9,3,12,2007,4,1,1,2,2,1,4,1,1,1,1,1,1,1,9,6,1,1,30,2,2
2,9,4,8,2007,2,7,8,1,2,1,1,1,1,1,1,5,1,2,7,11,1,3,40,2,2
2,9,4,10,2007,1,1,3,2,2,1,4,1,1,1,1,2,1,1,13,6,1,1,,2,2
2,9,4,11,2007,3,7,8,1,2,1,1,1,1,1,1,5,1,2,9,11,1,7,,2,2
2,9,4,11,2007,3,4,1,2,2,1,1,1,1,1,1,2,1,1,9,6,1,1,,2,2
2,9,4,12,2007,1,1,1,2,2,1,4,1,1,1,1,2,1,1,9,8,1,1,,2,2
4,9,4,9,2007,4,7,1,2,2,1,4,1,1,1,1,2,1,1,14,6,1,1,45,2,2
4,9,4,12,2007,2,1,8,2,1,1,1,1,1,1,1,2,1,1,8,6,1,1,35,2,2
6,9,4,7,2007,3,7,1,2,2,1,1,1,1,1,1,3,1,2,14,6,2,1,28,2,2
6,9,4,9,2007,2,7,8,1,2,1,1,1,1,1,1,2,1,2,14,6,1,7,,2,2
6,9,4,10,2007,3,7,1,1,2,1,1,1,1,1,1,2,1,2,14,6,1,1,20,2,2
6,9,4,11,2007,1,1,1,2,2,1,4,4,1,1,1,2,1,2,12,6,1,7,28,2,2
10,9,4,12,2007,3,7,1,1,2,1,1,1,1,1,1,1,1,1,9,6,1,1,,2,2
1,5,4,9,2007,2,7,8,1,2,1,2,1,1,1,1,1,1,1,9,11,1,1,,2,2
1,5,4,9,2007,2,7,6,2,2,1,1,1,1,1,1,1,1,1,9,11,1,1,,2,2
1,5,3,9,2007,3,7,8,2,2,1,1,1,1,1,1,1,1,1,2,9,1,1,,2,2
1,5,4,9,2007,1,7,3,2,2,1,4,1,1,1,1,1,1,1,9,11,1,1,,2,2
1,5,4,10,2007,2,7,1,2,2,1,1,1,1,1,1,1,1,1,19,6,1,1,,2,2
1,5,4,10,2007,3,7,8,1,2,1,1,1,1,1,1,1,1,,14,11,1,1,,2,2
1,5,4,11,2007,3,7,8,2,2,1,1,1,1,1,1,1,1,1,13,6,1,1,,2,2
1,5,4,12,2007,2,7,8,2,2,1,1,1,1,1,1,1,1,1,19,6,1,1,,2,2
8,5,4,9,2007,3,1,1,2,2,1,1,1,1,1,1,1,1,1,9,6,1,1,23,2,2
2,5,4,11,2007,3,1,8,2,2,1,1,1,1,1,1,4,1,2,13,6,1,1,,2,2
2,5,4,11,2007,2,7,8,2,2,1,1,1,1,1,1,3,1,2,8,6,1,1,,2,2
2,5,4,11,2007,1,7,8,2,2,1,4,1,1,1,1,3,1,2,4,11,1,6,30,2,1
5,5,3,9,2007,4,1,8,1,2,1,4,1,1,1,1,1,1,1,9,11,1,6,,2,2
6,5,4,10,2007,3,7,8,2,2,1,1,1,1,1,1,1,1,1,9,11,1,1,,2,2
7,5,3,11,2007,3,1,8,1,2,1,1,1,1,1,1,2,1,2,8,6,1,7,35,2,2
4,5,4,11,2007,2,7,8,1,2,1,1,1,1,1,1,2,1,1,9,11,1,1,,2,2
1,17,4,1,2007,2,7,8,1,2,1,1,1,1,1,1,1,1,1,9,6,1,1,,2,2
1,17,4,7,2007,2,7,1,2,2,1,1,1,1,1,1,1,1,1,14,3,1,7,,2,2
1,17,3,8,2007,2,7,8,1,2,1,1,1,1,1,1,1,1,1,13,6,1,1,26,2,2
1,17,4,8,2007,3,1,8,2,2,1,1,1,1,1,1,1,1,1,14,6,1,7,,2,2
9,17,4,7,2007,2,7,8,2,2,1,1,1,1,1,1,1,1,1,9,6,1,7,,2,2
9,17,4,5,2007,1,7,8,2,2,1,2,1,1,1,1,1,1,1,9,11,1,7,,2,2
9,17,4,4,2007,3,7,8,2,2,1,1,1,1,1,1,1,1,1,9,6,1,7,,2,2
8,17,4,2,2007,2,7,8,2,2,1,1,1,1,1,1,1,1,1,14,6,2,1,,2,2
8,17,4,2,2007,2,1,1,2,2,1,2,1,1,1,1,2,1,2,14,6,2,7,,2,2
5,17,4,1,2007,3,7,8,2,1,1,1,1,1,1,1,2,1,2,9,11,1,7,35,2,2
5,17,4,7,2007,2,7,8,2,1,1,1,1,1,1,1,2,1,2,9,11,1,7,48,2,2
5,17,4,6,2007,2,1,1,2,2,1,1,1,1,1,1,3,1,2,9,11,1,1,35,2,2
5,17,4,9,2007,4,7,8,2,2,1,3,1,1,1,1,3,1,2,9,11,1,1,47,1,2
2,17,4,9,2007,4,7,8,1,2,1,4,1,1,1,1,2,1,2,9,11,1,7,,2,2
2,17,4,8,2007,1,7,8,2,2,1,3,1,1,1,1,1,1,1,9,11,1,1,,2,2
7,17,4,4,2007,1,7,8,2,2,1,2,2,1,1,1,1,1,1,14,11,1,7,,1,2
7,17,3,7,2007,2,7,8,2,2,1,1,1,1,1,1,1,1,1,4,1,1,7,,2,1
1,15,4,9,2007,2,1,1,1,2,1,1,1,1,1,1,1,1,2,9,11,1,7,34,2,2
1,15,3,1,2007,3,7,1,2,2,1,1,1,1,1,1,1,1,1,12,9,1,7,,2,2
5,10,4,12,2007,4,7,8,2,2,1,1,1,1,1,1,3,1,1,8,6,1,1,,2,2
5,10,4,12,2007,3,7,8,2,2,1,1,1,1,1,1,3,1,1,17,6,1,1,,2,2
2,10,4,12,2007,4,7,8,2,2,1,3,1,1,1,1,2,1,2,12,2,1,7,20,2,2
5,1,4,12,2007,2,7,3,2,2,4,1,1,1,1,1,4,1,2,17,6,1,1,,2,2
5,1,3,12,2007,1,7,3,2,2,1,4,1,1,1,1,2,1,2,10,6,1,1,,2,2
2,1,4,10,2007,3,1,1,2,2,1,1,1,1,1,1,2,1,1,8,6,1,1,,2,2
4,1,4,12,2007,3,1,8,2,2,1,1,2,1,1,1,3,1,1,4,6,1,7,,2,2
3,1,4,11,2007,2,1,8,2,2,1,1,1,1,1,1,1,1,1,9,6,1,1,,2,2
1,4,4,1,2007,3,1,1,2,2,1,1,1,1,1,1,2,1,2,8,6,1,1,,2,2
1,15,4,10,2007,3,1,1,2,2,1,1,1,1,1,1,4,1,2,13,11,2,7,,2,2
1,15,4,11,2007,1,1,1,2,2,1,3,1,1,1,1,1,1,1,14,4,1,6,,2,2
1,15,4,11,2007,3,1,1,2,2,1,1,1,1,1,1,1,1,1,9,6,1,1,,2,2
1,15,4,11,2007,3,7,8,1,2,1,1,1,1,1,1,1,1,1,9,11,1,1,,2,2
7,15,4,10,2007,2,7,8,2,2,1,1,2,1,1,1,2,1,2,4,11,1,7,,2,1
3,4,3,12,2007,3,7,8,2,2,1,1,1,5,1,2,2,1,2,4,6,1,7,25,2,2
3,4,4,9,2007,3,7,3,2,2,1,1,1,1,1,1,2,1,2,14,6,1,7,,2,2
6,4,4,12,2007,1,4,3,1,2,1,4,2,1,1,1,1,1,1,14,6,1,7,,2,2
6,4,4,12,2007,1,2,1,2,2,1,4,1,1,1,1,1,1,1,8,1,1,1,32,2,2
6,4,3,10,2007,2,1,1,1,2,1,1,1,1,1,2,5,1,2,4,6,1,1,50,2,2
5,4,4,12,2007,2,7,8,2,2,1,1,1,1,1,1,4,1,2,17,11,1,1,25,2,2
5,4,4,8,2007,4,7,1,2,2,1,4,1,1,1,1,4,1,2,19,11,1,1,30,2,2
5,4,4,8,2007,3,1,1,2,2,1,1,2,1,1,1,4,1,2,19,11,1,1,30,2,2
5,4,4,1,2007,2,1,1,2,2,4,1,1,1,1,1,3,1,2,7,6,1,1,,2,2
5,4,3,10,2007,3,1,1,2,2,1,1,1,1,1,1,3,1,2,14,11,1,7,30,2,2
4,4,4,5,2007,3,1,1,1,2,1,1,1,1,1,1,4,1,2,19,11,1,1,,2,2
5,13,4,12,2007,3,1,1,2,2,1,4,2,1,1,1,4,1,2,9,6,1,7,,2,2
8,13,4,10,2007,4,1,8,1,1,1,4,1,1,1,1,1,1,1,14,6,1,1,,2,2