Thana,District,Accident_Severity,Month,Year,Time,Junction_Type,Traffic_Control,Movement,Divider,Weather,Light,Road_Geometry,Surface_Condition,Surface_Type,Surface_Quality,Road_Class,Road_Feature,Location_Type,Vehicle_Type,Vehicle_Movement,Vehicle_Loading,Vehicle_Defect,Vehicle_Driver_Age,Vehicle_Alcohol,Vehicle_Seat_Belt
1,2,4,12,2007,3,1,1,2,2,1,1,1,1,1,1,1,1,1,17,6,1,1,,2,2
9,7,4,10,2007,3,1,1,2,2,1,1,1,1,1,1,4,1,2,14,6,1,1,,2,2
10,9,4,9,2007,2,7,1,1,2,1,1,1,1,1,1,4,1,2,19,6,1,7,25,2,2
11,9,4,10,2007,4,1,3,2,2,1,4,1,1,1,1,1,1,,9,6,1,7,,2,2
7,9,4,6,2007,2,7,1,2,2,1,1,1,1,1,1,1,1,1,9,6,1,7,,2,2
4,9,3,11,2007,2,1,8,1,2,1,1,1,1,1,1,2,1,2,8,1,1,1,,2,2
4,3,4,11,2007,1,3,4,2,2,1,3,1,1,1,1,1,1,1,9,1,1,1,,2,2
1,12,4,12,2007,4,1,1,2,2,1,3,1,1,1,1,2,1,2,13,6,1,1,25,2,2
3,12,4,12,2007,2,1,3,2,2,1,1,1,1,1,1,4,1,2,19,6,1,7,23,2,2
3,12,4,12,2007,3,7,8,2,2,1,1,1,1,3,1,3,1,2,19,7,1,7,35,2,2
3,3,4,10,2007,2,1,3,2,2,1,1,1,1,1,1,4,1,2,14,4,1,7,30,2,2
2,3,1,10,2007,1,7,3,1,2,1,4,1,1,1,1,4,1,2,4,6,1,1,,2,2
1,3,3,12,2007,2,7,1,2,2,1,2,1,1,1,1,2,1,2,13,6,1,6,,2,2
6,3,4,12,2007,2,1,1,2,2,1,1,1,1,1,1,3,1,2,14,4,1,1,37,2,2
6,3,4,12,2007,3,1,1,2,2,1,1,1,1,1,1,1,1,2,4,6,1,7,30,2,2
5,16,4,9,2007,2,1,1,1,2,1,1,1,1,1,1,4,1,2,19,6,1,1,26,2,2
9,16,4,9,2007,3,1,8,2,2,1,1,1,1,1,1,1,1,1,9,6,1,1,40,2,2
10,9,4,9,2007,4,1,1,1,2,1,4,1,1,1,1,2,1,1,14,11,1,7,,2,2
10,16,4,9,2007,1,7,1,2,2,1,4,1,1,1,1,2,1,2,19,6,1,1,,2,2
10,16,4,9,2007,2,7,1,2,2,1,2,1,1,1,1,2,1,1,13,11,1,1,36,2,2
6,16,4,9,2007,3,1,1,2,2,1,1,1,1,1,1,1,1,1,9,6,1,5,38,2,2
6,16,4,9,2007,2,1,1,2,2,1,1,1,1,1,1,1,1,1,14,6,1,1,38,2,2
11,16,4,9,2007,1,1,1,2,2,2,2,1,2,1,1,1,1,1,14,11,1,1,,2,2
11,16,4,9,2007,2,7,8,2,2,1,1,1,1,1,1,1,1,1,14,11,1,1,,2,2
1,16,4,10,2007,3,1,1,1,2,1,1,2,1,1,1,2,1,2,8,6,1,1,40,2,2
7,16,4,10,2007,3,7,8,2,2,1,1,1,1,2,1,3,1,2,4,11,1,1,,2,1
7,16,4,7,2007,3,7,8,2,2,1,1,1,1,1,1,1,1,1,8,11,1,7,,2,2
11,16,4,10,2007,1,7,8,1,2,1,4,1,1,1,1,1,1,1,14,2,1,7,42,1,2
11,16,4,10,2007,1,7,8,2,2,1,3,1,1,1,1,1,1,1,9,11,1,1,,2,2
10,16,4,10,2007,1,7,1,1,2,1,3,1,1,1,1,2,1,2,9,11,1,1,,2,2
10,16,3,10,2007,1,7,8,2,2,1,4,1,1,1,1,1,1,1,9,6,1,1,28,2,2
10,16,4,10,2007,4,7,1,2,2,1,2,1,1,1,1,2,1,2,8,11,1,1,,2,2
10,16,4,10,2007,4,7,4,2,2,1,2,1,1,1,1,1,1,2,9,6,1,1,35,2,2
2,16,4,11,2007,3,7,1,1,2,1,1,1,1,1,1,2,1,2,8,4,1,1,,1,2
10,16,4,11,2007,3,1,4,2,2,1,1,1,1,1,1,2,1,1,14,6,1,1,,2,2
10,16,4,11,2007,2,1,4,2,2,1,1,1,1,1,1,2,1,1,9,6,1,1,45,2,1
6,15,4,11,2007,3,1,1,1,2,1,1,1,1,1,1,4,1,2,14,6,1,1,38,2,2
3,15,4,10,2007,2,1,1,2,1,1,1,1,1,1,1,3,1,2,11,6,1,1,,2,2
5,15,3,11,2007,3,7,3,2,2,1,1,1,1,1,1,4,1,2,14,6,1,1,25,2,2
9,16,3,12,2007,3,1,1,2,2,1,1,1,1,1,1,1,1,1,9,6,1,3,,2,2
10,16,4,12,2007,3,1,4,2,2,1,1,1,1,1,1,2,1,1,9,6,1,1,,2,2
10,16,4,12,2007,4,4,1,2,2,1,2,1,1,1,1,2,1,1,19,6,1,1,,2,2
7,16,4,12,2007,2,1,3,2,2,1,2,1,1,1,1,1,1,1,14,6,1,1,,2,2
10,16,4,12,2007,2,1,4,2,2,1,1,1,1,1,1,2,1,1,14,8,1,1,30,2,2
6,16,4,12,2007,4,1,1,2,2,1,4,1,1,1,1,4,1,2,13,6,1,1,22,2,2
11,16,4,12,2007,2,7,8,2,2,1,1,1,1,1,1,1,1,1,8,6,2,7,46,2,2
10,16,4,12,2007,4,7,4,2,2,1,4,1,1,1,1,2,1,1,19,6,1,1,,2,2
10,16,1,12,2007,4,1,8,2,2,1,3,1,1,1,1,2,1,1,13,6,1,1,32,2,2
7,16,4,11,2007,3,1,8,2,2,1,1,1,1,1,1,1,1,1,9,6,1,1,50,2,2
11,16,3,10,2007,3,1,8,2,2,2,1,1,2,1,1,1,1,1,9,6,1,1,,2,2
11,16,3,5,2007,1,1,1,2,2,1,4,1,1,1,1,3,1,2,9,11,1,1,42,2,2
11,16,3,5,2007,2,1,1,2,2,1,1,1,1,1,1,1,1,1,9,11,1,1,35,2,2
11,16,3,5,2007,1,1,8,2,2,1,4,1,1,1,1,1,1,1,13,6,1,1,40,2,2
11,16,4,5,2007,1,1,8,2,2,1,4,1,1,1,1,1,1,1,19,11,1,7,,1,2
11,16,4,6,2007,1,1,1,2,2,1,1,1,1,1,1,1,1,1,14,11,1,1,,1,2
11,16,4,8,2007,1,1,1,2,2,1,4,1,1,1,1,2,1,1,14,11,1,7,,2,2
11,16,4,8,2007,1,1,8,2,2,2,2,1,2,1,1,2,1,1,19,6,1,1,32,2,2
11,16,4,8,2007,2,1,1,2,2,2,2,1,2,1,1,1,1,1,19,6,1,1,,2,2
11,16,4,7,2007,4,7,8,2,2,2,2,1,2,1,1,1,1,1,19,11,1,1,,2,2
3,17,4,4,2007,3,1,8,2,2,1,1,1,1,1,1,4,1,2,19,6,1,1,35,2,2
3,17,4,5,2007,3,1,8,2,2,1,1,1,1,1,1,4,1,2,8,11,1,7,30,2,2
2,17,4,11,2007,2,7,1,2,2,1,1,1,1,1,1,3,1,2,9,6,1,1,,2,2
2,17,4,9,2007,2,7,1,2,2,1,1,1,1,1,1,3,1,2,9,6,1,1,,2,2
2,17,4,11,2007,2,7,3,2,2,1,1,1,1,1,1,3,1,2,8,6,1,7,30,2,2
5,17,3,10,2007,3,7,1,2,2,1,1,1,1,2,1,3,1,2,7,11,1,1,30,2,2
9,17,4,12,2007,2,1,1,2,2,1,1,1,1,1,1,4,1,2,7,6,1,1,32,2,2
6,17,4,3,2007,3,1,1,2,2,1,1,1,1,1,1,4,1,2,19,6,1,1,,2,2
6,17,3,5,2007,2,1,1,2,2,1,1,2,1,1,1,4,1,2,4,6,1,1,26,2,2
2,17,4,12,2007,4,7,8,2,2,1,4,1,1,1,1,1,1,1,19,11,1,7,,2,2
8,17,4,12,2007,2,7,3,2,2,1,1,1,1,1,1,1,1,1,9,6,1,1,,2,2
1,11,4,4,2007,3,7,8,2,2,1,1,1,1,1,1,2,1,1,6,1,1,7,,2,2
1,11,4,5,2007,2,7,3,2,2,1,1,1,1,1,1,2,1,1,8,3,1,1,,2,2
1,11,4,11,2007,2,7,3,2,2,1,1,1,1,1,1,2,1,1,14,6,1,1,,2,2
1,11,4,12,2007,3,7,8,2,2,1,1,1,1,1,1,2,1,1,4,6,1,1,,2,2
3,11,4,5,2007,2,7,1,2,2,1,1,1,1,1,1,3,1,2,5,6,1,1,,2,2
5,11,4,2,2007,2,7,8,2,2,1,1,1,1,1,1,2,1,1,14,6,1,1,32,2,2
5,11,4,10,2007,3,7,8,2,2,1,1,1,1,1,1,2,1,1,6,11,1,7,32,2,2
6,11,4,10,2007,3,7,8,2,2,1,1,1,1,1,1,2,1,1,4,6,1,7,,2,1
6,11,4,9,2007,2,7,8,2,2,1,1,1,1,1,1,2,1,1,8,6,1,1,,2,2
6,11,4,8,2007,2,7,8,2,2,1,1,1,1,1,1,2,1,1,14,6,1,1,,2,2
6,11,4,6,2007,2,7,8,2,2,1,1,1,1,1,1,2,1,1,9,6,1,1,,2,2
6,11,4,3,2007,2,7,8,2,2,1,1,1,1,1,1,3,1,2,17,3,1,1,,2,2
6,11,4,3,2007,4,7,8,2,2,1,4,1,1,1,1,2,1,1,14,6,1,1,,2,2
7,11,4,5,2007,3,7,8,2,2,1,1,1,1,1,2,4,1,2,6,3,1,1,25,2,2
7,11,4,7,2007,4,7,8,2,2,1,2,1,1,1,1,4,1,2,9,7,1,1,33,2,2
7,11,4,10,2007,2,7,1,2,2,1,1,1,1,1,1,4,1,2,4,11,1,1,25,2,1
8,11,4,1,2007,2,7,8,2,2,1,1,1,1,1,1,4,1,2,9,11,1,1,,2,2
8,11,4,1,2007,3,7,8,2,2,1,1,1,1,1,1,4,1,2,7,6,1,1,,2,2
8,11,4,6,2007,3,7,1,2,2,1,1,1,1,1,1,2,1,1,17,6,1,1,20,2,2
8,11,4,6,2007,2,1,1,2,2,1,2,1,1,1,1,4,1,2,19,11,1,1,,2,2
8,11,3,7,2007,1,1,1,2,2,1,4,1,1,1,1,4,1,2,19,6,1,1,,2,2
8,11,4,7,2007,2,1,1,2,2,1,1,1,1,1,1,2,1,1,9,6,1,1,40,2,2
8,11,4,11,2007,2,7,8,2,2,1,1,1,1,1,1,2,1,1,6,6,1,1,,2,2
4,11,4,2,2007,4,7,8,2,2,1,3,1,1,1,1,2,1,1,17,6,1,1,45,2,2
4,11,4,8,2007,2,7,8,2,2,1,1,1,1,1,1,4,1,2,9,11,1,1,35,2,2
4,11,4,10,2007,3,7,1,2,2,1,1,1,1,1,1,4,1,2,8,11,1,1,,2,2
11,11,4,2,2007,2,7,2,2,2,1,1,1,1,1,2,4,1,2,9,11,1,7,,2,2
9,11,4,4,2007,2,1,1,2,2,2,1,1,3,1,1,2,1,1,9,6,1,1,25,2,2
9,11,3,10,2007,2,7,1,2,2,1,1,1,1,1,1,3,1,2,14,6,1,1,35,2,2
3,8,4,5,2007,1,1,1,2,2,1,4,1,1,1,1,2,1,1,14,6,1,3,,2,2
1,8,4,8,2007,1,3,4,2,2,1,4,1,2,1,1,5,1,2,9,6,1,1,,2,2
1,8,4,8,2007,3,7,1,2,2,1,1,1,1,1,1,2,1,1,9,6,1,7,,2,2
7,8,1,7,2007,4,7,1,2,2,1,2,1,1,1,1,3,1,2,14,6,1,1,40,2,2
5,8,4,7,2007,4,7,1,2,2,1,3,4,3,2,3,4,2,,5,11,1,1,,2,2
3,8,4,2,2007,3,1,1,2,2,1,1,1,1,1,1,1,1,1,9,6,1,1,50,2,2
3,8,4,3,2007,2,1,1,2,2,1,1,1,1,1,1,1,1,1,9,6,1,1,,2,2
3,8,4,3,2007,2,1,1,2,2,1,1,1,1,1,1,1,1,1,9,6,1,1,,2,2
3,8,4,3,2007,4,1,1,2,2,1,1,1,1,1,1,1,1,1,12,6,1,1,25,2,2
3,8,4,4,2007,1,1,2,2,2,1,4,1,1,1,1,1,1,1,9,6,1,3,42,2,2
3,8,4,5,2007,1,1,8,2,2,1,4,1,1,1,1,3,1,2,14,6,1,7,,2,2
3,8,4,5,2007,3,3,8,2,2,1,1,1,1,1,1,3,1,2,9,6,1,1,35,2,2
3,8,4,6,2007,2,1,1,2,2,1,2,1,1,1,1,1,1,1,9,6,1,7,,2,2
3,8,4,6,2007,4,7,8,2,2,1,2,1,1,1,1,2,1,1,9,6,1,1,,2,2
3,8,4,7,2007,2,7,8,2,2,1,1,1,1,1,1,1,1,1,9,6,1,7,,2,2
3,8,1,8,2007,4,1,8,2,2,1,4,1,1,1,1,1,3,1,9,6,1,1,,2,2
3,8,3,8,2007,3,7,8,2,2,1,1,1,1,1,1,1,1,1,9,6,1,1,,2,2
3,8,4,9,2007,2,1,8,2,2,1,1,1,1,1,1,1,1,1,19,6,1,1,,2,2
3,8,4,10,2007,3,1,1,2,2,1,1,1,1,1,1,1,1,1,9,6,1,1,,2,2
3,8,4,10,2007,1,1,1,2,2,1,3,1,1,1,1,1,1,1,9,6,1,7,,2,2
3,8,4,11,2007,3,7,8,2,2,1,1,1,1,1,1,3,1,2,14,11,1,1,,2,2
3,8,4,12,2007,3,7,8,2,2,1,1,1,1,1,1,1,1,1,14,11,1,1,,2,2
3,8,4,12,2007,3,7,8,2,2,1,1,1,1,1,1,1,1,1,9,6,1,1,,2,2
3,8,3,12,2007,1,7,8,2,2,1,3,1,1,1,1,1,1,1,14,2,1,1,,2,2
5,13,1,11,2007,2,7,8,2,2,1,1,1,1,1,1,2,1,1,9,11,1,7,,,
4,10,4,5,2007,2,7,1,2,2,1,1,1,1,1,1,2,1,2,13,6,1,7,35,1,2
11,10,4,9,2007,4,2,1,2,2,1,2,1,1,1,1,1,1,1,14,6,1,1,44,2,2
3,11,4,3,2007,3,3,8,2,2,1,1,1,1,1,1,3,1,2,17,9,1,7,30,2,2
8,11,4,3,2007,3,1,1,2,2,1,1,1,1,1,1,2,1,1,9,6,1,1,,2,2
8,11,4,4,2007,3,1,1,2,2,1,1,1,1,1,1,4,1,2,9,6,1,1,35,2,2
11,11,4,2,2007,3,1,8,2,2,1,1,1,1,1,1,3,1,2,7,9,1,1,32,1,2
5,8,4,1,2007,2,7,8,2,2,1,1,2,1,3,2,3,3,2,17,6,1,3,,2,2
5,8,4,2,2007,1,3,1,2,2,1,2,1,1,1,1,1,1,1,14,6,1,1,40,2,2
2,6,4,9,2007,2,1,1,2,2,1,1,1,1,1,1,1,1,1,9,6,1,1,40,1,2
2,6,4,9,2007,2,1,1,2,2,1,1,1,1,1,2,1,1,1,9,6,1,1,38,1,2
3,6,4,4,2007,3,1,1,1,2,1,1,1,1,1,1,1,1,1,8,6,1,7,,2,2
1,7,3,3,2007,2,1,3,2,2,1,1,1,1,1,1,1,1,1,8,6,1,7,,2,2
10,1,4,5,2007,3,3,8,2,2,1,1,1,1,1,1,3,1,2,9,6,1,1,35,2,2
3,2,4,5,2007,2,1,1,2,2,1,1,2,1,3,2,4,1,2,17,11,2,6,30,2,2
2,2,3,9,2007,2,1,1,1,2,2,2,1,2,1,2,5,1,1,14,6,2,3,,2,2
1,9,4,2,2007,1,1,1,2,1,2,4,1,2,1,1,1,1,1,9,6,1,7,50,2,2
2,7,3,3,2007,2,1,1,2,2,1,1,1,1,1,1,2,1,2,8,11,1,7,,2,2
2,7,3,4,2007,2,7,1,2,2,2,1,1,2,1,2,3,1,2,8,11,1,7,,2,2
9,7,4,2,2007,3,1,1,1,2,1,1,1,1,1,1,3,1,2,2,6,1,7,,2,2
4,14,4,2,2007,2,1,3,1,2,1,1,1,1,1,1,5,1,1,14,11,1,1,30,1,2
1,14,4,4,2007,1,1,1,1,1,1,3,1,1,1,1,1,5,1,19,11,1,7,,1,2
3,14,4,4,2007,2,1,1,2,2,1,1,1,1,1,1,5,1,1,14,1,1,1,27,1,2
4,14,3,5,2007,3,1,3,2,2,1,1,1,1,1,1,5,1,1,19,11,2,7,,2,2
2,14,4,5,2007,4,1,1,1,2,1,2,1,1,1,1,1,1,2,8,1,1,1,,1,2
4,14,3,6,2007,3,1,1,2,2,1,1,1,1,1,1,1,1,1,10,6,1,1,30,2,1
3,14,4,6,2007,1,7,8,1,2,1,1,1,1,3,1,4,1,2,14,6,2,1,,2,2
4,14,4,7,2007,3,1,1,2,2,1,1,1,1,1,1,1,1,1,6,11,1,7,,1,2
4,14,4,9,2007,3,7,8,2,2,1,1,1,1,1,1,5,1,1,6,11,2,7,,1,2
2,14,4,9,2007,4,3,3,2,2,1,3,1,1,1,1,1,,,7,7,2,7,,1,2
4,14,4,10,2007,3,7,8,2,1,1,1,1,1,1,1,5,1,1,9,11,1,1,27,2,2
4,14,4,10,2007,2,2,1,2,2,1,1,1,1,1,1,5,1,2,9,6,1,1,30,2,2
3,14,3,10,2007,3,3,1,2,2,1,1,1,1,1,1,3,1,1,1,6,1,1,26,2,2
2,14,4,9,2007,1,3,3,1,1,1,3,2,1,1,1,1,1,2,14,2,1,1,30,2,2
3,14,4,10,2007,1,2,1,2,2,1,1,1,1,1,1,1,1,1,12,6,1,1,,2,2
3,14,4,10,2007,1,1,1,2,2,1,1,1,1,1,1,1,1,2,13,,1,1,30,2,2
1,14,4,10,2007,4,1,8,2,2,3,3,1,5,1,1,1,1,1,19,6,2,7,,1,2
4,14,4,11,2007,4,7,8,2,2,1,2,1,1,1,1,5,1,1,5,6,1,7,35,2,2
1,14,4,11,2007,3,7,4,2,1,1,1,1,1,1,1,1,1,1,4,6,2,7,,1,2
2,14,4,11,2007,3,1,1,2,2,1,1,1,1,1,1,1,1,2,9,11,,1,32,1,2
4,14,4,12,2007,1,7,8,2,2,4,2,1,2,1,1,5,1,1,6,6,,,,,
3,14,4,12,2007,2,1,8,2,2,1,1,1,1,1,1,5,1,1,19,5,1,7,,2,2
1,14,3,12,2007,3,2,1,2,2,1,1,1,1,1,1,1,1,1,9,2,1,3,30,2,2
3,14,4,12,2007,3,3,1,2,2,1,1,1,1,1,1,5,1,1,14,6,1,1,,2,2
1,53,4,1,2007,3,1,1,2,2,1,1,1,1,1,1,4,1,2,4,6,2,6,,1,2
1,53,4,1,2007,2,7,3,2,2,1,1,1,1,1,1,3,1,2,9,6,2,7,,2,2
3,53,4,1,2007,3,7,1,2,2,1,1,1,1,1,1,3,1,2,8,6,1,1,,2,2
2,55,4,1,2007,3,1,1,2,2,1,1,1,1,1,1,3,1,2,8,6,1,1,40,2,2
6,55,4,1,2007,2,1,1,2,2,1,1,1,1,1,1,4,1,2,11,6,1,7,,2,2
6,55,4,1,2007,4,1,1,2,2,1,4,1,1,1,1,1,1,2,8,6,1,1,,2,2
6,55,4,1,2007,3,3,1,2,2,1,1,1,1,1,1,1,1,2,12,6,1,1,,2,2
4,55,4,1,2007,4,1,3,2,2,1,3,1,1,1,1,3,1,2,19,6,1,7,,2,2
4,54,3,1,2007,3,1,1,1,2,1,1,3,1,1,1,4,3,2,5,9,,1,,2,2
8,54,4,1,2007,3,7,1,1,2,1,1,3,5,3,2,2,,1,8,11,1,1,30,2,2
8,54,4,1,2007,3,1,1,2,2,1,1,1,1,1,1,1,1,2,14,6,1,1,38,2,2
11,54,4,1,2007,3,1,8,2,2,1,1,1,1,1,1,3,1,2,6,6,1,6,,2,2
13,54,4,1,2007,3,1,1,2,2,1,1,1,1,1,1,1,1,2,14,5,1,1,,1,2
7,56,4,1,2007,2,1,1,2,2,1,1,1,1,1,1,1,1,2,14,6,1,7,40,2,2
7,56,3,1,2007,2,7,1,1,2,1,1,1,1,1,1,1,1,2,14,6,1,1,40,2,2
3,56,1,1,2007,1,7,2,2,2,4,3,1,1,1,1,1,1,2,9,6,1,1,35,2,2
3,56,4,1,2007,4,7,1,2,2,1,3,1,1,1,1,1,5,2,9,6,1,1,,2,2
8,56,4,1,2007,3,1,1,2,2,1,1,1,1,1,1,1,1,2,9,6,1,1,32,2,2
4,56,4,1,2007,2,7,8,2,2,1,2,1,1,1,1,4,1,2,19,6,1,7,19,2,2
8,56,4,1,2007,2,1,1,2,2,1,1,1,1,1,1,1,,2,9,6,1,1,35,2,2
8,56,4,1,2007,3,1,1,2,2,1,2,1,2,2,1,3,1,2,19,6,1,1,,2,2
13,54,4,2,2007,3,3,1,1,2,1,1,1,1,1,1,1,1,2,8,6,1,,40,1,2
6,54,3,2,2007,3,2,1,2,2,1,1,1,1,1,1,1,1,2,14,5,1,7,32,2,2
5,54,4,2,2007,4,1,8,2,1,1,4,1,5,1,3,4,2,2,17,6,,4,,2,2
9,54,4,3,2007,2,2,3,2,2,1,1,1,1,1,1,1,1,2,14,6,,,48,1,2
3,53,4,2,2007,3,7,8,2,2,1,1,1,1,1,1,1,1,2,12,11,1,1,,2,2
7,56,4,2,2007,3,1,5,1,2,1,2,1,1,1,1,1,3,2,4,6,1,1,40,2,2
7,56,4,2,2007,3,1,1,2,2,1,1,1,1,1,1,1,1,2,14,6,1,1,,2,2
8,56,4,2,2007,3,1,1,2,2,1,1,1,1,1,1,3,1,2,12,6,1,1,,2,2
8,56,4,2,2007,3,3,8,2,2,1,1,1,1,1,1,3,1,2,4,6,1,1,,2,2
8,56,4,2,2007,3,1,1,2,2,1,1,1,1,1,1,1,1,2,13,6,1,1,,2,2
6,56,4,2,2007,2,7,8,1,2,1,1,1,1,1,1,4,1,2,17,11,1,7,27,2,2
6,56,4,2,2007,2,7,8,1,2,1,1,1,1,1,1,,1,2,4,11,1,1,30,2,2
1,55,4,2,2007,2,7,1,2,2,1,1,1,1,1,1,1,1,2,8,6,1,7,40,2,2
5,55,4,2,2007,2,2,1,2,2,1,1,1,1,1,1,2,1,2,10,6,1,7,,2,2
1,55,4,3,2007,2,2,4,2,2,1,1,1,1,1,1,1,1,2,8,6,1,1,,2,2
3,55,4,3,2007,4,1,1,2,2,1,3,1,1,1,1,4,1,2,12,6,1,1,,2,2
3,55,4,1,2007,2,1,1,2,2,1,1,1,1,1,1,4,1,2,4,6,1,,,2,2
5,55,3,3,2007,3,1,1,2,2,1,1,1,1,1,1,3,1,2,10,6,1,1,,2,2
1,53,4,3,2007,4,7,1,2,2,1,2,3,5,3,3,4,3,2,12,6,1,1,,2,2
1,53,4,3,2007,2,1,1,2,2,1,1,1,1,1,1,3,1,2,13,6,2,7,,2,2
7,53,4,3,2007,2,7,1,2,2,2,1,5,2,3,3,4,1,2,13,8,1,7,,2,2
8,53,4,3,2007,3,1,1,2,2,1,1,1,1,1,1,4,1,2,6,6,2,6,30,2,2
7,56,4,3,2007,2,2,1,2,2,1,1,1,1,1,1,1,1,2,14,6,2,1,32,2,2
7,56,3,3,2007,4,7,1,2,2,1,4,1,1,1,1,1,1,2,19,6,,,,,
7,56,4,3,2007,2,7,1,2,2,1,1,1,1,1,1,1,1,2,14,6,1,1,,2,2
3,56,4,3,2007,2,7,1,2,2,1,1,1,1,1,1,1,1,2,7,6,1,1,,2,2
3,56,4,3,2007,3,7,2,2,2,1,1,1,1,1,1,1,1,2,19,8,1,1,36,2,2
3,56,4,3,2007,2,7,1,2,2,1,1,1,1,1,1,1,1,2,9,6,1,1,30,2,2
3,56,4,3,2007,1,1,6,2,2,1,1,1,1,1,1,1,1,2,14,6,1,,32,2,2
3,56,4,3,2007,3,1,2,2,2,1,1,1,1,1,1,3,1,2,7,6,1,1,,2,2
8,56,4,3,2007,2,1,1,2,2,1,1,1,1,1,1,1,1,2,19,6,1,1,28,2,2
8,56,4,3,2007,3,1,1,2,2,1,1,1,1,1,1,1,,,7,6,1,1,35,2,
8,56,4,3,2007,3,1,1,2,2,1,1,,1,1,1,1,1,2,8,6,1,1,35,2,2
1,56,3,4,2007,3,7,8,2,2,1,1,1,1,1,1,5,1,1,9,8,1,,45,2,2
1,56,4,4,2007,2,1,8,1,1,1,1,1,1,1,3,1,2,,9,,1,6,27,2,2
7,56,4,4,2007,2,7,1,1,2,1,1,,1,3,1,2,1,2,14,6,1,1,,2,2
3,56,4,4,2007,3,7,1,2,2,1,1,1,1,1,1,1,1,2,9,6,1,7,,2,2
3,53,3,4,2007,4,3,1,2,2,1,3,1,1,1,1,5,1,2,4,6,1,,,2,2
2,53,4,4,2007,4,1,1,2,2,3,4,1,2,1,1,3,1,2,4,6,1,7,,2,2
1,55,4,6,2007,1,1,1,2,2,1,2,1,1,1,1,1,1,2,14,11,1,1,,2,2
1,55,4,6,2007,3,1,8,2,2,1,1,1,1,1,1,1,1,2,19,6,1,7,,1,2
4,55,4,6,2007,3,1,8,,,1,1,1,1,1,1,4,1,2,9,5,1,1,,,
1,56,4,6,2007,2,7,1,1,2,2,1,1,2,1,1,1,1,1,5,6,1,,25,2,2
7,56,4,6,2007,2,1,3,2,2,1,1,1,1,1,1,1,3,2,7,2,1,1,30,2,2
1,55,2,6,2007,3,3,1,2,2,1,1,2,1,1,1,3,1,2,19,2,1,,,,
1,55,1,5,2007,4,1,4,2,2,1,4,2,1,1,1,3,1,2,4,6,1,7,28,2,2
1,53,3,6,2007,3,7,8,2,2,1,1,1,1,1,1,2,1,2,8,6,1,1,35,2,2
2,53,4,5,2007,3,3,1,2,2,1,1,2,1,1,1,4,1,2,4,2,1,7,20,2,2
1,53,4,5,2007,3,7,1,2,2,1,1,1,1,1,1,2,1,2,9,6,1,7,,2,2
3,53,3,5,2007,3,1,1,1,2,1,1,1,1,1,1,1,1,2,13,6,2,1,40,2,2
3,53,3,5,2007,3,7,1,2,2,2,1,2,2,1,2,4,1,2,5,6,1,1,,2,2
4,53,4,5,2007,3,1,1,2,2,1,1,1,1,1,1,4,1,2,14,6,1,7,50,2,2
3,56,3,5,2007,2,1,1,2,2,1,1,1,1,1,1,2,,,19,6,1,1,,2,2
3,56,4,5,2007,3,7,1,2,2,1,1,1,1,1,1,3,1,2,19,6,1,1,,2,2
4,54,4,5,2007,3,7,8,2,2,1,1,1,1,1,1,1,1,2,4,11,,7,,2,2
2,54,3,3,2007,3,7,1,2,2,1,1,1,1,2,3,3,1,1,13,6,1,1,24,2,2
10,54,4,5,2007,3,1,1,2,2,1,1,1,1,1,1,3,,,8,5,1,1,,2,2
9,54,3,4,2007,3,1,1,2,2,1,1,1,1,1,1,2,1,2,14,6,,,,2,2
9,54,3,4,2007,3,1,1,2,2,1,1,1,1,1,1,2,1,2,10,8,,,,2,2
9,54,4,5,2007,3,7,1,2,2,1,1,1,1,1,1,2,1,2,14,8,,,,2,2
9,54,4,5,2007,2,4,1,2,2,1,1,4,1,1,1,2,1,2,14,6,1,1,,2,2
9,54,4,5,2007,2,4,3,2,2,2,1,2,2,1,1,2,1,2,7,6,,,,2,2
5,54,4,4,2007,2,2,3,2,2,1,1,1,1,1,1,4,1,2,13,6,,1,,2,2
3,56,4,7,2007,3,7,3,1,2,1,1,1,1,1,1,1,,,7,11,1,7,,2,2
8,56,4,7,2007,2,7,3,2,2,1,1,1,1,1,1,1,,2,4,6,1,1,,2,2
2,55,3,7,2007,3,3,1,2,2,1,1,1,1,1,1,4,1,2,5,6,1,1,19,2,2
5,55,1,7,2007,2,1,1,2,2,2,1,2,2,1,1,3,,,9,11,1,1,38,2,2
5,55,4,7,2007,3,1,1,2,2,2,1,1,2,1,1,3,1,2,10,11,,,,,
13,54,4,7,2007,4,7,1,2,2,1,4,1,1,1,1,1,1,2,13,6,1,,30,2,2
11,54,4,6,2007,3,1,1,2,2,1,1,1,1,1,1,3,1,,13,6,1,1,,2,2
11,54,4,3,2007,2,1,1,2,2,1,1,1,1,1,1,3,1,2,12,6,1,6,,2,2
3,53,4,7,2007,2,7,1,2,2,2,1,3,2,1,1,3,1,2,8,6,1,1,,2,2
3,53,4,7,2007,4,7,1,2,2,1,1,1,1,1,1,3,1,2,4,6,1,7,,2,2
1,53,4,7,2007,2,7,8,2,2,1,1,3,,,,,,,10,6,1,7,,2,2
3,53,4,7,2007,2,1,1,2,2,1,2,1,1,1,1,2,1,2,19,4,1,5,,1,1
3,53,3,7,2007,4,1,1,2,2,2,1,1,2,1,1,4,1,2,12,6,1,7,18,2,2