Thana,District,Accident_Severity,Month,Year,Time,Junction_Type,Traffic_Control,Movement,Divider,Weather,Light,Road_Geometry,Surface_Condition,Surface_Type,Surface_Quality,Road_Class,Road_Feature,Location_Type,Vehicle_Type,Vehicle_Movement,Vehicle_Loading,Vehicle_Defect,Vehicle_Driver_Age,Vehicle_Alcohol,Vehicle_Seat_Belt
5,54,3,8,2007,4,7,1,2,2,1,2,1,1,1,1,3,1,2,5,6,,,28,2,2
9,54,4,8,2007,3,7,1,2,2,1,1,1,1,1,1,3,1,2,14,6,1,1,,2,2
9,54,4,8,2007,4,7,1,2,2,1,4,1,1,1,1,3,1,2,19,6,,,,2,2
9,54,4,8,2007,3,7,1,2,2,1,1,1,1,1,1,1,1,2,4,6,,,,2,2
4,54,4,7,2007,4,1,1,2,2,1,4,1,1,1,1,2,1,2,14,6,1,1,,2,2
4,54,4,1,2007,2,7,8,2,2,4,1,1,5,1,2,4,1,2,13,8,1,1,,2,2
4,54,4,8,2007,2,1,1,2,2,1,1,1,1,1,1,2,1,2,19,6,,,,2,2
7,54,3,5,2007,2,1,1,2,2,1,1,1,1,1,1,2,1,2,10,6,1,1,,2,2
7,54,4,6,2007,2,1,1,2,2,1,1,1,1,1,1,3,1,2,8,6,1,1,30,2,2
3,54,4,6,2007,4,1,1,2,2,1,4,4,1,1,1,3,1,2,7,6,,,,2,2
3,53,4,8,2007,2,1,1,2,2,1,1,1,1,1,1,2,1,2,6,6,1,7,,2,2
7,56,4,8,2007,2,1,3,2,2,1,2,2,1,1,1,1,1,2,7,2,1,,,2,2
7,56,4,8,2007,3,7,8,2,2,1,1,1,1,1,2,4,4,2,13,6,1,7,,2,2
8,56,2,8,2007,2,1,4,2,2,1,1,1,1,1,1,1,1,2,14,7,1,1,25,2,2
8,56,4,5,2007,3,1,1,2,2,1,1,1,1,1,1,4,1,2,9,6,1,1,35,2,2
8,56,4,5,2007,3,1,1,2,2,1,1,1,1,1,1,1,1,2,9,6,1,1,,2,2
4,56,4,5,2007,2,7,8,1,2,1,1,,1,3,2,4,1,2,17,6,1,1,32,2,2
1,55,4,4,2007,2,1,3,2,2,1,1,1,1,1,1,3,1,2,13,6,1,7,,2,2
6,55,4,4,2007,4,1,1,2,2,1,2,1,1,1,1,4,1,2,9,11,1,7,,2,2
6,55,4,8,2007,4,1,1,2,2,1,1,1,1,1,1,3,1,2,11,11,2,7,25,2,2
7,55,4,8,2007,2,3,8,1,2,1,1,1,1,1,1,4,1,2,9,7,1,1,20,2,2
2,55,4,8,2007,2,1,1,2,2,1,1,1,1,1,1,4,1,2,9,6,1,7,30,2,2
7,56,4,9,2007,4,2,3,2,2,1,3,,1,1,1,3,1,2,19,6,,1,,2,2
3,56,4,9,2007,4,2,8,2,2,1,4,1,1,1,1,1,,2,19,6,1,1,,2,2
1,55,4,9,2007,3,3,1,2,2,1,1,2,1,1,1,3,,,4,2,1,7,,2,2
1,55,4,9,2007,3,1,1,1,2,1,1,1,1,1,1,1,1,1,14,6,1,7,,2,2
9,54,4,9,2007,2,7,1,2,2,1,1,1,1,1,1,3,1,2,7,6,,,,2,2
13,54,4,7,2007,4,7,1,2,2,1,3,1,1,1,1,1,1,2,13,1,,,35,2,2
13,54,4,9,2007,2,7,1,2,2,1,1,1,1,1,1,1,2,,9,6,,,,2,2
11,54,4,8,2007,2,1,1,2,2,1,1,1,1,1,1,2,,,6,6,1,,30,2,2
11,54,3,8,2007,3,1,8,2,2,1,1,1,1,1,2,2,1,2,8,6,1,1,34,2,2
3,54,4,3,2007,4,1,1,2,2,1,4,2,1,1,1,4,1,2,4,1,1,,,2,2
1,53,4,9,2007,2,2,1,2,2,1,1,1,1,1,1,4,2,,7,6,1,7,,1,2
3,53,4,9,2007,3,1,1,2,2,1,1,1,1,1,1,3,1,2,12,6,1,7,,1,2
1,53,4,10,2007,4,1,1,2,2,1,2,1,1,1,1,1,1,2,19,6,2,7,,1,2
3,53,4,10,2007,3,1,1,2,2,1,1,1,1,1,1,2,1,2,6,6,2,7,,1,2
3,53,4,10,2007,3,1,1,2,2,1,1,1,1,1,1,3,1,2,6,6,1,1,,2,2
4,53,3,7,2007,3,7,1,2,2,2,1,1,2,1,2,5,4,1,4,6,2,7,,2,1
8,56,4,10,2007,3,1,1,1,,1,1,1,1,1,1,3,1,1,6,,,,,,
5,56,4,10,2007,3,3,1,2,2,1,1,1,1,1,1,3,1,1,6,6,1,1,28,2,2
4,56,4,10,2007,2,7,1,2,2,1,1,1,1,1,1,3,1,2,11,6,1,1,,2,2
1,53,4,11,2007,2,1,1,2,2,1,1,2,1,1,1,1,1,2,8,6,2,7,,1,2
1,53,3,11,2007,3,1,1,2,2,1,2,1,1,1,1,1,1,2,8,6,1,1,32,1,2
1,53,4,11,2007,2,3,1,2,2,1,1,1,1,1,1,2,1,2,8,6,1,,,2,2
11,53,4,11,2007,4,1,1,2,2,1,2,1,1,1,1,3,1,2,4,6,1,1,,2,2
1,53,4,11,2007,3,1,1,1,2,1,1,1,1,1,1,4,,,6,6,1,1,,2,2
3,53,4,11,2007,3,1,1,2,2,1,1,1,1,1,1,1,1,2,8,6,2,,,1,2
1,55,4,9,2007,4,1,1,2,2,1,3,1,1,1,1,3,1,2,6,6,1,7,,2,2
2,55,4,10,2007,3,7,1,2,2,1,1,1,1,1,1,3,1,2,6,6,1,1,,2,2
1,55,4,11,2007,2,1,8,2,2,1,4,1,1,1,1,3,1,2,9,6,,7,,2,2
6,55,4,11,2007,3,1,1,2,2,1,1,1,1,1,1,4,1,2,11,6,1,7,,2,2
9,54,4,10,2007,3,7,1,2,2,1,1,1,1,1,1,1,1,2,6,6,1,,,2,2
13,54,4,10,2007,4,7,1,2,2,1,4,1,1,1,1,1,1,,12,6,2,6,,2,2
13,54,4,10,2007,3,7,1,2,2,1,1,1,1,1,1,3,1,2,10,6,1,7,,2,2
9,54,4,10,2007,2,7,1,2,2,1,1,1,,1,1,1,1,2,13,6,1,,,2,2
9,54,4,11,2007,3,7,1,2,2,1,1,1,1,1,1,1,1,,13,6,1,,,2,2
9,54,4,11,2007,3,7,1,2,2,1,1,1,1,1,1,4,1,2,14,6,,,,2,2
9,56,3,11,2007,3,3,3,1,2,1,1,1,1,1,1,3,1,2,17,6,,7,25,2,2
8,56,4,11,2007,2,1,1,1,2,1,1,1,1,1,1,3,1,2,8,6,1,1,,2,2
8,56,4,11,2007,2,2,3,1,2,1,1,1,1,1,,1,,2,13,11,2,1,35,2,2
8,56,4,11,2007,3,2,3,1,2,1,2,1,1,1,1,1,,2,13,2,2,7,,2,2
3,53,4,12,2007,4,7,1,2,2,1,2,1,1,1,1,2,1,2,8,6,1,,,2,2
3,53,4,12,2007,2,7,1,2,2,1,2,1,1,1,1,2,1,2,7,6,,,,2,2
3,53,4,12,2007,,7,3,2,2,1,1,1,1,1,3,4,1,2,6,6,1,1,,2,2
1,53,4,12,2007,3,7,8,2,2,1,2,1,1,1,1,4,1,2,4,6,1,7,28,2,2
2,54,4,12,2007,3,1,1,2,2,1,1,1,1,1,1,3,1,2,8,6,1,,,2,2
13,54,4,12,2007,3,7,2,2,2,1,1,1,1,1,1,1,1,2,12,6,,,,2,2
13,54,4,12,2007,3,7,1,2,2,1,1,1,1,1,1,1,1,2,9,6,,,,2,2
13,54,4,12,2007,3,7,1,2,2,1,1,1,1,1,1,1,1,2,9,6,,,,2,2
2,55,4,12,2007,3,,1,2,2,1,1,1,1,1,2,3,1,2,7,6,1,1,22,2,2
7,55,4,12,2007,3,1,1,2,2,1,1,1,1,1,1,3,1,2,12,4,,,,,
5,55,3,12,2007,3,2,1,2,2,1,1,1,1,1,1,3,1,2,9,11,1,1,35,2,2
7,56,4,12,2007,3,2,1,2,2,4,3,1,1,1,1,1,,2,14,11,1,,40,2,2
5,56,4,12,2007,3,1,1,2,2,1,1,1,1,1,1,4,1,2,6,8,1,1,,1,2
4,56,4,12,2007,,1,1,2,2,1,1,1,1,1,1,4,1,2,8,6,2,1,25,1,2
3,54,4,11,2007,3,7,8,2,2,1,1,1,1,1,1,3,1,2,14,6,2,3,,2,2
3,56,2,3,2007,1,1,1,2,2,1,1,1,1,1,1,1,2,2,9,8,1,1,,2,2
4,55,4,6,2007,3,1,6,2,2,1,1,1,1,1,1,4,1,2,9,5,1,1,,2,2
2,55,4,9,2007,4,3,1,2,2,1,2,1,1,1,1,2,1,2,4,2,1,1,,2,2
8,54,4,11,2007,4,1,1,2,2,1,4,2,1,1,1,1,1,2,7,6,,,,2,2
1,53,3,9,2007,3,1,1,2,2,2,1,1,2,1,1,1,1,2,5,6,2,7,,1,2
1,53,3,9,2007,3,1,1,2,2,1,1,1,1,1,1,1,1,2,9,6,1,7,,1,2
7,54,3,7,2007,2,1,1,2,2,1,1,1,1,1,1,2,1,2,8,6,1,1,35,2,2
1,53,4,5,2007,3,3,1,2,2,1,1,1,1,1,1,2,1,2,8,6,,,,2,2
8,56,1,1,2007,3,1,1,2,2,1,1,1,1,1,1,1,1,2,12,6,1,1,32,2,2
1,53,4,4,2007,4,1,1,2,2,1,4,,1,1,1,1,1,1,9,6,1,7,,2,2
13,54,4,2,2007,2,1,1,2,2,1,1,1,1,1,1,1,1,2,9,6,1,,,2,2
7,54,4,1,2007,2,1,1,2,2,1,1,2,1,1,1,4,1,2,8,2,1,,,2,2
4,54,4,4,2007,3,1,1,2,2,1,1,1,1,1,1,4,1,2,8,6,,,28,2,2
1,53,4,10,2007,3,1,1,2,2,1,1,1,1,1,1,4,1,2,4,6,1,6,22,1,2
1,53,3,1,2007,2,,1,2,2,1,1,1,1,1,,1,1,2,8,6,2,7,,2,2
1,14,4,12,2007,4,3,1,2,2,1,2,1,1,1,1,4,1,2,19,6,1,7,,2,2
6,34,4,1,2008,3,1,1,2,2,1,1,1,1,1,1,1,1,2,19,6,1,1,,2,2
6,34,3,2,2008,4,1,1,2,2,1,3,2,1,1,1,1,1,2,9,6,1,1,,1,2
6,34,4,5,2008,2,1,1,2,2,1,1,1,1,1,1,1,1,2,14,1,1,1,,1,2
6,34,4,7,2008,2,1,1,2,2,1,1,1,1,1,1,1,1,2,9,1,1,1,,2,2
6,34,4,8,2008,1,1,1,2,2,1,2,1,1,1,1,1,1,2,9,1,1,1,,1,2
6,34,4,11,2008,3,1,6,2,2,1,1,1,1,1,1,1,1,2,9,2,1,1,32,2,2
10,34,4,1,2008,2,1,1,2,2,4,2,1,1,1,1,1,1,2,9,6,1,1,31,2,2
10,34,4,5,2008,2,7,1,2,2,1,1,4,1,1,1,4,1,2,19,2,1,3,,2,2
10,34,4,6,2008,2,3,1,2,2,1,1,1,1,1,1,2,1,2,9,9,1,1,,2,1
10,34,4,7,2008,3,1,1,2,2,1,1,1,1,1,1,1,1,2,9,11,1,7,,2,2
10,34,4,10,2008,3,7,1,2,2,1,1,1,1,1,1,1,1,2,9,6,1,1,,2,2
3,34,4,5,2008,2,1,1,2,2,1,1,1,1,1,1,1,1,2,4,6,1,1,,2,1
8,34,1,5,2008,4,7,1,2,2,1,2,1,1,1,2,4,1,2,4,6,1,1,,2,2
9,34,4,1,2008,3,7,1,2,2,1,2,1,1,1,1,4,1,2,6,6,1,7,35,2,2
9,34,4,8,2008,4,1,1,2,2,1,2,1,1,1,1,3,1,2,9,2,1,3,,2,2
9,34,4,9,2008,3,1,1,2,2,1,1,1,1,1,1,1,1,1,4,6,1,3,45,2,1
4,34,4,1,2008,4,1,1,2,2,1,3,1,1,1,1,1,1,2,9,4,1,7,,2,2
4,34,3,2,2008,3,1,1,2,2,1,1,1,1,1,1,1,1,2,9,5,1,1,30,2,2
4,34,4,3,2008,3,1,1,2,2,1,1,1,1,1,1,1,1,2,8,5,1,1,32,1,2
4,34,3,5,2008,2,7,1,2,2,1,1,1,1,1,1,1,1,1,7,11,1,1,30,2,2
4,34,3,8,2008,2,7,1,2,2,1,1,2,1,1,1,4,1,2,9,1,1,1,,2,2
4,32,4,3,2008,3,1,1,2,2,1,1,1,1,1,1,2,1,2,6,6,1,1,,2,2
1,32,4,4,2008,2,1,1,2,2,1,1,1,1,1,1,1,1,2,9,6,1,1,,1,2
1,32,4,1,2008,3,1,1,2,2,1,1,1,1,1,1,4,1,2,9,6,1,1,,1,2
1,32,3,5,2008,3,1,1,2,2,1,1,1,1,1,1,2,1,1,9,6,1,1,,2,2
1,32,4,6,2008,2,1,1,2,2,1,1,2,1,1,1,1,1,1,12,7,1,1,,2,2
3,30,4,11,2008,4,1,1,2,2,1,4,2,1,1,1,1,1,2,19,6,1,1,,2,2
1,30,4,10,2008,3,1,1,2,2,1,1,1,1,1,1,1,1,2,8,6,2,1,37,2,2
1,30,4,10,2008,4,7,1,2,2,1,2,1,1,1,1,4,1,1,4,6,1,1,35,2,2
1,30,4,11,2008,3,1,1,2,2,1,1,1,1,1,1,4,1,2,4,6,1,1,,2,2
6,31,4,7,2008,3,7,1,2,2,1,1,1,1,1,1,2,1,2,8,8,1,6,32,2,2
6,31,4,7,2008,3,7,1,2,2,1,1,3,1,1,1,2,1,2,19,11,1,7,,2,2
4,31,4,1,2008,2,1,1,2,2,1,1,1,1,1,1,3,1,1,9,6,1,1,28,2,2
4,31,4,2,2008,2,1,1,2,2,1,1,1,1,2,2,4,1,2,19,6,2,1,30,2,2
4,31,4,4,2008,2,1,1,2,2,1,1,1,1,1,1,4,1,2,4,6,1,1,,2,1
4,31,4,6,2008,3,1,1,2,2,1,1,2,1,2,1,4,1,2,4,6,1,1,24,2,1
4,31,4,2,2008,3,1,1,2,2,1,1,1,5,1,1,4,1,2,4,6,1,1,30,2,2
4,31,4,9,2008,4,1,1,2,2,1,4,1,1,1,1,4,1,1,4,6,1,1,24,2,1
4,31,4,9,2008,3,1,1,2,2,1,1,1,1,1,1,4,1,2,14,6,1,1,,1,2
4,31,4,10,2008,3,1,1,2,2,1,1,1,1,1,1,4,1,1,4,6,1,1,24,2,1
2,31,4,9,2008,3,7,8,2,2,1,1,1,1,1,1,4,1,2,4,6,1,1,28,2,1
1,31,4,7,2008,2,1,8,2,2,1,1,1,1,1,1,2,1,2,4,11,1,1,,2,1
1,31,4,8,2008,2,1,1,2,2,1,1,1,1,1,3,2,1,2,8,11,1,1,30,2,2
4,33,4,3,2008,2,1,1,2,2,1,1,1,1,1,1,4,1,2,9,6,1,1,,2,2
4,33,4,4,2008,2,1,2,2,2,1,1,1,1,1,1,2,1,1,14,6,1,1,,1,2
4,33,3,8,2008,2,1,3,2,2,1,1,1,1,1,1,2,1,2,14,6,1,1,,1,2
4,33,4,10,2008,3,7,2,2,2,1,1,1,1,1,1,2,1,2,9,6,1,1,,2,2
4,33,4,10,2008,2,7,1,2,2,1,1,1,1,1,1,2,1,2,14,6,1,1,,1,2
4,33,4,11,2008,2,1,3,2,2,1,1,1,1,1,1,2,1,2,14,6,1,1,,1,2
5,33,4,4,2008,3,1,1,2,2,1,1,1,1,1,2,4,4,2,6,11,2,1,,2,2
5,33,4,4,2008,2,7,1,2,2,1,1,1,1,1,2,2,1,2,9,6,1,3,,2,2
1,33,4,5,2008,3,7,8,2,2,1,1,1,1,1,1,4,1,2,9,11,1,7,,2,2
1,33,4,8,2008,2,1,1,2,2,1,1,1,1,1,1,2,1,1,9,6,1,1,,1,2
1,33,4,9,2008,,1,1,2,2,1,1,1,1,1,1,4,1,2,14,6,1,1,,2,2
1,33,1,11,2008,3,7,1,2,2,1,1,1,1,1,1,4,1,2,14,6,1,1,,2,2
2,33,4,1,2008,2,1,1,2,2,1,1,1,1,1,1,4,1,2,9,6,1,1,,2,2
2,33,4,10,2008,2,1,1,2,2,1,1,3,1,1,2,4,1,2,14,6,1,1,49,1,2
2,27,4,1,2008,4,1,1,2,2,1,2,1,1,1,1,1,1,2,12,6,1,1,,2,2
2,27,3,3,2008,3,1,1,2,2,1,1,1,1,1,1,1,1,2,9,6,1,6,,2,2
2,27,3,6,2008,2,7,1,2,2,1,1,1,1,1,1,1,1,2,9,11,1,1,45,1,2
2,27,4,6,2008,2,1,1,2,2,1,1,1,1,1,1,2,1,2,19,6,1,1,,1,2
2,27,4,7,2008,3,1,1,2,2,1,1,1,5,1,1,1,1,2,9,6,1,1,,2,2
2,27,3,7,2008,3,1,1,2,2,1,1,1,1,1,1,2,1,2,9,6,1,1,38,2,2
2,27,4,10,2008,2,7,8,2,2,1,1,2,1,1,1,4,1,2,8,1,1,7,40,2,2
2,27,4,11,2008,2,3,3,2,2,1,1,1,1,1,1,2,1,2,9,6,1,7,,1,2
4,27,4,8,2008,3,1,1,2,2,2,1,1,2,1,2,2,1,2,8,6,1,1,32,1,2
6,27,4,4,2008,2,4,3,2,2,1,1,1,1,1,1,4,1,2,4,6,1,1,,2,1
6,27,4,7,2008,4,1,1,2,2,2,2,4,2,1,1,4,1,2,4,6,1,1,25,2,2
6,27,4,11,2008,2,1,1,2,2,1,1,1,1,1,1,4,1,2,4,6,1,1,30,2,1
1,27,4,3,2008,2,7,1,2,2,1,1,3,1,1,1,4,1,1,10,9,1,1,,1,2
1,27,3,7,2008,3,2,1,2,2,1,1,1,1,1,1,1,1,1,9,6,1,1,39,1,2
1,27,4,8,2008,2,7,3,2,2,2,1,2,2,1,3,4,1,2,8,6,1,1,,2,1
1,27,4,8,2008,4,2,3,2,2,2,2,2,2,1,3,4,1,2,8,6,1,1,,2,1
1,27,4,8,2008,3,1,1,2,2,1,1,1,1,1,1,3,1,2,12,6,1,1,21,1,2
6,34,4,12,2008,2,1,1,2,2,1,1,1,1,1,1,1,1,2,14,2,1,1,30,2,2
6,34,4,12,2008,2,1,1,2,2,1,1,1,1,1,1,1,1,2,7,2,1,1,25,2,2
3,34,4,12,2008,2,1,1,2,2,1,1,1,1,1,1,1,1,2,9,11,1,1,,2,2
1,31,4,12,2008,3,7,1,2,2,1,1,1,1,1,1,2,1,1,8,4,1,1,,2,2
1,31,4,12,2008,2,3,1,2,2,1,1,2,1,1,1,2,1,1,8,1,1,1,,2,2
2,32,4,12,2008,2,1,1,2,2,1,1,1,1,1,1,4,1,2,4,6,1,1,35,2,1
1,27,3,10,2008,4,4,1,2,2,1,4,1,1,1,1,2,1,2,4,2,1,1,,2,1
2,27,3,12,2008,2,1,3,2,2,1,1,1,1,1,1,2,1,2,8,6,1,1,,2,2
2,27,4,12,2008,2,1,1,2,2,1,1,1,1,1,1,1,1,2,9,6,1,1,,2,2
4,32,4,4,2008,2,1,1,2,2,1,1,1,1,1,1,1,1,2,9,6,1,1,,2,2
6,34,4,4,2008,1,1,1,2,2,1,4,1,1,1,1,1,1,2,14,6,1,1,45,1,2
1,27,4,11,2008,3,3,1,2,2,1,1,4,1,1,3,4,1,2,6,2,1,3,,2,2
7,64,4,1,2008,4,2,1,1,1,1,2,1,1,1,1,5,1,1,14,6,1,1,,1,2
7,64,4,2,2008,3,1,1,2,2,1,1,1,1,1,1,5,1,1,14,6,1,1,29,1,2
7,64,4,2,2008,2,3,8,2,2,1,1,1,1,1,1,5,1,1,,6,1,1,,1,2
7,64,4,4,2008,4,2,6,2,2,1,3,1,1,1,1,5,1,1,14,6,1,1,,1,2
7,64,4,4,2008,4,1,1,2,2,1,3,1,1,1,1,5,1,1,,6,1,1,,1,2
7,64,3,8,2008,2,3,1,1,1,1,1,1,1,1,1,5,1,1,10,6,1,1,21,2,2
12,64,4,1,2008,3,7,,2,2,1,2,1,1,1,1,1,1,2,19,11,1,1,,1,2
10,64,4,1,2008,3,7,8,2,2,1,1,1,1,1,1,1,1,1,7,6,1,1,,1,2
10,64,4,9,2008,4,1,8,1,2,1,2,1,1,1,1,1,1,1,14,6,1,1,,1,2
10,64,4,7,2008,4,1,8,1,2,1,2,1,1,1,1,1,1,1,9,6,1,1,,1,2
10,64,4,4,2008,4,1,8,2,2,1,2,1,1,1,1,1,1,1,14,6,1,1,,1,2
9,64,4,3,2008,4,3,3,2,1,1,3,1,1,1,1,5,1,1,14,6,1,1,26,1,2
9,64,3,7,2008,2,7,8,1,2,1,1,1,1,1,1,5,1,1,7,6,1,1,45,1,2
8,64,4,2,2008,2,7,3,1,2,1,1,1,1,1,1,5,1,1,9,6,1,7,38,1,2
8,64,4,1,2008,3,7,3,2,1,1,1,1,1,1,1,5,1,1,8,6,1,7,,1,2
8,64,4,5,2008,4,1,3,2,1,1,2,1,1,1,1,5,1,1,9,6,1,1,,2,2
8,64,4,7,2008,4,1,5,2,2,1,3,1,1,1,1,5,1,1,8,6,2,6,,1,2
8,64,4,9,2008,3,1,3,2,1,1,1,1,1,1,1,5,1,1,8,6,2,6,,1,2
5,64,4,1,2008,4,7,1,2,2,1,3,1,1,1,1,5,1,1,14,6,1,1,35,1,2
5,64,3,1,2008,2,2,4,2,1,1,3,1,1,1,1,5,1,1,14,6,1,1,49,1,2
5,64,4,3,2008,3,7,1,2,2,1,1,1,1,1,1,5,1,1,9,6,1,1,35,1,2
5,64,4,6,2008,1,3,4,2,1,1,3,1,1,1,1,5,1,1,5,6,1,6,39,1,2
5,64,4,10,2008,1,7,1,2,2,1,2,1,1,1,1,5,1,1,9,6,1,6,,1,2
5,64,4,11,2008,,1,1,2,2,1,4,1,1,1,1,1,1,2,,6,1,1,,1,2
4,64,4,5,2008,4,1,1,2,2,1,3,1,1,1,1,5,1,1,14,6,1,1,24,2,2
4,64,3,7,2008,2,2,1,2,2,1,1,1,1,1,1,5,1,1,10,5,1,1,,1,2
4,64,4,12,2008,,2,6,2,1,1,1,1,1,1,1,5,1,1,,6,2,7,,1,2
6,64,4,1,2008,2,2,6,1,1,1,1,1,1,1,1,5,1,1,10,6,1,1,,2,1
6,64,3,4,2008,4,2,1,1,1,1,3,1,1,1,1,5,1,1,10,7,1,1,,2,2
6,64,3,8,2008,2,2,3,1,2,1,1,1,1,1,1,5,1,1,8,6,1,1,,1,2
1,64,4,1,2008,1,2,4,2,1,1,1,2,1,1,1,5,1,1,9,6,1,1,,1,2
1,64,3,5,2008,3,1,1,2,1,1,1,1,1,1,1,5,1,1,9,6,1,1,,1,2
2,64,4,2,2008,3,1,1,2,1,1,3,1,1,1,1,3,1,1,14,6,1,1,,1,2
2,64,3,2,2008,2,7,8,2,2,1,1,1,1,1,1,5,1,1,14,6,1,1,,1,2
2,64,3,3,2008,2,7,8,2,2,1,1,1,1,1,1,5,1,1,14,6,1,1,,1,2
2,64,3,6,2008,4,2,3,2,2,1,2,1,1,1,1,5,1,1,14,6,1,1,,1,2
2,64,3,6,2008,3,1,8,1,2,1,1,1,1,1,1,5,1,1,14,6,1,1,,1,2
2,64,4,6,2008,3,1,1,2,1,1,3,1,1,1,1,5,1,1,5,6,1,1,,2,2
2,64,3,7,2008,2,1,1,2,1,1,1,1,1,1,1,5,1,1,9,6,1,1,,1,2
2,64,4,7,2008,2,2,1,2,1,1,1,1,1,1,1,5,1,1,14,6,1,1,,2,2
2,64,4,9,2008,4,1,1,2,1,1,4,1,1,1,1,1,1,1,14,11,,,,2,2
2,64,3,10,2008,4,1,8,2,2,1,3,1,1,1,1,5,1,1,19,6,1,1,,2,2
2,64,3,10,2008,4,1,1,2,2,1,3,1,1,1,1,5,1,1,14,6,1,1,,1,2
2,64,4,11,2008,4,1,1,2,1,1,3,1,1,1,1,5,1,1,9,6,1,1,,1,2
2,64,3,11,2008,2,1,8,2,1,1,1,1,1,1,1,5,1,1,4,6,1,1,,2,2
11,64,4,1,2008,2,2,8,1,1,1,1,1,1,1,1,5,1,1,14,6,1,1,,1,2
11,64,3,4,2008,2,2,8,1,2,1,1,1,1,1,1,5,1,1,8,6,1,1,,1,2
11,64,4,4,2008,4,2,8,1,2,1,4,1,1,1,1,5,1,1,14,6,1,1,,1,2
11,64,4,5,2008,4,2,8,1,2,1,4,1,1,1,1,5,1,1,14,6,1,1,,1,2
11,64,4,6,2008,4,2,1,1,2,1,1,1,1,1,1,5,1,1,14,6,1,1,,1,2
11,64,4,8,2008,4,2,8,1,1,1,1,1,1,1,1,5,1,1,8,6,1,1,,1,2
11,64,4,11,2008,2,3,1,1,2,1,1,1,1,1,1,5,1,1,14,6,1,1,,1,2
11,64,4,11,2008,2,2,8,1,2,1,1,1,1,1,1,5,1,1,9,6,1,1,,1,2
1,64,4,12,2008,4,2,5,2,1,1,2,1,1,1,1,5,1,1,,6,1,1,,1,2
4,64,3,12,2008,,2,3,2,1,1,1,1,1,1,1,5,1,1,,6,1,1,,1,2
7,64,3,11,2008,1,5,8,2,1,1,3,1,1,1,1,5,1,1,10,6,1,1,,2,2
8,64,4,12,2008,4,1,1,2,2,1,2,1,1,1,1,5,1,1,9,6,1,1,,2,2
10,64,4,12,2008,3,7,3,1,2,1,1,1,1,1,1,5,2,1,7,6,1,1,38,1,2
3,64,4,1,2008,3,1,1,2,2,1,2,1,5,1,1,5,1,1,6,2,1,7,35,2,2
3,64,4,3,2008,2,3,1,2,1,1,1,1,1,1,1,5,1,1,9,6,1,7,,1,2
3,64,4,4,2008,2,1,2,2,1,1,1,1,5,1,1,5,1,1,19,6,1,7,,1,2
3,64,4,5,2008,2,1,1,2,1,1,2,1,5,1,1,5,1,1,14,6,1,1,,1,2
3,64,4,7,2008,3,7,8,2,1,1,1,1,2,1,2,5,1,1,8,6,1,1,,2,2
3,64,4,10,2008,2,3,3,1,1,1,1,1,1,1,1,5,1,1,8,6,2,7,39,1,2
3,64,4,10,2008,4,3,3,1,1,1,2,1,1,1,1,5,1,1,8,6,2,7,,1,2
3,64,4,12,2008,2,1,8,2,1,1,1,1,5,1,1,5,1,1,19,11,1,,,1,2
10,64,3,3,2008,2,1,8,2,2,1,1,1,1,1,1,5,1,1,9,6,1,1,,1,2
1,57,4,1,2008,3,3,1,2,2,1,1,1,1,1,1,1,1,2,9,6,1,1,,1,2
1,61,4,8,2008,4,1,1,2,2,2,4,1,2,1,1,1,1,1,7,6,1,1,,2,2
1,61,4,8,2008,4,2,1,2,2,2,1,1,2,1,1,1,1,2,9,1,1,1,,2,2
1,57,4,2,2008,2,1,1,2,2,1,1,1,1,1,1,1,1,1,9,6,1,1,,2,2
1,61,4,9,2008,3,1,1,2,2,1,1,1,1,1,1,1,1,1,4,2,1,1,,2,2
1,57,4,6,2008,4,1,1,2,2,1,4,1,1,1,1,1,1,2,9,6,1,1,,2,2
1,57,4,5,2008,2,1,1,2,2,1,1,1,1,1,1,1,1,2,9,6,1,1,,1,2
1,57,4,6,2008,2,1,1,2,2,1,2,2,1,1,1,1,1,2,19,2,1,7,,1,2
3,57,4,2,2008,2,1,1,2,2,1,2,1,1,1,1,1,2,2,9,6,1,1,,2,2
3,57,4,9,2008,1,1,1,2,2,1,4,1,1,1,1,1,1,2,9,6,1,1,,1,2
3,57,4,7,2008,2,1,1,2,2,1,1,1,1,1,1,1,1,2,9,5,1,1,,2,2
7,57,4,2,2008,3,1,8,2,2,1,1,3,1,1,2,4,1,2,6,11,1,7,22,2,2
7,57,1,4,2008,2,2,8,2,2,1,1,1,1,1,1,4,2,2,14,11,1,1,40,2,2
5,57,4,2,2008,3,1,1,2,2,1,1,1,1,1,1,4,1,2,17,11,2,1,,2,2
2,57,4,2,2008,2,1,1,2,2,1,1,1,1,1,1,3,1,2,6,6,1,1,,2,2
1,59,3,10,2008,2,1,1,2,2,1,1,1,2,2,1,4,1,2,8,2,1,1,22,2,2
1,59,4,7,2008,4,1,1,2,2,1,4,1,1,1,1,1,1,2,9,6,1,1,,1,2
1,59,1,6,2008,2,7,1,2,2,1,1,1,1,1,1,5,1,1,4,6,1,1,,2,2
1,59,4,6,2008,3,1,1,2,2,1,1,1,1,1,1,5,1,1,14,6,1,1,40,2,2
6,59,4,7,2008,3,1,1,1,2,1,1,1,1,1,1,4,1,2,6,4,2,1,30,2,2
2,59,4,3,2008,3,1,1,2,2,1,1,1,1,1,1,1,2,,9,6,1,1,,2,2