Thana,District,Accident_Severity,Month,Year,Time,Junction_Type,Traffic_Control,Movement,Divider,Weather,Light,Road_Geometry,Surface_Condition,Surface_Type,Surface_Quality,Road_Class,Road_Feature,Location_Type,Vehicle_Type,Vehicle_Movement,Vehicle_Loading,Vehicle_Defect,Vehicle_Driver_Age,Vehicle_Alcohol,Vehicle_Seat_Belt
8,58,4,1,2008,2,1,1,2,2,4,2,1,1,1,1,1,1,2,14,6,1,1,,2,2
8,58,3,1,2008,2,1,1,2,2,1,4,3,1,1,1,4,1,2,4,2,1,1,25,2,2
8,58,4,3,2008,2,1,1,2,2,1,2,1,1,1,1,2,1,2,12,6,1,1,24,2,2
8,58,4,3,2008,3,1,1,2,2,1,1,1,1,1,2,2,1,2,14,6,1,1,45,2,2
8,58,4,4,2008,1,1,1,2,2,1,2,1,1,1,1,3,1,1,17,6,1,1,35,2,2
8,58,4,4,2008,2,1,1,2,2,1,1,1,1,1,1,2,1,2,14,6,1,1,,2,2
8,58,3,5,2008,2,1,1,2,2,1,1,1,1,1,1,1,1,2,14,6,1,1,28,2,2
8,58,4,7,2008,1,1,1,2,2,1,1,1,1,1,1,1,1,2,9,11,1,1,,2,2
2,58,4,8,2008,4,7,1,2,2,4,2,1,1,1,1,3,1,2,14,11,2,7,,1,2
2,58,4,7,2008,2,1,1,2,2,1,1,3,1,1,1,1,4,2,7,11,1,1,30,1,2
2,58,4,4,2008,1,7,1,2,2,1,1,1,1,1,1,2,1,2,4,6,1,1,25,1,2
3,58,4,2,2008,3,1,1,2,2,1,1,1,1,3,1,4,1,2,17,6,1,1,,1,2
3,58,4,2,2008,2,1,1,2,2,1,1,1,1,1,1,2,1,2,9,6,1,1,,1,2
4,58,3,1,2008,2,1,1,2,2,1,1,1,1,1,1,3,1,2,5,6,1,1,,2,2
4,58,4,3,2008,3,3,1,2,2,1,1,1,1,1,1,2,1,2,14,6,1,1,45,2,1
4,58,4,4,2008,3,4,3,2,2,1,1,1,1,1,1,1,1,,7,6,1,1,,1,2
4,58,4,8,2008,2,1,1,2,2,1,1,1,1,1,1,1,1,1,9,6,1,1,28,2,2
14,58,4,1,2008,1,1,1,2,2,1,2,1,1,1,1,1,1,1,19,6,1,1,,2,2
14,58,4,1,2008,2,1,1,2,2,1,2,1,1,1,1,1,1,1,4,6,1,1,,1,2
14,58,4,2,2008,4,1,1,2,2,1,1,1,1,1,1,1,1,1,1,1,1,1,,1,2
1,58,4,2,2008,1,1,1,2,2,1,1,1,1,1,1,1,1,1,1,,1,1,,1,2
14,58,4,3,2008,2,1,1,2,2,1,1,1,1,1,1,2,1,2,9,6,1,1,,2,2
14,58,4,3,2008,3,3,1,2,2,1,1,3,1,3,1,2,1,2,17,7,1,1,40,2,2
14,58,4,3,2008,3,1,1,2,2,1,4,1,1,1,1,1,1,1,9,6,1,1,,2,2
14,58,4,4,2008,2,2,1,2,2,1,1,1,1,1,1,1,1,1,14,5,1,1,,1,1
14,58,4,5,2008,2,1,1,2,2,1,2,1,1,1,1,1,1,1,15,5,1,1,30,1,2
1,58,2,2,2008,1,1,1,2,2,1,2,1,1,1,1,1,1,1,14,6,1,1,47,2,2
9,58,4,2,2008,4,1,1,2,2,1,3,1,1,1,1,4,1,2,19,11,1,7,,2,2
16,58,4,3,2008,1,1,1,2,2,1,1,1,1,3,2,3,1,2,17,6,1,1,,2,2
6,58,4,5,2008,1,1,1,2,2,1,2,1,1,1,1,1,1,2,14,6,1,1,34,2,2
2,58,4,1,2008,2,1,1,1,2,1,1,1,1,1,1,3,1,2,9,6,1,1,,2,2
1,61,4,5,2008,4,1,1,2,2,1,4,1,1,1,1,1,1,2,,6,1,1,,2,2
1,61,4,6,2008,4,1,1,1,2,2,4,1,2,1,1,5,1,1,,1,1,1,,2,2
1,61,4,6,2008,3,1,1,2,2,1,1,1,1,1,1,1,1,2,9,6,1,1,32,2,2
1,61,4,6,2008,3,1,1,2,2,1,1,1,1,1,1,1,1,2,14,6,1,1,,,
1,61,4,6,2008,1,1,1,2,2,1,1,1,1,1,1,1,1,1,1,,,,,2,2
1,61,4,7,2008,3,1,1,2,2,1,1,1,1,1,1,1,1,1,9,6,2,1,,2,2
1,61,3,7,2008,1,1,1,2,2,1,1,1,1,1,1,1,1,2,9,6,1,3,36,2,2
1,61,4,7,2008,3,3,8,2,2,1,1,1,1,1,1,1,1,2,9,1,2,7,,1,2
1,61,4,1,2008,3,2,1,2,2,1,1,1,1,1,1,1,1,1,19,6,2,1,,2,2
2,61,4,6,2008,2,1,1,2,2,1,1,1,1,1,1,1,1,2,,6,2,1,,2,2
4,61,1,4,2008,3,1,8,2,2,1,1,1,1,1,1,4,1,2,17,6,1,1,,2,2
5,61,3,3,2008,4,1,1,2,2,1,1,1,1,1,1,3,1,1,9,6,1,1,,2,2
5,61,4,1,2008,2,7,8,2,2,1,1,1,1,1,1,4,1,2,13,6,1,3,27,2,2
6,61,3,4,2008,1,7,8,2,2,1,1,1,1,1,1,1,1,2,19,11,1,1,,2,2
1,67,4,5,2008,3,4,3,2,2,1,1,1,1,1,1,2,1,1,9,1,1,7,,1,2
1,67,4,10,2008,3,7,8,2,2,1,1,3,1,1,1,2,1,2,11,11,2,7,,2,2
2,67,4,3,2008,2,7,8,2,2,1,1,4,1,1,1,2,1,2,11,6,1,1,45,2,2
4,67,4,2,2008,4,7,8,2,2,1,2,4,5,1,2,4,4,2,14,11,1,1,,2,2
4,67,4,2,2008,2,1,8,2,2,1,1,4,5,1,2,4,4,2,9,11,2,1,,2,2
6,67,3,3,2008,3,1,1,2,2,1,1,1,1,1,1,2,1,2,8,6,1,1,,2,2
7,67,3,1,2008,3,7,8,2,2,1,1,2,1,1,3,1,1,2,11,6,1,1,31,2,2
7,67,4,3,2008,2,1,1,2,2,1,1,3,1,1,3,5,4,2,14,2,1,1,,2,2
7,67,1,10,2008,3,1,1,2,2,1,1,1,1,1,1,3,1,2,14,6,1,1,,2,2
7,67,3,3,2008,3,1,8,2,2,1,1,4,1,2,2,4,4,2,6,8,1,1,,2,2
7,67,4,7,2008,2,7,7,2,2,1,1,2,1,1,2,2,1,2,8,9,1,1,,2,2
1,65,4,4,2008,3,7,1,1,1,1,1,1,1,1,3,4,1,2,10,6,1,1,25,2,2
7,65,4,4,2008,2,3,6,2,2,1,1,3,1,1,1,1,1,2,5,6,1,1,26,2,2
7,65,4,4,2008,4,3,3,2,2,1,1,1,1,1,1,2,1,2,8,6,1,1,31,2,2
7,65,3,2,2008,1,1,8,2,2,1,1,1,1,1,1,2,1,2,8,6,1,1,,2,2
7,65,4,3,2008,4,7,1,2,2,1,1,2,1,1,1,1,1,2,9,1,1,7,30,2,2
7,65,4,4,2008,4,3,8,2,2,1,1,3,1,1,1,1,1,2,5,6,1,1,26,2,2
7,65,4,4,2008,,3,3,2,2,1,1,1,1,1,1,2,1,2,8,6,1,1,31,2,2
1,59,4,2,2008,4,2,1,2,2,1,2,2,1,1,1,5,3,1,16,9,1,1,42,2,2
6,59,4,1,2008,3,1,1,2,2,2,1,1,2,1,1,4,1,2,6,11,2,1,26,2,2
2,62,4,1,2008,3,1,1,2,2,1,1,1,1,1,1,2,1,2,12,4,1,1,,2,2
3,62,4,7,2008,2,3,1,2,2,1,1,1,1,1,1,2,1,2,4,6,1,1,27,2,2
4,62,4,7,2008,2,7,8,2,2,1,1,1,1,1,1,4,1,2,8,4,1,1,30,2,2
4,62,4,8,2008,2,1,1,2,2,1,1,1,1,1,1,2,1,1,9,6,1,1,,2,2
4,62,4,8,2008,1,1,8,2,2,1,1,1,1,1,1,4,1,2,9,6,1,1,35,2,2
4,62,1,9,2008,3,1,8,2,2,1,1,1,1,1,1,2,1,1,19,6,1,1,25,2,2
4,62,4,9,2008,3,7,1,2,2,1,1,1,1,1,1,4,1,2,14,1,1,1,22,2,2
5,60,1,1,2008,1,1,1,2,2,1,1,1,1,1,1,3,1,2,3,6,1,1,,2,2
5,60,1,1,2008,1,1,1,2,2,1,1,1,1,1,1,1,1,2,5,4,1,1,,2,2
5,60,4,2,2008,1,2,1,2,2,1,1,1,1,1,1,1,1,2,17,6,1,1,,2,2
2,63,4,3,2008,3,1,1,2,2,1,1,1,1,1,1,3,1,2,9,6,1,7,40,1,2
4,63,4,5,2008,4,7,8,2,2,1,3,1,1,1,1,1,1,2,8,6,1,1,,1,2
6,63,3,9,2008,3,1,8,2,2,1,1,1,1,1,1,2,1,2,9,8,1,7,32,2,2
8,63,3,1,2008,4,1,1,2,2,1,1,1,1,1,1,1,1,1,4,6,1,7,22,2,2
8,63,4,2,2008,3,1,1,2,2,1,1,1,1,1,1,1,1,2,5,6,1,1,,2,2
8,63,4,6,2008,2,1,1,2,2,1,1,2,2,1,1,1,1,2,,,,,,,
8,63,4,7,2008,3,1,1,2,2,2,4,1,4,1,1,1,1,1,,,,,,2,2
8,63,4,7,2008,4,1,3,2,2,2,2,1,1,1,1,1,1,2,,,,,,,
8,63,4,7,2008,4,1,1,2,2,2,2,1,2,1,1,1,1,2,,,,,,,
8,63,4,10,2008,3,7,1,2,2,1,1,1,1,1,1,1,1,2,,,,,,2,2
9,63,4,1,2008,4,1,1,2,2,1,2,2,1,1,1,1,1,2,9,1,1,1,50,2,2
9,63,4,1,2008,4,1,1,2,2,1,1,1,1,1,1,1,1,1,9,6,1,1,,2,2
9,63,4,1,2008,3,7,1,2,2,1,1,1,1,1,1,1,1,1,13,6,1,1,,2,2
9,63,4,3,2008,3,1,1,2,2,1,4,1,1,1,1,1,1,2,,,,,,,
9,63,4,8,2008,4,1,3,2,2,1,4,3,1,1,1,1,1,2,9,5,1,1,,2,2
11,63,4,5,2008,1,2,1,1,1,1,1,1,1,1,1,1,1,2,14,6,2,3,,2,2
11,63,4,3,2008,1,2,3,2,2,1,1,1,1,1,1,1,1,2,14,2,1,3,,2,2
13,63,4,9,2008,3,1,8,2,2,1,1,1,1,1,1,1,1,2,,,,,,2,2
13,63,4,3,2008,3,1,8,2,2,1,4,5,1,1,1,1,1,1,14,11,1,1,,1,2
14,58,4,10,2008,4,1,3,2,2,1,3,1,1,1,1,2,1,2,,,,,,,
5,58,4,10,2008,3,1,1,2,1,2,1,1,2,1,1,1,1,2,9,8,1,1,,,
5,58,4,11,2008,2,1,1,2,1,1,1,1,1,1,1,2,1,2,,,,,,,
7,58,4,7,2008,3,1,1,2,2,1,1,1,1,1,1,1,1,2,12,5,1,1,,2,2
7,58,4,3,2008,4,1,1,2,2,1,1,1,1,1,1,1,1,2,,,,,,,
7,58,4,2,2008,1,1,1,2,2,1,1,1,1,1,1,1,1,2,,,,,,2,2
7,58,4,2,2008,1,1,1,2,2,1,1,1,1,1,1,1,1,2,,,,,,,
7,58,4,1,2008,2,1,1,2,2,1,1,1,1,1,1,1,1,2,9,1,1,1,,,
7,58,4,6,2008,4,1,1,2,2,1,4,1,1,1,1,1,1,2,,,,,,,
7,58,4,9,2008,1,1,1,2,2,1,1,1,1,1,1,1,1,2,10,6,1,1,45,2,2
7,58,4,8,2008,2,1,1,2,2,1,2,1,1,1,1,3,1,2,,,,,,,
7,58,4,10,2008,1,1,1,2,2,1,2,1,1,1,1,1,1,2,,,,,,,
7,58,4,5,2008,3,1,1,2,2,1,1,1,1,1,1,1,1,2,9,6,1,1,,2,2
8,58,4,10,2008,3,1,1,2,2,1,1,1,1,1,1,2,1,2,9,6,1,1,,2,2
4,58,4,4,2008,3,3,1,2,2,1,1,1,1,1,1,1,1,2,7,6,1,1,,2,2
13,63,4,9,2008,3,1,8,2,2,1,1,1,1,1,1,1,1,1,,,,,,,
13,63,3,5,2008,4,7,1,2,2,1,4,3,1,1,2,3,1,2,14,6,1,2,,2,2
13,63,4,3,2008,4,1,8,2,2,1,4,5,1,1,1,1,1,1,14,11,,,,,
2,63,3,10,2008,1,7,3,2,2,1,1,1,1,1,1,1,1,1,9,6,1,1,,2,2
2,63,4,3,2008,3,1,1,2,2,1,1,1,1,1,1,3,1,2,9,6,1,7,40,2,2
4,63,4,7,2008,2,1,8,2,2,1,1,1,1,1,1,2,1,2,9,7,,,30,2,2
4,63,4,5,2008,4,7,8,2,2,1,3,1,1,1,1,1,1,1,8,6,1,1,,2,2
5,63,4,5,2008,1,1,1,2,2,1,4,4,1,1,1,2,1,2,9,6,2,1,,2,2
6,63,3,12,2008,2,1,1,2,2,1,1,1,1,1,1,2,1,2,5,6,1,1,28,2,2
6,63,4,9,2008,3,1,8,2,2,1,1,1,1,1,1,2,1,2,9,8,1,1,38,2,2
6,63,4,3,2008,3,7,8,2,2,2,1,1,5,1,1,2,1,1,6,11,1,1,,2,2
7,63,4,12,2008,4,1,8,1,2,1,2,2,1,1,1,1,1,2,9,11,1,1,,2,2
7,63,4,8,2008,3,1,8,2,2,1,1,1,5,1,1,2,1,2,9,6,1,1,,2,2
7,63,4,8,2008,3,1,8,2,2,1,1,1,5,1,1,1,1,2,9,6,1,1,,2,2
7,63,4,5,2008,1,1,8,2,2,1,2,1,1,1,1,1,1,2,,,,,,,
7,63,4,2,2008,3,7,8,2,2,1,1,3,1,1,1,2,1,2,13,6,1,7,35,2,2
7,63,4,2,2008,3,1,8,2,2,1,1,1,1,1,1,1,1,2,13,6,1,1,,2,2
7,63,4,1,2008,4,1,8,2,2,1,3,2,5,1,1,2,1,2,,,,,,,
7,63,4,1,2008,3,1,8,2,2,1,1,1,1,1,1,2,1,1,,,,,,,
8,63,4,12,2008,3,1,1,2,2,1,1,1,1,1,1,1,1,2,9,6,1,1,,2,2
8,63,4,10,2008,3,1,1,2,2,1,1,1,1,1,1,1,1,2,,,,,,,
8,63,4,7,2008,1,1,1,2,2,1,4,1,4,1,1,1,1,1,,,,,,,
8,63,4,6,2008,2,7,1,2,2,2,2,2,2,1,1,1,1,2,,,,,,,
8,63,4,7,2008,2,1,1,2,2,2,2,1,2,2,1,1,1,2,,,,,,,
8,63,4,7,2008,2,1,1,2,2,1,2,1,1,1,1,1,1,2,,,,,,,
8,63,4,3,2008,3,1,1,2,2,1,4,1,1,1,1,1,1,2,,,,,,,
8,63,4,2,2008,1,1,1,2,2,1,1,1,1,1,1,1,1,2,,,,,,,
8,63,3,1,2008,2,1,1,2,2,1,1,1,1,1,1,1,1,2,,,,,,,
9,63,4,8,2008,4,1,1,2,2,1,4,3,1,1,1,1,1,2,9,5,1,2,,1,2
9,63,4,3,2008,1,1,1,2,2,1,4,1,1,1,1,1,1,2,14,11,,,,,
9,63,4,1,2008,2,7,1,2,2,1,1,1,1,1,1,1,1,1,13,6,1,1,,2,2
9,63,4,1,2008,2,1,1,2,2,1,1,2,1,1,1,1,1,1,9,6,1,1,,2,2
9,63,4,1,2008,2,1,1,2,2,1,2,2,1,1,1,1,1,2,9,1,1,1,50,2,2
10,63,3,2,2008,3,1,1,2,2,1,1,1,1,1,1,2,1,2,14,5,1,1,40,2,2
10,63,4,1,2008,2,1,1,2,2,1,1,1,1,1,1,1,1,2,4,6,1,1,,2,2
11,63,4,1,2008,2,1,1,2,2,1,1,1,1,1,1,1,1,2,14,1,2,2,,,
11,63,3,5,2008,,1,1,2,1,2,4,1,2,1,1,1,1,2,14,8,1,7,,,
14,63,4,10,2008,2,1,1,2,2,1,2,1,1,1,1,1,1,2,,,,,,,
14,63,4,10,2008,1,1,1,2,2,1,1,1,1,1,1,1,1,2,,,,,,,
14,63,4,10,2008,2,1,8,2,2,1,4,1,1,1,1,1,1,2,,,,,,,
14,63,4,8,2008,2,1,1,2,2,2,2,1,2,1,2,1,1,2,,,,,,,
11,63,4,5,2008,1,1,1,2,2,1,1,1,1,1,1,1,1,1,14,1,1,1,,2,2
11,63,4,3,2008,1,1,1,2,2,1,1,1,1,1,1,1,1,2,14,1,1,1,,2,2
14,63,4,5,2008,3,1,1,1,1,1,1,1,1,1,1,1,1,2,9,6,1,1,,2,2
14,63,4,5,2008,1,1,1,2,2,1,4,3,1,1,1,1,1,2,,,,,,,
14,63,4,3,2008,2,1,2,2,2,1,1,1,1,1,1,1,1,2,14,6,1,1,,2,2
14,63,4,3,2008,2,1,1,2,2,1,1,1,1,1,1,1,1,2,9,6,1,1,45,1,2
14,63,4,3,2008,3,1,1,2,2,1,1,2,1,1,1,1,1,2,14,6,1,1,,,
14,63,4,1,2008,1,1,1,2,2,1,2,1,1,1,1,1,1,2,14,6,1,7,,,
14,63,4,2,2008,2,1,1,2,2,1,1,1,1,1,1,1,1,2,9,5,1,1,30,2,2
14,63,4,2,2008,2,1,1,2,2,1,1,1,1,1,1,1,1,2,,,,,,,
14,63,4,2,2008,2,1,1,2,2,1,1,1,1,1,1,1,1,2,,,,,,,
3,62,4,2,2008,2,7,8,2,2,1,1,3,1,3,2,2,1,2,,,,,,,
4,62,4,2,2008,2,1,3,2,2,1,1,1,1,1,1,2,1,2,,,,,,,
4,62,4,6,2008,4,1,1,2,2,1,4,1,1,1,1,2,1,2,8,6,1,3,23,2,2
1,62,4,10,2008,2,7,1,2,2,1,1,1,1,1,1,2,1,2,5,2,1,1,28,2,2
1,62,4,5,2008,3,3,1,2,2,1,1,2,3,3,2,4,1,2,,,,,,,
3,62,1,11,2008,2,1,1,2,2,1,1,1,1,1,1,2,1,2,9,6,1,1,40,1,2
5,62,4,11,2008,3,1,2,2,2,1,1,1,1,1,1,1,1,2,14,2,1,1,25,2,2
3,62,4,11,2008,3,1,1,2,2,1,2,1,1,1,1,4,1,2,,,,,,,
5,62,4,12,2008,4,1,1,2,2,1,1,1,1,1,1,2,1,2,8,2,1,1,30,2,2
3,57,4,3,2008,3,7,3,2,2,1,1,5,1,1,1,1,1,2,,,,,,,
3,57,4,4,2008,2,5,3,2,2,1,1,1,1,1,1,1,1,1,14,3,1,1,,2,2
3,57,4,5,2008,3,7,3,2,2,1,1,1,1,1,1,1,1,2,10,6,1,7,26,2,2
3,57,4,5,2008,4,7,1,2,2,1,2,1,1,1,1,1,1,2,7,5,1,1,25,2,2
3,57,4,11,2008,4,7,1,2,2,1,3,1,1,1,1,1,1,2,,,,,,,
3,57,4,9,2008,1,7,1,2,2,1,1,1,1,1,1,1,1,2,,,,,,,
3,57,4,11,2008,2,7,1,2,2,1,1,1,1,1,1,1,1,2,,,,,,,
3,57,4,2,2008,4,1,1,2,2,1,1,1,1,1,1,1,1,2,,,,,,,
3,57,4,2,2008,3,1,1,2,2,1,1,1,1,1,1,1,1,2,,,,,,,
3,57,4,3,2008,1,5,4,2,2,1,2,1,1,1,1,1,1,1,7,6,1,1,,2,2
3,57,4,5,2008,2,1,1,2,2,1,1,1,1,1,1,1,1,2,14,1,1,1,,,
3,57,4,5,2008,3,1,1,2,2,1,1,1,1,1,1,1,1,2,,,,,,,
8,57,4,8,2008,2,1,8,2,2,1,1,1,1,1,1,1,1,2,6,6,1,1,,2,2
8,57,4,11,2008,4,1,8,2,2,1,1,1,1,1,1,1,1,2,,,,,,,
8,57,4,11,2008,2,1,1,2,2,1,1,1,1,1,1,1,1,2,13,6,1,1,,2,2
8,57,4,1,2008,1,1,1,2,2,1,1,1,1,1,1,1,1,2,4,6,1,1,,2,2
8,57,4,5,2008,1,1,1,2,2,1,1,1,1,1,1,1,1,2,,,,,,,
8,57,4,5,2008,1,1,1,2,2,1,1,1,1,1,1,1,1,2,8,6,1,1,,2,2
8,57,4,7,2008,3,1,1,2,2,1,2,1,1,1,1,1,1,2,8,6,1,1,,2,2
8,57,4,7,2008,3,1,1,2,2,1,1,1,1,1,1,1,1,2,13,6,1,1,,2,2
8,57,4,7,2008,3,1,1,2,2,1,1,1,1,1,1,1,1,2,,,,,,,
8,57,4,5,2008,4,1,3,2,2,1,1,1,1,1,1,1,1,2,9,1,1,1,,2,2
8,57,4,7,2008,3,1,3,2,2,1,1,1,1,1,1,1,1,2,13,1,1,1,,2,2
8,57,4,4,2008,2,1,8,2,2,1,1,1,1,1,1,1,1,2,13,1,1,1,,2,2
8,57,4,5,2008,4,1,1,2,2,1,1,1,1,1,1,1,1,2,14,1,1,1,,2,2
8,57,4,4,2008,2,7,3,2,2,1,1,1,2,1,1,1,1,2,,,,,,,
8,57,4,11,2008,2,1,1,2,2,1,1,1,1,1,1,1,1,2,9,1,1,1,35,2,2
8,57,4,10,2008,2,2,8,2,2,1,1,1,1,1,1,1,1,2,9,11,1,1,30,2,2
8,57,4,12,2008,2,1,1,2,2,4,2,1,1,1,1,1,1,2,9,6,1,1,45,2,2
6,57,4,3,2008,3,1,1,2,2,1,1,1,1,1,1,3,1,2,8,11,1,1,27,2,2
5,57,4,10,2008,3,7,1,2,2,1,1,1,1,1,1,1,1,2,14,5,2,1,,2,2
5,57,4,9,2008,4,7,1,2,2,1,1,1,1,1,1,3,1,2,9,6,1,7,30,2,2
5,57,4,8,2008,3,1,1,2,2,1,1,1,1,1,1,1,1,2,9,2,2,7,,1,2
5,57,4,5,2008,2,7,1,2,2,1,1,3,1,1,1,1,1,2,10,11,1,3,30,2,2
5,57,4,7,2008,2,1,1,2,2,1,1,1,1,1,1,1,1,2,9,6,2,1,,2,2
5,57,4,10,2008,2,7,1,2,2,1,1,1,1,1,1,1,1,2,9,5,1,1,42,2,2
1,57,4,2,2008,2,1,1,2,2,1,1,1,1,1,1,1,1,2,,,,,,,
1,57,4,11,2008,2,1,1,2,2,1,1,1,1,1,1,1,1,2,,,,,,,
1,57,4,12,2008,4,2,1,2,2,1,1,1,1,1,1,1,1,2,,,,,,,
1,57,4,12,2008,2,4,1,2,2,1,1,1,1,1,1,1,1,2,7,6,1,1,,2,2
1,57,4,11,2008,2,1,1,2,2,1,1,1,1,1,1,1,1,2,,,,,,,
1,57,3,8,2008,2,1,1,2,2,1,1,1,1,1,1,1,1,2,9,6,1,1,55,2,2
1,57,4,8,2008,4,1,1,2,2,1,1,1,1,1,1,1,1,2,9,6,1,1,41,2,2
1,57,4,6,2008,1,1,1,2,2,1,1,1,1,1,1,1,1,2,14,6,1,1,30,2,2
6,57,3,10,2008,3,1,1,2,2,1,1,1,1,1,1,3,1,2,8,5,1,1,,2,2
6,57,3,4,2008,3,1,1,2,2,1,1,1,1,1,1,3,1,2,4,5,1,1,,2,2
6,57,4,2,2008,4,1,1,2,2,1,1,1,1,1,1,3,1,2,14,6,1,1,,2,2
1,60,4,7,2008,2,7,1,2,2,1,1,1,1,1,1,1,1,1,9,8,1,7,30,1,2
1,60,4,8,2008,2,7,1,2,2,1,3,1,1,1,1,1,1,1,,,,,,2,2
1,60,4,10,2008,2,1,1,2,2,1,1,1,1,1,1,1,1,2,9,6,1,1,36,2,2
1,60,4,11,2008,2,7,1,2,2,1,1,1,1,1,1,1,1,2,9,11,1,7,,2,2
1,60,4,5,2008,1,7,8,2,2,1,1,1,1,1,1,1,1,2,9,6,1,1,27,2,2
1,60,4,5,2008,3,1,1,2,2,1,1,1,1,1,1,1,1,1,,,,,,,
1,60,4,5,2008,2,1,1,2,2,1,1,1,1,1,1,1,1,1,9,6,1,1,40,2,2
9,60,4,10,2008,2,7,3,2,2,1,1,1,1,1,1,4,1,2,5,11,1,7,30,2,2
6,60,4,2,2008,2,7,1,2,2,1,1,1,1,1,1,1,1,1,9,2,1,7,35,2,2
6,60,4,8,2008,4,7,1,2,2,1,1,1,1,1,1,5,4,2,9,6,1,1,35,2,2
2,60,4,10,2008,2,3,1,2,2,1,1,1,1,1,1,4,1,2,9,6,1,1,32,2,2
3,60,4,3,2008,2,2,1,2,2,1,3,1,1,1,1,4,1,2,,,,,,,
4,60,4,3,2008,3,7,1,2,2,1,1,1,1,1,1,4,1,2,14,6,2,7,,2,2
7,66,4,10,2008,4,7,8,2,2,1,4,1,1,2,1,3,1,2,14,6,1,1,,2,2
3,66,4,10,2008,1,1,1,2,2,1,2,2,1,1,1,4,4,2,14,1,2,1,,2,2
9,66,4,10,2008,3,1,1,2,2,1,1,1,1,1,1,2,3,2,14,5,1,1,,2,2
1,66,4,10,2008,2,7,8,2,2,1,1,4,1,1,1,3,1,2,,,,,,,
6,66,3,10,2008,2,7,8,2,2,1,1,4,1,1,1,3,1,2,19,11,1,7,22,2,2
7,66,4,11,2008,1,7,8,2,2,1,1,1,1,1,1,4,1,2,11,6,1,7,,2,2
9,66,2,12,2008,2,1,1,2,2,1,1,1,1,1,1,2,3,2,14,6,1,1,45,2,2
1,66,4,12,2008,3,7,1,2,2,1,1,1,1,1,1,2,1,2,9,2,1,7,,1,2
6,66,3,12,2008,4,7,8,2,2,1,1,5,1,1,1,2,1,2,19,11,1,1,40,2,2
10,66,4,12,2008,2,3,1,2,2,1,1,1,1,1,1,3,1,2,4,6,1,1,,2,2
1,68,1,1,2008,2,1,3,2,2,1,1,1,1,1,1,5,1,2,4,6,1,7,,2,2
1,68,4,2,2008,3,7,1,2,2,4,1,3,2,1,2,3,1,2,11,11,1,4,,1,2
1,68,4,4,2008,3,1,1,2,2,1,1,4,1,1,2,2,1,2,9,6,1,3,,2,2
1,68,4,5,2008,2,1,3,2,2,1,1,1,1,1,1,2,1,1,13,6,1,7,,2,2
1,68,4,6,2008,2,1,1,2,2,1,1,1,1,1,1,2,1,2,12,6,1,1,,2,2
1,68,4,8,2008,3,1,1,2,2,1,1,3,1,2,2,3,1,2,13,6,1,4,,2,2
1,68,4,7,2008,3,1,1,2,2,1,1,4,2,1,1,2,1,2,14,6,1,3,,2,2
1,68,4,8,2008,2,1,1,2,2,2,1,4,2,1,2,3,1,2,11,6,1,3,,1,2
1,68,3,9,2008,2,1,1,2,2,1,1,4,1,1,2,3,1,2,14,6,1,1,,2,2
1,68,1,10,2008,3,1,1,2,2,1,1,2,1,1,1,2,1,2,8,6,1,4,,2,2
1,68,1,10,2008,4,1,1,2,2,1,1,1,1,1,1,2,1,2,9,6,1,3,,2,2
1,68,1,12,2008,3,1,1,2,2,1,1,4,5,1,2,3,1,2,11,5,1,3,,2,2
1,68,3,12,2008,4,1,1,2,2,1,2,4,1,1,2,3,1,2,9,6,1,3,,1,2
5,68,4,7,2008,2,7,8,2,2,1,2,4,1,1,1,3,1,2,13,2,1,7,,2,2
3,68,4,2,2008,1,1,3,2,2,4,4,4,1,1,1,3,1,2,,,,,,,
2,68,4,2,2008,4,7,1,2,2,1,1,1,1,1,1,3,1,2,9,8,1,1,45,2,2
4,68,4,11,2008,1,3,1,2,2,1,3,4,1,1,1,3,1,2,11,2,1,3,,2,2
1,57,4,11,2008,2,1,1,2,2,1,1,1,1,1,1,1,1,1,,,,,,,
1,57,4,11,2008,3,1,1,2,2,1,1,1,1,1,1,4,1,2,,,,,,,
1,57,4,7,2008,,1,1,2,2,1,1,1,1,1,1,4,1,2,,,,,,,
1,57,4,11,2008,2,1,1,2,2,1,1,1,1,1,1,1,1,2,,,,,,,
1,57,3,6,2008,2,1,1,2,2,1,1,1,1,1,1,4,2,2,10,1,1,1,,2,2
8,57,4,5,2008,3,1,1,2,2,1,1,1,1,1,1,1,1,2,,,,,,,
1,61,4,12,2008,3,1,1,2,2,1,1,1,1,1,1,1,1,2,,,,,,,
1,61,4,11,2008,4,1,3,2,2,1,1,1,1,1,1,1,1,2,14,9,1,1,,,
1,61,4,12,2008,3,1,8,2,2,1,1,1,1,1,1,1,1,1,,,,,,,
1,61,4,12,2008,2,1,1,2,2,1,1,1,1,1,1,1,1,2,14,1,1,7,,2,2
1,65,4,10,2008,3,7,1,2,2,1,1,1,1,1,1,1,1,2,9,6,1,1,40,2,2
2,65,1,1,2008,3,1,1,2,2,1,1,1,1,1,1,1,1,2,9,6,1,3,35,2,2
2,65,4,1,2008,3,3,1,2,2,1,1,1,1,1,1,1,1,2,8,2,2,1,,2,2
2,65,4,6,2008,2,1,1,2,2,1,1,1,1,1,1,4,1,2,,,,,,,
2,65,4,7,2008,1,1,1,2,2,1,1,1,1,1,1,1,1,2,,,,,,,
5,65,4,8,2008,4,1,1,2,2,1,1,1,1,1,1,1,1,2,8,6,1,1,37,2,2