Thana,District,Accident_Severity,Month,Year,Time,Junction_Type,Traffic_Control,Movement,Divider,Weather,Light,Road_Geometry,Surface_Condition,Surface_Type,Surface_Quality,Road_Class,Road_Feature,Location_Type,Vehicle_Type,Vehicle_Movement,Vehicle_Loading,Vehicle_Defect,Vehicle_Driver_Age,Vehicle_Alcohol,Vehicle_Seat_Belt
4,65,4,2,2008,2,1,8,2,2,1,3,1,1,1,1,4,1,2,,,,,,,
5,65,4,2,2008,2,1,1,2,2,1,1,1,1,1,1,1,1,2,,,,,,,
5,65,4,11,2008,2,1,3,2,2,1,1,1,1,1,1,4,1,2,12,6,1,2,,2,2
7,65,4,2,2008,1,1,1,2,2,1,1,1,1,1,1,1,1,2,7,6,1,1,,1,1
6,65,4,2,2008,2,1,1,2,2,1,1,1,1,1,1,4,1,2,14,1,1,1,36,2,2
5,60,4,2,2008,1,1,1,2,1,1,1,1,1,1,1,2,1,2,9,6,1,1,,2,2
5,60,4,3,2008,3,1,1,2,2,1,2,1,1,1,1,2,1,2,17,6,1,1,25,2,2
3,60,4,3,2008,2,2,1,2,2,1,1,1,1,1,1,4,1,2,17,6,1,7,,2,2
7,60,4,1,2008,3,1,1,2,2,1,1,1,1,1,1,3,1,2,9,6,1,6,,1,2
7,60,4,2,2008,2,1,1,2,2,1,1,1,1,1,1,3,1,2,9,6,2,6,,1,2
7,60,4,3,2008,4,1,1,2,2,1,1,1,1,1,1,3,1,2,9,6,2,6,40,1,2
5,60,4,3,2008,3,1,1,1,1,1,1,1,1,1,1,3,1,2,2,9,2,6,46,1,2
1,60,4,6,2008,2,1,3,2,1,1,1,1,1,1,1,3,1,1,7,6,1,1,20,2,2
2,60,4,10,2008,1,1,3,2,2,1,1,1,1,1,1,2,1,2,9,2,1,3,,2,2
8,60,4,9,2008,2,3,8,2,2,1,1,1,1,1,1,1,1,2,9,9,1,3,50,1,2
1,60,4,1,2008,1,1,1,2,2,1,1,1,1,1,1,3,1,2,4,6,1,1,38,2,2
1,60,3,1,2008,2,3,8,2,2,1,1,1,1,1,1,5,1,1,8,10,1,1,30,2,2
1,60,4,3,2008,2,1,1,2,2,1,4,1,1,1,1,4,1,2,17,6,1,7,,1,2
16,60,4,5,2008,4,1,1,2,2,1,2,2,1,1,1,1,1,2,9,6,1,7,,1,2
6,60,4,1,2008,3,2,4,2,2,1,1,1,1,1,1,1,1,1,1,6,1,7,40,1,2
6,60,4,2,2008,2,1,8,2,2,1,1,2,1,2,2,3,1,1,1,9,1,7,,1,2
2,60,3,5,2008,3,1,1,2,2,1,1,1,1,1,1,3,1,2,6,6,1,1,30,2,2
5,66,4,8,2008,2,7,1,2,2,1,2,1,1,1,1,3,1,2,11,6,1,7,,2,2
5,66,4,6,2008,4,1,1,2,2,1,2,1,1,1,1,2,1,1,8,4,1,1,31,1,2
5,66,4,5,2008,1,1,1,2,2,3,1,1,2,1,1,1,3,1,4,1,1,1,48,2,1
5,66,3,5,2008,4,7,1,2,2,1,2,4,1,1,2,3,2,2,14,2,1,1,40,2,2
6,66,1,4,2008,2,1,1,2,2,1,1,1,1,1,1,2,1,2,5,6,1,7,,1,2
6,66,4,5,2008,2,3,1,2,2,1,1,4,1,1,1,2,1,2,4,6,1,7,30,2,2
8,66,4,8,2008,2,1,1,2,1,1,1,3,1,2,2,4,3,2,11,6,1,7,,2,2
1,66,3,4,2008,2,1,1,2,2,1,1,4,1,1,1,2,1,1,5,1,1,3,40,2,2
2,66,4,9,2008,3,1,1,2,2,1,1,1,1,1,1,3,1,1,14,6,1,1,,2,2
2,66,4,3,2008,3,1,1,2,2,1,1,2,1,1,1,1,1,2,8,6,1,1,30,2,2
2,66,4,3,2008,3,1,1,2,2,1,1,5,1,1,1,2,1,2,11,6,2,3,45,2,2
4,66,4,8,2008,2,1,1,2,2,1,1,4,1,1,1,4,1,2,11,1,2,1,,2,2
5,66,4,9,2008,2,7,1,2,2,1,1,1,1,1,1,,1,2,4,6,,,45,2,2
6,63,4,10,2008,1,1,8,2,2,1,4,1,1,1,1,1,1,2,14,6,1,1,28,2,2
2,59,4,11,2008,3,3,3,2,2,1,1,1,1,2,2,3,1,2,17,2,,,,,
2,59,4,12,2008,2,1,1,2,2,1,2,1,1,1,1,3,,,1,6,1,1,,2,2
2,59,4,11,2008,3,4,1,1,1,1,1,2,1,3,1,5,1,2,6,,1,1,,2,2
2,59,4,11,2008,4,3,1,1,1,1,2,1,1,1,1,2,1,2,10,,1,1,,2,2
1,61,4,4,2008,1,3,4,2,1,1,4,1,1,1,1,1,1,1,19,6,1,1,,2,2
2,61,4,4,2008,4,1,1,2,2,1,2,1,1,1,1,1,1,,19,6,1,1,,2,2
2,61,4,4,2008,3,1,1,2,2,1,1,1,1,1,1,1,1,2,9,4,2,1,,2,2
3,48,4,1,2008,2,2,1,2,2,1,1,1,1,1,1,3,1,2,17,11,1,1,22,2,2
3,48,4,1,2008,3,1,1,2,2,1,1,1,1,1,1,2,1,2,17,11,1,1,40,2,2
6,48,4,1,2008,2,1,1,2,2,1,1,1,1,1,1,3,1,2,9,6,1,1,18,2,2
2,48,4,1,2008,2,1,1,2,2,1,1,1,1,1,1,3,1,2,7,11,1,1,,2,2
1,48,4,1,2008,4,1,1,2,2,1,4,1,1,1,1,1,1,2,13,1,1,1,,2,2
1,50,4,1,2008,3,1,1,2,2,1,1,1,1,1,1,1,1,2,9,6,1,1,,2,2
10,50,4,1,2008,1,1,1,1,2,4,3,1,1,1,1,1,1,2,19,6,1,7,,2,2
10,50,4,1,2008,2,7,1,2,2,1,1,1,1,1,1,1,1,2,19,6,1,7,,2,2
12,50,4,1,2008,3,1,3,2,2,1,1,1,1,1,1,1,1,2,10,6,1,1,,2,2
12,50,4,1,2008,2,1,1,1,1,1,1,1,1,1,1,1,1,2,14,6,1,1,,2,2
12,50,3,1,2008,4,1,1,2,2,1,3,1,1,1,1,2,1,2,12,6,1,1,,2,2
12,50,4,1,2008,1,1,1,2,2,1,3,1,1,1,1,1,1,2,9,6,1,1,,2,2
2,50,4,1,2008,3,1,1,1,2,1,1,1,1,1,1,1,1,2,9,6,1,1,40,2,2
6,50,4,1,2008,3,1,1,2,2,1,1,1,1,1,1,3,1,2,14,6,1,1,40,2,2
5,50,3,1,2008,3,2,1,2,2,1,1,1,1,1,1,1,1,2,9,9,1,1,,2,2
5,50,4,1,2008,3,2,1,2,2,1,1,1,1,1,1,3,1,2,8,6,1,1,48,2,2
8,50,4,1,2008,2,1,1,2,1,1,1,1,1,1,1,4,1,2,4,6,1,1,25,2,2
8,50,4,1,2008,2,2,1,2,2,1,1,1,1,1,1,4,1,2,9,11,1,1,,2,2
6,40,3,1,2008,2,1,1,2,2,1,1,1,1,1,1,1,1,2,9,5,1,1,,2,2
7,51,1,2,2008,4,1,1,2,2,1,3,1,1,1,1,3,1,2,9,6,1,1,,2,2
1,43,3,2,2008,3,1,1,2,2,1,1,3,1,1,1,3,2,2,10,6,1,1,,2,2
8,51,4,1,2008,2,1,1,2,2,1,1,1,1,1,1,2,1,2,9,6,1,1,,2,2
8,51,4,1,2008,3,1,1,2,2,1,1,1,1,1,1,2,1,2,,,,,,,
8,51,4,1,2008,2,1,1,2,2,1,1,3,1,1,2,3,,,6,6,1,1,,2,2
7,38,4,1,2008,3,1,1,2,2,1,1,1,1,1,1,1,1,2,9,2,1,1,40,2,2
3,38,1,1,2008,1,1,1,2,2,1,2,1,1,1,1,1,1,2,14,6,1,1,,2,2
1,39,4,1,2008,3,1,1,2,2,1,1,1,1,1,1,2,1,2,9,6,1,1,37,2,2
1,39,3,1,2008,3,3,1,2,2,1,1,1,1,1,1,1,1,2,9,6,1,1,37,2,2
1,39,4,1,2008,3,1,1,2,2,1,1,1,1,1,1,3,1,2,4,6,1,1,25,2,2
1,39,3,1,2008,1,1,1,2,2,1,4,1,1,1,1,1,1,2,,6,,,,2,2
3,39,1,1,2008,3,7,1,2,2,2,1,2,1,1,1,1,1,2,9,6,1,1,,2,2
3,39,4,1,2008,2,1,1,2,2,1,1,1,1,1,1,1,1,1,7,4,1,1,,2,2
4,39,4,1,2008,3,1,1,2,2,1,1,1,1,1,1,3,1,2,9,6,1,1,,2,2
4,49,4,1,2008,2,1,1,2,2,4,2,1,1,1,1,3,1,2,9,6,1,1,,2,2
3,44,4,1,2008,3,1,1,2,2,1,1,1,1,1,1,3,1,2,8,6,1,7,,2,2
3,44,4,1,2008,3,2,3,2,1,1,1,1,1,1,1,1,1,2,9,6,1,1,,2,2
6,44,4,1,2008,4,1,8,2,1,1,3,1,1,1,1,1,1,1,12,6,1,1,,2,2
6,44,4,1,2008,2,1,1,2,2,1,1,1,1,1,1,3,1,1,8,6,1,1,32,2,2
6,44,4,1,2008,4,1,1,2,1,1,3,1,1,1,1,1,1,1,12,6,1,1,22,2,2
6,44,4,1,2008,4,3,1,1,1,1,3,1,1,1,1,1,1,1,9,5,1,1,30,2,2
6,44,4,1,2008,3,1,1,2,1,1,1,1,1,1,1,1,1,1,,,,,,,
2,44,4,1,2008,3,1,1,2,2,1,1,1,1,1,1,1,1,2,14,6,1,1,35,2,2
5,44,4,1,2008,3,1,1,2,2,1,1,1,1,1,2,1,1,2,9,6,1,1,,2,2
1,45,4,1,2008,2,7,1,2,1,2,1,5,2,1,1,1,5,1,9,11,1,1,,2,2
1,45,4,1,2008,3,1,1,2,1,1,1,1,1,1,1,1,5,1,9,8,1,1,,2,2
6,45,4,1,2008,3,1,1,2,2,1,1,1,2,1,1,1,1,2,9,6,1,7,,2,2
6,45,4,1,2008,3,1,1,2,2,1,1,1,1,1,1,4,1,2,19,6,1,6,30,2,2
1,46,4,1,2008,4,1,1,2,2,1,3,1,1,1,1,1,1,1,9,6,1,1,,2,2
2,46,4,1,2008,4,1,1,2,2,1,4,1,1,2,2,4,1,2,9,1,1,1,,2,2
2,46,4,1,2008,3,1,1,2,2,1,1,1,1,1,1,1,1,2,9,1,1,1,,2,2
2,46,4,1,2008,1,5,1,2,2,1,3,1,1,1,1,1,1,1,15,11,1,1,,2,2
5,46,4,1,2008,2,1,1,2,2,1,1,1,1,1,1,4,1,2,19,6,1,7,,2,2
5,46,4,1,2008,3,1,1,2,2,1,1,1,1,1,1,1,1,2,14,11,1,1,,2,2
1,35,2,1,2008,2,1,1,2,2,1,1,1,1,1,1,2,1,2,9,11,1,1,,2,2
1,47,4,1,2008,1,3,1,2,2,1,1,1,1,1,1,1,1,2,9,5,1,1,,2,2
1,47,4,1,2008,1,1,1,2,2,1,4,1,1,1,1,1,1,2,,,,,,,
4,47,4,1,2008,3,1,1,2,2,2,1,1,2,1,2,4,1,2,8,6,2,1,,2,2
9,47,4,1,2008,4,7,1,2,2,1,4,1,1,1,1,1,1,2,9,6,1,3,37,2,2
7,47,4,1,2008,2,1,1,2,1,1,1,1,1,1,1,1,1,1,9,6,1,1,,2,2
12,47,4,1,2008,1,7,3,2,2,4,3,1,5,1,1,1,2,2,,,,,,,
8,47,4,1,2008,2,1,1,2,2,1,1,1,1,1,1,1,1,2,14,6,1,1,,2,2
7,47,4,1,2008,3,2,3,2,2,1,1,1,1,1,1,4,1,2,6,7,1,1,,2,2
8,52,4,1,2008,3,2,1,2,2,1,1,1,1,1,1,4,1,1,19,11,1,1,30,2,2
1,52,4,1,2008,2,2,4,2,2,1,1,1,1,1,1,1,1,1,8,7,1,7,38,2,2
5,41,4,1,2008,4,1,1,2,2,1,4,1,1,1,1,1,1,1,14,6,1,1,,2,2
1,41,4,1,2008,1,1,1,2,2,1,1,1,1,1,1,1,1,2,,,,,,,
2,45,4,2,2008,1,1,1,2,2,4,2,1,1,1,1,1,4,2,9,6,1,1,,2,2
6,45,4,2,2008,1,1,1,2,2,1,4,1,1,1,1,1,5,2,12,6,1,1,,2,2
6,45,4,2,2008,3,1,1,2,2,1,4,1,1,1,1,1,5,1,12,6,1,1,,2,2
6,45,3,2,2008,3,1,1,2,2,1,1,1,1,1,1,1,1,2,9,6,1,1,,2,2
6,45,4,2,2008,3,1,1,2,2,1,1,1,1,1,1,1,1,2,9,5,1,1,,2,2
1,45,4,2,2008,1,1,1,2,2,1,4,1,1,1,1,1,1,1,9,6,1,7,,2,2
1,45,3,2,2008,3,1,1,2,2,1,1,1,1,1,1,1,1,1,9,6,1,1,,2,2
7,41,4,1,2008,2,3,2,2,2,1,1,1,1,1,1,3,1,1,9,6,1,1,,2,2
7,41,4,1,2008,3,1,1,2,2,1,1,1,1,1,1,3,2,2,9,4,1,1,,2,2
7,41,4,1,2008,2,1,1,1,1,4,2,1,1,1,1,1,1,1,9,6,1,1,,2,2
7,41,4,1,2008,2,1,3,2,2,1,1,1,1,1,1,2,1,2,14,6,1,1,,2,2
7,41,4,1,2008,2,1,1,2,1,1,2,2,5,1,1,2,1,2,,,,,,,
7,41,4,1,2008,1,1,1,2,2,1,4,1,1,1,1,1,1,1,,,,,,,
6,43,4,1,2008,3,1,1,2,2,1,1,1,1,1,1,1,1,1,9,6,1,1,,2,2
6,41,4,1,2008,2,1,1,2,2,1,1,1,1,1,1,1,1,2,,,,,,,
1,46,4,2,2008,3,1,2,1,1,1,1,1,1,1,1,1,1,2,9,6,1,1,,2,2
1,46,3,1,2008,2,1,1,2,2,1,1,1,1,1,1,3,1,2,14,11,1,1,,2,2
1,46,4,2,2008,2,1,1,2,2,1,1,1,1,1,1,1,1,1,9,6,1,1,32,2,2
1,46,1,2,2008,2,1,1,2,2,1,1,2,1,1,1,1,1,2,8,11,1,1,,2,2
3,35,4,2,2008,2,1,1,2,2,1,1,1,1,1,1,4,1,2,19,6,1,1,16,2,2
1,48,4,2,2008,3,1,1,2,2,1,1,1,1,1,1,1,1,2,7,6,1,1,,2,2
1,48,4,2,2008,3,1,1,2,2,1,1,1,1,1,1,2,1,2,8,6,1,1,,2,2
5,41,4,2,2008,4,1,1,2,2,1,3,1,1,1,1,1,1,2,14,6,1,1,30,2,2
3,41,4,2,2008,2,1,1,2,2,1,1,1,1,1,1,1,1,1,9,6,1,1,35,2,2
4,41,4,2,2008,2,1,1,2,2,1,1,1,1,1,1,3,5,2,14,6,1,1,,2,2
7,41,4,2,2008,4,1,1,2,2,1,4,1,1,1,1,1,1,1,9,6,1,1,,2,2
7,41,4,2,2008,3,1,1,2,2,1,1,1,1,1,1,1,1,1,9,6,1,1,,2,2
7,41,4,2,2008,1,2,3,2,2,1,1,1,1,1,1,1,1,1,7,6,1,1,38,2,2
7,41,1,2,2008,3,1,1,2,2,1,1,1,1,1,1,1,1,2,9,6,1,1,,2,2
7,41,4,2,2008,1,1,1,2,2,1,2,1,1,1,1,1,1,2,9,6,1,1,,2,2
7,41,4,2,2008,4,7,3,2,2,1,1,1,1,1,1,1,1,1,9,6,1,1,,2,2
7,41,4,2,2008,4,7,3,2,2,1,3,1,1,1,1,1,1,1,9,6,1,1,38,2,2
6,41,4,2,2008,4,1,1,2,2,1,3,1,1,1,1,1,1,1,9,6,1,1,,2,2
6,41,4,2,2008,4,1,1,2,2,1,3,1,1,1,1,1,1,1,9,6,1,1,,2,2
12,50,4,2,2008,3,1,1,2,2,1,1,1,1,1,1,1,1,2,14,6,1,1,,2,2
2,50,4,2,2008,4,1,1,1,2,1,4,1,1,1,1,1,1,2,13,6,1,1,29,2,2
2,50,4,2,2008,1,1,1,2,2,1,2,1,1,1,1,1,1,2,14,6,1,1,,2,2
2,50,4,2,2008,3,1,1,2,2,1,1,1,1,1,1,1,1,2,14,6,1,1,,2,2
11,50,1,2,2008,3,1,1,2,2,1,1,1,1,3,1,4,1,2,17,6,1,1,45,2,2
1,52,4,2,2008,3,1,1,2,2,1,1,1,1,1,1,2,1,1,8,6,1,7,36,2,2
9,52,4,2,2008,2,1,1,2,2,1,2,1,1,1,1,4,1,2,4,6,1,1,,2,2
3,52,4,2,2008,3,1,1,2,2,1,1,1,1,1,1,2,1,2,8,6,1,1,38,2,2
1,38,4,2,2008,3,1,1,1,2,1,1,1,1,1,1,5,1,1,4,6,1,1,27,2,2
6,38,3,2,2008,3,1,1,2,2,1,1,1,1,1,1,1,1,1,9,6,1,1,35,2,2
3,38,4,2,2008,4,2,1,2,2,1,3,1,1,1,1,1,1,2,7,6,1,1,,2,2
4,38,4,2,2008,3,1,1,2,2,1,1,1,1,1,1,3,1,2,14,6,1,1,,2,2
3,39,4,2,2008,3,1,1,2,2,1,1,1,1,1,1,1,1,2,9,6,1,1,,2,2
3,39,4,2,2008,3,1,1,2,2,1,1,2,1,1,1,1,1,2,9,6,1,1,,2,2
3,39,3,2,2008,3,1,1,2,2,1,1,1,1,1,1,1,1,2,9,6,1,1,,2,2
3,39,2,2,2008,3,1,1,2,2,1,1,2,1,1,1,1,1,2,14,6,1,1,,2,2
1,47,4,2,2008,3,2,8,2,2,1,1,1,1,1,1,1,1,2,9,5,1,1,,2,2
13,47,1,2,2008,1,1,1,2,2,1,2,2,1,1,1,3,1,2,9,6,1,1,,2,2
9,47,4,2,2008,3,1,1,2,2,1,1,1,1,1,1,1,1,2,12,5,1,1,,2,2
9,47,4,2,2008,2,1,1,2,2,1,2,1,1,1,1,1,1,2,9,6,1,1,,2,2
13,47,1,2,2008,2,7,1,2,2,1,1,1,1,1,1,3,1,2,9,6,1,3,,2,2
13,47,4,2,2008,2,1,1,1,2,4,2,1,3,2,2,4,1,2,14,11,2,1,,2,2
6,44,4,2,2008,2,1,1,2,2,1,2,1,1,1,1,1,1,1,9,6,1,1,,2,2
6,44,3,2,2008,4,1,1,2,2,1,3,1,1,1,1,2,1,2,9,11,1,1,42,2,2
4,44,3,2,2008,3,7,1,2,2,1,1,1,1,1,1,2,1,2,14,6,1,1,35,2,2
7,44,4,2,2008,3,1,1,2,2,1,1,1,1,1,1,1,1,2,14,6,1,1,32,2,2
7,44,4,2,2008,3,4,1,2,2,1,1,1,1,1,1,1,1,2,9,6,1,1,,2,2
7,44,4,2,2008,2,4,1,2,2,1,2,1,1,1,1,1,1,1,9,6,1,1,,2,2
5,44,4,2,2008,3,1,1,2,2,1,1,1,1,1,1,1,1,2,9,6,1,1,,2,2
3,40,3,3,2008,1,2,1,2,2,1,4,1,1,1,1,1,1,2,14,6,1,1,24,2,2
1,46,4,3,2008,3,1,1,2,2,1,1,1,1,1,1,1,1,2,,,,,,,
1,46,4,3,2008,2,1,1,2,2,1,1,1,1,1,1,1,1,2,9,6,1,1,37,2,2
1,46,4,3,2008,3,1,1,2,2,1,1,1,1,1,1,1,1,2,14,6,1,1,,2,2
1,46,4,3,2008,3,3,1,2,2,1,1,1,1,1,1,1,1,2,9,6,1,1,,2,2
1,46,4,3,2008,2,1,1,2,2,1,1,1,1,1,1,1,1,2,14,6,1,1,40,2,2
1,46,4,3,2008,2,1,1,2,2,1,1,1,1,1,1,3,1,1,9,6,1,1,,2,2
1,46,4,3,2008,4,1,1,2,2,1,2,1,1,1,1,1,1,2,14,6,1,1,,2,2
2,46,4,3,2008,1,1,1,2,2,1,2,1,1,1,1,1,1,1,19,1,1,7,,1,2
2,46,4,3,2008,1,7,1,2,2,1,1,1,1,1,1,1,1,1,19,11,1,1,,2,2
1,40,4,3,2008,3,1,1,2,2,1,1,1,1,1,1,1,1,2,8,6,1,1,,2,2
5,40,4,3,2008,3,3,1,2,2,1,1,1,1,1,1,1,1,2,14,6,1,1,24,2,2
6,40,4,3,2008,1,3,1,2,2,1,4,1,1,1,1,1,1,2,14,6,1,1,,2,2
6,40,3,3,2008,4,2,1,2,2,1,4,1,1,1,1,1,1,2,14,6,1,1,,2,2
4,47,4,3,2008,2,1,1,2,2,1,1,2,1,1,1,1,1,2,13,6,1,1,,1,2
12,47,4,3,2008,2,1,1,2,2,1,1,1,1,1,1,1,1,2,14,6,1,1,30,2,2
12,47,4,3,2008,1,1,1,2,2,1,4,1,1,1,1,1,1,2,,,,,,,
12,47,4,3,2008,1,1,1,1,2,1,2,1,1,1,1,1,2,2,14,6,1,1,,2,2
1,47,4,3,2008,2,3,1,2,2,1,1,1,1,1,1,4,1,2,,,,,,,
9,47,4,3,2008,1,1,1,2,2,1,3,1,1,1,1,1,1,2,9,4,2,1,,2,2
9,47,4,3,2008,4,1,1,2,2,1,4,1,1,1,1,1,1,2,,,,,,,
8,47,3,3,2008,3,4,1,2,2,1,1,1,1,1,1,3,1,2,9,9,1,1,,2,2
1,47,4,3,2008,2,7,1,2,2,1,1,1,1,1,1,3,1,2,,,,,,,
1,43,3,3,2008,2,1,1,2,2,1,1,1,1,1,1,4,1,2,7,9,1,1,28,2,2
5,43,4,3,2008,3,1,1,2,2,1,1,1,1,1,1,1,1,1,6,6,1,1,,2,2
5,41,4,3,2008,1,7,3,2,1,1,4,1,1,1,1,1,1,2,9,6,2,7,,2,2
5,41,4,3,2008,1,7,1,2,1,1,2,1,1,1,1,1,1,2,,,,,,,
5,41,4,3,2008,1,3,1,1,1,1,4,1,1,1,1,1,1,1,13,6,1,1,,2,2
5,41,4,3,2008,2,1,1,2,2,1,1,1,1,2,2,4,1,1,13,8,1,1,,1,2
7,41,4,3,2008,1,3,1,2,2,1,3,1,1,1,1,2,1,2,14,6,1,1,,2,2
6,41,4,3,2008,3,1,1,2,2,1,1,1,1,1,1,1,1,2,14,6,1,1,,2,2
6,41,4,3,2008,3,1,1,2,2,1,1,1,1,1,1,1,1,2,10,6,1,1,,2,2
6,41,3,3,2008,4,1,1,2,2,1,1,1,1,1,3,1,1,2,14,6,1,1,,2,2
6,41,4,3,2008,3,1,2,1,2,1,1,1,1,1,1,1,1,2,,,,,,,
3,45,4,3,2008,2,1,1,2,2,1,1,1,1,1,1,3,1,2,8,6,1,1,,2,2
6,45,4,3,2008,1,1,1,2,2,1,2,1,1,1,1,1,1,2,14,6,1,1,,2,2
4,45,3,3,2008,2,7,1,2,2,1,1,1,1,1,1,3,1,2,9,6,1,1,,2,2
6,45,1,3,2008,2,1,1,2,2,1,1,1,1,1,1,3,1,2,9,6,1,1,,2,2
10,50,4,3,2008,1,1,1,2,2,1,4,3,1,1,2,3,,,19,6,1,1,,2,2
12,50,3,3,2008,3,1,1,1,2,1,1,1,1,1,1,1,1,2,9,6,1,1,35,2,2
12,50,4,3,2008,2,1,1,2,2,1,1,1,1,1,1,1,1,2,14,6,1,1,40,2,2
12,50,4,3,2008,3,1,1,2,2,1,1,1,1,1,1,1,1,2,14,6,1,1,37,2,2
2,50,4,3,2008,2,1,1,2,2,1,2,1,1,1,1,1,1,2,7,6,1,1,34,2,2
2,50,4,3,2008,2,1,1,1,2,1,1,1,1,1,1,1,1,2,14,6,1,1,42,2,2
2,50,4,3,2008,4,1,1,2,2,1,1,1,1,1,1,1,1,1,19,6,1,7,,2,2
6,50,4,3,2008,3,1,1,2,2,1,1,3,1,1,2,3,1,1,13,11,1,1,31,2,2
8,50,3,3,2008,3,1,2,1,2,1,1,1,1,2,1,4,1,2,4,6,1,1,,2,2
3,38,4,3,2008,1,1,1,2,2,1,4,1,1,1,1,1,1,2,9,6,1,1,,2,2
3,38,4,3,2008,2,1,1,2,2,1,1,1,1,1,1,3,1,2,9,6,1,1,,2,2
1,38,3,3,2008,2,1,1,2,2,1,1,2,1,1,1,1,1,1,9,5,1,1,40,2,2
4,38,4,3,2008,2,1,1,2,2,1,1,1,1,1,3,3,1,2,9,6,1,1,28,2,2
1,38,4,3,2008,3,1,1,2,2,1,1,1,1,1,1,1,1,2,9,5,1,1,,2,2
4,39,4,3,2008,2,7,1,1,2,1,1,1,1,1,1,2,1,1,19,6,1,1,19,2,2
4,39,3,3,2008,2,1,1,2,2,1,1,1,1,1,1,2,1,2,8,6,1,1,,2,2
2,39,4,3,2008,2,1,1,2,2,1,1,1,1,1,1,4,4,2,4,6,1,1,18,2,2
3,50,3,3,2008,3,1,1,2,2,1,1,1,1,1,1,3,1,2,14,6,1,1,,2,2
2,48,3,3,2008,4,1,1,2,2,1,4,1,1,1,1,3,1,2,9,6,1,1,,2,2
1,35,1,3,2008,2,1,1,2,2,1,1,1,1,1,1,3,1,1,9,5,1,1,32,2,2
1,35,4,3,2008,3,1,1,2,2,1,1,1,1,1,1,1,1,2,9,1,1,1,55,2,2
3,35,4,3,2008,2,1,1,2,2,1,1,1,1,1,1,3,1,2,4,6,1,1,,2,2
5,37,3,3,2008,3,1,1,2,2,1,1,2,1,1,1,3,1,2,9,1,1,1,25,2,2
7,37,4,3,2008,1,1,1,2,2,1,2,1,1,1,1,4,1,2,14,6,1,1,40,2,2
4,44,4,4,2008,2,1,1,2,2,1,1,1,1,1,1,3,1,1,12,6,1,1,,2,2
4,44,4,4,2008,1,1,1,2,2,1,1,1,1,1,1,2,1,2,12,6,1,7,40,2,2
4,44,4,4,2008,1,1,1,2,2,1,1,2,1,1,1,3,1,1,,,,,,,
6,44,4,4,2008,2,1,1,2,2,1,3,1,1,1,1,1,1,1,,,,,,,
6,44,4,4,2008,2,1,1,2,2,1,1,3,1,2,1,2,3,2,5,11,1,1,,2,2
2,44,4,4,2008,3,1,1,2,2,1,1,1,1,1,1,4,1,2,4,8,1,1,28,2,2
7,44,4,4,2008,1,1,1,2,2,1,1,1,1,1,1,2,1,2,,,,,,,
7,44,4,4,2008,2,3,4,2,2,1,1,1,1,1,1,1,1,2,,,,,,,
5,44,3,4,2008,3,1,1,2,2,1,1,1,1,1,1,4,1,2,14,6,1,1,,2,2
1,48,3,4,2008,3,7,1,2,2,1,1,1,1,2,1,4,1,1,19,6,1,1,,2,2
3,46,3,4,2008,2,1,1,2,2,1,4,1,1,1,1,3,1,2,,,,,,,
5,43,4,4,2008,,1,1,2,2,1,2,1,1,1,1,1,1,2,,,,,,,
2,43,3,4,2008,4,3,8,2,2,1,2,4,1,1,1,3,1,2,12,2,1,1,27,2,2
2,43,4,4,2008,4,1,1,2,2,1,4,3,1,1,1,1,1,2,,,,,,,
2,43,4,4,2008,3,1,1,2,2,1,1,1,1,1,1,1,1,1,9,11,1,7,,2,2
2,45,4,4,2008,3,1,1,2,2,1,1,1,1,1,1,3,1,2,8,6,1,1,,2,2
2,45,1,4,2008,3,1,1,2,2,1,1,1,1,1,1,3,1,2,,,,,,,
6,40,4,4,2008,2,3,1,2,2,1,1,1,1,1,1,1,1,1,9,6,1,1,,2,2
5,41,4,4,2008,1,1,2,2,2,1,4,1,1,1,1,1,1,1,,,,,,,
3,41,4,4,2008,4,1,1,2,2,1,3,2,1,1,1,3,1,2,11,2,1,1,,2,2
3,41,4,4,2008,2,1,1,2,2,1,1,1,1,1,1,1,1,2,4,6,1,1,,2,2
2,41,4,4,2008,3,7,1,2,2,1,1,1,1,1,1,4,1,2,,,,,,,
7,41,2,4,2008,3,1,1,2,2,1,1,1,1,1,1,1,1,2,19,11,1,1,,2,2
7,41,4,4,2008,3,3,1,2,2,1,1,1,1,1,1,2,1,2,,,,,,,
7,41,4,4,2008,4,3,1,2,2,1,4,4,1,1,1,3,1,2,14,2,1,1,,2,2
6,41,4,4,2008,4,1,1,2,2,1,2,1,1,1,1,1,1,2,9,6,1,1,,2,2
6,41,4,4,2008,4,1,1,2,2,1,4,1,1,1,1,1,1,2,14,6,1,1,,2,2
6,41,3,4,2008,3,1,1,2,2,1,1,1,1,1,1,3,1,2,19,6,1,1,,2,2
13,50,3,3,2008,3,1,1,2,2,1,1,1,1,1,1,2,1,2,9,6,1,1,30,2,2
2,49,4,3,2008,3,1,1,1,2,1,1,1,1,3,2,4,1,2,19,8,1,1,40,2,2
3,38,3,3,2008,2,1,1,2,2,1,1,1,1,1,1,1,1,2,14,3,1,1,,2,2
8,50,4,3,2008,2,1,1,1,2,1,1,1,1,1,1,4,1,2,14,6,1,1,,2,2
1,44,3,3,2008,3,1,1,2,2,1,1,1,1,1,1,5,1,2,14,6,1,1,42,2,2
1,44,4,3,2008,3,1,2,1,2,1,1,1,1,1,1,3,1,2,14,6,1,1,,2,2
1,44,2,3,2008,2,1,4,2,2,1,1,1,1,1,1,5,1,1,9,6,1,1,31,2,2