Thana,District,Accident_Severity,Month,Year,Time,Junction_Type,Traffic_Control,Movement,Divider,Weather,Light,Road_Geometry,Surface_Condition,Surface_Type,Surface_Quality,Road_Class,Road_Feature,Location_Type,Vehicle_Type,Vehicle_Movement,Vehicle_Loading,Vehicle_Defect,Vehicle_Driver_Age,Vehicle_Alcohol,Vehicle_Seat_Belt
11,42,4,10,2008,4,1,1,1,1,1,2,1,1,1,1,5,1,1,9,6,1,1,33,2,2
11,42,4,11,2008,2,1,1,1,1,1,1,1,1,1,1,5,1,1,9,6,1,1,35,2,2
10,42,4,11,2008,4,1,1,1,1,1,2,1,1,1,1,5,1,1,8,6,1,1,38,1,2
10,42,4,11,2008,2,1,1,2,2,1,1,1,1,1,1,5,1,1,9,6,1,1,42,1,2
15,42,2,8,2008,2,1,1,1,1,1,1,1,1,1,1,5,1,1,19,6,1,1,43,1,2
15,42,4,11,2008,2,1,1,1,1,1,1,4,1,1,1,5,1,1,,6,,,,,
15,42,4,12,2008,2,1,1,1,1,1,3,1,1,1,1,5,1,1,4,6,1,1,38,2,2
6,42,4,8,2008,3,7,8,2,2,1,1,1,1,1,1,2,1,1,9,6,1,1,42,2,2
26,42,4,12,2008,4,1,1,2,1,1,1,1,1,1,1,5,1,1,4,6,1,1,38,2,1
31,42,4,10,2008,3,1,1,2,2,1,1,1,1,1,1,4,1,2,8,6,1,1,45,1,2
1,42,4,7,2008,4,1,1,1,1,1,3,1,1,1,1,5,1,1,9,6,1,1,38,2,2
1,42,1,8,2008,1,3,4,1,1,1,1,1,1,1,1,5,1,1,7,6,1,1,26,2,1
1,42,4,9,2008,1,7,8,1,1,1,3,1,1,1,1,5,1,1,,6,,,,,
1,42,4,10,2008,2,2,4,1,1,1,1,1,1,1,1,5,1,1,8,6,1,1,40,2,2
1,42,4,10,2008,4,2,1,1,1,1,4,1,1,1,1,5,1,1,14,6,1,1,42,2,1
1,42,3,11,2008,4,1,1,1,1,1,3,1,1,1,1,5,1,1,14,6,1,1,50,1,2
1,42,4,11,2008,3,1,1,1,1,1,2,1,1,1,1,5,1,1,,6,,,,,
2,42,4,8,2008,3,2,1,1,1,1,1,1,1,1,1,5,1,1,,6,,,,,
2,42,4,9,2008,3,1,1,1,1,1,1,1,1,1,1,5,1,1,,6,,,,,
2,42,1,9,2008,3,1,1,2,2,1,1,1,1,1,1,5,1,1,10,6,1,1,32,2,2
2,42,4,9,2008,1,5,2,1,1,1,3,1,1,1,1,5,1,1,,6,,,,,
2,42,1,11,2008,1,2,1,1,1,2,1,1,1,1,1,5,1,1,9,6,,,,,
2,42,4,11,2008,2,3,4,1,1,1,1,1,1,1,1,5,1,1,8,6,1,1,38,2,2
2,42,3,11,2008,2,2,2,1,1,1,1,1,1,1,1,5,1,1,8,6,1,1,26,1,2
8,42,4,3,2008,2,1,1,1,1,1,1,1,1,1,1,5,1,1,,6,1,1,,2,2
14,42,4,8,2008,4,1,1,2,2,1,3,1,1,1,1,5,1,1,,6,,,,,
14,42,4,8,2008,4,1,1,2,2,1,3,1,1,1,1,5,1,1,,6,,,,,
14,42,4,8,2008,1,1,1,1,1,1,2,1,1,1,1,1,1,1,9,6,1,1,38,2,2
14,42,4,10,2008,4,7,1,1,1,1,4,1,1,1,1,1,1,1,,6,,,,,
14,42,3,11,2008,3,7,8,2,2,1,1,1,1,1,1,3,1,1,10,6,1,1,30,2,2
14,42,3,11,2008,3,7,1,1,1,1,1,1,1,1,1,1,1,1,,6,,,,,
14,42,4,12,2008,3,7,8,1,1,1,3,1,5,1,1,1,5,1,,6,,,,,
10,42,4,12,2008,3,1,1,2,2,1,1,2,1,1,2,5,1,1,7,6,1,1,45,2,2
10,42,4,12,2008,4,1,1,1,1,1,2,1,1,1,1,5,1,1,6,6,1,1,28,1,2
21,42,4,8,2008,4,3,4,2,2,1,3,1,1,1,1,1,1,1,19,6,1,1,40,1,2
21,42,4,9,2008,2,1,1,2,2,1,1,1,1,1,1,1,1,1,,6,,,,,
22,42,4,12,2008,1,1,4,1,1,3,1,1,1,1,1,1,1,1,9,6,1,1,42,1,2
22,42,4,12,2008,2,2,8,1,1,1,1,1,1,1,1,1,1,1,7,6,1,1,25,2,2
22,42,4,12,2008,1,1,8,1,1,1,3,1,1,1,1,1,1,1,9,6,1,1,38,1,2
22,42,4,12,2008,2,7,4,1,1,1,1,1,1,1,1,1,1,1,5,6,1,1,38,2,2
16,42,4,7,2008,2,1,4,1,1,1,1,1,1,1,1,5,1,1,,6,,,,,
16,42,4,9,2008,4,1,1,1,1,1,3,1,1,1,1,5,1,1,9,6,1,1,24,2,2
16,42,4,9,2008,1,1,1,1,1,1,2,1,1,1,1,5,1,1,14,6,1,1,25,1,2
16,42,4,10,2008,4,1,1,1,1,1,3,1,1,1,1,5,1,1,,6,,,,,
16,42,4,10,2008,2,1,1,1,1,1,1,1,1,1,1,5,1,1,,6,,,,,
16,42,4,11,2008,2,1,1,1,1,1,1,1,1,1,1,5,1,1,9,6,1,1,25,2,2
17,42,4,7,2008,2,1,1,1,1,1,1,1,1,1,1,5,1,1,9,6,1,1,32,2,2
17,42,4,7,2008,3,1,1,1,1,1,1,1,1,1,1,5,1,1,9,6,1,1,40,2,2
17,42,4,7,2008,1,1,4,1,1,1,1,1,1,1,1,2,1,1,14,6,,,,,
17,42,4,8,2008,1,1,1,1,1,1,1,1,2,1,1,5,1,1,,6,,,,,
17,42,1,8,2008,3,1,4,1,1,1,1,1,1,1,1,2,1,1,19,6,1,1,33,2,2
17,42,4,8,2008,3,1,1,1,1,1,1,1,1,1,1,5,1,1,6,6,1,1,30,2,2
17,42,4,7,2008,,1,4,1,1,1,1,1,1,1,1,5,1,1,,6,,,,,
17,42,4,7,2008,2,1,1,1,1,1,1,1,1,1,1,5,1,1,6,,,,,,
17,42,4,6,2008,1,1,1,1,1,1,3,1,1,1,1,5,1,1,,6,,,,,
17,42,4,9,2008,2,1,1,1,1,1,1,1,1,1,1,5,1,1,,6,,,,,
17,42,4,9,2008,3,1,1,1,1,1,1,1,1,1,1,5,1,1,9,6,1,1,38,2,2
17,42,3,10,2008,3,1,4,1,1,1,1,1,1,1,1,5,1,1,9,6,1,1,33,2,2
17,42,4,10,2008,2,1,4,1,1,1,2,1,1,1,1,5,1,1,,6,,,,,
17,42,4,12,2008,2,1,1,1,1,1,1,1,1,1,1,5,1,1,7,6,1,1,35,2,2
17,42,4,12,2008,3,1,1,2,2,1,1,1,1,1,1,5,1,1,19,6,1,1,32,2,2
17,42,3,8,2008,4,1,4,1,1,1,3,1,1,1,1,5,1,1,,6,,,,,
33,42,4,7,2008,4,1,4,1,1,1,3,1,1,1,1,5,1,1,14,6,1,1,45,1,2
33,42,4,8,2008,1,3,4,1,1,1,3,1,1,1,1,5,1,1,14,6,1,1,42,1,2
33,42,4,8,2008,3,1,1,2,2,1,1,1,1,1,1,5,1,1,19,6,1,1,22,2,2
33,42,4,8,2008,3,1,1,1,1,1,1,1,1,1,1,1,1,1,9,6,1,1,38,2,2
33,42,4,9,2008,3,1,1,1,1,1,1,1,1,1,1,5,1,1,9,6,1,1,30,2,2
33,42,4,9,2008,4,1,1,1,1,1,3,1,1,1,1,1,1,1,7,6,1,1,28,2,2
33,42,4,9,2008,3,1,1,1,1,1,2,1,1,1,1,1,1,1,9,6,1,1,30,2,2
33,42,4,9,2008,2,3,4,1,1,1,2,1,1,1,1,5,1,1,,6,,,,,
33,42,4,9,2008,2,3,4,1,1,1,1,1,1,1,1,5,1,1,,6,,,,,
33,42,3,10,2008,2,1,4,1,1,1,1,1,1,1,1,5,1,1,9,6,1,1,35,2,2
33,42,4,10,2008,1,1,1,1,1,1,3,1,1,1,1,5,1,1,7,6,1,1,30,2,2
33,42,4,10,2008,3,1,4,1,1,1,1,1,1,1,1,5,1,1,9,6,1,1,38,2,2
33,42,4,10,2008,4,1,1,1,1,1,3,1,1,1,1,5,,,,6,,,,,
33,42,4,11,2008,3,1,1,1,1,1,1,1,1,1,1,1,1,1,9,6,1,1,22,2,2
33,42,4,11,2008,3,1,1,1,1,1,1,1,1,1,1,1,1,1,9,6,1,1,33,2,2
33,42,4,11,2008,1,3,4,1,1,1,3,1,1,1,1,5,1,1,,6,,,,,
33,42,4,11,2008,2,1,4,1,1,1,1,1,1,1,1,5,1,1,9,6,1,1,38,2,2
33,42,4,12,2008,1,1,1,1,1,1,2,1,1,1,1,1,1,1,19,6,1,1,42,2,2
9,42,4,9,2008,2,1,1,1,1,1,1,1,1,1,1,5,1,1,,6,,,,,
9,42,4,10,2008,2,1,1,2,2,1,1,1,1,1,1,5,1,1,,6,,,,,
4,42,4,7,2008,1,1,1,1,1,1,3,1,1,1,1,5,1,1,,6,,,,,
4,42,4,8,2008,3,1,1,1,1,1,1,1,1,1,1,5,1,1,12,6,1,1,30,2,2
4,42,4,9,2008,2,1,1,1,1,1,1,1,1,1,1,5,1,1,19,6,1,1,28,2,2
4,42,1,10,2008,4,1,4,1,1,1,3,1,1,1,1,5,1,1,14,6,1,1,27,2,2
4,42,3,10,2008,2,2,4,1,1,1,1,1,1,1,1,5,1,1,12,6,1,1,40,2,2
4,42,4,11,2008,2,1,1,1,1,1,1,1,1,1,1,5,1,1,9,6,1,1,40,2,2
23,42,4,7,2008,1,1,1,1,1,1,3,1,1,1,1,1,1,1,9,6,1,1,23,1,2
23,42,4,7,2008,1,1,1,1,1,1,3,1,1,1,1,1,1,1,,6,,,,,
23,42,4,7,2008,4,1,1,1,1,1,3,1,1,1,1,1,1,1,,6,,,,,
23,42,4,8,2008,1,1,1,1,1,1,3,1,1,1,1,1,1,1,,6,,,,,
23,42,4,9,2008,1,1,1,1,1,1,3,1,1,1,1,1,1,1,,6,,,,,
23,42,4,9,2008,4,1,1,1,1,1,3,1,1,1,1,1,1,1,,6,,,,,
23,42,4,9,2008,1,1,1,1,1,1,3,1,1,1,1,1,1,1,,6,,,,,
23,42,4,11,2008,4,1,1,1,1,1,3,1,1,1,1,1,1,1,,6,,,,,
23,42,4,11,2008,2,1,1,1,1,1,1,1,1,1,1,1,1,1,,6,,,,,
23,42,4,11,2008,4,1,1,1,1,1,3,1,1,1,1,1,1,1,,6,,,,,
23,42,4,12,2008,2,1,4,1,1,1,1,1,1,1,1,1,1,1,9,6,1,1,45,2,2
1,20,4,3,2008,1,1,8,2,1,1,2,1,1,1,1,2,1,2,18,6,1,1,,2,2
1,20,3,5,2008,3,7,8,1,2,1,1,1,1,1,1,2,1,2,4,4,1,1,35,2,2
3,20,4,8,2008,3,1,1,2,2,1,1,1,1,1,1,3,1,2,19,11,1,1,28,2,2
2,20,3,1,2008,3,1,1,1,2,1,1,1,1,1,1,2,1,2,9,11,1,7,,2,2
2,20,4,10,2008,2,1,1,,2,1,1,1,1,1,1,,,,4,,1,7,,1,2
4,20,4,6,2008,2,1,3,1,2,1,1,1,1,1,2,3,1,2,14,,1,,,2,2
4,20,4,7,2008,1,1,1,1,,1,1,1,1,1,1,2,1,2,7,11,1,7,,2,2
4,20,4,9,2008,2,1,1,2,,1,1,2,1,1,1,4,1,1,9,4,1,7,25,2,2
4,20,4,10,2008,2,7,1,1,2,1,1,1,1,1,,2,3,2,14,5,,,35,2,2
1,21,3,1,2008,2,1,1,2,2,1,1,1,1,1,1,5,1,1,9,6,1,1,,2,2
1,21,4,1,2008,2,1,1,2,2,1,1,1,1,1,1,1,1,2,9,6,1,1,80,2,2
1,21,4,2,2008,3,1,1,2,1,1,1,1,1,1,1,5,1,1,9,6,1,1,45,2,2
2,21,4,9,2008,3,1,1,2,2,1,1,1,1,1,1,4,1,2,4,6,1,1,30,2,2
2,21,4,2,2008,2,1,1,2,2,1,1,1,1,1,1,4,1,2,5,6,2,1,35,2,2
2,21,4,11,2008,2,1,1,2,2,1,1,1,1,3,2,4,1,2,17,6,1,1,27,2,2
3,21,4,6,2008,3,1,1,2,2,2,1,1,2,1,2,5,4,1,8,6,1,3,40,2,2
3,21,4,10,2008,4,1,1,2,2,1,4,3,1,1,2,2,1,2,14,6,1,1,,2,2
4,21,3,3,2008,2,3,1,2,2,1,1,1,1,1,1,,1,2,12,6,1,1,,2,2
5,21,4,7,2008,3,1,1,2,2,2,1,1,2,1,1,2,1,2,9,6,1,1,,2,2
6,21,4,11,2008,4,1,1,2,2,1,4,1,1,1,1,1,1,2,19,6,1,7,,2,2
6,21,4,11,2008,3,1,1,2,2,1,1,1,1,1,1,2,1,2,4,6,1,1,30,2,2
6,21,3,11,2008,2,1,1,2,2,1,1,1,1,1,1,5,1,1,19,2,1,1,,2,2
1,23,3,1,2008,3,1,1,2,2,1,1,1,1,1,1,3,1,1,10,1,1,1,25,2,2
1,23,4,2,2008,3,1,1,2,2,1,1,1,1,1,1,1,1,2,9,6,1,1,45,2,2
1,23,4,7,2008,4,1,1,2,2,2,4,1,2,1,1,1,1,2,9,6,1,1,25,2,2
1,23,3,7,2008,3,1,1,2,2,1,1,1,1,1,1,1,1,2,8,6,2,1,35,2,2
1,23,3,10,2008,3,1,1,2,2,1,1,1,1,1,1,4,1,2,9,6,1,1,,2,2
1,23,4,11,2008,4,4,1,2,2,1,2,1,1,1,1,4,1,2,4,6,1,1,,2,2
2,23,3,9,2008,2,1,1,2,2,1,1,1,1,1,1,3,1,2,9,6,1,5,45,2,2
1,26,4,10,2008,2,1,1,2,2,1,1,1,1,1,1,4,1,2,8,6,1,7,,2,2
4,26,4,11,2008,2,1,1,1,2,1,1,1,1,1,1,1,1,2,12,6,1,1,25,2,2
5,26,3,4,2008,2,7,1,1,2,1,1,1,1,1,1,4,1,2,9,3,1,7,48,2,2
5,26,4,3,2008,2,1,1,1,2,1,1,1,1,1,1,1,1,2,,,,,,,
6,26,4,5,2008,2,1,1,2,2,1,1,1,1,1,1,3,1,1,10,6,1,1,25,2,2
7,26,4,1,2008,3,4,1,2,2,1,1,1,1,1,1,4,1,1,14,6,1,1,30,2,2
7,26,3,3,2008,3,1,1,2,2,1,1,1,1,3,1,4,1,2,12,4,1,1,25,2,2
9,26,3,5,2008,3,1,1,2,2,1,1,1,1,1,1,4,1,2,4,1,1,1,28,2,2
9,26,4,7,2008,3,1,1,2,2,1,1,1,1,1,1,4,1,2,8,9,1,1,,2,2
1,19,4,2,2008,2,1,1,2,2,1,1,1,1,1,1,2,1,2,4,6,1,1,,2,2
1,19,4,7,2008,2,1,1,2,2,1,1,1,1,1,1,2,1,2,4,6,1,1,,2,2
1,19,4,7,2008,3,1,1,2,2,1,1,1,1,1,1,2,1,2,19,6,1,1,,2,2
1,19,4,11,2008,2,1,1,2,2,1,1,1,1,1,1,2,1,2,9,6,1,1,,2,2
2,19,3,3,2008,4,1,1,2,2,1,4,1,1,1,1,5,1,1,7,6,1,1,28,2,2
3,22,4,3,2008,2,1,1,2,2,1,1,1,1,1,1,4,4,2,14,6,1,1,,2,2
3,22,4,7,2008,2,2,1,2,2,2,1,1,2,1,1,1,1,1,14,6,1,1,30,2,2
1,22,4,1,2008,2,1,1,2,2,1,1,1,1,1,1,1,1,2,12,6,1,1,,2,2
1,22,4,6,2008,3,1,1,1,1,1,2,2,2,1,1,3,1,2,12,11,1,1,40,2,2
1,22,4,6,2008,1,1,1,1,2,1,1,1,1,2,1,1,2,2,9,6,1,1,,1,1
1,22,3,7,2008,3,1,1,1,2,1,1,2,1,1,1,3,1,2,9,6,1,1,,2,2
1,22,3,9,2008,4,1,1,1,1,1,1,1,1,1,3,1,2,2,4,6,1,1,35,2,2
6,18,4,1,2008,2,1,1,1,2,1,1,1,1,1,1,1,2,2,9,5,1,7,32,2,2
6,18,4,1,2008,4,1,1,1,2,1,1,1,1,1,1,2,1,2,17,5,1,7,47,2,2
6,18,4,2,2008,3,1,1,1,2,1,1,1,1,1,1,1,1,2,11,6,1,7,,2,2
6,18,4,2,2008,4,1,1,1,2,1,4,1,1,1,1,1,1,2,,,,,,,
6,18,4,3,2008,3,1,1,1,2,1,1,1,1,1,1,1,1,2,5,6,1,1,,2,2
6,18,4,3,2008,2,1,1,1,2,1,1,2,2,1,1,2,1,2,8,5,1,1,,2,2
6,18,4,3,2008,3,1,1,1,2,1,1,1,1,1,1,1,1,2,7,6,1,1,,2,2
6,18,4,4,2008,1,1,1,1,2,1,4,1,1,1,1,1,1,2,14,6,1,7,,2,2
6,18,4,4,2008,3,1,1,1,2,1,1,1,1,1,1,1,1,2,8,11,1,3,,2,2
6,18,4,5,2008,3,7,1,1,2,1,1,1,1,1,1,1,1,2,9,11,1,3,,2,2
6,18,4,5,2008,3,1,1,1,2,1,1,1,1,1,1,1,1,2,14,4,1,7,,2,2
6,18,4,5,2008,3,7,8,1,2,1,1,1,1,1,1,2,1,2,13,6,1,3,,2,2
6,18,4,8,2008,2,1,1,1,2,1,1,1,1,1,1,1,1,2,19,6,1,7,,2,2
6,18,3,9,2008,3,7,1,1,2,1,1,1,1,1,1,4,1,2,4,6,1,1,,2,2
6,18,4,10,2008,4,1,1,1,2,1,2,1,1,1,1,1,1,2,4,6,1,1,,2,2
6,18,1,11,2008,,1,1,1,2,1,1,1,1,1,1,1,1,1,4,6,1,1,,2,2
4,18,4,1,2008,2,1,1,1,2,1,1,1,1,1,1,1,1,2,14,6,1,1,25,2,2
4,18,3,3,2008,2,1,1,2,2,1,1,1,1,1,1,1,1,2,9,11,1,7,,2,2
4,18,4,5,2008,4,7,1,2,2,1,1,1,1,1,1,1,1,2,19,11,1,7,,2,2
4,18,4,5,2008,3,1,1,1,2,1,1,1,1,1,1,2,1,2,19,1,1,1,30,2,2
4,18,4,10,2008,3,7,1,2,1,1,1,1,1,1,1,2,1,2,9,6,1,1,,2,2
4,18,4,11,2008,3,7,1,1,2,1,1,1,1,1,1,1,2,,19,1,1,1,,2,2
5,18,4,9,2008,,1,1,2,2,1,1,1,1,1,1,2,1,2,14,6,1,1,,2,2
7,18,4,1,2008,2,2,3,2,2,1,1,1,1,1,1,1,1,2,13,6,1,1,,2,2
7,18,4,3,2008,2,1,2,2,2,1,4,1,1,1,1,1,1,2,19,6,1,1,,2,2
7,18,4,6,2008,3,1,3,2,2,1,1,1,1,1,1,1,1,2,13,6,1,1,,2,2
7,18,4,9,2008,4,1,3,2,2,1,1,1,1,1,1,1,1,2,,6,1,1,,2,2
2,18,4,10,2008,3,1,1,2,2,1,1,1,1,1,1,2,1,2,9,6,1,1,35,2,2
1,18,4,1,2008,1,1,1,2,2,1,1,1,1,1,1,1,1,2,12,6,1,1,,2,2
1,18,4,2,2008,2,1,1,2,1,1,2,1,1,1,1,2,1,2,9,6,1,1,,2,2
1,18,3,3,2008,3,1,4,1,2,1,1,1,1,1,1,1,1,1,14,6,2,1,,2,2
1,18,3,4,2008,2,1,1,1,2,1,1,1,1,1,1,2,1,2,,,,,,,
1,18,4,5,2008,2,1,1,1,2,1,1,1,1,1,1,2,1,2,4,6,1,1,,2,2
1,18,4,7,2008,3,1,1,1,2,1,1,1,1,1,1,2,1,2,14,11,1,1,,2,2
1,18,4,8,2008,3,1,1,1,2,1,1,1,1,1,1,2,1,2,10,6,1,1,,2,2
1,18,4,8,2008,2,1,1,1,2,1,1,1,1,1,1,2,1,2,14,11,1,1,,2,2
1,18,4,9,2008,1,1,1,1,2,1,1,1,1,1,1,1,1,2,19,6,1,1,,2,2
1,18,4,10,2008,3,1,1,1,2,1,1,1,1,1,1,2,1,2,14,6,1,1,45,2,2
1,18,4,11,2008,3,1,1,1,2,1,1,1,1,1,1,2,1,2,9,6,1,1,,2,2
1,24,4,3,2008,3,1,1,2,2,1,1,1,1,1,1,1,1,2,9,6,1,1,,2,2
1,24,4,4,2008,4,1,1,2,2,1,1,1,1,1,1,1,1,2,9,6,1,3,,2,2
1,24,4,4,2008,3,1,3,2,2,1,1,1,1,1,2,4,1,2,14,6,1,1,,2,2
1,24,3,4,2008,3,1,1,2,2,1,1,1,1,1,1,1,1,2,9,6,1,1,,2,2
1,24,4,7,2008,4,1,1,2,2,1,4,1,1,1,1,1,1,2,19,6,1,1,,2,2
1,24,4,8,2008,3,1,1,2,2,1,1,1,1,1,1,1,1,2,9,6,1,1,,2,2
1,24,4,8,2008,1,1,1,2,2,1,2,1,1,1,1,1,1,2,14,6,1,1,,2,2
1,24,1,9,2008,4,1,1,2,2,1,3,1,1,1,1,5,1,1,19,6,1,1,,2,2
1,24,4,9,2008,2,1,1,2,2,1,1,1,1,1,1,1,1,2,9,6,1,1,,2,2
1,24,4,9,2008,4,1,1,2,2,1,2,1,1,1,1,1,1,2,6,6,1,1,,2,2
1,24,4,9,2008,1,1,1,2,2,1,2,1,1,1,1,1,1,1,9,6,1,1,,2,2
1,24,4,9,2008,3,1,2,2,2,1,1,1,1,1,1,2,1,1,4,6,1,1,,2,2
1,24,4,10,2008,1,1,1,2,2,1,2,2,1,1,2,1,1,2,9,1,1,1,,2,2
1,24,4,10,2008,3,1,1,2,2,1,1,1,1,1,1,1,1,1,14,6,1,1,30,2,2
1,24,4,11,2008,2,1,1,2,2,1,1,1,1,1,1,1,1,2,14,6,1,1,,2,2
2,24,4,7,2008,1,7,1,2,2,1,4,1,1,1,3,1,1,2,7,6,1,1,29,2,2
2,24,4,9,2008,1,1,1,2,2,1,1,1,1,3,2,4,1,2,19,6,1,1,30,2,2
5,24,4,2,2008,3,1,1,2,2,1,1,1,1,1,1,4,1,2,9,6,1,7,27,2,2
5,24,4,2,2008,1,1,1,2,2,1,1,1,1,1,1,4,1,2,4,6,1,1,,2,2
5,24,4,5,2008,2,1,1,2,2,1,2,1,1,1,1,1,1,2,9,6,1,1,,2,2
5,24,4,10,2008,1,1,1,2,2,2,1,1,2,1,1,4,1,2,9,6,1,1,,2,2
7,24,4,2,2008,2,1,1,2,2,1,1,1,1,1,1,1,1,2,14,6,1,1,28,2,2
7,24,1,3,2008,3,1,1,2,2,1,1,1,1,1,1,3,1,2,11,6,1,1,25,2,2
7,24,4,6,2008,3,1,1,2,2,1,1,1,1,1,1,3,1,2,11,6,1,1,,2,2
7,24,4,12,2008,4,1,1,2,2,1,4,1,1,1,1,1,1,2,14,6,1,1,,2,2
6,24,4,4,2008,2,2,1,1,1,1,1,2,1,1,1,2,1,2,9,6,1,1,,2,2
8,24,4,1,2008,2,1,1,2,2,1,1,1,1,1,1,4,1,2,4,6,1,1,33,2,2
8,24,4,5,2008,3,1,1,2,1,1,1,1,1,1,1,1,1,2,14,9,1,1,42,2,2
8,24,4,7,2008,2,1,1,2,1,1,1,1,1,1,1,1,1,2,14,6,1,1,38,2,2
8,24,4,9,2008,2,1,1,2,2,1,1,1,1,1,1,1,1,2,9,6,1,1,,2,2
8,24,4,10,2008,3,1,1,2,2,1,1,1,1,1,1,1,1,2,9,6,1,1,,2,2
8,24,4,11,2008,2,1,1,2,2,1,1,1,1,1,1,1,1,2,9,6,1,1,,2,2
4,24,4,2,2008,3,1,1,1,2,1,1,1,1,1,1,4,1,2,9,6,1,1,30,2,2
4,25,3,11,2008,2,1,1,2,1,1,1,1,1,1,1,4,1,2,10,6,1,1,45,2,2
1,25,3,8,2008,4,1,1,1,2,1,3,1,1,1,1,5,1,1,11,6,1,1,,2,2
1,25,4,9,2008,2,1,1,2,2,1,1,1,1,1,1,4,1,2,9,5,1,1,,2,2
1,25,4,9,2008,3,1,1,2,2,1,1,1,1,1,1,4,1,2,14,6,1,1,,2,2
3,25,4,3,2008,4,1,1,1,2,1,2,1,1,1,1,4,1,2,9,6,1,1,32,2,2
3,25,4,5,2008,3,1,1,2,2,1,1,1,1,1,1,4,1,2,9,6,1,1,35,2,2
1,29,3,3,2008,2,1,1,2,2,1,1,1,1,1,1,1,1,2,9,6,1,1,30,2,2
1,29,4,3,2008,3,1,1,2,2,1,1,1,1,1,1,1,1,2,,6,1,1,,2,2
1,29,4,10,2008,3,1,1,2,2,1,1,1,1,1,1,1,1,2,13,5,1,7,,2,2
1,29,4,11,2008,3,1,1,2,2,1,2,1,1,1,1,2,1,2,,6,1,1,,2,2
2,29,4,10,2008,3,7,1,2,2,1,1,1,1,1,1,2,1,2,9,6,1,1,38,2,2
3,29,4,4,2008,1,1,1,2,2,1,2,1,1,1,1,1,1,2,9,6,1,1,,2,2
5,29,4,1,2008,2,1,1,2,2,1,1,1,1,1,1,1,1,2,9,6,1,1,,2,2
6,29,3,2,2008,2,1,1,2,2,1,1,1,1,1,1,1,1,2,9,6,1,3,30,2,2
7,29,4,3,2008,3,1,1,2,2,1,1,1,1,3,2,4,1,2,4,6,1,2,28,2,2
7,29,4,8,2008,1,7,1,2,2,1,2,1,1,1,2,2,1,2,8,6,1,1,,2,2
7,29,4,9,2008,2,7,8,2,2,1,1,1,1,1,2,2,1,2,9,6,1,1,,2,2
8,29,4,9,2008,3,7,1,2,2,1,1,1,1,1,1,1,1,2,12,6,1,1,33,2,2
6,24,1,8,2008,3,1,1,2,2,1,1,1,1,1,2,2,1,2,9,6,1,1,,2,2
2,24,4,9,2008,2,1,1,2,2,1,1,1,1,1,1,1,1,2,9,6,1,1,45,2,2
1,20,4,12,2008,2,1,1,1,2,1,1,1,1,1,1,1,1,2,4,6,1,1,,2,2
3,20,4,12,2008,4,1,1,2,2,1,1,1,1,1,1,2,1,2,14,6,1,7,,2,2
6,18,4,12,2008,3,1,1,2,2,1,1,1,1,1,1,1,1,2,9,6,1,1,,2,2
6,18,4,12,2008,2,1,1,1,2,4,4,1,1,1,1,1,1,2,9,6,1,1,,2,2
4,18,4,12,2008,4,1,1,1,2,4,4,1,1,1,1,4,1,2,4,6,1,1,,2,2
2,18,4,12,2008,2,1,1,2,2,1,1,1,1,1,1,2,1,2,8,6,1,1,43,2,2
4,22,4,6,2008,3,1,1,1,2,1,1,1,1,1,1,3,1,2,4,6,1,1,22,2,2
4,29,4,5,2008,4,1,1,2,2,1,1,1,1,1,1,1,1,2,9,6,1,3,36,1,2
3,29,3,2,2008,3,1,1,2,2,1,1,1,1,1,1,1,1,2,9,6,1,1,,2,2
3,29,4,3,2008,3,7,1,1,1,1,1,1,1,1,1,1,1,2,9,6,1,1,,2,2
5,29,4,1,2008,2,1,1,2,2,1,1,1,1,1,1,1,1,2,9,6,1,1,,2,2
5,29,4,12,2008,2,1,1,2,2,2,1,1,2,1,1,1,1,2,9,6,1,1,,2,2
5,29,4,5,2008,1,1,1,2,2,1,2,1,1,1,1,1,1,2,7,6,1,4,38,2,2
5,29,4,5,2008,3,1,1,2,2,1,1,1,1,1,1,1,1,2,13,6,1,1,28,2,2
3,18,4,5,2008,2,1,1,2,1,1,1,1,1,1,1,2,1,2,6,6,1,1,,2,2
3,18,4,7,2008,1,1,1,2,1,1,1,1,1,1,1,2,1,2,6,6,1,7,20,2,2
3,18,4,8,2008,1,1,1,2,2,1,1,1,1,1,1,4,1,2,14,6,2,7,32,2,2
3,18,3,9,2008,3,1,8,2,2,1,1,1,1,1,1,1,1,2,7,6,1,1,,2,2
3,18,3,12,2008,1,1,1,2,2,1,1,1,1,1,1,1,1,2,4,6,1,1,35,2,2
1,20,4,9,2008,1,1,1,2,2,1,2,1,1,1,1,4,1,1,,,,,,,
1,18,4,12,2008,4,1,1,2,2,1,3,1,1,1,1,1,1,2,14,6,2,1,,2,2
1,18,4,12,2008,4,1,1,2,2,1,4,1,1,1,1,1,1,2,11,6,1,1,,2,2
1,19,4,7,2008,2,1,1,2,2,1,1,1,2,1,1,2,2,2,4,6,1,1,,2,2
3,29,4,1,2008,2,1,1,2,2,1,1,1,1,1,1,1,1,2,6,6,1,1,,2,2
3,29,3,6,2008,3,1,1,2,2,1,1,1,1,1,1,1,1,1,12,6,1,1,,2,2
12,29,4,5,2008,3,1,1,2,2,1,1,1,1,1,1,1,1,2,9,6,1,1,,2,2