Thana,District,Accident_Severity,Month,Year,Time,Junction_Type,Traffic_Control,Movement,Divider,Weather,Light,Road_Geometry,Surface_Condition,Surface_Type,Surface_Quality,Road_Class,Road_Feature,Location_Type,Vehicle_Type,Vehicle_Movement,Vehicle_Loading,Vehicle_Defect,Vehicle_Driver_Age,Vehicle_Alcohol,Vehicle_Seat_Belt
3,29,4,6,2008,3,1,1,2,2,1,1,1,1,1,1,1,1,2,9,6,1,1,,2,2
3,29,3,11,2008,2,1,1,2,2,1,1,1,1,1,1,1,1,2,4,6,1,1,,2,2
1,28,3,6,2008,3,1,1,2,2,1,1,1,1,1,1,1,1,2,12,6,1,1,,2,2
1,24,4,8,2008,2,1,1,2,2,1,1,1,1,1,1,1,1,1,9,6,1,1,,2,2
4,24,4,1,2008,2,1,1,2,2,1,1,1,1,1,1,3,1,2,4,6,1,1,,2,2
1,24,4,10,2008,2,1,1,2,2,1,1,1,1,1,1,1,1,2,9,6,1,1,36,,
5,26,3,6,2008,3,1,1,2,2,1,1,1,1,1,1,1,1,1,12,6,1,1,,2,2
2,28,1,11,2007,2,7,8,1,1,1,1,1,1,1,1,5,1,1,10,6,1,1,20,2,2
1,28,3,4,2008,3,3,4,2,2,1,1,1,1,1,1,5,1,1,10,11,1,1,35,2,2
1,28,4,2,2008,2,3,2,2,1,1,1,2,1,1,1,5,4,1,9,9,2,1,,1,2
1,28,4,5,2008,3,4,4,2,2,1,2,4,1,1,1,5,1,1,19,6,1,1,,1,2
1,28,3,8,2008,2,3,4,2,2,1,1,2,1,1,1,2,1,1,7,7,1,1,35,2,2
1,28,4,10,2008,3,1,6,2,1,1,1,1,1,1,1,3,1,1,14,6,2,7,,1,2
1,28,2,12,2008,1,2,1,2,1,1,3,5,1,1,1,1,2,1,14,11,1,1,37,2,2
2,28,3,7,2008,4,6,1,2,2,1,2,1,1,1,1,1,1,1,14,11,1,7,29,2,2
3,28,1,7,2008,2,3,1,2,2,1,1,1,1,1,1,5,1,1,4,5,1,1,,2,1
3,28,3,12,2008,3,2,1,2,2,1,1,1,1,1,1,1,1,1,9,5,1,1,,2,2
3,28,4,1,2008,2,1,1,2,2,1,1,1,1,1,1,5,1,1,9,11,1,1,35,2,2
4,28,4,1,2008,2,1,1,2,2,1,1,1,1,1,1,5,1,1,9,6,1,7,,1,2
4,28,3,2,2008,4,7,1,2,2,1,3,1,1,1,1,5,1,1,4,6,1,7,32,1,2
4,28,3,3,2008,2,7,1,2,2,1,1,1,1,1,1,1,1,1,9,6,1,7,,1,2
4,28,4,3,2008,2,6,1,2,2,1,1,1,1,1,1,1,1,1,14,6,1,7,,1,2
5,28,4,5,2008,1,2,1,1,2,1,4,1,1,1,1,3,1,1,14,11,2,3,35,1,2
5,28,4,6,2008,3,1,8,1,2,1,1,1,1,1,1,1,1,1,19,11,1,1,,1,2
5,28,4,8,2008,1,1,3,2,1,1,4,2,1,1,1,3,1,1,8,11,1,7,18,1,2
4,28,2,5,2008,1,1,1,2,2,1,2,1,1,1,1,5,1,1,14,6,1,5,,1,2
5,28,4,1,2008,3,1,1,2,2,1,1,1,1,1,1,5,1,1,9,5,1,1,32,2,2
5,28,3,12,2008,2,1,1,2,2,1,4,1,1,1,1,1,1,1,9,11,1,7,35,2,2
4,28,4,9,2008,3,1,1,2,2,1,1,1,1,1,1,1,1,2,9,6,1,7,,1,2
1,3,4,3,2008,2,7,1,2,2,1,1,1,1,1,1,1,1,1,4,6,1,7,,1,2
4,3,4,3,2008,3,7,3,2,2,1,2,1,1,1,1,3,1,1,7,6,1,7,30,2,2
1,2,4,2,2008,4,7,1,2,2,1,4,1,1,1,1,1,1,1,8,6,1,7,,2,2
8,13,4,2,2008,2,7,1,2,2,1,1,1,1,1,2,3,1,2,19,6,1,7,,2,2
1,3,4,2,2008,2,7,1,2,2,1,2,1,1,1,1,4,1,2,19,6,1,7,,2,2
6,3,4,1,2008,4,1,1,2,2,4,1,1,1,1,3,3,2,,8,6,1,1,32,2,2
3,8,4,1,2008,4,7,1,2,2,1,2,1,1,1,1,3,1,2,14,6,1,7,,2,2
3,8,3,1,2008,3,1,1,2,2,1,1,1,1,1,1,1,1,1,9,6,1,1,,2,2
7,8,4,1,2008,3,7,3,2,2,1,1,1,1,1,1,3,1,2,4,6,1,7,48,2,2
1,2,4,1,2008,3,1,8,2,2,1,2,1,1,1,1,1,1,1,9,6,1,7,,2,2
1,2,4,1,2008,2,7,1,2,2,4,1,1,1,1,1,1,1,1,9,6,1,7,,2,2
1,2,4,1,2008,3,1,1,2,2,1,1,1,1,1,1,3,1,2,8,6,1,7,,2,2
1,1,4,3,2008,4,4,1,2,2,1,4,2,1,2,1,4,1,2,14,1,1,7,,2,2
1,1,4,2,2008,2,1,1,2,2,1,1,1,1,1,1,1,1,1,8,11,1,1,32,2,2
5,1,4,1,2008,3,7,1,2,2,1,1,2,1,1,1,1,1,1,17,6,1,7,,2,2
5,1,4,2,2008,4,7,1,2,2,1,4,1,1,1,1,1,1,1,14,6,1,7,,2,2
3,10,4,9,2008,2,1,1,2,2,1,2,1,1,1,1,2,1,2,14,6,1,1,,2,2
12,9,4,3,2008,3,1,1,2,2,1,2,1,1,1,1,1,1,2,12,6,1,1,22,2,2
12,9,4,7,2008,3,7,1,2,2,1,2,1,2,1,1,1,1,2,9,11,1,1,,1,2
1,12,1,3,2008,3,1,1,2,2,1,1,1,1,1,1,2,1,1,6,1,1,1,33,2,2
1,12,4,3,2008,2,3,1,2,2,1,1,1,1,1,1,2,1,1,14,6,1,7,32,2,2
1,5,4,5,2008,1,1,1,2,2,1,4,1,1,1,1,1,1,2,13,6,1,1,35,2,2
1,5,4,6,2008,3,7,1,2,2,1,1,1,1,1,1,1,1,2,14,6,1,1,24,2,2
8,5,3,1,2008,4,7,1,2,2,1,3,1,1,1,1,1,1,2,4,6,1,1,35,2,2
8,5,3,5,2008,4,1,1,2,2,1,1,1,1,1,1,1,1,2,13,6,1,1,42,2,2
8,5,4,8,2008,1,7,1,2,2,2,4,1,2,1,1,1,1,1,19,6,1,1,,2,2
2,5,4,2,2008,2,7,1,2,2,1,1,1,1,3,2,4,1,2,19,6,2,7,22,2,2
5,5,4,7,2008,1,7,1,2,2,1,2,1,1,1,1,1,1,1,9,2,1,7,38,2,2
6,5,4,5,2008,3,1,1,2,2,1,1,1,1,1,1,1,1,1,14,11,1,7,,2,2
6,5,1,6,2008,2,1,1,2,2,2,1,1,2,1,1,1,1,1,9,6,1,7,,2,2
6,5,4,7,2008,4,3,1,2,2,1,4,1,1,1,1,3,1,2,8,6,1,7,40,2,2
6,5,4,8,2008,2,1,1,2,2,2,1,2,2,1,1,1,1,2,9,1,2,7,45,2,2
6,5,4,8,2008,3,7,1,2,2,1,1,1,1,1,1,1,1,1,9,6,2,7,,2,2
4,5,4,3,2008,3,2,1,2,2,1,1,1,1,1,1,1,1,2,8,6,1,1,,2,2
5,12,4,9,2008,3,7,1,2,2,1,1,1,1,1,1,3,1,2,14,6,1,3,28,2,2
3,12,4,9,2008,3,1,1,2,2,1,1,1,1,1,2,3,3,2,14,5,1,1,,2,2
4,9,4,1,2008,3,1,1,2,2,1,1,1,1,1,1,4,1,2,4,6,1,1,,2,2
1,12,4,1,2008,2,3,3,2,2,1,1,1,1,1,1,2,1,1,9,6,1,6,,2,2
5,12,4,1,2008,3,1,1,2,2,1,1,1,1,1,2,3,1,2,13,6,1,7,39,2,2
3,12,4,1,2008,2,1,1,2,2,1,1,1,1,1,1,4,1,2,4,6,1,7,,2,2
4,12,4,1,2008,3,1,1,2,2,1,1,1,1,1,1,4,1,1,19,6,1,7,,2,2
1,12,4,5,2008,3,7,1,2,2,1,1,1,1,1,1,3,1,2,16,6,1,1,,2,2
1,12,4,5,2008,2,7,1,2,2,1,1,1,1,1,1,1,1,1,14,6,1,1,,2,2
6,4,3,8,2008,3,7,1,2,2,1,1,1,1,1,1,1,1,1,9,6,1,1,30,2,2
1,4,4,1,2008,3,3,8,1,2,1,2,1,1,1,1,5,1,2,9,4,1,7,35,2,2
6,4,4,3,2008,2,7,8,2,2,1,1,1,1,1,1,2,1,2,9,6,1,7,,2,2
1,4,4,2,2008,3,1,1,2,2,1,1,1,1,1,1,2,1,1,19,6,2,7,,2,2
1,4,4,1,2008,3,1,1,2,2,1,1,1,1,1,1,5,1,1,14,11,1,1,40,2,2
7,9,4,9,2008,4,1,8,2,2,1,3,1,1,1,1,1,1,1,19,11,1,7,,2,2
11,9,4,6,2008,3,7,1,2,2,3,1,1,2,1,2,3,1,2,4,7,2,7,,2,2
4,2,4,8,2008,3,1,1,2,2,1,1,1,1,1,1,2,1,2,17,6,1,1,17,2,2
5,2,4,7,2008,1,1,1,2,2,1,1,1,1,1,1,3,1,2,4,7,1,7,27,2,2
1,12,4,10,2008,2,3,8,2,2,1,1,1,1,1,1,3,1,2,9,6,1,1,,2,2
1,11,4,10,2008,4,1,1,2,2,1,1,1,1,1,1,5,1,1,14,11,1,7,,2,2
3,11,4,10,2008,3,7,3,2,2,1,1,1,5,1,1,3,1,2,9,11,1,7,40,2,2
6,11,4,10,2008,2,1,3,2,2,1,2,3,1,1,1,2,1,2,8,2,1,7,,2,2
5,11,4,9,2008,2,1,3,2,2,1,1,5,1,1,1,2,1,2,4,6,1,7,,2,2
5,11,4,10,2008,1,7,8,2,2,1,2,4,5,1,2,2,5,2,13,6,1,7,40,2,2
10,11,4,1,2008,3,1,1,2,2,1,1,1,1,1,1,3,1,2,8,6,1,7,,2,2
6,11,4,2,2008,2,1,1,2,2,1,1,1,1,1,1,2,1,2,8,6,1,7,,2,2
1,2,4,4,2008,3,1,8,2,2,1,1,1,1,1,1,3,1,2,16,6,1,1,35,2,2
5,9,4,3,2008,4,3,8,2,2,1,3,3,1,1,3,1,2,,14,11,1,7,28,2,2
2,16,4,1,2008,3,1,1,2,2,1,1,1,1,3,2,4,1,2,9,6,1,7,,2,2
10,16,4,1,2008,1,6,4,2,2,1,2,1,1,1,1,3,1,2,19,11,1,7,,2,2
1,9,4,1,2008,3,7,1,2,2,1,1,1,1,1,1,3,1,2,9,6,1,1,35,2,2
6,9,4,1,2008,2,7,1,2,2,1,1,1,1,1,1,2,1,1,19,6,1,7,,2,2
3,13,3,3,2008,3,7,8,2,2,1,1,1,1,1,1,3,1,2,14,6,1,1,25,2,2
6,9,4,5,2008,4,7,3,2,2,1,2,1,1,1,1,2,1,1,13,6,1,1,38,2,2
6,9,4,4,2008,3,7,3,2,2,1,1,1,1,1,1,2,1,1,13,6,1,1,38,2,2
2,9,4,4,2008,3,7,8,2,2,1,1,1,1,1,1,2,1,1,9,6,1,1,,1,2
7,9,4,5,2008,3,7,8,2,2,1,1,1,1,1,1,1,1,1,8,11,1,1,,2,2
3,9,4,6,2008,3,7,3,2,2,1,1,1,1,1,1,4,1,2,13,1,1,7,,2,2
7,16,4,9,2008,3,1,8,2,2,1,1,1,1,1,1,1,1,1,8,4,2,7,,2,2
11,16,4,9,2008,3,1,3,2,2,1,1,1,1,1,1,1,1,2,9,6,1,7,,2,2
10,16,4,9,2008,4,7,1,2,2,1,2,1,1,1,1,2,1,2,13,6,1,7,,2,2
10,16,4,9,2008,4,1,1,2,2,1,2,1,1,1,1,2,1,2,14,6,1,7,,2,2
2,16,4,3,2008,3,3,1,2,2,1,1,1,1,1,1,4,1,2,9,6,1,1,,1,2
9,16,4,3,2008,2,7,1,2,2,1,1,1,1,1,1,1,1,1,9,11,1,7,35,2,2
10,16,4,3,2008,3,3,4,2,2,1,1,1,1,1,1,1,1,,8,11,1,7,,2,2
1,6,4,3,2008,2,1,1,2,2,1,1,1,1,1,1,1,1,1,14,6,1,7,35,2,2
1,6,4,4,2008,2,1,1,2,2,1,1,1,1,1,1,1,1,,9,6,1,7,,2,2
1,6,4,4,2008,2,1,1,1,2,1,2,1,1,1,1,1,1,2,14,6,1,7,35,2,2
1,6,4,5,2008,2,1,1,2,2,1,1,1,1,1,1,1,1,1,9,6,2,1,28,1,2
1,6,4,5,2008,3,1,1,2,2,1,1,2,1,1,1,1,1,1,9,2,2,6,40,2,2
1,6,4,8,2008,2,2,3,2,2,1,1,1,1,1,1,3,1,1,13,11,1,7,,2,2
2,6,4,3,2008,2,7,1,2,2,1,1,1,1,1,1,1,1,1,13,6,1,1,,2,2
2,6,4,9,2008,4,7,8,2,2,1,4,1,1,1,1,4,1,2,4,11,1,1,27,2,2
4,6,4,3,2008,3,1,1,2,2,1,1,1,1,1,1,1,1,1,14,11,1,1,48,2,2
4,6,4,5,2008,2,1,1,2,2,1,2,2,1,1,1,1,1,1,9,6,1,1,38,2,2
4,6,4,2,2008,4,1,1,2,2,1,2,2,1,3,1,3,1,1,17,11,1,3,28,2,2
3,6,4,2,2008,2,1,3,2,2,1,1,1,1,1,1,1,1,2,9,6,1,1,40,2,2
3,6,1,4,2008,3,1,1,2,2,1,1,2,1,1,1,1,1,1,9,1,1,1,29,2,2
7,13,3,7,2008,2,1,1,2,2,1,2,1,1,1,1,4,1,2,9,6,1,1,,2,2
8,13,4,7,2008,3,7,1,2,2,1,2,1,2,1,1,1,1,2,7,11,1,7,,2,2
8,13,4,7,2008,3,1,1,2,2,2,1,1,2,1,1,1,1,2,9,6,1,1,,2,2
6,15,4,9,2008,2,1,1,2,2,2,1,2,2,1,1,1,1,2,14,11,1,1,35,2,2
1,15,3,11,2008,4,7,1,2,2,1,2,2,1,1,1,1,1,2,14,11,1,7,,2,2
1,15,4,10,2008,2,1,1,2,2,1,1,1,1,1,1,1,1,1,8,11,1,7,42,2,2
1,15,4,10,2008,1,1,1,2,2,2,4,1,2,1,1,1,1,2,14,11,1,7,38,2,2
1,15,4,10,2008,2,1,1,2,2,1,1,1,1,1,1,1,1,1,8,11,1,7,,2,2
7,3,3,10,2008,3,7,1,2,2,1,1,1,1,1,1,2,1,2,8,6,1,3,45,2,2
6,3,4,10,2008,4,7,1,2,2,1,3,1,1,1,1,1,1,2,9,6,1,1,40,2,2
10,16,4,4,2008,3,3,5,2,2,1,1,1,1,1,1,1,1,2,8,6,1,7,,2,2
10,16,4,4,2008,3,7,8,2,2,1,1,1,1,1,1,2,1,2,14,8,1,1,28,2,2
10,16,4,4,2008,1,7,1,1,1,1,2,1,1,1,1,2,1,2,13,6,1,7,,2,2
4,16,4,4,2008,3,1,1,2,2,1,1,1,1,1,1,3,1,2,9,6,1,7,,2,2
12,16,4,5,2008,2,1,8,2,2,1,1,2,1,2,2,3,4,2,9,6,1,7,,2,2
9,16,4,5,2008,3,1,8,2,2,1,1,1,1,1,1,1,1,1,9,6,1,7,,2,2
7,16,4,5,2008,3,2,1,2,2,1,1,1,1,1,1,1,1,2,9,6,1,7,,2,2
10,15,4,5,2008,3,1,4,2,2,1,1,1,1,1,1,3,1,2,14,5,1,2,,2,2
8,16,4,5,2008,3,1,1,2,2,1,1,1,1,1,2,4,1,2,14,6,1,7,,2,2
10,16,4,6,2008,2,1,1,2,2,1,1,1,1,1,1,1,1,1,14,6,1,3,,2,2
7,16,3,6,2008,2,7,8,2,2,1,1,1,1,1,1,3,1,2,14,11,1,6,26,2,2
1,12,4,7,2008,3,3,8,2,2,2,1,4,2,1,1,3,1,2,9,11,2,7,29,2,2
1,12,4,7,2008,4,7,1,2,2,1,2,1,2,1,1,5,1,1,14,6,1,1,35,2,2
1,12,4,7,2008,2,2,4,1,2,1,1,4,1,1,1,2,1,2,9,6,1,1,,2,2
5,13,4,9,2008,3,2,2,2,2,2,1,1,1,1,1,2,1,2,14,6,1,1,,2,2
8,13,4,9,2008,1,1,3,2,2,1,4,1,1,1,1,2,1,2,14,11,1,1,,2,2
8,13,4,9,2008,2,1,3,2,1,1,1,1,1,1,1,2,1,2,14,1,1,1,,2,2
8,13,4,9,2008,4,1,1,2,1,1,4,1,1,1,1,2,1,2,14,2,1,1,,2,2
8,13,4,9,2008,4,1,1,2,1,1,2,1,1,1,1,2,1,2,14,1,1,1,,2,2
8,13,4,9,2008,3,1,3,2,2,1,1,1,1,1,1,2,1,2,19,11,1,1,,2,2
10,16,4,2,2008,3,1,1,2,2,1,1,1,1,1,1,2,1,1,9,6,1,7,,2,2
3,2,4,3,2008,1,1,8,2,2,1,2,1,1,1,1,3,1,1,14,11,2,7,,2,2
7,13,4,1,2008,2,1,3,2,2,1,1,1,1,1,1,2,1,1,12,6,1,7,22,2,2
5,13,4,1,2008,4,7,1,2,2,1,2,1,1,1,1,2,1,1,9,6,1,7,,2,2
1,9,4,3,2008,4,7,1,2,2,1,4,1,1,3,1,4,1,2,13,11,1,7,,2,2
1,9,4,5,2008,3,1,1,2,2,1,1,1,1,1,1,1,1,1,14,6,1,5,42,2,2
1,9,3,6,2008,4,3,4,2,2,1,3,1,1,1,2,5,1,2,6,6,1,7,,2,2
1,9,4,6,2008,4,7,1,2,2,1,4,1,2,1,1,1,1,1,8,6,1,7,,2,2
9,9,4,4,2008,3,1,1,2,2,1,1,1,1,1,2,4,1,2,13,6,1,1,,2,2
9,9,4,6,2008,2,7,1,2,2,2,1,1,2,3,1,4,1,2,13,6,1,7,,2,2
1,15,4,1,2008,2,1,1,2,2,1,1,1,1,1,1,5,1,1,7,11,1,1,35,2,2
1,15,4,2,2008,3,7,8,2,2,1,1,1,1,1,1,1,1,1,9,7,1,1,,2,2
1,15,4,4,2008,3,7,2,2,2,1,1,1,1,1,1,1,1,1,6,11,1,7,,2,2
1,15,4,4,2008,3,7,1,2,2,1,1,1,1,1,1,1,1,1,4,6,1,7,25,2,2
1,15,4,6,2008,1,3,1,2,2,2,2,1,2,1,1,1,1,1,14,6,1,1,,2,2
1,15,4,6,2008,2,3,1,2,2,2,1,2,1,1,1,1,1,,13,11,1,7,,2,2
5,15,4,1,2008,3,7,8,2,2,1,1,1,1,1,1,1,1,1,4,11,1,7,35,2,2
6,15,4,3,2008,2,2,1,2,2,1,1,1,1,1,1,1,1,1,8,6,1,1,,2,2
6,15,4,3,2008,2,1,1,2,2,1,1,1,1,1,1,1,1,1,9,6,1,1,,2,2
3,15,3,6,2008,2,1,1,2,2,1,1,1,1,1,1,1,1,1,9,6,1,7,31,2,2
3,15,4,1,2008,3,7,1,2,2,4,1,2,1,1,2,3,1,2,9,5,1,7,,2,2
5,15,3,11,2008,3,7,1,2,2,1,1,1,1,1,1,3,1,2,19,11,2,7,30,1,2
1,15,4,11,2008,2,1,1,2,2,1,1,1,1,1,1,1,1,2,9,6,1,1,,2,2
4,15,4,11,2008,3,7,3,2,1,1,2,3,1,1,1,2,1,2,7,11,1,7,32,2,2
5,15,4,11,2008,3,7,1,2,2,1,1,1,1,1,1,2,4,2,17,1,1,7,40,2,2
3,15,4,10,2008,3,7,1,2,2,1,1,1,1,1,1,1,1,1,14,6,1,1,39,2,2
4,7,4,11,2008,3,4,8,2,2,1,1,2,1,1,1,3,1,2,17,1,1,1,35,2,2
9,7,4,11,2008,3,1,8,2,2,1,1,2,5,1,2,4,1,2,16,6,1,1,22,1,2
1,7,4,11,2008,4,1,1,2,2,1,3,1,1,1,2,3,1,1,14,6,1,1,,1,2
7,7,3,11,2008,2,7,8,2,2,1,1,1,1,1,1,3,1,2,14,6,1,1,,2,2
10,16,4,10,2008,2,7,8,2,2,1,1,1,1,1,1,3,1,2,14,6,1,1,25,2,2
10,16,4,10,2008,2,7,1,2,2,1,1,1,1,1,1,3,1,2,9,11,1,7,,2,2
11,16,4,10,2008,3,7,1,2,2,1,1,3,1,3,2,3,1,2,13,7,1,3,,2,2
10,16,4,10,2008,2,1,3,2,2,1,1,1,1,1,1,1,1,2,9,6,1,1,,2,2
11,16,4,10,2008,4,1,8,2,2,1,1,1,1,1,2,1,1,2,14,5,2,7,48,2,2
1,16,3,10,2008,3,1,1,2,2,1,1,1,1,1,1,3,1,2,7,6,1,1,,2,2
6,4,4,11,2008,4,1,1,2,2,1,3,1,1,1,1,1,1,1,9,6,1,1,41,2,2
2,4,3,10,2008,1,1,1,2,2,1,2,2,1,3,2,4,1,2,19,6,1,1,37,2,2
4,11,4,12,2008,3,7,3,2,2,1,1,1,1,1,1,2,1,2,8,5,1,7,31,2,2
5,11,4,12,2008,3,7,8,2,2,1,1,5,5,3,2,2,1,1,17,11,2,3,35,2,2
3,2,4,12,2008,2,1,1,2,2,1,1,1,1,1,1,3,1,2,6,6,1,3,25,2,2
3,2,4,12,2008,3,1,1,2,2,1,2,1,1,1,1,3,1,2,4,4,1,1,20,2,2
1,15,4,12,2008,3,7,1,2,2,1,2,1,1,1,1,1,1,2,19,11,1,7,,2,2
4,15,4,12,2008,1,1,1,2,2,1,2,2,1,1,1,3,1,2,9,5,1,1,,2,2
7,7,4,12,2008,4,7,8,2,2,1,2,1,1,1,1,4,1,2,14,6,1,1,,2,1
8,7,4,12,2008,2,7,1,2,2,4,4,1,1,1,1,1,1,1,9,6,2,7,,2,2
7,13,4,11,2008,2,1,1,2,2,1,1,1,1,1,1,4,1,2,4,5,1,7,25,2,2
5,13,3,12,2008,3,2,8,2,2,1,1,1,1,1,1,2,1,1,4,6,1,1,48,1,2
1,13,3,12,2008,2,1,8,2,2,1,1,1,1,1,1,3,1,2,1,6,1,1,,2,2
1,12,4,7,2008,2,2,4,2,2,1,1,4,1,1,1,2,1,2,9,6,1,1,,2,2
1,12,4,7,2008,3,1,8,2,2,1,4,4,2,1,1,3,1,2,9,11,1,7,,2,2
1,12,4,7,2008,4,7,8,2,2,1,2,1,2,1,1,2,1,1,14,6,1,1,35,2,2
1,12,4,6,2008,2,1,3,2,2,4,1,1,2,1,1,2,1,2,9,6,1,1,40,2,2
1,12,4,6,2008,3,1,8,2,2,1,1,1,1,1,1,2,1,1,14,6,1,1,28,2,2
1,12,4,5,2008,3,7,1,2,2,1,1,1,1,1,1,3,1,2,19,6,1,7,,2,2
1,12,4,5,2008,2,7,1,2,2,1,1,1,1,1,1,2,1,1,13,6,1,7,,2,2
4,12,4,5,2008,3,7,8,2,2,1,1,1,1,1,1,4,1,2,14,11,1,7,,2,2
3,12,4,4,2008,2,7,8,1,2,1,1,1,1,1,1,4,1,2,5,11,1,7,,2,2
5,12,4,3,2008,3,7,8,2,2,1,1,1,1,1,1,3,1,2,8,4,1,6,,2,2
1,12,4,3,2008,2,7,8,2,2,1,2,1,1,1,1,2,1,1,14,6,1,1,32,2,2
1,12,3,3,2008,3,7,1,2,2,1,1,1,1,1,1,3,1,2,8,6,1,1,33,2,2
5,12,4,12,2008,1,2,1,2,2,1,2,1,1,1,1,3,1,2,19,6,1,7,,2,2
3,12,4,1,2008,2,1,4,2,2,1,1,1,1,1,1,3,1,2,4,6,1,7,,2,2
1,12,4,1,2008,2,1,1,2,2,4,1,1,2,1,1,2,1,2,9,6,1,3,,2,2
8,13,4,10,2008,2,7,4,2,2,1,2,2,1,1,1,1,1,2,14,6,1,1,,2,2
10,16,4,11,2008,3,7,1,2,2,1,1,1,1,1,1,1,1,2,14,11,1,7,,2,2
11,16,4,11,2008,2,3,8,2,2,1,1,2,1,1,1,1,1,2,14,6,2,7,35,2,2
1,10,3,6,2008,2,1,1,2,2,1,1,2,1,1,2,3,1,2,13,2,1,7,,2,2
1,10,3,3,2008,3,1,1,2,2,1,1,1,1,1,1,3,1,2,6,6,1,3,27,2,2
2,10,3,3,2008,2,1,8,2,2,1,1,1,1,1,1,3,1,2,4,6,1,7,,2,2
5,10,4,5,2008,2,7,3,2,2,1,1,1,1,1,1,3,1,2,8,6,2,1,,2,2
4,10,3,3,2008,3,7,2,2,2,1,1,1,1,1,1,3,1,2,6,11,1,7,,2,2
8,13,4,11,2008,3,1,1,2,2,1,1,1,3,1,1,1,1,2,9,6,1,7,40,2,2
3,13,3,11,2008,3,7,8,2,2,1,1,1,1,1,1,3,1,2,8,6,1,7,40,2,2
4,2,4,11,2008,1,3,1,2,2,1,1,1,1,1,3,4,4,2,13,5,1,1,30,2,2
4,2,4,11,2008,2,7,1,2,2,1,2,1,1,1,1,3,1,2,4,6,2,1,25,2,2
1,2,4,11,2008,2,7,1,2,2,1,1,2,1,1,1,1,1,1,8,6,1,7,,2,2
6,3,3,9,2008,4,7,1,2,2,1,4,1,1,1,1,1,1,2,14,6,1,7,24,2,2
1,3,4,9,2008,3,7,1,2,2,1,1,1,1,1,1,2,1,2,14,11,1,1,42,2,2
1,5,3,10,2008,1,7,1,2,2,1,1,1,1,1,1,1,1,2,9,6,1,7,,2,2
3,5,4,9,2008,4,7,1,2,2,1,4,1,2,1,1,3,1,2,9,6,1,1,45,2,2
5,5,4,9,2008,3,1,1,2,2,1,1,1,1,1,1,1,1,2,14,6,1,1,,2,2
5,5,4,9,2008,2,7,1,2,2,1,1,1,1,1,1,1,1,1,9,6,1,7,45,2,2
6,5,4,11,2008,2,1,1,1,2,1,2,1,1,1,1,1,1,2,19,6,1,7,,2,2
5,12,4,11,2008,4,1,1,2,2,1,2,1,1,1,1,3,1,2,14,6,1,1,35,2,2
5,12,4,11,2008,4,1,1,2,2,1,4,1,1,1,1,2,1,1,14,11,1,7,,2,2
5,1,4,11,2008,2,1,8,2,2,1,1,1,1,1,1,4,1,2,17,6,1,1,32,2,2
1,15,3,1,2008,3,7,8,2,2,1,1,1,1,1,1,5,1,1,14,11,1,7,,2,2
6,15,4,5,2008,3,1,1,2,2,1,1,1,1,1,1,1,1,2,9,6,1,7,38,2,2
2,15,4,6,2008,3,1,1,2,2,1,1,1,1,1,1,3,1,2,19,6,1,6,19,2,2
5,15,4,4,2008,4,7,8,2,2,1,4,1,1,1,1,3,1,2,14,6,1,7,,2,2
5,15,4,5,2008,2,7,1,2,2,1,1,1,1,1,1,1,1,1,9,2,1,1,,2,2
3,15,4,6,2008,3,7,1,2,2,1,1,1,1,2,2,3,1,2,9,11,1,1,48,2,2
3,15,4,6,2008,1,1,1,2,2,1,2,2,1,1,1,1,2,2,13,2,1,1,,2,2
3,15,4,8,2008,4,1,1,2,2,1,2,1,1,1,1,1,2,2,9,6,1,1,48,2,2
1,3,4,8,2008,3,3,1,2,2,1,1,1,1,1,1,2,1,2,19,6,1,1,,2,2
1,9,4,7,2008,2,7,1,1,2,1,2,2,1,1,1,3,1,2,7,6,1,1,,2,2
12,9,4,8,2008,2,7,1,2,2,1,1,1,1,1,1,4,1,2,6,6,1,1,,2,2
6,3,4,8,2008,2,2,8,2,2,1,2,1,1,1,1,2,1,2,14,6,1,1,30,2,2
10,16,4,7,2008,1,1,1,2,2,1,1,1,1,1,1,4,1,2,19,6,1,7,,2,2
10,16,4,7,2008,1,1,1,2,2,1,4,1,1,1,1,2,1,2,14,6,1,1,27,2,2
10,16,4,7,2008,4,7,4,2,2,1,4,1,1,1,1,1,1,2,19,6,1,1,,2,2
10,16,3,7,2008,3,7,1,2,2,1,1,1,1,1,1,1,1,1,7,6,1,1,,2,2
1,16,4,8,2008,3,7,1,2,2,1,1,1,1,1,1,3,1,2,9,6,1,7,,2,2
8,16,3,8,2008,3,7,1,2,2,1,1,1,1,1,1,4,1,2,7,6,1,7,,2,2
7,16,4,8,2008,4,2,1,2,2,1,2,1,1,1,1,1,1,2,7,5,1,1,,2,2
10,16,4,8,2008,1,1,1,1,2,1,2,1,1,1,1,1,1,1,19,6,1,7,,1,2
10,16,4,8,2008,4,3,1,2,2,2,4,1,2,1,1,2,1,2,14,6,1,1,35,2,2
10,16,4,8,2008,4,7,1,2,2,1,1,1,1,1,1,1,1,2,14,5,1,7,,2,2
10,16,4,8,2008,2,7,4,2,2,1,1,1,1,1,1,2,1,1,14,5,1,7,,2,2
10,16,4,8,2008,3,7,1,2,2,1,1,1,1,1,1,1,1,2,9,6,1,7,,2,2
11,16,4,8,2008,2,1,8,2,2,1,2,2,1,1,1,1,1,2,14,5,1,7,35,2,2
4,3,3,6,2008,2,7,1,2,2,1,1,1,1,1,1,1,1,2,9,6,1,7,36,2,2