Thana,District,Accident_Severity,Month,Year,Time,Junction_Type,Traffic_Control,Movement,Divider,Weather,Light,Road_Geometry,Surface_Condition,Surface_Type,Surface_Quality,Road_Class,Road_Feature,Location_Type,Vehicle_Type,Vehicle_Movement,Vehicle_Loading,Vehicle_Defect,Vehicle_Driver_Age,Vehicle_Alcohol,Vehicle_Seat_Belt
1,12,4,6,2008,3,3,8,2,2,1,1,1,1,1,1,2,1,1,14,6,1,7,28,2,2
1,12,4,6,2008,2,3,3,2,2,4,2,1,2,1,1,2,1,1,9,6,1,1,40,2,2
3,12,4,6,2008,2,1,1,2,2,1,1,1,1,1,1,4,1,2,14,6,1,7,48,2,2
9,13,3,6,2008,3,1,1,2,2,2,1,1,2,1,1,3,1,1,14,6,2,1,32,2,2
8,13,4,6,2008,2,7,3,2,2,1,1,1,2,1,1,1,1,1,9,11,1,1,,2,2
3,13,4,6,2008,3,1,8,2,2,1,1,1,1,1,1,3,1,2,14,9,1,7,,2,2
1,11,4,5,2008,2,1,1,2,2,1,1,1,1,1,1,1,1,2,8,8,1,7,,2,2
1,11,4,1,2008,2,5,1,2,2,1,2,2,1,1,1,2,1,1,14,6,1,7,,2,2
1,11,1,5,2008,2,1,1,2,2,1,1,1,1,1,1,5,1,1,10,6,1,7,,2,2
1,11,4,4,2008,3,1,1,2,2,1,1,1,1,1,1,5,1,1,14,6,1,7,,2,2
1,11,4,8,2008,2,1,1,2,2,1,1,3,1,1,2,4,1,2,14,11,1,7,35,2,2
1,11,4,1,2008,2,2,1,2,2,1,1,1,1,1,1,3,1,2,8,6,1,1,35,2,2
10,11,4,5,2008,2,7,8,2,2,1,1,1,1,1,1,4,1,2,19,6,1,1,,2,2
3,11,4,1,2008,2,3,1,2,2,1,1,1,1,1,1,1,1,2,14,9,2,1,30,2,2
3,11,4,8,2008,4,3,1,2,2,1,4,1,1,2,2,4,4,2,19,6,1,1,,2,2
3,11,4,8,2008,2,7,1,2,2,1,1,1,1,3,2,3,4,2,9,4,2,7,,2,2
5,11,4,7,2008,2,3,3,2,2,1,1,1,1,1,1,3,1,2,4,8,1,1,,2,2
5,11,4,1,2008,3,1,1,2,2,1,1,1,1,1,1,3,1,2,14,6,1,1,,2,2
6,11,4,1,2008,2,1,1,2,2,4,1,1,2,1,1,2,1,1,9,6,1,7,,2,2
6,11,4,3,2008,4,7,1,2,2,4,1,4,3,3,3,4,3,2,14,6,1,7,,2,2
7,11,3,1,2008,3,1,1,2,2,1,1,1,1,1,1,4,1,2,19,6,1,7,,2,2
4,11,3,5,2008,3,7,8,2,2,1,1,1,1,1,1,2,1,2,14,6,1,1,35,2,2
11,11,1,5,2008,3,7,1,2,2,1,1,1,1,1,1,3,1,1,4,6,1,7,35,2,2
1,3,4,11,2008,3,2,8,2,2,1,1,1,1,1,1,1,1,2,8,6,1,1,,2,2
12,9,4,8,2008,3,1,1,2,2,1,1,4,2,1,2,1,1,1,9,6,1,7,,2,2
2,9,4,12,2008,4,3,1,2,2,1,2,1,1,1,2,3,1,2,19,11,1,7,,2,2
2,9,4,12,2008,4,2,1,2,2,4,4,3,1,1,2,2,1,1,13,11,2,7,,2,2
12,9,4,12,2008,1,2,8,2,2,4,4,1,1,1,1,4,1,2,7,6,1,7,,2,2
1,9,4,8,2008,2,2,1,2,2,1,2,1,1,1,1,1,1,1,7,6,1,1,28,2,2
1,9,4,8,2008,3,1,1,2,2,1,2,1,1,1,1,1,1,1,14,6,1,1,,2,2
12,9,4,7,2008,2,7,1,2,2,1,4,1,1,1,1,1,1,1,14,6,2,7,,2,2
12,9,4,4,2008,4,7,1,2,2,2,4,2,2,1,1,1,1,1,4,6,1,1,45,2,2
10,9,4,7,2008,3,7,1,2,2,2,1,1,2,1,1,1,1,1,9,6,1,1,35,2,2
1,17,4,9,2008,3,1,1,2,2,1,1,1,1,1,1,1,1,1,14,6,1,1,,2,1
9,17,4,11,2008,3,7,6,2,2,1,1,1,1,1,1,1,1,1,9,11,1,7,,2,2
9,17,4,9,2008,3,7,8,2,2,1,1,1,1,1,1,1,1,1,19,6,2,1,,2,1
9,17,4,9,2008,3,3,8,2,2,1,2,1,1,1,1,1,1,1,7,6,1,1,,2,2
9,17,3,8,2008,1,1,1,2,2,1,2,1,1,1,1,1,1,1,14,6,1,1,40,2,1
2,17,4,3,2008,3,1,1,2,2,1,1,2,1,2,3,4,1,2,14,6,2,1,35,2,2
7,17,4,10,2008,3,1,1,2,2,1,1,1,1,1,1,3,1,1,4,6,1,1,,2,2
7,17,4,10,2008,2,1,1,2,2,1,1,1,1,1,1,1,1,2,12,11,1,1,,1,2
7,7,1,11,2008,2,1,1,2,2,1,1,2,1,1,1,4,1,2,10,6,1,1,,2,2
5,17,4,8,2008,3,7,8,2,2,1,1,1,1,1,1,4,1,2,19,6,1,7,30,2,2
5,17,4,8,2008,3,1,1,2,2,1,1,2,1,1,1,4,1,2,14,6,1,1,,2,2
5,17,4,3,2008,3,7,8,2,2,1,1,1,1,1,1,4,1,2,9,6,1,7,35,2,2
3,17,4,1,2008,3,3,3,2,2,1,1,1,1,1,1,1,1,1,13,11,1,7,,2,1
3,17,4,2,2008,2,7,3,2,2,1,1,1,1,1,1,1,1,1,13,11,1,7,,2,2
3,17,4,6,2008,2,2,8,2,2,1,4,1,1,1,1,3,1,2,19,11,1,7,,2,2
3,17,4,8,2008,3,7,3,2,2,1,1,1,1,1,1,1,1,1,19,11,1,7,,2,2
3,17,4,9,2008,2,7,2,2,2,1,1,1,1,1,1,1,1,1,9,11,1,7,,2,2
8,17,4,2,2008,1,7,8,2,2,1,1,1,1,1,1,1,1,1,19,11,1,1,40,2,2
8,17,4,1,2008,1,1,8,2,2,1,1,1,1,1,1,4,1,1,19,11,1,1,45,2,2
8,17,4,1,2008,4,1,8,2,2,1,1,1,1,1,1,4,1,1,9,4,1,1,,2,2
8,17,4,8,2008,4,7,8,2,2,1,4,1,1,1,1,4,1,2,7,6,1,1,,2,2
2,17,4,3,2008,3,7,3,2,2,1,1,1,2,1,1,1,1,1,9,11,1,7,35,2,2
10,16,4,12,2008,1,7,1,1,1,1,3,1,1,1,1,1,1,1,14,8,1,1,,2,2
10,16,4,12,2008,3,2,1,2,2,1,1,1,1,1,1,1,1,1,9,6,1,1,45,2,2
10,16,4,12,2008,2,2,1,2,2,1,1,1,1,1,1,2,1,2,13,6,1,6,42,2,2
11,16,4,12,2008,2,5,3,2,2,1,2,2,1,1,1,1,1,2,9,6,1,7,24,2,2
11,16,4,12,2008,2,7,8,2,2,4,2,1,5,1,3,2,1,1,13,6,1,1,,2,2
11,16,4,12,2008,3,7,3,2,1,1,2,1,1,1,1,3,1,2,7,6,1,7,20,2,2
1,3,4,12,2008,2,1,1,2,2,1,1,1,1,1,1,2,1,1,8,6,1,1,,2,2
7,3,1,12,2008,3,7,1,2,2,1,1,1,1,1,1,2,1,1,7,6,2,1,,2,1
1,6,3,5,2008,3,1,1,2,2,1,1,2,1,1,1,1,1,2,9,1,1,1,40,2,2
1,6,4,6,2008,1,1,1,1,2,1,2,1,1,1,1,1,1,2,9,6,1,1,38,2,2
1,6,4,10,2008,2,1,1,1,2,1,1,1,1,1,1,1,1,1,8,6,1,1,38,2,2
4,6,4,10,2008,3,7,3,2,2,1,1,1,1,1,1,1,1,1,9,4,1,1,40,2,2
1,8,4,2,2008,3,7,1,2,2,1,1,1,1,1,1,4,1,2,14,11,1,7,20,2,2
1,8,4,11,2008,2,1,1,2,2,1,1,1,1,1,1,2,1,1,8,6,1,1,,1,2
1,8,4,9,2008,3,1,1,2,2,1,1,1,1,1,1,2,1,2,13,11,1,1,,2,2
1,8,4,8,2008,1,1,1,2,2,2,2,1,2,1,1,2,1,2,8,6,1,1,30,2,2
4,8,4,6,2008,1,1,8,2,2,1,2,1,1,1,1,2,1,2,4,6,2,7,,2,2
4,8,4,5,2008,3,1,8,2,2,1,1,1,1,1,1,2,1,2,8,6,1,1,,2,2
4,8,4,5,2008,3,1,8,2,2,1,2,1,1,1,1,3,1,2,14,11,1,1,,2,2
4,8,3,5,2008,2,1,8,2,2,1,1,1,1,1,1,1,1,1,7,6,1,1,30,2,2
4,8,4,7,2008,2,7,8,2,2,1,1,1,1,1,1,1,1,1,9,6,1,1,,2,2
4,8,4,10,2008,1,7,1,2,2,4,1,1,1,1,1,3,1,1,9,6,1,7,,2,2
4,8,4,12,2008,3,7,1,2,2,1,2,1,1,1,1,1,1,1,12,6,1,1,32,2,2
2,8,4,3,2008,2,7,8,2,2,1,1,1,1,1,1,3,1,2,19,11,1,7,,2,2
6,8,1,10,2008,4,7,8,2,2,1,3,1,1,1,1,3,1,2,4,6,1,7,26,2,2
5,8,4,6,2008,4,1,1,2,2,1,4,1,1,1,1,1,1,1,9,6,1,1,,2,2
3,8,4,5,2008,3,3,1,2,2,1,1,1,1,1,1,1,1,1,8,6,1,1,40,2,2
3,8,4,5,2008,2,1,1,2,2,1,1,1,1,1,1,1,1,1,8,6,1,1,,2,2
3,8,4,6,2008,4,1,1,2,2,1,2,1,1,1,1,1,1,1,14,6,1,1,,2,2
3,8,4,4,2008,3,1,1,2,2,1,1,1,1,1,1,4,1,2,19,4,1,7,25,2,2
3,8,4,11,2008,1,2,8,1,2,1,1,1,1,1,1,3,1,1,14,6,1,7,45,2,2
3,12,4,6,2008,2,1,1,2,2,1,1,1,1,1,1,4,1,2,14,6,1,1,48,2,2
5,4,4,3,2008,4,3,1,2,2,1,3,1,1,1,1,4,1,2,4,6,1,1,25,2,2
10,7,4,3,2008,3,1,1,2,2,1,1,1,1,1,1,4,1,2,17,2,1,1,,2,2
3,7,3,6,2008,4,1,1,2,2,1,2,4,1,1,1,4,1,2,14,11,1,1,28,1,2
1,7,4,7,2008,2,1,1,2,2,1,1,1,1,1,1,4,1,2,4,6,1,2,,1,2
4,5,4,12,2008,4,7,8,1,2,4,3,1,1,1,1,1,1,2,9,6,1,1,,2,2
5,13,4,12,2008,4,1,1,2,2,4,2,3,1,1,1,3,1,2,9,6,1,1,,2,2
1,11,4,5,2008,4,1,1,2,2,1,4,1,2,1,2,4,1,2,14,6,1,1,45,2,2
4,10,4,10,2008,4,1,1,2,2,1,4,1,1,1,1,2,1,2,14,6,2,3,30,2,2
5,10,3,3,2008,2,1,1,2,2,1,1,1,1,1,1,3,1,2,8,6,2,7,,2,2
6,5,4,4,2008,1,1,1,2,2,1,2,1,1,1,1,1,1,1,14,6,1,1,,2,2
6,5,4,8,2008,3,1,1,2,2,1,1,1,1,1,1,1,1,2,13,3,1,1,35,2,2
1,2,4,2,2008,3,2,1,2,2,1,1,1,1,1,1,3,1,2,17,6,1,1,,2,2
6,13,1,1,2008,3,1,1,2,2,1,1,1,1,1,1,2,1,2,9,5,1,1,,2,2
4,3,4,12,2008,2,1,1,2,2,1,1,1,1,1,1,3,1,2,4,6,1,1,24,2,2
1,3,4,12,2008,1,1,1,2,2,1,3,1,1,1,1,4,1,2,4,6,1,1,,2,2
6,16,4,2,2008,3,7,1,2,2,1,1,3,1,3,2,3,4,2,13,7,1,1,40,2,2
9,7,4,12,2008,1,1,1,2,2,4,4,4,1,1,2,3,1,2,14,6,2,1,48,1,2
2,7,4,12,2008,4,1,1,2,2,1,2,1,1,1,1,3,1,2,9,6,1,1,,2,2
9,9,4,6,2008,3,1,1,2,2,1,1,1,1,1,1,4,1,2,13,8,1,1,,2,2
10,9,4,5,2008,3,3,1,2,2,1,1,1,5,1,2,3,1,2,8,6,1,7,,2,2
1,15,4,8,2008,4,1,1,2,2,1,3,1,1,1,1,1,1,2,9,6,2,5,36,2,2
2,15,3,7,2008,3,1,1,2,2,1,1,1,1,1,1,3,3,2,8,6,1,1,30,2,2
2,12,4,6,2008,3,1,1,2,1,1,1,2,1,1,2,1,1,2,9,2,2,7,,1,
2,17,4,7,2008,2,1,1,2,2,3,1,2,2,1,1,1,1,2,9,11,2,7,39,2,1
11,16,4,7,2008,1,1,1,2,1,1,4,1,1,1,1,1,1,2,19,11,1,1,,2,2
10,3,4,7,2008,3,2,1,2,2,1,1,1,1,1,1,2,1,2,4,6,1,1,38,2,2
8,13,3,5,2008,2,1,1,2,2,1,1,1,1,1,1,1,1,1,9,6,1,1,,2,2
8,13,3,5,2008,2,1,1,2,2,1,1,1,1,1,1,1,1,1,14,6,1,1,,2,2
10,9,4,9,2008,2,1,1,2,2,2,2,1,2,2,1,1,1,2,13,6,1,1,,1,2
3,14,4,1,2008,2,1,1,2,2,1,1,1,1,1,1,5,1,1,19,6,1,1,,2,2
1,14,4,1,2008,2,2,1,2,1,1,1,1,1,1,1,5,1,1,6,6,2,7,,2,2
3,14,4,2,2008,2,1,1,2,2,1,1,1,1,1,1,5,1,1,14,6,1,7,,1,2
2,14,4,2,2008,2,2,1,2,2,1,1,1,1,1,1,1,1,2,9,6,1,7,45,2,2
2,14,2,2,2008,2,2,1,1,2,1,1,1,1,1,1,1,1,1,9,6,1,1,30,2,2
4,14,4,3,2008,2,1,8,2,2,1,1,1,1,1,1,1,1,2,9,11,1,7,,1,2
1,14,3,3,2008,4,7,2,2,1,1,3,1,1,1,1,5,1,1,8,6,1,7,28,2,2
1,14,4,3,2008,2,1,2,1,1,1,2,1,1,1,1,1,1,1,7,6,1,1,27,2,2
2,14,4,4,2008,2,7,1,2,2,1,2,1,1,1,1,1,3,1,5,8,1,7,,2,2
2,14,3,4,2008,2,1,8,2,2,1,1,1,1,1,1,1,1,2,14,6,1,1,,2,2
1,14,1,5,2008,2,1,8,1,1,1,1,3,1,1,1,1,1,1,9,7,1,7,46,2,2
1,14,3,5,2008,3,1,1,1,2,1,2,1,1,1,1,1,1,1,13,6,1,7,40,2,2
3,14,4,5,2008,2,1,3,1,1,1,1,1,1,1,1,5,1,1,4,6,1,1,,2,2
3,14,3,5,2008,3,1,8,2,2,1,1,1,1,1,1,1,1,1,13,6,1,7,50,2,2
1,14,3,6,2008,3,1,1,1,1,1,1,1,1,1,1,1,1,1,12,6,1,7,26,2,2
1,14,3,6,2008,4,1,8,2,2,1,1,1,1,1,1,5,1,1,13,6,1,1,58,2,2
1,14,4,7,2008,3,3,1,2,2,1,1,1,1,1,1,2,1,1,6,4,1,7,25,2,2
1,14,3,7,2008,2,1,8,2,2,1,1,1,1,1,1,5,1,1,5,11,1,7,22,2,2
2,14,4,7,2008,1,1,1,2,2,2,2,1,2,1,1,2,1,2,14,6,1,1,40,2,2
4,14,4,7,2008,4,4,8,1,2,1,2,1,1,1,1,5,1,2,9,6,2,7,,2,2
2,14,4,8,2008,2,7,1,1,1,1,1,1,1,1,1,1,1,1,4,6,2,7,,1,2
2,14,4,8,2008,2,1,3,2,2,1,1,1,1,1,1,1,1,2,9,6,2,7,,1,2
3,14,3,8,2008,3,1,1,2,2,1,1,1,1,1,1,1,1,1,14,6,1,1,40,2,2
1,14,4,8,2008,1,7,4,1,1,1,2,1,1,1,1,1,1,1,9,6,1,7,,1,2
1,14,4,8,2008,1,7,4,1,1,1,2,1,1,1,1,1,1,1,9,6,1,7,,1,2
1,14,4,9,2008,4,3,1,2,2,1,3,1,1,1,1,5,1,1,13,2,1,1,38,2,2
1,14,4,9,2008,3,7,3,1,2,1,1,1,1,1,1,5,1,1,9,10,1,7,,1,2
2,14,4,8,2008,4,3,1,1,2,1,2,1,1,1,1,1,1,1,4,5,1,3,27,1,2
1,14,4,10,2008,2,1,1,2,2,1,1,1,1,1,1,3,1,1,4,6,2,7,,1,2
2,14,4,10,2008,2,4,1,2,2,1,2,1,1,1,1,1,1,1,5,5,1,3,44,2,2
2,14,3,11,2008,2,2,1,2,2,1,1,1,1,1,1,1,1,1,8,6,2,7,,1,2
2,14,4,11,2008,2,1,1,2,2,1,3,1,1,1,1,4,1,2,17,6,1,1,,2,2
1,14,4,11,2008,3,1,1,2,2,1,1,2,1,1,1,5,1,1,4,2,1,7,,2,2
3,14,4,12,2008,3,1,1,2,2,1,1,1,1,1,1,2,1,1,10,6,1,1,30,1,2
4,54,4,1,2008,3,3,1,2,2,1,1,1,1,1,1,4,1,2,5,6,1,,,,
3,54,4,1,2008,3,7,8,2,2,1,1,1,1,1,1,2,1,2,12,6,1,,,1,2
5,54,4,1,2008,2,7,,,,1,1,1,1,3,1,4,1,2,13,11,1,,35,,
5,54,4,1,2008,2,7,8,2,2,1,1,1,1,1,1,4,1,2,13,6,1,,28,,
13,54,4,1,2008,4,7,1,2,2,1,2,1,1,1,3,3,2,,10,6,,,,,
8,54,4,1,2008,3,7,1,2,2,1,2,4,1,1,1,2,1,2,15,6,1,,,,
9,54,4,1,2008,3,7,1,2,2,1,1,1,1,1,1,2,1,2,9,6,1,,,,
13,54,4,2,2008,3,7,1,2,2,1,1,1,1,1,1,1,1,2,9,6,1,,,,
3,54,3,2,2008,3,7,7,2,2,1,1,1,1,1,3,4,1,2,9,6,1,,,,
3,54,4,2,2008,2,,,1,2,1,1,2,1,1,1,,1,,4,6,,,,1,2
3,54,1,3,2008,2,7,1,1,2,2,3,3,1,1,,4,1,2,9,6,,4,30,2,
7,56,4,2,2008,1,2,,1,2,4,3,1,1,1,1,1,,2,14,,1,,35,2,2
9,54,4,3,2008,2,7,1,2,2,1,1,1,1,1,1,1,1,,10,6,,,,,2
13,54,4,3,2008,2,7,1,2,,1,2,1,1,1,1,1,1,2,9,6,1,,,,
13,54,4,3,2008,2,7,1,2,2,1,1,1,1,1,1,1,1,2,9,6,1,,,,
13,54,3,2,2008,4,7,1,2,2,1,4,1,1,1,1,1,1,2,7,6,1,,,,
13,54,4,3,2008,3,7,1,2,2,1,1,1,1,1,1,1,1,2,8,6,1,,,,
5,54,4,2,2008,4,,8,2,2,1,2,1,3,3,2,4,,,17,,1,7,,,
5,54,4,3,2008,3,,8,2,2,1,1,1,1,1,1,4,,,5,,1,7,23,,
5,54,4,3,2008,3,7,8,2,,1,2,1,1,1,1,4,,2,17,,,,25,,
4,55,4,3,2008,2,7,8,1,1,1,1,1,1,1,1,4,1,1,14,11,1,,40,2,2
3,54,4,4,2008,2,3,8,2,2,1,1,2,1,1,1,2,1,2,8,1,1,,45,2,2
11,54,4,1,2008,3,1,1,2,2,1,1,1,1,1,1,2,,,7,6,1,1,,,
11,54,4,3,2008,3,1,1,2,2,1,1,1,1,1,1,2,,,7,6,,,,,
8,54,4,3,2008,3,7,1,1,2,1,1,1,1,1,1,4,1,2,4,6,,,25,,
5,54,4,4,2008,2,1,1,2,2,1,1,1,1,1,1,3,1,2,13,6,,,28,,2
13,54,4,5,2008,4,7,1,2,2,1,4,1,1,1,1,3,1,2,19,6,,,,,
3,54,4,1,2008,2,,1,2,2,1,1,1,1,1,1,3,1,2,19,6,,,,,
3,54,4,6,2008,2,3,1,2,1,1,1,1,1,1,1,2,1,2,9,6,,,,2,2
13,54,4,1,2008,3,7,1,2,2,1,1,1,1,1,1,1,1,2,,7,,2,,,
2,54,4,6,2008,3,3,1,2,2,1,1,2,1,1,1,3,1,2,13,2,1,1,22,2,2
13,54,4,7,2008,2,7,1,2,2,1,1,1,1,1,1,1,1,2,10,6,,,,2,
13,54,4,7,2008,3,7,1,2,2,1,1,1,1,1,1,1,1,2,7,6,,,,2,2
9,54,4,9,2008,3,7,1,2,2,1,1,1,1,1,1,1,1,2,12,6,,,,2,2
9,54,4,9,2008,3,7,1,2,2,1,1,1,1,1,1,1,1,2,8,6,,,,2,2
4,54,4,9,2008,2,1,1,2,2,1,1,1,1,1,1,2,1,2,8,6,1,,,1,2
3,54,4,9,2008,2,1,1,2,2,1,1,1,1,1,1,2,1,2,9,6,,,,2,2
3,56,4,2,2008,4,2,1,1,,1,2,1,1,1,,1,1,2,9,11,2,,,2,2
5,56,3,1,2008,2,2,1,2,,1,1,1,1,1,1,1,1,2,19,6,1,1,,,
1,56,4,3,2008,2,7,8,2,2,2,1,2,2,1,1,2,1,2,9,1,1,,,2,2
9,56,4,4,2008,2,2,,2,2,1,1,5,1,1,,1,,2,9,11,,7,,,
9,56,4,4,2008,3,2,,2,2,1,2,1,1,1,1,1,,2,19,6,,,,,
8,56,4,4,2008,2,2,,,,1,1,5,1,1,,1,,2,9,11,,,,,
2,56,4,4,2008,3,,,2,2,1,2,1,1,1,2,4,,2,11,6,,,30,,
7,56,4,7,2008,3,2,1,2,2,1,1,1,1,1,1,1,1,2,9,6,2,7,38,2,2
7,56,4,7,2008,1,2,,2,2,1,2,1,1,1,1,1,,,19,6,,,,,
9,56,4,7,2008,2,2,1,2,2,1,1,5,1,1,1,1,1,2,9,11,,7,35,2,2
9,56,4,7,2008,4,2,,2,2,1,3,5,1,1,1,1,1,2,19,6,,,,,
1,56,4,7,2008,2,1,1,2,2,2,1,2,2,1,1,3,1,2,9,2,1,1,,2,2
7,56,4,8,2008,2,2,,,2,1,1,1,1,1,1,1,1,2,9,2,,4,31,,
7,56,4,7,2008,2,2,,2,2,1,1,,1,1,1,1,,2,19,6,,,,,
5,56,4,8,2008,4,7,1,2,2,1,2,1,1,1,1,2,1,,6,11,,,,,
3,56,4,8,2008,2,2,,2,2,1,1,1,1,1,1,1,1,2,9,11,,7,,,
8,56,4,8,2008,1,2,,,2,1,3,1,1,1,1,1,1,2,7,11,,,35,,
8,56,4,8,2008,3,1,1,1,2,2,1,3,2,1,1,3,1,2,8,6,1,7,22,2,2
8,56,3,8,2008,3,2,,2,2,1,1,5,1,1,1,1,1,2,9,11,,7,35,,
8,56,4,8,2008,1,2,,2,2,1,1,1,1,1,1,1,1,2,7,1,,7,35,,
6,55,4,4,2008,4,1,1,2,2,1,2,1,1,1,1,1,1,2,10,6,1,,,,
1,55,3,4,2008,2,5,4,2,2,1,1,2,1,1,1,1,1,2,14,1,1,1,32,2,2
2,55,4,3,2008,3,,,1,2,1,1,1,1,1,1,4,,,5,6,2,,,,
1,55,3,3,2008,3,1,1,2,2,1,1,1,1,1,1,1,1,2,7,6,1,7,,,
5,55,3,3,2008,2,1,1,2,2,1,1,1,1,1,1,2,1,2,11,1,1,2,,2,2
5,55,4,5,2008,2,3,1,2,2,1,1,1,1,1,1,1,1,2,19,6,1,1,,2,2
5,55,4,5,2008,2,3,1,2,,2,1,1,2,1,1,3,1,2,8,,,,,,
5,55,4,3,2008,4,3,,2,2,1,2,1,1,1,1,3,1,2,5,5,1,1,,2,2
1,55,3,4,2008,4,1,1,2,2,1,4,1,1,1,1,1,,,19,6,1,1,,2,2
3,55,4,6,2008,1,,1,2,2,1,1,1,4,,1,5,1,1,8,4,1,,,,
3,53,4,1,2008,3,7,1,1,2,1,1,1,1,1,1,4,1,2,9,11,1,7,25,2,2
7,53,4,1,2008,3,7,8,2,2,1,1,1,1,1,1,2,1,2,7,6,1,1,28,2,2
3,53,1,2,2008,2,3,1,2,2,1,1,1,1,1,1,3,1,2,5,2,1,1,27,2,2
1,53,4,2,2008,1,1,1,2,2,1,4,1,1,1,1,2,1,2,8,6,1,1,,2,2
3,53,4,3,2008,2,7,1,,2,1,1,1,1,3,2,4,,2,16,6,1,,,2,2
12,53,4,3,2008,3,1,1,2,2,1,1,1,1,1,1,2,1,2,8,6,1,,,2,2
11,53,3,3,2008,3,7,1,1,2,1,1,3,2,3,2,4,1,2,19,6,,,27,2,2
1,53,4,4,2008,3,1,1,2,2,1,1,1,1,1,1,2,,,8,6,1,,,2,2
12,53,4,4,2008,2,1,1,2,2,1,1,1,1,1,1,1,1,2,8,6,1,,,2,2
1,53,4,6,2008,3,7,1,2,2,1,1,2,1,1,2,2,1,2,8,3,1,7,30,2,2
3,53,4,6,2008,3,1,8,2,2,1,1,1,1,1,1,4,1,2,6,6,,,,,
11,53,4,6,2008,2,1,1,2,2,1,1,1,1,3,2,4,1,2,4,6,1,1,32,2,2
1,53,4,5,2008,2,1,1,2,2,2,1,1,2,1,1,3,1,2,9,6,1,,48,2,2
7,53,4,5,2008,2,7,1,1,2,2,1,2,2,3,3,4,2,2,5,11,,7,23,2,2
7,53,4,5,2008,1,7,2,1,2,1,4,1,1,1,2,2,2,,14,6,1,1,,2,2
6,53,4,5,2008,2,7,8,2,2,1,1,3,1,3,2,4,1,2,17,7,,1,20,,
6,53,4,5,2008,3,5,8,2,2,1,1,3,1,3,2,4,1,2,17,6,2,1,23,2,2
6,53,4,5,2008,2,1,1,1,2,2,4,1,2,1,1,3,1,2,7,6,1,,30,1,2
12,53,4,7,2008,2,1,1,2,2,1,1,1,1,1,1,1,1,2,8,6,1,,,2,2
3,53,4,6,2008,1,2,2,2,1,1,3,1,2,,,,,,19,6,,,,,
3,53,4,9,2008,3,7,8,2,2,1,1,1,1,1,1,3,1,2,14,11,2,7,,,
3,53,4,9,2008,2,1,1,2,2,1,1,1,1,1,2,1,1,2,6,5,,,22,,
1,53,4,8,2008,3,7,8,2,2,1,1,1,1,1,1,2,1,2,8,2,,,,2,2
12,53,4,7,2008,3,1,1,2,2,1,1,1,1,1,1,3,1,2,19,6,1,,,1,2
12,53,3,8,2008,3,1,1,2,2,1,1,1,1,1,1,2,1,2,7,6,1,,,2,2
12,53,4,8,2008,4,1,1,2,2,1,4,1,1,1,1,1,2,2,8,6,1,,,2,2
3,53,4,8,2008,2,1,1,2,2,2,1,1,2,1,1,2,1,2,12,6,2,,,1,2
3,53,4,8,2008,2,3,1,2,2,1,1,1,1,1,1,3,1,2,8,5,2,1,40,1,2
1,53,4,1,2008,2,4,3,2,2,1,1,1,1,1,1,2,1,2,9,4,1,1,,1,2
1,53,4,1,2008,4,2,1,1,1,3,3,1,5,1,1,2,1,2,9,6,,,,1,2
1,53,4,1,2008,2,7,1,1,2,4,1,2,1,1,1,2,1,2,8,2,1,,28,2,2
1,53,4,10,2008,4,1,1,2,2,1,2,1,1,1,1,2,1,2,19,6,2,,,2,2
3,53,4,10,2008,2,1,1,2,2,1,1,1,1,1,1,2,1,2,13,6,1,,,1,2
8,56,4,10,2008,2,2,,2,2,1,1,1,1,1,1,2,,2,9,2,,7,32,,
6,56,4,10,2008,2,1,,2,2,1,1,1,1,1,1,2,1,2,8,6,2,7,32,2,2
5,56,4,10,2008,2,7,1,2,2,1,1,1,1,1,1,4,1,2,6,6,1,,24,2,2
5,55,4,8,2008,1,2,2,2,2,1,1,1,1,1,1,2,1,2,8,5,,,30,,
5,55,4,8,2008,2,1,1,2,2,1,1,1,1,1,1,4,1,2,7,6,,,,,
1,55,4,10,2008,4,1,1,1,2,1,2,1,1,1,1,3,1,2,13,6,1,1,28,,
7,55,4,10,2008,4,1,3,2,2,1,2,1,1,1,1,2,1,2,13,6,1,1,30,2,2
7,54,4,12,2008,1,1,1,,,4,4,1,1,1,1,3,1,2,4,1,,,,1,1
7,54,4,10,2008,3,1,1,2,2,1,1,,1,1,1,2,1,2,6,6,,,,,
1,55,4,11,2008,3,,,,,1,1,1,1,1,1,1,1,2,19,7,,,,,
6,55,4,11,2008,2,1,1,2,2,1,1,1,1,1,1,4,1,2,13,6,2,1,27,2,2
4,55,4,11,2008,3,1,,2,2,1,1,1,1,1,1,,1,2,8,5,,,,,
5,55,4,11,2008,4,6,1,2,2,1,2,3,1,1,,4,1,2,10,6,1,1,42,2,2
3,53,4,12,2008,3,1,1,2,2,1,1,1,1,1,1,2,1,2,8,6,1,,,1,2
3,53,4,12,2008,2,2,1,2,2,1,1,1,1,1,2,4,1,2,13,6,2,2,20,2,2
12,53,4,12,2008,3,1,1,2,2,1,1,1,1,1,1,2,1,2,8,6,1,,,2,2
2,53,4,4,2008,4,7,8,1,2,1,2,1,1,1,1,3,1,2,4,6,,,,2,2
9,56,4,12,2008,3,2,,2,2,1,1,1,1,1,1,1,,2,14,2,2,7,45,2,2
8,56,4,12,2008,3,1,1,1,2,1,1,1,1,1,1,2,1,2,14,6,1,1,38,2,2