Thana,District,Accident_Severity,Month,Year,Time,Junction_Type,Traffic_Control,Movement,Divider,Weather,Light,Road_Geometry,Surface_Condition,Surface_Type,Surface_Quality,Road_Class,Road_Feature,Location_Type,Vehicle_Type,Vehicle_Movement,Vehicle_Loading,Vehicle_Defect,Vehicle_Driver_Age,Vehicle_Alcohol,Vehicle_Seat_Belt
4,62,4,7,2009,4,1,1,2,2,1,1,1,1,1,1,2,1,2,4,6,1,1,27,2,2
4,62,4,7,2009,4,1,1,2,2,1,3,1,1,1,1,2,1,2,8,6,1,1,57,2,2
2,62,4,7,2009,4,7,8,2,2,1,2,1,1,1,1,3,1,2,,,,,,,
5,62,4,6,2009,4,7,8,2,2,1,3,1,1,1,1,4,1,2,12,6,1,7,,2,2
5,62,4,6,2009,2,7,8,2,2,1,1,2,2,1,1,2,1,2,9,2,1,7,45,2,2
5,62,4,7,2009,4,7,8,2,2,1,3,1,1,1,1,2,1,2,9,11,1,7,45,2,2
8,66,3,4,2009,3,1,1,2,2,1,1,1,1,1,1,2,1,2,9,6,1,1,,2,2
1,66,4,4,2009,3,7,6,2,2,1,1,5,1,3,1,3,1,2,11,6,2,6,30,2,2
1,66,4,4,2009,3,7,6,2,2,1,1,1,1,1,1,2,1,2,14,7,1,1,,2,2
1,66,3,5,2009,1,7,1,2,2,1,1,4,1,1,1,3,1,2,11,11,1,1,,2,2
5,66,3,6,2009,2,1,1,2,2,1,1,4,1,1,1,2,1,1,9,6,1,1,,2,2
1,66,4,7,2009,1,7,8,2,2,1,4,4,5,1,1,1,1,2,1,7,1,1,18,2,2
5,66,4,1,2009,4,1,8,2,2,1,3,4,1,1,1,3,1,2,19,11,1,7,30,2,2
6,66,3,2,2009,2,7,8,2,2,1,1,4,1,1,1,2,1,2,14,11,1,7,,2,2
8,66,3,3,2009,4,1,1,2,2,1,3,1,1,1,1,2,1,2,12,6,1,1,22,2,2
2,66,4,3,2009,3,7,2,1,2,1,1,1,1,1,1,3,1,2,14,6,1,1,,2,2
7,66,3,3,2009,2,1,1,2,2,1,2,1,1,1,1,4,1,2,12,6,1,1,22,2,2
7,66,4,3,2009,4,3,1,2,2,1,3,4,1,2,2,3,1,2,12,6,1,1,,2,2
1,66,4,3,2009,3,7,8,2,2,1,1,5,1,1,1,2,1,2,11,4,1,1,25,1,1
6,60,4,1,2009,2,1,1,2,2,1,1,1,1,1,1,5,1,1,14,6,1,1,42,2,2
6,60,4,5,2009,3,1,1,2,2,1,1,1,1,1,1,5,1,1,14,6,1,1,42,2,2
6,60,4,6,2009,3,1,1,2,2,1,1,1,1,1,1,2,1,2,13,11,1,1,35,2,2
3,60,4,3,2009,2,3,1,2,2,1,1,1,1,1,1,4,1,2,,6,1,1,,2,2
3,60,4,4,2009,2,1,1,2,2,1,1,1,1,1,1,4,1,2,4,6,,,,,
7,60,4,8,2009,4,1,1,2,2,1,3,1,1,1,1,3,1,2,6,11,1,7,35,2,2
2,60,4,6,2009,2,1,1,2,2,1,1,1,1,1,1,3,1,2,9,11,1,3,,2,2
1,60,4,1,2009,2,7,8,2,2,1,1,1,1,1,1,4,1,2,9,11,1,1,,2,2
1,60,4,2,2009,1,7,8,2,2,1,1,2,1,1,1,3,1,2,14,11,1,1,,2,2
1,60,3,2,2009,3,7,8,2,2,1,1,3,1,1,1,3,1,2,9,11,,,,2,2
1,60,4,2,2009,2,7,8,2,2,1,1,1,1,1,1,3,1,2,14,11,1,7,,1,2
1,60,4,5,2009,3,7,8,2,2,1,1,2,1,1,1,4,1,2,9,11,1,7,,2,2
1,60,4,6,2009,2,7,8,2,2,1,1,2,2,1,1,4,1,2,9,11,,,,2,2
1,60,4,6,2009,2,7,8,2,2,1,1,1,1,1,1,4,1,2,13,11,,,,2,2
8,67,4,4,2009,4,7,1,2,2,1,3,1,1,1,1,1,1,2,14,4,1,1,41,2,2
1,67,3,6,2009,3,4,8,2,2,1,1,4,1,1,1,1,1,2,8,6,2,1,,2,2
7,67,4,3,2009,3,7,1,1,2,1,1,1,1,1,1,4,1,2,5,11,1,1,30,2,2
7,67,4,4,2009,4,7,1,2,2,1,1,4,1,1,1,1,1,2,14,4,1,1,41,2,2
1,67,3,6,2009,3,4,8,2,2,1,1,4,1,1,1,1,1,2,8,6,2,1,,2,2
1,59,4,8,2009,3,1,1,2,2,1,1,1,1,1,1,2,1,2,8,6,1,1,42,2,2
1,59,4,8,2009,2,1,1,2,2,1,1,1,1,1,1,2,1,2,9,11,1,7,,2,2
2,59,4,7,2009,2,1,1,2,2,1,1,1,1,1,1,2,1,2,6,6,,,,2,2
1,59,4,6,2009,2,3,1,2,2,1,1,1,1,1,1,2,1,2,16,11,1,1,51,2,2
6,59,3,5,2009,2,1,1,2,2,1,1,4,1,2,2,4,1,2,6,3,2,7,,2,2
7,59,4,3,2009,4,1,1,2,2,1,1,1,1,1,1,3,1,2,17,,,,25,2,2
4,59,3,3,2009,4,1,1,2,2,1,2,3,1,1,1,3,1,2,6,11,1,3,,2,2
1,59,4,2,2009,2,7,8,2,2,1,1,3,1,1,1,2,1,2,2,1,1,1,24,2,2
3,59,4,2,2009,4,1,8,2,2,1,3,1,1,1,1,1,1,2,14,8,1,7,,2,2
1,59,4,6,2009,2,3,1,2,2,1,1,1,1,1,1,2,1,2,16,11,1,1,51,2,2
9,63,4,1,2009,1,1,1,2,2,1,3,2,1,1,1,1,1,2,14,3,1,1,,2,2
2,63,4,2,2009,2,7,1,2,2,1,1,1,1,1,1,1,1,2,14,2,2,3,,2,2
9,63,3,2,2009,3,7,1,2,2,1,3,1,1,1,1,1,1,2,9,6,1,1,39,2,2
13,63,4,2,2009,3,7,3,2,2,1,1,1,1,1,1,1,1,2,9,11,1,7,,2,2
10,63,4,3,2009,4,1,1,2,2,1,4,1,1,1,1,1,1,2,,6,,,,2,2
2,63,4,3,2009,3,5,1,2,2,1,1,1,1,1,1,4,1,2,8,1,1,1,25,2,2
7,63,4,3,2009,2,1,8,2,2,1,1,1,1,1,1,1,1,2,9,11,1,7,,2,2
8,63,4,4,2009,1,1,1,2,2,1,4,1,1,1,1,1,1,2,,6,,,,2,2
4,63,4,4,2009,2,7,8,2,2,1,1,1,1,1,1,1,1,2,7,11,1,7,,2,2
4,63,4,4,2009,1,7,8,2,2,1,2,1,1,1,1,1,1,2,14,11,1,7,,2,2
7,63,4,5,2009,3,7,8,2,2,1,1,1,1,1,1,1,1,2,7,11,2,1,,2,2
13,63,4,5,2009,4,7,8,2,2,1,1,1,1,1,1,1,1,2,13,6,2,7,,,
4,63,4,5,2009,3,7,1,2,2,1,1,1,1,1,1,1,1,2,12,6,1,7,,2,2
10,63,4,6,2009,2,1,1,2,2,1,1,1,1,1,1,1,1,2,,6,,,,2,2
7,63,4,6,2009,4,1,8,2,2,1,3,1,1,1,1,1,1,2,9,11,1,1,1,2,2
8,63,4,4,2009,2,7,1,2,2,1,1,1,1,1,1,1,1,2,19,6,,,,2,2
8,63,4,5,2009,1,7,1,2,2,1,4,1,1,1,1,1,1,2,19,6,,,,2,2
4,63,4,7,2009,4,7,1,2,2,1,3,1,1,1,1,1,1,2,11,11,1,7,,2,2
10,63,4,8,2009,4,3,1,2,2,1,3,1,2,1,1,1,1,2,,,,,,,
6,63,4,8,2009,4,7,1,2,2,1,4,1,5,1,1,1,1,2,8,11,1,7,32,2,2
1,68,4,2,2009,4,7,1,1,2,1,2,4,1,1,2,3,1,2,9,3,1,3,,1,2
1,68,4,2,2009,4,7,1,1,2,1,1,4,1,1,1,3,1,2,14,2,1,4,28,1,2
1,68,4,3,2009,4,7,1,2,2,1,2,4,1,3,2,1,1,2,15,6,1,4,,1,2
1,68,4,3,2009,3,7,1,2,2,1,1,4,1,1,1,4,1,2,,,,,,,
1,68,3,5,2009,2,7,1,2,2,1,2,4,1,1,2,3,1,2,,,,,,,
1,68,4,7,2009,3,7,4,2,2,1,1,2,1,1,1,1,1,2,11,6,2,1,26,2,2
1,68,4,6,2009,3,7,1,2,2,1,1,4,5,2,2,3,1,2,11,6,1,1,,2,2
3,68,4,2,2009,4,7,3,2,2,1,1,3,1,1,1,3,1,2,,,,,,,
3,68,4,7,2009,3,7,3,2,2,1,1,4,1,1,1,4,1,2,11,4,2,6,28,2,2
4,68,4,4,2009,2,7,1,2,2,1,1,4,1,2,2,4,4,2,11,11,1,6,,2,2
2,58,4,11,2009,3,7,1,1,2,1,1,1,1,1,1,3,1,2,9,6,1,3,,2,2
5,58,4,12,2009,2,1,1,2,2,1,2,1,1,1,1,1,1,1,14,6,2,1,,1,2
6,58,4,9,2009,2,7,3,2,2,1,1,1,1,1,1,1,1,2,,6,,,,2,2
6,58,4,10,2009,1,7,1,2,2,1,4,1,1,1,1,1,1,2,,6,,,,2,2
7,58,4,7,2009,1,7,1,2,2,1,4,1,1,1,1,1,1,2,9,7,1,1,,2,2
7,58,4,9,2009,3,7,1,2,2,1,1,1,1,1,1,1,1,2,14,6,1,1,,,
7,58,4,11,2009,1,1,1,2,2,1,4,1,1,1,1,1,1,2,,6,,,,2,2
7,58,4,11,2009,3,1,1,2,2,1,1,1,1,1,1,1,1,2,9,1,1,1,,,
14,58,2,10,2009,4,1,8,2,2,1,1,4,1,1,1,1,1,2,14,2,2,5,35,1,2
14,58,4,12,2009,1,1,1,2,2,4,4,1,1,1,1,1,1,2,,,,,,,
2,66,4,9,2009,4,1,1,2,2,1,1,1,1,1,1,3,1,2,9,11,1,1,27,2,2
4,66,3,9,2009,4,1,1,2,2,1,1,1,1,1,1,2,1,2,4,6,1,1,25,1,2
8,66,4,9,2009,4,7,8,2,2,1,1,1,1,1,1,2,1,2,14,2,1,7,,2,2
4,66,4,10,2009,4,1,1,2,2,1,1,1,1,1,1,2,1,1,9,6,1,1,35,1,2
8,66,3,11,2009,4,1,1,2,2,1,1,3,1,1,1,2,1,2,14,4,1,1,,2,2
7,66,2,11,2009,3,1,8,2,2,1,1,1,1,1,1,4,1,2,9,11,1,7,,2,2
4,66,3,11,2009,2,1,2,2,2,1,1,3,1,1,1,2,1,2,12,6,1,1,35,2,2
4,66,3,11,2009,2,1,1,2,2,1,1,1,1,1,1,3,1,2,11,6,2,1,40,2,2
8,66,3,11,2009,4,1,1,2,2,1,1,1,1,1,1,2,1,2,8,6,1,7,33,2,2
6,66,2,11,2009,4,1,1,2,2,1,1,3,1,1,1,3,1,2,8,6,1,3,,2,2
2,66,4,12,2009,4,1,1,2,2,1,1,1,1,1,1,4,1,2,4,5,1,1,,2,2
5,66,4,12,2009,2,1,1,2,2,1,2,3,1,1,1,2,1,2,4,6,1,6,,2,2
2,66,4,12,2009,3,1,1,2,2,1,2,4,1,1,1,3,1,2,4,6,1,7,,2,2
4,66,3,12,2009,3,5,1,2,2,1,1,1,1,1,1,3,1,2,9,3,1,1,35,2,2
1,57,4,9,2009,2,1,1,2,2,1,2,1,1,1,1,1,1,2,12,6,1,1,27,2,2
1,57,4,9,2009,1,1,1,2,2,1,4,1,1,1,1,1,1,2,13,11,1,7,25,2,2
1,57,4,10,2009,2,7,1,2,2,1,1,1,1,1,1,1,1,2,19,6,2,7,28,2,2
2,57,4,10,2009,4,3,1,2,2,1,1,1,1,1,1,3,1,2,4,9,2,1,22,1,2
2,57,4,11,2009,2,7,8,2,2,1,1,1,1,1,1,1,1,2,9,11,1,7,38,2,1
3,57,4,10,2009,3,1,3,2,2,1,1,1,1,1,1,1,1,2,9,6,1,1,,2,2
6,57,4,10,2009,2,1,8,2,2,1,1,1,1,1,1,3,1,2,6,11,1,1,6,2,2
7,57,4,9,2009,3,7,1,2,2,1,1,1,5,1,2,3,1,2,19,1,1,7,,2,2
7,57,4,8,2009,3,4,1,2,2,1,1,1,1,1,1,3,1,2,17,6,1,3,,2,2
8,57,4,9,2009,3,1,1,2,2,1,1,1,1,1,1,1,1,2,7,6,1,1,20,2,2
8,57,4,10,2009,4,1,1,2,2,1,1,1,1,1,1,1,1,2,8,6,1,1,39,2,2
4,62,4,10,2009,2,1,1,2,2,1,1,1,5,3,3,4,1,2,8,1,1,1,,2,2
1,62,3,11,2009,3,4,1,2,2,1,1,1,1,1,1,2,1,2,9,6,1,1,54,2,2
4,62,4,11,2009,3,7,3,2,2,1,1,1,1,1,1,4,1,2,4,6,1,1,35,2,2
1,62,4,11,2009,1,7,8,2,2,1,4,1,1,1,1,4,1,2,13,6,1,1,35,2,2
3,62,3,12,2009,2,7,1,2,2,1,1,1,1,1,2,3,2,2,14,11,2,7,,2,2
1,68,4,10,2009,3,7,8,2,2,1,1,3,1,1,1,1,1,2,,,,,,,
1,68,4,10,2009,4,7,8,2,2,1,1,4,1,1,1,1,1,2,9,2,1,3,,2,2
1,63,3,4,2009,1,1,1,2,2,1,4,1,1,1,1,3,1,2,11,6,1,7,,2,2
1,63,3,2,2009,2,7,8,2,2,1,1,1,1,1,1,3,1,2,9,10,1,1,,2,2
6,63,3,5,2009,4,1,1,2,2,1,1,1,1,1,1,4,4,2,14,6,1,1,38,2,2
7,63,4,9,2009,2,7,8,2,2,1,1,1,1,1,1,1,1,2,12,6,1,7,,2,2
7,63,4,2,2009,1,1,1,2,2,1,2,1,1,1,1,1,1,2,9,5,1,7,45,2,2
7,63,3,1,2009,3,1,8,2,2,1,1,1,1,1,1,1,1,2,7,11,1,7,25,2,2
7,63,4,1,2009,2,1,1,2,2,1,1,1,1,1,1,1,1,2,19,6,1,7,,2,2
7,63,1,1,2009,4,1,1,2,2,1,1,1,1,1,1,1,1,2,14,11,1,1,42,2,2
7,63,4,9,2009,2,1,1,2,2,1,1,1,1,1,1,1,1,2,19,6,1,7,,2,2
7,63,4,11,2009,3,1,1,2,2,1,1,1,1,1,1,1,1,2,19,6,1,7,,2,2
8,63,4,12,2009,2,7,1,2,2,1,1,1,1,1,1,1,1,2,12,6,1,7,,2,2
9,63,4,8,2009,3,7,1,2,2,1,1,1,1,1,1,1,1,2,19,6,1,1,,1,2
9,63,4,5,2009,2,7,1,2,2,1,1,1,1,1,1,1,1,2,13,6,1,1,,2,2
9,63,4,4,2009,3,1,1,2,2,1,1,1,1,1,1,1,1,2,9,6,1,1,48,1,2
9,63,3,11,2009,1,4,1,2,2,1,4,1,1,1,1,1,1,2,7,6,1,1,,2,2
10,63,4,8,2009,2,1,6,2,2,1,1,1,1,1,1,3,1,2,13,6,1,1,35,2,2
10,63,4,7,2009,2,7,1,2,2,1,1,1,1,1,1,2,1,2,5,9,1,1,25,2,2
13,63,4,12,2009,2,1,1,2,2,1,1,1,1,1,1,1,1,2,,,,,,,
14,63,4,6,2009,3,1,3,2,2,1,1,1,1,1,1,1,1,2,9,5,1,1,35,2,2
14,63,4,3,2009,2,7,2,2,2,1,1,1,1,1,1,1,1,2,12,6,2,7,30,1,2
1,57,4,5,2009,2,3,1,2,2,1,3,1,1,1,1,5,1,1,12,6,,,,2,2
1,57,4,5,2009,2,1,1,2,2,1,1,2,1,1,1,1,1,1,5,6,1,,,2,2
13,63,4,2,2009,2,1,1,2,2,1,2,1,1,1,1,1,1,2,7,6,,,,2,2
14,58,4,6,2009,2,1,1,2,,1,1,1,1,1,1,2,1,2,8,4,1,1,,1,2
8,63,3,12,2009,3,1,1,2,2,4,2,1,1,1,1,1,1,2,7,6,1,1,,2,2
14,63,4,6,2009,2,1,3,2,2,1,1,1,1,1,1,1,1,2,9,5,1,1,35,2,2
10,67,4,10,2009,3,1,1,2,2,2,3,4,1,1,1,2,,2,9,2,2,1,48,2,2
1,67,3,11,2009,2,7,8,2,2,1,1,1,1,1,1,1,3,1,5,8,1,1,20,2,2
5,58,4,9,2009,1,1,1,2,2,1,4,1,1,,1,1,1,2,14,11,2,1,45,1,2
6,58,4,12,2009,3,2,1,2,2,1,1,1,1,1,1,1,,,,,,,,,
6,66,4,4,2009,1,1,1,2,2,1,1,4,1,1,,3,1,2,11,6,1,2,,,
4,59,3,3,2009,4,1,1,2,2,1,3,3,1,1,1,3,1,2,6,6,1,3,,2,2
7,67,4,2,2009,2,1,1,2,2,1,1,1,1,1,1,3,1,2,13,5,1,1,18,2,2
1,58,4,2,2009,2,1,3,2,2,1,1,1,1,1,1,5,1,1,7,11,1,1,23,2,2
4,44,3,1,2009,3,3,4,1,2,1,1,1,1,1,2,2,1,1,8,6,1,1,,2,2
4,44,3,1,2009,3,1,8,2,2,1,1,1,1,1,1,2,1,2,14,11,1,7,,2,2
6,44,4,1,2009,1,1,1,1,1,1,2,1,1,1,1,1,1,1,19,11,1,7,,2,2
5,44,4,1,2009,4,1,1,2,2,1,4,1,1,1,1,1,1,2,9,6,1,7,,2,2
5,48,4,1,2009,4,7,1,2,2,4,2,2,1,1,1,4,1,2,14,1,1,7,,2,2
2,48,4,1,2009,1,7,1,2,2,1,4,1,1,1,1,3,1,2,9,6,1,1,35,2,2
1,51,4,1,2009,3,7,1,2,2,1,3,1,1,1,1,2,1,1,16,6,1,1,30,2,2
7,51,3,1,2009,3,7,3,2,2,1,1,1,1,1,1,3,1,2,5,6,1,1,,2,2
6,51,4,1,2009,3,1,1,2,2,1,1,1,1,1,1,2,1,2,9,6,1,7,,1,2
4,51,4,1,2009,3,7,1,2,2,1,1,1,1,3,1,4,1,2,17,6,2,1,30,2,2
4,51,3,1,2009,3,1,1,2,2,1,1,1,1,1,1,1,1,1,9,6,1,1,,2,2
5,51,4,1,2009,2,7,1,1,2,1,1,2,1,1,1,4,1,2,6,1,1,3,19,2,2
3,39,4,1,2009,1,7,1,2,2,4,4,1,1,1,1,1,1,1,9,11,1,7,,2,2
3,39,4,1,2009,2,7,1,2,2,4,2,2,1,1,1,1,1,2,13,11,1,7,,2,2
2,35,4,1,2009,2,2,1,2,2,1,1,1,1,1,1,1,1,2,11,6,2,7,42,2,2
2,35,4,1,2009,4,3,1,2,2,4,4,1,2,1,1,1,1,2,14,6,1,3,,2,2
3,38,4,1,2009,3,7,1,2,2,1,1,1,1,1,1,1,1,2,7,6,1,1,,2,2
3,38,4,1,2009,3,7,1,2,2,1,1,1,1,1,1,1,3,2,9,11,1,3,30,2,2
6,38,4,1,2009,4,7,1,2,2,1,1,1,1,1,1,3,2,2,9,6,1,1,30,2,2
1,38,4,1,2009,2,7,8,2,2,4,2,1,2,1,1,5,1,1,13,6,1,7,39,2,2
9,38,4,1,2009,3,1,1,2,2,1,1,1,1,1,1,3,1,2,19,6,1,7,21,2,2
1,38,4,1,2009,3,4,1,2,2,1,1,1,1,1,1,3,1,2,8,6,1,1,32,2,2
1,47,4,1,2009,1,4,4,2,2,1,4,1,1,1,1,1,1,2,19,6,1,7,,2,2
2,47,4,1,2009,3,3,3,2,2,1,1,1,1,1,1,1,1,2,9,6,1,7,,2,2
1,47,4,1,2009,3,1,4,2,2,1,1,1,1,1,1,1,1,2,9,6,1,7,,2,2
4,47,4,1,2009,3,7,8,2,2,1,1,1,1,3,2,4,1,2,17,6,2,7,25,2,2
1,45,3,1,2009,1,7,1,2,2,1,1,1,1,1,1,1,1,2,9,6,1,7,,2,2
1,45,4,1,2009,2,7,1,2,2,1,1,1,1,1,1,1,1,2,,,2,,11,,
1,45,4,1,2009,1,1,1,2,2,1,2,1,1,1,1,1,1,2,14,9,1,7,29,2,2
2,36,4,1,2009,2,7,1,2,2,1,1,2,1,1,2,2,2,2,9,2,1,7,30,2,2
2,36,4,1,2009,2,7,1,2,2,1,1,1,1,1,1,4,1,2,4,6,1,1,30,2,2
6,37,3,1,2009,3,7,1,2,2,1,1,1,1,1,1,2,3,2,4,6,1,1,30,2,2
6,37,4,1,2009,3,7,8,2,2,1,2,1,1,1,1,3,1,1,19,6,1,7,,2,2
6,37,4,1,2009,4,1,1,2,2,1,2,1,1,1,1,4,1,2,5,6,1,7,,2,2
3,44,4,2,2009,2,1,1,2,2,1,2,1,1,1,1,5,1,1,9,6,1,5,35,2,2
3,44,4,2,2009,4,1,1,2,2,1,4,1,1,1,1,1,1,2,19,6,1,7,,2,2
7,44,4,2,2009,2,7,3,2,2,1,1,1,1,1,1,1,1,2,13,6,1,1,40,2,2
2,45,3,2,2009,2,1,1,2,2,1,1,1,1,1,1,1,1,1,7,6,1,3,,2,2
6,45,4,2,2009,4,1,1,2,2,1,4,1,1,1,1,3,1,1,9,6,1,7,,2,2
4,45,4,2,2009,4,1,1,2,2,1,4,1,1,1,1,3,1,2,5,6,1,1,,2,2
1,45,4,2,2009,1,1,1,2,2,1,4,1,1,1,1,3,1,2,19,6,1,1,,2,2
1,45,4,2,2009,3,1,1,2,2,1,1,1,1,1,1,1,1,1,10,6,1,3,,2,2
1,51,4,2,2009,2,1,1,2,2,1,1,1,1,1,1,5,1,1,14,6,1,3,38,2,2
6,51,3,2,2009,3,1,8,2,2,1,1,1,1,1,1,3,1,2,7,6,1,1,25,2,2
12,51,4,2,2009,3,7,1,2,2,1,1,1,1,1,1,2,1,2,14,6,1,7,,2,2
8,51,3,2,2009,2,7,1,2,2,1,1,1,1,1,1,4,1,2,17,6,2,6,35,2,2
8,47,4,2,2009,2,7,4,2,2,1,1,1,1,1,1,1,1,1,9,6,1,1,37,2,2
10,47,4,2,2009,2,1,1,2,2,1,1,1,1,1,1,4,1,2,4,6,1,1,,2,2
7,47,4,2,2009,2,7,4,2,2,4,2,1,2,1,1,1,1,1,19,6,1,1,,2,2
3,38,4,2,2009,2,7,1,2,2,1,1,1,1,1,1,1,1,2,17,6,1,7,,2,2
1,38,4,2,2009,3,1,4,2,2,1,1,1,1,1,1,1,1,1,14,6,1,7,28,2,2
3,38,3,2,2009,3,7,1,2,2,1,1,1,1,1,1,1,1,2,8,6,1,7,,2,2
6,38,4,2,2009,3,1,1,2,2,1,1,2,1,1,1,1,1,2,14,6,1,7,,2,2
3,38,4,2,2009,2,7,1,2,2,1,1,5,1,1,1,1,2,2,8,6,1,7,,2,2
4,35,4,2,2009,3,1,1,2,2,1,1,1,1,1,1,4,1,2,8,6,1,1,,2,2
3,35,4,2,2009,3,1,1,2,2,1,1,1,1,1,1,3,1,2,9,6,1,3,30,2,2
3,35,4,2,2009,3,1,4,2,2,1,1,1,1,1,1,4,1,2,19,6,1,7,,2,2
3,36,4,2,2009,1,5,1,2,2,1,4,1,1,1,1,1,5,2,9,6,1,1,,2,2
2,36,4,2,2009,3,7,1,2,2,1,1,1,1,1,1,4,1,2,7,6,1,1,,2,2
6,37,3,2,2009,3,1,1,2,2,1,1,1,1,1,1,5,1,1,4,6,1,1,,2,2
6,45,4,3,2009,3,1,1,2,2,1,1,1,1,1,1,1,1,2,7,6,1,3,,2,2
1,45,4,3,2009,2,7,1,2,2,1,1,1,1,1,1,1,1,1,9,6,1,7,,2,2
1,45,4,3,2009,3,1,1,2,2,1,1,1,1,1,1,3,1,2,13,6,1,1,,2,2
1,45,4,3,2009,2,7,1,2,2,1,1,1,1,1,1,2,1,2,19,6,2,6,,2,2
1,45,4,3,2009,1,1,1,2,2,1,4,1,1,1,1,3,1,2,12,6,1,3,,2,2
1,45,4,3,2009,3,1,1,2,2,1,1,1,1,1,1,2,4,1,14,6,1,3,,2,2
1,45,4,3,2009,2,7,1,2,2,1,1,1,1,1,1,1,1,1,9,6,1,1,,2,2
13,47,4,3,2009,4,1,8,2,2,1,1,1,1,1,1,4,1,2,8,6,1,1,,2,2
1,47,4,3,2009,2,3,1,2,2,1,1,1,1,1,1,1,1,2,14,4,1,1,,2,2
2,47,4,3,2009,4,1,1,2,2,1,1,1,1,1,1,1,1,2,19,6,1,7,,2,2
2,35,4,3,2009,2,1,1,2,2,1,1,1,1,1,1,3,1,2,4,6,1,1,25,2,2
1,48,4,3,2009,4,7,1,2,2,1,4,1,1,1,1,3,1,2,9,6,1,3,,2,2
3,48,4,3,2009,3,1,1,2,2,1,1,1,1,1,1,4,1,2,19,6,2,6,20,2,2
2,37,3,3,2009,2,3,8,2,2,1,1,1,1,1,1,3,1,2,19,6,2,6,35,2,2
3,38,4,3,2009,2,7,1,2,2,1,1,3,1,1,1,1,5,2,8,6,1,1,,2,2
1,38,4,3,2009,2,1,1,2,2,1,1,1,1,1,1,1,1,2,13,6,2,7,35,2,2
7,38,4,3,2009,3,3,3,2,2,1,1,1,1,1,1,4,1,2,7,6,1,7,42,2,2
3,38,4,3,2009,1,1,1,2,2,1,4,1,1,1,1,1,1,2,9,6,1,7,,2,2
4,38,4,3,2009,2,1,1,2,2,1,1,1,1,1,1,3,1,2,19,6,2,6,,2,2
9,38,4,3,2009,4,7,8,2,2,1,2,2,1,1,1,4,1,2,14,1,1,1,,2,2
6,38,4,3,2009,4,1,1,2,2,1,1,1,1,1,1,1,1,2,19,6,1,7,,2,2
1,45,4,4,2009,2,7,1,2,2,1,1,1,1,1,1,1,1,1,8,6,1,7,,2,2
4,45,4,4,2009,4,7,1,2,2,1,2,1,1,1,1,3,1,2,9,6,1,3,,2,2
1,45,4,4,2009,2,1,1,2,2,1,1,1,1,1,1,1,1,1,9,6,1,3,,2,2
6,45,4,4,2009,2,7,1,2,2,1,1,1,1,1,1,3,1,2,8,6,1,7,,2,2
6,45,3,4,2009,3,1,1,2,2,1,1,1,1,1,1,1,1,2,14,6,1,3,,2,2
1,45,4,4,2009,4,5,1,2,2,1,3,2,1,1,1,1,1,1,9,6,1,3,,2,2
1,45,4,4,2009,2,7,1,2,2,1,1,1,1,1,1,1,1,2,8,6,1,3,,2,2
1,45,4,4,2009,4,7,1,2,2,1,2,1,1,1,1,1,1,1,9,6,1,3,,2,2
5,45,4,4,2009,3,7,1,2,2,1,1,1,1,1,1,1,1,2,9,6,1,3,,2,2
1,47,4,4,2009,2,1,1,2,2,1,1,1,1,1,1,1,1,2,9,6,1,1,,2,2
10,47,3,4,2009,4,7,1,2,2,1,2,1,1,1,1,3,1,1,9,6,1,7,,2,2
5,47,4,4,2009,2,1,1,2,2,1,1,1,1,1,1,1,1,2,12,6,1,1,30,2,2
13,47,4,4,2009,2,1,1,2,2,1,1,1,1,1,1,1,1,2,9,6,1,3,34,2,2
1,47,4,4,2009,1,1,1,2,2,1,3,1,1,1,1,1,1,2,19,6,1,3,,2,2
1,47,4,4,2009,2,3,4,2,2,1,1,1,1,1,1,1,1,1,14,6,1,3,26,2,2
6,38,4,4,2009,4,1,1,2,2,1,3,2,1,1,1,1,1,2,9,2,1,1,34,2,2
6,38,3,4,2009,1,7,1,2,2,1,2,1,1,1,1,1,2,2,10,6,1,7,,2,2
7,38,3,4,2009,2,1,1,2,2,1,1,1,1,1,1,4,1,2,19,6,2,6,,2,2
6,38,1,4,2009,4,1,1,2,2,1,4,1,1,1,1,1,1,2,10,4,1,1,30,2,2
1,38,4,4,2009,3,1,1,2,2,1,1,1,1,1,1,1,1,2,9,6,1,3,,2,2
1,38,3,4,2009,4,1,1,2,2,1,1,1,1,1,1,1,1,2,9,6,1,6,,2,2
6,44,4,4,2009,4,1,1,2,2,1,4,1,1,1,1,2,1,2,15,6,1,1,,2,2
5,44,4,4,2009,4,1,1,2,2,1,2,1,1,1,1,2,1,2,14,6,1,1,30,2,2
1,49,4,4,2009,4,1,1,2,2,1,2,1,1,1,1,2,1,1,4,6,1,3,19,2,2
2,36,4,4,2009,2,7,1,2,2,1,1,1,1,1,1,3,2,1,9,6,1,1,38,2,2
4,36,1,4,2009,4,1,1,2,2,1,3,1,1,1,1,3,1,2,10,6,1,1,,2,2
4,36,4,4,2009,2,7,1,2,2,1,1,1,1,1,1,3,1,2,9,6,1,3,,2,2
1,36,4,4,2009,4,7,1,2,2,1,2,1,5,1,1,3,1,2,4,6,1,3,,2,2
2,35,4,4,2009,3,1,1,2,2,1,1,1,1,1,1,1,1,2,8,7,1,5,,2,2
5,37,4,4,2009,3,1,1,2,2,1,1,1,1,1,1,4,1,2,19,6,2,6,,2,2
6,37,3,4,2009,4,7,1,2,2,1,2,1,1,1,1,5,1,1,4,6,1,1,,2,2