Thana,District,Accident_Severity,Month,Year,Time,Junction_Type,Traffic_Control,Movement,Divider,Weather,Light,Road_Geometry,Surface_Condition,Surface_Type,Surface_Quality,Road_Class,Road_Feature,Location_Type,Vehicle_Type,Vehicle_Movement,Vehicle_Loading,Vehicle_Defect,Vehicle_Driver_Age,Vehicle_Alcohol,Vehicle_Seat_Belt
3,49,4,1,2009,3,2,1,2,2,1,1,1,1,1,1,3,1,2,19,6,1,1,,2,2
1,49,4,1,2009,4,1,1,2,2,1,2,1,1,1,1,5,1,1,9,6,2,1,,2,2
1,49,4,2,2009,4,1,1,2,2,1,3,1,1,1,1,2,1,1,4,6,1,1,,2,2
1,49,4,2,2009,3,1,1,2,2,1,1,1,1,1,1,2,1,2,14,6,1,1,,2,2
1,49,4,3,2009,1,1,1,2,2,1,4,1,1,1,1,2,1,1,14,6,1,1,,2,2
5,49,4,3,2009,2,1,1,2,2,1,1,4,1,1,1,4,4,2,4,6,1,1,42,2,2
3,47,4,5,2009,1,1,1,2,2,2,4,1,2,1,1,3,1,2,14,6,1,1,,2,2
5,47,4,5,2009,4,1,1,2,2,1,1,1,1,1,1,4,1,2,14,6,1,1,40,2,2
1,45,4,5,2009,4,1,1,2,2,1,3,1,1,1,1,1,3,1,14,6,1,1,28,2,2
1,45,2,5,2009,1,1,1,2,2,1,2,1,1,1,1,1,1,1,14,6,1,1,,2,2
1,45,4,5,2009,2,1,1,2,2,1,1,1,1,1,1,1,1,1,9,6,1,1,,2,2
6,45,4,5,2009,4,1,1,2,2,1,3,1,1,1,1,1,1,2,14,6,1,1,,2,2
2,45,4,5,2009,2,1,1,2,2,1,1,1,1,1,1,1,1,2,9,11,1,1,,2,2
1,49,4,5,2009,3,1,1,2,2,1,1,1,1,1,1,3,1,2,17,6,2,6,32,2,2
1,49,4,5,2009,3,1,1,2,2,1,1,1,1,1,1,3,1,2,19,6,2,6,28,2,2
5,49,4,5,2009,2,3,1,2,2,2,2,1,2,1,1,4,1,2,13,6,1,7,36,2,2
1,44,4,5,2009,2,1,1,2,2,1,1,2,1,1,2,3,4,1,19,6,1,7,,2,2
1,44,4,5,2009,3,1,1,2,2,1,1,2,1,1,1,2,1,1,9,1,1,1,31,2,2
6,44,4,5,2009,4,1,1,2,2,1,3,1,1,1,1,1,1,1,14,6,1,1,,2,2
5,44,4,5,2009,3,1,1,2,2,1,1,1,1,1,1,1,1,2,14,6,1,3,,2,2
5,44,4,5,2009,3,1,1,2,2,1,1,1,1,1,1,1,1,1,9,6,1,1,,2,2
5,44,3,5,2009,3,1,1,2,2,1,1,1,1,1,1,1,1,2,13,6,1,1,,2,2
3,38,4,5,2009,2,1,1,2,2,1,1,1,1,1,1,1,1,2,9,6,1,1,,2,2
1,38,4,5,2009,4,1,1,2,2,1,1,1,1,1,1,3,1,2,14,6,1,1,,2,2
7,38,4,5,2009,2,1,1,2,2,1,1,1,1,1,1,3,1,2,9,6,1,1,42,2,2
2,36,4,6,2009,1,7,1,2,2,1,4,1,1,1,1,1,1,2,19,6,2,6,20,2,2
4,44,4,6,2009,1,1,1,2,2,1,2,1,1,1,1,2,1,1,14,6,1,1,,2,2
6,44,4,6,2009,1,4,1,2,2,1,2,1,1,1,1,2,1,1,19,6,1,1,,2,2
2,44,4,6,2009,4,1,1,2,2,1,4,1,1,1,1,2,1,2,19,6,1,1,,2,2
1,37,4,6,2009,2,1,1,2,2,1,1,1,1,1,1,5,1,1,4,6,1,1,18,2,2
3,37,4,6,2009,3,1,1,2,2,1,1,1,1,1,1,4,1,2,4,6,1,1,,2,2
3,35,4,6,2009,2,7,1,2,2,1,1,1,1,1,1,2,1,2,8,8,1,1,,2,2
3,38,4,6,2009,2,1,1,2,2,1,1,1,1,1,1,1,1,2,19,6,1,1,,2,2
3,38,4,6,2009,3,7,1,2,2,1,1,1,1,1,1,1,1,2,19,6,1,1,,2,2
3,38,4,6,2009,4,7,1,2,2,1,4,1,1,1,1,3,1,2,9,6,1,7,,2,2
3,38,4,6,2009,3,1,1,2,2,1,1,1,1,1,1,1,1,2,4,6,1,1,,2,2
1,47,4,6,2009,4,1,1,2,2,1,4,1,1,1,1,4,1,2,14,6,1,1,,2,2
1,47,4,6,2009,2,1,1,2,2,1,1,1,1,1,1,4,1,2,14,6,1,1,28,2,2
9,47,4,6,2009,2,1,1,2,2,1,1,1,1,1,1,1,1,2,9,3,1,1,,2,2
4,47,4,6,2009,3,1,1,2,2,1,1,1,1,1,1,3,1,2,9,6,1,1,34,2,2
3,49,4,6,2009,2,2,3,2,2,1,1,1,1,1,1,3,1,2,4,6,1,3,55,2,2
3,49,4,6,2009,3,2,1,2,2,1,1,1,1,1,1,5,1,1,9,6,1,1,32,2,2
3,49,4,7,2009,1,2,1,2,2,1,1,1,1,1,1,3,1,2,19,6,2,6,,2,2
3,44,4,7,2009,4,1,1,2,2,1,1,1,1,1,1,1,1,2,14,6,1,1,,2,2
5,44,4,7,2009,3,2,1,2,2,1,1,4,1,1,1,1,1,2,8,6,1,1,,2,2
12,47,4,7,2009,2,1,1,2,2,1,1,1,1,1,1,1,1,2,14,6,1,1,,2,2
12,47,4,7,2009,4,1,1,2,2,1,2,1,1,1,1,1,1,2,12,6,1,1,,2,2
12,47,4,7,2009,2,1,1,2,2,1,1,1,1,1,1,1,1,2,14,6,1,1,,2,2
2,35,4,7,2009,2,1,1,2,2,1,1,1,1,1,1,1,1,2,10,6,1,3,35,2,2
4,38,4,7,2009,2,1,3,2,2,1,1,1,1,1,1,2,1,2,4,6,1,3,28,2,2
3,38,4,7,2009,2,1,1,2,2,1,1,1,1,1,1,1,1,2,9,6,1,1,,2,2
4,38,4,7,2009,2,1,1,2,2,1,2,1,1,1,1,2,1,2,9,6,1,1,,2,2
7,38,3,7,2009,2,7,1,2,2,1,1,1,2,1,1,1,1,2,7,6,1,7,,2,2
5,45,4,7,2009,4,1,1,2,2,2,4,1,1,1,1,1,1,2,9,6,1,7,,2,2
6,45,4,7,2009,1,1,1,2,2,1,2,2,2,1,1,1,1,1,9,6,1,7,,2,2
6,45,3,7,2009,3,1,1,2,2,1,4,1,1,1,1,1,1,2,7,6,1,7,,2,2
4,45,4,7,2009,2,1,1,2,2,1,1,1,1,1,1,1,1,1,9,6,1,7,,2,2
4,45,4,7,2009,1,1,1,2,2,1,4,2,1,1,1,1,1,1,14,6,1,7,,2,2
4,45,4,7,2009,1,1,1,2,2,1,2,2,1,1,1,1,1,2,14,6,1,7,,2,2
3,36,4,8,2009,3,1,1,2,2,1,1,1,1,1,1,1,1,2,9,6,1,1,50,2,2
4,37,3,8,2009,2,1,1,2,2,2,1,1,2,1,1,4,1,2,9,6,1,1,,2,2
3,38,4,8,2009,3,1,1,2,2,2,1,1,2,1,1,1,1,2,8,6,1,1,,2,2
3,43,4,8,2009,2,3,1,2,2,1,1,1,1,1,1,1,1,1,9,6,1,1,30,2,2
1,43,4,5,2009,3,1,1,2,2,1,1,1,1,1,1,3,1,2,5,6,1,1,28,2,2
4,43,4,7,2009,2,1,1,2,2,1,1,1,1,1,1,4,2,2,8,6,1,1,,2,2
6,43,4,6,2009,3,1,1,2,2,1,1,1,1,1,1,4,1,2,8,6,1,3,37,2,2
4,43,4,6,2009,4,1,1,2,2,1,1,3,1,1,1,1,1,2,19,6,1,1,,2,2
3,41,4,1,2009,2,7,8,2,2,4,1,1,2,1,1,2,1,2,9,6,1,1,32,2,2
7,41,3,1,2009,3,1,1,2,2,1,1,1,1,1,1,1,1,1,12,6,1,3,,2,2
7,41,4,1,2009,2,7,8,2,2,1,1,1,1,1,1,1,1,1,8,6,1,3,,2,2
1,41,4,2,2009,4,3,8,2,2,1,4,1,1,1,1,1,1,1,7,6,1,1,,2,2
1,41,2,2,2009,3,2,1,2,2,1,2,1,1,1,1,1,1,1,4,6,1,1,,2,2
7,41,4,2,2009,4,1,1,2,2,1,2,1,1,1,1,1,1,1,19,6,1,1,,2,2
6,41,4,2,2009,2,3,1,2,2,1,1,1,1,1,1,1,1,1,19,6,1,1,,2,2
6,41,4,2,2009,3,4,1,2,2,1,1,1,1,1,1,1,1,1,14,6,1,1,40,2,2
6,41,4,5,2009,3,1,1,2,2,1,1,1,1,1,1,1,1,2,4,1,1,1,,2,2
6,41,4,5,2009,3,7,1,2,2,1,1,1,1,1,1,1,1,2,11,6,1,1,28,2,2
4,41,4,6,2009,1,7,1,2,2,1,4,1,1,1,1,5,1,1,19,6,1,1,,2,2
6,41,4,6,2009,4,1,8,2,2,1,2,1,1,1,1,1,2,2,7,6,1,1,,2,2
7,41,4,8,2009,3,1,1,2,2,1,1,1,1,1,1,1,1,1,8,6,1,1,,2,2
1,45,4,8,2009,2,1,5,2,1,4,1,1,1,1,1,1,1,1,14,6,1,1,,2,2
1,45,4,8,2009,1,1,1,2,2,1,2,1,1,1,1,1,1,2,19,6,1,1,,2,2
1,40,3,2,2009,3,3,3,2,2,1,1,1,1,1,1,1,1,1,9,6,1,1,,2,2
1,40,4,2,2009,,1,8,2,2,1,3,1,1,1,1,1,1,1,19,6,1,1,,2,2
6,40,4,2,2009,2,7,1,2,2,1,1,1,1,1,1,1,1,2,9,6,1,1,35,2,2
6,40,4,2,2009,4,1,1,2,2,1,2,1,1,1,1,1,1,2,9,6,1,1,,2,2
6,40,4,2,2009,2,1,1,2,2,1,1,1,1,1,1,1,1,2,9,6,1,1,,2,2
1,40,4,3,2009,2,1,1,2,2,1,1,1,1,1,1,1,1,1,9,6,1,6,,2,2
1,40,4,3,2009,2,1,1,2,2,1,1,1,1,1,1,4,1,2,9,6,1,6,,2,2
1,40,4,3,2009,3,1,3,2,2,1,1,1,1,1,1,1,1,1,9,6,1,1,,2,2
5,40,4,3,2009,2,1,1,2,2,1,1,1,1,1,1,1,1,2,14,1,1,1,,2,2
1,40,4,4,2009,1,1,3,2,2,1,3,1,1,1,1,1,1,1,14,6,1,1,,2,2
6,40,4,4,2009,3,1,3,2,2,1,1,1,1,1,1,1,1,2,19,6,1,1,,2,2
6,40,4,4,2009,2,1,1,2,2,1,1,1,1,1,1,3,1,2,8,6,1,1,26,2,2
1,40,4,6,2009,2,1,1,2,2,1,3,1,1,1,1,1,1,1,12,6,1,1,,2,2
1,40,4,6,2009,4,1,3,2,2,1,3,1,1,1,1,1,1,1,14,6,1,1,,2,2
5,40,4,6,2009,2,1,8,2,2,1,1,1,1,1,1,2,1,2,8,1,1,1,,1,1
1,40,4,7,2009,2,1,1,2,2,1,1,1,1,1,1,1,1,1,9,8,1,1,,2,2
5,40,4,7,2009,4,1,1,2,2,1,4,1,1,1,1,1,1,2,9,6,1,1,,2,2
6,40,4,7,2009,4,1,1,2,2,1,4,1,1,1,1,1,1,2,19,6,1,1,,2,2
2,40,4,7,2009,3,1,1,2,2,1,1,1,1,1,1,3,1,2,9,6,1,1,,2,2
1,40,4,8,2009,2,1,3,2,2,1,1,1,1,1,1,1,1,1,14,6,1,1,,2,2
1,40,4,8,2009,3,1,3,2,2,1,1,1,1,1,1,1,2,1,9,6,1,1,,2,2
1,40,3,8,2009,2,1,3,2,2,1,1,1,1,1,1,5,1,1,6,6,1,1,,2,2
6,40,4,8,2009,1,1,1,2,2,2,4,1,2,1,1,4,1,2,14,6,1,1,,2,2
3,40,4,8,2009,3,1,1,2,2,1,1,1,1,1,1,1,1,2,12,6,1,1,,2,2
3,40,4,8,2009,4,1,1,2,2,1,4,1,1,1,1,1,1,2,19,6,1,1,,2,2
12,47,4,8,2009,2,1,1,2,2,1,1,1,1,1,1,1,1,2,19,6,1,1,,2,2
7,38,4,9,2009,2,1,1,2,2,1,1,1,1,1,1,1,2,2,7,6,1,1,,2,2
6,38,4,9,2009,4,1,1,2,2,1,1,1,1,1,1,1,1,2,9,6,1,1,,2,2
6,38,4,9,2009,3,1,1,2,2,1,1,1,1,1,1,1,1,2,9,6,1,1,,2,2
1,49,4,8,2009,2,1,1,2,2,1,1,1,1,1,1,2,1,2,14,6,1,1,,2,2
1,49,4,9,2009,2,1,1,2,2,1,1,1,1,1,1,5,1,1,14,6,2,6,,2,2
1,49,4,9,2009,3,1,3,2,2,1,1,1,1,1,1,2,1,1,14,6,1,1,,2,2
4,50,4,1,2009,4,1,3,2,2,1,1,1,1,1,1,3,1,2,19,6,1,1,,2,2
1,50,4,1,2009,3,1,1,2,2,1,1,1,1,1,1,1,1,2,14,6,1,1,,2,2
3,50,3,1,2009,3,1,1,2,2,1,1,1,1,1,1,2,1,2,4,6,1,1,35,2,2
13,50,4,2,2009,3,1,1,2,2,1,1,1,1,1,1,3,1,2,9,6,1,1,,2,2
12,50,4,2,2009,2,1,1,2,2,1,2,1,1,1,1,1,1,2,10,6,1,6,,2,2
3,50,4,2,2009,3,1,1,2,2,1,1,1,1,1,1,2,1,2,19,6,1,1,,2,2
3,50,4,4,2009,3,1,1,2,2,1,1,1,1,1,1,2,1,2,6,6,1,6,,2,2
12,50,4,4,2009,4,1,8,2,2,1,3,1,1,1,1,5,1,1,14,6,1,1,18,2,2
6,50,3,4,2009,4,1,1,2,2,1,2,1,1,1,1,5,1,1,17,6,2,6,23,2,2
2,50,4,4,2009,4,1,1,2,2,1,2,1,1,1,1,1,1,2,15,6,1,1,,2,2
10,50,4,4,2009,1,1,1,2,2,2,4,2,2,1,1,2,1,2,19,6,1,1,,2,2
7,50,3,5,2009,2,1,1,2,2,1,1,3,1,2,3,2,2,2,9,6,1,1,,2,2
10,50,4,5,2009,3,1,1,2,2,1,1,1,1,1,1,2,1,2,9,6,1,1,,2,2
1,50,4,6,2009,2,1,3,2,2,1,1,1,1,1,1,1,1,2,14,6,1,1,40,2,2
13,50,4,7,2009,3,1,3,2,2,1,1,1,1,3,1,4,1,2,6,6,1,1,,2,2
8,50,4,7,2009,3,1,1,2,2,1,1,1,1,1,1,4,1,2,9,6,1,1,22,2,2
2,50,4,7,2009,4,1,1,2,2,1,1,3,1,1,1,3,1,2,6,6,1,6,,2,2
2,50,4,7,2009,1,1,1,2,2,1,4,1,1,1,1,4,1,2,9,6,1,1,,2,2
12,50,4,7,2009,1,1,1,2,2,1,2,1,1,1,1,1,1,2,14,6,2,6,35,2,2
13,50,4,8,2009,4,1,1,2,2,1,2,1,1,1,1,3,1,2,7,6,1,1,32,2,2
2,50,4,8,2009,2,1,1,2,2,1,1,2,1,1,1,3,1,2,15,6,1,1,48,2,2
7,41,4,9,2009,3,1,3,2,2,1,1,1,1,1,1,1,1,2,9,6,1,1,,2,2
7,41,4,9,2009,4,1,3,2,2,1,4,1,1,1,1,2,1,2,12,6,1,3,,2,2
6,41,4,9,2009,2,1,1,2,2,1,1,3,1,1,1,3,2,1,9,6,1,1,55,2,2
7,41,4,8,2009,2,1,2,2,2,1,1,1,1,1,1,2,1,2,14,6,1,1,,2,2
7,41,4,4,2009,1,1,3,2,2,1,4,1,1,1,1,1,1,2,19,6,1,7,,2,2
3,48,4,7,2009,3,1,1,2,2,1,1,1,1,1,1,3,1,2,19,6,2,6,,2,2
3,48,3,4,2009,2,1,1,2,2,1,1,1,1,3,2,4,1,2,19,6,2,6,23,2,2
5,48,4,9,2009,2,1,1,2,2,1,1,2,1,1,1,3,1,2,9,6,1,6,,2,2
3,48,4,9,2009,4,1,1,2,2,1,4,1,1,1,1,3,1,2,9,6,1,6,,2,2
5,47,4,9,2009,3,1,1,2,2,1,1,4,1,1,1,3,1,2,19,6,1,1,,2,2
12,47,4,9,2009,1,1,1,2,2,1,2,1,1,1,1,1,1,2,14,6,2,6,,2,2
12,47,4,9,2009,4,1,1,2,2,1,4,1,1,1,1,1,1,2,19,6,1,1,,2,2
9,47,4,9,2009,1,3,1,2,2,1,2,4,1,1,1,1,1,2,9,6,1,6,45,2,2
1,35,3,9,2009,3,1,1,2,2,1,1,1,1,1,1,3,1,2,9,6,1,3,,2,2
1,44,4,8,2009,3,1,1,2,2,1,1,1,1,1,1,2,1,1,14,6,1,1,28,2,2
6,44,4,8,2009,2,1,1,2,2,1,1,1,1,1,1,5,1,1,8,6,1,1,,2,2
7,44,4,8,2009,2,1,3,2,2,1,1,1,1,1,1,1,1,1,9,6,1,3,,2,2
7,44,4,9,2009,3,1,1,2,2,1,1,1,1,1,1,1,1,2,9,6,1,1,,2,2
7,44,4,9,2009,2,1,1,2,2,1,2,1,1,1,1,2,1,2,14,6,1,1,,2,2
1,43,4,9,2009,3,1,1,2,2,1,1,1,1,1,1,3,1,2,9,6,1,6,35,2,2
9,52,4,9,2009,3,1,1,2,2,1,1,1,1,1,1,3,1,2,6,6,1,3,28,2,2
1,39,4,9,2009,3,1,1,2,2,1,1,1,1,1,1,2,1,1,9,6,1,1,28,2,2
6,40,4,1,2009,2,1,1,2,2,1,1,1,1,1,1,1,1,2,9,6,1,1,40,2,2
3,40,4,1,2009,3,1,1,2,2,1,1,1,1,1,1,4,1,2,4,6,1,1,,2,2
5,40,4,3,2009,2,1,1,2,2,1,1,1,1,1,1,1,1,2,19,6,2,6,30,2,2
3,40,4,6,2009,4,1,1,2,2,2,4,2,2,1,1,1,1,2,13,6,1,3,,2,2
3,40,4,6,2009,3,1,1,2,2,1,1,3,1,1,1,4,1,2,6,6,1,6,,2,2
1,40,4,9,2009,3,1,1,2,2,1,1,1,1,1,1,4,1,2,13,6,1,1,,2,2
1,40,4,9,2009,2,1,1,2,2,1,1,1,1,1,1,1,1,2,9,6,1,1,,2,2
1,44,4,9,2009,2,1,1,2,2,1,1,1,1,1,3,4,1,2,10,6,1,1,,2,2
1,40,4,8,2009,2,1,1,2,2,1,2,1,1,1,1,1,1,2,19,6,1,1,,2,2
7,40,4,9,2009,3,1,1,2,2,1,1,1,1,1,2,3,1,2,8,6,1,1,30,2,2
6,40,3,9,2009,3,7,1,2,2,1,1,1,1,1,1,1,1,2,4,6,1,1,25,2,2
3,40,4,9,2009,3,1,1,2,2,1,1,1,1,1,1,1,1,2,9,6,1,1,,2,2
6,40,3,9,2009,1,3,4,2,2,1,2,1,1,1,1,1,1,1,14,6,1,1,,2,2
6,38,4,9,2009,3,1,1,2,2,1,1,1,1,1,1,1,1,2,9,6,1,1,,2,2
3,38,4,10,2009,1,6,1,2,1,1,2,1,1,1,1,1,1,2,19,6,1,1,,2,2
6,38,4,10,2009,4,1,1,2,2,1,2,1,1,1,1,1,1,2,14,6,1,1,35,2,2
6,37,4,10,2009,2,1,1,2,2,1,1,1,1,1,1,3,1,2,19,6,2,6,38,2,2
1,45,4,10,2009,3,1,1,2,2,1,1,1,1,1,1,2,1,2,17,6,1,6,,2,2
1,40,4,10,2009,1,1,1,2,2,1,4,1,1,1,1,1,1,1,15,6,1,1,,2,2
7,40,2,10,2009,2,1,1,2,2,1,1,1,1,1,1,2,1,2,14,6,1,1,38,2,2
3,40,4,10,2009,1,1,1,2,2,1,4,1,1,1,1,2,1,2,19,6,1,1,,2,2
6,40,4,10,2009,3,1,1,2,2,1,1,1,1,1,1,1,1,2,14,6,1,3,,2,2
5,40,4,10,2009,3,1,1,2,2,1,1,1,2,1,1,4,1,2,6,6,1,6,,2,2
9,47,4,10,2009,3,1,1,2,2,1,2,1,1,1,1,1,1,1,1,14,0,6,1,,
5,49,4,10,2009,4,1,1,2,2,1,2,1,1,1,1,2,1,2,19,6,1,6,25,2,2
1,35,4,6,2009,3,1,1,2,2,1,4,4,1,1,1,1,1,2,19,6,1,1,,2,2
1,35,4,10,2009,2,1,1,2,2,1,1,1,1,1,1,1,1,1,4,6,1,3,25,2,2
4,43,4,10,2009,2,1,1,2,2,1,1,1,1,1,3,2,1,2,9,6,1,1,,2,2
12,50,4,10,2009,2,1,1,2,2,1,1,2,1,1,1,1,1,2,12,6,1,6,42,2,2
6,50,3,10,2009,2,1,3,2,2,1,1,1,1,1,1,5,1,1,19,6,1,3,25,2,2
1,51,4,10,2009,2,1,1,2,2,1,1,1,1,1,1,4,1,2,14,6,1,1,45,2,2
13,51,4,7,2009,3,1,1,2,2,1,1,1,1,1,1,2,1,2,4,6,1,1,,2,2
9,51,4,10,2009,2,1,1,2,2,1,1,1,1,1,1,3,1,2,7,6,1,5,22,2,2
11,51,3,10,2009,3,1,1,2,2,1,1,1,1,1,1,2,1,2,19,6,2,6,19,2,2
1,39,4,10,2009,2,6,1,2,2,1,1,1,1,1,1,1,3,2,9,6,1,6,,2,2
6,41,3,10,2009,3,3,1,2,2,1,1,1,1,1,1,1,1,2,14,6,1,1,,2,2
1,44,3,10,2009,2,1,1,2,2,1,1,1,1,1,1,5,1,1,8,6,1,1,20,2,2
6,44,4,10,2009,4,1,1,2,2,1,3,1,1,1,1,1,1,1,19,6,1,1,,2,2
9,47,4,11,2009,1,1,1,2,2,1,2,1,1,1,1,1,2,2,9,6,1,6,,2,2
8,38,4,11,2009,3,1,1,2,2,1,1,1,1,1,1,4,1,2,8,6,1,1,,2,2
6,38,3,11,2009,2,1,1,2,2,1,1,1,1,1,1,1,1,2,19,6,1,6,31,2,2
1,38,4,11,2009,4,1,1,2,2,1,4,1,1,1,1,3,1,2,9,6,1,1,,2,2
1,49,4,11,2009,2,1,1,2,2,1,1,1,1,1,1,2,1,2,6,6,1,3,,2,2
7,51,4,11,2009,2,1,1,2,2,1,1,1,1,1,1,3,1,2,19,6,2,6,30,2,2
9,51,3,11,2009,3,1,1,2,2,1,1,1,1,1,1,2,1,2,9,6,1,4,45,2,2
9,51,3,11,2009,3,1,1,2,2,1,1,1,1,1,1,3,1,2,19,6,2,6,22,2,2
1,45,4,11,2009,3,1,1,2,2,1,1,1,1,1,1,1,1,1,14,6,1,1,,2,2
1,45,4,11,2009,4,1,1,2,2,1,2,1,1,1,1,1,1,2,9,6,1,1,,2,2
5,45,4,11,2009,3,1,1,2,2,1,1,1,1,1,1,1,1,2,9,6,1,1,,2,2
5,45,4,11,2009,3,1,1,2,2,1,1,1,1,1,1,1,1,2,9,6,1,1,,2,2
6,45,4,11,2009,1,1,1,2,2,1,1,1,1,1,1,1,1,2,9,9,1,6,,2,2
1,40,3,11,2009,2,3,1,2,2,1,4,1,1,1,3,2,1,2,14,6,1,3,,2,2
5,40,4,11,2009,3,1,1,2,2,1,1,2,1,1,1,3,1,2,13,6,1,3,,2,2
5,40,4,11,2009,2,1,1,2,2,1,1,1,1,1,1,1,1,2,9,6,1,3,,2,2
5,40,4,11,2009,1,1,1,2,2,4,4,2,1,1,1,1,1,2,19,6,1,1,,2,2
6,40,4,11,2009,4,1,1,2,2,1,3,1,1,1,1,1,1,2,9,6,1,1,,2,2
6,40,4,11,2009,4,1,4,2,2,1,2,1,1,1,1,1,1,2,9,6,1,1,,2,2
6,40,4,11,2009,1,3,1,2,2,1,4,2,1,1,1,1,1,2,13,6,1,6,,2,2
6,40,4,11,2009,2,1,1,2,2,1,2,1,1,1,1,1,1,2,8,6,1,1,25,2,2
1,46,4,8,2009,2,1,3,2,2,1,2,1,1,1,1,1,1,1,14,6,1,1,35,2,2
1,46,4,1,2009,4,1,3,2,2,1,3,1,1,1,1,1,1,1,12,6,1,1,,2,2
1,46,4,2,2009,3,1,1,2,2,1,1,1,1,1,1,1,1,1,9,6,1,6,,2,2
1,46,4,2,2009,3,1,1,2,2,1,1,1,1,1,1,5,1,1,19,6,1,6,,2,2
1,46,4,3,2009,4,1,1,2,2,1,4,1,1,1,1,1,1,1,14,6,1,1,,2,2
1,46,4,3,2009,2,1,1,2,2,1,2,1,1,1,1,1,1,1,19,6,1,6,,2,2
1,46,4,3,2009,2,1,1,2,2,1,1,1,1,1,1,1,1,1,8,6,1,1,,2,2
1,46,4,4,2009,1,1,1,2,2,1,4,1,1,1,1,1,1,1,12,6,1,6,,2,2
1,46,4,5,2009,1,1,3,2,2,1,1,1,1,1,1,1,1,1,9,6,1,1,,2,2
1,46,3,6,2009,4,1,3,2,2,1,1,1,1,1,1,5,1,1,9,6,1,1,,2,2
1,46,4,11,2009,2,1,1,2,2,1,1,1,1,1,1,1,1,1,9,6,1,1,,2,2
1,46,4,7,2009,2,1,1,2,2,1,1,1,1,1,1,1,1,2,14,6,1,1,,2,2
1,46,4,10,2009,2,1,1,2,2,1,1,1,1,1,1,1,1,1,9,6,1,1,,2,2
1,46,4,8,2009,1,1,1,2,2,1,4,3,1,1,1,1,4,2,4,6,1,6,,2,2
1,46,4,11,2009,2,1,1,2,2,1,1,1,1,1,1,1,1,1,9,6,1,1,,2,2
1,46,4,11,2009,4,1,1,2,2,1,4,1,1,1,1,1,1,1,5,6,1,6,,2,2
1,46,4,8,2009,1,1,1,2,2,1,4,1,1,1,1,1,1,2,4,6,1,6,,2,2
5,46,4,10,2009,2,1,1,2,2,1,1,1,1,1,1,4,1,2,6,8,1,1,25,2,2
4,46,4,3,2009,4,3,1,2,2,1,4,1,1,1,1,2,1,2,9,6,1,1,,2,2
6,46,4,3,2009,4,1,4,2,2,1,2,1,1,1,1,1,1,1,10,6,1,1,,2,2
6,46,4,4,2009,2,1,4,2,2,1,1,1,1,1,1,1,1,1,9,6,1,1,,2,2
6,46,4,4,2009,2,1,1,2,2,1,1,1,1,1,1,1,1,1,9,4,1,1,,2,2
6,46,4,4,2009,1,1,4,2,2,1,3,1,1,1,1,1,1,1,9,6,1,1,,2,2
6,46,4,4,2009,2,1,4,2,2,1,1,1,1,1,1,1,1,1,9,6,1,1,,2,2
6,46,4,5,2009,1,1,1,2,2,1,4,1,1,1,1,1,1,1,14,6,1,1,30,2,2
6,46,4,1,2009,2,1,4,2,2,1,2,1,1,1,1,1,1,1,9,6,1,1,,2,2
6,46,4,1,2009,2,1,4,2,2,1,1,1,1,1,1,1,1,1,14,6,1,1,,2,2
6,46,3,3,2009,3,1,4,2,2,1,1,1,1,1,1,1,1,1,7,6,1,1,62,2,2
6,46,4,3,2009,2,1,4,2,2,1,1,1,1,1,1,1,1,1,14,6,1,1,,2,2
6,46,4,4,2009,2,1,4,2,2,1,1,1,1,1,1,1,1,1,9,6,1,1,,2,2
6,46,4,3,2009,4,1,4,2,2,1,1,1,1,1,1,1,1,1,14,6,1,1,,2,2
6,46,4,3,2009,3,1,4,2,2,1,1,1,1,1,1,1,3,1,15,6,1,2,,2,2
6,46,4,3,2009,2,1,4,2,2,1,1,1,1,1,1,3,1,1,9,6,1,1,,2,2
6,46,4,4,2009,3,1,4,2,2,1,1,1,1,1,1,1,1,1,4,6,1,1,,2,2
6,46,4,1,2009,2,4,4,2,2,1,1,1,1,1,1,1,1,1,9,6,1,1,,2,2
6,46,4,3,2009,3,1,4,2,2,1,1,1,1,1,1,1,1,1,14,6,1,1,,2,2
6,46,4,2,2009,3,1,4,2,2,1,1,1,1,1,1,1,1,1,9,6,1,1,27,2,2
3,46,4,4,2009,3,1,1,2,2,1,1,2,1,1,1,2,1,2,14,6,1,1,,2,2
3,46,3,5,2009,3,3,1,2,2,1,1,1,1,1,1,3,1,2,6,6,1,6,,2,2
3,46,3,5,2009,2,3,1,2,2,1,1,1,1,1,1,2,1,2,19,6,1,6,,2,2
3,46,4,7,2009,4,1,1,2,2,1,2,1,1,1,1,2,1,2,9,6,1,1,,2,2
2,46,4,1,2009,3,1,1,2,2,1,1,1,1,1,1,1,1,2,9,6,1,1,,2,2
2,46,4,3,2009,3,3,4,2,2,1,1,1,1,1,1,1,1,1,14,1,1,1,40,2,2
2,46,4,4,2009,3,1,1,2,2,1,3,1,1,1,1,1,1,2,15,6,1,4,35,2,2
2,46,4,6,2009,3,1,1,2,2,1,1,1,1,1,1,4,1,2,9,6,1,1,25,2,2
2,46,4,5,2009,3,1,1,2,2,1,1,1,1,1,1,1,1,2,9,6,1,1,,2,2
2,46,4,9,2009,2,1,1,2,2,1,1,1,1,1,1,1,5,1,9,6,1,1,,2,2
2,46,4,8,2009,4,1,2,2,2,1,1,1,1,1,1,1,1,1,14,6,1,1,,2,2
2,46,4,8,2009,1,1,2,2,2,1,2,1,1,1,1,1,1,1,19,6,1,1,,2,2