Thana,District,Accident_Severity,Month,Year,Time,Junction_Type,Traffic_Control,Movement,Divider,Weather,Light,Road_Geometry,Surface_Condition,Surface_Type,Surface_Quality,Road_Class,Road_Feature,Location_Type,Vehicle_Type,Vehicle_Movement,Vehicle_Loading,Vehicle_Defect,Vehicle_Driver_Age,Vehicle_Alcohol,Vehicle_Seat_Belt
2,46,4,9,2009,3,3,2,2,2,1,1,1,1,1,1,1,5,1,9,6,1,1,,2,2
2,46,4,9,2009,3,1,1,2,2,1,1,1,1,1,1,2,1,2,9,6,1,1,38,2,2
2,46,4,9,2009,1,3,1,2,2,1,1,1,1,1,1,1,1,1,19,6,1,1,,2,2
2,46,4,10,2009,2,1,2,2,2,1,1,1,1,1,1,1,1,1,9,6,1,1,38,2,2
3,39,4,11,2009,1,1,1,2,2,4,4,1,2,1,1,1,1,2,9,6,1,6,,2,2
3,44,4,11,2009,4,1,1,2,2,1,4,1,1,1,1,1,1,2,14,6,1,1,,2,2
7,44,4,7,2009,1,1,3,2,2,1,3,1,1,1,1,1,1,1,19,6,1,1,,2,2
7,44,4,11,2009,1,1,4,2,2,1,4,1,1,1,1,1,1,1,14,6,1,1,,2,2
7,44,4,11,2009,2,1,3,2,2,1,3,1,1,1,1,1,1,1,19,6,1,1,,2,2
7,44,4,8,2009,4,1,3,2,2,1,4,1,1,1,1,1,1,2,19,6,1,1,,2,2
5,44,4,11,2009,3,1,1,2,2,1,1,1,1,1,1,1,1,2,8,6,1,3,,2,2
2,50,4,11,2009,4,1,1,2,2,1,4,1,1,1,1,1,1,2,9,6,1,1,,2,2
11,50,4,11,2009,2,1,1,2,2,1,1,1,1,1,1,2,1,2,9,6,1,1,,2,2
8,50,4,11,2009,3,1,2,2,2,1,1,1,1,3,2,4,1,2,19,6,2,6,35,2,2
3,50,4,11,2009,2,1,1,2,2,1,1,1,1,1,1,4,1,2,4,6,1,1,35,2,2
1,48,4,11,2009,4,1,1,2,2,1,2,1,1,1,1,3,1,2,8,6,1,6,35,2,2
7,41,4,11,2009,1,1,1,2,2,1,3,1,1,1,1,1,1,2,19,6,1,1,,2,2
7,41,4,11,2009,3,2,3,2,2,1,1,1,1,1,1,1,2,2,5,6,1,1,,2,2
6,41,4,11,2009,2,1,1,2,2,1,2,1,1,1,1,1,1,2,19,6,1,1,,2,2
1,45,4,12,2009,1,1,1,2,2,1,1,1,1,1,1,5,1,1,13,6,1,1,,2,2
5,45,3,12,2009,3,1,1,2,2,1,1,1,1,1,1,4,1,2,7,6,1,1,,2,2
1,50,4,12,2009,3,1,1,2,2,1,1,1,1,1,1,1,1,2,4,6,1,1,,2,2
1,49,4,12,2009,3,1,1,2,2,1,1,1,1,1,1,2,1,1,9,7,1,1,,2,2
1,47,4,12,2009,2,1,1,,,1,1,1,1,1,1,1,1,2,9,6,1,1,,2,2
1,51,4,12,2009,3,1,1,2,2,1,1,1,1,1,1,4,1,2,19,6,2,6,23,2,2
13,51,4,12,2009,3,1,1,2,2,1,1,1,1,1,1,3,1,2,9,6,1,6,,2,2
13,51,3,10,2009,3,1,1,2,2,1,1,2,1,3,2,4,1,2,4,6,1,1,,2,2
8,51,4,12,2009,4,1,1,2,2,1,1,1,1,1,1,4,1,2,4,6,1,1,,2,2
6,41,4,12,2009,2,7,1,2,2,1,1,1,1,1,1,1,1,1,19,6,1,1,,2,2
4,36,4,11,2009,2,7,1,2,2,1,4,1,1,1,1,1,1,2,14,1,1,1,40,2,2
1,48,4,12,2009,3,3,1,2,2,1,1,1,1,1,1,1,1,2,7,6,1,1,22,2,2
6,48,4,12,2009,3,4,1,2,2,1,1,1,1,1,1,3,1,1,4,6,1,1,,2,2
5,44,4,12,2009,4,1,1,2,2,1,4,1,1,1,1,1,1,2,9,6,1,1,,2,2
5,43,4,12,2009,3,1,1,2,2,1,1,1,1,1,1,1,1,2,9,6,1,1,,2,2
1,39,4,12,2009,3,1,1,2,2,1,1,1,1,1,3,2,1,2,9,6,1,1,29,2,2
11,51,4,2,2009,3,1,2,2,2,1,1,1,1,1,1,3,1,2,6,6,1,3,35,2,2
16,42,4,1,2009,2,1,4,1,1,1,1,1,1,1,1,5,1,1,9,6,1,1,32,2,2
4,42,4,1,2009,4,1,1,1,1,1,3,1,1,1,1,5,1,1,9,6,1,1,30,2,2
11,42,3,1,2009,3,7,3,1,2,1,1,1,1,1,1,2,1,1,5,6,1,1,38,2,2
6,42,4,1,2009,2,7,1,2,2,1,1,1,1,1,1,2,1,1,14,6,1,1,44,2,2
10,42,3,1,2009,2,3,4,2,1,1,1,1,1,1,1,5,1,1,10,6,1,1,35,1,2
10,42,4,1,2009,2,7,8,1,1,1,1,1,1,1,1,5,1,1,14,6,1,1,32,1,2
10,42,4,1,2009,4,3,1,2,1,1,1,1,1,1,1,5,1,1,8,6,1,1,42,1,2
17,42,4,1,2009,3,1,1,1,1,1,1,1,1,1,1,5,1,1,,6,,,,,
17,42,4,2,2009,3,1,1,2,2,1,1,1,1,1,1,5,1,1,10,6,1,1,35,2,2
28,42,3,1,2009,4,1,1,1,1,1,3,1,1,1,1,1,1,1,5,6,1,7,40,2,2
28,42,3,2,2009,4,2,4,1,1,1,2,1,1,1,1,2,1,1,8,6,1,1,45,2,2
13,42,3,1,2009,3,1,1,2,2,1,1,1,1,1,1,5,1,1,6,6,1,1,23,2,2
13,42,3,1,2009,4,1,1,1,1,1,1,2,1,1,1,1,1,1,4,6,1,1,26,2,
13,42,2,1,2009,3,1,1,1,1,1,1,2,1,1,1,1,1,1,8,6,1,1,40,2,2
13,42,3,1,2009,2,1,1,1,1,1,1,1,1,1,1,1,1,1,9,6,1,1,42,2,2
13,42,3,1,2009,3,1,1,1,1,1,1,1,1,1,1,1,1,1,8,6,1,1,21,2,2
13,42,4,1,2009,3,1,1,1,1,1,1,1,1,1,1,1,1,1,,6,,,,,
13,42,4,2,2009,4,1,1,1,1,1,3,1,1,1,1,1,1,1,,6,,,,,
13,42,4,3,2009,4,1,1,1,1,1,4,1,1,1,1,1,1,1,1,1,1,1,26,2,2
9,42,4,1,2009,2,1,1,1,1,1,2,1,1,1,1,5,1,1,9,6,1,1,40,2,2
9,42,3,1,2009,2,1,1,2,2,1,3,1,1,1,1,5,1,1,7,6,1,1,25,2,2
9,42,4,1,2009,1,1,1,2,2,1,3,1,1,1,1,5,1,1,14,6,1,1,45,2,2
9,42,3,1,2009,3,1,1,1,1,1,1,1,1,1,1,5,1,1,10,6,1,1,35,2,2
9,42,3,1,2009,4,1,1,2,2,1,3,1,1,1,1,5,1,1,5,6,1,7,18,2,2
9,42,4,2,2009,2,2,4,1,2,1,1,1,1,1,1,5,1,1,14,6,1,1,45,1,2
9,42,4,1,2009,4,1,1,1,1,1,3,1,1,1,1,5,1,1,,6,,,,,
9,42,4,2,2009,2,2,4,1,1,1,1,1,1,1,1,5,1,1,9,6,1,1,35,2,2
6,42,4,3,2009,2,1,1,2,2,1,1,1,1,1,2,4,1,2,14,6,,7,26,2,2
6,42,4,3,2009,,1,1,2,2,1,1,1,1,1,1,2,1,1,19,6,1,7,30,2,2
24,42,3,4,2009,3,3,1,2,2,1,1,1,1,1,1,1,1,1,,6,,,,,
10,42,4,4,2009,1,1,1,1,1,1,3,1,1,1,1,5,1,1,,6,,,,,
10,42,4,4,2009,3,1,1,1,1,1,1,1,1,1,1,5,1,1,10,6,1,1,38,2,2
10,42,4,4,2009,4,3,1,2,2,1,4,1,1,1,2,5,1,1,19,6,,,,,
5,42,4,2,2009,3,1,4,1,1,1,1,1,1,1,1,5,1,1,8,6,1,1,40,2,2
5,42,3,2,2009,2,1,1,1,1,1,1,1,1,1,1,5,1,1,8,6,1,1,25,2,2
5,42,4,4,2009,2,2,6,1,1,1,1,1,1,1,1,5,1,1,9,6,1,1,38,2,2
5,42,4,4,2009,2,1,4,1,1,1,1,1,1,1,1,5,1,1,8,6,1,1,25,2,2
17,42,4,3,2009,1,1,1,1,1,1,3,1,1,1,1,5,1,1,,6,,,,,
17,42,3,3,2009,2,1,1,1,1,1,1,1,1,1,1,5,1,1,10,6,1,1,25,2,2
17,42,4,3,2009,2,1,1,1,1,1,1,1,1,1,1,5,1,1,9,6,1,1,42,2,2
17,42,3,4,2009,3,1,1,1,1,1,1,1,1,1,1,5,1,1,4,6,1,1,35,2,1
18,42,3,2,2009,3,1,4,1,1,1,1,1,1,1,1,5,1,1,9,6,1,1,42,2,2
18,42,4,2,2009,3,1,1,1,1,1,1,1,1,1,1,5,1,1,10,6,1,1,38,2,2
18,42,4,2,2009,1,1,1,1,1,1,3,1,1,1,1,1,1,1,,6,,,,,
32,42,4,1,2009,2,1,4,1,1,1,1,1,1,1,1,5,1,1,,6,,,,,
32,42,3,2,2009,3,1,1,2,2,1,1,1,1,1,1,5,1,1,9,6,1,1,38,2,2
32,42,3,2,2009,3,1,1,1,1,1,1,1,1,1,1,5,1,1,9,6,1,1,38,2,2
32,42,3,2,2009,4,1,4,1,1,1,3,1,1,1,1,5,1,1,11,6,1,1,32,2,2
22,42,4,1,2009,2,1,1,1,1,1,1,1,1,1,1,1,1,1,,6,,,,,
22,42,3,1,2009,2,1,4,1,1,1,1,1,1,1,1,1,1,1,8,6,1,1,45,2,2
22,42,4,3,2009,4,3,6,1,1,1,4,1,1,1,1,1,1,1,,6,,,,,
22,42,4,4,2009,4,3,8,1,1,1,3,1,1,1,1,1,1,1,,6,,,,,
22,42,4,4,2009,4,3,3,1,1,1,3,1,1,1,1,1,1,1,1,6,1,1,35,2,2
15,42,4,2,2009,3,1,1,,,1,1,1,1,1,1,2,1,1,,6,,,,,
15,42,4,3,2009,2,1,4,1,1,1,1,1,1,1,1,5,1,1,9,6,1,1,30,2,2
9,42,3,3,2009,4,3,4,1,1,1,3,1,1,1,1,1,5,1,12,6,1,1,35,2,2
9,42,2,3,2009,2,1,4,1,1,1,2,1,1,1,1,5,1,1,14,6,1,1,45,2,2
9,42,3,3,2009,4,1,1,1,1,1,3,1,1,1,1,5,1,1,6,6,1,1,40,2,2
9,42,3,3,2009,2,1,1,2,2,1,1,1,1,1,1,5,1,1,10,6,1,1,35,2,2
9,42,4,4,2009,2,1,1,1,1,1,1,1,1,1,1,5,1,1,8,6,1,1,42,2,2
9,42,4,4,2009,2,2,4,1,1,1,1,1,1,1,1,5,1,1,8,6,1,1,28,2,2
14,42,4,2,2009,3,1,1,1,1,1,1,1,1,1,1,1,1,1,9,6,1,1,38,2,2
14,42,4,3,2009,2,1,1,1,1,1,1,1,1,1,1,1,1,1,9,6,1,1,24,2,2
14,42,1,3,2009,4,3,4,1,1,1,1,1,1,1,1,1,1,1,14,6,1,1,26,2,2
14,42,4,3,2009,2,2,4,1,1,1,1,1,1,1,1,1,1,1,14,6,1,1,42,1,2
14,42,4,3,2009,4,1,1,1,1,1,3,1,1,1,1,1,1,1,9,6,1,1,38,1,2
14,42,4,4,2009,1,1,1,1,1,1,3,1,1,1,1,1,1,1,,6,,,,,
14,42,4,4,2009,2,2,4,1,1,1,1,1,1,1,1,1,1,1,9,6,1,1,25,2,2
14,42,4,4,2009,1,1,1,1,1,1,3,1,1,1,1,1,1,1,9,6,1,1,45,1,2
33,42,3,1,2009,2,1,1,1,1,1,1,1,1,1,1,1,1,1,9,6,1,1,42,2,2
33,42,4,1,2009,2,1,1,1,1,1,1,1,1,1,1,1,1,1,14,6,1,1,48,1,2
33,42,4,2,2009,3,3,1,1,1,1,1,1,1,1,1,1,1,1,10,6,1,1,34,2,2
33,42,4,2,2009,4,1,1,1,1,1,3,1,1,1,1,5,1,1,9,6,1,1,40,2,2
33,42,4,2,2009,4,1,1,1,1,1,2,1,1,1,1,1,1,1,9,6,1,1,38,2,2
33,42,4,2,2009,1,1,1,1,1,1,3,1,1,1,1,1,1,1,14,6,1,1,48,1,2
33,42,4,4,2009,1,1,4,1,1,1,3,1,1,1,1,1,1,1,,6,,,,,
33,42,4,4,2009,4,1,1,1,1,1,3,1,1,1,1,5,1,1,9,6,1,1,42,2,2
1,42,3,3,2009,3,3,4,1,1,1,1,1,1,1,1,5,1,1,7,6,1,1,36,2,2
1,42,4,4,2009,3,3,1,1,1,1,1,1,1,1,1,1,1,1,10,6,1,1,28,2,2
1,42,4,4,2009,2,3,4,1,1,1,2,1,1,1,1,5,1,1,9,6,1,1,38,2,2
1,42,3,5,2009,4,3,4,1,1,1,3,1,1,1,1,5,1,1,10,6,1,1,55,2,2
2,42,4,1,2009,4,1,5,1,1,4,3,1,1,1,1,5,1,1,9,6,1,1,38,1,2
2,42,1,5,2009,4,5,4,1,1,1,3,2,1,1,1,5,1,1,14,6,1,1,42,2,2
34,42,4,1,2009,4,1,4,1,1,1,3,1,1,1,1,1,1,1,9,6,,,,,
34,42,4,1,2009,1,1,4,1,1,1,2,1,1,1,1,1,1,1,14,6,,,,,
34,42,4,1,2009,1,1,1,1,1,1,3,1,1,1,1,1,1,1,,6,,,,,
34,42,4,2,2009,2,1,1,1,1,1,1,1,1,1,1,1,1,1,9,6,1,1,40,2,2
34,42,4,2,2009,2,1,4,1,1,1,1,1,1,1,1,1,1,1,,6,,,,,
34,42,4,2,2009,3,1,1,1,1,1,1,1,1,1,1,5,1,1,,6,,,,,
34,42,4,5,2009,4,1,4,1,1,1,2,1,1,1,1,1,1,1,,6,,,,,
29,42,4,2,2009,2,2,4,1,1,1,1,1,1,1,1,5,1,1,8,6,1,1,39,2,2
11,42,4,3,2009,2,1,1,1,1,1,1,1,1,1,1,5,1,1,9,6,1,1,35,2,2
7,42,1,2,2009,4,1,1,2,2,1,3,1,1,1,1,2,1,1,19,6,1,1,25,2,2
7,42,1,3,2009,2,2,4,2,2,1,1,1,1,1,1,2,1,1,9,6,1,1,25,2,2
7,42,3,5,2009,2,1,1,2,2,1,1,1,1,1,3,2,1,1,9,6,1,1,24,2,2
28,42,4,4,2009,1,2,4,1,1,1,3,1,1,1,1,5,1,1,14,6,1,1,26,2,2
17,42,4,5,2009,1,1,1,1,1,1,2,1,1,1,1,5,1,1,,6,,,,,
17,42,4,5,2009,3,1,1,1,1,1,3,1,1,1,1,5,1,1,,6,,,,,
17,42,3,5,2009,4,1,1,1,1,1,1,1,1,1,1,5,1,1,7,9,1,1,35,2,2
21,42,4,5,2009,1,3,1,2,2,2,2,1,2,1,1,1,1,1,,6,,,,,
14,42,4,5,2009,1,1,1,1,1,1,4,1,1,1,1,1,1,1,,6,,,,,
24,42,4,5,2009,3,1,1,2,2,1,1,1,1,1,1,5,1,1,9,6,2,1,42,2,2
24,42,4,5,2009,4,3,1,2,2,1,4,2,1,1,1,1,1,1,5,6,1,1,35,2,2
25,42,4,5,2009,3,1,1,2,2,1,1,1,1,1,1,5,1,1,12,6,1,1,38,2,2
9,42,3,5,2009,3,1,1,1,1,1,1,1,1,1,1,5,1,1,10,6,1,1,32,2,2
9,42,4,5,2009,3,1,4,1,1,1,1,1,1,1,1,5,1,1,9,6,1,1,42,2,2
10,42,4,5,2009,3,1,1,1,1,1,1,1,1,1,1,5,1,1,,6,,,,,
15,42,4,5,2009,2,1,1,2,2,1,1,4,1,1,1,5,1,1,6,6,1,1,20,2,2
8,42,3,2,2009,3,1,1,2,2,1,1,1,1,1,1,5,1,1,10,6,1,1,33,2,2
8,42,4,3,2009,3,3,4,1,1,1,1,1,1,1,1,5,1,1,9,6,1,1,30,2,1
8,42,3,4,2009,3,1,1,1,1,1,1,1,1,1,1,5,1,1,5,6,1,1,35,2,2
8,42,4,4,2009,3,1,1,1,1,1,1,1,1,1,1,5,1,1,10,6,1,1,19,2,2
18,42,3,2,2009,4,1,4,1,1,1,3,1,1,1,1,5,1,1,19,6,1,1,32,2,2
18,42,3,3,2009,2,1,1,1,1,1,2,1,1,1,1,5,1,1,9,6,1,1,35,2,2
18,42,1,4,2009,4,3,1,2,1,1,3,1,1,1,1,1,1,1,9,6,1,1,38,2,2
32,42,4,3,2009,3,1,4,1,1,1,1,1,1,1,1,5,1,1,7,6,1,1,25,2,2
32,42,4,3,2009,3,2,4,1,1,1,1,1,1,1,1,5,1,1,9,6,1,1,42,2,2
32,42,4,4,2009,2,7,4,1,1,1,1,1,1,1,1,5,1,1,4,6,1,1,25,2,1
32,42,4,4,2009,1,1,1,2,2,1,2,1,1,1,1,5,1,1,9,6,1,1,42,2,2
32,42,3,4,2009,2,1,1,1,1,1,1,1,1,1,1,5,1,1,7,6,1,1,28,2,2
32,42,4,4,2009,3,1,4,1,1,1,1,1,1,1,1,5,1,1,9,6,1,1,35,2,2
24,42,4,6,2009,2,1,1,2,2,1,1,1,1,1,1,1,1,1,9,6,1,1,40,2,2
22,42,4,6,2009,2,1,5,1,1,1,2,1,1,1,1,1,1,1,10,6,1,1,28,2,2
13,42,4,6,2009,2,1,1,2,2,2,1,2,2,1,1,5,1,1,9,6,1,4,20,2,2
16,42,4,2,2009,2,1,4,2,2,1,2,1,1,1,1,5,1,1,9,6,1,1,50,2,2
6,42,3,5,2009,3,3,4,2,2,1,1,1,1,1,1,5,1,1,12,6,1,1,25,2,2
27,42,4,6,2009,3,7,5,2,1,1,1,1,1,1,1,5,1,1,9,6,1,1,22,2,2
17,42,4,6,2009,4,1,1,2,2,2,3,1,1,1,1,5,1,1,,6,,,,,
17,42,3,6,2009,2,1,1,1,1,1,1,1,1,1,1,5,1,1,10,6,1,1,37,2,2
34,42,4,6,2009,4,1,1,1,1,1,3,1,1,1,1,1,1,1,,6,,,,,
34,42,4,6,2009,3,1,1,1,1,1,1,1,1,1,1,1,1,1,,6,,,,,
2,42,4,6,2009,1,2,4,1,1,1,2,1,1,1,1,5,1,1,9,6,1,1,35,2,2
2,42,4,6,2009,2,1,1,1,1,1,1,1,1,1,1,5,1,1,9,6,1,1,40,2,2
14,42,4,6,2009,4,1,1,1,1,1,2,1,1,1,1,1,1,1,9,3,1,1,40,2,2
14,42,4,6,2009,2,1,1,1,1,1,2,1,1,1,1,1,1,1,14,6,1,1,45,2,2
11,42,4,6,2009,1,1,1,1,1,1,3,1,1,1,1,2,1,1,,6,,,,,
11,42,2,6,2009,4,1,1,1,1,1,3,1,1,1,1,1,1,1,8,6,1,1,42,2,2
11,42,3,6,2009,2,3,4,1,1,1,1,2,1,1,1,2,1,1,8,6,1,1,34,2,2
11,42,4,6,2009,4,1,1,1,1,1,3,1,1,1,1,2,1,1,8,6,1,1,32,2,2
9,42,4,6,2009,1,2,1,1,1,1,2,1,1,1,1,5,1,1,,6,,,,,
9,42,1,6,2009,1,5,4,1,1,1,2,1,1,1,1,5,1,1,14,6,1,1,40,2,2
3,42,3,4,2009,2,1,2,1,1,1,2,1,1,1,1,2,1,1,10,6,1,1,32,2,2
3,42,2,5,2009,1,1,1,1,1,1,4,1,1,1,1,1,1,1,13,6,1,1,35,2,2
12,42,4,3,2009,1,1,1,1,1,1,3,1,1,1,1,1,1,1,,6,,,,,
12,42,4,3,2009,2,1,1,1,1,1,2,1,1,1,1,5,1,1,,6,,,,,
12,42,4,3,2009,2,1,1,1,1,1,2,1,1,1,1,5,1,1,,6,,,,,
12,42,4,3,2009,2,1,1,1,1,1,2,1,1,1,1,5,1,1,14,6,1,1,38,1,2
12,42,4,3,2009,1,1,8,1,1,1,3,1,1,1,1,5,1,1,,6,,,,,
12,42,4,4,2009,4,1,8,1,1,2,1,1,1,1,1,5,1,1,14,6,1,1,40,2,2
12,42,4,4,2009,1,1,1,1,1,1,2,1,1,1,1,5,1,1,14,6,1,1,40,1,2
12,42,4,6,2009,2,1,1,1,1,1,1,1,1,1,1,5,1,1,9,6,1,1,40,2,2
12,42,3,6,2009,3,1,8,2,2,1,1,1,1,1,1,5,1,1,7,6,1,1,30,2,2
33,42,4,5,2009,3,1,1,2,2,1,1,1,1,1,1,1,1,1,,6,,,,,
33,42,4,6,2009,3,7,4,1,1,1,3,1,1,1,1,5,1,1,9,6,1,1,40,2,2
34,42,4,3,2009,2,1,1,2,2,1,1,1,1,1,1,5,1,1,,6,,,,,
34,42,4,3,2009,1,1,1,1,1,1,3,1,1,1,1,1,1,1,,6,,,,,
34,42,4,4,2009,1,1,1,1,1,1,1,1,1,1,1,5,1,1,,6,,,,,
34,42,3,4,2009,2,1,4,1,1,1,1,1,1,1,1,1,1,1,,6,,,,,
34,42,4,4,2009,1,1,4,1,1,1,1,1,1,1,1,1,1,1,,6,,,,,
34,42,4,4,2009,1,1,4,1,1,1,3,1,1,1,1,1,1,1,,6,,,,,
33,42,4,7,2009,4,2,8,1,1,1,3,1,1,1,1,1,1,1,8,6,1,1,38,2,2
24,42,4,7,2009,2,1,1,2,2,1,1,1,1,1,1,1,1,1,12,6,1,6,25,2,2
17,42,4,7,2009,4,2,4,1,1,1,3,1,1,1,1,5,1,1,,6,,,,,
14,42,1,7,2009,2,2,5,1,1,1,1,1,1,1,1,1,1,1,9,6,1,1,43,2,2
16,42,4,7,2009,2,1,1,1,1,1,2,2,1,2,1,1,5,1,14,6,1,1,37,2,2
16,42,3,6,2009,2,1,1,1,1,1,1,1,1,1,1,5,1,1,9,6,1,1,35,2,2
22,42,4,7,2009,4,1,5,1,1,1,3,1,1,1,1,1,1,1,7,6,1,1,38,2,2
22,42,4,7,2009,1,2,4,1,1,1,3,1,1,1,1,1,1,1,,6,,,,,
22,42,4,7,2009,4,1,1,1,1,1,3,1,1,1,1,1,1,1,,6,,,,,
3,42,4,7,2009,1,3,8,1,1,1,4,1,1,1,1,1,1,1,14,6,1,1,40,2,2
3,42,4,7,2009,2,3,4,1,1,1,1,1,1,1,1,1,1,1,9,6,1,1,28,2,2
34,42,3,7,2009,3,1,1,1,1,1,1,1,1,1,1,1,1,1,9,6,1,1,33,2,2
34,42,3,7,2009,4,1,1,1,1,1,3,1,1,1,1,5,1,1,,6,,,,,
34,42,4,7,2009,2,1,8,1,1,1,1,1,1,1,1,5,1,1,13,6,1,1,40,2,2
5,42,4,6,2009,3,3,3,1,1,1,1,1,1,1,1,5,1,1,9,6,2,7,38,2,2
5,42,4,7,2009,1,1,4,1,1,1,2,1,1,1,1,2,1,1,,6,,,,,
5,42,4,7,2009,3,1,1,1,1,1,1,1,1,1,1,5,1,1,9,6,1,1,38,2,2
5,42,4,7,2009,3,1,8,1,1,1,1,1,1,1,1,5,1,1,8,6,1,1,20,2,2
9,42,4,7,2009,2,1,1,2,2,1,1,1,1,1,1,5,1,1,14,6,,,,,
9,42,4,7,2009,3,1,1,1,2,2,1,1,1,1,1,5,1,1,,6,,,,,
19,42,4,7,2009,3,1,1,2,2,1,1,1,1,1,1,5,1,1,9,6,1,1,37,2,2
10,42,4,6,2009,3,1,1,2,2,1,1,1,1,1,1,5,1,1,,6,,,,,
10,42,4,7,2009,1,1,1,2,2,1,2,1,1,1,1,5,1,1,9,6,,,,,
32,42,4,7,2009,2,7,4,1,1,1,1,1,1,1,1,5,1,1,,6,,,,,
32,42,4,7,2009,3,7,4,1,1,1,1,1,1,1,1,5,1,1,10,6,1,1,28,2,2
18,42,4,6,2009,1,1,1,1,1,1,3,1,1,1,1,1,1,1,,6,,,,,
18,42,4,6,2009,2,1,1,1,1,1,1,1,1,1,1,1,1,1,9,6,,,,,
21,42,4,8,2009,2,1,1,1,1,1,2,1,1,1,2,2,1,1,9,6,1,1,35,2,2
28,42,3,8,2009,3,3,4,1,1,1,1,1,1,1,1,5,1,1,9,6,1,1,33,2,2
15,42,4,8,2009,2,1,8,2,2,1,1,1,1,1,1,2,1,1,9,6,1,1,40,2,2
5,42,3,8,2009,3,2,1,2,2,1,1,1,1,1,1,5,1,1,9,6,1,1,28,2,2
17,42,4,8,2009,4,1,1,1,1,1,2,1,1,1,1,5,1,1,8,6,1,1,32,2,2
33,42,4,8,2009,2,1,8,1,1,1,3,1,1,1,1,5,1,1,,6,,,,,
7,42,4,8,2009,4,1,1,1,1,1,3,1,1,1,1,5,1,1,9,6,1,1,35,2,2
25,42,4,7,2009,3,1,1,2,1,1,1,1,1,1,1,1,1,1,14,6,1,1,25,1,2
25,42,4,7,2009,1,3,4,1,1,1,3,2,1,1,1,5,1,1,14,6,1,1,35,1,2
14,42,4,8,2009,2,5,5,1,1,1,1,1,1,1,1,1,1,1,9,6,1,1,35,1,2
14,42,4,8,2009,1,1,2,1,1,1,1,1,1,1,1,1,1,1,,6,,,,,
9,42,4,8,2009,2,1,1,1,1,1,2,1,1,1,1,5,1,1,,6,,,,,
9,42,3,8,2009,3,1,1,1,1,1,1,1,1,1,1,5,1,1,5,6,1,1,25,2,2
1,42,4,5,2009,4,3,4,1,1,1,1,1,1,1,1,5,1,1,8,6,1,7,42,2,2
12,42,4,8,2009,2,1,4,1,1,1,1,1,1,1,1,5,1,1,9,6,1,1,30,2,2
12,42,1,8,2009,2,3,4,1,1,1,1,1,1,1,1,5,1,1,9,6,1,1,37,2,2
22,42,4,8,2009,4,1,1,1,1,1,3,1,1,1,1,1,1,1,12,6,1,1,29,2,2
22,42,4,8,2009,1,1,1,1,1,1,3,1,1,1,1,1,1,1,14,6,1,1,36,2,2
22,42,4,8,2009,4,1,1,1,1,1,3,1,1,1,1,1,1,1,10,6,1,1,30,2,2
4,42,3,3,2009,2,1,4,1,1,1,1,1,1,1,1,5,1,1,7,6,1,1,30,2,2
4,42,4,6,2009,3,3,1,2,2,1,1,1,1,1,1,5,1,1,5,6,1,1,32,2,2
10,42,1,8,2009,4,3,6,1,1,1,3,1,1,1,1,3,1,1,13,6,1,1,32,2,2
37,42,4,8,2009,1,1,1,2,1,1,3,1,1,1,1,5,1,1,,6,,,,,
23,42,4,1,2009,4,1,1,1,1,1,1,1,1,1,1,1,1,1,,6,,,,,
23,42,3,2,2009,3,1,1,1,1,1,1,1,1,1,1,1,1,1,14,6,1,1,32,2,2
23,42,4,4,2009,2,3,4,1,1,1,2,3,1,1,1,1,5,1,19,6,1,1,28,2,2
23,42,4,4,2009,4,1,1,1,1,1,2,1,1,1,1,1,1,1,19,6,1,6,42,2,2
23,42,4,4,2009,1,3,4,1,1,1,3,1,1,1,1,1,1,1,,6,,,,,
23,42,4,4,2009,4,1,1,1,1,1,3,1,1,1,1,1,1,1,19,6,1,1,38,2,2
23,42,4,4,2009,4,1,1,1,1,1,2,1,1,1,1,1,1,1,,6,,,,,
23,42,4,5,2009,2,1,1,1,1,1,1,1,1,1,1,1,1,1,,6,,,,,
23,42,4,6,2009,3,1,1,1,1,1,1,1,1,1,1,1,1,1,9,6,1,7,38,2,2
23,42,4,8,2009,2,3,5,1,1,1,1,1,1,1,1,1,1,1,9,6,1,7,35,2,2
23,42,4,8,2009,3,1,5,1,1,1,1,1,1,1,1,1,1,1,9,6,1,2,40,1,2
24,42,4,8,2009,3,1,1,2,2,1,1,1,1,1,1,1,1,1,9,6,1,1,40,2,2
11,42,4,9,2009,2,1,4,1,1,1,1,1,1,1,1,5,1,1,9,6,1,1,50,2,2
28,42,4,9,2009,4,2,3,1,1,1,3,1,1,1,1,3,1,1,9,6,,,,,
18,42,3,8,2009,4,1,1,1,1,1,2,1,1,1,1,1,1,1,8,9,1,1,30,2,2
18,42,4,9,2009,3,3,1,2,2,1,1,1,1,1,1,5,1,1,6,1,1,1,32,1,2
9,42,4,9,2009,1,1,4,1,1,3,1,1,1,1,1,5,1,1,,6,,,,,
12,42,4,9,2009,4,3,6,1,1,1,3,1,1,1,1,5,1,1,9,6,1,1,38,2,2
22,42,4,9,2009,3,1,5,1,1,1,1,1,1,1,1,1,1,1,9,6,1,1,38,2,2
22,42,1,9,2009,3,1,1,1,1,1,1,1,1,1,1,1,1,1,9,6,1,1,42,2,2