Thana,District,Accident_Severity,Month,Year,Time,Junction_Type,Traffic_Control,Movement,Divider,Weather,Light,Road_Geometry,Surface_Condition,Surface_Type,Surface_Quality,Road_Class,Road_Feature,Location_Type,Vehicle_Type,Vehicle_Movement,Vehicle_Loading,Vehicle_Defect,Vehicle_Driver_Age,Vehicle_Alcohol,Vehicle_Seat_Belt
34,42,4,8,2009,3,1,1,1,1,1,1,1,1,1,1,5,1,1,16,6,1,1,45,2,2
34,42,4,9,2009,4,1,1,1,1,1,4,1,1,1,1,1,1,1,,6,,,,,
34,42,4,9,2009,1,1,1,1,1,1,3,1,5,1,1,2,1,1,,6,,,,,
34,42,4,9,2009,2,1,1,1,1,1,1,1,1,1,1,1,1,1,8,6,1,1,25,2,2
29,42,4,6,2009,3,2,4,1,1,1,1,1,1,1,1,5,1,1,9,6,1,1,35,2,2
29,42,3,6,2009,3,1,4,1,1,1,1,1,1,1,1,5,1,1,8,6,1,1,32,2,2
29,42,4,6,2009,2,1,1,2,2,1,1,1,1,1,1,5,1,1,9,6,1,1,35,2,2
29,42,4,7,2009,2,2,4,1,1,1,1,1,1,1,1,5,1,1,9,6,1,1,40,2,2
29,42,1,7,2009,2,2,4,1,1,1,1,1,1,1,1,5,1,1,9,6,1,1,30,2,2
29,42,4,7,2009,3,3,4,1,1,1,1,1,1,1,1,5,1,1,9,6,1,1,40,2,2
29,42,4,8,2009,3,2,4,1,1,1,1,1,1,1,1,5,1,1,9,6,1,1,37,2,2
29,42,3,8,2009,2,2,4,1,1,1,1,1,1,1,1,5,1,1,9,6,1,1,32,2,2
35,42,3,9,2009,3,3,1,2,2,1,1,1,1,1,1,1,1,1,9,6,1,1,35,2,2
35,42,4,7,2009,3,1,1,2,2,1,4,1,1,1,1,1,1,1,,6,,,,,
35,42,4,9,2009,2,1,1,2,2,1,4,1,1,1,1,1,1,1,14,6,,,,,
17,42,4,9,2009,2,3,4,1,1,1,3,1,1,1,1,5,1,1,,6,,,,,
17,42,4,9,2009,3,1,4,1,1,1,1,1,1,1,1,5,1,1,,6,,,,,
19,42,4,8,2009,2,1,1,2,2,1,1,1,1,1,1,5,1,1,,6,,,,,
19,42,3,8,2009,4,1,1,2,2,1,4,1,1,1,1,5,1,1,14,6,1,1,35,2,2
37,42,4,9,2009,1,1,1,2,2,1,4,1,1,1,1,5,1,1,10,6,1,1,32,2,2
2,42,3,11,2009,3,2,3,1,1,1,1,2,1,1,1,3,1,1,7,6,1,1,30,1,2
2,42,4,11,2009,4,3,4,1,1,1,3,1,1,1,1,5,1,1,9,6,1,1,38,2,2
3,42,4,10,2009,4,3,4,1,1,1,2,1,1,1,1,5,1,1,9,6,1,1,45,2,2
3,42,3,11,2009,1,1,4,1,1,1,2,1,1,1,1,1,1,1,14,6,1,1,42,2,2
8,42,3,5,2009,3,1,1,1,1,1,1,1,1,1,1,5,1,1,4,6,1,1,28,2,1
8,42,4,7,2009,2,1,3,1,1,1,1,1,1,1,1,5,1,1,12,6,1,1,35,2,2
8,42,3,8,2009,3,1,1,1,1,1,1,1,1,1,1,5,1,1,10,6,1,1,21,2,2
8,42,4,9,2009,3,1,1,2,2,1,1,1,1,1,1,5,1,1,10,6,1,1,48,2,2
8,42,4,9,2009,2,1,1,1,1,1,2,1,1,1,1,5,1,1,9,6,1,1,38,2,2
8,42,4,11,2009,2,1,8,2,2,1,1,1,1,1,1,5,1,1,10,6,1,1,30,2,2
9,42,4,10,2009,2,1,4,1,1,2,1,1,1,1,1,5,1,1,,6,,,,,
9,42,4,10,2009,1,1,4,1,1,1,2,1,1,1,1,1,5,1,,6,,,,,
9,42,2,10,2009,1,1,4,1,1,1,3,1,1,1,1,5,1,1,14,6,1,1,41,1,2
11,42,3,10,2009,2,2,4,1,1,1,1,1,1,1,1,5,1,1,7,6,1,1,27,2,2
11,42,4,11,2009,1,1,1,1,1,1,1,1,1,1,1,5,1,1,14,6,1,1,40,2,2
11,42,4,11,2009,1,1,1,1,1,1,4,1,1,1,1,5,1,1,14,6,,,,,
13,42,4,11,2009,1,1,1,1,1,1,3,1,1,1,1,1,1,1,,6,,,,,
13,42,4,11,2009,2,1,1,1,1,1,3,1,1,1,1,1,1,1,,6,,,,,
13,42,4,11,2009,4,1,1,1,1,1,3,1,1,1,1,1,1,1,9,6,,,,,
16,42,4,10,2009,2,1,1,1,1,1,1,1,1,1,1,5,1,1,9,6,1,1,35,2,2
16,42,4,11,2009,1,1,1,1,1,1,3,1,1,1,1,1,1,1,14,6,1,1,28,2,2
17,42,4,9,2009,4,1,1,1,1,1,3,1,1,1,1,5,1,1,7,6,1,1,32,1,2
17,42,3,10,2009,4,7,4,1,1,1,2,1,1,1,1,5,1,1,10,6,1,1,30,1,2
17,42,4,11,2009,4,1,1,1,1,1,3,1,1,1,1,5,1,1,9,6,1,1,35,2,2
17,42,4,11,2009,4,1,1,2,2,1,3,1,1,1,1,5,1,1,,6,,,,,
20,42,4,10,2009,,1,1,2,2,1,1,1,1,1,1,5,1,1,3,6,1,1,45,2,2
23,42,4,11,2009,3,1,1,1,1,1,1,1,1,1,1,1,1,1,7,6,1,1,35,2,2
24,42,4,10,2009,2,1,1,2,2,1,1,2,1,1,1,1,1,1,8,6,,,,,
24,42,4,10,2009,2,1,1,2,2,1,1,1,1,1,1,1,1,1,9,6,1,1,35,2,2
24,42,4,11,2009,4,1,4,2,1,1,2,1,1,1,1,1,1,1,19,6,1,1,35,2,2
24,42,4,11,2009,2,2,4,2,2,1,1,1,1,1,1,1,1,1,7,6,1,1,37,2,2
26,42,4,10,2009,4,1,1,1,1,1,3,1,1,1,1,5,1,1,9,6,1,1,38,2,2
35,42,4,10,2009,2,1,4,2,2,1,1,1,1,1,1,1,1,1,9,6,1,1,32,2,2
37,42,3,9,2009,2,1,1,2,1,1,1,1,1,1,1,5,1,1,10,6,1,1,35,2,2
28,42,3,10,2009,3,1,1,1,1,1,1,1,1,1,1,5,1,1,8,6,1,1,28,2,2
28,42,3,11,2009,3,1,1,2,2,1,1,2,1,1,1,5,1,1,7,6,1,1,23,2,2
29,42,3,10,2009,1,1,1,2,2,1,3,1,1,1,1,5,1,1,14,6,1,1,45,1,2
29,42,4,8,2009,2,1,1,1,1,1,1,1,1,1,1,5,1,1,7,6,1,1,40,2,2
29,42,4,10,2009,2,1,4,1,1,1,1,1,1,1,1,5,1,1,9,6,1,1,25,2,2
32,42,3,9,2009,2,3,4,1,1,1,1,1,1,1,1,5,1,1,9,6,1,1,38,2,2
32,42,4,10,2009,2,3,4,1,1,1,1,1,1,1,1,5,1,1,4,6,1,1,35,2,1
32,42,4,10,2009,3,1,1,1,1,1,1,1,1,1,1,5,1,1,9,6,1,1,35,2,2
34,42,4,10,2009,2,1,1,1,1,1,1,1,1,1,1,1,1,1,,6,,,,,
34,42,4,10,2009,1,1,1,1,1,1,3,1,1,1,1,1,1,1,6,,,,,,
34,42,4,10,2009,2,1,1,1,1,1,3,1,1,1,1,1,1,1,,6,,,,,
34,42,3,11,2009,4,1,1,1,1,1,2,1,1,1,1,1,1,1,11,6,1,1,45,2,2
34,42,4,11,2009,2,1,1,1,1,1,4,1,1,1,1,3,1,1,,6,,,,,
33,42,4,9,2009,4,1,1,1,1,1,3,1,1,1,1,1,1,1,14,6,1,1,42,2,2
33,42,4,9,2009,4,1,1,2,2,1,1,1,1,1,1,5,1,1,6,6,1,1,30,2,2
33,42,4,9,2009,4,1,8,1,1,1,3,2,1,1,1,5,1,1,,6,,,,,
33,42,4,9,2009,3,1,1,1,1,1,1,1,1,1,1,1,1,1,9,6,1,1,38,2,2
33,42,4,9,2009,1,3,4,1,1,1,2,5,1,1,1,5,1,1,9,6,1,1,35,2,2
33,42,1,9,2009,1,1,8,1,1,1,3,1,1,1,1,5,1,1,9,6,1,1,30,2,2
33,42,3,10,2009,4,1,4,2,2,1,3,1,1,1,1,5,1,1,9,6,1,1,32,2,2
33,42,4,10,2009,4,1,4,1,1,1,2,1,1,1,1,1,1,1,7,6,1,1,30,2,2
33,42,4,11,2009,2,3,4,1,1,1,1,1,1,1,1,5,1,1,9,6,1,1,50,2,2
33,42,4,11,2009,2,1,1,1,1,1,1,1,1,1,1,1,1,1,9,6,1,1,40,2,2
33,42,4,11,2009,2,1,4,1,1,1,1,1,1,1,1,1,1,1,9,6,1,1,32,2,2
32,42,4,12,2009,1,1,8,,,1,2,3,5,3,3,5,1,1,14,6,1,1,40,2,2
17,42,4,12,2009,2,1,4,1,1,4,1,1,1,1,1,5,1,1,8,6,1,1,34,2,2
25,42,4,11,2009,3,2,1,1,1,1,1,1,3,1,2,5,5,1,8,6,1,1,32,2,2
4,42,4,10,2009,3,1,1,1,1,1,1,1,1,1,1,5,1,1,4,6,1,1,21,2,1
4,42,4,11,2009,1,1,1,2,2,1,3,1,1,1,1,5,1,1,,6,,,,,
23,42,4,12,2009,3,1,1,1,1,1,1,1,1,1,1,1,1,1,,6,,,,,
15,42,4,12,2009,4,1,1,2,2,1,1,1,1,1,1,5,1,1,7,6,1,1,32,2,2
15,42,4,12,2009,2,1,1,2,2,1,1,1,1,1,1,5,1,1,9,6,1,1,40,2,2
9,42,4,11,2009,4,1,1,1,1,1,3,1,1,1,1,5,1,1,4,6,1,1,30,2,1
9,42,4,12,2009,4,1,4,1,1,1,3,1,1,1,1,5,1,1,9,6,1,1,35,2,2
9,42,4,12,2009,2,2,4,1,1,1,1,1,1,1,1,5,1,1,14,6,,,,,
9,42,4,6,2009,2,1,4,1,1,1,1,1,1,1,1,5,1,1,8,6,,,,,
12,42,4,12,2009,4,2,4,1,1,1,3,1,1,1,1,5,1,1,,6,,,,,
12,42,4,12,2009,2,1,1,1,1,1,1,1,1,1,1,5,1,1,9,6,1,1,35,2,2
34,42,4,12,2009,1,1,1,1,1,1,3,1,1,1,1,5,1,1,14,6,,,,,
35,42,4,11,2009,3,1,1,2,2,1,4,1,1,1,1,5,1,1,,6,,,,,
2,42,3,12,2009,3,1,6,1,1,1,1,1,1,1,1,5,1,1,9,6,1,1,40,2,2
1,42,4,8,2009,3,2,4,1,1,1,1,1,1,1,1,5,1,1,,6,,,,,
1,42,3,8,2009,4,3,5,1,1,1,4,1,1,1,1,3,1,1,9,6,1,1,35,2,2
1,42,4,9,2009,4,3,1,1,1,1,3,1,1,1,1,5,1,1,8,6,1,1,38,1,2
1,42,3,11,2009,3,1,1,1,1,1,1,1,1,1,1,5,1,1,9,6,1,1,40,2,2
1,42,4,12,2009,3,1,1,1,1,1,1,1,1,1,1,5,1,1,8,6,1,1,28,2,2
37,42,4,12,2009,4,1,6,1,1,1,3,1,1,1,1,5,1,1,9,6,1,1,35,1,2
7,42,3,11,2009,3,1,1,1,1,1,1,1,1,1,1,5,1,1,9,6,1,1,32,2,2
7,42,4,12,2009,2,1,1,2,2,1,2,1,1,1,1,5,1,1,12,6,1,1,35,2,2
33,42,4,12,2009,2,1,4,1,1,1,1,1,1,1,1,5,1,1,,6,,,,,
10,42,4,11,2009,1,1,1,2,2,1,2,1,1,1,1,5,1,1,14,6,,,,,
28,42,4,12,2009,4,1,4,1,1,1,3,1,1,1,1,5,1,1,1,6,1,1,32,1,2
28,42,4,12,2009,2,5,4,1,1,1,1,1,1,1,1,5,1,1,9,6,1,1,38,2,2
28,42,4,12,2009,3,1,4,1,1,1,1,1,1,1,1,5,1,1,9,6,1,1,37,2,2
22,42,4,12,2009,4,1,1,1,1,1,4,1,1,1,1,1,1,1,9,6,1,1,48,2,2
22,42,4,12,2009,1,3,4,1,1,1,4,1,1,1,1,1,1,1,10,6,1,1,32,2,2
14,42,4,9,2009,3,1,1,1,1,1,1,1,1,1,1,1,1,1,4,6,1,1,26,2,1
14,42,4,9,2009,4,1,4,1,1,1,3,1,1,1,1,1,1,1,10,6,,,,,
14,42,4,12,2009,1,1,1,2,1,3,1,1,1,1,1,1,1,1,9,6,1,7,,1,2
9,42,4,11,2009,3,1,1,2,1,1,1,1,1,1,1,5,1,1,19,6,1,7,,2,2
9,42,4,12,2009,3,1,1,2,1,1,1,1,1,1,1,5,1,1,19,6,1,7,,2,2
8,42,1,12,2009,3,2,4,1,1,1,1,1,1,1,1,5,1,1,10,6,1,1,30,2,2
8,42,3,12,2009,3,2,1,1,1,1,1,1,1,1,1,5,1,1,9,6,1,1,45,1,2
22,42,4,11,2009,2,1,6,2,1,1,2,1,1,1,1,1,1,1,,,,,,,
1,24,4,3,2009,2,3,1,2,2,1,1,1,1,1,1,1,1,1,7,6,1,1,35,1,2
1,24,4,3,2009,2,1,1,2,2,1,1,1,1,1,1,1,1,2,4,6,1,7,60,2,1
1,24,4,3,2009,2,1,1,2,2,1,1,1,1,1,1,1,1,1,9,6,1,1,35,1,2
1,24,4,3,2009,2,1,1,2,1,1,1,1,1,1,1,1,1,2,4,6,1,1,29,1,2
1,24,4,4,2009,3,1,1,2,2,1,1,1,1,1,1,1,1,2,9,6,1,1,,1,2
1,24,4,10,2009,2,1,1,2,2,1,1,1,1,1,1,2,1,2,14,6,1,1,,1,2
2,24,4,1,2009,2,1,1,2,2,4,2,1,1,1,1,1,1,2,9,6,1,1,,1,2
2,24,4,4,2009,1,1,1,2,2,2,4,1,1,1,1,1,1,2,9,6,1,1,,1,2
2,24,4,4,2009,2,1,1,2,2,1,1,1,1,1,1,2,1,2,14,6,1,1,,1,2
2,24,3,5,2009,3,1,1,2,2,1,1,1,1,1,1,1,1,2,19,6,1,1,20,1,2
2,24,4,6,2009,2,1,1,2,2,1,1,1,1,1,1,1,1,2,14,6,1,1,,1,2
2,24,4,7,2009,1,1,1,2,2,1,4,1,1,1,1,1,1,2,9,6,1,1,,1,2
2,24,2,12,2009,4,1,1,2,2,1,1,1,1,1,1,1,1,1,14,6,1,1,24,1,2
3,24,4,11,2009,3,1,1,1,2,1,1,1,1,1,1,1,3,2,9,6,1,1,35,1,2
4,24,4,7,2009,2,1,1,2,2,1,1,1,1,1,1,2,1,2,13,6,1,1,30,1,2
6,24,4,10,2009,1,3,3,2,2,1,1,1,1,1,1,1,1,2,14,6,1,1,38,1,2
7,24,4,2,2009,4,1,1,2,2,1,2,1,1,1,1,2,1,2,9,6,1,1,33,1,2
7,24,4,2,2009,2,1,1,1,2,1,1,2,1,1,1,4,1,2,19,2,1,1,27,1,2
7,24,4,3,2009,3,1,1,1,2,1,1,1,1,1,1,2,1,2,4,6,1,1,,1,2
7,24,4,4,2009,2,1,1,2,2,1,1,1,1,1,1,2,1,2,14,6,1,3,,1,2
7,24,4,12,2009,2,1,1,2,2,4,1,1,1,1,1,2,1,2,14,6,1,1,,1,2
7,24,4,12,2009,2,3,1,2,2,4,2,1,1,1,1,1,1,2,14,6,1,6,,1,2
8,24,4,2,2009,2,1,1,2,2,1,1,1,1,1,1,1,1,2,4,6,1,1,,1,2
8,24,4,4,2009,2,1,1,2,2,1,1,1,1,1,1,1,1,2,9,6,1,1,,1,2
8,24,4,10,2009,2,1,1,2,2,1,1,1,1,1,1,4,1,2,13,6,1,7,,1,2
1,21,3,3,2009,3,1,1,2,2,1,1,1,1,1,1,1,1,2,9,6,1,7,,1,2
2,21,3,3,2009,3,1,1,2,2,1,1,4,1,1,1,4,1,2,13,6,1,1,35,1,2
3,21,4,3,2009,2,1,1,2,2,1,1,1,1,1,1,1,1,2,9,6,1,1,42,1,2
3,21,4,5,2009,2,1,1,2,2,1,1,1,1,1,1,1,1,2,14,6,1,1,,1,2
3,21,4,6,2009,2,1,1,2,2,1,1,1,1,1,1,1,1,2,9,6,1,1,,1,2
3,21,4,12,2009,4,1,1,2,2,1,4,1,1,1,1,1,1,2,14,6,1,1,45,1,2
5,21,3,3,2009,3,1,1,2,2,1,1,1,1,3,2,4,1,2,19,6,1,7,,1,2
5,21,4,6,2009,2,3,1,2,2,1,1,1,1,1,1,2,1,2,14,1,1,1,36,1,2
5,21,4,12,2009,2,3,1,2,2,1,1,1,1,1,1,2,1,2,8,6,1,1,35,1,2
6,21,4,5,2009,2,3,3,2,2,1,1,1,1,1,1,2,1,2,9,6,1,1,,1,2
6,21,4,5,2009,2,1,3,2,2,1,1,1,1,1,1,1,1,2,9,6,1,1,,1,2
6,21,4,12,2009,2,1,3,2,2,1,1,1,1,1,1,1,1,2,13,6,1,1,50,1,2
6,21,4,12,2009,1,1,1,2,2,1,4,1,1,1,1,1,1,2,19,6,1,6,20,1,2
1,20,4,1,2009,2,1,1,2,2,1,1,1,1,1,1,4,1,2,12,6,1,1,24,1,2
2,20,4,4,2009,3,1,1,2,2,1,1,1,1,1,1,2,1,2,9,6,1,1,,1,2
3,20,4,8,2009,3,1,1,2,2,1,1,3,1,1,1,3,1,2,9,6,1,1,,1,2
1,19,2,2,2009,1,1,1,1,2,1,2,1,1,1,1,5,1,1,14,6,1,1,38,1,2
2,19,4,11,2009,3,1,1,2,2,1,1,1,1,1,1,1,1,2,19,6,1,1,,1,2
1,23,4,1,2009,4,1,1,2,2,1,4,1,1,1,1,5,1,2,13,6,1,1,,1,2
1,23,4,2,2009,4,1,1,2,2,1,2,1,1,1,1,1,1,2,14,6,,1,,1,2
1,23,3,3,2009,3,1,1,2,2,1,1,1,2,1,1,2,1,2,9,6,1,7,48,1,2
1,23,4,6,2009,2,1,1,2,2,1,1,2,1,1,1,4,1,2,9,8,1,1,,1,2
1,23,4,8,2009,3,1,1,2,2,1,1,1,1,1,1,2,1,2,14,6,1,1,,1,2
1,23,4,11,2009,3,1,1,2,2,1,1,1,1,1,1,2,1,2,9,6,1,1,40,1,2
1,18,4,12,2009,3,3,1,2,2,1,1,3,1,3,2,3,1,2,19,6,1,1,,1,2
1,18,4,12,2009,3,1,1,2,2,1,1,1,1,1,1,1,1,2,9,6,1,1,,1,2
1,18,4,12,2009,3,3,1,2,2,1,1,1,1,1,1,1,1,2,14,6,1,1,,1,2
2,18,4,9,2009,2,1,1,1,2,1,1,1,1,1,1,2,1,2,9,6,1,1,,1,2
5,18,4,12,2009,4,1,1,1,2,1,4,4,1,1,2,3,1,2,13,6,1,1,,1,2
6,18,4,12,2009,2,1,1,2,2,1,1,1,1,1,1,1,1,2,9,6,1,1,,1,2
1,22,4,5,2009,2,3,1,2,2,1,1,2,1,1,1,1,1,2,14,2,1,1,,1,2
1,22,4,5,2009,1,1,1,2,2,1,4,1,1,1,1,1,1,2,,6,1,1,,1,2
1,22,4,8,2009,1,1,1,2,2,1,4,1,1,1,1,1,1,2,,2,1,1,,1,2
1,22,4,9,2009,2,2,1,2,2,1,1,1,1,1,1,1,1,2,9,6,1,1,,1,2
1,22,4,9,2009,3,4,1,2,2,1,1,2,1,1,1,2,1,2,9,6,1,1,,1,2
1,22,4,10,2009,3,3,1,2,2,1,1,1,1,1,1,1,1,2,9,6,1,1,,1,2
2,22,3,7,2009,3,1,1,2,2,1,1,1,1,1,1,2,1,2,9,6,1,1,,1,2
3,22,4,9,2009,2,1,1,2,2,1,1,1,1,1,1,4,1,2,14,6,1,1,37,1,2
3,22,4,9,2009,2,1,1,2,2,1,1,1,1,1,1,4,1,2,4,6,1,1,,1,2
3,22,3,10,2009,3,1,1,2,2,1,1,1,1,1,1,1,1,2,9,6,1,1,,1,2
2,25,3,10,2009,2,1,1,2,2,4,2,1,1,1,1,4,1,2,13,6,1,3,,1,2
4,25,4,1,2009,2,1,1,2,2,1,1,1,1,1,1,1,1,1,14,6,1,1,,1,2
4,25,4,3,2009,2,3,1,2,2,1,1,1,1,1,1,2,1,2,9,1,1,1,38,1,2
4,25,4,6,2009,3,1,1,2,2,1,1,1,1,1,1,1,1,2,9,6,1,1,42,1,2
4,25,4,7,2009,4,1,1,2,2,1,2,1,1,1,3,1,1,2,14,6,1,2,,1,2
4,25,4,8,2009,3,1,1,2,2,1,1,1,1,1,1,2,1,2,6,6,1,3,30,1,2
5,25,3,12,2009,2,1,1,2,2,1,1,1,1,1,1,2,1,2,14,6,1,1,45,1,2
8,25,4,1,2009,3,1,1,2,2,1,2,1,1,1,1,1,1,2,8,6,1,1,28,1,2
8,25,4,2,2009,2,3,1,2,2,1,1,1,1,1,1,1,1,2,14,6,1,1,35,1,2
8,25,3,8,2009,3,1,1,2,2,1,1,1,1,1,1,1,1,2,9,6,1,1,40,1,2
8,25,4,10,2009,4,1,1,2,2,1,3,1,1,1,1,4,1,2,15,6,1,1,46,1,2
8,25,4,12,2009,3,4,1,2,2,1,1,1,1,1,1,4,1,2,9,6,1,1,,1,2
1,26,4,4,2009,3,3,1,2,2,1,1,2,1,1,1,4,1,2,19,6,1,1,,1,2
2,26,4,12,2009,3,3,1,2,2,1,1,2,1,2,1,4,1,2,19,6,1,1,28,1,2
4,26,4,3,2009,3,1,1,2,2,1,1,1,1,1,1,2,1,2,14,6,1,1,,1,2
4,26,4,6,2009,3,1,1,2,2,1,1,1,1,1,1,2,1,2,13,6,1,1,40,1,2
4,26,4,9,2009,2,1,1,2,2,1,1,2,1,1,1,2,1,2,9,6,1,1,,1,2
4,26,4,9,2009,2,3,1,2,2,1,2,1,1,1,2,2,1,2,4,6,1,1,45,1,2
4,26,4,10,2009,3,1,1,2,2,1,1,1,1,1,1,2,1,2,4,6,1,1,,1,2
5,26,4,8,2009,4,1,1,2,2,1,2,1,1,1,1,1,1,2,16,6,1,1,,1,2
5,26,4,8,2009,2,1,1,2,2,1,1,1,1,1,1,1,1,2,14,6,1,1,34,1,2
5,26,4,9,2009,3,3,1,2,2,1,1,2,1,1,1,1,1,2,9,6,1,1,,1,2
5,26,4,12,2009,3,1,1,2,2,1,1,1,1,1,1,1,1,2,8,6,1,1,,1,2
6,26,4,7,2009,3,1,1,2,2,1,1,2,1,1,1,2,1,2,9,6,1,1,25,1,2
8,26,3,1,2009,2,3,1,2,2,1,1,1,1,1,1,1,1,2,9,6,1,1,,1,2
8,26,4,2,2009,2,1,1,2,2,1,1,1,1,1,1,1,1,2,9,6,1,1,,1,2
8,26,3,6,2009,3,1,1,2,2,1,1,1,1,1,1,1,2,1,4,6,1,1,,1,2
8,26,4,6,2009,3,1,1,2,2,1,1,1,1,1,1,1,1,1,4,6,1,1,,1,2
8,26,4,10,2009,2,1,1,2,2,1,1,1,1,1,1,2,1,2,5,6,1,1,,1,2
9,26,4,1,2009,3,1,1,2,2,1,1,1,1,1,1,3,1,2,14,6,1,1,,1,2
1,29,4,1,2009,3,1,1,2,2,1,1,1,1,1,1,1,1,2,4,6,1,1,,1,2
1,29,3,2,2009,3,1,1,2,2,1,1,1,1,1,1,1,1,2,7,6,1,1,35,1,2
1,29,3,3,2009,2,1,1,2,2,1,2,1,1,1,1,1,1,2,4,6,1,1,,1,2
1,29,4,3,2009,3,1,1,2,2,1,1,1,1,1,1,2,1,2,19,6,1,1,,1,2
1,29,4,7,2009,4,1,1,2,2,1,2,1,1,1,1,1,1,2,14,6,1,1,,1,2
1,29,3,8,2009,2,1,1,2,2,1,1,1,1,1,1,5,1,1,9,6,1,1,,1,2
3,29,4,2,2009,2,1,1,2,2,1,1,1,1,1,1,2,1,2,9,6,1,1,,1,2
3,29,4,2,2009,3,1,1,2,2,1,1,1,1,1,1,2,1,2,14,6,1,1,,1,2
3,29,4,7,2009,2,4,1,2,2,1,1,2,1,1,1,1,1,2,9,6,1,1,,1,2
3,29,4,8,2009,4,3,1,2,2,1,4,2,1,1,1,2,1,2,12,6,1,1,35,1,2
2,29,4,2,2009,2,1,1,2,2,1,1,1,1,1,1,2,1,2,19,6,1,1,,1,2
2,29,3,3,2009,2,1,1,2,2,1,1,1,1,1,2,2,1,2,8,6,1,1,,1,2
2,19,4,4,2009,1,3,1,2,2,1,1,1,1,1,1,3,1,2,4,6,1,3,,1,2
5,29,4,2,2009,4,3,1,2,2,1,3,2,1,1,1,1,1,2,9,6,1,1,,1,2
5,29,4,6,2009,4,1,1,2,2,1,2,1,1,1,1,1,1,2,19,6,1,1,,1,2
5,29,4,7,2009,4,1,1,2,2,1,4,1,1,1,1,1,1,2,12,6,1,1,22,1,2
5,29,3,7,2009,4,1,1,2,2,1,4,1,1,1,1,4,1,2,4,6,1,1,20,1,2
5,29,4,11,2009,3,1,1,2,2,1,1,1,1,1,1,1,1,2,14,6,1,1,50,1,2
5,29,4,12,2009,4,1,1,2,2,1,3,1,1,1,1,1,1,2,14,6,1,1,,1,2
6,29,4,9,2009,4,1,1,2,2,1,2,1,1,1,1,1,1,1,9,6,1,1,,1,2
7,29,4,12,2009,1,7,8,2,2,1,1,3,5,1,1,4,1,2,8,6,1,1,40,1,2
3,29,4,11,2009,2,1,1,2,2,1,1,1,1,1,1,1,1,2,10,6,1,1,,2,2
2,29,4,2,2009,2,1,1,2,2,1,1,1,1,1,1,4,1,2,8,6,2,3,,1,2
2,29,4,4,2009,3,1,1,2,2,1,1,1,1,1,1,3,1,2,4,6,2,3,,2,2
2,20,4,4,2009,2,3,1,1,2,1,1,4,1,1,1,2,,,9,6,1,1,,1,2
3,20,4,4,2009,4,1,1,1,2,1,2,2,1,1,1,2,1,2,14,6,1,1,31,2,2
6,25,4,9,2009,3,2,1,2,2,1,1,1,1,1,1,2,1,2,4,6,1,1,40,1,2
1,55,4,1,2009,2,4,1,1,2,4,2,1,1,1,1,5,1,2,12,5,1,7,,2,2
6,55,4,1,2009,3,1,1,2,2,4,4,1,1,1,1,1,1,2,4,1,1,,38,2,2
4,55,4,1,2009,4,1,1,2,1,1,2,1,3,1,1,4,1,2,19,6,,,,,
2,55,1,1,2009,2,1,1,2,2,1,1,1,1,1,1,3,1,2,12,11,1,1,,,
2,55,4,1,2009,2,1,1,1,2,4,2,1,1,1,1,4,1,2,5,,,,35,2,2
7,53,4,1,2009,3,,,1,,1,1,1,1,1,1,4,1,2,6,6,,,,,
12,53,3,1,2009,2,1,1,2,2,1,1,1,1,1,1,4,1,2,8,6,1,,,1,2
3,53,4,1,2009,3,1,1,2,2,1,1,1,1,1,1,1,1,2,10,6,1,,,1,2
3,54,4,1,2009,3,3,1,2,2,1,1,1,1,1,1,2,1,2,5,6,,,,1,
7,56,4,2,2009,1,1,1,2,2,1,2,1,1,1,1,1,1,2,,6,1,1,,2,2
7,56,4,2,2009,1,2,1,2,2,1,3,1,1,1,1,1,1,2,,6,1,1,,2,2
7,53,4,3,2009,3,1,8,1,1,1,1,1,1,1,1,4,1,2,17,11,,,27,,
1,53,4,4,2009,2,7,8,2,2,1,1,1,1,1,1,3,1,2,,11,,,,2,2
2,53,4,4,2009,2,7,,1,,1,1,1,,1,1,4,2,2,4,6,,,,,
3,56,4,4,2009,1,2,3,2,2,1,4,1,1,1,1,1,1,2,,,,,,,
7,56,4,1,2009,4,2,1,2,2,1,3,1,1,1,1,1,1,2,,,,,,,
4,56,4,1,2009,1,,,2,2,1,1,1,1,3,1,4,1,2,11,,,,,,
9,56,4,3,2009,4,1,1,2,2,1,2,1,1,1,1,4,1,1,9,6,1,1,30,2,2
1,56,4,5,2009,3,1,1,1,2,1,1,1,1,1,1,2,1,1,13,11,1,1,23,2,2
6,56,3,5,2009,3,1,1,2,2,1,1,1,1,1,1,3,4,2,8,6,1,7,,2,2
1,56,4,8,2009,3,2,,2,2,1,4,,,,1,1,1,2,14,6,,,,,
7,56,4,9,2009,2,2,1,2,2,2,1,1,2,1,1,1,1,2,9,4,1,7,37,2,2
3,56,4,9,2009,2,2,1,2,2,2,1,1,2,1,1,1,1,2,9,1,1,1,29,2,2
8,56,4,9,2009,3,7,8,2,2,1,1,1,1,1,1,1,1,2,5,11,1,1,30,2,2
1,55,4,3,2009,3,1,1,1,2,1,1,1,1,1,1,1,1,2,8,5,1,1,25,,