Thana,District,Accident_Severity,Month,Year,Time,Junction_Type,Traffic_Control,Movement,Divider,Weather,Light,Road_Geometry,Surface_Condition,Surface_Type,Surface_Quality,Road_Class,Road_Feature,Location_Type,Vehicle_Type,Vehicle_Movement,Vehicle_Loading,Vehicle_Defect,Vehicle_Driver_Age,Vehicle_Alcohol,Vehicle_Seat_Belt
2,6,4,3,2009,3,7,1,2,2,1,1,1,1,1,1,1,1,1,19,6,1,7,35,2,2
2,6,4,5,2009,3,7,1,2,2,1,1,1,1,1,1,1,1,1,9,6,1,7,40,2,2
2,6,4,5,2009,1,7,1,2,2,1,4,1,1,1,1,1,1,1,13,6,1,7,40,2,2
5,6,4,2,2009,3,1,1,2,2,2,1,1,2,1,1,1,1,1,14,11,1,7,,2,2
5,6,4,3,2009,2,1,1,2,2,1,1,1,1,1,1,1,1,1,8,11,1,7,,2,2
5,6,4,5,2009,3,1,1,2,2,1,1,1,1,1,1,1,1,1,14,2,1,7,,2,2
2,1,4,6,2009,2,7,1,2,2,1,2,1,1,1,1,1,1,1,14,6,1,7,40,2,2
5,1,4,5,2009,3,7,1,2,2,1,1,1,1,1,1,1,1,1,13,6,1,1,,2,2
3,1,4,6,2009,1,1,1,2,2,1,2,1,1,1,1,1,1,1,14,6,1,7,,2,2
3,1,4,3,2009,2,7,1,2,2,1,1,1,1,1,1,1,1,2,8,6,1,1,,1,2
5,1,4,1,2009,2,7,8,2,2,1,1,1,1,1,1,1,3,2,8,6,1,1,40,2,2
5,1,4,2,2009,3,1,8,2,2,1,1,1,1,1,1,4,1,2,7,6,1,1,,1,2
5,1,4,4,2009,3,7,8,2,2,1,1,1,1,1,1,1,1,2,4,6,1,1,,2,2
5,1,4,4,2009,2,1,8,2,2,1,1,1,1,1,1,1,1,1,14,6,2,1,42,2,2
3,7,4,4,2009,2,1,1,2,2,1,1,1,1,1,1,3,1,2,4,4,1,1,,2,2
1,7,4,5,2009,2,5,1,2,2,1,1,2,2,1,1,3,5,1,14,1,2,1,40,2,2
10,7,4,6,2009,3,1,1,2,2,1,1,1,1,1,1,3,4,2,9,6,2,7,,2,2
7,8,4,5,2009,2,1,3,2,2,2,1,1,2,1,1,4,1,2,4,6,1,7,39,2,2
3,8,3,6,2009,1,1,1,2,2,1,3,1,1,1,1,2,1,1,9,6,1,7,34,2,2
2,8,3,4,2009,2,7,3,2,2,1,1,1,1,1,1,3,1,2,17,6,1,7,,2,2
7,8,4,4,2009,4,1,1,2,2,1,2,1,1,1,1,3,1,2,8,6,1,7,,2,2
2,8,4,3,2009,4,4,1,2,2,1,3,2,1,1,2,3,4,2,19,6,1,7,,2,2
7,8,4,3,2009,3,3,1,2,2,1,1,1,1,1,1,3,1,2,14,3,1,1,40,2,2
3,8,4,2,2009,3,1,1,2,2,1,1,1,1,1,1,1,1,1,9,6,1,7,35,2,2
4,8,4,1,2009,4,7,8,2,2,4,3,1,1,1,1,2,1,2,9,11,1,7,,2,2
5,10,4,1,2009,4,7,1,2,2,1,2,1,1,1,1,3,1,2,19,11,1,7,,2,2
5,11,4,1,2009,3,7,1,2,2,1,1,1,1,1,1,2,1,1,17,11,1,7,40,1,2
7,9,4,2,2009,2,1,1,2,2,1,1,1,1,1,1,1,1,1,9,6,1,7,,2,2
7,9,4,6,2009,3,7,1,2,2,1,1,1,1,1,1,3,1,2,8,6,2,1,,2,2
8,13,4,2,2009,2,4,1,2,2,1,2,1,1,1,1,1,1,1,9,6,1,1,,2,2
10,16,4,7,2009,2,7,1,2,2,1,1,1,1,1,2,2,1,2,7,6,1,7,,1,2
10,16,4,8,2009,3,1,1,2,2,1,1,1,1,1,1,2,1,2,19,11,1,1,,2,2
10,16,4,8,2009,2,7,1,2,2,1,1,1,1,1,1,2,1,2,14,6,2,1,,2,2
11,16,4,8,2009,4,7,8,2,2,1,4,1,1,1,1,1,1,2,17,11,1,7,,2,2
8,16,4,8,2009,2,7,8,2,2,1,4,1,1,1,1,2,2,2,19,11,1,1,,2,2
9,16,4,8,2009,3,7,8,2,2,1,1,1,1,1,1,4,1,1,19,6,2,6,25,2,2
7,16,4,6,2009,1,7,1,2,2,1,3,1,1,1,1,1,1,2,19,11,1,1,,2,2
1,9,4,6,2009,2,7,8,2,2,1,1,1,1,1,1,4,1,1,14,11,1,1,,2,2
9,13,3,8,2009,3,1,1,2,2,1,1,1,1,1,1,3,1,2,8,6,1,1,50,2,2
5,13,4,1,2009,3,7,8,2,2,1,2,1,1,1,1,2,1,1,8,6,1,7,,2,2
2,4,4,6,2009,3,7,1,1,2,1,1,1,1,1,1,3,1,2,7,6,2,1,35,2,2
6,4,4,7,2009,4,7,8,2,2,1,4,1,1,1,1,1,1,1,11,7,1,1,35,2,2
3,8,4,1,2009,2,7,1,2,2,4,1,1,2,1,1,2,1,2,14,6,1,3,22,2,2
5,8,4,4,2009,1,7,1,2,2,1,4,1,1,1,1,1,1,2,9,6,2,7,35,2,2
3,8,4,7,2009,1,7,8,2,2,1,4,1,1,1,1,1,1,1,14,11,2,7,,2,2
1,17,4,6,2009,3,7,1,2,2,1,1,1,1,1,1,1,1,1,9,5,2,7,,2,2
6,13,4,10,2009,2,7,1,2,2,1,1,2,1,1,1,2,1,2,3,3,1,1,,2,2
8,13,4,9,2009,4,7,8,1,2,1,1,1,5,1,1,4,1,1,19,6,1,7,,2,2
9,13,4,12,2009,3,4,1,2,2,1,1,1,1,1,1,3,1,2,9,6,1,1,,2,2
9,13,3,12,2009,3,1,1,2,2,1,1,1,1,1,1,4,1,2,8,6,1,1,,2,2
1,12,4,12,2009,4,7,1,2,2,1,2,1,1,1,1,3,1,2,14,6,1,1,,2,2
1,12,4,10,2009,2,2,1,1,2,1,1,1,1,1,1,5,1,1,4,6,1,1,,2,2
1,12,4,10,2009,2,1,1,2,2,1,1,1,1,1,1,3,1,1,9,6,1,1,40,2,2
1,12,4,10,2009,3,7,1,1,2,1,1,1,1,1,1,3,1,2,8,6,1,1,40,2,2
1,12,4,10,2009,2,1,1,2,2,1,1,3,1,1,1,3,1,1,5,6,1,1,,2,2
5,12,4,10,2009,1,1,1,2,2,1,1,1,1,1,1,3,1,1,14,5,1,1,,2,2
6,16,3,12,2009,4,7,1,2,2,1,3,1,1,1,1,4,1,2,7,6,1,1,,2,2
11,16,1,11,2009,1,7,8,2,2,1,4,1,1,1,1,1,1,2,7,11,1,1,,2,2
1,16,3,11,2009,3,1,8,2,2,1,1,1,1,1,1,5,1,1,14,11,1,7,35,2,2
1,16,4,10,2009,2,7,1,2,2,1,1,1,1,1,1,2,1,1,14,7,1,1,,2,2
10,16,4,10,2009,2,7,2,1,2,1,1,1,1,1,1,2,1,1,8,6,1,1,,2,2
10,16,4,10,2009,3,7,8,2,2,1,1,1,1,1,1,3,1,1,9,4,2,1,,2,2
10,9,4,11,2009,3,7,8,2,2,1,1,1,1,1,1,1,1,1,19,11,1,1,,1,2
6,9,1,12,2009,2,1,2,2,2,4,2,1,1,1,1,2,1,2,9,4,1,1,,2,2
2,9,4,12,2009,3,7,8,2,2,1,1,1,1,1,1,2,1,2,14,6,1,7,,2,2
10,9,4,12,2009,3,7,1,2,2,1,1,1,1,1,1,3,1,2,9,5,1,1,,2,2
10,9,4,11,2009,4,7,8,2,2,1,2,1,1,1,1,4,1,2,9,6,1,1,,2,2
5,9,4,12,2009,2,1,1,2,2,1,1,1,1,1,2,4,1,2,6,1,1,1,,2,2
2,9,4,9,2009,4,7,8,2,2,1,1,1,5,1,1,3,1,2,10,6,1,1,,2,2
4,9,4,9,2009,1,3,3,2,2,1,4,1,5,1,1,2,1,2,14,11,1,7,,2,2
11,9,4,9,2009,1,7,1,2,2,1,2,1,1,1,1,1,1,2,14,11,2,7,,2,2
11,9,4,10,2009,4,7,8,2,2,1,3,1,1,1,1,4,1,2,4,6,1,1,,2,2
10,9,4,10,2009,1,7,8,2,2,1,1,1,1,1,1,1,1,1,9,6,2,1,,2,2
10,9,4,9,2009,2,7,8,2,2,1,1,1,5,1,1,1,1,1,14,11,2,1,,2,2
10,9,4,10,2009,4,7,8,1,2,1,2,1,5,1,1,1,1,1,14,6,1,1,,2,2
1,9,4,9,2009,3,7,8,2,2,1,1,1,5,1,1,1,1,1,9,6,1,1,,1,2
1,5,3,9,2009,4,7,8,2,2,1,4,1,1,1,1,1,1,2,9,6,2,1,,2,2
1,5,4,9,2009,4,7,8,2,2,1,4,1,1,1,1,1,1,2,7,11,2,1,,1,2
2,5,4,9,2009,4,3,1,1,2,1,1,1,1,1,1,3,1,1,14,6,2,7,38,1,2
5,5,4,9,2009,3,7,8,2,2,1,1,1,1,1,1,1,1,2,9,5,1,2,30,2,2
6,5,4,9,2009,2,7,1,2,2,1,2,1,1,1,1,1,1,2,19,11,1,1,,2,2
6,5,4,9,2009,2,7,1,2,2,1,2,1,1,1,1,1,1,1,19,11,1,7,,2,2
1,5,4,10,2009,3,7,1,2,2,1,1,1,1,1,1,3,1,2,14,6,1,1,,2,2
3,5,4,10,2009,3,7,3,2,2,1,1,1,1,1,1,4,1,2,4,5,1,1,32,2,2
4,5,4,11,2009,3,7,8,2,2,1,1,1,1,1,1,1,1,2,8,6,1,1,45,2,2
1,5,4,11,2009,4,7,8,2,2,1,3,1,1,1,1,1,1,1,9,6,1,1,57,2,2
4,5,4,11,2009,3,7,1,2,2,1,1,1,1,1,1,1,1,1,19,6,1,1,40,2,2
5,5,4,12,2009,1,7,1,2,2,4,4,1,1,1,1,1,1,2,19,11,1,7,,2,2
5,5,4,12,2009,1,7,1,2,2,4,4,1,1,1,1,1,1,2,19,11,1,1,,2,2
7,5,4,12,2009,4,7,1,2,2,1,2,1,1,1,1,3,1,2,9,6,1,1,40,2,2
4,4,3,9,2009,3,1,1,2,2,1,1,1,1,1,1,3,1,2,14,6,1,1,42,2,2
1,2,4,9,2009,2,7,8,2,2,1,1,1,1,1,1,5,1,2,9,6,1,1,45,2,2
1,2,4,11,2009,4,1,1,1,2,1,3,1,1,1,1,3,1,2,8,6,1,1,30,2,2
1,2,4,11,2009,2,1,1,2,2,1,1,1,1,1,1,1,1,2,8,6,2,1,,2,2
5,1,4,9,2009,3,7,1,2,2,1,1,1,1,1,1,1,1,2,6,6,1,1,18,2,2
3,1,4,11,2009,4,7,1,1,2,1,3,2,1,1,1,3,1,2,19,6,1,1,42,2,2
1,10,3,12,2009,3,7,8,2,2,1,1,1,1,1,1,2,1,2,8,6,2,5,,2,2
1,15,4,10,2009,3,7,1,2,2,1,1,1,1,3,2,4,1,2,4,6,1,1,45,2,2
6,15,4,9,2009,2,1,2,2,2,2,1,1,2,1,1,1,1,2,9,6,1,1,,2,2
3,17,4,12,2009,3,7,1,2,2,1,1,1,1,1,1,3,1,2,8,6,1,1,,2,2
3,17,4,11,2009,2,7,3,2,2,1,1,1,1,1,1,3,2,1,13,11,1,1,35,2,2
3,17,4,11,2009,3,7,1,2,2,1,1,1,1,1,1,3,1,2,14,6,1,1,,2,2
9,17,4,9,2009,1,1,1,2,2,1,4,1,1,1,1,1,1,1,19,11,2,1,,2,2
9,17,4,10,2009,3,1,1,2,1,1,1,1,1,1,1,1,1,,4,6,1,1,,2,2
2,17,1,9,2009,3,1,4,2,2,1,1,1,1,1,1,3,1,2,7,5,1,1,45,2,2
3,17,4,9,2009,2,7,1,2,2,1,1,1,1,1,1,4,1,2,8,11,1,1,,2,2
3,17,4,9,2009,3,1,1,2,2,1,1,1,1,1,1,3,1,2,8,9,1,1,,2,2
3,17,4,9,2009,3,7,1,2,2,1,1,1,1,1,1,4,1,2,8,8,2,1,,2,2
3,17,4,10,2009,2,7,1,2,2,1,1,1,1,1,1,1,1,2,14,6,1,7,,2,2
1,11,3,12,2009,4,3,1,2,2,1,2,1,1,1,1,4,1,2,19,6,2,7,30,2,2
5,11,4,12,2009,3,7,8,2,2,1,1,1,1,1,1,2,1,2,16,11,2,7,,2,2
1,11,3,9,2009,3,2,1,2,2,1,1,1,1,1,1,3,1,2,8,6,1,7,,2,2
1,11,4,9,2009,2,1,1,2,2,1,1,1,1,1,1,2,1,1,14,6,1,1,,2,2
1,11,4,9,2009,3,2,1,2,2,1,1,1,1,1,1,2,1,2,8,6,1,7,35,2,2
6,11,4,10,2009,2,2,1,2,2,1,1,1,1,1,1,2,1,2,8,6,1,7,,2,2
5,11,4,10,2009,3,7,1,2,2,1,1,2,1,1,1,4,4,2,17,6,1,7,25,2,1
7,8,4,12,2009,4,7,1,2,2,4,2,1,4,2,3,1,2,,9,6,2,4,,2,2
1,8,4,9,2009,1,7,1,2,2,1,2,1,5,1,2,2,1,2,19,11,1,7,,2,2
1,8,4,9,2009,2,3,1,2,2,1,1,1,1,1,1,3,1,2,9,6,2,1,40,2,2
1,8,4,9,2009,2,7,8,2,2,1,1,1,1,1,1,2,1,2,9,6,1,1,,2,2
1,8,4,10,2009,2,7,1,2,2,1,1,1,2,1,1,2,1,2,10,11,1,1,35,2,2
7,8,4,10,2009,3,1,1,2,2,1,1,1,1,1,1,1,1,2,19,5,2,3,,1,2
3,3,4,11,2009,4,1,1,2,2,1,2,1,1,1,1,2,1,2,14,6,1,1,40,2,2
3,3,4,11,2009,2,1,1,2,2,1,1,1,1,1,1,2,1,1,14,5,1,1,40,2,2
13,3,4,12,2009,4,1,4,2,2,1,2,1,1,1,1,4,1,2,9,6,2,1,,2,2
6,3,4,10,2009,2,1,1,2,2,1,1,1,1,1,1,3,1,2,9,6,1,1,38,2,2
5,6,4,12,2009,2,7,8,2,2,4,1,4,5,1,1,4,1,2,17,11,1,1,30,2,2
1,6,3,10,2009,4,3,1,2,2,1,1,1,1,1,1,5,1,1,9,2,2,1,,2,2
4,6,4,9,2009,1,4,1,2,2,1,2,2,1,1,1,1,1,2,19,6,1,2,40,2,2
4,6,3,10,2009,3,3,1,2,2,1,1,1,1,1,1,1,1,2,8,11,1,5,37,2,2
3,6,4,10,2009,2,6,1,2,2,1,1,2,1,1,1,1,1,2,8,1,1,1,41,2,2
5,6,4,10,2009,4,1,1,2,2,1,4,1,1,1,2,3,1,2,4,4,1,1,30,2,2
1,6,1,12,2009,4,7,1,2,2,1,4,1,1,1,1,5,1,2,13,2,1,1,30,2,2
8,3,4,10,2009,2,7,8,2,2,2,1,1,2,1,1,4,1,2,14,6,1,1,,1,2
1,6,4,11,2009,1,1,1,2,2,4,2,1,5,1,1,1,1,1,4,3,1,7,,2,2
1,6,1,11,2009,3,7,1,2,2,1,1,1,1,1,1,1,1,2,7,11,1,1,45,2,2
1,6,4,11,2009,2,7,1,2,2,1,1,1,1,1,1,1,1,2,9,11,1,1,40,2,2
8,13,4,6,2009,3,4,4,2,2,1,1,1,1,1,1,2,1,2,9,8,1,1,,2,2
3,8,4,1,2009,3,1,1,2,1,1,1,1,1,1,2,3,1,2,9,4,1,1,,2,1
1,15,4,6,2009,3,1,1,2,2,1,1,1,1,1,1,1,1,2,9,5,2,1,37,2,2
10,17,4,5,2009,3,7,8,2,2,2,1,1,2,1,2,1,1,2,9,6,1,1,45,2,2
1,2,4,12,2009,2,1,1,1,2,4,1,1,1,1,1,1,1,2,8,6,1,1,40,2,2
3,15,4,9,2009,4,1,1,1,2,1,3,1,1,1,1,1,1,2,9,2,2,1,,2,2
3,15,4,9,2009,2,1,1,1,2,1,1,2,1,1,1,2,1,2,13,2,1,1,,2,2
6,5,4,2,2009,1,2,1,2,2,1,2,1,1,1,1,1,2,2,9,11,2,1,,2,2
6,5,4,5,2009,2,1,1,2,2,2,1,1,2,1,1,1,1,2,9,6,1,6,,2,2
11,16,4,9,2009,3,7,1,2,2,1,1,1,1,1,1,1,1,2,9,6,2,7,40,2,2
11,16,4,9,2009,3,7,8,2,2,2,4,2,2,1,1,2,1,2,14,2,2,7,,1,2
1,12,4,9,2009,1,1,1,2,,1,1,1,1,1,1,2,1,2,5,6,2,3,50,2,2
4,8,4,9,2009,1,1,1,2,1,1,2,1,1,1,1,1,1,2,14,6,1,7,,2,2
11,11,4,10,2009,3,1,1,1,2,1,1,1,1,1,1,4,1,2,8,6,1,1,,2,2
9,16,4,12,2009,3,1,4,2,2,1,1,1,1,1,1,3,1,2,9,6,1,1,35,2,2
1,4,4,8,2009,1,1,1,2,2,1,2,1,1,1,1,5,1,1,4,6,1,1,,2,2
2,14,4,2,2009,4,2,8,2,2,1,2,1,1,1,1,1,1,2,19,6,1,1,,2,2
2,14,4,2,2009,2,2,8,2,2,1,1,1,1,1,1,1,1,2,17,5,2,1,,1,2
1,14,4,6,2009,3,1,1,2,2,1,1,1,1,1,1,1,1,1,14,6,2,7,,1,2
4,14,4,7,2009,4,1,8,2,1,1,2,1,1,1,1,1,1,2,13,6,1,3,27,2,2
4,14,1,8,2009,4,2,1,2,2,1,2,1,1,1,1,1,1,1,13,6,1,1,44,2,2
1,14,4,8,2009,2,3,1,2,1,1,1,2,1,1,1,2,1,1,14,1,2,7,,2,2
4,14,4,9,2009,2,1,1,2,2,2,1,1,1,1,1,1,1,1,14,6,1,7,40,2,2
2,14,3,10,2009,3,7,8,2,2,1,1,1,1,1,1,1,1,1,4,6,1,7,26,2,1
3,14,4,10,2009,3,1,1,1,2,1,1,1,1,1,1,5,1,1,9,6,1,3,55,2,2
1,14,4,10,2009,1,3,2,2,1,1,2,1,1,1,1,5,1,1,,,,,,,
1,28,3,12,2008,4,7,8,2,2,1,1,1,1,1,1,5,1,1,4,6,1,7,47,2,2
2,28,4,2,2009,4,3,3,2,2,1,3,2,1,2,1,5,1,1,19,11,1,7,,2,2
4,28,4,1,2009,2,1,1,2,2,1,1,1,1,1,1,1,1,1,9,11,1,7,,2,2
4,28,4,4,2009,3,1,1,2,2,1,1,1,1,1,1,1,1,1,16,11,1,7,,2,2
2,28,3,5,2009,4,7,8,1,2,1,2,1,1,1,1,5,1,1,12,11,1,1,24,2,2
5,28,4,1,2009,1,7,1,2,2,1,2,1,1,1,1,1,1,2,14,6,1,7,,2,2
5,28,4,3,2009,2,1,1,2,2,1,1,2,1,1,1,1,1,1,9,1,1,1,,2,2
5,28,1,3,2009,3,6,4,2,1,1,1,2,1,1,1,5,1,1,9,2,1,6,,2,2
2,28,4,6,2009,4,7,8,1,2,1,2,1,1,1,1,5,1,1,4,11,1,7,20,2,2
1,28,4,6,2009,2,7,8,2,1,1,1,3,1,1,1,1,1,1,9,11,1,7,,2,2
1,28,4,6,2009,4,2,8,2,1,2,3,1,2,1,1,5,1,1,15,6,1,7,52,2,2
5,28,4,5,2009,3,7,8,1,2,1,1,1,1,1,1,5,5,1,9,11,1,3,,1,2
5,28,4,6,2009,2,7,8,1,2,1,1,1,1,1,1,5,1,1,9,11,1,3,,1,2
5,28,3,9,2009,2,7,8,2,2,1,1,1,1,1,1,5,1,1,14,6,1,7,20,1,2
2,28,3,11,2009,3,7,8,1,1,1,1,1,5,1,1,5,1,1,12,6,1,7,,2,2
3,28,4,12,2009,3,7,1,2,2,1,1,1,1,1,1,1,1,1,4,6,1,1,30,2,1
3,28,3,10,2009,2,3,4,2,2,1,1,2,1,1,1,5,1,1,4,6,1,1,,2,1
3,28,2,10,2009,3,7,1,2,2,1,4,1,1,1,1,1,1,1,14,7,1,1,,2,2
3,28,4,5,2009,2,7,8,2,2,1,1,1,5,1,1,1,1,1,14,11,1,7,,2,2
5,28,4,12,2009,3,7,8,2,2,1,1,1,1,1,1,1,1,1,19,11,1,7,,1,2
5,28,4,10,2009,1,7,8,2,2,1,3,1,1,1,1,1,1,1,19,11,1,7,,1,2
5,28,4,10,2009,2,7,8,1,2,1,1,1,1,1,1,5,1,1,14,11,1,7,,1,2
2,28,4,12,2009,4,7,1,2,2,1,2,1,1,1,1,1,1,1,8,5,1,7,34,1,2
4,28,4,9,2009,2,1,8,2,1,1,1,1,1,1,1,5,1,1,4,11,1,7,,1,2
4,28,4,2,2009,4,7,1,2,2,1,4,1,1,1,1,1,1,2,9,6,1,1,35,2,2
1,28,4,1,2009,2,3,1,2,1,1,1,1,1,1,1,5,1,1,12,11,1,7,28,2,2
5,28,3,7,2009,3,7,8,2,2,1,1,1,1,1,1,5,1,1,9,6,1,7,,2,2
2,28,4,12,2009,3,1,1,2,1,1,1,1,1,1,1,5,1,1,11,6,1,7,,2,2
1,28,3,11,2009,3,1,3,2,1,1,1,1,1,1,1,5,1,1,4,6,1,1,16,2,2
5,30,4,1,2010,3,1,1,2,2,1,1,1,1,1,1,3,1,2,8,6,1,1,30,2,2
4,30,1,2,2010,3,1,1,2,2,1,1,1,1,1,2,3,1,2,8,6,1,1,,2,2
3,30,4,2,2010,2,1,1,2,2,1,1,2,1,1,2,4,1,2,4,1,1,1,32,2,2
4,32,4,1,2010,3,1,1,2,2,1,1,1,1,1,1,2,1,2,14,6,1,1,40,2,2
1,32,4,1,2010,3,1,1,2,2,1,1,1,1,1,1,3,1,2,14,6,1,1,26,2,2
4,32,4,2,2010,2,1,1,2,2,1,1,1,1,1,1,3,1,2,9,6,1,4,,2,2
4,31,4,1,2010,3,1,1,2,2,1,1,1,1,1,1,3,3,1,12,6,1,1,,2,2
2,31,4,2,2010,3,1,1,2,2,1,1,1,1,1,1,3,1,2,9,6,1,1,30,2,2
5,33,4,1,2010,4,1,1,2,2,1,2,1,1,1,3,3,1,2,9,6,1,1,,2,2
4,27,4,3,2010,2,1,1,2,2,1,1,1,1,1,1,2,1,2,9,8,1,1,,2,2
2,27,4,3,2010,2,1,1,2,2,1,1,1,1,1,1,2,1,2,9,6,1,1,,2,2
2,27,4,3,2010,3,2,1,2,2,1,1,1,1,1,1,3,1,2,19,6,1,1,,2,2
1,27,3,3,2010,4,7,3,2,2,1,3,1,1,1,1,5,1,1,4,6,1,1,,2,2
4,31,4,3,2010,4,1,1,2,2,1,3,1,1,1,2,3,1,2,9,6,1,1,30,2,2
3,33,4,3,2010,3,1,1,2,2,1,1,1,1,1,2,4,1,2,6,6,1,1,,2,2
2,27,4,4,2010,4,1,1,2,2,1,4,1,1,1,1,3,1,2,4,6,1,1,,2,2
1,27,4,4,2010,3,1,1,2,2,1,1,2,1,1,1,4,1,2,9,3,1,1,,2,2
2,27,3,4,2010,3,1,1,2,2,1,1,1,1,1,1,3,1,2,19,6,1,1,,2,2
5,31,4,4,2010,3,1,1,2,2,1,1,1,1,1,1,4,3,2,6,6,1,7,,2,2
4,34,4,2,2010,2,1,1,2,2,1,1,1,1,1,1,1,2,1,9,6,1,1,,2,2
3,32,4,4,2010,2,1,1,2,2,1,1,1,1,1,1,2,1,2,4,6,1,1,,2,2
4,32,4,8,2010,1,1,1,2,2,1,1,1,1,1,1,3,1,2,9,6,1,1,,2,2
2,27,4,8,2010,1,1,1,2,2,1,1,1,1,1,1,2,1,2,8,5,1,1,25,2,2
2,27,4,1,2010,4,1,1,2,2,1,4,1,1,1,1,3,1,2,10,6,1,1,,2,2
6,27,4,2,2010,3,1,8,2,2,1,2,1,1,1,2,3,1,2,9,2,1,1,,2,2
4,27,4,2,2010,2,1,1,2,2,1,1,1,1,1,1,3,1,2,19,6,1,1,,2,2
8,34,4,4,2010,2,1,1,2,2,1,1,1,1,2,2,3,1,2,19,6,1,1,28,2,2
2,34,4,5,2010,4,1,1,2,2,1,4,1,1,2,2,4,1,2,4,6,1,7,,2,2
4,31,4,5,2010,2,1,1,2,2,1,1,1,1,1,1,3,1,2,8,6,1,1,30,2,2
4,33,3,6,2010,4,1,1,2,2,1,4,1,1,1,1,4,1,2,9,6,1,7,39,2,2
5,33,4,6,2010,2,1,1,2,2,2,1,1,2,1,1,3,1,2,9,11,1,1,40,2,2
2,27,4,6,2010,3,1,1,2,2,1,1,1,1,1,1,4,1,2,19,6,1,1,,2,2
4,34,3,7,2010,4,1,4,2,2,1,4,5,1,2,1,1,2,,4,6,1,1,30,2,2
3,33,4,7,2010,3,2,1,2,2,1,1,1,1,1,1,2,1,2,9,6,1,1,,2,2
1,31,4,7,2010,3,,,2,2,1,1,1,1,1,1,5,1,1,4,6,1,1,,2,2
2,32,3,7,2010,3,7,4,2,2,1,2,1,1,1,1,4,1,2,4,6,1,1,,2,2
1,27,4,7,2010,2,1,1,2,2,1,1,1,1,1,1,4,1,2,4,6,1,1,,2,2
4,27,4,7,2010,3,1,1,2,2,1,1,1,1,1,1,3,1,2,9,6,1,1,,2,2
6,34,4,9,2010,2,1,1,2,2,1,1,1,1,1,1,1,1,2,9,5,1,1,,2,2
1,31,3,9,2010,3,1,1,2,2,1,1,1,1,1,1,4,2,1,4,6,1,1,,2,2
2,31,4,9,2010,2,7,8,2,2,1,1,1,1,1,1,3,4,1,9,11,2,7,35,2,2
4,27,4,9,2010,2,1,1,2,2,1,1,1,1,1,1,2,1,2,8,6,1,1,,2,2
2,27,3,9,2010,4,7,8,2,2,1,2,2,1,1,1,3,1,2,8,2,1,1,40,2,2
5,27,4,9,2010,3,1,3,2,2,1,1,1,1,1,1,3,1,2,4,6,1,1,25,2,2
1,34,4,2,2010,2,1,8,2,2,1,1,1,1,1,1,5,1,1,9,6,1,1,,2,2
1,34,4,2,2010,3,1,8,2,2,1,1,1,1,1,1,5,1,1,14,6,1,1,,2,2
1,34,4,3,2010,2,1,8,2,2,1,1,1,1,1,1,5,1,1,9,6,1,1,,2,2
1,34,3,3,2010,2,1,8,2,2,1,1,1,1,1,1,5,1,1,9,6,1,1,,2,2
1,34,4,3,2010,2,1,8,2,2,1,1,1,1,1,1,1,1,1,14,7,2,3,,2,2
1,34,4,4,2010,2,1,1,2,2,1,1,1,1,1,1,5,1,1,8,6,2,3,,2,2
1,34,4,5,2010,1,1,1,2,2,1,1,1,1,1,1,3,1,1,19,6,1,1,,2,2
1,34,4,6,2010,2,1,1,2,2,1,2,1,1,1,1,1,1,,9,6,1,1,,2,2
1,34,4,7,2010,2,1,1,2,2,1,1,1,1,1,1,2,1,2,4,1,1,1,,2,2
1,34,1,7,2010,3,1,1,2,2,1,1,1,1,1,1,1,1,1,5,6,1,1,,2,2
1,34,4,8,2010,3,1,1,2,2,1,1,1,1,1,1,1,1,2,9,5,1,1,,2,2
1,34,4,8,2010,2,1,1,2,2,1,1,1,1,1,1,4,1,1,4,6,1,1,,2,2
1,34,4,8,2010,3,1,1,2,2,1,1,1,1,1,1,1,1,2,9,6,1,1,,2,2
1,34,4,8,2009,2,1,1,2,2,1,2,1,1,1,1,5,1,1,4,6,1,1,,2,2
3,32,4,10,2010,4,1,1,2,2,1,3,1,1,1,1,1,1,2,19,6,1,1,,2,2
2,27,4,10,2010,3,1,1,2,2,1,1,1,1,1,1,3,4,2,19,6,1,1,,2,2
4,27,4,10,2010,2,1,1,2,2,1,1,1,1,1,1,2,1,2,8,6,1,7,,2,2
1,34,4,10,2010,3,1,1,2,2,1,1,3,1,1,1,2,1,2,6,6,1,6,35,2,2
1,34,4,10,2010,2,1,4,2,2,1,1,1,1,1,1,2,1,2,16,6,1,1,,2,2
1,34,4,11,2010,3,1,1,2,2,4,1,2,1,1,2,4,1,2,4,6,1,3,,2,2
1,34,3,12,2010,1,1,1,2,2,1,3,1,1,1,1,1,2,,14,6,1,1,,2,2
1,34,4,12,2010,3,1,1,2,2,1,2,1,1,1,1,1,1,2,9,6,1,1,,2,2
1,34,4,12,2010,3,1,1,2,2,1,1,1,1,1,1,1,1,2,9,6,1,1,,1,1
1,34,4,12,2010,2,1,1,2,2,1,1,1,1,1,1,5,1,2,4,6,1,3,,2,2
2,31,3,12,2010,2,1,8,2,2,1,2,2,1,1,1,3,1,2,7,2,1,7,,2,2
7,33,4,11,2010,3,1,1,2,2,1,1,1,1,1,1,4,1,2,9,6,1,1,,2,2
3,33,4,11,2010,3,1,1,2,2,1,1,1,1,1,1,3,1,2,19,6,1,1,,2,2
1,33,4,12,2010,3,1,1,2,2,1,1,1,1,1,1,3,1,2,4,7,1,7,,2,2
5,33,3,12,2010,3,1,1,2,2,1,1,1,1,1,1,4,1,2,9,6,1,7,,2,2