Thana,District,Accident_Severity,Month,Year,Time,Junction_Type,Traffic_Control,Movement,Divider,Weather,Light,Road_Geometry,Surface_Condition,Surface_Type,Surface_Quality,Road_Class,Road_Feature,Location_Type,Vehicle_Type,Vehicle_Movement,Vehicle_Loading,Vehicle_Defect,Vehicle_Driver_Age,Vehicle_Alcohol,Vehicle_Seat_Belt
4,34,4,11,2010,4,1,1,2,2,1,2,3,1,1,2,3,1,2,19,6,1,1,30,2,2
8,34,4,11,2010,3,1,1,2,2,1,1,1,1,1,1,4,4,2,6,6,1,6,,2,2
4,31,4,11,2010,2,1,1,2,2,1,1,1,1,1,1,4,1,2,4,6,1,1,22,2,2
1,27,3,11,2010,2,1,8,2,2,1,1,1,1,1,1,4,1,2,8,6,1,1,25,2,2
3,34,3,1,2010,3,1,1,2,2,1,1,1,1,1,1,3,2,2,19,6,1,1,,2,1
3,34,4,10,2010,2,1,1,2,2,1,4,1,1,1,1,1,1,2,14,6,1,1,,2,2
4,27,4,10,2010,3,1,1,2,2,1,1,1,1,1,1,4,1,2,8,6,1,7,,2,2
1,34,3,12,2010,3,1,1,2,2,1,3,1,1,1,1,1,2,,14,6,1,1,,2,2
2,31,4,2,2010,2,1,1,2,2,1,1,1,1,1,1,3,1,2,9,6,1,1,32,2,2
2,30,4,11,2010,3,1,8,2,2,1,1,1,1,1,1,4,1,2,19,6,1,3,,2,2
3,32,4,2,2010,2,1,1,2,2,1,1,1,1,1,1,1,1,2,9,6,1,1,40,2,2
6,30,4,2,2010,2,1,1,2,2,1,1,2,1,1,2,2,1,2,4,1,1,1,32,2,2
1,64,3,1,2010,2,3,4,1,1,1,1,1,1,1,1,5,1,1,5,6,2,1,,1,2
1,64,4,2,2010,2,1,4,2,1,1,1,1,1,1,1,5,1,1,8,6,1,1,,1,2
1,64,3,2,2010,3,5,4,2,1,1,3,2,1,1,1,5,1,1,8,3,1,1,,1,2
3,64,4,5,2010,1,1,1,2,1,1,4,1,1,1,1,5,1,1,13,6,2,1,,1,2
3,64,4,6,2010,4,2,4,2,2,1,3,2,1,1,1,5,1,1,13,6,1,,,1,2
3,64,4,9,2010,4,5,4,2,1,1,3,5,1,1,1,5,1,1,7,1,1,1,30,1,2
3,64,4,10,2010,2,2,4,2,1,1,1,1,1,1,1,5,1,1,9,6,1,1,,1,2
3,64,4,11,2010,3,3,1,2,2,1,1,1,1,1,1,5,1,1,9,6,1,1,,1,2
3,64,4,12,2010,2,1,1,2,1,1,1,1,1,1,1,5,1,1,19,6,1,1,,1,2
11,64,3,5,2010,4,1,1,2,2,1,3,1,1,1,1,5,1,1,5,6,1,1,,1,2
11,64,3,12,2010,2,1,1,2,2,1,1,1,1,1,1,5,1,1,7,6,1,1,,1,2
12,64,4,9,2010,4,1,1,2,2,1,4,1,1,1,3,5,1,1,9,6,1,,,1,2
12,64,4,6,2010,4,1,1,2,2,2,3,1,2,1,1,2,1,2,19,6,1,,,1,2
12,64,4,9,2010,1,1,1,2,2,4,2,1,1,1,1,1,3,2,6,6,1,,25,1,2
9,64,3,2,2010,3,3,1,2,1,1,1,1,1,1,1,5,1,1,14,4,1,7,44,1,2
9,64,4,5,2010,3,3,4,2,1,1,1,1,1,1,1,5,1,1,9,6,1,7,28,1,2
9,64,4,9,2010,4,4,4,2,1,1,3,1,1,1,1,5,1,1,9,6,1,7,30,1,2
9,64,4,9,2010,3,2,1,2,1,2,1,1,2,1,1,5,1,1,13,6,1,7,,1,2
9,64,4,10,2010,3,2,3,2,1,1,1,1,1,1,1,5,1,1,8,6,1,7,45,1,2
8,64,4,1,2010,2,1,1,2,2,1,1,1,1,1,1,5,1,1,8,4,1,3,,1,2
8,64,4,12,2010,2,1,1,2,2,1,1,1,1,1,1,5,1,1,14,4,1,1,,1,2
5,64,4,2,2010,4,1,1,1,2,1,3,1,1,1,1,5,1,1,14,6,1,1,34,1,2
5,64,4,3,2010,3,1,1,2,2,1,1,1,1,1,1,5,1,1,,6,1,,,1,2
5,64,4,3,2010,2,1,1,1,2,1,1,1,1,1,1,5,1,1,6,1,1,1,,1,2
5,64,4,9,2010,3,1,1,2,1,1,1,1,1,1,1,5,1,1,,,,1,,1,2
5,64,4,9,2010,3,1,1,2,2,1,1,1,1,1,1,5,1,1,6,6,1,1,,1,2
5,64,4,9,2010,4,1,1,2,1,1,4,1,1,1,1,5,1,2,8,6,1,1,,1,2
5,64,4,10,2010,2,1,1,2,2,1,1,1,1,1,1,5,1,1,14,6,1,,,1,2
7,64,4,1,2010,3,2,4,2,1,1,1,1,1,1,1,5,1,1,13,6,1,1,62,1,2
7,64,4,2,2010,4,1,1,2,1,1,3,1,1,1,1,5,1,1,19,1,1,1,,1,2
3,64,4,6,2010,1,3,1,2,1,1,3,1,1,1,1,5,1,1,9,6,1,1,,1,2
6,64,3,2,2010,3,2,4,2,1,1,1,1,1,1,1,5,1,1,14,6,1,1,,1,2
6,64,4,3,2010,4,1,1,2,1,1,2,1,1,1,1,5,1,1,8,5,1,1,,1,2
6,64,3,3,2010,3,1,1,2,1,1,1,1,1,1,1,5,1,1,10,6,1,1,,1,2
6,64,4,3,2010,2,1,1,2,1,1,1,1,1,1,1,5,1,1,8,6,1,1,,1,2
6,64,4,3,2010,1,1,1,2,1,1,2,1,1,1,1,5,1,1,8,6,1,1,,1,2
6,64,4,7,2010,1,1,1,2,1,1,3,1,1,1,1,5,1,1,7,6,1,1,,1,2
6,64,3,10,2010,2,1,4,2,1,1,1,1,1,1,1,5,1,1,9,6,1,1,25,1,2
6,64,4,12,2010,3,1,1,2,1,1,1,1,1,1,1,5,1,1,8,6,1,1,40,1,2
6,64,4,12,2010,2,2,4,2,1,1,1,1,1,1,1,5,1,1,9,6,1,1,30,1,2
7,64,4,7,2010,4,1,4,2,2,1,2,1,1,1,1,5,1,1,10,6,1,1,22,1,2
7,64,4,8,2010,2,1,1,2,1,1,1,1,1,1,1,5,1,1,14,6,1,1,,1,2
7,64,4,11,2010,4,1,1,2,1,1,2,1,1,1,1,5,1,1,8,6,1,1,,1,2
7,64,4,11,2010,1,1,1,2,1,1,2,1,1,1,1,5,1,1,9,6,1,1,,1,2
7,64,4,12,2010,3,1,1,2,1,1,1,1,1,1,1,5,1,1,9,6,1,1,19,1,2
7,64,3,12,2010,1,1,1,1,1,1,2,1,1,1,1,5,1,1,5,10,1,1,,1,2
10,64,4,10,2010,4,1,1,2,2,1,3,1,1,1,1,5,1,1,9,6,,1,,1,2
10,64,4,10,2010,4,5,4,2,1,1,3,1,1,1,1,5,1,1,9,6,1,1,,1,2
10,64,3,12,2010,1,1,1,2,2,1,3,1,1,1,1,5,1,1,10,6,1,1,23,1,2
10,64,4,10,2010,3,5,6,2,1,1,1,1,1,1,1,5,1,1,9,6,1,1,32,1,2
10,64,4,10,2010,4,1,1,2,2,1,3,1,1,1,1,5,1,1,14,6,1,1,35,1,2
2,64,3,11,2010,2,3,4,2,1,1,1,1,1,1,1,5,1,1,14,6,1,1,27,1,2
2,64,4,11,2010,4,3,4,2,1,1,3,1,1,1,1,5,1,1,14,6,1,1,20,1,2
2,64,4,10,2010,3,3,1,2,1,1,1,1,1,1,1,5,1,1,14,6,1,1,,1,2
2,64,4,10,2010,4,1,5,2,2,1,3,2,1,1,1,5,1,1,15,6,1,1,,1,2
2,64,3,8,2010,3,1,1,2,1,1,1,4,1,2,1,5,1,2,4,6,2,1,22,1,2
2,64,4,8,2010,1,3,4,2,1,1,2,1,1,1,1,5,1,1,9,6,1,1,,1,2
2,64,3,7,2010,3,1,1,2,1,1,1,1,1,1,1,5,1,1,14,6,1,1,,1,2
2,64,4,7,2010,3,1,7,2,2,1,1,1,1,1,1,5,1,1,14,6,1,1,,1,2
2,64,4,3,2010,4,3,6,2,1,1,2,3,1,1,1,5,1,1,9,6,1,1,,1,2
2,64,4,2,2010,4,1,1,2,1,1,3,1,1,1,1,5,1,1,19,6,2,1,,1,2
1,64,3,6,2010,4,5,4,2,2,1,2,2,1,1,1,5,1,1,14,6,1,1,35,1,2
1,64,4,7,2010,2,1,1,2,1,1,1,1,1,1,1,5,1,1,19,6,1,1,,1,2
1,64,4,7,2010,1,4,1,2,1,2,3,1,2,1,1,5,1,1,14,6,1,1,,1,2
1,64,4,9,2010,4,1,1,2,2,1,3,1,1,1,1,5,1,1,4,6,1,1,21,1,2
4,64,4,4,2010,3,1,1,2,1,1,1,1,1,1,1,5,1,1,13,6,1,1,,1,2
4,64,4,8,2010,2,1,4,2,1,1,1,1,1,1,1,5,1,1,,6,,1,,1,2
4,64,4,9,2010,2,1,1,2,1,1,1,1,1,1,1,5,1,1,14,6,1,1,,1,2
4,64,4,10,2010,4,1,1,2,2,1,3,1,1,1,1,5,1,1,14,6,1,1,,1,2
4,64,4,11,2010,3,1,1,2,1,1,1,1,1,1,1,5,1,1,8,6,1,1,43,1,2
4,64,4,12,2010,4,1,4,2,1,1,2,1,1,1,1,5,1,1,8,6,1,1,,1,2
4,64,4,12,2010,2,1,1,2,1,1,1,1,1,1,1,5,1,1,14,6,1,1,,1,2
4,64,4,12,2010,4,1,1,2,2,1,3,1,1,1,1,5,1,1,8,6,1,1,,1,2
5,62,4,2,2010,3,1,1,2,2,1,1,1,1,1,1,3,1,2,9,6,1,1,23,2,2
5,62,4,3,2010,3,1,1,2,2,1,1,1,1,1,1,3,1,2,9,5,1,1,35,2,2
4,62,4,4,2010,3,1,1,2,2,1,1,1,1,1,1,2,1,2,16,5,1,1,,2,2
4,62,4,4,2010,4,1,1,2,2,1,4,1,1,1,1,1,1,2,,6,,,,2,2
3,62,4,5,2010,3,1,1,2,2,1,1,1,1,1,1,2,1,2,9,6,1,1,,2,2
4,62,4,5,2010,2,1,1,2,2,1,1,1,1,1,1,4,1,2,7,6,1,1,,2,2
4,62,4,6,2010,3,1,1,2,2,1,1,1,1,1,1,4,1,2,,6,,,,2,2
8,57,4,3,2010,2,1,1,2,2,1,1,1,1,1,1,1,1,2,,6,,,,2,2
7,57,4,4,2010,4,1,1,2,2,1,1,1,1,1,1,2,1,2,17,6,1,,,2,2
6,57,4,5,2010,3,1,1,2,2,1,1,1,1,1,1,3,1,2,17,5,2,1,,2,2
4,57,4,2,2010,1,1,1,2,2,1,2,1,1,1,1,4,1,2,,6,1,,,2,2
5,57,4,3,2010,3,3,1,2,2,1,1,1,1,1,1,1,1,2,15,6,1,1,,2,2
9,57,4,3,2010,2,2,1,2,2,1,2,1,1,1,1,1,1,2,6,6,2,1,,2,2
9,57,4,4,2010,2,1,1,2,2,1,1,1,1,1,1,1,1,2,9,6,1,1,40,2,2
1,57,4,1,2010,3,1,1,2,2,1,2,1,1,1,1,1,1,1,14,6,1,1,,2,2
1,57,4,1,2010,2,3,1,2,2,4,1,1,1,1,1,3,1,2,4,6,1,1,,2,2
9,57,4,1,2010,4,1,1,2,2,1,4,1,1,1,1,2,1,2,,6,,,,2,2
9,57,4,2,2010,4,1,1,2,2,1,1,1,1,1,1,1,1,2,,6,,,,2,2
6,59,4,1,2010,4,1,1,2,2,1,4,1,1,1,1,2,1,2,9,6,1,1,,2,2
8,63,2,1,2010,4,1,1,2,2,1,4,1,1,1,1,1,1,2,11,6,1,1,,2,2
8,63,4,1,2010,2,1,1,2,2,4,1,1,2,1,1,1,1,2,,6,1,1,,2,2
7,63,4,1,2010,2,7,1,2,2,4,2,1,1,1,1,1,1,2,7,6,1,1,,2,2
1,65,4,2,2010,3,1,1,2,2,1,1,1,1,1,1,1,1,2,13,1,1,,,2,2
2,65,4,1,2010,4,1,1,2,2,1,4,1,1,1,1,1,1,2,9,11,2,7,38,2,2
2,65,4,2,2010,1,2,1,2,2,1,2,2,1,1,1,1,1,2,,6,1,1,,2,2
2,65,4,5,2010,3,1,1,2,2,1,2,2,1,1,1,2,1,2,11,6,1,1,,2,2
1,68,4,1,2010,4,1,1,2,2,1,1,4,1,1,1,1,1,2,9,6,2,7,48,1,2
1,68,4,4,2010,4,1,1,2,2,1,4,5,5,2,2,3,1,2,11,6,2,6,29,2,2
1,68,4,5,2010,2,1,1,2,2,1,1,1,1,1,1,1,1,2,5,6,2,1,,1,2
1,68,3,6,2010,4,1,1,2,1,1,4,1,1,1,1,1,1,2,19,6,1,1,,2,2
1,68,4,7,2010,3,1,1,2,2,1,1,1,1,1,1,1,1,2,9,4,1,1,,2,2
1,68,4,8,2010,3,1,1,2,2,1,1,1,1,1,1,2,1,2,5,6,1,1,,2,2
5,68,4,3,2010,2,1,1,2,2,1,1,4,1,1,2,3,1,2,11,6,1,1,,2,2
6,68,4,1,2010,3,1,1,2,2,1,1,1,1,1,1,3,1,2,11,6,1,1,,2,2
6,68,4,8,2010,3,1,1,2,2,2,1,1,1,1,1,4,1,2,11,6,1,1,,2,2
3,68,4,5,2010,3,1,1,2,2,1,1,4,1,1,1,3,1,2,14,3,2,1,38,2,2
1,61,4,2,2010,3,1,1,2,2,1,1,1,1,1,1,1,1,2,14,6,1,1,40,1,2
1,61,4,3,2010,2,1,1,2,2,1,2,1,1,1,1,3,1,1,19,6,1,7,,1,2
1,61,4,4,2010,1,1,1,2,2,1,4,1,1,1,1,1,1,2,9,6,1,1,,2,2
1,61,4,4,2010,1,1,1,2,2,1,1,1,1,1,1,3,1,2,,6,1,1,,1,2
1,61,4,5,2010,1,3,1,2,2,1,3,1,1,1,1,1,1,2,,6,1,1,,1,2
1,61,4,6,2010,1,3,1,2,2,1,3,1,2,1,1,1,1,2,,6,1,1,,1,2
1,61,4,7,2010,4,1,1,2,2,1,1,1,1,1,1,1,1,2,,6,1,1,,2,2
1,61,4,7,2010,2,2,1,2,2,1,1,1,1,1,1,1,1,2,,6,1,1,,2,2
1,61,4,7,2010,3,1,1,2,2,1,1,1,1,1,1,1,1,2,,6,,,,2,2
1,61,4,7,2010,1,1,1,2,2,1,1,3,1,1,1,1,1,2,,6,1,1,,1,2
1,61,4,7,2010,4,1,1,2,2,1,4,1,1,1,1,1,1,2,,6,1,1,,2,2
1,61,4,8,2010,3,1,1,2,2,1,1,1,1,1,1,1,1,2,,6,1,1,,2,2
1,61,4,8,2010,2,1,1,2,2,1,1,1,1,1,1,1,1,2,14,6,1,1,,2,2
6,59,4,5,2010,3,1,1,2,2,1,1,1,1,1,1,4,1,2,,,,,,,
1,59,4,7,2010,4,1,1,2,2,1,1,1,1,1,1,2,1,2,5,6,1,1,45,2,2
4,60,4,4,2010,2,1,1,2,2,1,1,1,1,1,1,3,1,2,5,6,1,1,30,2,2
4,60,3,5,2010,4,1,1,2,2,1,1,1,1,1,1,3,1,2,13,6,1,7,35,2,2
3,60,4,3,2010,3,1,1,2,2,1,1,1,1,1,1,4,1,2,4,6,1,7,35,2,2
3,60,4,5,2010,2,1,1,2,2,1,1,1,1,1,1,4,1,2,17,11,1,1,38,2,2
5,60,4,4,2010,4,4,1,2,2,1,2,1,1,1,1,4,1,2,5,6,1,7,,2,2
5,60,4,5,2010,2,1,1,2,2,1,1,1,1,1,1,3,1,2,14,6,1,1,,2,2
1,60,4,3,2010,3,1,1,2,2,1,1,1,1,1,1,4,1,2,9,6,1,1,30,2,2
1,60,4,3,2010,3,1,1,2,2,1,1,1,1,1,1,1,1,1,9,6,1,7,35,2,2
1,60,4,4,2010,4,1,1,2,2,1,4,1,1,1,1,1,1,2,14,6,2,1,,1,2
1,60,4,6,2010,2,1,1,2,2,1,1,1,1,1,1,4,1,2,4,6,1,7,35,2,2
8,66,4,2,2010,4,1,1,2,2,1,4,1,1,1,1,1,1,2,14,6,1,1,,2,2
8,66,4,2,2010,2,1,1,2,2,1,1,1,1,1,1,4,1,2,4,6,1,1,30,2,2
4,66,4,3,2010,4,1,1,2,2,1,4,1,1,1,1,4,1,2,5,6,1,1,,2,2
1,66,3,3,2010,3,1,1,2,2,1,1,1,1,1,1,4,1,2,14,6,1,1,,2,2
5,66,4,4,2010,3,1,1,2,2,1,1,1,1,1,1,4,1,2,14,6,1,,,2,2
6,66,4,4,2010,2,1,1,2,2,1,1,1,1,1,1,2,1,2,8,6,1,1,,2,2
5,66,4,4,2010,2,1,1,2,2,1,1,1,1,1,1,4,1,2,,,,,,,
7,66,4,6,2010,3,1,1,2,2,1,1,1,1,1,1,4,1,2,14,1,1,6,,2,2
10,66,4,8,2010,3,1,1,2,2,1,1,1,1,1,1,2,1,2,6,6,1,1,30,2,2
5,66,3,8,2010,4,1,1,2,2,1,4,1,1,1,1,2,1,2,11,6,1,2,25,2,2
1,57,4,3,2010,3,1,1,2,2,1,1,1,1,1,1,2,1,2,13,6,2,1,38,2,2
1,57,4,6,2010,2,1,1,2,2,1,1,1,1,1,1,1,1,2,14,6,1,1,45,2,2
1,57,4,7,2010,4,1,1,2,2,1,4,1,1,1,1,4,1,2,5,5,1,1,,,
3,57,4,8,2010,4,1,1,2,2,1,1,1,1,1,1,1,1,2,,6,,,,2,2
3,57,4,8,2010,3,1,1,2,2,1,1,1,1,1,1,1,1,2,,6,1,,,2,2
6,57,4,5,2010,3,1,1,2,2,1,1,1,1,1,1,4,1,2,8,6,1,1,55,2,2
2,57,4,3,2010,3,1,1,2,2,1,1,1,1,1,1,3,1,2,12,6,1,1,,2,2
8,63,4,7,2010,3,2,1,2,2,1,1,1,1,1,1,1,1,2,4,6,1,1,,2,2
9,63,4,9,2010,4,1,1,2,2,1,2,2,1,1,1,1,1,2,9,6,1,2,,2,2
7,63,4,4,2010,4,1,1,2,2,1,1,1,1,1,1,1,1,2,7,6,1,1,,2,2
9,63,4,4,2010,3,1,1,2,2,1,1,1,1,1,1,1,1,2,8,6,1,1,37,2,2
9,63,4,4,2010,4,1,1,2,2,1,4,1,1,1,1,1,1,2,13,6,1,1,,2,2
4,63,4,5,2010,,1,1,2,2,1,,1,1,1,1,1,1,2,13,1,1,1,,2,2
4,63,4,5,2010,3,1,4,2,2,1,1,1,1,1,1,1,1,2,9,6,1,1,,2,2
4,63,4,7,2010,4,1,1,2,2,1,4,1,1,1,1,1,1,2,8,8,1,1,24,2,1
13,63,4,3,2010,4,1,1,2,2,1,1,1,1,1,1,1,1,2,,6,1,1,,2,2
8,63,4,7,2010,2,1,1,2,2,1,1,1,2,1,1,1,1,2,14,6,1,1,45,2,2
15,63,4,5,2010,4,1,1,2,2,2,4,2,2,1,1,4,1,2,13,6,1,1,,2,2
17,58,4,4,2010,3,1,1,2,2,1,1,1,1,1,1,1,1,2,7,11,1,7,,2,2
12,58,4,4,2010,3,1,1,2,2,1,1,1,1,1,1,4,1,2,7,11,1,7,30,2,2
13,58,4,6,2010,4,3,1,2,2,1,4,1,1,1,2,2,1,2,9,5,1,3,,2,2
11,58,4,8,2010,3,7,1,2,2,1,2,1,5,1,1,2,1,2,9,11,1,7,36,2,2
10,58,4,10,2010,3,1,1,2,1,1,1,1,1,1,1,2,1,2,9,6,1,1,,1,2
7,58,4,12,2010,2,7,1,2,2,1,1,1,1,1,1,1,1,2,8,11,1,7,,2,2
2,65,4,10,2010,4,1,1,2,2,1,3,1,1,1,1,1,1,2,,,,,,,
1,67,3,11,2010,2,1,1,2,2,1,1,2,1,1,1,5,2,1,9,11,1,1,45,2,2
4,62,4,11,2010,4,1,1,2,2,1,2,1,1,1,1,4,1,2,5,5,2,1,35,2,2
8,63,4,10,2010,1,1,1,2,1,2,1,1,1,1,1,1,1,2,,6,1,1,,2,2
13,63,4,11,2010,3,1,1,1,1,1,1,1,1,1,1,1,1,2,9,1,1,1,45,2,2
7,63,4,12,2010,3,1,2,2,1,1,1,1,1,1,1,1,1,2,14,6,1,3,45,2,2
9,63,4,9,2010,4,1,1,2,2,1,4,1,1,1,1,1,1,1,7,5,2,1,,2,2
9,63,3,10,2010,3,1,1,2,2,1,1,1,1,1,1,1,2,2,9,6,1,3,35,2,2
6,63,3,9,2010,4,1,1,2,2,1,4,1,1,1,1,1,1,2,8,6,1,1,,2,2
10,63,4,1,2010,4,1,1,2,2,1,4,1,1,1,1,2,1,1,14,6,1,1,,2,2
1,57,4,12,2010,3,2,1,2,2,1,1,1,1,1,1,1,1,1,9,6,1,1,,2,2
10,63,4,2,2010,3,1,1,2,2,1,1,1,1,1,1,1,1,1,7,11,1,1,,2,2
13,63,4,8,2010,1,1,1,2,2,1,4,1,1,1,1,1,1,2,,6,1,1,,2,2
6,63,3,7,2010,1,1,1,2,2,1,4,1,1,1,1,1,1,2,10,6,1,1,28,1,2
11,63,4,3,2010,2,1,1,2,2,1,1,1,1,1,1,1,1,2,9,6,1,1,,2,2
3,63,4,2,2010,3,2,1,2,2,1,1,1,1,1,1,3,1,2,14,6,1,1,26,2,2
1,62,4,10,2010,2,1,1,2,2,1,2,1,1,1,1,5,1,1,,6,1,1,,2,2
10,63,3,4,2010,2,1,1,2,2,1,1,1,1,1,1,4,1,1,4,6,1,1,,2,2
8,57,4,12,2010,1,1,1,2,1,1,4,1,1,1,1,1,1,2,,6,1,1,,1,2
8,57,4,11,2010,3,1,1,2,2,1,1,4,1,2,2,4,1,2,17,6,1,1,,2,2
5,57,1,10,2010,3,1,1,2,2,1,1,1,1,2,3,4,1,2,12,6,1,6,,2,2
8,57,4,11,2010,4,1,1,2,2,1,1,1,1,1,1,1,1,2,,6,1,1,,2,2
1,61,4,10,2010,3,3,1,2,2,1,1,1,1,1,1,1,1,,12,6,1,1,,2,2
2,61,4,11,2010,2,3,1,2,2,1,1,1,1,1,1,3,1,2,5,6,1,1,,2,2
1,61,4,11,2010,1,1,8,2,2,4,4,1,1,1,1,1,1,,14,6,1,1,,1,2
1,57,4,9,2010,4,1,1,2,2,1,1,1,1,1,2,3,1,2,4,6,1,1,,2,2
8,13,4,9,2010,2,1,1,2,2,1,1,1,1,1,1,4,1,2,4,6,1,1,,2,2
2,68,3,1,2010,3,1,1,2,2,1,1,3,1,1,1,4,1,2,11,6,2,1,1,2,2
3,57,4,11,2010,1,1,1,2,2,1,2,1,1,1,1,1,1,2,19,6,1,1,,1,2
1,60,4,9,2010,2,1,1,2,2,1,1,1,1,1,1,2,1,2,5,8,1,1,,2,2
1,61,4,9,2010,4,1,1,2,2,4,4,1,1,1,1,1,1,,9,6,1,1,,2,2
5,61,3,11,2010,3,1,1,2,2,1,1,1,1,1,1,1,1,,19,6,2,7,,2,2
1,61,4,10,2010,1,1,1,2,2,1,3,1,1,1,1,1,1,2,12,6,1,1,,2,2
3,57,4,10,2010,4,1,1,2,2,1,2,1,1,1,1,1,1,2,14,6,1,1,30,2,2
3,57,4,10,2010,1,1,1,2,2,1,2,1,1,1,1,1,1,2,19,6,1,1,,1,2
11,58,4,4,2010,3,1,1,2,2,1,1,1,1,1,1,4,1,2,7,6,1,1,30,2,2
1,67,3,11,2010,2,1,1,2,2,1,1,1,1,1,1,5,2,1,9,6,1,1,45,2,2
7,67,4,4,2010,2,1,1,2,2,1,1,1,1,1,1,2,1,2,9,6,1,1,,2,2
16,58,4,4,2010,1,1,1,2,2,1,1,1,1,1,1,2,1,2,7,6,1,1,,1,1
8,67,4,2,2010,4,1,1,1,2,1,4,2,1,1,1,1,1,2,9,6,1,2,58,2,2
2,65,4,9,2010,4,1,1,2,2,1,3,1,1,1,1,1,1,2,19,6,1,1,,2,2
1,65,4,6,2010,1,1,1,2,2,1,4,1,1,1,1,5,1,1,9,6,1,1,35,2,2
2,65,4,10,2010,4,1,1,2,2,1,3,1,1,1,1,1,1,2,1,6,1,1,,1,2
2,62,4,10,2010,3,7,1,2,2,1,1,1,1,1,1,2,1,2,5,6,2,1,22,2,2
3,62,4,12,2010,4,1,1,2,2,4,4,1,1,1,1,3,1,2,12,6,1,1,32,2,2
4,62,4,11,2010,4,1,1,2,2,1,1,1,1,1,1,4,1,2,5,6,1,1,35,2,2
10,63,4,10,2010,2,1,1,2,2,1,1,1,1,1,1,2,,,9,6,1,1,,2,2
4,63,4,9,2010,2,1,1,2,1,1,1,2,1,1,1,1,2,2,12,6,1,3,,2,2
6,58,4,11,2010,2,1,1,2,2,1,2,1,1,1,1,1,1,2,19,6,1,1,,2,2
2,61,4,7,2010,1,1,1,2,2,2,4,5,2,1,1,1,1,2,,6,1,1,,2,2
7,57,4,4,2010,1,1,1,2,2,1,4,1,1,1,2,2,1,2,5,6,1,1,,2,2
6,66,3,8,2010,2,1,1,2,2,1,1,1,1,1,1,2,1,2,6,6,1,1,,2,2
8,66,4,6,2010,3,1,1,2,2,1,1,2,1,1,1,4,1,2,14,6,1,1,,2,2
9,66,4,2,2010,4,1,1,2,2,1,4,1,1,1,1,4,1,2,4,6,1,1,,2,2
9,66,4,2,2010,2,1,1,2,2,1,1,1,1,1,1,2,1,2,14,6,1,1,,2,2
4,66,3,3,2010,3,1,1,2,2,1,1,1,1,1,1,2,1,2,,,,,,,
2,65,4,1,2010,2,1,1,2,2,1,1,1,1,1,1,1,1,2,9,6,1,1,,2,2
6,59,4,1,2010,1,1,5,2,2,1,4,1,1,2,2,2,1,2,9,6,1,1,,2,2
8,38,4,1,2010,3,7,8,2,2,1,1,1,1,3,2,4,1,2,16,7,1,1,25,2,2
1,38,4,1,2010,1,1,1,2,2,1,3,1,1,1,1,1,1,2,9,6,1,1,38,2,2
2,36,4,1,2010,2,3,1,2,2,1,1,1,1,1,1,1,1,2,9,1,1,1,,2,2
1,45,4,1,2010,2,1,1,2,2,1,1,1,1,1,1,1,1,2,9,6,1,1,,2,2
1,47,4,1,2010,3,1,1,2,2,1,2,1,1,1,1,1,1,2,9,6,1,1,35,2,2
10,47,3,11,2010,2,1,1,2,2,1,1,1,1,1,1,2,1,2,4,6,1,1,50,2,2
5,47,4,1,2010,1,3,1,2,2,1,2,1,1,1,1,1,1,2,14,6,1,6,34,2,2
5,47,4,1,2010,3,3,1,2,2,1,1,1,1,1,2,1,1,2,14,6,1,6,40,2,2
12,47,4,1,2010,3,1,1,2,2,1,1,2,1,1,1,1,2,2,9,9,1,1,,2,2
12,47,1,1,2010,3,1,1,2,2,1,1,2,1,1,1,1,1,2,9,6,1,1,,2,2
12,51,4,1,2010,3,1,1,2,2,1,1,1,1,1,1,3,1,2,17,6,2,6,23,2,2
2,50,4,1,2010,2,1,1,2,2,1,1,1,1,1,1,1,1,2,5,6,1,1,,2,2
10,52,4,1,2010,3,4,1,2,2,1,1,2,1,1,1,3,1,2,8,1,1,1,35,2,2
1,49,4,1,2010,2,1,1,2,2,1,1,2,1,1,1,2,1,2,9,1,1,1,,2,2
4,44,4,1,2010,4,1,4,2,2,4,3,1,1,1,1,5,1,1,9,6,1,1,,2,2
3,44,4,1,2010,3,1,1,2,2,1,1,1,1,1,1,1,1,1,9,6,1,1,,2,2
3,44,3,1,2010,2,1,1,2,2,1,1,1,1,1,1,5,1,1,14,6,1,1,40,2,2
7,44,4,1,2010,2,1,1,2,2,1,1,1,1,1,1,4,1,2,5,6,1,3,,2,2
5,44,4,1,2010,2,3,3,2,2,1,1,1,1,3,1,1,1,2,13,8,1,1,,2,2
2,52,4,1,2010,2,4,1,2,2,1,1,1,1,1,1,3,1,2,6,6,1,1,36,2,2
4,37,4,1,2010,2,1,3,2,2,1,1,3,1,1,1,3,1,2,8,6,1,3,35,2,2
2,37,4,1,2010,1,1,1,2,2,1,4,1,1,1,1,3,1,2,13,1,1,6,,2,2
6,40,3,1,2010,3,1,2,2,2,1,1,1,1,1,1,1,1,2,9,6,1,6,,2,2
3,40,4,1,2010,3,1,1,2,2,1,1,1,1,1,1,4,1,2,9,6,1,6,40,2,2
1,38,4,2,2010,3,1,1,2,2,1,1,1,1,1,1,1,1,1,9,6,1,6,42,2,2
2,43,4,2,2010,1,5,1,2,2,1,2,1,1,1,1,1,1,2,15,6,1,3,,2,2
4,44,4,2,2010,2,1,1,2,2,1,1,1,1,1,1,5,1,1,14,6,1,1,35,2,2
3,44,4,1,2010,2,1,1,2,2,1,1,1,1,1,1,1,1,2,15,6,1,3,,2,2