Thana,District,Accident_Severity,Month,Year,Time,Junction_Type,Traffic_Control,Movement,Divider,Weather,Light,Road_Geometry,Surface_Condition,Surface_Type,Surface_Quality,Road_Class,Road_Feature,Location_Type,Vehicle_Type,Vehicle_Movement,Vehicle_Loading,Vehicle_Defect,Vehicle_Driver_Age,Vehicle_Alcohol,Vehicle_Seat_Belt
7,44,4,2,2010,4,3,1,2,2,1,3,1,1,1,1,1,1,1,14,6,1,7,,2,2
5,44,4,2,2010,3,1,1,2,2,1,1,1,5,2,1,2,1,2,10,6,1,3,,2,2
2,49,4,2,2010,3,1,1,2,2,1,1,1,1,1,1,3,1,2,12,6,1,1,,2,2
2,41,4,2,2010,2,1,1,2,2,1,1,1,1,1,1,2,1,2,14,6,1,3,30,2,2
6,41,4,1,2010,3,3,1,2,2,1,1,1,1,1,1,3,1,1,19,6,1,1,,2,2
4,50,4,2,2010,3,1,1,2,2,1,1,1,1,1,1,4,1,2,17,6,2,6,30,2,2
1,45,4,2,2010,3,1,1,2,2,1,1,1,1,1,1,4,1,2,19,6,1,3,,2,2
2,45,3,2,2010,2,1,1,2,2,1,1,1,1,1,1,1,1,2,9,6,1,4,,2,2
1,35,4,2,2010,2,1,1,2,2,1,1,1,1,1,1,2,1,2,14,6,1,3,,2,2
3,37,4,2,2010,2,1,1,2,2,1,1,1,1,1,1,4,1,2,19,6,2,6,,2,2
5,37,4,2,2010,3,1,1,2,2,1,1,1,1,1,1,3,1,2,8,6,1,1,,2,2
1,51,4,2,2010,2,1,1,2,2,1,1,1,1,1,1,5,1,1,17,6,1,1,,2,2
1,51,4,2,2010,3,3,1,2,2,1,2,3,1,1,1,5,1,1,4,6,1,6,35,2,2
1,51,4,2,2010,3,1,1,2,2,1,1,2,1,1,2,3,1,2,18,6,2,6,,2,2
12,47,1,2,2010,4,1,1,2,2,1,2,2,1,1,1,4,1,2,19,6,2,6,,2,2
5,47,4,2,2010,3,1,1,2,2,1,1,2,1,1,1,1,1,2,14,6,1,1,40,2,2
1,47,2,2,2010,4,1,1,2,2,1,2,1,1,1,1,5,1,1,15,6,1,4,30,2,2
11,47,4,2,2010,3,1,1,2,2,1,1,1,1,1,1,5,1,1,16,6,1,3,30,2,2
1,40,4,2,2010,4,1,1,2,2,1,2,1,1,1,1,1,1,1,19,6,1,3,,2,2
7,40,4,2,2010,4,1,1,2,2,1,2,1,1,1,1,4,1,2,4,6,1,1,25,2,2
7,40,4,2,2010,3,1,1,2,2,1,1,1,1,1,1,2,1,2,9,6,1,1,30,2,2
7,40,4,2,2010,3,1,1,2,2,1,1,1,1,1,1,2,1,2,4,6,1,1,,2,2
3,40,4,2,2010,1,1,1,2,2,1,4,1,1,1,1,1,1,2,19,6,1,1,,2,2
1,35,4,3,2010,2,2,1,2,2,1,1,1,1,1,1,1,1,1,14,6,1,1,35,2,2
7,38,3,3,2010,3,1,1,2,2,1,1,1,1,1,1,1,1,2,4,6,1,1,25,2,2
2,50,4,3,2010,2,1,1,2,2,1,1,1,1,1,1,1,1,2,9,6,1,1,,2,2
5,50,4,3,2010,2,1,1,2,2,1,2,1,1,1,1,2,1,2,14,6,1,6,30,2,2
8,50,4,3,2010,3,1,1,2,2,1,1,1,5,2,2,3,1,2,14,6,1,3,,2,2
6,41,4,3,2010,2,2,1,2,2,1,1,1,1,1,1,1,1,1,9,6,1,1,25,2,2
6,41,4,3,2010,2,3,1,2,2,1,1,1,1,1,1,3,1,1,8,6,1,1,,2,2
2,45,3,2,2010,3,1,1,2,2,1,1,1,1,1,1,1,1,2,7,6,1,1,,2,2
1,49,4,3,2010,2,1,1,2,2,1,1,1,1,1,1,2,1,2,14,6,1,1,,2,2
1,49,4,3,2010,3,1,1,2,2,1,1,1,1,1,1,2,1,2,9,6,1,1,,2,2
4,49,3,3,2010,2,1,1,2,2,1,1,1,1,1,1,4,1,2,6,1,1,6,24,2,2
6,48,4,3,2010,2,1,3,2,2,1,1,1,1,1,1,4,1,2,19,6,2,6,18,2,2
6,48,4,3,2010,2,1,1,2,2,1,1,4,1,1,1,3,1,2,8,6,1,1,,2,2
1,48,4,3,2010,3,1,1,2,2,1,1,2,1,1,1,4,1,2,17,6,2,6,,2,2
3,48,4,3,2010,3,3,1,2,2,1,1,1,1,1,1,4,1,2,4,6,1,1,,2,2
2,48,4,3,2010,3,4,1,2,2,1,1,1,1,1,1,4,1,2,4,6,1,1,,2,2
1,51,4,3,2010,2,1,1,2,2,1,1,1,1,1,1,2,1,2,9,6,1,6,,2,2
11,51,3,3,2010,2,1,3,2,2,1,1,1,1,1,1,3,1,2,19,6,2,6,15,2,2
9,51,4,3,2010,3,1,1,2,2,1,1,1,1,1,1,4,1,2,9,6,1,1,,2,2
3,43,4,3,2010,2,1,1,2,2,1,1,1,1,1,1,1,1,1,14,6,1,1,26,2,2
4,44,4,3,2010,3,1,1,2,2,1,1,1,1,1,1,5,1,1,8,6,1,1,,2,2
7,44,4,3,2010,4,1,1,2,2,1,2,1,1,1,1,1,1,2,8,6,1,6,,2,2
1,35,1,2,2010,4,1,1,2,2,1,2,1,1,1,1,3,5,1,10,6,1,1,,2,2
1,35,4,4,2010,3,1,1,2,2,1,1,1,1,1,1,3,1,2,19,6,1,1,,2,2
8,38,4,4,2010,4,1,1,2,2,1,2,1,1,1,1,3,1,2,4,6,1,1,32,2,2
12,51,4,4,2010,3,1,3,2,2,1,1,1,1,1,1,3,1,2,9,6,1,1,28,2,2
8,51,4,4,2010,4,1,1,2,2,1,2,1,1,1,1,4,1,2,12,6,1,1,25,2,2
3,51,3,3,2010,4,1,1,2,2,1,4,1,1,2,2,4,1,2,4,6,1,1,,2,2
2,51,4,4,2010,2,1,1,2,2,1,1,1,1,3,2,4,1,2,17,6,2,6,35,2,2
4,41,4,3,2010,2,1,1,2,2,1,1,1,1,1,1,3,1,2,9,6,1,3,,2,2
12,47,4,4,2010,2,1,1,2,2,1,1,1,1,1,1,1,1,2,4,6,1,1,28,2,2
7,47,4,4,2010,2,1,1,2,2,1,2,1,1,1,1,1,1,2,13,6,1,6,30,2,2
5,45,4,4,2010,3,1,1,2,2,1,1,1,1,1,1,1,1,2,9,6,1,1,,2,2
1,49,4,4,2010,2,1,1,2,2,1,1,1,1,1,1,2,1,1,14,6,1,1,40,2,2
1,49,4,4,2010,4,1,1,2,2,1,3,1,1,1,1,3,1,2,4,6,1,3,26,2,2
2,48,4,4,2010,3,1,3,2,2,1,1,1,1,1,1,3,1,2,19,6,2,6,25,2,2
3,48,4,4,2010,3,1,1,2,2,1,1,1,1,1,1,4,1,2,4,6,1,3,,2,2
1,40,3,3,2010,4,1,1,2,2,1,1,1,1,1,1,1,1,1,9,6,1,1,,2,2
1,40,3,3,2010,3,1,1,2,2,1,1,1,1,1,1,1,1,2,9,6,1,4,,2,2
7,40,3,3,2010,4,4,1,2,2,1,2,1,1,1,1,2,1,2,8,6,1,6,35,2,2
6,40,4,3,2010,4,1,1,2,2,1,1,1,1,1,1,1,1,2,9,6,1,3,,2,2
1,40,3,4,2010,3,1,1,2,2,1,1,1,1,1,1,1,1,2,9,6,1,3,,2,2
1,40,3,4,2010,4,1,1,2,2,1,3,1,1,1,1,1,1,1,4,6,1,1,,2,2
7,40,4,4,2010,2,1,1,2,2,1,1,2,1,1,1,2,1,2,8,6,1,1,,2,2
1,40,4,4,2010,3,1,1,2,2,1,1,1,2,1,1,1,1,2,5,6,1,1,,2,2
1,40,4,5,2010,1,1,1,2,2,1,4,1,1,1,1,1,1,1,13,6,1,3,,2,2
6,40,4,5,2010,3,1,1,2,2,1,1,1,1,1,3,4,1,2,8,6,1,1,28,2,2
1,38,4,5,2010,2,1,1,2,2,1,1,1,1,1,1,1,1,2,7,6,1,1,27,2,2
1,38,3,4,2010,4,1,1,2,2,1,2,2,1,1,1,1,1,1,7,6,1,1,24,2,2
3,38,4,5,2010,4,1,1,2,2,1,4,1,1,1,1,1,1,2,14,6,1,1,,2,2
4,44,3,5,2010,4,1,1,2,2,1,3,1,1,1,1,2,1,2,15,6,1,1,40,2,2
4,44,4,5,2010,2,1,1,2,2,1,1,1,1,1,1,3,1,2,9,6,1,1,,2,2
1,50,4,5,2010,4,1,1,2,2,1,2,1,1,1,1,5,1,1,14,6,1,1,38,2,2
13,50,4,5,2010,1,1,1,2,2,1,4,1,1,1,1,3,1,2,14,6,1,1,,2,2
7,51,4,5,2010,2,3,1,2,2,1,1,1,1,1,1,3,1,2,6,6,1,1,,2,2
7,51,4,5,2010,3,1,1,2,2,1,1,1,1,1,1,3,1,2,6,9,1,1,38,2,2
12,51,4,5,2010,4,1,1,2,2,1,3,1,1,1,1,5,1,1,6,6,2,6,,2,2
12,47,4,5,2010,1,1,1,2,2,1,1,1,1,1,1,1,1,2,9,6,1,1,,2,2
12,47,4,5,2010,1,1,1,2,2,1,4,1,1,1,1,1,1,2,19,6,1,1,,2,2
1,49,4,5,2010,3,1,1,2,2,1,1,1,1,1,1,4,1,2,17,6,2,6,28,2,2
3,49,3,5,2010,3,1,1,2,2,1,1,1,1,1,1,3,1,1,4,6,1,1,,2,2
10,52,4,4,2010,3,1,1,2,2,1,3,1,1,1,1,3,1,2,19,6,1,1,,2,2
1,43,3,4,2010,3,1,1,2,2,1,1,1,1,1,1,5,1,1,4,6,1,1,23,2,2
1,43,4,5,2010,2,1,1,2,2,1,1,1,1,1,1,4,1,2,14,6,1,1,26,2,2
4,43,4,4,2010,4,1,1,2,2,1,4,1,1,1,1,4,1,2,19,6,1,1,,2,2
4,45,4,5,2010,2,1,1,2,2,1,1,1,1,1,1,3,1,1,17,6,2,6,50,2,2
3,39,4,1,2010,4,1,1,2,2,1,1,1,1,1,1,1,1,1,9,6,1,1,,2,2
1,39,4,1,2010,3,1,1,2,2,1,1,1,1,1,1,1,1,1,8,6,1,1,,2,2
3,39,4,4,2010,2,2,1,2,2,1,1,2,1,1,1,1,1,2,9,6,1,1,,2,2
4,39,4,5,2010,3,2,1,2,2,1,1,1,1,1,1,2,1,1,14,8,1,1,,2,2
3,39,4,2,2010,2,1,4,2,2,1,1,2,1,1,1,1,1,2,14,6,1,1,,2,2
3,39,4,5,2010,3,1,1,2,2,1,1,1,1,1,1,1,1,2,9,6,1,1,22,2,2
3,39,4,5,2010,1,1,1,2,2,1,4,1,2,1,1,1,1,2,9,6,1,1,,2,2
1,39,4,3,2010,3,1,1,2,2,1,1,2,1,1,1,1,1,2,9,6,1,1,,2,2
1,40,4,6,2010,2,1,1,2,2,1,1,1,1,1,1,1,1,1,14,6,1,1,,2,2
5,40,4,6,2010,4,1,1,2,2,1,4,1,1,1,1,1,1,2,9,6,1,1,40,2,2
12,47,4,6,2010,4,1,1,2,2,1,4,1,1,1,1,1,1,2,10,6,1,1,,2,2
12,47,4,6,2010,3,1,1,2,2,1,1,1,1,1,1,1,1,2,9,6,1,1,,2,2
4,47,1,6,2010,3,1,1,2,2,1,1,1,1,1,1,1,1,2,9,5,1,1,,2,2
4,43,4,6,2010,3,1,1,2,2,1,1,1,1,1,1,1,1,2,9,6,1,1,25,2,2
3,48,3,6,2010,4,2,1,2,2,1,4,1,1,1,1,4,1,2,12,6,2,3,,2,2
1,36,3,6,2010,2,1,1,2,2,1,1,1,1,1,1,1,1,2,7,6,1,1,,2,2
2,35,4,6,2010,2,1,1,2,2,1,1,1,1,1,1,4,1,2,4,6,1,1,28,2,2
4,35,4,6,2010,3,1,1,2,2,1,1,1,1,1,3,4,1,2,8,6,1,1,25,2,2
5,38,3,6,2010,2,1,1,2,2,1,1,1,1,1,1,4,1,2,4,6,1,1,27,2,2
6,38,4,6,2010,3,1,1,2,2,1,1,1,1,1,1,1,1,2,14,6,1,1,,2,2
12,50,4,7,2010,1,1,1,2,2,1,2,1,1,1,1,1,1,2,14,6,1,1,,2,2
2,50,4,7,2010,3,1,1,2,2,1,1,1,1,1,1,2,1,2,9,6,1,1,,2,2
5,50,3,6,2010,4,1,1,2,2,1,4,1,1,1,1,4,1,2,19,6,2,6,30,2,2
7,44,4,6,2010,2,1,1,2,2,1,1,1,1,1,1,1,1,2,14,6,1,1,,2,2
8,47,4,7,2010,4,1,1,2,2,2,4,1,2,1,1,1,1,2,19,6,1,1,,2,2
4,43,4,7,2010,2,1,1,2,2,1,1,1,1,1,1,3,1,2,8,6,1,1,,2,2
4,45,3,7,2010,2,1,1,2,2,1,1,1,1,1,1,3,1,2,5,6,1,1,42,2,2
2,45,4,6,2010,2,1,1,2,2,1,4,1,1,1,1,1,3,2,19,6,1,1,,2,2
4,38,4,7,2010,4,1,1,2,2,1,4,1,1,1,1,4,1,2,13,6,1,1,,2,2
6,38,4,7,2010,1,1,1,2,2,1,4,1,1,1,1,1,1,2,19,6,1,1,,2,2
3,37,4,7,2010,2,1,1,2,2,1,1,1,2,1,1,4,1,2,19,6,1,1,30,2,2
2,44,4,7,2010,4,1,1,2,2,1,4,1,1,1,1,2,1,2,9,6,1,1,,2,2
5,40,4,7,2010,3,1,1,2,2,1,1,1,1,1,1,1,1,2,9,6,1,1,,2,2
5,40,4,7,2010,3,1,1,2,2,1,1,1,1,2,1,4,1,2,4,6,1,1,20,2,2
6,40,4,7,2010,2,1,1,2,2,1,1,1,1,1,1,1,1,2,19,6,1,1,,2,2
2,40,4,7,2010,2,1,1,2,2,1,1,1,1,1,1,3,1,2,14,9,1,1,,2,2
7,38,3,8,2010,2,1,1,2,2,1,1,1,1,1,1,3,1,1,19,6,2,6,22,2,2
1,35,4,8,2010,3,1,1,2,2,1,1,1,1,1,1,2,1,2,12,6,1,1,29,2,2
2,36,4,8,2010,4,1,1,2,2,1,4,1,2,1,1,5,1,1,19,6,1,1,,2,2
1,45,4,8,2010,2,1,1,2,2,1,3,1,1,1,1,1,1,1,14,6,1,1,,2,2
1,49,4,8,2010,3,1,1,2,2,1,1,1,1,1,1,2,1,2,5,6,1,1,40,2,2
5,41,4,10,2010,2,1,1,2,2,1,1,1,1,1,1,1,2,1,9,6,1,6,,2,2
5,41,3,8,2010,4,1,1,2,2,1,4,1,1,1,1,1,1,1,10,6,1,3,,2,2
5,41,4,9,2010,3,1,1,2,2,1,1,1,1,1,1,4,1,2,12,6,1,3,,2,2
5,41,4,8,2010,3,1,2,2,2,1,1,1,1,1,1,1,1,1,19,6,1,3,,2,2
5,41,4,9,2010,1,1,1,2,2,1,2,1,1,1,1,1,1,1,19,6,1,3,,2,2
4,41,4,5,2010,4,1,1,2,2,1,2,1,1,1,2,3,1,2,13,2,2,6,27,2,2
7,41,4,5,2010,1,1,1,2,2,1,2,1,1,1,1,3,1,2,9,1,1,3,,2,2
7,41,4,5,2010,4,1,1,2,2,1,2,1,1,1,1,2,1,2,8,6,1,3,,2,2
7,41,4,5,2010,2,1,1,2,2,1,1,1,1,1,1,2,1,2,9,6,1,1,,2,2
7,41,3,6,2010,4,3,1,2,2,1,3,1,1,1,1,2,1,2,8,6,1,1,26,2,2
7,41,4,6,2010,2,1,1,2,2,1,2,1,1,1,1,2,1,1,9,4,1,1,22,2,2
7,41,3,7,2010,3,3,3,2,2,1,1,1,1,1,1,2,1,1,8,6,1,1,38,2,2
7,41,4,7,2010,2,1,1,2,2,1,1,1,1,1,1,2,1,2,8,6,1,3,40,2,2
7,41,4,5,2010,3,1,1,2,2,1,1,1,1,1,2,2,1,2,14,6,1,1,,2,2
7,41,4,5,2010,2,3,1,2,2,1,1,1,1,1,1,3,1,2,14,6,1,3,35,2,2
7,41,4,8,2010,2,1,1,2,2,1,1,1,1,1,1,1,1,1,6,8,1,1,,2,2
7,41,3,8,2010,3,1,1,2,2,1,1,1,1,1,1,1,1,1,14,6,1,1,28,2,2
7,41,4,8,2010,4,3,4,2,2,1,4,1,1,1,1,1,1,1,19,6,1,1,,2,2
7,41,4,8,2010,3,1,1,2,2,1,1,1,1,1,1,2,1,2,13,6,1,1,30,2,2
7,41,4,9,2010,3,3,1,2,2,1,1,1,1,1,1,1,1,1,14,6,1,3,50,2,2
7,41,3,9,2010,2,1,1,2,2,1,1,1,1,1,1,2,1,2,19,6,1,3,28,2,2
5,46,4,8,2010,3,1,1,2,2,1,1,1,1,1,1,2,1,2,4,6,1,1,27,2,2
5,46,4,8,2010,3,1,1,2,2,1,1,1,1,1,1,1,1,2,9,6,1,3,,2,2
5,46,4,8,2010,1,1,1,2,2,1,4,1,1,1,1,1,1,2,19,6,1,1,,2,2
5,46,4,9,2010,3,1,1,2,2,1,1,1,1,1,1,1,1,2,9,6,1,6,,2,2
6,46,4,1,2010,4,1,1,2,2,1,3,1,1,1,1,1,1,1,19,6,1,3,,2,2
6,46,4,3,2010,1,1,1,2,2,1,3,1,1,1,1,1,1,1,14,6,1,1,,2,2
6,46,4,2,2010,1,1,1,2,2,1,1,1,1,1,1,1,1,1,14,6,1,1,30,2,2
6,46,4,4,2010,4,1,1,2,2,1,3,1,1,1,1,1,1,1,9,6,1,1,,2,2
6,46,4,4,2010,1,2,1,2,2,1,3,1,1,1,1,1,1,1,14,6,1,1,,2,2
6,46,4,9,2010,3,2,1,2,2,1,1,1,1,1,1,1,1,1,19,6,1,1,,2,2
2,46,4,2,2010,1,1,1,2,2,1,4,1,1,1,1,2,1,2,19,6,1,1,,2,2
2,46,4,5,2010,1,5,4,2,2,1,3,1,1,1,1,1,1,1,14,6,1,3,,2,2
2,46,4,5,2010,3,1,1,2,2,1,1,1,1,1,1,1,1,2,19,6,1,3,,2,2
2,46,4,7,2010,2,5,1,2,2,1,3,1,1,1,1,1,1,2,9,6,1,3,,2,2
2,46,4,5,2010,3,1,1,2,2,1,1,1,1,1,1,1,1,1,19,6,1,3,,2,2
1,46,4,1,2010,2,1,1,2,2,1,1,1,1,1,1,1,1,1,9,6,1,1,,2,2
1,46,4,2,2010,3,2,1,2,2,1,1,1,1,1,1,1,1,2,9,6,1,3,,2,2
1,46,4,3,2010,3,1,1,2,2,1,1,1,1,1,1,1,1,2,9,6,1,3,,2,2
1,46,4,3,2010,2,2,3,2,2,1,1,1,1,1,1,1,1,2,9,6,1,1,,2,2
1,46,4,4,2010,1,2,1,2,2,1,4,1,1,1,1,1,1,2,9,6,1,6,,2,2
1,46,4,4,2010,3,2,1,2,2,1,1,1,1,1,1,1,1,1,9,6,1,6,,2,2
1,46,4,4,2010,2,1,1,2,2,1,1,1,1,1,1,1,1,1,14,6,1,3,,2,2
1,46,4,6,2010,2,3,1,2,2,1,1,1,1,1,1,1,1,2,9,6,1,1,,2,2
1,46,4,4,2010,3,1,1,2,2,1,1,1,1,1,1,2,1,1,9,6,1,1,,2,2
1,46,4,9,2010,2,1,1,2,2,1,1,1,1,1,1,1,1,1,9,6,1,1,,2,2
1,46,4,9,2010,3,1,1,2,2,1,1,1,1,1,1,1,1,1,9,6,1,1,,2,2
1,46,4,8,2010,2,1,1,2,2,1,1,1,1,1,1,1,1,1,9,6,1,1,,2,2
1,50,3,8,2010,3,1,1,2,2,1,1,4,1,1,1,3,1,2,12,6,1,6,,2,2
11,50,4,8,2010,3,1,1,2,2,1,1,1,1,1,1,2,1,1,9,6,1,1,,2,2
7,44,4,8,2010,1,1,3,2,2,1,4,1,1,1,1,1,1,2,14,6,1,3,,2,2
1,51,4,7,2010,4,1,1,2,2,1,4,2,2,3,2,4,2,2,19,6,2,6,28,2,2
7,51,3,7,2010,2,1,1,2,2,1,1,1,1,1,1,3,1,2,19,6,1,6,25,2,2
7,51,4,7,2010,2,1,1,2,2,1,1,1,1,1,1,4,1,2,19,6,2,6,27,2,2
3,51,4,7,2010,3,1,4,2,2,1,1,1,1,2,1,3,1,2,14,6,1,1,,2,2
3,51,4,8,2010,2,1,1,2,2,1,1,1,1,1,1,4,1,2,9,6,1,1,,2,2
4,51,4,8,2010,4,1,1,2,2,2,4,1,2,1,1,1,1,2,9,6,1,1,,2,2
9,51,4,9,2010,4,1,1,2,2,1,4,1,1,1,1,2,1,2,19,6,1,3,,2,2
7,47,4,8,2010,4,1,1,2,2,1,3,1,1,1,1,1,2,1,19,6,1,3,,2,2
12,47,4,9,2010,2,1,1,2,2,1,1,1,1,1,1,1,1,2,14,6,1,1,,2,2
5,47,4,9,2010,3,2,1,2,2,1,1,1,1,1,1,1,1,1,9,6,1,3,43,2,2
9,47,4,9,2010,1,1,1,2,2,1,2,1,1,1,1,1,1,1,9,6,2,1,,2,2
6,38,4,9,2010,3,1,1,2,2,1,1,1,1,1,1,4,1,2,4,6,1,1,45,2,2
4,35,4,9,2010,2,1,1,2,2,1,2,1,1,1,1,2,1,2,9,6,1,6,,2,2
1,40,4,8,2010,4,2,1,2,2,1,4,1,1,1,1,1,1,2,9,6,1,1,,2,2
1,40,4,8,2010,1,2,1,2,2,1,4,1,1,1,1,1,2,2,9,6,1,1,,2,2
3,40,4,8,2010,2,1,1,2,2,2,2,1,2,1,1,1,1,1,14,6,1,1,,2,2
1,40,4,9,2010,2,2,1,2,2,1,1,3,1,1,1,1,1,2,9,6,1,3,35,2,2
1,40,4,9,2010,2,2,1,2,2,1,1,2,1,1,1,1,1,2,9,6,1,6,,2,2
1,40,4,9,2010,1,2,3,2,2,1,3,1,1,1,1,1,2,2,19,6,1,1,,2,2
1,40,4,9,2010,2,2,1,2,2,2,1,2,1,1,1,1,1,2,9,6,1,1,,2,2
1,48,4,9,2010,4,1,1,2,2,1,4,1,1,1,1,5,1,1,19,6,1,3,,2,2
3,48,4,8,2010,4,1,1,2,2,1,2,1,1,1,1,4,2,2,4,6,1,1,,2,2
1,49,4,9,2010,4,1,1,2,2,1,4,1,1,1,1,3,1,2,14,6,1,6,,2,2
3,49,4,9,2010,1,1,1,2,2,1,4,1,1,1,1,3,1,2,4,6,1,1,,2,2
3,49,4,2,2010,2,1,1,2,2,1,4,1,1,1,1,3,1,2,14,6,1,1,,2,2
6,51,4,1,2010,4,1,1,2,2,1,2,1,1,1,1,3,1,2,7,6,1,1,,2,2
1,52,4,5,2010,3,3,1,2,2,1,1,1,1,1,1,2,1,2,6,6,1,3,26,2,2
3,52,4,6,2010,3,1,1,2,2,1,1,1,3,1,1,3,1,2,19,6,2,3,26,2,2
10,52,4,7,2010,2,1,1,2,2,1,1,1,1,1,1,3,1,2,7,6,1,1,25,2,2
4,44,4,9,2010,2,1,1,2,2,1,1,1,1,1,1,5,1,2,8,6,1,1,,2,2
7,44,4,9,2010,4,1,1,2,2,1,1,1,1,1,1,1,1,1,19,6,1,3,,2,2
5,44,4,9,2010,3,1,1,2,2,1,4,1,1,1,1,1,1,2,9,6,1,1,,2,2
5,44,4,9,2010,3,1,1,2,2,1,1,1,1,1,1,1,1,2,19,6,1,1,,2,2
5,44,4,9,2010,2,1,1,2,2,1,3,1,1,1,1,1,1,1,9,6,1,1,,2,2
4,44,4,9,2010,4,1,3,2,2,1,3,1,1,1,1,5,1,2,14,6,1,1,,2,2
4,44,3,10,2010,2,1,1,2,2,1,1,1,1,1,1,5,1,1,8,6,1,1,,2,2
4,44,4,10,2010,4,1,1,2,2,1,2,1,1,1,1,5,1,1,9,6,1,1,,2,2
7,44,4,6,2010,1,1,1,2,2,1,1,1,1,1,1,1,1,2,19,6,1,1,,2,2
7,44,4,2,2010,4,1,1,2,2,1,3,1,1,1,1,1,1,1,19,6,1,1,,2,2
1,51,4,11,2010,2,1,1,2,2,1,1,1,1,1,1,2,1,2,9,6,1,1,,2,2
8,51,4,10,2010,2,1,1,2,2,1,1,1,1,1,1,4,1,2,12,6,1,3,,2,2
10,52,4,10,2010,3,1,1,2,2,1,1,1,1,1,1,4,1,2,8,6,1,1,,2,2
5,52,4,10,2010,2,1,1,2,2,1,1,2,1,1,1,3,1,2,19,6,1,1,,2,2
1,41,4,10,2010,4,3,1,2,2,1,3,1,1,1,1,1,1,1,9,6,1,1,,2,2
7,41,4,10,2010,4,1,3,2,2,1,3,1,1,1,1,1,1,1,19,6,1,1,,2,2
7,41,4,10,2010,3,1,1,2,2,1,1,1,1,1,1,1,1,1,9,6,1,1,,2,2
6,41,3,10,2010,2,1,1,2,2,1,1,1,1,1,1,1,1,2,14,6,1,1,,2,2
2,49,3,10,2010,2,1,1,2,2,1,1,1,1,1,1,3,1,2,5,6,1,3,,2,2
12,47,3,10,2010,2,1,1,2,2,1,1,1,1,1,1,1,1,2,9,6,1,6,,2,2
12,47,4,10,2010,4,1,1,2,2,1,4,1,1,1,1,1,1,2,14,6,1,1,,2,2
1,47,4,10,2010,1,1,1,2,2,1,3,1,1,1,1,1,1,2,19,6,1,1,,2,2
4,35,3,10,2010,2,1,1,2,2,1,1,1,1,1,1,1,1,2,7,6,1,1,,2,2
1,38,4,10,2010,1,1,1,2,2,1,2,1,1,1,1,1,1,2,19,6,1,1,,2,2
1,38,4,10,2010,1,1,1,2,2,1,4,1,1,1,1,1,1,2,19,6,1,1,,2,2
1,45,4,10,2010,3,1,1,2,2,1,1,1,1,1,1,1,1,1,9,6,1,1,45,2,2
4,44,4,11,2010,3,1,1,2,2,1,1,1,1,1,1,5,1,2,8,6,1,1,29,2,2
4,44,4,11,2010,3,1,1,2,2,1,1,1,1,1,1,2,1,2,15,6,1,1,,2,2
6,44,4,11,2010,2,1,1,2,2,1,1,1,1,1,1,1,2,1,14,6,1,1,30,2,2
7,44,4,11,2010,3,1,1,2,2,1,1,1,1,1,1,1,1,2,8,6,1,4,35,2,2
7,44,4,11,2010,2,1,1,2,2,1,1,1,1,1,1,1,1,2,9,6,1,1,,2,2
9,47,4,10,2010,4,1,1,2,2,1,4,1,1,1,1,1,1,2,14,6,1,1,30,2,2
8,47,4,11,2010,4,1,1,2,2,1,2,1,1,1,1,1,1,2,9,6,1,1,40,2,2
12,47,4,11,2010,3,1,1,2,2,1,1,1,1,1,1,1,1,2,14,6,2,5,,2,2
12,47,4,11,2010,2,1,1,2,2,1,1,1,1,1,1,1,1,2,9,6,1,1,,2,2
9,47,4,11,2010,2,1,1,2,2,1,1,1,1,1,1,1,1,2,19,6,1,1,,2,2
1,35,4,11,2010,2,1,1,2,2,1,1,1,1,1,1,2,1,2,8,6,1,1,60,2,2
5,45,4,10,2010,4,1,1,2,2,1,1,1,1,1,1,1,1,1,9,6,1,1,,2,2
2,45,4,11,2010,1,1,1,2,2,1,2,1,1,1,1,1,1,2,19,6,1,1,,2,2
7,41,4,11,2010,3,1,1,2,2,1,1,1,1,1,1,1,1,1,15,6,1,1,,2,2
7,41,4,11,2010,3,1,1,2,2,1,1,1,1,1,1,1,1,1,14,6,1,1,,2,2
1,38,3,11,2010,2,1,1,2,2,1,1,1,1,1,1,1,1,1,9,6,1,1,,2,2
3,38,4,11,2010,2,1,1,2,2,1,1,2,1,1,1,1,1,2,9,2,1,1,,2,2
7,41,4,12,2010,1,1,1,2,2,1,3,1,1,1,1,2,1,1,6,6,1,1,,2,2
7,41,4,12,2010,1,3,1,2,2,1,3,1,1,1,1,2,1,1,19,6,1,1,,2,2
7,41,4,12,2010,4,1,1,2,2,1,4,1,1,1,1,1,1,2,9,6,1,1,,2,2
7,41,3,12,2010,2,1,1,2,2,1,1,1,1,1,1,2,1,1,8,6,1,1,,2,2
7,41,4,12,2010,3,1,3,2,2,1,1,3,1,1,1,2,1,1,8,6,1,1,,2,2
7,41,4,12,2010,4,1,1,2,2,1,3,1,1,1,1,1,1,1,15,6,1,3,,2,2
1,51,4,12,2010,2,1,1,2,2,1,1,1,1,1,1,2,1,2,9,6,1,1,,2,2
7,41,4,12,2010,2,1,1,2,2,4,1,1,1,1,1,4,1,2,6,6,2,6,32,2,2
2,51,4,12,2010,3,1,1,2,2,1,1,3,1,3,2,4,1,2,17,6,1,1,26,2,2
1,48,3,10,2010,3,3,1,2,2,1,1,1,1,1,1,3,1,1,9,6,1,1,,2,2
1,48,4,11,2010,3,1,1,2,2,1,1,1,1,1,1,1,1,2,14,6,1,3,,2,2
1,48,4,11,2010,1,1,1,2,2,4,2,1,1,1,1,1,1,2,13,6,1,3,,2,2