Thana,District,Accident_Severity,Month,Year,Time,Junction_Type,Traffic_Control,Movement,Divider,Weather,Light,Road_Geometry,Surface_Condition,Surface_Type,Surface_Quality,Road_Class,Road_Feature,Location_Type,Vehicle_Type,Vehicle_Movement,Vehicle_Loading,Vehicle_Defect,Vehicle_Driver_Age,Vehicle_Alcohol,Vehicle_Seat_Belt
2,48,3,11,2010,2,1,1,2,2,1,1,1,1,1,1,3,1,2,4,6,1,1,22,2,2
3,48,1,9,2010,2,1,1,2,2,1,1,1,1,1,1,4,1,2,1,6,1,1,14,2,2
1,40,4,11,2010,2,1,1,2,2,1,1,2,1,1,1,3,1,2,6,6,1,6,24,2,2
1,40,4,12,2010,3,1,1,2,2,1,1,4,1,1,1,1,1,2,9,6,1,4,,2,2
5,50,4,11,2010,3,1,1,2,2,1,1,1,1,1,1,2,1,2,19,6,1,3,,2,2
4,50,4,12,2010,3,3,1,2,2,1,1,1,1,1,1,3,1,2,8,6,1,3,,2,2
12,50,4,12,2010,4,1,1,2,2,1,4,1,1,1,1,1,1,2,19,6,1,3,,2,2
12,50,4,12,2010,4,1,1,2,2,1,4,1,1,1,1,1,1,2,19,6,1,3,,2,2
6,50,4,12,2010,3,1,1,2,2,1,1,2,1,3,2,4,1,2,13,7,1,1,25,2,2
7,38,3,12,2010,3,1,1,2,2,1,1,1,1,1,1,1,1,1,7,6,1,1,,2,2
3,38,4,12,2010,4,1,1,2,2,1,2,1,1,1,1,1,1,2,9,6,1,1,39,2,2
6,38,4,12,2010,1,1,1,2,2,1,1,1,1,1,1,1,1,2,12,6,1,3,,2,2
3,38,3,12,2010,2,1,1,2,2,1,1,1,1,1,1,1,1,2,14,6,2,4,,2,2
1,38,3,12,2010,2,1,1,2,2,1,1,2,1,1,1,3,1,2,4,6,1,1,22,2,2
2,43,4,11,2010,3,1,1,2,2,1,1,1,1,1,1,1,1,2,7,3,1,1,,2,2
3,43,4,11,2010,4,2,1,2,2,1,2,1,1,1,1,1,1,2,9,6,1,1,,2,2
1,43,4,11,2010,2,1,1,2,2,1,1,1,1,1,2,5,1,2,14,6,2,1,26,2,2
4,44,4,12,2010,2,1,1,2,2,1,1,1,1,1,1,2,1,1,9,6,1,3,,2,2
4,44,4,12,2010,1,1,1,2,2,4,4,1,1,1,1,2,1,2,14,6,1,3,,2,2
6,44,4,12,2010,3,1,1,2,2,1,1,1,1,1,1,3,1,1,14,6,1,3,46,2,2
7,44,4,11,2010,3,1,1,2,2,1,1,1,1,1,1,1,1,1,13,6,1,3,,2,2
5,44,4,9,2010,1,3,1,2,2,1,4,1,1,1,1,1,1,1,14,6,1,6,,2,2
3,38,3,11,2010,3,1,1,2,2,1,1,1,1,1,1,1,2,2,7,6,1,1,,2,2
6,44,3,2,2010,1,3,1,2,2,1,4,1,1,1,1,1,1,1,9,6,1,1,,2,2
7,44,4,3,2010,2,2,3,2,2,1,1,1,1,1,1,1,1,1,14,9,1,1,38,2,2
1,40,3,4,2010,3,1,1,2,2,1,1,1,1,1,1,2,1,2,9,2,1,6,26,2,2
7,41,4,8,2010,3,1,1,2,2,1,1,1,1,1,1,2,1,2,12,6,1,3,,2,2
1,39,4,2,2010,1,2,1,2,2,4,4,1,1,1,1,2,1,2,14,6,2,6,,2,2
1,39,4,2,2010,4,1,1,2,2,1,4,1,1,1,1,1,1,2,7,6,1,1,,2,2
12,47,4,12,2010,4,3,1,2,2,1,3,1,1,1,1,1,1,1,19,6,1,1,,2,2
4,36,4,1,2010,3,1,1,2,2,1,1,1,1,1,1,1,1,2,9,6,1,6,,2,2
4,38,4,6,2010,4,1,1,1,1,1,4,1,1,1,1,4,2,2,9,1,1,1,,2,2
6,46,4,5,2010,4,1,3,2,2,1,1,1,1,1,1,1,1,1,7,6,1,7,18,2,2
6,46,4,5,2010,2,1,1,2,2,1,1,1,1,1,1,1,1,1,9,6,1,7,,2,2
6,46,4,2,2010,4,1,3,2,2,1,1,1,1,1,1,1,1,1,19,6,1,7,,2,2
5,46,4,12,2010,1,1,1,2,2,1,4,1,1,1,1,1,1,1,14,6,1,6,,2,2
1,49,4,11,2010,3,1,1,2,2,1,1,3,1,3,2,4,1,2,6,6,2,6,25,2,2
1,47,3,3,2010,3,1,1,2,2,1,1,1,1,1,1,1,1,2,9,6,1,3,35,2,2
4,37,4,7,2010,2,1,1,1,2,2,1,1,2,1,1,2,1,2,8,6,1,1,35,2,2
7,41,4,10,2010,3,2,4,2,2,1,1,1,1,1,1,1,1,2,14,6,1,1,,1,1
1,41,4,12,2010,1,1,1,2,2,4,4,1,1,1,1,1,1,2,9,6,1,3,,2,2
1,38,3,8,2010,4,1,1,2,2,1,1,1,1,1,1,2,1,2,9,6,1,1,,2,2
7,44,4,11,2010,3,1,1,2,2,1,1,1,1,1,1,1,1,2,8,5,1,6,40,2,2
12,50,4,8,2010,2,1,1,2,2,2,1,1,1,1,1,1,1,2,9,5,1,1,,2,2
2,46,3,9,2010,3,5,4,2,2,1,1,1,1,1,1,1,1,2,19,6,1,3,,2,2
1,45,4,9,2010,2,1,1,2,2,1,1,1,1,1,1,3,2,2,9,6,1,3,,2,2
6,40,4,9,2010,2,2,4,2,2,1,1,1,1,1,1,1,1,2,12,6,1,1,35,2,2
16,42,3,1,2010,3,7,8,1,1,1,1,1,1,1,1,5,1,1,4,6,1,7,19,2,2
11,42,3,1,2010,2,5,4,1,1,1,1,1,1,1,1,5,1,1,8,6,1,1,34,2,2
34,42,3,1,2010,2,3,4,2,1,1,1,1,1,1,1,1,1,1,9,6,1,1,38,2,2
34,42,4,1,2010,4,1,1,2,1,1,4,1,1,1,1,5,1,1,14,6,1,1,32,2,2
28,42,4,1,2010,1,1,1,1,1,1,3,1,1,1,1,5,1,1,9,6,1,1,,2,2
37,42,3,1,2010,4,3,4,2,1,1,3,1,1,1,1,1,1,1,9,6,1,1,45,1,2
37,42,4,1,2010,3,1,6,2,1,1,1,1,1,1,1,1,1,1,9,6,1,1,35,1,2
33,42,4,1,2010,2,3,4,2,1,1,2,1,1,1,1,5,1,1,,6,,,,,
9,42,4,1,2010,3,1,1,2,1,1,1,1,1,1,1,5,1,1,10,6,1,1,45,2,2
9,42,4,1,2010,4,1,4,2,1,1,3,1,1,1,1,5,1,1,4,6,1,1,30,2,1
12,42,4,1,2010,3,1,1,2,1,1,1,1,1,1,1,1,1,1,,6,,,,,
12,42,3,1,2010,3,3,4,2,1,1,1,1,1,1,1,5,1,1,7,6,1,1,32,2,2
12,42,2,1,2010,2,1,1,2,1,1,1,1,1,1,1,5,1,1,14,6,1,1,42,1,2
24,42,4,1,2010,4,1,1,2,2,1,1,1,1,1,1,1,1,1,19,6,1,1,35,2,2
22,42,4,1,2010,1,3,1,2,1,1,3,1,1,1,1,1,1,1,,6,,,,,
22,42,4,1,2010,1,1,1,2,1,1,4,1,1,1,1,1,1,1,,6,,,,,
22,42,4,1,2010,2,3,4,2,1,4,1,1,1,1,1,1,1,1,,6,,,,,
22,42,4,1,2010,4,1,1,2,1,1,4,1,1,1,1,1,1,1,,6,,,,,
22,42,4,1,2010,4,1,1,2,1,1,4,1,1,1,1,1,1,1,9,6,1,1,40,2,2
35,42,4,1,2010,3,1,1,2,2,1,1,1,1,1,1,1,1,1,9,6,1,1,40,2,2
10,42,3,2,2010,2,3,4,1,1,1,1,1,1,1,1,5,1,1,6,,,,,,
26,42,4,1,2010,1,3,4,1,1,1,1,1,1,1,1,5,1,1,,6,,,,,
3,42,4,2,2010,3,1,1,1,1,1,1,1,1,1,1,1,1,1,9,6,1,1,35,2,2
17,42,4,2,2010,1,1,1,2,2,1,2,1,1,1,1,5,1,1,,6,,,,,
12,42,2,2,2010,1,2,4,2,1,3,1,1,1,1,1,5,1,1,10,6,1,1,40,2,2
23,42,4,2,2010,4,1,1,1,1,1,3,1,1,1,1,1,1,1,,6,,,,,
37,42,2,2,2010,1,1,8,2,1,1,2,1,1,1,1,5,1,1,7,6,1,1,30,2,2
37,42,4,2,2010,2,1,6,1,1,1,1,1,1,1,1,5,1,1,8,6,1,1,40,2,2
37,42,3,2,2010,2,1,1,2,1,1,1,1,1,1,1,5,1,1,9,6,1,1,35,2,2
9,42,4,2,2010,2,1,4,2,1,1,1,1,1,1,1,5,1,1,9,6,1,1,35,2,2
9,42,2,2,2010,2,2,4,2,1,1,1,1,1,1,1,5,1,1,6,6,1,1,38,2,2
22,42,4,2,2010,4,1,1,2,1,1,3,1,1,1,1,1,1,1,10,6,1,1,32,2,2
22,42,4,2,2010,1,1,1,1,1,1,2,1,1,1,1,1,1,1,,6,,,,,
22,42,4,2,2010,2,1,8,1,1,1,4,1,1,1,1,1,1,1,19,6,,,,,
22,42,2,2,2010,4,2,4,2,1,1,1,1,1,1,1,1,1,1,9,6,1,1,34,2,2
14,42,4,2,2010,1,3,1,2,2,1,3,1,1,1,1,1,1,1,,6,,,,,
14,42,4,2,2010,4,1,1,2,2,1,4,1,1,1,1,1,1,1,,6,,,,,
17,42,3,3,2010,3,1,1,2,1,1,1,1,1,1,1,5,1,1,9,6,1,1,35,2,2
33,42,3,3,2010,4,1,4,2,1,1,3,1,1,1,1,5,1,1,14,6,1,1,38,1,2
35,42,4,3,2010,2,1,1,2,2,1,1,1,1,1,1,1,1,1,14,6,1,1,40,2,2
28,42,2,3,2010,3,2,4,1,1,1,1,1,1,1,1,5,1,1,10,6,1,1,30,2,2
37,42,3,3,2010,3,1,4,2,2,1,1,1,1,1,1,5,1,1,10,6,1,1,21,2,2
37,42,4,3,2010,4,1,5,2,1,1,2,1,1,1,1,5,1,1,9,6,1,1,38,2,2
10,42,3,3,2010,1,3,4,1,1,1,3,1,1,1,1,5,1,1,14,6,1,1,42,2,2
10,42,4,3,2010,1,1,1,2,2,1,4,1,1,1,1,5,1,1,,6,,,,,
7,42,4,3,2010,4,1,1,2,2,1,4,1,1,1,1,5,1,1,6,6,1,1,18,2,2
9,42,3,3,2010,4,1,4,2,1,1,3,1,1,1,1,5,1,1,11,6,1,1,37,1,2
11,42,4,3,2010,4,1,1,1,1,1,2,1,1,1,1,5,1,1,8,6,,,,,
3,42,4,3,2010,1,1,1,1,1,1,3,1,1,1,1,1,1,1,14,6,1,1,40,2,2
3,42,4,3,2010,4,1,1,1,1,1,3,1,1,1,1,1,1,1,,6,,,,,
3,42,4,3,2010,1,1,1,2,2,1,3,1,1,1,1,1,1,1,,6,,,,,
15,42,4,3,2010,2,1,1,2,1,1,1,1,1,1,1,5,1,1,,6,,,,,
15,42,4,3,2010,2,1,1,2,2,1,1,1,1,1,1,5,1,1,7,6,1,1,35,2,2
15,42,4,3,2010,2,1,1,2,2,1,1,1,1,1,1,2,1,1,12,6,1,1,35,2,2
22,42,4,3,2010,1,1,1,2,1,1,1,1,1,1,1,1,1,1,,6,,,,,
6,42,4,4,2010,2,1,1,2,2,1,1,1,1,1,1,2,1,1,9,6,1,1,40,2,2
17,42,4,4,2010,4,1,1,2,2,1,4,1,1,1,1,5,1,1,,6,,,,,
34,42,4,4,2010,1,1,4,2,1,1,3,1,1,1,1,5,1,1,,6,,,,,
11,42,4,4,2010,4,1,1,1,1,1,2,1,1,1,1,5,1,1,8,6,1,1,35,2,2
9,42,4,4,2010,1,1,1,2,2,1,2,1,1,1,1,5,1,1,,6,,,,,
3,42,4,4,2010,1,1,1,1,1,1,1,1,1,1,1,1,1,1,14,6,1,,,,
32,42,3,3,2010,1,1,1,2,2,1,4,1,1,1,1,5,1,1,14,6,1,1,38,2,2
32,42,4,3,2010,1,2,1,1,1,1,3,1,1,1,1,5,1,1,10,6,1,1,28,1,2
37,42,3,4,2010,1,3,6,2,1,1,1,1,1,1,1,5,1,1,9,1,1,1,23,1,2
37,42,4,4,2010,3,3,6,2,1,1,1,1,1,1,1,5,1,1,9,6,1,1,35,1,2
18,42,4,4,2010,1,1,1,2,2,1,3,1,1,1,1,5,1,1,9,7,1,1,40,1,2
18,42,3,3,2010,3,1,1,2,2,1,1,1,1,1,1,5,1,1,10,6,1,1,32,2,2
23,42,4,3,2010,4,1,1,1,1,1,3,1,1,1,1,1,1,1,,6,,,,,
23,42,4,3,2010,1,1,1,1,1,1,3,1,1,1,1,1,1,1,,6,,,,,
15,42,4,4,2010,4,1,1,2,2,1,1,1,1,1,1,2,1,1,9,6,1,1,40,2,2
15,42,4,4,2010,1,1,1,2,2,1,4,1,1,1,1,2,1,1,14,6,1,1,43,1,2
15,42,4,4,2010,2,1,1,2,2,1,1,1,1,1,1,5,1,1,9,6,1,1,42,2,2
12,42,4,4,2010,1,1,1,2,2,1,2,1,1,1,1,5,1,1,,6,,,,,
12,42,2,4,2010,4,1,1,2,1,1,2,1,1,1,1,5,1,1,,6,,,,,
12,42,1,4,2010,4,2,4,2,1,1,3,1,1,1,1,1,5,1,14,6,1,1,42,1,2
27,42,4,5,2010,4,1,1,1,1,1,3,1,1,1,1,5,1,1,9,6,1,1,40,1,2
39,42,4,5,2010,3,1,1,1,1,1,1,1,1,1,1,5,1,1,8,6,1,1,27,2,2
28,42,4,5,2010,1,1,1,1,1,1,2,1,1,1,1,5,1,1,,6,,,,,
5,42,3,5,2010,3,1,8,2,2,1,3,1,5,1,1,5,1,1,8,6,1,1,40,2,2
24,42,4,5,2010,4,1,1,2,2,1,1,1,1,1,1,1,1,1,19,6,1,7,,1,2
33,42,4,5,2010,2,1,1,1,1,1,3,1,1,1,1,1,1,1,9,6,1,1,30,2,2
33,42,4,5,2010,3,3,4,2,2,1,1,1,1,1,1,1,1,1,19,6,1,1,40,2,2
35,42,4,5,2010,2,7,4,2,1,1,2,1,1,1,1,1,1,1,,6,,,,,
15,42,4,5,2010,2,1,1,2,2,1,1,1,1,1,1,3,1,1,19,6,1,1,32,2,2
15,42,4,5,2010,2,1,1,2,1,1,1,1,1,1,1,5,1,1,19,6,1,1,40,2,2
12,42,4,5,2010,4,1,1,2,1,1,3,1,1,1,1,1,1,1,9,6,,,,,
12,42,3,5,2010,3,1,1,2,1,1,1,1,1,1,1,1,1,1,10,6,1,1,30,2,2
12,42,2,4,2010,3,1,1,1,1,1,2,1,1,1,1,2,1,1,10,6,1,1,40,1,2
37,42,3,5,2010,2,1,1,2,1,1,1,1,1,1,1,5,1,1,10,6,1,1,26,2,2
13,42,4,3,2010,4,1,1,2,2,1,3,1,1,1,1,5,1,1,10,6,1,1,38,1,2
13,42,4,5,2010,1,1,1,1,1,1,3,1,1,1,1,1,1,1,,6,,,,,
22,42,4,2,2010,4,1,1,1,1,1,1,1,1,1,1,1,1,1,,6,,,,,
22,42,4,3,2010,3,1,4,2,1,1,1,1,1,1,1,1,1,1,19,6,1,1,40,1,2
22,42,4,3,2010,3,1,4,2,1,1,1,1,1,1,1,1,1,1,19,6,,,,,
22,42,4,3,2010,1,2,4,2,1,1,1,1,1,1,1,1,1,1,14,6,1,7,33,2,2
22,42,4,3,2010,2,1,1,2,2,1,1,1,1,1,1,5,1,1,14,6,1,1,40,2,2
22,42,4,5,2010,2,1,4,2,1,1,1,1,1,1,1,1,1,1,8,6,1,1,40,2,2
22,42,4,5,2010,3,1,1,2,1,1,1,1,1,1,1,1,1,1,7,6,1,1,30,2,2
36,42,4,1,2010,4,1,1,2,2,1,2,1,1,1,1,2,1,1,4,6,1,1,20,2,1
36,42,3,3,2010,4,3,4,2,1,1,3,3,1,1,1,5,1,1,14,6,1,1,35,2,2
36,42,4,3,2010,4,3,4,1,1,1,3,1,1,1,1,5,1,1,14,6,1,1,25,2,2
36,42,4,4,2010,4,1,4,2,1,1,3,1,1,1,1,5,1,1,8,6,1,1,30,2,2
5,42,4,6,2010,2,1,1,1,1,1,1,1,1,1,1,5,1,1,14,6,1,1,30,2,2
7,42,4,4,2010,3,1,1,1,1,1,1,1,1,1,1,5,1,1,8,6,1,1,30,2,2
3,42,4,6,2010,4,1,4,2,1,1,3,1,1,1,1,1,1,1,9,6,1,1,32,2,2
17,42,3,5,2010,3,1,1,2,1,1,1,1,1,1,1,5,1,1,,6,,,,,
37,42,4,5,2010,1,1,1,2,2,1,2,1,1,1,1,5,1,1,19,6,1,1,34,2,2
21,42,4,5,2010,3,1,1,2,2,1,1,1,1,1,1,2,1,1,8,5,1,1,25,2,2
35,42,4,6,2010,1,1,1,2,2,1,1,1,1,1,1,1,1,1,,6,,,,,
41,42,4,6,2010,3,1,1,1,1,1,1,1,1,1,1,5,1,1,8,6,1,1,30,2,2
34,42,4,5,2010,2,1,1,2,1,1,3,1,1,1,1,5,1,1,,6,,,,,
34,42,3,6,2010,4,3,4,2,1,1,3,1,1,1,1,1,1,1,8,6,1,1,30,2,2
10,42,3,4,2010,2,3,4,1,1,1,2,1,1,1,1,2,1,1,10,6,1,1,30,2,2
10,42,1,5,2010,3,1,1,2,2,1,2,1,1,1,1,5,1,1,10,6,1,1,18,2,2
9,42,4,6,2010,3,1,1,1,1,1,1,1,1,1,1,5,1,1,8,6,1,1,35,2,2
4,42,4,5,2010,1,2,1,1,1,1,2,1,1,1,1,5,1,1,,6,,,,,
4,42,4,5,2010,1,1,1,1,1,1,4,1,1,1,1,5,1,1,14,6,1,1,40,1,2
4,42,4,5,2010,2,1,1,1,1,1,1,1,1,1,1,5,1,1,8,6,1,1,30,2,2
12,42,4,6,2010,2,1,1,2,1,1,3,1,1,1,1,5,1,1,10,6,1,1,30,1,2
12,42,4,6,2010,4,1,1,2,1,1,3,1,1,1,1,5,1,1,10,6,1,1,32,2,2
29,42,4,4,2010,4,2,6,1,1,1,3,1,1,1,1,5,1,1,9,6,1,1,26,2,2
22,42,4,6,2010,4,1,1,2,1,1,3,1,1,1,1,1,1,1,14,6,1,1,40,1,2
22,42,4,6,2010,1,1,1,2,1,1,2,1,1,1,1,1,1,1,,6,,,,,
2,42,4,1,2010,4,1,1,1,1,1,3,1,1,1,1,5,1,1,14,6,1,1,45,2,2
2,42,4,4,2010,2,1,4,1,1,1,1,1,1,1,1,5,1,1,9,6,1,3,32,2,2
2,42,4,5,2010,2,1,4,1,1,1,1,1,1,1,1,5,1,1,10,6,1,3,35,2,2
32,42,3,6,2010,4,2,4,1,1,1,3,1,1,1,1,5,1,1,8,6,1,1,38,2,2
1,42,4,1,2010,1,1,1,2,1,1,3,1,1,1,1,1,1,1,14,6,1,1,40,1,2
1,42,4,2,2010,2,1,4,2,1,1,1,1,1,1,1,5,1,1,9,6,1,1,28,2,2
1,42,4,6,2010,1,1,1,2,1,1,3,1,1,1,1,5,1,1,9,6,1,1,32,2,2
1,42,4,6,2010,1,1,1,1,1,1,1,1,1,1,1,5,1,1,14,6,1,1,38,1,2
14,42,4,2,2010,1,1,1,1,1,1,3,1,1,1,1,1,1,1,,6,,,,,
14,42,4,2,2010,4,1,1,2,1,1,3,3,1,1,1,1,1,1,7,6,1,1,30,1,2
14,42,4,3,2010,4,1,1,1,1,1,2,1,1,1,1,1,1,1,9,6,1,1,30,1,2
14,42,4,3,2010,4,1,1,2,1,1,3,1,1,1,1,1,1,1,,6,,,,,
14,42,4,4,2010,3,1,1,2,1,1,1,1,1,1,1,1,1,1,9,6,1,1,38,2,2
14,42,4,4,2010,4,1,4,1,1,1,3,1,1,1,1,1,1,1,12,6,1,1,32,2,2
14,42,4,4,2010,4,1,1,1,1,1,3,1,1,1,1,1,1,1,9,6,1,1,45,2,2
14,42,4,4,2010,3,1,1,2,1,1,1,1,1,1,1,1,1,1,,6,,,,,
14,42,4,4,2010,4,1,1,1,1,1,2,1,1,1,1,1,1,1,7,6,1,6,23,2,2
14,42,4,5,2010,2,2,4,2,1,1,1,1,1,1,1,1,1,1,,6,,,,,
14,42,4,5,2010,3,1,1,2,2,1,1,1,1,1,1,5,1,1,9,6,1,1,28,2,2
14,42,4,5,2010,4,1,1,1,1,1,3,1,1,1,1,1,1,1,19,6,,,,2,2
13,42,4,6,2010,4,3,8,1,1,1,3,1,1,1,1,1,1,1,9,6,1,1,35,1,2
5,42,4,7,2010,2,1,1,2,2,1,1,1,1,1,1,5,1,1,14,6,1,1,34,2,2
38,42,4,7,2010,1,1,1,2,2,1,4,1,1,1,1,5,1,1,14,6,1,7,,,
7,42,1,7,2010,4,2,4,2,2,1,2,1,1,1,1,5,1,1,5,6,2,1,35,2,2
18,42,4,7,2010,1,1,1,1,1,1,3,3,1,1,1,1,1,1,19,6,,,,,
3,42,3,7,2010,3,3,4,2,1,1,1,1,1,1,1,1,1,1,9,6,1,1,32,1,2
24,42,4,7,2010,2,1,5,2,2,2,1,1,1,1,1,4,1,1,14,6,1,1,40,1,2
23,42,4,6,2010,4,1,1,1,1,1,3,1,1,1,1,1,1,1,,6,,,,,
15,42,4,6,2010,2,1,1,2,2,1,1,2,1,1,1,5,1,1,,6,,,,,
15,42,4,6,2010,2,1,2,2,1,1,3,1,1,1,1,5,1,1,9,6,,,,1,
19,42,4,4,2010,2,1,1,2,2,1,1,1,1,1,1,2,1,1,10,6,1,1,32,2,2
19,42,4,4,2010,1,1,1,2,2,1,1,1,1,1,1,5,1,1,19,6,1,1,40,2,2
37,42,4,6,2010,2,1,1,2,1,1,1,1,1,1,1,5,1,1,11,6,1,1,35,1,2
37,42,4,7,2010,1,1,4,2,1,1,2,1,1,1,1,2,1,1,19,6,1,1,40,2,2
37,42,3,7,2010,2,1,1,2,1,1,1,1,1,1,1,5,1,1,9,6,1,1,34,1,2
37,42,3,7,2010,2,1,1,2,1,1,1,1,1,1,1,5,1,1,13,6,1,1,38,2,2
14,42,4,6,2010,3,1,1,1,1,1,1,1,1,1,1,1,1,1,4,6,1,1,35,2,1
14,42,4,6,2010,2,1,1,1,1,1,2,1,1,1,1,1,1,1,12,6,1,1,30,1,2
14,42,3,7,2010,4,2,4,1,1,2,2,1,2,1,1,1,1,1,8,6,1,1,40,1,2
14,42,3,7,2010,1,7,8,2,1,1,2,1,1,1,1,5,1,1,14,6,1,7,45,1,2
12,42,3,7,2010,3,1,1,2,1,1,1,1,1,1,1,5,1,1,9,6,1,1,38,2,2
12,42,3,7,2010,4,1,1,1,1,1,1,3,1,1,1,5,1,1,9,6,1,1,30,2,2
12,42,4,7,2010,4,3,1,2,2,1,3,1,1,1,1,5,1,1,10,6,1,1,30,2,2
12,42,4,7,2010,2,1,1,2,1,1,2,1,1,1,1,5,1,1,10,6,1,1,34,1,2
11,42,4,8,2010,2,1,1,1,1,1,1,1,1,1,1,1,1,1,10,6,1,1,30,1,2
34,42,3,7,2010,4,1,4,2,1,1,3,1,1,1,1,1,1,1,9,6,1,1,35,2,2
26,42,4,5,2010,,1,8,2,2,1,4,1,1,1,1,5,1,1,,6,,,,,
2,42,4,7,2010,1,3,4,1,1,1,1,1,1,1,1,5,1,1,14,6,1,7,35,1,2
21,42,4,7,2010,4,1,4,2,2,1,4,3,1,1,1,1,1,1,10,6,1,1,40,2,2
37,42,4,7,2010,,3,4,1,1,1,3,1,1,1,1,5,1,1,,6,,,,,
37,42,3,8,2010,2,3,4,1,1,1,1,1,1,1,1,5,1,1,9,6,1,1,32,1,2
37,42,3,8,2010,3,1,1,2,1,1,1,1,1,1,1,5,1,1,4,6,1,1,32,1,2
33,42,3,7,2010,3,2,3,2,1,1,1,1,1,1,1,5,1,1,9,6,1,1,35,2,2
33,42,4,8,2010,4,3,1,2,2,1,3,1,1,1,1,5,1,1,14,6,1,7,42,1,2
33,42,4,8,2010,2,1,1,2,2,1,1,1,1,1,1,1,1,1,5,6,1,7,20,2,2
12,42,3,8,2010,1,2,4,2,1,1,1,1,1,1,1,5,1,1,10,6,1,1,27,2,2
12,42,4,8,2010,4,1,1,1,1,1,3,1,1,1,1,1,1,1,9,6,,,,,
14,42,4,8,2010,1,2,1,1,1,1,3,1,1,1,1,1,1,1,,6,,,,,
14,42,4,8,2010,2,1,1,2,2,1,1,1,1,1,1,1,1,1,13,6,1,1,38,1,2
14,42,4,8,2010,2,2,4,1,1,1,1,1,1,1,1,1,1,1,14,6,1,1,43,1,2
25,42,4,4,2010,3,1,1,2,2,1,2,1,1,1,1,5,1,1,,6,,,,,
25,42,4,8,2010,4,1,1,2,2,1,4,2,1,1,1,5,1,1,9,6,1,1,35,2,2
25,42,4,8,2010,3,1,1,1,1,1,1,1,1,1,1,5,1,1,9,6,1,2,30,2,2
22,42,4,8,2010,2,1,1,2,1,1,1,1,1,1,1,1,1,1,,6,,,,,
22,42,3,8,2010,2,2,4,2,1,1,1,1,1,1,1,1,1,1,9,6,1,7,38,2,2
22,42,4,8,2010,1,1,1,2,1,1,2,1,1,1,1,1,1,1,,6,,,,,
22,42,4,8,2010,1,1,1,2,1,1,1,1,1,1,1,1,1,1,9,6,1,1,42,2,2
15,42,4,5,2010,4,1,1,2,1,1,3,1,1,1,1,5,1,1,9,6,1,7,,1,1
15,42,4,7,2010,4,1,1,2,1,1,3,1,1,1,1,5,1,1,9,6,1,1,34,2,2
15,42,4,8,2010,2,1,2,2,1,1,1,1,1,1,1,5,1,1,8,6,1,5,27,1,2
15,42,4,8,2010,4,1,1,2,2,1,4,1,1,1,1,5,1,1,,6,,,,,
9,42,2,7,2010,4,1,4,2,1,1,3,1,1,1,1,5,1,1,9,6,1,1,28,2,2
9,42,3,7,2010,3,1,4,2,1,1,1,1,1,1,1,5,1,1,9,6,1,1,24,2,2
1,42,4,7,2010,4,1,1,1,1,1,3,1,1,1,1,5,1,1,9,6,1,1,29,2,2
1,42,4,7,2010,1,2,4,1,1,1,3,1,1,1,1,5,1,1,14,6,1,1,40,1,2
1,42,4,7,2010,2,1,1,2,1,1,1,1,1,1,1,5,1,1,,6,,,,,
1,42,4,8,2010,1,1,1,2,1,1,3,1,1,1,1,5,1,1,,6,,,,,
1,42,4,8,2010,3,2,4,2,1,1,1,1,1,1,1,5,1,1,,6,,,,,
1,42,4,8,2010,2,1,1,2,1,1,1,1,1,1,1,5,1,1,9,6,1,1,25,2,2
16,42,4,5,2010,2,1,1,1,1,1,1,3,1,1,1,1,1,1,8,6,1,1,35,2,2
35,42,4,7,2010,1,1,1,2,2,1,4,1,1,1,1,5,1,1,14,6,1,1,40,2,2
12,42,4,9,2010,3,1,1,1,1,1,2,1,1,1,1,1,1,1,9,6,1,7,25,2,2
6,42,4,8,2010,3,1,1,2,2,1,1,2,1,1,1,3,1,1,10,6,1,7,32,1,2
26,42,4,9,2010,1,1,1,2,2,1,4,1,1,1,1,5,1,1,8,6,1,6,50,1,2
24,42,4,9,2010,3,1,1,2,2,1,1,1,1,1,1,1,1,1,9,6,2,1,38,2,2
3,42,4,9,2010,2,3,4,1,1,1,3,3,1,1,1,1,1,1,9,6,1,1,40,1,2
14,42,4,8,2010,1,1,1,1,1,1,1,1,1,1,1,1,1,1,9,6,1,1,34,1,2
14,42,4,9,2010,1,1,1,1,1,1,2,1,1,1,1,1,1,1,9,6,1,1,38,2,2
14,42,4,9,2010,2,1,1,2,1,1,1,1,1,1,1,1,1,1,19,6,,,,,
37,42,1,9,2010,2,3,4,2,1,1,1,1,1,1,1,5,1,1,10,2,1,1,35,2,2
37,42,4,9,2010,1,1,1,2,1,1,3,1,1,1,1,5,1,1,,6,,,,,
37,42,1,8,2010,1,4,4,2,1,1,1,1,1,1,1,5,1,1,9,6,1,1,40,1,2
37,42,4,9,2010,3,3,4,2,2,2,2,2,1,1,1,5,1,1,9,6,1,1,32,1,2
37,42,4,6,2010,1,3,6,2,1,1,3,1,1,1,1,5,1,1,14,6,,,,,
37,42,4,9,2010,2,1,1,2,1,1,1,1,1,1,1,5,1,1,8,6,2,1,40,2,2