Thana,District,Accident_Severity,Month,Year,Time,Junction_Type,Traffic_Control,Movement,Divider,Weather,Light,Road_Geometry,Surface_Condition,Surface_Type,Surface_Quality,Road_Class,Road_Feature,Location_Type,Vehicle_Type,Vehicle_Movement,Vehicle_Loading,Vehicle_Defect,Vehicle_Driver_Age,Vehicle_Alcohol,Vehicle_Seat_Belt
22,42,4,9,2010,4,1,4,2,1,1,2,1,1,1,1,1,1,1,,6,,,,,
22,42,4,9,2010,1,1,4,1,1,1,1,1,1,1,1,5,1,1,,6,,,,,
33,42,4,11,2010,1,1,1,2,1,1,3,1,1,1,1,5,1,1,14,6,1,1,24,1,2
24,42,4,10,2010,4,1,1,2,2,1,4,1,1,1,1,1,1,1,8,6,1,1,25,2,2
20,42,4,11,2010,4,1,1,2,2,1,2,2,1,1,1,5,1,1,13,6,1,1,25,1,2
19,42,4,10,2010,1,1,1,2,2,1,2,1,1,1,1,5,1,1,14,6,2,1,45,1,2
2,42,4,10,2010,4,1,1,2,2,1,3,1,1,1,1,5,1,1,14,6,1,1,40,1,2
28,42,2,10,2010,3,2,4,1,1,1,1,2,1,1,1,3,1,1,9,6,1,1,32,1,2
15,42,4,9,2010,2,1,1,2,2,1,1,1,1,1,1,5,1,1,9,6,1,1,35,2,2
41,42,4,10,2010,3,1,1,2,2,1,1,1,1,1,1,5,1,1,7,6,1,1,35,1,2
9,42,3,9,2010,3,2,4,2,1,1,1,1,1,1,1,5,1,1,9,6,1,1,18,2,2
9,42,4,10,2010,2,1,1,2,1,1,1,1,1,1,1,5,1,1,14,6,1,1,38,1,2
9,42,2,10,2010,3,2,4,1,1,1,1,1,1,1,1,5,1,1,4,6,1,1,42,2,1
34,42,4,9,2010,4,1,1,1,1,1,2,1,1,1,1,5,1,1,6,6,1,1,25,2,2
34,42,4,9,2010,2,1,5,1,1,1,3,1,1,1,1,1,1,1,6,6,1,1,30,2,2
34,42,4,11,2010,1,1,4,1,1,1,3,1,1,1,1,1,1,1,14,6,,,,,
3,42,4,10,2010,1,1,1,2,2,1,3,1,1,1,1,5,1,1,,6,,,,,
3,42,3,11,2010,1,3,4,2,1,1,3,1,1,1,1,1,1,1,5,6,1,1,30,2,2
11,42,3,9,2010,3,1,1,1,1,1,1,1,1,1,1,3,1,1,8,6,2,1,21,2,2
11,42,3,9,2010,1,1,1,1,1,1,3,1,1,1,1,5,1,1,14,6,1,1,45,2,2
11,42,4,10,2010,1,1,1,1,1,1,3,2,2,1,1,1,1,1,13,6,,,,,
37,42,4,10,2010,2,1,1,2,2,1,1,1,1,1,1,5,1,1,7,6,1,1,45,1,2
37,42,3,11,2010,3,3,1,2,1,1,1,1,1,1,1,1,1,1,9,6,1,1,48,1,2
37,42,4,11,2010,1,1,1,2,1,1,1,1,1,1,1,1,1,1,9,6,,,,,
12,42,3,11,2010,1,1,1,1,1,1,3,1,1,1,1,5,1,1,10,6,1,1,35,2,2
22,42,4,3,2010,1,2,4,1,1,1,3,1,1,1,1,1,1,1,,6,,,,,
22,42,3,10,2010,2,3,1,1,1,1,2,1,1,1,1,1,1,1,7,6,1,1,35,2,2
22,42,4,10,2010,4,1,1,1,1,1,2,1,1,1,1,1,1,1,,6,,,,,
22,42,4,10,2010,2,2,4,1,1,1,1,1,1,1,1,1,1,1,9,6,1,1,35,2,2
22,42,4,10,2010,3,2,4,1,1,1,1,1,1,1,1,1,1,1,8,6,1,1,25,2,2
22,42,4,10,2010,2,2,4,1,1,1,3,1,1,1,1,1,1,1,12,6,1,1,25,1,2
22,42,4,11,2010,1,1,4,1,1,1,2,1,1,1,1,1,1,1,,6,,,,,
22,42,4,11,2010,4,1,1,1,1,1,3,1,1,1,1,1,1,1,12,6,1,1,28,1,2
22,42,4,11,2010,2,2,4,1,1,1,2,1,1,1,1,1,1,1,10,6,1,1,30,1,2
22,42,4,11,2010,4,1,1,1,1,1,3,1,1,1,1,1,1,1,,6,,,,,
14,42,4,10,2010,1,3,1,2,2,1,3,1,1,1,1,3,1,1,14,6,,,,,
14,42,4,10,2010,1,2,4,2,1,1,3,1,1,1,1,1,1,1,14,6,,,,,
14,42,4,10,2010,2,1,1,2,2,1,1,1,1,1,1,1,1,1,9,6,,,,,
14,42,4,10,2010,2,1,1,2,2,1,1,1,1,1,1,1,1,1,,6,,,,,
14,42,3,10,2010,2,3,4,1,1,1,1,1,1,1,1,1,1,1,13,6,1,1,35,1,2
14,42,4,10,2010,1,3,1,2,1,1,3,1,1,1,1,1,1,1,14,6,1,1,42,1,2
14,42,4,11,2010,1,1,1,1,1,1,2,1,1,1,1,1,1,1,10,6,1,1,32,2,2
14,42,4,11,2010,1,2,4,2,1,1,2,1,1,1,1,1,1,1,9,6,1,1,35,2,2
11,42,1,12,2010,2,2,1,2,2,1,1,1,1,1,1,5,1,1,10,6,1,1,25,1,2
22,42,4,11,2010,4,1,4,1,1,1,2,1,1,1,1,5,1,1,,6,,,,,
41,42,4,9,2010,2,1,1,2,2,1,1,1,1,1,1,5,1,1,,6,,,,,
37,42,4,12,2010,2,1,1,2,2,1,1,1,1,1,1,5,1,1,,6,,,,,
3,42,4,12,2010,1,3,4,2,1,1,3,1,1,1,1,1,1,1,9,6,,,,,
15,42,4,12,2010,2,3,4,2,1,1,1,1,1,1,1,5,1,1,9,6,1,1,22,2,2
15,42,4,12,2010,2,1,5,2,2,4,2,2,1,1,1,5,1,1,9,11,2,1,34,2,2
2,42,4,12,2010,1,1,1,1,1,1,3,1,1,1,1,5,1,1,14,6,1,1,40,1,2
2,42,4,3,2010,1,2,4,1,1,1,3,1,1,1,1,5,1,1,14,6,,,,1,2
12,42,3,12,2010,3,3,5,1,1,1,1,1,1,1,1,1,1,1,12,6,2,7,38,2,2
1,42,4,9,2010,2,1,1,2,1,1,1,1,1,1,1,5,1,1,9,6,1,1,28,2,2
1,42,3,10,2010,2,1,4,2,1,1,1,1,1,1,1,5,1,1,9,6,1,1,37,2,2
1,42,4,10,2010,3,1,1,2,1,1,1,1,1,1,1,5,1,1,14,6,1,1,40,2,2
1,42,4,11,2010,2,3,4,1,1,1,2,1,1,1,1,5,1,1,,6,,,,,
1,42,3,11,2010,3,1,1,1,1,1,1,1,1,1,1,5,,,9,6,1,1,35,2,2
1,42,3,11,2010,2,2,4,1,1,1,1,1,1,1,1,5,1,1,12,6,1,1,26,2,2
1,42,4,12,2010,1,1,1,1,1,1,3,1,1,1,1,5,1,1,14,6,,,,,
1,42,4,12,2010,3,3,4,2,1,1,1,1,1,1,1,5,1,1,9,6,1,1,27,2,2
1,42,4,12,2010,2,1,1,2,1,1,1,1,1,1,1,5,1,1,14,6,,,,,
33,42,4,11,2010,3,1,1,2,1,1,1,1,1,1,1,5,1,1,6,1,1,1,38,1,2
33,42,4,12,2010,2,2,4,1,1,1,1,1,1,1,1,5,1,1,10,6,1,1,32,2,2
33,42,4,12,2010,1,1,1,2,2,1,1,1,1,1,1,5,1,1,9,6,1,1,34,2,2
14,42,4,12,2010,2,3,4,2,1,1,3,3,1,1,1,1,1,1,14,6,1,1,45,1,2
14,42,3,12,2010,2,3,1,2,1,1,1,1,1,1,1,5,1,1,13,6,1,1,39,1,2
14,42,4,12,2010,1,2,3,2,1,1,3,1,1,1,1,1,1,1,14,6,1,1,40,2,2
24,42,4,11,2010,3,1,1,2,2,1,1,1,1,1,1,1,1,1,,6,,,,,
13,42,4,10,2010,1,1,1,1,1,1,3,1,1,1,1,1,1,1,17,6,1,1,40,2,2
10,42,3,11,2010,2,1,1,2,2,1,1,1,1,1,1,5,1,1,4,6,1,1,32,1,1
15,42,4,12,2010,4,1,1,2,1,1,3,1,1,1,1,5,1,1,8,6,2,1,28,1,2
32,42,4,9,2010,4,1,1,1,1,1,3,1,1,1,1,5,1,1,9,6,1,1,40,2,2
32,42,4,10,2010,3,3,4,1,1,1,1,1,1,1,1,5,1,1,7,6,1,1,35,2,2
7,42,4,9,2010,2,1,1,1,1,1,2,1,1,1,1,5,1,1,9,6,1,1,40,2,2
16,42,4,8,2010,2,1,4,1,1,1,1,1,1,1,1,1,1,1,,6,1,1,,2,2
16,42,3,11,2010,2,1,1,1,1,1,1,1,1,1,1,5,1,1,9,6,1,1,30,2,2
23,42,4,1,2010,1,1,8,1,1,1,3,1,1,1,1,1,1,1,10,6,2,1,35,2,2
9,42,4,12,2010,1,3,4,2,1,1,1,1,1,1,1,5,1,1,19,6,1,7,,2,2
14,42,4,12,2010,1,1,1,2,1,2,3,1,2,1,1,1,1,1,14,6,1,1,40,2,2
12,42,3,9,2010,3,1,4,2,2,1,1,1,1,1,1,1,1,1,10,6,1,1,32,2,2
8,42,3,7,2010,4,1,1,2,1,1,3,1,1,1,1,5,1,1,8,5,1,1,30,2,2
8,42,4,7,2010,4,3,1,2,2,1,3,1,1,1,1,5,1,1,10,6,1,1,30,2,2
8,42,4,7,2010,4,1,1,2,1,1,2,1,1,1,1,5,1,1,10,6,1,1,34,2,2
8,42,3,8,2010,3,3,4,2,1,1,1,1,1,1,1,5,1,1,10,6,1,1,27,2,2
8,42,4,8,2010,4,1,1,2,1,1,3,1,1,1,1,1,1,1,9,6,,,,2,2
8,42,4,9,2010,3,1,1,2,1,1,2,1,1,1,1,1,1,1,9,6,1,7,25,2,2
8,42,3,9,2010,3,1,4,2,2,1,1,1,1,1,1,1,1,1,10,6,1,1,32,2,2
8,42,3,11,2010,1,1,1,2,1,1,3,1,1,1,1,5,1,1,10,6,1,1,35,2,2
8,42,3,12,2010,3,3,5,2,1,1,1,1,1,1,1,1,1,1,12,6,2,7,38,2,2
8,42,4,1,2010,3,1,1,2,1,1,1,1,1,1,1,5,1,1,,6,,,,2,2
8,42,3,1,2010,3,3,4,2,1,1,1,1,1,1,1,5,1,1,7,6,1,1,32,2,2
8,42,2,1,2010,2,2,1,2,1,1,1,1,1,1,1,5,1,1,14,6,1,1,42,2,2
8,42,4,4,2010,3,1,1,2,1,1,2,1,1,1,1,5,1,1,,6,,,,2,2
8,42,2,4,2010,4,1,1,2,1,1,2,1,1,1,1,5,1,1,,6,,,,2,2
8,42,4,5,2010,4,1,1,2,1,1,3,1,1,1,1,1,1,1,9,6,,,,1,2
8,42,3,5,2010,3,1,1,2,1,1,1,1,1,1,1,1,1,1,10,6,1,1,30,2,2
8,42,2,4,2010,3,1,1,2,1,1,2,1,1,1,1,5,1,1,10,6,1,1,40,2,2
8,42,4,6,2010,4,1,1,2,1,1,3,1,1,1,1,5,1,1,10,6,1,1,30,1,2
8,42,4,6,2010,4,6,1,2,1,1,1,1,1,1,1,5,1,1,10,6,1,1,32,2,2
8,42,3,7,2010,3,1,1,2,1,1,1,1,1,1,1,5,1,1,9,6,1,1,38,2,2
2,26,4,2,2010,2,1,1,2,2,1,1,1,1,2,2,4,1,2,4,6,1,1,,1,2
4,26,4,3,2010,2,1,1,2,2,1,1,1,1,1,1,1,1,2,8,6,1,1,,,
4,26,4,8,2010,4,1,1,2,2,1,1,1,1,1,1,1,1,2,7,6,1,1,,1,2
4,26,4,9,2010,3,1,1,2,2,1,1,1,1,1,1,1,3,2,9,6,1,1,,1,2
2,29,4,11,2010,2,1,1,2,2,1,1,3,1,2,2,4,1,2,10,6,1,1,35,1,2
4,29,4,2,2010,3,1,1,1,2,1,1,1,1,1,1,2,1,2,12,6,1,1,,1,2
4,29,4,9,2010,1,1,1,2,2,1,1,1,1,1,1,2,1,2,9,6,1,1,,1,2
4,29,4,12,2010,2,1,1,2,2,1,2,1,1,1,1,2,1,2,14,6,1,1,50,1,2
8,29,4,3,2010,4,1,1,2,2,4,2,2,2,1,1,1,1,2,4,6,1,1,,1,2
8,29,3,9,2010,2,1,1,2,2,1,1,2,1,1,2,4,1,2,4,6,1,1,,1,2
2,20,4,6,2010,2,1,1,2,2,1,1,1,1,1,1,1,1,1,9,6,1,1,,1,2
3,20,4,5,2010,3,1,1,2,2,1,1,1,1,1,1,2,1,2,4,6,1,1,,1,2
4,20,4,10,2010,2,1,1,2,2,1,3,1,1,1,1,2,1,2,4,6,1,1,,1,2
1,19,4,6,2010,2,1,2,2,2,1,2,1,1,1,1,1,1,1,14,6,1,1,,1,2
3,19,4,1,2010,3,1,2,2,2,2,1,2,2,1,2,4,1,2,4,6,1,1,,1,2
3,19,4,7,2010,1,1,1,2,2,2,1,2,2,2,2,4,1,2,19,6,1,1,,1,2
1,25,3,7,2010,1,1,1,1,2,1,1,1,1,1,1,2,1,2,4,6,1,1,,1,2
2,25,4,2,2010,2,1,2,2,2,1,1,1,1,1,1,2,1,2,8,6,1,7,50,1,2
2,25,4,5,2010,4,1,2,1,1,2,1,1,1,1,2,2,1,2,4,6,1,7,46,1,2
2,25,4,12,2010,2,1,1,2,2,1,1,1,1,1,1,2,1,2,8,6,1,7,33,1,2
3,25,4,1,2010,2,1,1,1,2,1,1,1,1,1,1,2,1,2,13,6,1,7,,1,2
3,25,4,3,2010,2,1,1,2,2,1,1,1,1,1,1,2,1,2,4,6,1,7,,1,2
3,25,4,5,2010,3,1,1,2,2,1,2,1,1,1,1,2,1,2,8,6,1,7,,1,2
3,25,4,6,2010,2,1,1,2,2,1,1,1,1,1,1,2,1,2,13,6,1,7,,1,2
3,25,4,7,2010,2,7,1,2,2,1,1,1,1,1,1,4,1,2,8,6,1,7,,1,2
4,25,4,4,2010,1,1,1,2,2,1,3,1,1,1,1,2,1,2,8,6,1,7,,1,2
4,25,4,5,2010,2,1,1,2,2,1,1,1,1,1,1,2,1,2,8,6,1,7,,1,2
4,25,4,5,2010,4,1,1,2,2,1,2,1,1,1,1,2,1,2,19,6,1,1,,1,2
4,25,4,6,2010,2,1,1,2,2,1,1,1,1,1,1,2,1,2,4,6,1,7,,1,2
4,25,4,9,2010,3,1,1,2,2,1,1,1,1,1,1,2,1,2,13,6,1,7,,1,2
5,25,4,5,2010,2,1,1,2,2,1,1,1,1,1,1,4,1,2,4,6,1,7,,1,2
5,25,4,7,2010,2,1,1,2,2,1,1,1,1,1,1,2,1,2,8,6,1,7,,1,2
5,25,4,11,2010,2,1,1,2,2,1,1,1,1,1,1,2,1,2,4,6,1,7,,1,2
6,25,4,1,2010,2,1,1,2,2,1,3,1,1,1,1,2,1,2,4,6,1,7,,1,2
6,25,4,9,2010,4,1,1,2,2,1,2,1,1,1,1,2,1,2,13,6,1,7,,1,2
7,25,4,7,2010,2,1,1,1,2,1,1,1,1,1,1,2,1,2,8,6,1,6,,1,2
7,25,4,11,2010,1,1,1,2,2,1,1,1,1,1,1,2,1,2,8,6,1,1,,1,2
8,25,4,1,2010,3,1,1,2,2,1,1,1,1,1,1,2,1,2,14,6,1,1,,1,2
8,25,4,4,2010,3,1,1,2,2,1,1,1,1,1,1,2,1,2,13,6,1,1,,1,2
8,25,4,7,2010,3,1,1,2,2,1,1,1,1,1,1,2,1,2,7,6,1,7,,1,2
8,25,4,8,2010,2,1,1,2,2,1,1,1,1,1,1,2,1,2,19,6,1,7,,1,2
8,25,4,8,2010,2,1,1,2,2,1,1,1,1,1,1,2,1,2,19,6,1,1,,1,2
8,25,4,9,2010,3,1,1,2,2,1,1,1,1,1,1,2,1,2,8,6,1,1,,1,2
8,25,4,10,2010,3,1,1,2,2,1,2,1,1,1,1,2,1,2,13,6,1,1,,1,2
8,25,4,11,2010,2,1,1,2,2,1,1,1,1,1,1,2,1,2,13,6,1,1,,1,2
1,24,4,1,2010,3,1,1,2,2,1,1,1,1,1,1,1,1,1,9,6,1,3,,1,2
1,24,4,2,2010,3,1,1,2,2,1,1,1,1,1,1,1,1,1,10,6,1,1,,1,2
2,24,4,7,2010,3,1,1,2,2,1,1,1,1,1,1,1,1,1,9,6,1,7,28,1,2
2,24,4,12,2010,1,1,1,2,2,1,3,1,1,1,1,1,1,2,14,6,2,7,,1,2
3,24,3,3,2010,2,1,1,2,2,1,1,1,1,1,1,1,1,2,13,6,1,7,25,1,2
3,24,4,9,2010,3,1,1,2,2,1,1,1,1,1,1,1,1,2,8,6,1,3,,1,2
3,24,4,11,2010,3,1,1,2,2,1,1,1,1,1,1,1,1,2,8,6,1,7,,1,2
4,24,4,5,2010,3,4,1,2,2,1,1,4,1,2,2,4,1,2,19,6,1,7,30,1,2
4,24,4,12,2010,2,4,1,2,2,1,1,1,1,1,1,3,1,2,19,6,1,7,30,1,2
5,24,4,4,2010,3,1,1,2,2,1,1,1,1,1,1,2,1,2,13,6,1,7,,1,2
5,24,4,10,2010,1,1,1,2,2,1,3,1,1,1,1,1,1,2,9,6,1,3,35,1,2
8,24,4,7,2010,3,1,1,2,2,1,1,1,1,1,1,1,1,2,9,6,1,7,,1,2
9,24,4,4,2010,2,1,1,2,2,1,1,1,1,1,1,2,1,2,19,6,1,7,,1,2
9,24,4,10,2010,2,1,1,2,2,1,1,1,1,1,1,1,1,2,13,6,1,7,,1,2
9,24,4,12,2010,3,1,1,1,1,1,1,1,1,1,1,1,1,1,14,6,2,1,,1,2
1,21,4,8,2010,2,1,1,1,2,1,1,1,1,1,1,4,1,2,19,6,1,7,,1,2
3,21,4,6,2010,3,1,1,2,2,1,1,1,1,1,1,1,1,2,8,6,1,7,,1,2
3,21,3,6,2010,3,1,1,2,2,1,1,1,1,1,1,2,1,2,8,6,1,4,,1,2
3,21,3,10,2010,2,1,1,1,1,1,1,1,1,1,1,1,1,2,4,6,1,7,25,1,2
5,21,4,8,2010,2,1,1,2,2,1,1,1,1,1,1,2,1,2,8,6,1,7,,1,2
6,21,4,3,2010,2,1,3,2,2,1,1,1,1,1,1,1,1,2,14,6,1,7,,1,2
6,21,4,4,2010,1,1,1,2,2,1,2,1,1,1,1,1,1,2,14,6,2,7,,1,2
6,21,4,5,2010,3,1,1,2,2,1,1,1,1,1,1,1,1,2,9,6,1,7,38,1,2
1,23,4,9,2010,3,1,1,2,2,1,1,1,1,1,1,4,1,2,4,6,1,7,,1,2
3,23,4,4,2010,2,1,1,2,2,1,1,1,1,1,1,4,1,2,13,6,1,7,,1,2
1,22,4,1,2010,3,1,1,2,2,1,1,1,1,1,1,1,1,2,9,6,1,7,,1,2
1,22,3,4,2010,4,1,1,2,2,1,2,1,1,1,1,1,1,2,9,6,1,7,,1,2
1,22,4,4,2010,2,1,3,2,2,1,2,1,1,1,1,1,1,2,14,6,2,7,,1,2
1,22,4,4,2010,1,1,1,2,2,1,2,1,1,1,1,1,1,2,14,6,2,7,,1,2
1,22,4,6,2010,4,1,2,2,2,1,3,1,1,1,1,1,1,1,13,6,1,7,,1,2
2,22,4,3,2010,3,1,3,2,2,1,1,1,1,1,1,4,1,2,4,6,1,7,28,1,2
3,22,4,2,2010,2,1,3,2,2,1,1,1,1,1,1,2,1,2,4,6,1,7,,1,2
3,22,3,9,2010,4,1,3,2,2,1,4,4,1,1,1,3,1,2,4,6,1,7,35,1,2
3,22,4,11,2010,3,1,1,2,2,1,1,1,1,1,1,3,1,2,4,6,1,7,,1,2
1,18,4,5,2010,3,1,2,1,1,1,1,1,1,1,1,2,1,1,4,6,1,7,22,1,2
2,18,4,2,2010,1,1,1,2,2,1,4,1,1,1,1,1,1,2,9,6,1,7,,1,2
2,18,4,5,2010,2,1,1,1,1,1,1,1,1,1,1,2,1,2,19,6,1,7,,1,2
2,18,4,5,2010,2,1,3,2,2,1,1,1,1,1,1,1,1,2,14,6,1,7,,1,2
2,18,4,9,2010,3,3,1,2,2,2,1,2,2,1,1,2,1,2,9,6,1,7,50,1,2
2,18,4,11,2010,3,1,2,1,1,1,1,1,1,1,1,2,1,2,19,6,1,7,,1,2
3,18,4,2,2010,2,1,3,1,2,1,1,1,1,1,1,2,1,2,13,6,1,7,,1,2
3,18,4,6,2010,2,1,3,2,2,1,1,1,1,1,1,2,1,2,13,6,1,7,,1,2
3,18,4,10,2010,3,1,3,1,2,1,1,1,1,1,1,1,1,2,9,6,1,7,,1,2
5,18,4,12,2010,1,1,1,2,2,1,1,1,1,1,1,4,1,2,19,6,1,7,,1,2
6,18,4,3,2010,2,1,1,2,2,1,2,2,1,1,1,1,1,2,14,6,1,7,,1,2
6,18,4,4,2010,3,3,1,1,2,1,1,2,1,1,1,4,1,2,19,6,1,7,,1,2
6,18,4,5,2010,3,1,3,1,2,1,1,1,1,1,1,2,1,2,14,6,1,7,,1,2
6,18,4,10,2010,2,3,3,2,2,1,1,1,1,1,1,1,1,2,14,6,1,7,42,1,2
7,18,4,2,2010,2,1,3,1,1,1,1,1,1,1,1,1,1,2,8,6,1,7,,1,2
7,18,4,4,2010,2,3,3,1,2,1,2,2,1,1,1,4,1,2,19,1,1,7,,1,2
7,18,4,6,2010,2,1,1,2,2,1,1,1,1,1,1,1,1,2,14,6,1,7,,1,2
1,18,4,12,2010,3,3,3,1,2,1,1,1,1,1,1,1,1,2,8,6,1,7,,1,2
1,22,4,5,2010,4,1,1,2,1,1,1,1,1,1,1,1,1,2,9,6,1,1,,2,2
2,28,4,2,2010,4,1,1,2,1,1,2,4,1,1,1,2,1,1,14,6,1,1,,1,2
2,28,4,2,2010,3,1,1,2,2,1,1,1,1,1,1,1,1,1,16,6,1,1,,1,2
4,28,4,3,2010,4,1,1,2,2,1,3,1,1,1,2,1,1,1,19,6,1,1,,1,2
4,28,4,4,2010,1,1,1,2,2,1,3,1,1,1,1,5,1,1,19,1,1,1,,1,2
2,28,4,6,2010,2,1,1,2,2,1,2,4,1,1,1,1,1,1,9,6,1,1,,2,2
1,28,4,8,2010,3,1,1,2,2,1,1,1,1,1,1,5,1,1,16,6,1,1,,2,2
3,28,3,4,2010,2,1,1,2,2,1,1,1,1,1,1,1,1,1,14,6,1,1,,2,2
3,28,4,7,2010,2,1,1,2,2,1,1,1,2,3,2,5,1,1,13,7,1,1,,1,2
5,28,3,1,2010,4,1,4,2,2,1,1,1,1,1,1,3,1,1,12,6,1,6,32,2,2
5,28,3,4,2010,3,3,1,2,2,1,1,1,1,1,1,5,1,1,9,6,1,1,22,2,2
5,28,4,6,2010,3,1,1,2,1,1,1,1,1,1,1,5,1,1,9,6,1,1,25,2,2
5,28,4,7,2010,4,3,2,2,1,1,3,1,1,1,1,1,1,1,4,1,1,7,,1,2
5,28,3,8,2010,2,1,8,2,2,1,1,1,1,1,1,1,1,1,4,2,1,1,27,2,2
5,28,4,10,2010,2,1,1,2,2,1,1,1,1,1,1,1,1,1,9,6,1,1,,2,2
5,28,4,10,2010,4,1,1,2,2,2,2,1,2,1,1,1,1,1,7,6,1,1,,1,2
5,28,4,10,2010,2,1,1,2,2,1,1,1,1,1,1,5,1,1,9,6,1,1,,2,2
4,28,4,11,2010,4,1,1,2,2,1,3,1,1,1,1,5,1,1,8,6,1,1,,2,2
4,28,4,11,2010,3,3,1,2,2,1,1,1,1,1,1,1,1,2,9,6,1,1,,2,2
1,28,4,9,2010,4,1,1,2,2,1,3,1,3,1,2,5,1,1,14,8,1,1,,2,2
3,28,4,11,2010,2,1,1,2,2,1,1,1,1,1,1,5,1,1,14,6,1,1,60,2,2
5,28,4,3,2010,2,1,1,2,1,4,2,1,1,1,1,5,1,1,14,6,1,1,,1,2
5,28,4,4,2010,3,1,1,2,2,1,1,1,1,1,1,1,1,1,9,6,1,1,,1,2
5,28,4,12,2010,3,1,1,2,2,1,1,2,1,1,1,1,1,1,5,6,1,1,,2,2
2,28,4,11,2010,3,1,1,2,2,1,1,1,1,1,1,1,1,1,5,6,1,1,,2,2
2,28,4,10,2010,3,1,1,2,2,1,1,2,1,1,1,1,1,1,5,6,1,1,,2,2
5,28,4,1,2010,3,1,1,2,2,1,1,1,1,1,1,5,1,1,9,6,1,1,,2,2
8,13,4,1,2010,1,7,8,2,2,1,4,1,1,1,1,1,1,1,19,11,1,7,,2,2
3,13,4,1,2010,3,1,1,2,2,1,1,1,1,1,1,3,1,2,14,6,1,1,,2,2
3,13,4,1,2010,3,1,1,2,2,1,1,1,1,1,1,1,1,1,4,6,2,7,,2,2
9,13,3,1,2010,3,7,1,2,2,1,2,1,1,1,1,4,1,2,14,4,1,1,28,2,2
2,13,4,2,2010,2,7,8,2,2,1,1,3,1,1,2,4,1,2,14,11,1,1,,1,2
2,13,4,3,2010,3,2,1,2,2,1,1,1,1,1,1,4,1,2,4,6,1,1,,2,2
8,13,4,3,2010,3,1,1,2,2,1,1,1,1,1,1,1,1,1,10,6,1,1,,2,2
4,12,4,2,2010,2,7,8,2,2,1,4,2,1,1,3,3,1,2,4,6,1,1,,2,2
1,12,4,4,2010,3,2,3,2,2,1,1,2,1,1,1,2,1,2,14,1,1,7,30,2,2
1,12,4,4,2010,2,1,1,2,2,1,1,1,1,1,1,4,1,2,14,6,1,1,30,1,2
5,12,4,4,2010,2,1,1,2,2,1,1,4,1,1,1,4,1,1,8,6,1,1,,2,2
1,12,4,5,2010,4,1,1,2,2,1,2,1,1,1,1,2,1,2,14,6,1,1,,2,2
3,12,4,5,2010,1,7,1,2,2,1,1,1,1,1,1,3,1,1,19,6,1,1,,2,2
3,11,4,1,2010,3,1,1,2,2,1,2,1,1,1,1,4,1,2,7,7,1,7,35,2,2
3,11,4,1,2010,3,7,1,2,2,1,1,1,1,1,1,4,1,1,2,11,1,1,22,2,2
6,11,4,1,2010,4,7,1,2,2,1,2,1,1,1,1,2,1,1,4,6,1,3,30,1,2
8,11,4,1,2010,3,7,1,2,2,1,1,1,1,1,1,4,1,2,14,11,1,1,35,2,2
7,11,3,2,2010,3,7,1,2,2,1,1,1,1,1,1,3,1,2,7,2,1,1,25,2,2
6,11,4,2,2010,2,7,1,2,2,1,1,1,1,1,1,2,1,2,9,6,1,1,,2,2
5,11,4,2,2010,4,7,8,2,2,1,2,1,1,1,1,4,1,2,14,6,2,3,,2,2
6,11,4,3,2010,3,7,1,2,2,1,1,1,1,1,1,2,1,2,14,6,1,1,,2,2
8,11,4,3,2010,3,1,1,2,2,1,1,1,1,1,1,2,1,1,8,6,1,1,38,2,2
1,11,4,3,2010,3,7,8,2,2,1,1,1,1,1,1,5,1,1,14,6,1,1,28,2,2
2,17,1,1,2010,2,1,1,2,2,1,1,1,1,1,1,4,1,2,8,11,1,1,32,2,2
7,17,4,1,2010,4,7,8,2,2,1,2,1,1,1,1,4,1,1,19,11,1,1,,2,2
5,17,4,1,2010,3,7,8,2,2,1,1,1,1,1,1,4,4,2,4,6,1,7,27,2,2
4,17,4,2,2010,2,7,1,2,2,1,1,1,1,1,1,1,1,1,9,11,1,1,,2,2
3,17,4,3,2010,3,3,1,2,2,1,1,1,1,1,1,1,1,2,14,6,1,1,35,2,2
8,17,4,1,2010,3,7,1,2,2,1,1,1,1,1,1,4,1,2,7,6,1,1,,2,2
10,16,4,3,2010,4,1,1,2,2,1,3,1,1,1,1,3,1,2,19,6,1,1,,2,2
9,16,4,3,2010,1,1,1,2,2,1,1,2,1,1,1,2,1,2,19,6,2,3,27,2,2
11,16,4,3,2010,2,7,3,2,2,4,2,1,2,1,1,1,1,1,19,11,1,7,,2,1
5,16,4,1,2010,2,4,1,2,2,1,1,1,1,1,1,3,1,2,19,6,1,1,36,2,2
1,9,3,2,2010,3,7,8,2,2,1,1,1,1,1,1,1,1,1,14,6,2,1,,2,2
1,9,3,2,2010,2,7,8,2,2,1,1,1,1,1,1,2,1,1,19,6,1,1,,2,2
1,9,4,2,2010,2,7,8,2,2,1,1,1,5,1,1,5,1,1,14,6,1,1,,2,2
10,9,1,2,2010,1,7,8,1,2,1,4,1,1,1,1,1,1,1,9,6,2,1,,2,2
10,9,4,2,2010,4,7,8,2,2,1,2,1,1,1,1,1,1,1,14,6,1,1,,2,2
12,9,4,1,2010,3,1,1,2,2,1,1,1,5,1,2,1,1,1,9,6,1,7,,2,2