Thana,District,Accident_Severity,Month,Year,Time,Junction_Type,Traffic_Control,Movement,Divider,Weather,Light,Road_Geometry,Surface_Condition,Surface_Type,Surface_Quality,Road_Class,Road_Feature,Location_Type,Vehicle_Type,Vehicle_Movement,Vehicle_Loading,Vehicle_Defect,Vehicle_Driver_Age,Vehicle_Alcohol,Vehicle_Seat_Belt
10,9,4,1,2010,1,7,8,2,2,1,1,1,1,1,1,3,1,1,19,6,1,1,,2,2
10,9,4,1,2010,3,7,8,2,2,1,1,1,1,1,1,1,1,1,19,6,1,1,,2,2
10,9,4,1,2010,4,7,8,2,2,1,2,1,5,1,1,1,1,1,9,6,1,1,,2,2
10,9,3,3,2010,2,7,8,1,2,1,2,1,1,1,1,1,1,1,4,6,1,1,,2,2
10,9,4,3,2010,2,7,8,2,2,1,1,1,5,1,1,1,1,1,14,6,1,7,,2,2
10,9,4,3,2010,3,7,8,2,2,1,1,1,5,1,1,3,1,1,17,6,2,1,,2,2
10,9,4,3,2010,4,7,8,2,2,1,2,1,1,1,1,1,1,1,19,6,1,1,,2,2
11,9,4,3,2010,4,1,1,2,2,1,4,1,1,1,1,1,1,1,9,6,1,1,,2,2
2,9,4,3,2010,3,7,8,1,2,1,1,1,1,1,1,2,1,2,9,6,1,1,,2,2
2,9,4,3,2010,2,7,8,2,2,1,1,1,1,1,1,2,1,1,19,6,1,1,,2,2
3,9,4,3,2010,4,7,1,1,2,1,3,1,1,1,1,4,1,1,19,6,1,1,,2,2
8,9,4,3,2010,2,7,8,2,2,1,1,1,5,1,1,4,1,1,9,6,1,1,,1,2
4,9,4,4,2010,3,7,1,1,2,1,1,1,5,1,1,4,1,1,4,6,1,1,,2,1
10,9,4,4,2010,3,1,1,1,2,1,1,2,1,1,1,1,1,2,9,5,1,1,42,2,2
10,9,4,5,2010,4,7,1,2,2,1,1,1,1,1,1,1,1,1,7,4,1,1,,2,2
10,9,4,5,2010,1,7,1,2,2,1,4,1,1,1,1,1,1,1,13,4,2,1,50,2,2
10,9,4,5,2010,3,3,1,2,2,1,1,1,1,1,1,1,1,,14,1,1,1,,2,2
4,9,4,5,2010,2,1,1,2,2,1,1,1,1,1,1,3,1,2,18,6,1,1,,2,2
4,9,4,5,2010,2,1,1,2,2,1,1,1,1,1,1,2,1,2,14,6,1,1,,2,2
2,7,4,2,2010,2,1,1,2,2,1,2,1,1,2,3,4,1,2,8,6,1,7,32,2,2
1,7,4,3,2010,1,1,1,2,2,1,1,1,1,1,1,3,1,2,19,6,1,7,,2,2
4,6,4,3,2010,3,7,3,2,2,1,1,1,1,1,1,1,1,1,7,6,1,7,,2,2
1,6,4,1,2010,3,7,1,2,2,1,1,2,1,1,1,1,1,2,19,6,2,7,25,2,2
5,6,3,1,2010,2,7,8,2,2,4,1,2,5,1,2,1,1,2,17,6,1,7,36,2,2
4,6,4,2,2010,4,7,3,2,2,1,2,1,1,1,1,1,1,1,8,6,1,7,,2,2
3,6,4,2,2010,4,2,8,2,2,1,2,1,1,1,1,1,1,2,4,6,1,7,35,2,2
3,6,4,4,2010,3,7,8,2,2,1,1,1,1,1,1,3,1,2,14,6,1,7,42,2,2
1,8,4,4,2010,1,7,1,2,2,1,3,1,1,1,1,3,1,2,17,1,2,1,,2,2
5,8,4,4,2010,3,7,1,2,2,1,1,1,1,1,1,2,1,2,4,6,1,7,,2,2
1,8,4,4,2010,2,1,1,2,2,1,4,3,1,3,1,4,1,2,14,6,1,7,,2,2
3,8,3,5,2010,2,7,1,2,2,1,1,2,1,1,1,1,1,1,9,6,1,7,,2,2
4,5,3,1,2010,2,7,1,1,2,1,1,1,1,1,1,1,1,2,19,6,1,1,,2,2
4,5,3,2,2010,1,7,8,2,2,1,1,1,1,1,1,1,1,1,13,6,1,1,,2,2
4,5,4,3,2010,1,7,8,2,2,1,1,1,1,1,1,3,1,2,5,11,1,1,,2,2
4,5,3,3,2010,2,7,3,2,2,1,1,1,1,1,1,1,1,1,11,6,1,1,,2,2
4,5,4,3,2010,2,7,8,2,2,1,1,1,1,1,1,1,1,1,14,6,1,1,,2,2
4,5,4,3,2010,2,7,3,2,2,1,1,1,1,1,1,1,1,1,14,6,1,1,,2,2
1,10,4,1,2010,1,7,1,2,2,1,1,1,1,1,1,5,1,1,8,6,1,1,,2,2
1,2,3,3,2010,3,7,8,2,2,1,1,1,1,1,1,4,1,2,8,4,1,7,,2,2
2,2,4,3,2010,2,7,1,2,2,1,1,2,1,1,1,3,1,2,19,6,2,7,,2,2
5,2,4,4,2010,2,7,1,2,2,1,1,1,1,1,1,3,1,2,19,6,1,7,27,2,2
1,3,3,1,2010,2,7,3,2,2,1,1,1,1,1,1,2,1,2,9,6,1,7,,2,2
6,3,4,2,2010,3,3,8,2,2,1,1,2,1,1,1,3,1,2,4,6,1,7,,2,2
1,3,3,2,2010,3,7,3,2,2,1,1,1,1,1,1,2,1,1,14,11,1,1,,2,2
13,3,4,2,2010,3,7,1,2,2,1,1,1,1,1,1,1,1,2,9,6,1,7,35,2,2
10,3,4,2,2010,2,7,1,2,2,1,1,1,1,1,1,1,1,1,9,6,1,7,45,2,2
10,3,4,3,2010,1,7,1,2,2,1,3,1,1,1,1,1,1,1,14,6,1,7,,2,2
13,3,4,3,2010,3,1,1,2,2,1,1,1,1,1,2,3,1,2,17,6,1,7,28,2,2
1,9,4,8,2010,2,1,3,2,2,1,1,1,1,1,1,1,1,2,9,6,1,1,,2,2
4,9,4,8,2010,1,1,1,2,2,1,3,1,1,1,1,2,1,2,9,6,1,1,,2,2
4,9,3,8,2010,2,2,1,2,2,1,1,1,1,1,2,2,1,2,17,6,1,1,,2,2
4,9,1,8,2010,3,4,1,2,2,1,1,4,2,2,2,2,1,2,17,2,1,1,,2,2
10,9,4,8,2010,3,1,1,2,2,1,1,1,1,1,1,1,1,1,14,11,1,1,,2,2
11,11,3,8,2010,2,1,1,2,2,1,1,1,1,1,1,3,1,2,8,6,2,7,,2,2
6,11,4,5,2010,3,1,1,2,2,1,4,1,1,1,1,2,1,1,19,11,1,1,,2,2
1,11,4,5,2010,2,1,1,2,2,1,1,1,1,1,1,5,3,2,14,6,2,1,30,2,2
1,11,4,4,2010,4,1,1,2,2,1,2,1,1,1,1,5,1,1,19,6,2,1,25,2,2
1,11,3,4,2010,4,7,4,2,2,1,4,1,1,1,1,5,1,1,14,6,1,7,40,2,2
6,11,4,5,2010,4,3,1,2,2,1,4,1,1,1,1,4,1,2,4,4,1,1,,2,2
5,11,4,4,2010,3,7,8,2,2,1,1,1,1,1,1,2,1,2,9,6,1,1,30,2,2
6,11,1,6,2010,2,7,8,2,2,1,1,3,1,1,1,2,1,1,9,1,1,1,,2,1
5,11,4,6,2010,3,7,1,2,2,1,1,1,1,1,1,2,1,2,9,6,1,1,35,2,2
5,11,4,7,2010,2,7,1,2,2,1,1,1,1,1,1,4,1,1,10,6,1,1,,2,1
1,11,3,6,2010,3,7,8,2,2,1,1,1,1,1,1,5,1,2,4,5,1,7,25,2,2
1,10,4,7,2010,2,7,1,2,2,1,1,1,1,1,1,3,1,1,9,6,1,1,,2,2
6,13,4,4,2010,1,4,4,2,2,1,3,1,1,1,1,2,1,2,5,4,1,1,27,2,2
8,13,4,4,2010,4,1,1,2,2,1,2,1,1,1,1,1,1,1,9,6,1,1,,2,2
2,13,4,5,2010,2,7,1,2,2,1,1,1,1,1,1,4,1,2,19,6,2,7,30,2,2
3,13,4,6,2010,2,7,1,2,2,1,1,1,1,1,1,3,1,1,8,11,2,7,,2,2
9,13,4,7,2010,3,1,1,2,2,1,1,1,1,1,1,3,1,2,17,6,1,1,25,2,2
9,13,3,7,2010,4,1,1,2,2,1,1,1,1,1,1,4,1,2,8,6,1,1,,2,2
10,7,4,5,2010,4,7,8,2,2,1,2,4,2,3,1,5,1,1,9,7,1,1,,2,2
5,12,4,8,2010,2,1,1,2,2,1,1,1,1,1,1,4,1,2,14,6,1,1,28,2,2
2,2,4,8,2010,2,7,1,2,2,1,1,1,1,1,1,3,1,2,9,6,1,7,,1,2
1,13,4,8,2010,2,7,1,2,2,1,1,1,1,1,1,4,1,2,9,11,2,7,,2,2
6,13,4,8,2010,3,2,1,2,2,1,1,1,1,1,1,2,1,2,19,4,1,1,,2,2
5,8,4,6,2010,3,2,1,2,2,1,1,1,1,1,1,3,1,1,4,6,1,1,,2,2
1,2,4,2,2010,3,1,1,2,2,1,1,1,1,1,1,1,1,2,17,6,1,1,,2,2
1,2,4,2,2010,2,1,1,2,2,1,1,1,1,1,1,1,1,1,14,6,1,1,40,2,2
10,9,4,7,2010,2,1,1,2,2,1,1,1,1,1,1,1,1,2,14,11,1,1,48,2,2
10,9,3,7,2010,4,2,1,2,2,1,2,1,1,1,2,1,1,1,14,6,1,1,,1,2
10,9,4,7,2010,2,1,1,2,2,1,1,1,1,1,1,1,1,2,9,6,1,1,,1,2
1,9,4,7,2010,4,7,2,2,2,1,3,1,1,1,1,1,1,1,9,4,1,1,,2,2
2,9,3,3,2010,2,1,8,1,2,1,1,5,1,3,1,2,4,2,16,10,1,3,,2,2
7,5,4,4,2010,2,7,8,2,2,1,1,1,1,1,1,4,1,2,8,6,1,1,40,2,2
8,5,4,5,2010,3,7,8,2,2,1,1,1,1,1,1,1,1,1,17,6,1,1,,2,2
8,5,4,5,2010,3,7,8,2,2,1,3,1,1,1,1,1,1,2,19,11,1,1,,2,2
1,5,4,4,2010,2,3,1,2,2,1,1,1,1,1,1,5,1,1,9,6,1,3,,2,2
6,5,4,8,2010,2,1,1,2,2,1,1,1,1,1,1,2,1,2,19,11,1,1,,2,2
3,6,4,5,2010,3,1,1,2,2,1,1,2,1,1,1,1,1,2,8,6,1,5,,2,2
1,6,4,6,2010,1,3,1,2,2,1,1,1,1,1,1,1,1,1,19,6,2,7,45,1,2
4,6,4,6,2010,1,1,8,2,2,1,4,1,1,1,1,1,1,2,4,6,1,7,,2,2
11,16,4,8,2010,1,7,8,2,2,1,4,1,1,1,1,2,1,2,9,6,2,1,,2,2
11,16,4,7,2010,3,7,8,2,2,1,1,1,1,1,1,2,1,2,9,6,2,1,,2,2
1,5,4,8,2010,3,4,1,2,2,1,1,2,1,1,1,1,1,1,8,2,1,1,53,2,2
1,5,3,8,2010,3,1,1,2,2,1,1,1,1,1,1,3,1,1,14,5,1,3,11,2,2
8,5,3,8,2010,4,1,3,2,2,1,4,1,1,1,1,1,1,2,19,6,1,1,,2,2
6,5,4,8,2010,1,7,1,2,2,1,4,1,1,1,1,1,1,2,9,6,1,1,,2,2
1,6,3,7,2010,3,3,3,2,2,1,1,1,1,1,1,5,1,2,8,11,2,1,38,2,2
2,6,4,7,2010,3,3,1,2,2,1,1,2,1,1,1,1,1,1,14,2,1,1,35,2,2
4,6,4,7,2010,4,7,1,2,2,1,2,1,1,1,1,1,1,2,4,6,1,1,,2,2
6,4,4,3,2010,1,7,1,2,2,1,4,1,1,1,1,1,1,2,19,11,1,1,,2,2
8,3,4,4,2010,1,7,1,2,2,1,2,2,1,1,1,1,1,1,14,2,1,1,,2,2
2,3,4,4,2010,1,7,1,2,2,1,1,1,1,1,1,3,1,1,14,6,1,1,44,2,2
2,3,4,4,2010,2,7,1,2,2,1,1,1,1,1,1,4,1,1,17,6,1,7,30,2,2
4,3,4,4,2010,2,1,1,2,2,1,2,2,1,1,1,1,1,2,14,2,1,1,29,2,1
8,3,4,7,2010,2,3,1,2,2,1,2,1,1,1,1,2,1,2,14,6,1,1,,2,2
8,3,4,7,2010,4,3,3,2,2,1,4,1,1,1,1,1,1,2,19,6,1,1,,2,2
6,4,3,4,2010,3,3,1,2,2,1,1,1,1,1,1,1,1,1,14,6,1,1,,1,2
4,4,4,5,2010,2,1,8,2,2,1,2,2,1,1,1,3,1,2,9,1,1,1,,1,2
1,4,4,6,2010,3,7,8,2,2,1,1,1,1,1,1,5,1,1,8,1,1,1,35,2,2
6,4,3,6,2010,4,7,1,1,2,1,2,1,1,1,3,1,1,1,9,11,2,3,,1,2
1,2,4,7,2010,3,7,1,2,2,1,1,1,1,1,1,1,1,2,14,8,1,1,,2,2
4,2,4,7,2010,4,7,1,1,2,2,1,1,2,1,1,4,1,2,17,6,1,1,25,2,2
1,9,4,6,2010,2,7,1,2,2,1,1,1,1,1,1,5,1,1,14,6,1,1,,2,2
10,9,3,4,2010,3,1,1,2,2,1,1,1,1,1,1,1,1,2,4,4,1,1,21,2,2
2,16,4,7,2010,1,3,1,2,2,1,1,1,1,1,1,3,1,1,10,6,1,1,,2,2
1,12,4,7,2010,2,1,2,2,2,1,2,1,1,1,1,3,1,1,14,6,1,1,,2,2
1,12,4,7,2010,4,5,1,2,2,1,2,4,1,1,1,3,1,1,14,6,1,7,,2,2
1,2,4,6,2010,1,1,8,2,2,1,2,2,1,1,1,1,5,1,13,2,1,1,,2,2
1,15,4,4,2010,3,1,1,2,2,1,1,1,1,1,1,4,1,2,7,6,1,1,38,2,2
6,15,4,7,2010,1,2,8,1,2,1,1,1,1,1,2,1,1,2,14,6,1,1,,2,2
4,12,4,6,2010,3,1,1,2,2,1,1,1,5,1,1,3,3,2,9,6,1,1,,2,2
7,13,4,10,2010,1,7,1,2,2,1,4,1,5,1,1,2,1,2,19,6,2,7,,1,2
1,12,4,12,2010,2,7,1,2,2,4,1,1,1,1,1,4,1,2,9,6,1,5,40,2,1
2,12,4,12,2010,4,1,8,2,2,1,4,1,1,1,1,4,1,1,13,6,1,6,,2,2
4,12,4,12,2010,2,7,1,2,2,1,1,1,1,1,1,4,1,2,4,11,1,1,,2,2
1,12,4,10,2010,4,7,1,1,1,2,4,1,2,1,1,4,1,1,6,6,1,1,,2,2
1,12,4,11,2010,1,7,8,1,2,1,1,1,1,1,1,4,1,2,5,1,,,,1,2
1,12,4,11,2010,3,1,3,2,2,1,1,1,1,1,1,3,1,2,7,6,1,1,,2,2
5,12,4,11,2010,2,1,3,1,2,1,1,1,1,1,1,1,2,,14,6,1,1,,2,2
5,12,4,9,2010,1,1,1,2,2,1,4,1,1,1,1,4,1,2,19,11,,,,2,2
1,12,3,9,2010,3,2,1,2,2,1,1,1,1,1,1,5,1,2,10,4,1,1,30,2,2
1,12,4,9,2010,3,7,8,1,2,1,1,1,1,1,1,4,1,2,19,6,1,1,,2,2
1,11,4,9,2010,4,3,8,2,1,1,4,4,5,1,2,3,3,2,7,6,1,1,,2,2
5,11,4,9,2010,3,1,1,1,2,1,1,1,1,1,1,2,1,2,9,6,1,1,,2,2
5,11,4,4,2010,3,1,1,2,2,1,4,1,1,1,1,2,1,2,19,6,1,1,,2,2
1,11,4,10,2010,3,1,8,2,2,1,4,1,1,1,1,2,1,1,9,1,1,4,38,2,2
7,11,3,10,2010,4,7,1,2,2,1,2,1,1,1,1,3,1,2,19,6,2,7,,2,2
6,11,4,10,2010,3,1,1,2,2,1,1,1,1,1,1,2,1,2,8,6,1,2,,2,2
8,11,1,10,2010,2,7,8,2,2,1,1,1,1,1,1,4,1,2,9,6,1,5,,1,2
8,11,4,11,2010,2,2,1,2,2,1,2,1,1,1,1,2,1,2,14,6,1,1,,2,2
1,11,4,11,2010,2,1,1,1,2,1,1,1,1,1,1,4,1,2,17,6,1,5,,2,2
4,11,4,7,2010,2,2,1,1,1,1,1,1,1,1,2,1,2,,6,6,1,3,,2,2
11,16,4,9,2010,4,1,1,1,2,1,1,1,1,3,2,4,1,1,19,6,1,3,,2,2
2,16,4,9,2010,2,3,1,2,2,1,1,4,1,1,2,4,1,2,19,2,1,6,,2,2
1,16,4,9,2010,4,1,8,2,2,1,4,1,1,1,1,5,1,2,9,7,1,1,,2,2
6,16,4,9,2010,4,1,8,2,2,1,4,1,1,1,1,3,1,2,14,6,1,1,,2,2
2,16,4,10,2010,2,2,8,2,2,1,4,1,1,1,1,4,1,2,14,4,2,1,,1,2
10,16,4,11,2010,1,1,1,2,2,4,4,1,1,1,1,2,1,2,19,11,2,7,,2,2
10,16,4,11,2010,1,7,8,2,2,1,2,1,1,1,1,2,1,2,19,11,2,7,,2,2
10,16,4,11,2010,2,1,1,2,2,1,1,1,1,1,1,2,1,2,8,6,1,1,,2,2
11,16,4,11,2010,1,7,8,2,2,1,4,1,1,1,1,2,1,2,14,5,1,1,,2,2
1,9,4,9,2010,4,1,5,2,1,1,1,1,1,1,1,3,1,,9,2,1,1,32,2,2
10,9,4,9,2010,2,1,1,2,2,1,1,1,1,1,1,1,1,2,14,6,2,7,,1,2
10,9,4,9,2010,2,1,5,2,2,1,2,1,1,1,1,1,1,2,14,6,1,7,,1,2
10,9,4,9,2010,1,1,1,2,2,1,2,1,1,1,1,1,1,2,19,6,1,1,,2,2
4,9,4,9,2010,4,2,1,2,2,2,2,1,1,1,1,4,1,2,17,11,1,7,,2,2
12,9,4,10,2010,3,7,1,2,2,1,1,1,1,1,1,5,1,2,8,6,1,1,38,2,2
4,8,4,11,2010,1,7,8,2,2,1,1,1,1,1,1,1,1,2,9,6,1,7,,2,2
4,6,4,8,2010,2,1,8,1,2,1,1,1,1,1,1,1,1,2,14,6,1,1,,2,2
2,9,4,11,2010,1,1,3,2,2,1,1,1,1,1,1,4,1,1,4,6,1,1,,2,2
2,9,4,11,2010,1,1,1,2,2,1,2,1,1,1,1,2,1,2,19,6,1,1,,2,2
4,9,4,11,2010,4,2,1,2,2,4,2,1,1,1,2,2,1,2,17,6,1,1,,2,2
11,9,4,11,2010,4,7,8,2,2,1,4,1,1,1,1,1,1,2,9,6,1,7,,2,2
10,9,4,11,2010,2,1,1,1,2,1,1,1,1,1,1,3,1,2,4,6,1,1,,1,2
10,9,4,11,2010,1,7,1,2,2,1,1,2,1,1,1,1,1,2,19,6,2,7,,2,2
10,9,4,12,2010,4,1,8,2,2,1,4,1,1,1,1,1,1,1,9,8,1,1,,2,2
10,9,4,12,2010,1,1,1,2,2,1,1,1,1,1,1,1,1,2,9,6,1,1,,2,2
10,9,4,12,2010,1,1,8,2,2,3,4,1,1,1,1,1,1,1,19,11,1,7,,2,2
10,9,4,12,2010,3,1,1,1,1,1,1,1,1,1,1,1,1,2,12,6,1,1,,2,2
5,5,4,9,2010,1,1,3,2,2,1,4,1,1,1,1,1,1,2,19,11,1,1,,2,2
4,6,4,9,2010,2,1,8,1,1,1,1,1,1,1,1,1,1,2,9,6,1,1,,2,2
3,6,4,9,2010,3,1,7,2,2,1,1,1,1,1,1,1,1,1,14,2,2,7,24,2,2
2,6,1,9,2010,2,3,1,2,2,1,1,1,1,3,1,4,,,4,5,1,1,,2,2
1,6,4,10,2010,2,1,1,2,2,1,1,1,1,1,1,1,1,1,9,6,1,1,,2,2
1,6,4,11,2010,2,4,3,2,2,4,1,1,1,1,1,5,1,2,14,7,1,1,40,1,2
3,2,4,12,2010,2,2,1,2,2,1,1,1,1,1,1,3,1,2,19,8,1,3,32,2,2
5,11,4,12,2010,1,1,5,2,1,1,1,1,1,1,1,2,1,2,9,2,1,1,,2,2
3,5,4,11,2010,2,1,1,1,2,1,4,1,1,1,1,3,1,2,9,6,2,1,,2,2
4,5,4,10,2010,2,7,1,1,2,1,1,1,1,1,1,1,1,2,14,5,1,1,33,1,2
10,7,4,11,2010,3,1,8,2,2,1,2,1,1,1,1,3,1,2,4,6,1,1,28,2,2
2,7,4,12,2010,1,1,8,2,1,4,4,1,5,1,1,3,1,2,13,11,2,5,60,1,2
11,16,4,12,2010,2,3,8,2,2,1,1,4,1,3,2,4,4,2,13,4,1,1,27,2,2
5,15,4,10,2010,4,1,8,2,2,1,4,1,1,1,1,3,1,2,10,6,1,3,38,2,2
4,15,4,10,2010,4,7,1,2,2,1,4,1,1,1,1,3,1,2,19,6,1,1,,2,2
5,15,4,12,2010,4,1,1,2,2,1,2,3,1,1,1,3,1,2,19,11,2,1,35,2,2
2,10,4,10,2010,4,1,1,2,2,1,2,1,1,1,3,1,2,,14,6,1,1,59,2,2
3,10,3,11,2010,3,7,8,2,2,1,1,1,1,1,1,2,1,2,9,11,1,7,34,2,2
5,10,4,12,2010,3,1,1,2,2,1,1,1,1,1,1,3,1,2,14,6,1,2,22,2,2
5,10,4,12,2010,4,7,8,2,2,1,4,2,1,1,1,3,1,2,14,6,1,1,45,2,2
2,6,4,12,2010,3,7,1,2,2,1,1,1,1,1,1,1,1,2,17,6,1,2,28,2,2
3,6,4,12,2010,3,1,1,2,1,1,1,1,1,1,1,2,1,2,8,6,1,1,,2,2
2,3,4,12,2010,3,7,7,2,2,1,1,1,1,1,1,3,1,2,4,6,1,1,55,2,2
1,3,4,12,2010,2,7,1,2,2,1,1,1,1,1,1,5,1,1,14,11,1,1,,1,2
7,13,4,11,2010,2,1,1,1,2,1,1,1,1,1,1,2,1,2,9,6,1,1,,2,2
5,13,4,11,2010,2,2,8,1,1,1,1,2,1,1,1,2,1,2,8,11,2,1,,2,2
3,4,4,12,2010,4,7,1,2,2,1,2,1,1,1,1,3,1,1,14,6,1,1,40,2,2
1,4,4,11,2010,3,7,8,2,2,1,1,3,5,1,1,3,1,2,9,6,1,1,28,2,2
6,4,4,10,2010,3,1,3,2,2,1,4,1,1,1,1,1,1,2,19,11,1,1,,2,2
1,4,4,9,2010,2,7,8,2,2,1,1,1,1,1,1,2,1,2,12,6,1,1,35,2,2
2,4,4,8,2010,3,7,8,2,2,2,1,1,2,2,1,4,1,2,4,6,1,1,,2,2
1,17,4,4,2010,3,1,1,2,2,1,3,1,1,1,1,5,1,2,19,6,2,1,,1,2
7,17,4,6,2010,3,7,8,2,2,2,1,1,2,1,1,3,1,2,19,6,2,3,,2,2
8,17,3,7,2010,3,7,1,2,2,1,1,1,1,1,1,4,1,2,13,6,2,7,25,1,2
1,17,4,7,2010,4,3,6,2,2,1,3,3,1,1,1,4,1,2,19,11,1,1,,1,2
1,17,4,9,2010,3,7,1,2,2,1,1,1,1,1,1,5,1,2,8,5,1,1,31,2,2
9,17,4,10,2010,4,1,1,1,1,2,1,1,1,2,3,1,2,,7,11,2,1,30,1,2
1,17,4,10,2010,2,3,7,2,2,1,1,1,1,1,1,3,1,2,6,6,1,1,45,2,2
7,17,4,11,2010,2,7,8,2,2,1,1,1,1,1,1,1,1,2,4,6,1,1,40,2,2
7,17,1,12,2010,3,7,8,2,2,1,2,1,1,1,1,1,1,2,12,6,1,1,30,2,2
8,17,4,12,2010,2,1,1,1,2,1,1,1,1,1,1,3,1,2,9,6,1,7,23,1,2
10,17,4,12,2010,2,1,8,2,2,1,1,1,5,1,1,1,1,2,9,6,1,7,,2,2
4,6,4,12,2010,3,1,1,1,2,1,1,1,1,1,1,2,1,2,9,6,1,3,,2,2
10,16,4,5,2010,1,7,1,2,2,4,1,1,1,1,3,1,2,,19,11,1,1,,2,2
5,11,4,12,2010,3,1,1,2,2,1,1,1,1,1,1,2,1,2,9,2,1,1,,2,2
1,14,4,3,2010,2,7,1,2,2,1,1,1,1,1,1,5,1,1,19,5,1,7,35,2,2
4,14,3,3,2010,3,7,1,2,2,1,1,1,1,1,1,1,1,1,19,4,1,7,45,2,2
1,14,4,4,2010,3,7,1,1,1,1,1,1,1,1,1,5,1,1,9,5,1,7,,2,2
3,14,4,5,2010,2,3,1,1,2,1,1,1,1,1,1,3,1,1,14,2,1,1,24,2,2
1,14,4,6,2010,3,3,4,2,1,1,1,1,1,1,1,5,1,1,9,6,1,3,38,2,2
1,14,4,7,2010,2,3,8,1,1,1,1,1,1,1,1,5,1,1,5,5,1,4,,2,2
2,14,4,9,2010,3,1,1,2,2,2,1,1,1,1,1,5,1,1,13,6,1,5,,2,2
1,56,1,8,2010,2,3,1,1,1,1,1,1,1,1,1,5,1,1,19,6,1,1,,2,2
1,56,4,7,2010,2,1,1,2,2,1,1,1,1,1,1,5,1,1,12,6,1,1,,2,2
9,56,3,7,2010,2,1,1,2,2,1,1,1,1,1,1,5,1,1,18,6,1,1,,2,2
7,56,4,6,2010,3,1,1,2,2,1,4,1,1,1,1,1,1,2,9,6,1,1,24,2,2
7,56,4,6,2010,1,1,1,2,2,1,3,1,1,1,1,1,1,2,19,6,1,1,,2,2
3,56,3,6,2010,3,1,1,2,2,1,1,1,1,1,1,1,1,2,9,6,1,1,40,2,2
3,56,4,5,2010,2,2,1,2,2,1,1,1,2,1,1,1,1,2,19,6,1,1,,2,2
7,56,4,4,2010,3,1,1,2,2,1,1,4,1,1,1,1,1,2,10,6,1,1,40,2,2
3,56,4,2,2010,4,1,1,2,2,1,1,1,1,1,1,1,1,2,19,6,1,1,,2,2
3,56,4,2,2010,3,1,1,2,1,2,1,1,1,1,1,1,1,2,1,6,1,1,,2,2
3,56,4,1,2010,3,2,1,2,2,1,1,1,1,1,1,1,1,2,9,11,1,7,38,2,2
7,56,4,1,2010,3,2,3,2,2,1,1,1,1,1,1,1,1,2,14,2,1,1,30,2,2
7,56,4,1,2010,3,7,1,2,2,1,1,1,1,1,1,1,1,2,17,11,2,3,24,2,2
8,56,3,1,2010,1,1,2,2,2,1,1,1,1,1,1,2,1,2,5,9,1,1,,2,2
1,53,4,8,2010,2,1,1,2,2,1,1,1,1,1,1,2,1,2,19,5,1,1,,1,1
1,53,4,8,2010,2,1,1,2,2,1,1,1,1,1,1,2,1,2,8,6,1,1,,2,2
12,53,4,8,2010,1,1,1,2,2,1,1,2,1,1,1,2,1,2,7,2,1,1,27,2,2
11,53,4,8,2010,2,1,1,2,2,1,1,1,1,1,1,3,1,1,2,6,1,1,,2,2
6,53,4,5,2010,2,1,1,2,2,1,1,1,1,1,1,4,1,2,9,6,1,1,,2,2
2,53,4,4,2010,3,1,2,2,2,1,1,1,1,1,1,4,1,2,4,6,1,1,,2,2
7,53,4,4,2010,3,1,1,2,2,1,1,1,5,2,2,4,1,2,8,6,1,1,,2,2
3,53,4,2,2010,1,1,1,2,2,1,1,1,1,1,2,4,1,2,17,6,1,1,,2,2
6,53,4,3,2010,1,1,1,2,2,1,1,1,5,1,1,4,1,2,4,6,1,1,,2,2
1,53,4,3,2010,1,1,1,2,2,1,1,1,5,2,3,4,1,2,6,6,1,1,,2,2
3,53,4,3,2010,2,1,1,2,2,1,1,1,1,1,1,1,1,2,19,6,1,1,,2,2
6,53,4,2,2010,3,1,1,2,2,1,1,1,1,1,1,3,2,2,5,5,1,1,19,1,2
4,53,4,2,2010,2,1,1,2,2,1,1,1,1,1,1,4,1,2,4,6,1,1,22,2,2
5,53,4,2,2010,3,1,1,2,2,1,1,2,1,1,1,4,1,2,5,1,1,1,,1,2
11,53,4,1,2010,2,1,1,1,2,4,4,4,1,3,2,4,1,2,17,6,1,1,25,2,2
3,53,4,1,2010,4,1,1,2,2,4,4,1,1,1,1,1,1,2,5,6,1,1,,1,2
3,55,4,7,2010,3,1,1,2,2,1,1,1,2,1,1,3,1,2,14,11,1,1,32,2,2
1,55,4,7,2010,3,1,1,2,1,1,1,1,1,1,1,1,1,1,14,6,1,1,30,2,2
1,55,3,2,2010,3,1,1,2,2,1,1,1,1,1,1,2,1,1,7,7,1,1,,2,2
1,55,4,5,2010,2,1,1,1,2,1,1,1,1,1,1,1,1,2,12,6,1,1,38,2,2
1,55,4,5,2010,3,1,1,2,2,1,1,1,1,1,1,1,1,2,9,6,1,1,,1,2
2,55,4,2,2010,2,1,1,2,2,1,1,1,1,3,2,1,1,2,17,9,1,7,,2,2
1,55,4,1,2010,1,1,1,2,2,4,4,1,2,1,1,1,1,2,11,8,1,6,32,2,2
3,55,4,1,2010,2,1,1,2,2,1,1,4,1,1,1,3,4,2,14,2,1,1,36,2,2
1,55,4,4,2010,3,1,1,2,2,1,1,1,1,1,1,3,1,2,13,6,1,1,,2,2
1,55,3,4,2010,3,1,1,2,2,1,1,2,1,1,1,1,5,1,9,1,1,1,65,2,2
7,55,4,3,2010,3,1,1,2,2,1,1,1,1,1,1,3,1,2,4,6,1,1,,2,2
1,54,4,1,2010,2,1,3,2,2,1,1,1,1,1,1,2,1,1,10,6,1,1,,2,2
10,54,4,1,2010,2,3,1,2,2,1,3,4,1,1,1,3,1,1,17,2,1,1,25,2,2