Thana,District,Accident_Severity,Month,Year,Time,Junction_Type,Traffic_Control,Movement,Divider,Weather,Light,Road_Geometry,Surface_Condition,Surface_Type,Surface_Quality,Road_Class,Road_Feature,Location_Type,Vehicle_Type,Vehicle_Movement,Vehicle_Loading,Vehicle_Defect,Vehicle_Driver_Age,Vehicle_Alcohol,Vehicle_Seat_Belt
10,54,4,1,2010,3,1,1,2,2,1,1,1,1,1,1,4,1,2,8,8,1,1,30,2,2
6,54,4,1,2010,3,1,1,2,2,1,1,1,1,1,1,1,1,1,8,6,1,1,,2,2
3,53,4,12,2010,2,1,1,2,2,1,1,1,1,1,1,4,1,1,5,6,1,6,,2,2
8,53,4,11,2010,1,1,1,2,2,1,1,1,1,1,1,2,1,1,19,6,1,1,,2,2
6,53,4,11,2010,1,1,6,2,2,1,1,1,1,1,2,4,1,1,8,6,1,6,,2,2
1,53,4,10,2010,3,7,1,2,2,1,1,2,1,1,1,4,1,2,19,11,1,1,22,2,2
1,53,4,9,2010,3,3,1,2,2,1,1,1,1,1,1,2,1,1,6,2,1,6,30,2,2
1,56,3,12,2010,1,1,1,2,2,4,4,1,1,1,1,2,1,1,10,6,1,1,25,2,2
5,56,4,12,2010,2,1,1,2,2,1,1,1,1,1,1,4,1,1,12,6,1,1,,2,2
4,56,4,10,2010,2,1,1,2,2,1,1,1,1,1,1,2,1,2,19,6,1,1,24,2,2
7,56,4,9,2010,3,1,1,2,2,1,1,1,1,1,1,1,1,2,7,6,1,1,27,2,2
3,56,4,9,2010,3,2,1,2,2,1,1,1,1,1,1,1,1,2,9,6,1,1,40,2,2
1,55,4,12,2010,3,1,1,2,2,1,1,1,1,1,1,1,1,2,10,6,1,1,28,2,2
1,55,4,12,2010,2,1,1,2,2,1,1,1,1,1,1,4,1,2,5,6,1,1,,2,2
2,55,4,10,2010,1,1,1,2,2,1,1,1,1,1,1,4,1,1,4,6,1,1,40,2,2
6,55,4,10,2010,1,2,1,2,2,1,1,1,1,1,1,4,1,2,10,6,1,1,35,2,2
6,55,4,10,2010,2,1,1,2,2,1,1,1,1,1,1,4,1,1,4,6,1,1,28,2,2
6,55,4,10,2010,2,1,1,2,2,1,1,1,1,1,1,4,1,2,14,6,1,1,35,2,2
6,55,4,9,2010,2,1,1,2,2,1,1,1,1,1,1,3,1,2,12,6,1,1,,2,2
8,54,4,10,2010,3,1,1,2,2,1,1,1,1,1,1,2,1,2,8,6,1,1,,2,2
10,54,4,10,2010,3,1,1,2,2,1,1,1,1,1,1,4,1,2,9,6,1,1,,2,2
7,54,4,7,2010,3,1,1,2,2,1,1,1,1,1,1,2,1,1,14,6,1,1,35,2,2
3,54,4,2,2010,3,1,1,2,2,1,1,1,1,1,1,2,1,2,7,7,1,1,35,2,2
3,54,4,4,2010,3,1,1,2,2,1,1,1,1,1,1,2,1,1,14,5,2,1,,2,2
3,54,4,5,2010,3,1,1,2,2,1,1,1,1,1,1,2,1,2,7,6,1,1,25,2,2
3,54,4,9,2010,3,3,3,2,2,1,1,1,1,1,1,2,1,2,12,6,1,1,25,2,2
8,54,4,10,2010,4,1,1,2,2,1,4,1,1,1,1,1,1,2,9,6,1,1,,2,2
13,54,4,7,2010,3,1,1,2,2,1,4,1,1,1,1,1,1,2,19,6,1,1,,2,2
13,54,4,8,2010,3,1,1,2,2,1,1,1,1,1,1,1,1,1,7,6,1,1,,2,2
13,54,4,11,2010,3,1,1,2,2,1,1,1,1,1,1,1,1,2,9,6,1,1,,2,2
10,54,4,11,2010,2,1,1,2,2,1,1,1,1,1,1,4,1,2,12,6,1,1,30,1,2
6,54,4,3,2010,2,1,1,2,2,1,1,1,1,1,1,2,1,2,10,6,1,1,,2,2
6,54,4,3,2010,3,1,1,2,2,1,1,1,1,1,1,4,1,2,8,6,1,1,,2,2
5,54,3,1,2010,3,1,1,2,2,1,1,4,5,3,2,3,4,2,17,6,1,1,,2,2
5,54,4,2,2010,3,3,1,2,2,1,1,1,1,1,1,4,1,2,12,6,1,1,28,2,2
5,54,4,3,2010,3,1,1,2,2,1,1,1,2,3,2,4,4,2,17,6,1,1,,2,2
5,54,4,5,2010,3,1,1,2,2,1,1,1,1,1,1,4,1,2,6,6,1,1,26,2,2
11,54,4,11,2010,4,1,1,2,2,1,4,1,1,1,1,2,1,2,14,6,1,1,,2,2
11,54,4,12,2010,4,1,1,2,2,1,4,1,1,1,1,3,1,2,12,11,1,1,28,2,2
1,54,4,7,2010,2,2,1,2,2,1,1,1,1,1,1,1,1,1,8,4,1,1,25,2,2
1,54,4,3,2010,4,3,1,2,2,1,2,1,1,1,1,2,1,1,19,6,1,1,,2,2
1,54,4,8,2010,2,1,8,2,2,1,1,3,1,1,1,5,2,1,14,6,1,1,,2,2
1,54,4,5,2010,4,3,1,2,2,2,4,1,2,1,1,3,1,2,19,6,1,1,,2,2
1,54,4,5,2010,4,7,1,2,2,1,2,1,1,1,1,5,1,1,8,6,1,1,50,2,2
1,54,4,9,2010,2,1,1,2,2,1,1,1,1,1,1,2,1,1,5,6,1,1,,2,2
1,54,4,9,2010,,1,1,2,2,1,1,1,1,1,1,3,1,1,7,5,1,1,,2,2
12,54,4,5,2010,,1,3,2,2,1,1,1,1,1,1,1,1,1,19,6,1,1,,2,2
12,54,4,6,2010,4,2,1,2,2,1,2,1,1,1,1,1,1,1,5,6,1,1,30,2,2
1,54,3,10,2010,3,1,1,1,1,1,1,1,1,1,1,1,1,1,12,6,1,1,32,2,2
1,54,4,11,2010,3,1,3,2,2,1,1,1,1,1,1,3,1,1,7,6,1,1,,2,2
12,54,3,6,2010,3,1,1,2,2,1,1,1,1,1,1,1,1,2,7,6,1,1,,2,2
12,54,3,8,2010,2,7,1,2,2,1,1,1,1,1,1,1,5,1,14,6,1,1,,2,2
8,54,4,2,2010,2,1,1,2,2,1,1,1,1,1,1,1,1,1,14,11,1,1,,2,2
8,54,4,2,2010,2,7,1,2,2,1,1,1,1,1,1,3,1,2,5,7,1,7,,2,2
8,54,4,2,2010,1,1,1,2,1,1,1,1,1,1,1,2,2,2,14,6,1,7,,2,2
8,54,4,2,2010,2,7,1,2,2,1,1,1,1,1,1,4,1,2,17,7,1,1,,2,2
8,54,4,4,2010,1,1,1,1,2,4,2,1,1,1,1,2,1,2,14,6,1,1,,2,2
8,54,4,5,2010,2,1,1,2,2,1,1,1,1,1,1,3,1,2,5,6,1,1,24,2,2
8,54,4,11,2010,2,1,1,2,2,1,1,1,1,1,1,,1,2,17,11,1,1,19,2,2
9,54,4,2,2010,3,1,1,2,2,1,1,1,1,3,2,,4,2,19,6,1,1,,2,2
10,54,4,3,2010,3,1,1,2,2,1,1,1,1,1,1,4,1,2,12,6,1,1,,2,2
10,54,4,4,2010,3,1,1,2,2,1,2,1,2,1,1,4,1,2,9,6,1,1,,2,2
10,54,4,4,2010,3,1,1,2,2,1,1,1,1,1,1,4,1,2,13,6,1,1,,2,2
7,54,2,3,2010,1,7,1,1,2,4,3,1,1,1,1,2,1,2,14,11,1,7,40,2,2
11,54,4,6,2010,3,1,1,2,2,1,1,1,1,1,1,2,1,1,4,11,1,1,,2,2
4,5,4,5,2010,3,1,1,2,2,1,1,1,1,1,1,2,1,2,14,6,1,1,,2,2
9,54,4,9,2010,3,1,1,2,2,1,1,1,1,1,1,1,1,2,7,6,1,1,27,2,2
3,53,4,11,2010,3,1,1,2,2,1,1,1,1,1,1,1,1,2,12,6,1,1,,2,2
1,54,4,8,2010,1,1,1,2,2,1,1,1,1,1,1,1,1,1,12,6,1,1,26,1,2
1,54,4,9,2010,4,1,4,1,1,1,1,1,1,1,1,5,1,1,8,6,1,2,35,1,2
12,53,4,3,2010,3,1,1,2,2,1,1,1,1,1,1,1,1,2,19,6,1,1,,2,2
1,28,1,1,2011,3,1,1,2,2,1,1,1,1,1,1,1,1,1,9,4,1,7,40,2,2
2,28,4,5,2011,3,7,2,1,2,1,1,1,1,1,1,1,1,1,14,7,1,7,23,2,2
4,28,4,1,2011,3,7,3,2,1,1,3,1,1,1,1,1,1,1,9,6,1,1,,2,2
4,28,4,1,2011,2,1,1,2,2,1,2,1,1,1,1,1,1,1,14,6,1,4,,2,2
4,28,4,2,2011,2,7,8,1,2,1,3,1,1,1,1,5,1,1,9,4,1,1,,1,2
4,28,4,7,2011,4,1,1,2,2,1,3,1,1,1,1,5,1,1,14,5,1,7,,2,2
5,28,1,2,2011,3,3,1,2,2,1,1,1,1,1,1,5,1,1,9,4,1,1,,2,2
5,28,4,2,2011,4,7,8,2,2,1,2,1,5,1,1,1,1,1,9,11,1,1,,1,2
5,28,4,3,2011,2,7,8,2,2,1,2,1,1,1,1,1,1,1,9,11,1,1,,1,2
1,28,4,4,2011,3,7,1,1,2,1,1,1,1,1,1,1,1,2,19,11,2,7,,1,2
5,28,4,6,2011,4,7,6,2,2,1,1,1,1,1,1,1,1,2,7,4,1,1,,1,1
1,28,4,3,2011,3,7,1,2,2,1,1,1,1,1,1,5,1,1,9,1,1,7,,2,2
1,28,4,7,2011,3,3,6,2,2,1,1,1,1,1,1,1,1,1,14,6,2,7,30,2,2
2,28,4,5,2011,2,7,8,2,2,1,1,1,1,1,1,2,1,1,9,11,1,7,,1,2
1,28,4,7,2011,3,1,1,1,2,1,1,1,1,1,1,5,1,1,14,11,1,1,,2,2
1,28,4,10,2011,3,3,8,1,2,1,1,1,1,1,1,5,1,1,14,6,1,7,27,2,2
2,28,4,2,2011,2,7,1,2,2,1,1,1,1,1,1,5,1,1,14,6,2,6,,1,2
2,28,4,3,2011,3,7,1,2,2,1,1,1,1,1,1,5,1,1,5,6,1,7,,1,2
2,28,4,10,2011,4,7,8,2,1,1,2,1,1,1,1,5,1,1,14,6,1,7,48,1,2
3,28,4,1,2011,2,7,1,2,2,1,1,1,1,1,1,1,1,1,19,11,1,7,,1,2
3,28,4,5,2011,4,1,8,1,2,1,2,1,1,1,1,5,1,1,5,11,1,6,,1,2
3,28,4,5,2011,4,7,1,2,2,1,2,2,2,1,1,5,1,1,5,2,1,7,,1,2
4,28,4,10,2011,3,7,8,1,1,1,1,1,1,1,1,1,1,1,9,5,2,7,,1,2
1,28,4,10,2011,2,4,4,2,2,1,1,1,1,1,1,5,1,1,9,11,1,1,,2,2
1,28,4,11,2011,2,1,1,1,1,1,1,1,1,1,1,5,1,1,9,6,1,7,36,1,2
1,28,1,12,2011,3,1,8,2,2,1,3,1,1,1,1,5,1,1,12,5,2,7,31,2,2
5,28,4,10,2011,3,7,1,2,2,1,1,1,1,1,1,1,1,1,14,6,1,1,22,2,2
5,28,4,12,2011,3,7,3,2,2,1,1,1,1,1,1,5,1,1,9,7,1,1,,2,2
6,21,4,7,2011,3,1,1,2,2,1,1,1,1,1,1,1,2,,14,6,1,1,,2,2
8,26,4,7,2011,1,1,1,2,2,1,1,1,1,1,1,5,4,1,4,6,1,1,35,2,2
4,26,4,4,2011,2,1,1,2,2,1,1,1,1,1,1,4,2,2,8,6,1,4,,2,2
8,26,3,10,2011,2,1,1,2,2,1,1,1,1,1,1,4,1,2,4,8,1,1,,2,2
8,26,4,9,2011,1,3,1,1,2,1,1,1,1,1,1,4,1,2,4,1,1,1,,2,2
1,26,4,7,2011,4,1,1,2,2,1,4,1,1,1,1,1,1,2,19,6,,,,2,2
3,26,4,10,2011,4,1,1,2,2,1,3,1,1,1,2,1,2,2,5,5,1,1,22,2,2
1,26,4,2,2011,2,1,2,1,1,1,1,1,1,1,1,1,3,2,9,6,2,7,,1,1
4,26,4,10,2011,2,1,1,2,2,1,1,1,1,1,1,2,2,2,13,7,1,1,30,2,2
1,26,4,11,2011,2,1,1,2,2,4,1,1,2,1,1,2,1,1,,,1,1,45,2,2
1,26,4,12,2011,3,1,1,2,2,1,1,1,1,1,1,2,1,2,9,3,1,1,47,2,2
5,26,3,9,2011,4,2,1,2,2,1,4,1,1,1,1,1,1,2,1,6,1,1,,2,2
3,24,4,2,2011,1,1,1,2,2,3,1,1,1,1,1,4,1,1,13,3,1,1,38,2,2
1,24,4,3,2011,3,3,1,2,2,1,1,1,1,1,1,2,4,2,14,6,1,7,,2,2
1,24,4,3,2011,1,1,1,2,2,1,1,1,1,1,1,1,2,2,14,6,1,1,,1,2
1,24,3,6,2011,4,1,1,2,2,1,4,1,1,1,1,2,5,2,13,1,1,3,42,2,2
4,24,3,6,2011,3,1,1,2,2,1,1,2,1,1,1,5,1,2,1,6,1,1,,2,2
5,24,1,2,2011,3,1,1,2,2,1,1,1,1,1,1,3,1,2,4,5,1,1,,2,2
6,24,4,2,2011,1,1,4,2,2,1,2,2,1,1,1,3,1,2,13,6,1,1,,2,2
3,24,4,7,2011,1,1,1,2,2,1,2,1,1,1,1,1,1,2,9,6,1,1,45,2,2
3,24,4,2,2011,1,1,1,2,1,1,1,1,1,1,1,2,1,2,4,11,1,1,,2,2
5,26,4,12,2011,2,2,1,2,2,1,1,1,1,1,1,1,1,1,1,6,1,1,,2,2
4,26,1,6,2011,2,3,1,2,2,1,1,1,1,1,1,2,1,2,13,6,1,1,40,2,2
6,21,4,7,2011,3,1,1,2,2,1,1,1,1,1,2,1,2,,14,2,1,7,,1,2
3,21,4,6,2011,4,1,1,2,2,1,2,1,2,1,1,1,1,2,19,6,1,7,,2,2
1,21,4,4,2011,2,1,1,2,2,1,1,1,1,1,1,1,1,,14,6,1,1,,2,2
3,21,4,2,2011,2,1,1,2,2,1,1,1,1,1,1,1,1,1,9,6,1,1,49,2,2
6,21,4,1,2011,3,7,1,2,2,1,1,1,1,1,1,1,1,2,9,6,2,5,,2,2
3,21,4,12,2011,3,1,1,2,2,1,1,1,1,1,1,1,1,2,4,6,1,7,,2,2
5,21,4,12,2011,2,1,1,2,2,1,1,1,1,1,1,1,1,2,9,8,1,1,54,2,2
6,21,4,11,2011,3,1,1,2,2,1,1,1,1,1,1,4,1,2,19,6,1,7,,2,2
5,21,4,9,2011,4,1,1,2,2,1,2,2,1,2,2,1,2,,5,6,2,7,,2,2
1,23,4,11,2011,3,2,8,2,2,1,1,1,1,1,1,2,1,2,19,3,,,22,2,2
1,19,4,6,2011,3,3,8,2,2,1,1,1,1,1,1,2,1,1,9,11,1,7,40,2,2
3,19,4,4,2011,1,1,8,2,2,1,1,2,1,1,2,3,1,2,4,6,1,7,,2,2
4,19,4,10,2011,2,1,1,2,2,1,1,1,1,1,1,1,4,1,14,5,2,7,,2,2
4,19,4,10,2011,2,1,1,2,2,1,1,1,1,1,1,4,1,2,8,5,2,7,,2,2
1,19,4,12,2011,4,1,1,2,2,4,2,1,1,1,1,5,1,2,14,6,1,7,,2,2
1,22,3,1,2011,2,1,8,2,2,1,4,1,1,1,1,1,1,2,10,6,2,1,,2,2
3,22,4,3,2011,4,1,1,2,2,1,3,1,1,1,1,4,1,1,14,1,1,1,32,2,2
2,22,4,5,2011,1,1,8,2,2,1,1,1,1,1,2,1,2,,4,6,1,1,28,2,2
1,22,4,5,2011,4,1,1,2,2,1,4,1,1,1,1,1,2,,19,11,1,7,,1,2
1,22,4,5,2011,3,1,1,2,2,1,4,1,1,1,1,1,2,,14,11,1,7,,2,2
1,22,4,6,2011,3,7,8,2,2,1,1,1,1,1,1,2,1,2,4,2,1,1,40,2,2
2,22,4,7,2011,2,1,1,2,1,1,1,1,1,1,2,5,2,,19,6,1,7,30,2,2
4,22,4,3,2011,1,1,8,2,2,1,1,2,1,1,1,1,2,2,19,6,1,7,,2,2
2,22,4,9,2011,2,1,8,2,2,1,1,1,1,1,1,4,1,2,14,6,1,7,,2,2
1,22,4,11,2011,3,1,1,2,2,1,1,1,1,1,1,1,1,2,4,6,1,7,20,2,2
1,20,4,1,2011,2,1,1,2,2,1,1,1,1,1,1,4,1,2,9,6,1,1,,2,2
3,20,4,2,2011,3,1,1,2,1,1,1,1,1,1,1,3,1,2,13,6,1,1,38,2,2
1,20,4,3,2011,4,1,1,1,2,1,4,1,1,1,2,5,1,2,17,6,1,1,,2,2
1,20,4,4,2011,3,1,1,2,2,1,1,1,1,1,1,4,1,2,8,6,1,1,,2,2
2,20,4,4,2011,1,1,1,2,2,1,1,1,1,1,1,4,1,1,4,11,2,7,22,2,2
1,20,3,7,2011,1,1,1,2,2,1,1,1,1,1,1,2,1,2,7,6,1,7,32,2,2
6,18,4,5,2011,2,1,1,2,2,1,1,1,1,1,1,2,2,,14,,1,1,23,2,2
2,18,4,6,2011,3,1,1,2,2,1,1,1,1,2,3,3,1,2,16,6,2,6,,2,2
1,18,4,7,2011,3,1,1,2,2,1,1,1,1,1,1,1,1,2,9,6,1,1,,2,2
5,18,4,7,2011,3,1,1,2,2,1,1,1,1,1,1,2,1,2,19,,2,6,,2,2
5,18,4,7,2011,3,1,1,2,2,1,1,1,1,1,1,2,2,2,6,6,1,3,,2,2
2,18,4,7,2011,2,1,1,2,2,1,1,1,1,1,1,3,1,2,4,6,1,1,,2,2
2,18,4,7,2011,3,3,1,2,2,1,1,1,1,1,1,5,1,1,8,1,1,1,,2,2
2,18,4,7,2011,2,1,1,2,2,1,1,1,2,1,1,2,1,2,19,8,1,1,,2,2
1,18,4,4,2011,3,1,1,2,2,1,1,1,1,1,1,1,1,1,14,6,1,1,36,2,2
1,18,3,8,2011,4,1,1,2,2,1,4,1,1,1,1,1,1,2,11,6,1,1,,1,1
1,18,4,8,2011,3,1,1,2,2,1,1,1,1,1,1,4,1,2,19,6,2,6,,2,2
6,18,4,8,2011,3,1,1,2,2,1,1,1,1,1,1,1,2,2,14,6,1,1,,1,1
7,18,4,8,2011,3,1,1,2,2,1,1,1,1,1,1,1,1,2,10,6,1,1,,2,2
1,18,4,9,2011,3,1,1,2,2,1,1,1,1,1,1,5,1,1,4,1,1,1,,2,2
1,18,4,8,2011,,1,1,2,2,1,1,1,5,2,2,4,1,2,4,7,1,1,,2,2
1,18,4,9,2011,1,1,1,2,2,1,1,1,1,1,1,1,,,19,6,,,,2,2
7,18,4,2,2011,1,1,1,2,2,1,1,1,1,1,1,1,1,2,14,8,,1,,1,1
1,18,4,2,2011,3,3,1,2,2,1,1,1,1,1,1,5,1,2,2,6,1,1,,2,2
1,18,4,2,2011,1,1,1,2,2,1,2,2,1,1,1,1,3,2,19,6,1,7,,1,1
1,18,4,3,2011,,3,4,2,2,1,1,1,1,1,1,2,1,1,9,6,1,3,28,2,2
1,18,3,3,2011,2,1,1,2,2,1,1,1,1,1,1,4,1,2,19,6,1,1,,2,2
3,18,4,3,2011,3,1,1,2,2,1,1,1,1,1,2,4,1,2,17,6,2,6,,2,2
3,18,4,4,2011,2,1,1,2,2,1,1,1,1,1,1,4,1,2,4,6,1,7,27,2,2
1,18,4,5,2011,1,1,1,2,2,1,2,1,1,1,1,1,2,2,12,6,2,1,,2,2
5,18,4,5,2011,2,1,1,2,2,1,1,1,1,1,1,1,2,,19,6,1,6,,2,2
5,18,4,5,2011,3,1,1,2,2,1,1,1,1,1,1,2,1,2,19,6,2,6,,2,2
3,18,4,5,2011,3,1,1,2,2,1,1,2,1,1,1,4,,,19,6,2,6,,2,2
1,18,4,11,2011,3,1,1,2,2,1,1,1,1,1,1,1,2,2,19,6,,,,,
1,18,4,11,2011,4,2,1,2,2,1,3,1,1,1,1,1,1,1,19,6,,7,,2,2
1,18,4,11,2011,1,1,1,2,2,1,3,1,1,1,1,1,1,1,16,6,,,,2,2
5,18,3,11,2011,4,1,1,2,2,4,4,1,1,1,1,2,1,1,3,4,2,6,40,2,2
5,18,4,12,2011,1,1,1,2,2,1,1,1,1,1,1,2,1,1,13,5,1,7,,2,2
5,18,4,12,2011,3,1,1,2,2,1,1,1,1,1,1,2,2,2,19,6,1,7,30,2,2
1,18,4,12,2011,1,1,1,2,2,1,1,1,1,1,1,1,1,1,14,6,,7,,2,2
1,18,4,12,2011,,1,1,2,2,1,1,1,1,1,1,4,1,2,19,6,1,6,,1,2
1,29,2,2,2011,4,2,1,2,2,4,4,1,1,1,1,1,1,2,9,6,1,1,,2,2
1,29,4,2,2011,3,1,1,2,2,1,1,1,1,1,2,2,2,,4,6,1,1,,2,2
1,29,4,12,2011,2,1,1,2,2,1,1,1,1,1,1,2,3,2,7,6,1,7,,2,2
3,29,4,6,2011,2,1,1,2,2,1,1,1,1,1,1,2,1,2,6,,,,,2,2
3,29,4,2,2011,2,1,1,2,2,1,1,2,1,1,1,2,1,2,9,2,1,1,30,2,2
5,29,4,7,2011,1,1,1,2,2,1,1,1,1,1,1,2,2,2,9,4,1,1,,2,2
8,29,4,6,2011,3,1,1,2,2,1,4,1,2,1,1,5,1,1,14,,,1,,2,2
5,29,4,7,2011,1,1,1,2,2,1,4,1,1,1,1,2,1,1,9,6,1,7,,1,2
1,29,4,6,2011,2,1,1,1,1,4,1,2,1,1,1,1,1,2,14,2,2,1,,2,2
1,29,4,5,2011,1,1,1,2,2,1,2,2,3,2,2,4,1,2,10,1,1,1,,1,1
8,29,4,6,2011,3,1,1,2,2,1,4,2,1,1,1,1,1,2,9,1,1,,,2,2
8,29,4,8,2011,2,1,1,2,2,1,1,1,1,1,1,5,1,2,19,7,2,1,35,2,2
7,29,4,4,2011,2,1,1,2,2,1,1,1,1,1,1,5,1,2,9,6,1,1,,2,2
8,29,4,1,2011,3,1,1,2,2,1,1,4,1,1,2,4,1,2,4,6,2,1,,2,2
1,29,3,11,2011,3,7,1,2,2,1,1,2,1,1,1,1,1,2,9,1,2,1,45,2,2
1,25,4,3,2011,2,1,1,2,2,1,1,1,1,1,1,2,1,,14,2,1,1,,1,1
1,25,4,6,2011,2,1,8,2,2,1,1,1,1,1,1,4,1,2,14,6,2,1,40,1,1
8,25,4,7,2011,4,1,1,2,2,1,1,1,1,1,1,2,1,2,9,8,2,7,,2,2
8,25,4,3,2011,3,1,1,2,2,1,1,1,1,1,1,2,1,2,4,11,2,2,,1,2
1,25,3,1,2011,2,1,1,2,2,1,1,1,1,1,1,5,2,1,14,6,1,2,,2,2
1,25,4,1,2011,3,1,1,2,2,1,1,1,1,1,1,5,1,2,14,6,1,2,,1,1
1,25,4,1,2011,3,1,1,2,2,1,1,1,1,1,1,5,1,2,9,6,1,1,,2,2
1,25,4,3,2011,2,1,1,2,2,1,1,1,1,1,1,5,1,2,10,6,1,2,,2,2
1,25,4,3,2011,4,1,1,2,2,1,4,1,1,1,2,5,1,2,9,6,1,1,,2,2
1,25,4,3,2011,2,1,1,2,2,1,1,1,1,1,1,5,2,1,4,6,1,1,,1,1
1,25,4,5,2011,2,1,1,2,2,1,1,1,1,1,1,5,1,2,18,9,2,1,,2,2
1,25,4,6,2011,2,1,1,2,2,1,1,1,1,1,1,5,1,2,18,6,2,5,32,2,2
1,20,4,11,2011,2,1,1,2,2,1,1,1,1,1,1,2,2,2,14,6,1,1,,1,1
1,20,2,12,2011,2,1,1,2,2,1,2,1,1,1,1,4,1,2,14,6,2,1,42,1,2
1,20,4,12,2011,1,1,1,2,2,1,1,1,1,1,1,2,1,2,9,6,1,1,,2,2
2,20,4,11,2011,2,1,1,2,2,1,1,1,1,1,1,4,1,2,18,1,1,1,,1,2
4,20,4,10,2011,1,3,1,2,2,1,1,1,2,1,1,4,1,2,14,6,1,1,,2,2
8,25,4,12,2011,3,3,1,2,2,1,1,1,1,1,1,2,2,1,4,1,1,2,28,1,1
1,25,3,10,2011,4,1,1,2,2,1,1,1,1,1,1,2,1,2,6,5,1,1,40,2,2
1,25,4,8,2011,3,1,1,2,2,1,1,1,1,1,1,3,1,1,9,6,1,2,32,2,2
1,25,4,8,2011,3,1,1,2,2,1,1,1,1,1,1,3,1,2,9,6,1,1,32,2,2
1,25,3,9,2011,3,1,1,2,2,1,1,1,1,1,1,4,1,2,13,6,1,1,32,2,2
1,29,4,3,2011,2,1,1,2,2,1,1,1,1,1,1,2,1,2,7,6,1,7,,2,2
4,29,4,9,2011,1,1,1,2,2,1,1,1,1,1,1,2,1,2,9,6,1,1,34,2,2
5,29,4,11,2011,2,1,1,2,2,1,1,1,1,1,1,2,1,2,8,6,1,1,,2,2
8,29,4,8,2011,2,1,1,2,2,1,1,1,1,1,1,3,1,1,6,1,1,7,35,2,2
8,29,3,9,2011,3,1,1,2,2,1,1,1,1,1,1,1,1,2,7,6,1,1,30,1,1
7,24,4,11,2011,2,1,1,2,2,1,1,1,1,3,1,4,1,1,14,6,1,,,1,2
5,11,4,3,2011,3,3,1,2,2,1,1,1,1,1,1,1,1,2,9,6,1,1,,2,2
11,11,4,4,2011,3,7,1,1,2,1,1,1,1,1,1,4,1,2,14,11,1,1,,2,2
1,11,4,5,2011,2,7,1,2,2,1,2,1,1,1,1,1,1,1,4,4,1,7,,2,1
5,11,4,5,2011,3,4,1,2,2,1,1,1,1,1,1,1,1,2,14,6,1,1,30,2,2
10,11,4,6,2011,2,7,1,2,2,2,4,2,2,2,3,4,1,2,8,5,1,1,,2,2
10,11,4,6,2011,2,7,1,2,2,1,1,1,1,1,1,3,1,2,19,6,1,1,28,2,2
8,11,4,1,2011,3,3,3,2,2,1,1,1,1,1,1,2,1,2,8,7,1,1,,2,2
5,11,4,2,2011,3,7,1,2,2,1,1,1,1,1,1,2,1,2,9,11,1,1,,2,2
1,11,4,2,2011,2,4,1,2,2,1,1,4,1,3,2,4,1,2,17,11,2,7,,1,2
4,12,4,3,2011,2,1,1,1,2,1,1,1,1,1,1,2,1,2,14,11,1,1,25,2,2
1,12,4,3,2011,2,1,1,1,2,1,1,1,1,1,1,1,1,1,9,6,1,1,,1,2
2,12,4,3,2011,3,1,8,1,2,1,2,1,1,1,1,4,1,2,8,6,1,1,,2,2
5,12,4,7,2011,2,7,1,1,2,1,1,5,1,1,1,2,1,2,14,8,1,7,35,1,2
2,12,3,2,2011,2,1,8,1,2,1,1,1,1,1,1,4,1,2,8,11,2,1,,2,2
3,13,4,5,2011,2,7,1,1,2,1,1,1,1,1,1,4,1,2,14,6,1,7,25,2,2
5,13,4,5,2011,3,1,1,2,1,1,1,1,1,1,1,1,1,2,14,6,1,1,30,2,2
5,13,4,5,2011,2,7,1,2,2,1,1,1,1,1,1,2,1,2,14,6,1,1,33,2,2
2,13,4,9,2011,3,1,3,1,2,1,1,1,1,1,1,4,1,2,14,11,1,1,36,2,2
8,13,4,9,2011,4,1,8,1,2,1,4,1,1,1,1,1,1,2,19,6,2,7,,2,2
5,13,4,1,2011,2,7,1,2,2,1,1,1,1,1,3,4,1,2,8,4,2,1,27,2,2
9,13,4,2,2011,3,1,8,1,2,1,1,1,1,1,1,2,1,2,7,6,1,1,27,2,2
10,16,3,2,2011,2,2,1,2,2,1,1,1,1,1,1,1,1,2,10,6,1,1,,2,2
2,16,4,2,2011,4,7,8,2,2,1,4,5,5,1,1,2,1,2,13,11,1,7,25,2,2
10,16,4,7,2011,2,3,1,2,2,1,1,1,5,1,1,1,1,2,19,6,1,1,,2,2
8,16,4,1,2011,3,1,1,2,2,1,1,1,1,1,1,4,1,2,4,5,1,1,38,2,2
8,16,4,5,2011,4,1,1,2,2,1,4,1,1,1,2,1,1,2,,6,1,1,,2,2
3,1,4,3,2011,2,7,8,2,2,1,1,2,1,1,1,2,1,2,14,2,,,,,2
1,1,4,3,2011,4,1,3,2,2,1,2,1,1,1,1,1,1,1,14,6,2,7,30,1,2
3,1,4,6,2011,2,7,1,2,2,1,3,1,1,1,1,5,1,2,13,11,,,,,
5,1,4,4,2011,3,7,1,2,,1,1,1,1,1,1,1,1,2,8,6,2,7,,1,2
5,1,4,5,2011,1,7,1,2,2,1,1,1,1,1,1,1,1,2,14,7,1,6,,1,2
1,6,4,2,2011,4,1,3,2,2,4,2,1,1,1,1,2,1,2,19,,,,,,
5,6,4,1,2011,4,1,1,2,2,1,2,2,1,1,1,4,1,2,17,5,1,3,,1,2