Thana,District,Accident_Severity,Month,Year,Time,Junction_Type,Traffic_Control,Movement,Divider,Weather,Light,Road_Geometry,Surface_Condition,Surface_Type,Surface_Quality,Road_Class,Road_Feature,Location_Type,Vehicle_Type,Vehicle_Movement,Vehicle_Loading,Vehicle_Defect,Vehicle_Driver_Age,Vehicle_Alcohol,Vehicle_Seat_Belt
4,6,2,2,2011,2,1,8,1,2,1,1,3,1,1,1,2,1,2,8,,1,1,42,2,2
5,6,4,2,2011,3,1,1,2,2,1,1,2,1,1,1,1,1,2,14,11,1,7,,,
4,6,4,3,2011,3,1,1,2,2,1,1,1,1,1,1,2,1,2,14,,,1,40,2,2
3,6,4,3,2011,4,2,2,2,2,1,2,1,1,1,1,1,1,2,8,6,,1,45,1,2
1,6,3,4,2011,3,7,,2,,1,1,2,1,1,1,1,1,2,8,,2,1,,1,
4,6,4,4,2011,2,1,1,1,2,1,1,1,1,1,1,2,1,1,9,,,,,,
3,6,4,4,2011,2,6,2,2,2,1,1,2,1,1,1,1,1,2,8,6,,1,35,,
3,6,4,4,2011,3,4,8,2,2,1,1,2,1,1,1,1,1,1,17,2,1,1,35,,2
1,6,4,7,2011,3,2,1,2,2,1,1,1,1,1,1,1,1,2,14,11,1,1,40,2,2
1,4,4,1,2011,3,4,8,2,2,1,1,1,1,1,1,1,1,2,13,11,1,3,28,2,2
1,4,4,1,2011,2,7,1,1,2,1,1,1,1,1,1,2,1,2,9,1,1,1,,1,2
3,4,4,3,2011,3,1,1,2,2,1,1,1,1,1,1,2,1,2,17,6,1,1,32,1,2
3,4,4,4,2011,2,1,1,2,2,1,1,1,1,2,1,2,1,2,17,6,1,1,22,2,2
5,4,4,4,2011,2,1,1,2,2,1,1,1,1,1,1,2,1,2,14,2,1,1,,1,2
6,4,4,4,2011,3,1,1,2,1,1,1,2,1,1,1,1,1,2,9,11,1,1,,2,2
1,4,4,5,2011,3,7,8,2,2,1,1,1,1,2,2,1,2,,8,1,1,3,45,,2
4,4,4,6,2011,4,1,8,2,2,1,2,1,1,1,1,1,1,2,,,,,,,
1,4,4,7,2011,4,4,1,2,2,2,1,2,2,1,1,2,1,2,8,4,1,3,40,1,2
3,4,4,7,2011,4,1,1,2,2,1,4,1,1,1,2,2,1,2,14,11,1,1,26,1,2
11,7,2,1,2011,3,1,1,2,2,1,1,1,1,1,1,4,1,2,8,11,1,1,,2,2
1,7,3,1,2011,4,7,1,2,2,1,4,1,1,1,1,1,1,1,5,1,1,7,,1,2
11,7,1,6,2011,3,1,1,2,2,1,1,1,1,1,1,4,1,2,19,6,1,1,,2,2
5,2,4,2,2011,2,7,1,2,2,1,1,1,1,1,1,2,1,2,9,6,1,1,,1,2
1,2,4,3,2011,3,1,3,2,2,1,1,1,1,1,1,1,1,2,8,7,1,1,,1,2
1,2,4,12,2011,3,3,1,1,2,1,1,1,1,1,1,1,1,2,14,8,2,7,25,1,2
1,2,4,12,2011,4,1,7,2,2,1,2,1,1,1,1,2,1,2,19,6,1,1,,2,2
3,2,4,12,2011,3,2,1,2,2,1,1,1,1,3,1,5,1,2,14,7,1,1,28,2,2
2,2,4,11,2011,3,7,8,2,2,4,1,1,1,1,2,4,1,2,,,,,,,
5,2,4,12,2011,1,7,8,2,2,4,2,1,1,1,2,2,1,2,14,11,1,7,,1,2
1,2,4,11,2011,2,1,1,2,2,2,1,1,1,1,1,4,1,2,19,6,1,1,,2,2
3,2,4,11,2011,2,7,8,1,1,1,1,1,1,1,1,4,1,2,19,6,1,7,,2,2
4,2,4,11,2011,3,7,3,1,2,1,1,1,1,1,1,1,1,2,17,6,1,7,,2,2
1,2,4,10,2011,3,1,1,2,2,1,1,1,1,1,1,4,1,2,17,6,1,1,,2,2
3,2,4,10,2011,2,1,1,2,2,1,1,1,1,1,1,2,1,2,19,11,1,7,28,2,2
1,2,3,1,2011,3,7,8,2,2,1,1,1,1,1,1,1,1,2,14,6,1,1,40,2,2
2,2,4,1,2011,2,1,1,2,2,1,1,3,1,3,2,4,1,2,19,6,1,1,,2,2
5,2,4,4,2011,3,7,3,2,2,1,1,1,1,1,1,1,1,2,4,5,1,1,30,2,1
2,2,4,5,2011,2,7,8,1,2,1,1,1,1,3,2,4,1,2,19,6,1,7,,2,2
5,2,4,5,2011,3,1,8,2,2,1,1,1,2,1,1,4,1,2,19,6,2,7,20,2,2
1,2,4,5,2011,4,1,1,1,2,1,2,1,1,1,1,1,1,2,9,6,1,1,,2,2
1,2,4,5,2011,2,1,1,2,2,1,1,1,1,1,1,4,1,2,17,6,1,1,25,2,2
1,2,4,5,2011,3,7,8,1,2,1,1,1,1,1,1,4,1,2,17,6,1,7,35,2,2
1,2,4,6,2011,2,7,1,2,2,1,1,1,2,1,1,4,1,2,19,6,2,1,30,2,2
3,2,1,6,2011,2,1,4,2,2,1,1,1,1,1,1,2,1,2,13,6,1,1,,2,2
2,2,4,7,2011,3,1,2,2,2,1,1,1,5,1,2,4,1,2,19,6,1,1,,2,2
11,3,4,2,2011,3,7,8,2,2,1,1,1,1,1,1,3,1,2,19,5,1,7,24,2,2
11,3,4,2,2011,3,1,1,1,2,2,2,3,1,1,1,2,1,2,14,6,1,3,22,2,2
12,3,4,3,2011,1,1,8,2,2,4,4,1,2,1,1,3,1,2,9,6,1,1,,2,2
7,3,4,6,2011,4,1,8,1,2,1,1,1,1,1,1,1,1,2,9,6,1,1,,2,2
1,8,4,1,2011,3,2,3,2,2,2,1,1,1,1,1,3,1,2,13,6,1,1,,2,2
5,8,4,4,2011,3,1,1,2,2,1,1,1,1,1,1,1,1,2,19,2,2,1,,2,2
1,8,4,5,2011,4,2,1,2,2,1,2,2,2,1,2,5,1,1,17,1,1,7,,2,2
1,8,4,6,2011,2,1,8,2,2,1,1,1,1,1,1,3,1,2,9,6,1,1,50,2,2
4,8,1,6,2011,1,1,1,2,2,1,2,1,1,1,1,1,1,2,14,6,1,1,31,2,2
7,8,4,7,2011,3,7,8,2,2,1,1,1,1,1,1,1,1,2,4,11,1,7,,2,2
8,13,3,12,2011,1,1,1,2,2,1,3,2,1,1,1,1,1,2,14,7,1,,,2,2
8,13,4,12,2011,3,1,1,2,2,1,1,1,1,1,1,1,1,2,17,1,1,1,,1,2
5,12,4,12,2011,3,7,8,1,2,1,1,1,1,1,1,1,1,2,14,6,1,1,,2,2
5,11,4,7,2011,1,1,1,2,2,1,4,1,1,1,1,1,1,2,,,,,,2,2
5,11,4,7,2011,3,1,1,2,1,1,1,1,1,1,1,1,1,2,8,6,1,7,40,2,2
7,11,2,7,2011,2,7,8,2,2,1,1,1,1,1,2,2,1,2,9,11,1,1,30,2,2
3,11,4,9,2011,2,1,8,2,2,1,1,4,5,1,1,4,1,2,8,1,1,7,,2,2
1,15,4,1,2011,2,1,1,2,2,1,1,1,1,1,1,1,2,,,6,1,1,,2,2
1,15,4,1,2011,1,1,4,2,2,1,4,1,1,1,1,1,1,2,,,,,,2,2
1,15,4,8,2011,2,3,8,2,2,1,2,2,1,1,1,1,1,1,7,1,1,1,,2,2
1,15,4,10,2011,1,1,1,2,2,1,4,1,1,1,1,1,1,2,,6,1,1,,2,2
2,16,4,8,2011,4,1,1,2,2,1,2,1,1,1,1,2,1,2,19,6,1,1,,2,2
6,16,2,8,2011,3,1,2,2,2,1,1,1,1,1,1,1,1,2,7,9,1,1,,2,1
10,16,4,8,2011,3,1,4,1,2,1,1,1,1,1,1,1,1,2,14,5,1,1,,2,2
10,16,4,8,2011,1,3,8,1,2,1,1,1,1,1,1,1,1,2,,,,,,2,2
4,16,4,9,2011,3,4,8,2,2,1,1,1,5,2,1,5,1,2,4,7,1,7,,2,2
10,16,3,9,2011,1,1,4,1,1,1,2,1,1,1,1,1,1,1,9,10,1,1,35,1,2
10,16,1,9,2011,4,5,1,1,1,1,3,1,1,1,1,1,1,2,14,8,1,1,42,2,2
7,16,4,10,2011,2,3,8,2,1,1,1,1,1,1,1,1,1,1,14,6,1,1,31,2,2
10,16,4,10,2011,1,1,1,1,2,1,4,1,1,1,1,1,1,2,,,,,,2,2
10,16,4,10,2011,2,3,1,2,2,1,2,1,1,1,1,1,2,,,,,,,2,2
3,16,4,12,2011,1,3,1,2,2,4,4,1,1,3,2,4,1,2,14,6,2,1,,2,2
10,16,2,5,2011,2,7,1,2,2,1,2,1,1,1,1,1,1,2,14,5,1,7,40,2,2
5,16,4,5,2011,3,1,1,2,2,2,1,1,2,1,1,4,1,2,4,6,1,1,25,2,2
10,16,4,1,2011,3,3,3,2,2,1,1,1,1,1,1,1,1,2,9,6,1,1,45,2,1
10,16,4,1,2011,1,7,8,2,2,1,4,1,1,1,1,1,1,2,9,6,1,1,34,1,2
10,16,3,1,2011,1,7,8,2,2,1,4,1,1,1,1,1,1,2,,6,,,,1,2
1,9,3,1,2011,3,1,1,1,2,1,1,1,1,1,1,2,1,2,13,6,1,1,25,2,2
2,9,3,12,2010,3,1,1,2,2,1,1,1,1,1,1,1,1,1,14,6,1,1,40,1,2
10,9,4,3,2011,3,1,1,2,2,1,1,1,1,1,1,1,1,2,9,6,1,1,,2,2
10,9,4,3,2011,3,1,1,1,2,1,1,1,1,1,1,1,1,2,7,6,1,1,,2,2
4,9,4,3,2011,4,1,8,2,2,1,2,4,1,1,2,2,3,2,19,6,1,1,,2,2
6,9,4,4,2011,2,1,1,2,2,1,2,1,1,1,1,1,1,2,13,6,1,1,,2,2
4,9,4,4,2011,2,1,1,2,2,1,1,1,1,1,1,2,1,2,9,6,2,4,28,2,2
4,9,4,4,2011,4,7,1,2,2,1,1,1,1,1,1,1,1,2,14,11,1,1,35,2,2
10,9,4,4,2011,3,7,8,1,2,1,1,3,1,3,1,2,1,2,13,11,2,7,40,2,2
1,9,1,5,2011,3,2,1,2,2,1,3,2,1,1,1,1,1,1,14,1,2,5,,1,2
11,9,4,5,2011,3,1,1,2,2,1,1,1,1,1,1,1,3,1,9,6,1,4,45,2,2
12,9,4,5,2011,2,1,1,2,2,1,4,1,1,1,1,1,1,1,6,6,2,6,,2,2
10,9,4,5,2011,4,1,1,1,2,1,2,1,1,1,1,1,1,2,14,6,1,1,,2,2
10,9,4,5,2011,4,1,1,2,2,1,4,1,1,1,1,1,1,2,,,,,,,
3,9,4,4,2011,3,1,1,1,1,1,1,1,1,1,1,3,1,2,5,6,1,1,,2,2
2,9,3,1,2011,1,1,1,2,2,1,1,1,1,1,1,1,1,1,14,6,1,1,40,1,2
10,9,4,2,2011,2,1,1,2,2,1,1,1,1,1,1,1,1,2,4,11,1,1,,2,2
4,9,4,2,2011,4,1,1,2,2,1,1,1,1,1,1,3,1,2,14,6,1,1,,2,2
12,9,4,2,2011,1,1,8,2,2,1,4,1,1,1,1,1,1,1,9,6,1,1,,2,2
5,13,4,4,2011,2,1,1,2,2,1,1,1,1,1,1,2,1,1,19,6,2,7,22,2,2
10,9,4,10,2011,3,1,3,2,2,1,3,1,1,1,1,1,1,1,9,6,1,7,,1,2
2,4,4,3,2011,3,1,8,1,1,1,2,1,1,1,1,4,1,2,9,6,1,1,,2,2
1,9,4,7,2011,4,1,8,2,1,1,2,1,1,1,1,1,3,1,6,1,1,1,,2,2
1,9,4,7,2011,2,1,1,2,2,1,1,1,1,1,1,1,1,1,14,6,1,1,,2,2
1,9,4,7,2011,3,1,1,2,2,1,1,1,1,1,1,1,1,2,9,6,1,7,,2,2
10,9,4,7,2011,1,1,1,2,2,1,3,1,1,1,1,1,1,,14,6,1,1,,1,1
11,9,4,8,2011,2,1,8,2,1,1,3,1,1,1,1,4,1,1,4,6,1,7,,2,2
10,9,4,8,2011,2,1,8,2,2,1,1,1,1,1,1,3,1,1,14,6,1,1,,1,1
2,9,4,8,2011,2,1,1,2,2,1,1,1,1,1,1,1,1,1,1,4,1,4,30,2,2
4,9,4,12,2011,4,1,3,2,2,1,3,1,1,1,1,2,1,1,14,,,,,,
4,9,4,12,2011,3,1,1,2,2,1,1,1,1,1,1,2,1,2,14,6,1,1,,2,2
10,9,4,12,2011,1,1,1,2,2,4,4,1,2,1,1,1,1,2,14,6,1,7,45,1,2
10,9,4,12,2011,4,1,4,2,2,1,1,2,1,1,1,1,1,1,14,6,1,7,,2,2
1,9,3,12,2011,2,1,1,2,2,1,1,1,1,1,1,5,1,1,13,6,1,7,32,2,2
1,14,4,1,2011,3,1,8,2,2,1,1,1,1,1,1,5,1,1,10,11,2,7,32,,2
1,14,4,6,2011,2,7,1,2,2,1,1,1,1,1,1,1,1,1,14,11,1,,,1,2
1,14,4,7,2011,4,2,1,2,2,1,1,1,1,2,1,1,1,1,19,5,1,1,29,2,2
4,14,4,2,2011,1,1,1,2,2,1,4,1,1,1,1,1,1,2,19,6,1,7,,1,2
4,14,4,4,2011,4,7,8,2,2,1,4,1,1,1,1,5,1,1,4,11,1,1,,2,2
4,14,4,4,2011,3,5,3,2,2,1,1,2,1,1,1,5,1,1,,,1,1,48,2,2
4,14,3,9,2011,3,7,3,2,2,1,1,1,1,1,1,5,1,1,12,1,1,7,,1,2
4,14,4,4,2011,2,4,1,2,1,2,1,1,2,1,1,5,1,1,9,5,1,7,,2,2
3,14,1,1,2011,2,1,1,1,2,1,1,1,1,1,1,5,1,1,14,11,1,1,35,2,2
3,14,4,7,2011,2,1,1,2,2,1,1,1,1,1,1,1,1,1,14,4,,,,2,2
3,14,4,10,2011,3,1,1,1,2,1,1,1,1,1,1,1,1,1,9,5,1,6,40,2,2
4,14,4,11,2011,2,7,3,2,2,1,1,1,1,1,1,3,1,1,,,,,,,
3,53,4,1,2011,3,1,1,2,2,1,1,1,1,1,1,1,1,2,7,6,1,1,20,2,2
1,53,1,2,2011,3,1,8,1,2,1,1,1,1,1,1,1,1,1,5,6,1,1,22,2,2
11,53,4,2,2011,3,5,8,1,2,1,4,4,1,3,2,4,1,2,17,6,1,3,,2,2
3,53,3,2,2011,3,7,1,2,2,1,1,1,1,1,1,2,1,2,12,6,1,1,,,
12,53,4,1,2011,3,1,1,2,2,1,1,1,1,1,1,1,1,2,4,6,1,1,30,2,2
5,53,4,2,2011,2,1,1,2,1,1,1,2,1,1,2,4,1,2,4,6,1,1,,1,2
7,53,1,2,2011,4,7,1,1,2,1,2,1,1,1,1,5,1,2,6,4,2,4,,2,2
2,2,3,3,2011,2,1,1,2,2,1,2,2,1,1,2,1,1,2,8,2,1,1,27,2,2
8,54,4,1,2011,1,3,2,2,2,1,1,1,1,1,1,4,1,2,4,2,1,3,,2,2
10,54,4,1,2011,3,7,8,2,2,1,2,1,1,1,1,4,5,2,5,8,1,1,25,2,2
7,56,4,7,2011,2,2,1,2,2,1,1,1,1,1,1,1,1,2,7,5,1,1,40,1,2
7,56,4,7,2011,2,2,3,2,2,1,1,1,1,1,1,1,1,2,19,11,1,1,,,
3,56,3,7,2011,1,2,1,2,2,1,1,1,1,1,1,1,1,2,1,1,1,1,27,2,2
8,56,3,7,2011,1,1,1,2,2,2,4,1,2,1,1,1,1,2,12,5,1,1,55,2,2
6,56,4,7,2011,2,7,3,1,2,1,1,1,1,1,1,4,1,2,9,11,1,1,35,2,2
6,55,4,1,2011,2,7,1,1,2,1,1,1,1,1,1,2,1,1,,,,,,,
7,56,2,4,2011,4,2,1,2,2,1,3,1,1,1,1,1,1,2,14,1,1,7,30,2,2
8,56,4,5,2011,1,2,1,2,2,1,3,1,1,1,1,1,1,2,14,2,1,7,28,2,2
8,54,4,6,2011,3,1,1,1,2,1,1,5,1,1,1,4,2,2,12,11,1,7,,2,2
11,54,4,6,2011,2,1,1,2,2,1,1,1,1,1,1,4,1,2,13,6,1,1,35,2,2
2,53,4,5,2011,3,1,1,2,2,2,1,4,2,1,2,4,5,2,4,11,1,1,,2,2
1,53,4,5,2011,4,7,8,2,2,1,2,1,1,1,1,4,1,1,17,11,1,7,25,1,2
6,53,4,6,2011,3,7,8,2,2,1,1,1,1,1,1,4,1,2,6,6,2,7,19,2,2
6,53,3,6,2011,2,7,8,2,2,1,1,1,1,1,1,4,1,2,19,6,2,7,25,2,2
1,53,4,4,2011,3,7,1,1,1,1,1,2,1,1,1,1,1,2,19,11,1,1,,2,2
3,53,4,4,2011,3,7,1,2,1,1,1,1,1,1,1,2,1,2,5,5,1,1,,2,2
9,56,3,3,2011,2,2,1,2,2,1,1,1,1,1,1,1,1,2,9,11,1,1,30,2,2
1,56,4,2,2011,1,1,1,2,2,1,4,1,1,1,1,2,1,2,14,6,1,1,30,1,2
9,56,2,4,2011,3,2,1,1,2,1,1,1,1,1,1,1,1,2,14,1,1,1,30,1,2
9,56,4,2,2011,2,2,1,2,2,1,1,1,1,1,1,1,1,2,19,11,2,7,,2,2
2,55,4,2,2011,2,3,8,2,2,1,1,1,1,1,1,2,1,2,17,6,1,6,22,2,2
7,53,4,3,2011,4,1,2,1,2,1,2,1,1,1,1,1,1,2,5,4,1,1,26,2,2
1,53,1,3,2011,1,3,1,1,2,1,1,1,1,1,1,1,1,2,8,1,2,7,30,1,2
3,53,4,3,2011,,1,1,1,2,1,1,1,1,1,1,2,1,2,4,6,1,1,,2,2
12,53,4,3,2011,3,1,1,2,2,1,1,2,1,1,1,1,1,1,8,1,1,7,,2,2
12,53,4,3,2011,3,1,1,2,1,1,1,1,1,1,1,2,1,2,13,9,1,1,35,2,1
1,56,4,1,2011,3,1,1,2,2,1,1,1,1,1,1,2,1,2,17,2,1,1,,2,2
8,56,4,1,2011,3,1,1,2,2,1,1,1,1,1,1,2,1,2,11,8,1,1,,2,2
4,56,4,1,2011,3,1,1,2,2,1,1,1,1,1,1,1,1,2,19,5,2,7,,2,2
3,53,4,3,2011,,1,1,2,2,1,1,1,1,1,1,2,1,2,7,6,1,7,,2,2
1,54,3,2,2011,1,7,1,2,2,1,2,1,1,1,1,1,1,1,12,6,1,2,28,2,2
1,54,4,2,2011,4,1,1,2,2,1,2,1,1,1,1,1,2,1,19,11,2,7,,1,2
1,54,1,1,2011,4,7,1,2,1,4,3,1,5,1,3,1,1,1,5,6,1,7,28,1,2
1,54,4,1,2011,3,1,8,2,2,1,1,1,1,1,1,1,1,1,19,11,2,1,,1,2
1,54,4,2,2011,2,1,8,2,2,1,1,2,1,1,1,5,1,2,17,1,2,7,,1,2
1,54,4,5,2011,2,1,8,2,2,1,2,1,1,1,2,5,1,1,19,6,1,7,,2,2
12,54,3,5,2011,3,3,8,2,2,1,3,1,1,1,1,2,1,2,6,6,1,1,31,2,1
1,54,1,3,2011,1,1,2,2,2,1,1,1,1,1,1,3,1,1,19,8,1,7,,1,2
1,54,4,4,2011,4,1,3,2,2,1,2,1,1,1,1,1,1,1,14,11,1,1,,2,2
1,54,4,5,2011,3,5,4,2,2,1,1,2,1,1,1,1,2,1,9,1,1,1,45,2,2
12,54,4,3,2011,4,1,1,2,2,1,2,1,1,1,1,1,1,2,9,5,1,1,35,2,2
12,54,4,5,2011,3,7,1,2,2,1,1,2,1,1,1,1,1,1,8,9,1,1,25,2,2
12,54,4,4,2011,3,7,1,2,2,1,1,1,1,1,1,1,1,2,7,6,1,7,,2,2
6,5,4,7,2011,4,1,1,2,2,1,1,1,1,1,1,2,1,2,19,11,2,7,,1,2
3,55,4,7,2011,1,1,1,1,2,1,1,1,1,1,1,1,1,2,4,6,2,7,20,2,2
11,54,4,3,2011,1,3,8,2,2,2,1,2,2,1,2,4,4,2,8,1,2,7,,2,2
10,54,4,4,2011,3,1,8,2,2,1,1,1,1,1,1,1,1,2,19,11,1,7,,2,2
4,54,4,6,2011,3,7,1,2,1,1,4,1,1,1,1,2,1,1,19,11,2,7,,1,2
5,54,4,4,2011,3,1,1,1,2,1,1,1,1,1,1,3,1,2,14,6,1,7,,2,2
11,54,3,7,2011,2,1,1,2,2,1,3,1,1,1,1,4,1,1,19,11,2,7,,2,2
11,54,4,5,2011,3,3,1,1,2,1,1,2,1,1,1,4,1,2,8,1,2,7,,2,2
6,55,4,7,2011,4,1,1,2,2,1,4,1,1,1,1,2,1,2,19,11,2,7,,2,2
1,53,4,8,2011,3,7,1,1,2,1,1,1,1,1,1,1,1,1,8,11,1,1,55,1,2
3,53,4,8,2011,4,1,1,2,1,2,1,2,2,1,1,2,1,1,8,11,1,1,35,2,2
12,53,3,10,2011,2,1,1,1,2,1,1,1,1,1,1,1,1,2,8,6,1,1,30,2,2
2,53,3,10,2011,3,1,3,1,2,1,1,1,1,1,2,3,1,2,12,11,1,7,,2,2
3,53,4,10,2011,2,1,1,2,2,1,1,1,1,1,1,2,1,2,8,6,1,7,27,1,2
1,53,3,9,2011,3,7,1,2,2,1,1,1,1,1,1,1,1,2,5,9,1,1,28,2,2
7,56,4,8,2011,4,1,1,2,2,1,2,1,1,1,1,1,1,2,19,11,1,7,,2,2
3,56,4,8,2011,2,1,1,2,2,1,2,1,1,1,1,1,1,2,19,11,1,7,,2,2
1,56,3,9,2011,3,1,4,2,1,1,1,1,1,1,1,2,1,1,12,11,1,7,,1,2
5,56,4,10,2011,3,1,1,2,2,1,4,1,1,1,1,1,1,2,19,11,1,7,,1,2
1,55,4,8,2011,4,3,1,2,2,2,4,1,2,1,1,2,1,2,4,11,1,7,,1,2
5,54,4,8,2011,2,3,1,2,2,1,1,1,1,3,2,2,1,2,17,6,1,7,28,2,2
3,54,4,11,2011,4,1,1,1,1,1,4,3,1,1,3,2,1,2,9,4,1,7,,1,2
1,53,4,11,2011,3,1,8,2,2,1,2,1,1,1,1,2,1,1,6,11,1,7,25,1,2
3,53,3,11,2011,3,1,2,2,2,1,2,1,1,1,2,2,1,2,5,11,1,1,40,1,2
7,56,4,11,2011,3,1,1,2,2,1,2,3,1,1,1,1,1,2,13,11,1,7,,2,2
8,56,2,11,2011,1,1,1,2,2,1,2,1,1,1,1,1,1,2,14,11,2,7,35,2,2
12,54,4,8,2011,4,1,1,2,2,1,1,1,2,1,1,1,1,2,9,6,1,1,55,2,2
2,55,3,6,2011,4,3,1,1,1,1,4,1,1,1,1,1,1,1,9,4,1,1,26,1,2
2,55,1,11,2011,4,3,4,2,2,1,2,1,1,1,1,2,1,2,9,4,1,1,32,2,2
9,56,4,12,2011,2,1,1,2,2,1,1,1,1,1,1,1,1,2,,,,,,2,2
1,56,3,12,2011,1,3,1,2,2,1,3,1,1,1,1,2,1,1,5,6,1,1,28,2,2
1,55,3,8,2011,3,3,1,2,2,1,1,1,1,1,1,2,1,2,5,6,1,7,,2,2
1,53,3,12,2011,3,1,8,2,2,1,1,1,1,1,1,4,2,1,2,11,1,7,22,2,2
15,54,4,10,2011,4,1,2,2,1,1,2,1,1,1,1,5,1,1,5,11,1,1,30,2,2
12,54,4,9,2011,4,1,1,2,2,1,1,1,1,1,1,3,1,1,4,6,1,7,28,2,2
2,56,4,11,2011,3,1,1,1,2,1,1,1,1,3,3,4,1,2,7,6,1,1,28,2,2
11,54,4,11,2011,2,7,1,2,2,1,1,1,1,3,1,4,1,2,19,7,1,7,27,1,2
11,54,4,10,2011,2,1,1,2,2,1,1,3,1,3,1,3,1,2,3,6,2,7,26,2,2
8,54,3,10,2011,4,1,8,2,2,1,2,1,1,1,1,2,1,2,8,8,1,1,40,2,2
7,54,4,10,2011,4,7,1,2,2,1,1,2,1,3,2,4,1,2,17,11,2,7,45,1,2
7,54,4,9,2011,4,1,2,2,1,1,2,2,1,1,1,1,5,1,12,6,1,1,40,1,2
11,54,1,9,2011,3,7,1,2,2,1,1,1,1,1,1,2,1,2,5,11,1,1,25,1,2
9,54,4,9,2011,3,7,1,2,2,1,1,1,1,1,1,1,1,2,9,6,1,1,2,2,2
3,54,4,10,2011,4,1,1,2,2,1,4,1,1,1,1,2,1,2,5,6,1,1,35,2,2
3,54,4,10,2011,2,1,3,1,2,1,3,1,1,1,1,4,1,1,14,6,2,7,,1,2
8,54,4,9,2011,3,1,1,1,2,1,1,1,1,1,1,2,1,2,13,5,1,1,23,2,2
5,54,4,8,2011,3,7,8,1,2,1,1,1,1,3,2,2,1,2,17,11,1,1,28,2,2
14,54,4,12,2011,3,1,1,2,2,1,4,1,1,1,1,1,1,2,4,6,1,7,,2,2
16,54,4,11,2011,3,7,8,2,2,1,1,1,1,1,1,1,1,2,9,11,1,7,,2,2
12,54,4,8,2011,2,1,1,2,2,1,2,1,1,1,1,1,1,1,4,11,1,1,,2,2
14,54,4,10,2011,4,1,1,1,2,1,1,1,1,1,1,2,1,1,14,11,1,1,29,2,2
1,54,1,8,2011,3,1,8,2,2,1,1,2,1,1,1,2,1,1,5,6,1,7,,1,2
6,55,4,7,2011,3,1,1,2,2,1,1,1,1,1,1,1,1,2,4,6,2,7,20,2,2
6,55,4,10,2011,4,1,1,2,2,1,4,2,1,1,1,2,1,2,,,,,,,
11,54,3,4,2011,2,1,1,2,2,1,1,1,1,1,1,4,1,2,12,11,2,7,27,1,2
8,54,3,3,2011,2,1,1,2,2,1,1,1,1,1,1,4,2,2,17,6,1,7,,2,2
11,54,4,9,2011,3,1,1,2,2,1,1,1,1,1,1,3,1,2,12,6,1,7,20,1,2
7,54,3,10,2011,4,4,8,2,2,1,2,1,1,1,1,2,1,2,8,6,1,1,40,2,2
5,54,4,8,2011,2,7,8,2,2,1,1,1,1,2,2,3,1,2,17,6,1,1,28,2,2
3,53,4,8,2011,3,1,1,2,2,2,1,2,2,1,1,2,1,1,8,6,1,1,35,2,2
2,27,4,10,2011,2,1,1,2,2,1,1,3,1,1,1,1,1,2,9,6,1,1,,2,2
6,27,4,11,2011,2,1,2,2,1,1,1,1,1,1,1,4,1,1,4,6,1,1,,2,2
2,27,4,11,2011,4,1,1,2,2,1,4,1,1,1,1,3,1,2,19,6,1,7,18,2,2
2,34,1,9,2011,3,1,1,2,2,1,2,2,1,1,1,3,1,2,9,5,1,1,,2,2
3,34,3,9,2011,3,1,1,2,2,1,1,1,1,1,1,1,1,2,4,6,1,7,25,2,1
10,34,4,10,2011,3,1,1,2,2,1,1,1,1,1,1,1,1,2,13,6,1,1,26,2,2
4,34,4,10,2011,2,1,1,2,2,1,1,1,1,1,1,1,1,2,8,5,1,1,25,2,2
4,34,4,10,2011,4,1,1,2,2,1,2,1,1,1,1,2,1,2,6,6,1,1,,2,2
3,34,4,11,2011,2,1,1,2,2,1,1,1,1,1,1,1,1,2,4,6,1,1,,2,2
4,34,4,11,2011,3,1,1,2,2,1,1,1,1,1,1,1,1,2,9,6,1,1,,2,2
6,34,4,11,2011,1,1,3,2,2,1,1,1,1,3,1,3,1,2,4,6,1,1,,2,2
4,34,4,12,2011,2,7,1,2,2,1,1,1,1,1,1,3,1,2,9,1,1,1,38,2,2
6,34,4,12,2011,3,1,1,2,2,1,1,1,1,1,1,1,2,2,7,6,1,3,25,2,2
3,31,4,9,2011,2,1,2,2,2,1,1,1,1,1,1,3,1,1,4,6,1,1,,2,2
4,31,4,9,2011,3,1,1,2,2,2,1,1,2,1,1,4,1,2,4,6,1,7,,2,2
6,31,4,12,2011,3,1,8,2,2,1,1,2,1,1,1,4,1,2,6,6,,1,42,2,2
3,33,4,8,2011,2,1,1,2,1,2,2,1,1,1,1,3,1,2,4,2,1,1,,2,2
5,33,4,9,2011,3,1,5,2,2,2,1,1,2,1,1,3,1,2,8,6,1,5,35,2,2
3,33,4,9,2011,2,3,1,2,2,1,1,1,1,1,1,2,1,2,9,6,1,7,,2,2
2,33,4,9,2011,4,1,1,2,2,1,2,1,1,1,1,3,1,2,9,8,1,1,,2,2
2,33,4,9,2011,3,7,8,2,2,1,1,2,1,1,1,2,1,2,4,2,1,7,18,2,2
3,33,4,9,2011,4,1,1,2,2,1,4,1,1,1,2,3,1,2,19,6,1,1,40,2,2
1,33,3,11,2011,4,1,1,2,2,1,3,1,1,1,3,3,2,,19,6,1,1,,2,2
1,33,4,11,2011,2,7,1,2,2,1,1,1,1,1,1,3,1,2,19,3,1,1,,2,2