Thana,District,Accident_Severity,Month,Year,Time,Junction_Type,Traffic_Control,Movement,Divider,Weather,Light,Road_Geometry,Surface_Condition,Surface_Type,Surface_Quality,Road_Class,Road_Feature,Location_Type,Vehicle_Type,Vehicle_Movement,Vehicle_Loading,Vehicle_Defect,Vehicle_Driver_Age,Vehicle_Alcohol,Vehicle_Seat_Belt
5,33,3,11,2011,3,1,1,2,2,1,1,2,1,1,1,3,1,2,9,5,1,1,35,2,2
4,33,4,11,2011,2,1,1,2,2,1,1,1,1,1,1,3,1,2,9,6,1,1,,2,2
1,33,4,12,2011,2,1,1,2,2,1,1,1,1,1,1,4,1,2,4,6,1,1,,2,2
1,33,4,12,2011,2,1,3,2,2,1,1,1,1,1,1,4,1,2,19,6,1,1,,2,2
2,33,4,12,2011,3,7,8,2,2,1,1,1,1,1,1,3,1,1,4,6,1,1,,2,2
3,33,3,8,2011,3,1,1,2,2,1,1,1,1,1,1,3,1,2,5,6,1,1,40,2,2
2,33,4,8,2011,2,1,1,2,2,1,1,1,1,1,1,3,1,2,9,6,1,1,,2,2
5,33,4,8,2011,3,3,1,2,2,1,1,3,1,2,3,3,1,2,4,6,1,1,25,2,2
1,32,3,10,2011,2,1,3,2,2,1,1,1,1,1,1,2,1,1,19,6,1,1,15,2,2
1,32,3,11,2011,3,7,1,2,2,1,1,1,1,1,2,2,1,2,9,6,1,7,30,2,2
1,30,3,8,2011,3,1,1,2,2,1,1,1,1,1,1,2,1,2,9,6,1,1,,2,2
1,30,4,9,2011,3,1,1,2,2,1,1,1,1,1,1,1,1,2,4,6,1,7,,2,2
2,30,4,9,2011,2,1,1,2,2,1,1,1,1,1,1,4,1,2,19,6,1,7,,2,2
5,30,4,9,2011,2,1,1,2,2,2,1,1,2,1,1,5,1,1,19,11,1,1,25,2,2
5,30,4,9,2011,4,7,8,2,2,1,2,1,1,1,1,4,1,2,4,7,1,1,,2,2
1,30,4,10,2011,3,1,1,2,2,1,1,1,1,1,1,1,1,2,9,6,1,1,35,2,2
1,30,4,10,2011,2,7,1,2,2,1,1,1,1,1,1,4,1,2,4,6,1,7,20,2,2
1,30,1,11,2011,4,1,1,2,2,1,2,1,1,1,1,1,1,2,4,6,1,3,,2,2
4,30,4,11,2011,3,1,1,2,2,1,1,1,1,1,1,4,1,2,4,6,1,1,,2,2
2,30,4,12,2011,2,1,1,2,2,1,1,2,1,1,1,4,1,2,4,2,1,3,,2,2
5,30,4,12,2011,4,4,3,1,2,3,3,1,1,1,1,2,1,2,19,6,1,1,,2,2
4,34,1,7,2011,3,1,1,2,2,1,1,1,1,1,1,3,1,2,8,6,1,7,,2,2
1,33,4,7,2011,3,1,1,2,2,1,1,1,1,1,1,4,1,2,9,6,1,1,32,2,2
1,33,4,7,2011,4,1,1,2,2,1,1,1,1,1,1,3,1,2,6,6,1,1,,2,2
3,33,3,7,2011,3,1,1,2,2,1,1,1,1,1,1,3,1,2,4,6,1,1,21,2,2
3,33,4,7,2011,3,1,1,2,2,1,1,1,2,2,1,3,3,1,4,6,1,1,,2,2
5,33,4,7,2011,2,1,1,2,2,1,1,1,1,1,1,3,1,2,9,6,1,1,,2,2
3,32,4,7,2011,3,1,1,1,2,2,1,1,1,1,1,2,1,2,4,6,1,1,35,2,2
3,32,4,7,2011,2,1,1,2,2,1,1,1,1,1,1,2,1,2,9,6,1,1,35,2,2
1,30,4,7,2011,2,1,1,2,2,1,1,1,1,1,1,2,1,1,9,6,1,1,38,2,2
7,30,4,7,2011,4,1,8,2,2,1,4,2,5,1,1,3,4,2,8,6,1,1,,2,2
6,27,3,7,2011,3,1,1,2,2,2,1,3,3,2,2,4,1,2,8,6,1,1,,2,2
1,32,4,5,2011,4,7,8,2,2,1,1,3,1,1,1,2,5,1,17,6,1,1,28,2,2
6,34,4,5,2011,2,1,1,2,2,1,1,1,1,1,1,1,1,2,4,6,1,1,,2,2
4,31,4,5,2011,4,1,1,2,2,1,4,1,1,1,1,1,1,1,9,6,1,1,35,2,2
4,33,4,5,2011,3,1,1,2,2,1,1,1,1,1,1,3,1,2,5,6,1,1,,2,2
2,27,4,5,2011,3,1,1,2,2,1,1,1,1,1,1,3,1,1,8,6,1,1,,2,2
5,27,1,5,2011,2,1,1,2,2,1,1,1,1,1,1,5,1,1,4,6,1,1,27,2,2
10,34,4,3,2011,1,1,1,2,1,2,1,1,1,1,1,1,1,2,14,6,1,1,30,2,2
3,32,1,3,2011,3,1,1,2,2,1,1,1,1,1,1,4,1,2,9,6,2,1,,2,2
1,32,4,3,2011,3,1,1,2,2,1,1,1,1,1,1,4,1,2,4,6,1,4,,1,1
3,32,4,3,2011,3,1,1,2,2,1,1,1,1,1,1,1,1,2,9,5,1,1,,1,2
1,27,3,3,2011,4,1,1,2,2,4,4,1,1,1,1,2,1,2,2,9,1,1,38,1,2
3,33,4,5,2011,2,1,1,2,2,1,1,1,1,1,1,3,1,2,8,6,1,1,28,2,2
2,27,3,4,2011,2,1,1,2,2,1,1,1,1,1,1,2,1,2,6,4,1,1,,2,2
1,32,4,4,2011,3,3,1,2,2,1,1,1,1,1,1,4,1,2,4,4,1,1,25,2,2
1,27,4,4,2011,3,4,1,2,2,1,1,1,1,1,1,1,1,2,4,4,1,1,23,2,2
5,27,4,4,2011,3,7,1,1,2,1,1,1,1,1,1,3,1,2,4,6,2,1,25,2,2
3,33,3,6,2011,2,1,1,2,2,1,1,1,1,1,1,3,1,2,9,6,1,1,,2,2
2,27,4,3,2011,2,1,1,2,2,1,4,1,1,1,1,2,1,2,9,6,1,6,,2,2
4,34,3,1,2011,2,1,1,2,2,1,4,4,1,1,1,4,1,2,6,6,1,4,35,2,2
8,34,3,1,2011,4,1,1,2,2,4,4,1,1,1,1,3,1,2,4,6,1,1,,2,2
1,33,4,1,2011,4,1,1,2,2,1,4,1,1,1,1,3,1,2,19,6,1,7,25,2,2
5,33,4,1,2011,3,1,1,2,2,1,1,1,1,1,3,1,2,,8,6,1,1,,2,2
1,31,4,1,2011,3,1,1,2,2,1,1,1,1,1,1,2,1,1,4,6,1,1,23,2,2
4,27,3,1,2011,2,1,1,2,2,1,1,1,1,1,1,3,4,2,8,6,1,1,44,1,2
2,33,4,2,2011,2,1,1,2,2,1,1,1,1,1,3,1,2,,4,4,1,1,30,2,2
3,33,4,2,2011,2,1,1,2,2,1,1,1,1,1,1,4,1,2,1,10,1,1,,2,2
7,33,4,2,2011,2,1,1,2,2,1,1,4,1,1,1,3,1,2,6,6,1,6,,2,2
5,31,4,2,2011,1,1,1,2,2,1,1,1,1,1,1,1,1,2,4,6,1,2,51,2,2
1,31,4,2,2011,4,1,1,2,2,1,1,1,1,1,2,2,1,2,4,6,1,2,29,2,2
3,32,4,1,2011,1,1,1,2,2,1,1,1,1,1,1,1,1,2,8,6,,,,2,2
4,27,4,2,2011,2,1,1,2,2,1,1,1,1,1,1,3,1,2,8,6,1,1,26,2,2
1,34,4,4,2011,3,7,3,2,2,1,1,1,1,1,1,5,1,1,6,6,1,1,,2,2
1,34,4,5,2011,1,1,1,2,2,1,2,1,1,1,1,5,1,1,13,6,1,1,,2,2
1,34,4,5,2011,2,1,1,2,2,1,1,1,1,1,1,2,1,2,19,6,2,3,20,2,2
1,34,4,5,2011,2,1,1,2,2,1,2,1,1,1,1,5,1,1,8,6,1,1,,2,2
1,34,3,6,2011,3,3,4,2,2,1,1,1,1,1,1,5,1,1,4,6,1,1,20,2,2
1,34,4,6,2011,3,7,6,2,2,1,2,1,1,1,1,4,1,2,7,6,1,1,26,2,2
11,34,3,3,2011,4,1,2,2,2,1,2,1,1,1,1,3,1,2,6,6,2,2,,2,2
11,34,4,4,2011,3,1,4,2,2,1,1,1,1,1,1,3,1,2,14,2,1,1,,2,2
1,34,4,4,2011,3,1,1,2,2,1,1,1,1,1,1,5,1,1,6,6,1,1,,1,1
6,34,3,9,2011,3,1,1,2,2,1,1,1,1,1,1,1,1,2,4,6,1,4,25,2,2
1,34,4,9,2011,3,2,1,2,2,1,1,1,1,1,1,5,1,1,19,6,,,,,
1,34,4,12,2011,2,1,1,2,2,1,2,1,1,1,1,5,1,1,2,6,1,,,2,2
1,34,4,11,2011,3,3,1,2,2,1,1,1,1,1,1,5,1,1,4,6,,,30,1,1
11,34,4,5,2011,4,7,3,2,2,1,4,1,1,1,1,1,1,2,4,6,1,1,23,2,2
1,34,4,2,2011,4,1,1,2,2,1,4,1,1,1,1,5,1,2,16,6,1,1,50,2,2
1,27,4,7,2011,2,1,1,2,2,1,1,1,1,1,1,2,1,2,9,6,1,1,30,1,2
4,34,4,5,2011,4,1,1,2,2,1,1,1,1,1,1,1,1,1,9,6,1,1,35,2,2
2,31,4,5,2011,2,1,1,2,2,1,1,2,1,1,2,1,1,2,6,6,1,1,,1,2
1,32,4,8,2011,1,3,1,2,2,1,4,1,1,1,1,5,1,1,14,7,1,1,30,1,2
1,64,3,2,2011,1,1,1,2,1,1,1,1,1,1,1,5,1,1,6,6,1,1,30,1,2
1,64,4,4,2011,1,2,4,2,1,1,1,1,1,1,1,5,1,1,8,6,1,3,35,1,2
1,64,4,6,2011,4,1,4,2,1,1,3,1,1,1,1,5,1,1,16,6,2,1,,1,2
1,64,3,7,2011,3,1,2,2,1,1,1,1,1,1,1,5,1,1,8,6,1,1,26,1,2
1,64,4,10,2011,2,1,1,2,1,1,1,1,1,1,1,5,1,1,8,6,1,1,40,1,2
1,64,3,11,2011,3,1,1,1,2,1,1,3,1,1,1,5,1,1,6,5,1,1,19,1,2
12,64,4,5,2011,1,2,1,2,2,1,2,1,1,1,1,1,3,1,5,6,1,1,,1,2
12,64,3,8,2011,2,1,8,2,2,1,2,1,1,1,1,1,1,2,11,6,1,3,,1,2
11,64,4,1,2011,3,1,1,2,1,1,1,1,1,1,1,5,1,1,13,6,2,7,,1,2
11,64,4,2,2011,2,4,8,2,1,1,1,1,1,1,1,5,1,1,8,6,1,1,30,1,2
11,64,4,9,2011,3,3,1,2,2,1,1,1,1,1,1,5,1,1,5,4,1,1,,1,2
2,64,4,2,2011,4,3,1,2,1,1,3,1,1,1,1,5,1,1,8,6,1,1,,1,2
2,64,4,3,2011,3,3,6,2,1,1,1,1,1,1,1,5,1,1,7,6,1,1,,1,2
2,64,3,4,2011,4,3,1,2,1,1,3,1,1,1,1,2,1,1,14,5,1,1,32,1,2
2,64,3,5,2011,2,3,6,2,1,1,1,1,1,1,1,5,1,1,14,5,1,1,,1,2
2,64,3,5,2011,4,3,6,1,1,1,3,1,1,1,1,5,1,1,19,5,1,1,19,1,2
2,64,2,6,2011,2,3,6,2,1,1,1,1,1,1,1,5,1,1,14,5,1,1,,1,2
2,64,3,9,2011,4,3,6,2,1,1,3,1,1,1,1,5,1,1,5,6,1,1,,1,2
2,64,4,9,2011,1,3,4,2,1,1,2,1,1,1,1,5,1,1,8,5,1,1,,1,2
2,64,3,10,2011,1,3,5,2,1,1,2,1,1,1,1,5,1,1,14,6,1,3,,1,2
2,64,4,10,2011,4,3,1,2,2,1,2,1,1,1,1,2,1,1,14,5,1,1,,1,2
5,64,4,1,2011,3,1,1,2,1,1,1,1,1,1,1,5,1,1,8,6,1,1,,1,2
5,64,4,4,2011,4,1,1,2,1,1,3,1,1,1,1,5,1,1,14,6,1,1,,1,2
5,64,4,4,2011,2,1,1,2,1,1,1,1,1,1,1,5,1,1,9,6,1,1,,1,2
5,64,4,7,2011,4,1,1,2,2,1,3,1,1,1,1,5,1,1,8,6,1,1,,1,2
5,64,4,7,2011,2,1,1,2,2,1,2,1,1,1,1,5,1,2,8,6,1,1,,1,2
7,64,4,3,2011,3,2,6,2,1,1,2,1,1,1,1,5,1,1,14,6,2,1,,1,2
7,64,4,5,2011,4,1,1,2,2,1,2,2,1,1,1,5,1,1,14,6,2,1,28,1,2
7,64,4,8,2011,4,1,6,2,1,1,2,1,1,1,1,5,1,1,14,6,2,1,,1,2
7,64,4,10,2011,1,1,1,2,2,1,2,1,1,1,1,5,1,1,19,6,2,1,,1,2
7,64,4,10,2011,3,1,3,2,2,1,1,1,1,1,1,5,1,1,6,6,2,1,,1,2
6,64,4,3,2011,1,2,1,2,1,1,3,1,1,1,1,5,1,1,14,5,2,1,,1,2
6,64,4,4,2011,2,2,1,2,1,1,1,1,1,1,1,5,1,1,8,5,2,1,,1,2
6,64,3,4,2011,2,1,1,2,1,1,1,1,1,1,1,5,1,1,6,5,1,1,35,1,2
6,64,4,5,2011,2,2,5,2,1,1,2,1,1,1,1,1,1,1,19,5,2,1,,1,2
6,64,4,5,2011,4,1,1,2,2,1,3,1,1,1,1,1,1,1,8,3,2,1,,1,2
6,64,4,7,2011,4,1,1,2,1,1,3,1,1,1,1,5,1,1,1,5,2,1,24,1,2
6,64,4,10,2011,1,1,1,2,1,1,2,1,1,1,1,5,1,1,8,6,1,1,,1,2
8,64,4,1,2011,2,1,1,2,2,1,2,1,1,1,1,5,1,1,19,5,2,1,,1,2
8,64,4,2,2011,3,1,1,2,2,1,1,1,1,1,1,5,1,1,8,4,1,1,,1,2
8,64,4,3,2011,2,3,1,2,2,1,1,2,1,1,1,5,1,1,14,5,1,1,,1,2
8,64,4,5,2011,4,1,1,2,2,1,3,1,1,1,1,5,1,1,8,6,1,1,,1,2
8,64,4,5,2011,2,1,1,2,2,1,3,4,1,1,1,5,1,1,14,1,1,1,,1,2
3,64,4,3,2011,4,2,6,2,2,1,3,1,1,1,3,5,1,1,9,6,1,1,,1,2
3,64,4,3,2011,1,1,1,2,2,1,2,1,1,1,1,5,1,1,19,6,1,1,,1,2
3,64,4,4,2011,2,2,1,2,2,1,1,1,1,1,1,5,1,1,9,5,1,1,,1,2
3,64,4,5,2011,4,1,1,1,2,1,2,2,1,1,1,1,4,1,13,6,2,1,32,1,2
3,64,4,6,2011,4,1,1,2,2,1,4,1,1,1,1,5,1,1,6,6,1,1,,1,2
3,64,4,10,2011,3,1,1,2,2,1,1,2,1,1,1,5,1,1,6,6,1,1,35,1,2
3,64,4,11,2011,2,1,1,1,2,1,1,1,1,1,1,2,1,1,16,2,1,1,,1,2
10,64,3,4,2011,3,5,1,2,2,1,1,1,1,1,1,1,1,1,8,6,1,1,,1,2
10,64,3,5,2011,3,1,1,2,2,1,1,1,5,1,1,1,1,1,8,6,1,1,30,1,2
10,64,4,5,2011,4,1,1,2,2,1,1,1,1,1,1,1,1,1,8,6,1,1,26,1,2
10,64,4,5,2011,3,5,1,2,2,1,1,1,1,1,1,1,1,1,8,6,1,1,,1,2
10,64,4,6,2011,3,5,1,2,2,1,1,1,1,1,1,1,1,1,9,5,1,1,,1,2
10,64,3,6,2011,3,1,1,2,2,1,1,1,1,1,1,3,1,1,19,6,1,1,19,1,2
10,64,4,8,2011,2,1,3,2,2,1,1,1,1,1,1,5,1,1,9,6,1,1,,1,2
10,64,4,11,2011,2,5,1,2,2,1,1,2,1,1,1,1,1,1,8,6,1,1,,1,2
4,64,4,1,2011,2,1,1,2,1,1,1,1,1,1,1,5,1,1,19,6,1,1,,1,2
4,64,4,4,2011,2,1,3,2,2,1,1,1,1,1,1,5,1,1,14,6,1,1,,1,2
4,64,3,5,2011,2,1,1,2,1,1,1,1,1,1,1,5,1,1,14,6,1,1,28,1,2
4,64,4,9,2011,3,1,1,2,2,1,1,1,1,1,1,5,1,1,6,6,1,1,20,1,2
4,64,4,9,2011,1,3,5,2,1,1,3,1,1,1,1,5,1,1,19,6,1,1,,1,2
4,64,4,10,2011,2,1,1,2,2,1,1,1,1,1,2,5,1,1,6,6,1,1,,1,2
4,64,3,10,2011,4,1,2,2,1,1,3,1,1,1,1,5,1,1,9,6,1,1,26,1,2
4,64,3,10,2011,4,1,5,2,1,1,3,1,1,1,1,5,1,1,8,1,1,1,,1,2
4,64,4,11,2011,4,1,1,2,2,1,3,1,1,1,1,5,1,1,12,5,1,1,,1,2
4,64,3,12,2011,4,1,1,2,1,1,2,3,1,1,1,5,1,1,9,5,1,1,,1,2
4,64,4,12,2011,4,1,1,2,1,1,3,1,1,1,1,5,1,1,14,6,1,1,,1,2
1,64,4,8,2011,4,1,1,2,1,1,2,1,1,1,1,5,1,1,19,6,1,1,,1,2
6,57,3,2,2011,3,3,1,2,1,1,1,1,1,1,2,2,1,2,9,8,1,1,35,2,2
5,57,4,2,2011,2,4,8,2,2,1,1,3,5,3,3,4,4,2,19,1,2,7,,2,2
5,57,4,2,2011,3,7,1,2,2,1,1,1,1,1,1,1,1,2,9,6,1,1,42,1,2
4,57,4,2,2011,3,1,8,2,2,1,1,1,1,1,1,4,1,2,17,11,2,1,,2,2
5,57,4,1,2011,2,1,1,1,2,1,1,5,5,1,1,4,2,2,19,11,2,3,30,1,2
7,57,4,1,2011,2,1,1,2,2,1,1,1,1,1,1,4,1,2,5,11,1,1,,2,2
8,57,4,1,2011,1,7,1,2,2,1,2,2,1,1,1,1,1,2,1,1,1,1,28,2,1
8,57,4,1,2011,2,7,1,2,2,1,1,1,1,1,1,1,1,2,14,4,1,1,32,2,1
1,59,4,3,2011,4,7,1,2,2,1,1,1,1,1,1,1,1,1,8,4,1,1,,2,2
1,59,4,3,2011,3,7,8,2,2,1,1,1,1,1,1,1,1,1,8,6,1,7,,1,2
1,59,4,3,2011,4,7,8,1,2,1,4,1,1,3,1,4,1,2,17,6,2,7,20,1,2
7,59,4,3,2011,4,1,1,2,1,4,1,1,1,1,1,2,1,2,17,6,1,1,26,2,2
6,59,4,7,2011,3,7,8,2,2,1,1,1,1,1,1,4,1,2,14,11,2,7,,1,2
6,60,4,2,2011,2,1,1,1,2,1,1,1,1,1,1,2,1,2,19,6,2,7,,1,2
1,60,4,2,2011,4,1,3,1,2,1,1,1,1,1,1,1,1,2,,,,,,1,2
1,60,4,2,2011,4,5,4,2,2,1,4,2,1,1,1,1,1,1,14,11,1,1,42,2,2
1,61,4,1,2011,4,7,1,2,2,1,3,1,1,1,1,1,1,1,14,6,2,7,,1,2
3,61,4,2,2011,3,3,1,2,2,1,1,2,1,1,1,1,1,2,14,6,1,7,30,2,2
1,61,4,2,2011,1,1,1,2,2,1,1,1,1,1,1,1,1,1,19,11,,,,,
4,62,4,3,2011,2,7,1,2,2,1,1,1,1,1,1,4,1,2,16,5,1,3,,2,2
4,62,4,3,2011,3,2,2,2,2,1,1,3,5,1,1,1,1,1,14,9,1,7,,2,2
4,62,4,5,2011,3,7,1,2,2,1,1,1,1,1,1,4,1,2,12,11,1,7,,2,2
3,63,4,1,2011,3,4,8,2,2,1,1,2,1,1,1,4,4,2,6,1,1,3,,2,2
4,63,4,2,2011,2,7,1,2,1,1,1,1,1,1,1,4,1,2,12,11,2,7,,1,2
7,63,2,1,2011,4,1,1,2,1,1,1,1,1,1,1,2,1,2,9,6,1,1,,1,2
13,63,4,1,2011,1,1,1,1,1,1,1,1,1,1,1,4,1,1,,,,,,,
15,63,4,3,2011,3,1,1,1,1,1,1,1,1,1,1,1,1,2,11,,,,,2,2
9,63,3,1,2011,3,7,1,2,2,1,1,1,1,1,1,1,1,2,8,6,1,1,,2,2
9,63,4,2,2011,4,7,1,2,2,1,1,1,1,1,1,1,1,2,5,6,1,1,,1,1
9,63,1,2,2011,1,7,1,2,2,1,1,1,1,1,1,1,3,2,9,5,1,1,,2,2
14,63,4,3,2011,2,3,1,2,1,1,1,1,1,1,3,1,1,2,14,11,1,1,75,,
1,59,4,2,2011,2,7,8,2,2,1,1,1,1,1,1,1,1,2,17,6,1,1,25,2,2
6,59,1,2,2011,3,7,8,2,1,1,1,1,1,1,1,4,1,2,2,4,1,1,30,1,2
2,65,4,3,2011,4,7,8,2,2,1,1,1,1,1,1,1,1,2,7,2,1,7,,2,2
1,66,4,3,2011,3,7,1,2,2,1,1,2,1,1,1,2,1,1,17,2,1,1,23,2,2
1,66,4,4,2011,3,7,1,1,2,2,2,1,2,1,1,4,1,2,9,6,1,1,40,2,2
14,58,4,1,2011,2,1,1,2,2,4,2,1,1,1,1,5,1,2,,,,,,,
6,58,4,2,2011,3,7,1,2,2,1,1,1,1,1,1,1,1,2,9,5,1,1,,2,2
1,68,4,2,2011,2,2,3,1,2,1,1,1,1,1,1,2,1,1,14,6,1,1,24,2,2
4,68,4,2,2011,3,7,8,2,2,1,1,4,1,2,2,4,1,2,13,1,1,4,,2,2
6,66,4,7,2011,3,1,1,2,2,1,1,1,1,1,1,3,1,2,9,,1,1,,2,2
1,66,4,10,2011,2,1,1,2,2,1,1,4,1,1,1,2,1,2,9,1,1,3,40,1,2
8,66,4,9,2011,3,7,1,2,2,1,1,1,1,1,1,4,1,2,9,6,1,1,35,2,2
8,66,3,9,2011,3,7,1,2,2,2,1,2,2,1,1,4,1,2,9,6,1,1,30,2,2
8,66,4,9,2011,2,7,1,2,2,1,1,2,1,1,1,4,1,2,11,6,1,1,30,2,2
8,66,1,6,2011,3,1,1,1,2,1,1,1,1,1,1,4,1,2,11,6,2,1,,2,2
8,66,2,8,2011,2,7,1,2,2,1,2,1,1,1,1,4,1,2,9,5,1,1,30,2,2
2,65,4,4,2011,1,7,8,2,2,1,3,2,1,1,1,1,1,2,13,1,2,7,,2,2
2,65,4,4,2011,3,1,3,2,1,1,1,1,1,1,1,1,1,2,8,5,1,1,30,2,2
4,66,4,11,2011,4,1,8,2,2,1,4,3,3,3,2,2,4,2,13,6,1,1,35,2,2
4,66,4,12,2011,3,4,1,2,1,1,1,2,5,1,1,3,1,2,9,9,1,7,35,2,2
1,66,4,12,2011,4,1,8,1,1,2,1,4,1,1,1,2,1,2,19,2,1,1,,2,2
3,66,1,12,2011,2,3,1,2,2,4,4,2,1,1,1,1,2,2,14,6,2,7,45,2,2
1,59,4,12,2011,2,1,1,1,2,1,1,2,1,1,1,1,1,2,12,6,1,1,,2,2
6,59,4,11,2011,4,7,8,2,2,1,4,1,1,1,1,4,1,2,2,6,1,7,22,2,2
2,59,4,12,2011,3,7,8,1,1,1,1,1,1,1,1,1,1,2,,,,,,,
2,59,4,12,2011,4,7,1,1,2,4,4,1,1,1,1,2,1,2,,,,,,,
2,65,4,12,2011,3,1,8,2,2,1,2,2,1,1,1,1,1,2,9,1,1,7,,2,2
2,65,4,11,2011,4,7,8,2,2,2,4,1,2,1,1,2,1,1,9,11,1,7,,2,2
2,65,3,12,2011,2,7,8,2,2,1,1,2,1,1,1,1,1,2,7,1,1,7,,2,2
4,62,4,1,2011,3,1,1,2,2,1,1,1,1,1,1,3,1,2,5,6,1,1,40,2,2
8,63,4,2,2011,1,1,1,2,2,1,2,1,1,1,1,1,2,,9,6,1,1,,2,2
9,63,3,2,2011,1,7,1,2,2,1,4,1,1,1,1,1,2,2,1,9,1,1,,2,2
5,45,4,1,2011,1,1,1,2,2,1,2,1,1,1,1,1,1,2,19,6,1,1,,2,2
1,52,4,1,2011,3,1,1,2,2,1,1,1,1,1,1,4,1,2,7,6,1,1,39,2,2
3,36,4,1,2011,2,1,1,2,2,1,1,1,1,1,1,1,1,2,4,6,1,1,,2,2
1,36,4,1,2011,3,1,1,2,2,1,1,1,1,1,1,3,1,2,10,6,1,3,,2,2
4,38,4,1,2011,3,1,1,2,2,1,1,2,1,1,1,4,1,2,19,1,2,6,18,2,2
1,51,4,1,2011,4,1,1,2,2,1,2,1,5,1,1,2,1,1,19,6,2,6,,2,2
3,51,4,1,2011,3,1,1,2,2,1,1,1,1,1,2,3,3,2,4,6,1,3,,2,2
1,49,4,1,2011,2,1,1,2,2,1,1,1,1,1,1,5,1,1,9,6,1,3,35,2,2
2,49,4,1,2011,3,1,1,2,2,1,1,1,1,1,1,4,1,2,4,6,1,1,22,2,2
3,49,4,1,2011,2,1,1,2,2,1,1,1,1,3,1,4,1,2,19,6,2,3,25,2,2
7,41,4,1,2011,1,1,1,2,2,1,2,1,5,1,1,3,1,1,19,6,1,3,,2,2
7,41,3,1,2011,3,1,1,2,2,1,1,1,1,1,1,2,1,2,9,6,1,3,,2,2
2,47,4,1,2011,2,1,1,2,2,1,1,1,1,1,1,1,1,2,9,6,1,1,,2,2
2,44,4,1,2011,2,1,1,2,2,4,2,1,1,1,1,1,1,2,9,6,1,1,,2,2
7,47,4,2,2011,4,1,1,2,2,1,4,1,2,1,1,1,1,2,13,6,1,3,46,2,2
3,38,4,2,2011,4,1,1,2,2,1,2,1,1,1,1,1,1,2,14,6,1,1,,2,2
10,52,4,2,2011,3,1,1,2,2,1,2,1,1,1,1,4,1,2,14,6,1,1,40,2,2
3,36,4,2,2011,3,1,1,2,2,1,1,1,1,1,1,1,1,2,9,6,1,6,,2,2
6,43,3,2,2011,3,1,1,2,2,1,1,1,1,1,1,4,1,2,4,6,1,1,30,2,2
6,51,4,2,2011,4,1,1,2,2,1,4,1,1,1,1,3,1,2,12,6,1,1,22,2,2
4,44,3,2,2011,4,1,4,2,2,1,3,1,1,1,1,5,1,1,10,6,1,1,49,2,2
2,44,4,1,2011,3,1,1,2,2,1,1,1,1,1,1,2,1,2,14,6,1,6,40,2,2
6,44,4,2,2011,4,1,1,2,2,1,3,1,1,1,1,1,1,1,9,7,1,1,32,2,2
6,44,4,2,2011,4,1,1,2,2,1,3,1,1,1,1,1,1,1,8,6,1,3,23,2,2
7,44,4,2,2011,3,1,1,2,2,1,2,1,1,1,1,1,1,2,14,6,1,3,31,2,2
1,41,4,3,2011,3,2,1,2,2,1,1,1,1,1,1,1,1,2,10,6,1,1,40,2,2
1,41,4,3,2011,2,3,1,2,2,1,1,1,1,1,1,1,1,2,9,6,1,1,,2,2
5,41,4,2,2011,3,1,1,2,2,1,1,1,1,1,1,1,1,1,9,6,1,1,,2,2
3,41,4,3,2011,4,4,1,2,2,1,4,1,1,1,1,5,1,1,5,6,1,6,,2,2
4,41,4,2,2011,4,1,1,2,2,1,4,2,1,1,2,4,1,2,4,6,1,3,38,2,2
7,41,4,3,2011,3,1,1,2,2,1,1,1,1,1,1,5,1,1,9,6,1,1,,2,2
7,41,4,3,2011,3,3,1,2,2,1,1,1,1,1,1,2,1,2,14,6,1,1,,2,2
7,41,4,3,2011,4,1,1,2,2,1,3,1,1,1,1,1,2,,14,6,1,1,40,2,2
7,41,4,2,2011,2,1,1,2,2,1,1,1,1,1,1,1,1,1,12,6,1,1,,2,2
7,41,4,2,2011,1,1,1,2,2,1,3,1,1,1,1,5,1,1,19,6,1,1,,2,2
7,41,4,2,2011,3,4,1,2,2,1,1,1,1,1,1,1,1,1,14,6,1,6,,2,2
1,51,3,2,2011,4,1,1,2,2,1,2,1,1,1,1,2,1,2,19,6,2,6,,2,2
7,51,4,3,2011,2,1,1,2,2,1,1,1,1,1,1,3,1,2,12,6,1,1,20,2,2
1,47,4,3,2011,1,1,1,2,2,1,3,1,1,1,1,1,1,2,14,6,2,6,,2,2
1,44,3,2,2011,2,1,1,2,2,1,1,1,1,1,1,5,1,1,4,6,1,3,29,2,2
4,44,4,3,2011,4,1,1,2,2,1,2,1,1,1,1,1,1,1,8,6,1,3,,2,2
10,52,4,3,2011,2,1,1,2,2,1,1,1,1,1,1,4,1,2,17,6,1,1,,2,2
1,52,4,4,2011,2,1,1,2,2,1,1,1,1,1,1,5,1,1,19,6,2,6,,2,2
1,37,3,3,2011,2,3,1,2,2,1,1,1,1,1,1,3,1,2,19,6,2,6,,2,2
9,38,4,3,2011,2,2,1,2,2,1,1,1,1,1,1,4,1,2,19,6,2,6,25,2,2
5,45,4,3,2011,3,1,1,2,2,1,1,1,1,1,1,1,1,2,7,6,1,3,,2,2
1,49,4,3,2011,2,1,1,2,2,1,4,1,1,1,1,5,1,1,19,6,2,6,22,2,2
1,49,4,3,2011,3,1,1,2,2,1,2,1,1,1,1,2,1,2,19,6,1,1,,2,2
1,48,4,3,2011,3,1,1,2,2,1,1,1,1,1,1,1,1,2,9,6,1,3,50,2,2
2,48,4,3,2011,3,1,1,2,2,1,1,1,1,1,1,3,1,2,19,6,1,1,,2,2