Thana,District,Accident_Severity,Month,Year,Time,Junction_Type,Traffic_Control,Movement,Divider,Weather,Light,Road_Geometry,Surface_Condition,Surface_Type,Surface_Quality,Road_Class,Road_Feature,Location_Type,Vehicle_Type,Vehicle_Movement,Vehicle_Loading,Vehicle_Defect,Vehicle_Driver_Age,Vehicle_Alcohol,Vehicle_Seat_Belt
5,48,4,3,2011,4,1,1,2,2,1,2,1,1,1,1,4,1,2,19,6,1,3,,2,2
6,40,4,1,2011,4,1,1,2,2,1,1,1,1,1,1,1,1,2,19,6,1,3,,2,2
7,40,4,1,2011,2,1,1,2,2,1,1,1,1,1,1,4,1,2,14,6,1,1,26,2,2
7,40,4,2,2011,3,1,1,2,2,1,1,1,1,1,1,4,1,2,4,6,1,1,,2,2
2,40,4,2,2011,2,1,1,2,2,1,1,1,1,1,1,2,1,2,9,6,1,1,,2,2
6,40,4,3,2011,4,1,1,2,2,1,4,1,1,1,1,1,1,2,19,6,1,1,,2,2
1,40,4,4,2011,2,3,1,2,2,1,1,1,1,1,1,1,1,1,9,6,1,1,,2,2
4,44,4,4,2011,2,1,4,2,2,1,2,1,1,1,1,3,1,1,14,6,1,1,,2,2
2,44,4,4,2011,1,1,1,2,2,1,2,1,1,1,1,1,1,2,9,6,1,1,,2,2
2,47,4,4,2011,2,1,1,2,2,1,1,1,1,1,1,1,1,2,14,6,1,1,,2,2
5,47,4,4,2011,4,1,1,2,2,1,4,1,1,1,1,1,1,2,19,6,1,1,,2,2
1,43,4,4,2011,2,1,1,2,2,1,1,1,1,1,1,3,1,2,5,6,1,1,,2,2
1,43,4,2,2011,2,1,1,2,2,1,1,1,1,1,1,2,1,2,14,6,1,6,,2,2
4,52,3,4,2011,3,1,1,2,2,1,1,3,1,1,2,3,2,2,14,6,1,3,35,2,2
2,48,4,4,2011,3,1,1,2,2,1,1,1,1,1,1,4,1,2,19,6,1,6,26,2,2
1,36,4,4,2011,1,1,1,2,2,4,4,1,1,1,1,2,1,1,19,6,2,6,,2,2
5,45,4,4,2011,3,1,1,2,2,1,1,1,1,1,1,1,1,2,15,6,1,1,,2,2
5,37,4,5,2011,2,1,1,2,2,1,1,1,1,1,2,3,1,2,19,6,2,6,,2,2
6,44,4,5,2011,2,1,1,2,2,1,1,1,1,1,1,1,1,1,7,6,1,1,,2,2
6,44,4,5,2011,1,3,3,2,2,1,2,1,1,1,2,2,1,2,19,6,1,1,,2,2
6,44,4,5,2011,1,1,1,2,2,1,2,1,1,1,1,1,1,1,19,6,1,1,,2,2
7,44,4,5,2011,4,1,1,2,2,1,3,1,1,1,1,1,1,2,19,6,1,1,,2,2
7,44,4,5,2011,2,2,1,2,2,1,1,1,1,1,1,1,1,1,14,6,1,1,,2,2
5,44,4,5,2011,1,1,1,2,2,1,2,1,1,1,1,1,1,2,19,6,1,1,,2,2
5,49,4,5,2011,2,1,1,2,2,1,1,1,1,1,1,3,1,2,14,6,1,3,25,2,2
5,49,4,5,2011,4,1,1,2,2,1,1,1,1,1,1,4,1,2,19,6,2,6,25,2,2
7,47,4,5,2011,3,1,1,2,2,1,1,1,1,1,1,1,1,1,14,7,1,3,25,2,2
8,47,3,5,2011,3,1,1,2,2,1,1,1,1,1,1,1,1,2,11,6,1,1,23,2,2
12,47,4,5,2011,1,1,1,2,2,1,4,1,1,1,1,1,1,2,14,6,2,6,42,2,2
7,47,3,5,2011,4,1,1,2,2,1,4,1,1,1,1,2,1,2,8,6,1,1,,2,2
1,36,3,5,2011,3,3,4,2,2,1,1,1,1,1,1,1,1,2,13,6,1,3,30,2,2
6,45,4,5,2011,2,1,1,2,2,1,1,1,1,1,1,1,1,2,19,6,1,1,,2,2
7,48,3,5,2011,4,1,1,2,2,1,2,1,1,1,1,3,1,2,12,6,1,1,,2,2
3,48,4,5,2011,3,1,1,2,2,1,1,1,1,1,1,4,1,2,19,6,2,6,,2,2
2,48,4,4,2011,3,1,1,2,2,1,1,1,1,1,1,3,1,2,4,11,1,1,30,2,2
1,45,4,6,2011,3,1,1,2,2,1,1,1,1,1,1,1,1,2,9,6,1,1,,2,2
1,49,4,4,2011,3,2,1,2,2,1,1,1,1,1,1,4,1,2,6,6,1,3,46,2,2
5,45,4,7,2011,3,1,1,2,2,1,1,1,1,1,1,1,1,2,19,6,2,6,,2,2
1,35,4,7,2011,1,1,1,2,2,1,2,1,1,1,1,1,1,2,14,6,1,1,,2,2
1,35,4,6,2011,4,1,1,2,2,1,3,1,1,2,1,1,1,2,19,6,1,1,,2,2
2,35,4,7,2011,2,1,1,2,2,1,2,2,1,1,1,1,1,2,12,6,1,6,,2,2
3,49,4,7,2011,3,1,1,2,2,1,1,1,1,1,1,4,1,2,14,6,1,1,37,2,2
9,47,4,7,2011,2,1,1,2,2,1,1,1,1,1,1,1,5,2,14,6,1,1,35,2,2
9,47,4,7,2011,3,1,1,2,2,2,1,2,2,1,1,1,1,2,9,5,1,1,,2,2
3,38,4,6,2011,2,1,1,2,2,1,2,1,1,1,1,1,1,1,19,6,1,1,,2,2
5,38,3,7,2011,2,4,1,2,2,1,1,1,1,1,1,4,1,2,4,6,1,1,,2,2
2,48,4,7,2011,3,1,1,2,2,1,1,1,1,1,1,4,1,2,14,6,1,1,45,2,2
2,48,4,7,2011,4,1,1,2,2,1,4,1,1,1,1,4,1,2,14,6,1,1,,2,2
6,48,4,7,2011,3,1,1,2,2,1,1,1,1,1,1,3,1,2,4,6,1,1,,2,2
1,36,4,7,2011,2,1,1,2,2,1,1,1,1,1,1,1,1,1,9,6,1,1,,2,2
1,50,4,1,2011,3,3,1,2,2,1,1,1,1,1,1,2,1,2,12,6,1,3,,2,2
4,50,4,1,2011,2,4,1,2,2,1,1,1,1,1,2,4,1,2,7,6,1,1,,2,2
4,50,3,3,2011,4,1,1,2,2,1,1,1,1,1,1,3,1,2,7,6,1,6,,2,2
2,50,4,5,2011,3,1,1,2,2,1,1,1,1,1,1,1,1,2,14,6,1,1,21,2,2
6,50,4,3,2011,3,2,1,2,2,1,1,1,1,1,1,4,1,2,4,6,1,1,,2,2
5,50,3,5,2011,3,1,1,2,2,1,1,1,1,1,1,2,1,2,11,6,1,1,,2,2
13,50,4,1,2011,2,1,1,2,2,4,1,1,1,1,1,3,1,2,9,6,1,1,,2,2
1,39,3,4,2011,1,1,1,2,2,1,2,1,1,1,1,4,1,2,12,6,1,1,,2,2
3,39,3,1,2011,3,1,1,2,2,1,1,1,1,1,1,1,1,2,9,6,1,1,,2,2
1,39,4,6,2011,2,1,1,2,2,1,1,1,1,1,1,2,1,2,19,6,1,1,,2,2
1,39,3,2,2011,2,1,1,2,2,1,1,1,1,1,1,1,2,2,9,6,1,1,43,2,2
1,39,4,2,2011,4,4,1,2,2,1,3,1,1,1,1,1,1,1,9,6,1,1,47,2,2
4,39,4,2,2011,2,1,1,2,2,1,1,1,1,1,1,4,1,2,19,6,2,6,18,2,2
4,39,4,7,2011,1,1,1,2,2,1,1,1,1,1,1,3,1,2,19,6,1,1,,2,2
6,44,4,6,2011,2,2,1,2,2,1,1,1,1,1,1,1,1,1,9,6,1,1,,2,2
6,44,4,6,2011,1,1,1,2,2,1,3,1,1,1,1,1,1,1,19,6,1,1,,2,2
5,46,4,6,2011,4,1,3,2,2,1,3,1,1,1,1,1,1,1,9,6,1,1,,2,2
5,46,4,5,2011,3,1,1,2,2,1,1,1,1,1,1,1,1,1,9,6,1,3,,2,2
5,46,4,4,2011,3,1,1,2,2,1,1,1,1,1,1,1,1,1,7,6,1,3,,2,2
5,46,4,1,2011,3,1,4,2,2,1,1,1,1,1,1,1,1,1,10,6,1,1,,2,2
5,46,3,7,2011,3,1,1,2,2,1,1,1,1,1,1,1,1,1,15,6,1,1,,2,2
5,46,4,8,2011,1,1,1,2,2,1,2,1,1,1,1,1,1,1,9,6,1,6,,2,2
5,46,4,6,2011,4,1,1,2,2,1,3,1,1,1,1,1,1,1,14,6,1,1,,2,2
1,46,4,1,2011,4,1,1,2,2,1,3,1,1,1,1,1,1,1,9,6,1,1,,2,2
1,46,4,2,2011,3,1,1,2,2,1,1,1,1,1,1,1,1,1,9,6,1,1,,2,2
1,46,4,2,2011,3,1,1,2,2,1,1,1,1,1,1,1,1,1,9,6,1,1,,2,2
1,46,4,2,2011,2,1,1,2,2,1,1,1,1,1,1,1,1,1,13,6,1,3,,2,2
1,46,4,3,2011,1,1,1,2,2,1,1,1,1,1,1,1,1,1,19,6,1,1,,2,2
1,46,4,3,2011,2,1,1,2,2,1,1,1,1,1,1,1,1,1,9,6,1,1,,2,2
1,46,4,4,2011,3,1,1,2,2,1,1,1,1,1,1,1,1,1,9,6,1,1,,2,2
1,46,4,4,2011,2,1,1,2,2,1,1,1,1,1,1,1,1,1,9,6,1,1,,2,2
1,46,3,4,2011,4,1,1,2,2,1,3,1,1,1,1,1,1,1,13,6,1,3,,2,2
1,46,4,5,2011,1,1,1,2,2,1,4,1,1,1,1,1,1,2,19,6,1,3,,2,2
1,46,4,5,2011,2,1,1,2,2,1,1,1,1,1,1,2,1,2,9,6,1,1,,2,2
1,46,4,5,2011,2,1,1,2,2,1,1,1,1,1,1,1,1,1,9,6,1,6,,2,2
1,46,4,6,2011,1,1,1,2,2,1,3,1,1,1,1,1,1,1,19,6,1,1,,2,2
1,46,4,7,2011,3,2,1,2,2,1,1,1,1,1,1,1,1,1,9,6,1,3,,2,2
1,46,4,7,2011,2,1,1,2,2,1,1,1,1,1,1,1,1,1,14,6,1,1,,2,2
1,46,4,7,2011,2,1,1,2,2,1,1,1,1,1,1,1,1,1,8,6,1,1,,2,2
1,46,4,7,2011,3,1,1,2,2,1,1,1,1,1,1,1,1,1,19,6,1,1,,2,2
6,46,4,3,2011,4,1,4,2,2,1,3,1,1,1,1,1,1,1,9,6,1,1,,2,2
6,46,4,4,2011,1,1,4,2,2,1,3,1,1,1,1,1,1,1,9,6,1,1,,2,2
6,46,4,5,2011,1,1,4,2,2,1,3,1,1,1,1,1,1,1,14,6,1,1,,2,2
6,46,3,5,2011,1,3,4,2,2,1,3,1,1,1,1,1,1,1,7,6,1,1,,2,2
6,46,4,5,2011,1,1,4,2,2,1,3,1,1,1,1,1,1,1,7,6,1,1,,2,2
6,46,4,6,2011,4,1,4,2,2,1,3,1,1,1,1,1,1,1,9,6,1,1,,2,2
6,46,4,5,2011,1,1,4,2,2,1,3,1,1,1,1,1,1,1,19,6,1,1,,2,2
6,46,4,7,2011,2,1,4,2,1,2,1,1,1,1,1,1,1,1,9,6,1,1,,2,2
4,46,4,5,2011,4,1,1,2,2,1,4,1,1,1,1,2,1,2,19,6,1,3,,2,2
2,46,4,2,2011,2,1,1,2,2,1,1,1,1,1,1,1,1,2,8,6,1,3,,2,2
2,46,4,3,2011,3,1,1,2,2,1,1,1,1,1,1,1,1,1,9,6,1,1,,2,2
3,46,4,6,2011,2,1,1,2,2,1,1,1,1,1,1,1,1,2,9,6,1,6,32,2,2
7,41,4,4,2011,2,4,1,2,2,1,1,1,1,1,1,4,1,2,12,2,1,3,40,2,2
7,41,4,4,2011,2,3,1,2,2,1,1,1,1,1,1,2,1,2,14,6,1,3,,2,2
7,41,4,4,2011,3,1,1,2,2,1,1,1,1,1,1,4,1,2,14,6,1,3,,2,2
7,41,4,4,2011,3,4,1,2,2,1,1,1,1,1,1,1,1,1,14,6,1,7,,2,2
7,41,4,4,2011,2,1,1,2,2,1,1,1,1,1,1,1,1,1,9,5,1,1,,2,2
7,41,4,5,2011,2,4,1,2,2,1,1,1,1,1,1,2,1,1,8,6,1,3,,2,2
7,41,4,5,2011,2,3,1,2,2,1,1,1,1,1,1,1,1,2,8,6,1,1,,2,2
7,41,3,5,2011,3,1,1,2,2,1,1,1,1,1,1,1,1,1,9,6,1,1,,2,2
7,41,4,6,2011,1,1,1,2,2,1,4,1,1,1,1,2,1,2,14,6,1,3,,2,2
7,41,4,6,2011,4,1,1,2,2,1,4,1,1,1,1,2,1,1,19,6,1,3,,2,2
7,41,4,6,2011,3,1,1,2,2,1,1,1,1,1,1,1,1,1,9,6,1,3,30,2,2
7,41,4,6,2011,2,1,1,2,2,1,1,1,1,1,1,1,1,1,9,6,1,3,,2,2
7,41,3,6,2011,2,1,1,2,2,1,1,1,1,1,1,5,1,1,9,6,1,6,40,2,2
7,41,4,6,2011,4,1,3,2,2,1,4,1,1,1,1,1,1,1,19,6,1,3,,2,2
1,41,3,6,2011,4,1,1,2,2,1,4,1,1,1,1,1,1,2,9,6,1,6,,2,2
7,41,4,6,2011,3,1,1,2,2,1,1,2,1,1,1,2,1,1,12,6,1,1,27,2,2
7,41,4,6,2011,2,1,1,2,2,1,1,1,1,1,1,2,1,1,9,6,1,3,,2,2
1,41,4,6,2011,2,1,1,2,2,1,1,1,1,1,1,1,1,2,9,6,1,1,45,2,2
4,44,4,7,2011,2,1,1,2,2,1,1,1,1,1,1,1,1,1,14,6,1,1,,2,2
4,44,4,7,2011,3,1,1,2,2,1,1,1,1,1,1,2,1,2,14,6,1,1,38,2,2
5,44,4,7,2011,1,1,1,2,2,1,2,1,1,1,1,1,1,2,14,6,1,6,26,2,2
5,44,3,7,2011,2,1,1,2,2,1,1,1,1,1,1,1,1,2,4,6,1,1,,2,2
7,44,4,7,2011,1,3,1,2,2,1,2,1,1,1,1,1,1,2,19,6,1,3,,2,2
5,41,4,7,2011,2,1,1,2,2,1,1,1,1,1,1,1,1,2,9,6,1,1,,2,2
1,41,4,7,2011,3,1,1,2,2,1,1,1,1,1,1,1,1,2,12,6,1,3,,2,2
7,41,4,7,2011,2,1,1,2,2,1,2,1,1,1,1,5,1,1,14,6,1,6,,2,2
7,41,4,7,2011,3,1,1,2,2,1,1,1,1,1,1,1,1,1,10,6,1,1,,2,2
7,41,4,7,2011,1,1,1,2,2,1,3,1,1,1,1,4,1,1,9,6,1,1,,2,2
7,41,4,7,2011,4,1,1,2,2,1,3,1,5,1,1,1,1,1,9,6,1,7,,2,2
7,41,4,7,2011,2,1,1,2,2,1,4,1,1,1,1,1,1,2,19,6,1,3,,2,2
7,41,4,7,2011,1,1,1,2,2,1,3,1,1,1,1,1,1,1,19,6,1,1,,2,2
6,41,4,7,2011,4,1,1,2,2,1,4,1,1,1,1,1,1,2,19,6,1,3,,2,2
12,47,4,9,2011,3,1,1,2,2,1,1,1,1,1,1,1,1,2,9,6,1,3,45,2,2
12,51,4,5,2011,2,1,1,2,2,1,1,1,1,1,1,2,1,2,9,6,1,1,32,2,2
4,51,4,3,2011,4,1,1,2,2,1,4,1,1,1,1,2,1,2,19,6,1,1,,2,2
5,51,4,5,2011,3,1,1,2,2,1,1,1,3,3,2,4,1,2,3,6,2,1,30,2,2
11,59,4,5,2011,3,1,1,2,2,1,1,3,3,3,2,4,1,2,17,6,2,1,,2,2
3,51,4,6,2011,2,1,1,2,2,1,1,1,1,1,1,5,1,1,17,6,2,1,,2,2
4,51,4,5,2011,3,5,1,2,2,2,1,2,2,1,1,1,5,1,14,6,2,1,40,2,2
8,51,3,8,2011,4,1,1,2,2,1,4,1,1,1,1,2,1,2,7,6,1,1,,2,2
5,41,4,8,2011,1,1,1,2,2,1,1,1,1,1,1,1,1,2,1,6,1,1,,2,2
5,41,4,8,2011,2,3,1,2,2,1,1,1,1,1,1,1,1,2,9,6,1,1,,2,2
7,41,4,8,2011,2,1,1,2,2,1,1,1,1,1,1,2,1,1,19,6,1,1,,2,2
7,41,4,8,2011,2,1,1,2,2,1,1,1,1,1,1,1,1,1,8,6,1,1,,2,2
7,41,4,8,2011,2,1,1,2,2,1,1,1,1,1,1,5,1,1,9,6,1,1,,2,2
7,41,4,8,2011,4,1,1,2,2,1,4,1,1,1,1,1,1,1,10,6,1,1,,2,2
6,4,4,8,2011,3,1,3,2,2,1,1,1,1,1,1,1,1,2,9,6,1,1,,2,2
7,47,4,8,2011,1,1,1,2,2,1,4,1,1,1,1,1,1,2,19,6,1,1,,2,2
1,47,4,8,2011,4,1,1,2,2,1,2,1,1,1,1,1,1,2,19,6,1,1,,2,2
12,47,4,8,2011,1,1,1,2,2,1,2,1,1,1,1,1,1,1,19,6,1,6,,2,2
8,38,4,8,2011,4,1,1,2,2,1,4,1,1,1,1,3,1,2,4,6,1,1,,2,2
1,38,1,8,2011,1,2,1,2,2,1,2,1,1,1,1,5,1,1,14,6,1,1,,2,2
3,35,4,8,2011,4,3,1,2,2,1,4,1,1,1,1,2,1,2,12,6,1,1,,2,2
3,35,4,7,2011,4,1,1,2,2,1,2,1,1,1,1,2,1,2,19,6,1,1,,2,2
4,39,4,8,2011,2,1,1,2,2,1,1,1,1,1,1,1,1,2,19,6,1,1,35,2,2
1,39,4,8,2011,1,1,1,2,2,1,2,2,1,1,1,2,1,2,19,6,1,1,,2,2
4,44,2,10,2011,3,1,1,2,2,1,1,1,1,1,1,5,1,1,14,6,1,1,35,2,2
5,44,4,9,2011,4,2,1,2,2,1,4,1,1,1,1,1,1,2,14,6,1,1,,2,2
7,44,4,9,2011,4,1,1,2,2,1,2,1,1,1,1,1,3,2,19,3,1,1,,2,2
2,48,3,9,2011,2,1,1,2,2,1,1,1,1,1,1,4,1,2,19,6,2,6,35,2,2
4,39,3,9,2011,2,1,1,2,2,1,1,1,1,1,1,4,1,2,4,6,1,3,18,2,2
3,39,1,9,2011,1,1,1,2,2,1,2,1,1,1,1,1,1,2,7,6,1,1,,2,2
5,44,4,9,2011,3,1,1,2,2,1,2,1,1,1,1,1,2,1,19,6,1,6,,2,2
5,45,4,10,2011,4,1,1,2,2,1,3,1,1,1,1,1,1,2,19,6,1,2,,2,2
1,39,4,10,2011,3,3,1,2,2,1,1,1,1,1,1,2,1,1,13,6,1,1,32,2,2
2,39,4,10,2011,3,2,1,2,2,1,1,1,1,1,1,4,1,2,19,6,2,6,,2,2
1,39,4,10,2011,4,1,1,2,2,1,4,1,1,1,1,2,1,2,19,6,1,1,,2,2
7,48,4,10,2011,1,1,1,2,2,1,2,1,1,1,1,3,1,2,14,6,1,1,,2,2
6,38,4,9,2011,4,1,1,2,2,1,4,1,1,1,1,1,1,2,19,6,1,1,,2,2
4,38,3,10,2011,2,1,1,2,2,1,1,1,1,1,1,2,1,2,4,2,1,1,25,2,2
6,44,4,9,2011,2,2,1,2,2,1,1,1,1,1,1,2,1,2,14,6,1,1,,2,2
1,36,4,10,2011,3,3,1,2,2,1,1,1,1,1,1,4,1,2,4,6,1,1,40,2,2
7,47,4,10,2011,4,1,1,2,2,1,1,1,1,1,1,1,1,1,19,6,1,1,,2,2
12,47,4,10,2011,1,1,1,2,2,1,2,1,1,1,1,1,1,2,9,6,1,1,,2,2
7,41,4,10,2011,4,1,1,2,2,1,4,1,1,1,1,1,1,1,9,6,1,1,,2,2
7,41,4,10,2011,2,1,3,2,2,1,1,1,1,1,1,1,1,2,14,6,1,1,30,2,2
7,41,4,10,2011,2,1,1,2,2,1,1,1,1,1,1,2,1,1,6,6,1,3,,2,2
7,41,4,10,2011,1,1,1,2,2,1,4,1,1,1,1,2,1,2,19,6,1,1,,2,2
7,41,4,9,2011,3,1,1,2,2,1,1,1,1,1,1,1,1,2,19,6,1,1,,2,2
5,41,4,9,2011,2,1,1,2,2,2,2,1,2,1,1,1,1,2,8,6,1,3,,2,2
7,41,4,9,2011,2,3,1,2,2,1,1,1,1,1,1,1,1,2,6,6,1,6,,2,2
7,41,4,9,2011,1,1,1,2,2,1,4,1,1,1,1,2,1,1,14,5,1,1,,2,2
7,41,4,9,2011,2,1,1,2,2,1,1,1,1,1,1,2,1,1,9,6,2,6,,2,2
12,47,4,12,2011,3,1,1,2,2,4,2,1,1,1,1,1,1,2,19,6,1,1,,2,2
12,47,4,12,2011,3,1,1,2,2,1,1,1,1,1,1,1,1,2,9,6,1,3,22,2,2
11,47,4,12,2011,2,1,1,2,2,1,1,2,1,1,2,4,1,2,13,6,1,1,,2,2
2,35,4,12,2011,4,1,1,2,2,4,4,2,1,1,1,1,1,2,9,1,1,6,31,2,2
4,37,4,12,2011,2,1,1,2,2,1,1,1,1,1,1,4,1,2,9,6,1,1,,2,2
5,52,3,8,2011,3,3,1,2,2,1,1,1,1,1,1,3,1,2,1,6,1,1,,2,2
1,39,4,11,2011,2,1,1,2,2,1,1,1,1,1,1,4,1,2,9,6,2,6,18,2,2
1,39,4,11,2011,4,1,1,2,2,1,2,1,1,1,1,4,1,2,4,6,1,1,,2,2
2,37,3,11,2011,3,1,1,2,2,1,1,1,1,1,1,3,1,2,12,6,1,6,,2,2
5,48,4,11,2011,4,1,1,2,2,1,1,1,1,1,1,4,1,2,4,6,1,3,38,2,2
7,45,4,11,2011,4,1,1,2,2,1,4,1,1,1,1,1,1,2,19,6,1,1,,2,2
6,47,3,11,2011,4,1,1,2,2,1,4,1,1,1,1,4,1,2,14,6,1,1,34,2,2
11,47,4,11,2011,3,1,1,2,2,1,1,2,1,1,1,4,1,2,4,6,1,1,,2,2
1,47,4,11,2011,1,3,1,2,2,1,4,1,1,1,1,1,1,2,9,5,2,1,,2,2
3,49,4,10,2011,3,3,1,2,2,1,1,1,1,1,1,2,1,2,8,6,1,6,,2,2
3,49,4,11,2011,2,1,1,2,2,1,1,1,1,1,1,2,1,2,19,6,2,6,,2,2
5,41,4,11,2011,1,3,1,2,2,1,2,1,1,1,1,1,1,1,19,6,1,1,,2,2
5,41,4,11,2011,1,1,1,2,2,1,3,1,1,1,1,1,1,1,9,6,1,1,,2,2
5,41,4,12,2011,1,1,1,2,2,1,3,1,1,1,1,1,1,1,19,6,1,1,,2,2
1,41,3,11,2011,2,2,1,2,2,1,2,1,1,1,1,1,1,1,9,6,1,1,,2,2
7,41,4,12,2011,4,1,1,2,2,1,3,1,1,1,1,1,1,1,9,6,1,1,,2,2
7,41,4,12,2011,4,1,1,2,2,1,2,1,1,1,1,1,1,2,5,6,1,1,,2,2
7,41,4,11,2011,3,1,1,2,2,1,1,1,1,1,1,2,1,1,14,6,1,1,,2,2
7,41,4,11,2011,2,2,3,2,2,1,1,1,1,1,1,2,1,1,19,6,1,1,,2,2
7,41,4,11,2011,4,1,1,2,2,1,2,1,1,1,1,1,1,1,9,6,1,1,,2,2
7,41,4,12,2011,2,1,1,2,2,1,1,1,1,1,1,2,1,1,19,6,1,1,,2,2
7,41,4,12,2011,3,2,4,2,2,1,2,1,1,1,1,1,1,1,9,6,1,1,,2,2
6,41,3,11,2011,4,1,1,2,2,1,2,1,1,1,1,2,1,2,4,6,1,1,23,2,2
6,14,4,11,2011,2,1,1,2,2,1,1,1,1,1,1,4,1,2,4,6,1,1,,2,2
7,44,4,11,2011,3,1,2,2,2,1,1,1,1,1,1,1,1,2,19,6,1,1,,2,2
5,44,4,11,2011,1,1,1,2,2,1,4,1,1,1,1,1,1,1,19,6,1,1,,2,2
6,44,4,11,2011,2,1,1,2,2,1,2,1,1,1,1,1,1,1,19,6,1,1,,2,2
6,44,4,11,2011,3,1,1,2,2,1,1,1,1,1,1,1,1,1,9,6,1,3,28,2,2
5,44,4,12,2011,3,1,1,2,2,1,2,1,1,1,1,1,1,2,8,6,1,1,40,2,2
6,44,4,12,2011,3,1,1,2,2,1,1,1,1,1,1,5,1,1,7,6,1,1,19,2,2
6,44,4,12,2011,1,1,1,2,2,1,1,1,1,1,1,1,1,1,19,6,1,1,,2,2
6,44,4,12,2011,4,1,1,2,2,1,3,1,1,1,1,1,1,1,19,6,1,1,,2,2
6,44,4,11,2011,3,1,1,2,2,1,1,1,1,1,1,1,1,1,19,6,1,1,,2,2
3,49,4,12,2011,4,1,1,2,2,4,2,1,1,1,1,2,1,2,12,5,1,6,,2,2
5,52,4,12,2011,2,1,1,2,2,1,1,1,1,1,1,3,1,2,4,6,1,1,,2,2
10,52,4,12,2011,2,1,1,2,2,1,1,1,1,1,1,3,1,2,9,6,1,1,,2,2
12,51,4,10,2011,2,1,1,2,2,1,1,1,1,1,1,5,1,2,19,6,2,7,,1,2
2,51,4,10,2011,3,1,1,2,2,1,2,1,1,1,1,3,1,2,4,6,1,1,,2,2
1,51,3,11,2011,2,1,1,2,2,1,1,2,1,1,1,4,1,2,17,6,1,1,,2,2
8,51,4,11,2011,3,1,1,2,2,1,1,1,1,1,1,3,1,2,7,6,1,1,,2,2
3,51,4,11,2011,3,2,1,2,2,1,1,1,1,1,1,4,1,2,19,6,2,6,,2,2
1,51,4,12,2011,4,1,1,2,2,1,2,1,1,1,1,2,1,2,14,6,1,1,,2,2
7,51,4,11,2011,3,2,1,2,2,1,1,2,1,1,1,3,1,2,19,6,2,6,,2,2
3,51,4,12,2011,3,3,1,2,2,4,1,1,1,1,1,4,1,2,17,6,1,1,,2,2
4,43,4,11,2011,3,1,3,2,2,1,1,1,2,1,1,1,1,2,9,7,2,2,,2,2
1,43,4,12,2011,2,2,1,2,2,1,1,1,1,1,1,2,1,2,17,2,2,4,18,2,2
4,43,4,11,2011,4,7,3,2,2,1,1,1,1,1,1,1,1,2,,11,1,7,,2,2
5,40,2,5,2011,2,1,1,2,2,1,1,1,1,1,1,2,1,2,13,11,1,7,25,2,2
6,40,1,5,2011,1,2,8,1,2,4,2,2,2,1,1,4,1,1,2,11,1,7,,2,2
1,40,3,7,2011,3,7,8,1,1,1,1,2,1,1,1,1,1,1,9,10,1,7,41,2,2
1,40,3,8,2011,4,7,8,1,2,1,1,1,1,1,1,1,1,1,14,11,1,7,,2,2
3,40,4,8,2011,2,3,8,2,2,1,1,1,1,1,1,1,1,2,5,1,1,1,30,2,2
4,40,4,8,2011,3,1,8,2,2,1,1,1,1,1,1,1,1,,7,8,1,1,,2,2
1,40,3,9,2011,3,3,8,2,2,1,1,2,1,1,1,1,1,1,9,1,1,1,,2,2
7,40,4,9,2011,3,2,8,2,2,1,1,1,1,1,1,1,1,,9,4,1,6,,2,2
1,40,3,10,2011,4,1,8,2,2,4,4,1,1,1,1,1,1,2,7,11,1,7,,2,2
1,40,4,10,2011,1,1,8,2,2,4,4,1,1,1,1,1,1,2,14,4,1,7,,2,2
1,40,4,11,2011,2,1,8,2,2,1,1,1,1,1,1,1,1,2,9,4,1,7,,2,2
5,46,4,10,2011,3,1,1,2,2,1,1,1,1,1,1,1,1,1,13,7,1,7,,1,2
3,35,4,12,2011,3,1,1,2,2,1,1,1,1,1,1,3,1,1,14,6,1,7,,1,2
6,47,4,12,2011,3,1,2,2,2,1,1,1,1,1,1,2,1,2,4,7,1,7,,2,2
8,50,4,12,2011,4,2,1,2,2,1,1,1,5,3,2,4,1,2,14,1,1,1,,1,2
1,50,1,12,2011,1,1,1,2,2,1,3,1,1,1,1,1,1,1,4,6,2,1,,2,2
5,50,4,10,2011,2,1,1,2,2,1,1,1,1,1,1,1,1,,9,2,1,1,,2,2
5,50,4,12,2011,4,3,8,2,2,1,1,1,1,1,1,1,1,2,12,6,1,1,,2,2
6,41,4,11,2011,1,1,1,2,2,1,1,2,1,1,1,4,1,1,4,6,1,1,,2,2
3,38,3,7,2011,4,1,1,2,2,2,4,1,2,1,1,1,1,2,7,6,1,1,,2,2
4,36,4,10,2011,4,1,7,2,2,1,4,1,1,1,1,2,1,2,14,6,1,1,,2,2
6,41,4,8,2011,3,1,3,2,1,1,1,1,1,1,1,1,2,,9,6,1,1,,2,2
6,44,3,9,2011,4,1,1,2,2,1,3,1,1,1,1,3,1,1,4,6,1,1,,2,2
4,44,4,7,2011,4,1,1,2,2,1,3,1,1,1,1,2,1,1,14,8,1,1,36,2,2
5,44,4,8,2011,3,1,1,2,2,1,1,1,1,1,1,1,1,2,10,5,1,1,32,2,1
3,39,4,7,2011,2,1,1,2,2,1,1,2,2,1,1,1,1,2,14,6,1,1,2,2,2
4,35,4,9,2011,4,1,1,2,2,1,4,1,1,1,1,2,1,2,9,4,1,1,,1,2
7,41,4,2,2011,4,1,1,2,2,1,3,1,1,1,1,1,1,1,9,6,1,1,36,2,2