Thana,District,Accident_Severity,Month,Year,Time,Junction_Type,Traffic_Control,Movement,Divider,Weather,Light,Road_Geometry,Surface_Condition,Surface_Type,Surface_Quality,Road_Class,Road_Feature,Location_Type,Vehicle_Type,Vehicle_Movement,Vehicle_Loading,Vehicle_Defect,Vehicle_Driver_Age,Vehicle_Alcohol,Vehicle_Seat_Belt
12,42,4,6,2011,2,1,4,1,1,1,1,1,1,1,1,1,1,1,,6,,,,,
12,42,1,7,2011,1,1,1,1,1,1,3,1,1,1,1,5,1,1,10,6,1,1,40,2,2
12,42,4,8,2011,2,2,5,1,1,1,1,1,1,1,1,1,1,1,9,6,1,1,35,2,2
12,42,4,9,2011,2,3,4,1,1,1,1,1,1,1,1,1,1,1,8,6,2,1,35,2,2
12,42,3,10,2011,2,1,4,1,1,1,1,1,1,1,1,1,1,1,10,6,1,1,30,2,2
12,42,4,10,2011,1,1,1,1,1,1,3,1,1,1,1,1,1,1,,6,,,,,
12,42,4,10,2011,3,1,1,1,1,1,1,1,1,1,1,5,1,1,9,6,1,1,38,2,2
12,42,4,11,2011,4,1,5,1,1,1,3,1,1,1,1,1,1,1,10,6,1,1,35,2,2
12,42,3,12,2011,1,3,4,1,1,1,3,1,1,1,1,1,1,1,9,6,1,1,35,2,2
12,42,2,12,2011,3,6,4,1,1,1,1,1,1,1,1,1,1,1,9,6,1,1,40,2,2
33,42,4,6,2011,1,1,1,1,1,1,1,1,1,1,1,1,1,1,9,6,1,1,45,2,2
33,42,4,6,2011,2,3,4,1,1,1,1,1,1,1,1,5,1,1,9,6,1,1,40,2,2
33,42,4,6,2011,1,2,1,1,1,1,1,1,1,1,1,5,1,1,9,6,1,1,38,2,2
33,42,4,6,2011,4,1,1,1,1,1,4,1,1,1,1,1,1,1,10,6,1,1,48,2,2
33,42,4,7,2011,1,3,4,1,1,1,2,1,1,1,1,1,1,1,9,6,1,1,38,2,2
33,42,4,7,2011,3,1,4,1,1,1,3,1,1,1,1,1,1,1,19,6,1,1,,2,2
33,42,4,7,2011,2,1,1,2,2,1,1,1,1,1,1,5,1,1,9,6,1,1,38,2,2
33,42,4,8,2011,1,1,1,1,1,1,3,1,1,1,1,1,1,1,,6,,,,,
33,42,4,9,2011,4,3,4,2,2,1,3,1,1,1,1,1,1,1,7,6,1,1,32,2,2
33,42,3,8,2011,3,7,1,2,2,1,1,1,1,1,1,1,1,1,9,6,1,1,42,2,2
33,42,4,9,2011,2,3,4,1,1,1,1,1,1,1,1,5,1,1,,6,,,,,
33,42,4,9,2011,4,3,4,1,1,1,2,1,1,1,1,1,1,1,,6,,,,,
33,42,4,11,2011,2,7,8,1,1,1,1,1,1,1,1,1,1,1,,6,,,,,
33,42,4,11,2011,1,7,8,2,2,1,3,1,1,1,1,1,1,1,,6,,,,,
9,42,3,6,2011,3,1,1,1,1,1,1,1,1,1,1,5,1,1,9,6,1,1,42,2,2
9,42,4,6,2011,4,1,1,1,1,1,3,1,1,1,1,5,1,1,9,6,1,1,25,2,2
9,42,2,6,2011,4,2,4,1,1,1,3,1,1,1,1,5,1,1,9,6,1,1,35,2,2
9,42,4,7,2011,4,1,1,1,1,1,1,1,1,1,1,5,1,1,9,6,1,1,38,2,2
9,42,4,7,2011,2,1,1,1,1,1,1,1,1,1,1,5,1,1,9,6,1,1,35,2,2
9,42,4,8,2011,,3,4,1,1,1,,1,1,1,1,5,1,1,,6,,,,,
9,42,4,8,2011,3,1,4,1,1,1,1,1,1,1,1,5,1,1,9,6,1,1,35,2,2
9,42,4,8,2011,2,1,1,1,1,1,1,1,1,1,1,5,1,1,9,6,1,1,37,2,2
9,42,4,8,2011,1,1,1,1,1,1,2,1,1,1,1,5,1,1,14,6,1,1,40,1,2
9,42,4,9,2011,4,1,1,1,1,1,3,1,1,1,1,1,1,1,9,6,1,1,38,2,2
9,42,2,9,2011,1,1,4,1,1,1,3,1,1,1,1,5,1,1,9,6,1,1,42,2,2
9,42,4,9,2011,3,3,4,1,1,1,1,1,1,1,1,5,1,1,9,6,1,1,35,2,2
9,42,4,9,2011,3,3,4,1,1,1,1,1,1,1,1,5,1,1,19,6,1,1,52,2,2
9,42,4,10,2011,2,1,1,1,1,1,1,1,1,1,1,5,1,1,7,6,1,1,35,2,2
9,42,3,10,2011,3,1,4,1,1,1,1,1,1,1,1,5,1,1,4,6,1,1,24,2,2
9,42,4,6,2011,1,2,4,1,1,1,3,1,1,1,1,5,1,1,,6,,,,,
9,42,4,11,2011,3,1,1,1,1,1,1,1,1,1,1,5,1,1,9,6,1,1,28,2,2
9,42,2,11,2011,4,1,1,1,1,1,3,1,1,1,1,5,1,1,8,6,1,1,40,2,2
9,42,1,12,2011,2,3,4,1,1,1,1,1,1,1,1,5,1,1,9,6,1,1,27,2,2
14,42,4,6,2011,1,2,4,1,1,1,3,1,1,1,1,1,1,1,,6,,,,,
14,42,4,6,2011,1,1,4,1,1,1,3,1,1,1,1,1,1,1,,6,,,,,
14,42,4,6,2011,2,3,4,1,1,1,1,1,1,1,1,1,1,1,8,6,1,1,38,2,2
14,42,3,6,2011,2,2,4,1,1,1,1,1,1,1,1,1,1,1,8,6,1,1,28,2,2
14,42,4,6,2011,3,1,1,1,1,1,1,1,1,1,1,1,1,1,7,6,1,1,35,2,2
14,42,4,6,2011,4,1,1,1,1,2,2,1,2,1,1,1,1,1,,6,,,,,
14,42,4,6,2011,4,2,4,1,1,1,3,1,1,1,1,1,1,1,9,6,1,1,28,2,2
14,42,4,7,2011,4,1,1,1,1,1,3,1,1,1,1,1,1,1,,6,,,,,
14,42,4,7,2011,1,1,4,1,1,1,2,1,1,1,1,1,1,1,9,6,2,1,38,1,2
14,42,2,8,2011,3,2,4,1,1,1,1,1,1,1,1,1,1,1,9,6,1,1,30,2,2
14,42,4,8,2011,4,2,4,1,1,2,1,1,1,1,1,1,1,1,9,6,1,3,27,2,2
14,42,4,8,2011,1,1,1,2,2,1,3,1,1,1,1,1,1,1,9,6,1,1,42,2,2
14,42,4,9,2011,4,1,1,1,1,1,3,1,1,1,1,1,1,1,19,6,,,,,
14,42,4,9,2011,3,3,4,1,1,1,1,1,1,1,1,1,1,1,10,6,1,1,33,2,2
14,42,4,9,2011,2,1,4,1,1,1,3,1,1,1,1,1,1,1,9,6,1,1,35,2,2
14,42,4,9,2011,1,2,4,1,1,1,3,1,1,1,1,1,1,1,,6,,,,,
14,42,4,9,2011,3,1,1,1,1,1,1,1,1,1,1,1,1,1,11,6,1,1,37,1,2
14,42,4,10,2011,4,1,1,1,1,1,3,1,1,1,1,1,1,1,9,6,1,1,38,2,2
14,42,2,10,2011,,1,4,1,1,1,1,1,1,1,1,1,1,1,10,6,1,1,19,2,2
14,42,4,10,2011,3,1,1,1,1,1,2,1,1,1,1,1,1,1,7,6,,,,,
14,42,4,11,2011,4,1,1,1,1,1,1,1,1,1,1,1,1,1,,6,,,,,
14,42,4,11,2011,4,1,1,1,1,1,1,1,1,1,1,1,1,1,9,6,1,1,45,2,2
14,42,4,11,2011,3,1,1,1,1,1,1,1,1,1,1,1,1,1,1,6,1,1,38,2,2
14,42,4,11,2011,2,2,4,1,1,1,2,1,1,1,1,1,1,1,13,6,1,1,22,2,2
33,42,4,9,2011,4,1,4,1,1,1,3,1,1,1,1,5,1,1,,6,,,,,
9,42,4,6,2011,1,2,4,1,1,1,3,1,1,1,1,5,1,1,6,,,,,,
2,42,3,8,2011,2,5,4,1,1,1,1,1,1,1,1,5,1,1,8,6,1,6,35,2,2
2,42,1,9,2011,1,1,4,1,1,1,3,1,1,1,1,5,1,1,5,6,1,1,32,1,2
2,42,1,11,2011,3,5,4,1,1,1,1,1,1,1,1,5,1,1,6,6,1,6,45,2,2
36,42,1,10,2011,4,1,4,1,1,1,2,1,1,1,1,5,1,1,9,6,1,1,42,2,2
36,42,3,12,2011,2,1,1,2,2,1,1,1,1,1,1,5,1,1,6,6,1,1,28,2,2
36,42,4,12,2011,2,1,1,1,1,1,1,1,1,1,1,5,1,1,9,6,1,1,38,2,2
14,42,4,12,2011,3,1,1,2,2,1,1,1,1,1,1,5,1,1,9,6,,,,,
9,42,3,4,2011,2,1,1,1,1,1,1,1,1,1,1,5,,,10,6,1,1,34,2,2
9,42,4,9,2011,2,1,1,2,2,1,3,1,1,1,1,1,1,1,19,6,1,1,,2,2
22,42,4,2,2011,2,1,4,2,1,1,1,1,1,1,1,1,1,1,9,6,1,1,38,2,2
39,42,4,7,2011,1,1,1,2,2,1,3,1,1,1,1,5,1,1,,,,,,,
39,42,4,12,2011,2,1,1,2,1,1,1,1,1,1,1,5,1,1,14,6,1,1,35,2,2
14,42,3,9,2011,3,3,4,2,1,1,1,1,1,1,1,1,1,1,9,8,1,1,32,2,2
4,69,3,2,2012,2,1,4,2,2,1,1,1,1,1,1,1,1,1,9,6,1,1,21,2,2
4,69,4,4,2012,4,1,3,1,1,1,2,1,1,1,1,1,1,2,9,6,1,1,,2,2
2,69,4,1,2012,3,1,1,2,2,1,1,1,1,1,1,5,1,2,4,6,1,1,20,2,2
2,69,4,4,2012,3,1,1,2,2,1,1,1,1,2,2,4,1,2,19,6,1,1,35,2,2
2,69,4,7,2012,3,1,1,2,2,1,1,2,1,1,2,4,1,2,4,6,1,3,25,1,2
2,69,4,8,2012,2,1,1,2,2,1,1,1,1,1,1,5,1,2,9,6,1,3,,2,2
2,69,4,8,2012,2,1,1,2,2,1,1,1,1,1,1,5,1,2,9,6,1,3,38,1,2
2,69,4,10,2012,3,1,1,2,2,1,1,1,1,1,1,5,1,2,10,6,1,1,,1,2
4,69,3,5,2012,4,7,8,2,2,1,4,1,1,1,1,1,1,2,19,10,1,1,,2,2
1,69,4,3,2012,4,1,1,2,2,1,2,1,1,1,1,1,1,1,9,6,1,1,,2,2
1,69,4,1,2012,2,1,1,2,2,1,3,1,1,1,1,1,1,1,14,6,1,6,,2,2
1,69,4,4,2012,4,1,1,2,2,1,3,1,1,1,1,1,1,1,9,6,1,1,,2,2
1,69,4,12,2012,3,1,1,2,2,1,1,1,1,1,1,5,1,1,14,7,1,1,,2,2
1,69,3,9,2012,4,7,8,2,2,1,3,1,1,1,1,5,1,1,14,8,1,7,27,2,2
2,69,3,12,2012,4,1,1,2,2,1,2,1,1,1,1,5,1,2,4,6,1,3,,1,2
9,34,4,1,2012,2,7,1,2,2,1,1,3,5,1,1,3,1,2,9,11,1,1,,2,2
5,34,4,2,2012,2,7,8,2,2,1,2,1,1,1,1,3,1,1,4,6,1,1,28,2,2
6,34,2,2,2012,3,1,4,2,2,1,1,1,1,1,1,1,1,2,15,10,1,1,,2,2
10,34,3,2,2012,2,1,4,2,2,1,1,1,1,1,1,1,1,2,9,6,1,1,,2,2
3,34,4,2,2012,3,1,4,2,2,1,1,1,1,1,1,1,1,2,7,6,1,1,,2,2
4,34,4,3,2012,2,1,5,2,2,1,3,1,1,1,1,1,1,1,9,6,1,1,30,2,2
6,34,1,1,2012,3,1,4,2,2,1,1,1,1,1,1,1,1,2,9,6,1,3,,2,2
5,34,4,3,2012,2,1,1,2,2,2,2,1,5,1,1,1,2,2,9,1,1,1,38,2,2
6,34,4,4,2012,2,1,1,2,2,1,2,1,1,1,1,1,1,2,19,1,1,1,,2,2
8,34,3,5,2012,3,1,1,2,2,1,1,1,1,1,1,2,1,2,4,6,1,1,,2,2
4,34,3,6,2012,2,3,1,2,2,2,1,1,2,1,1,1,1,2,4,1,1,1,30,2,2
10,34,4,6,2012,2,1,1,2,2,2,1,2,1,1,1,1,2,2,14,6,1,5,,2,2
7,34,4,7,2012,2,1,1,2,2,1,1,4,1,2,2,4,1,2,4,6,1,1,28,2,2
10,34,4,7,2012,1,1,1,2,2,1,1,1,1,1,1,1,1,2,9,6,1,1,,2,2
4,34,3,7,2012,2,7,8,2,2,1,1,1,1,1,1,4,1,2,14,6,1,1,,2,2
3,34,4,8,2012,3,1,1,2,2,1,1,1,2,1,1,2,1,2,8,1,1,1,35,2,2
4,34,3,9,2012,3,1,1,2,2,2,1,1,2,1,1,2,1,2,8,1,1,1,30,2,2
10,34,4,8,2012,2,1,1,2,2,1,1,1,1,1,1,1,1,2,9,6,1,1,,2,2
6,34,4,8,2012,2,1,4,2,2,1,1,1,1,1,1,1,1,2,13,6,1,1,,2,2
3,34,4,9,2012,2,1,1,2,2,1,1,1,1,1,1,2,4,2,8,1,1,1,32,2,2
9,34,4,10,2012,3,7,1,2,2,1,1,1,1,1,1,3,1,2,4,6,1,1,,2,2
4,34,4,10,2012,3,1,1,2,2,1,1,1,1,1,1,3,1,2,9,6,1,1,40,2,2
9,34,4,11,2012,3,1,1,2,2,1,1,1,1,1,1,4,1,2,4,6,1,1,,2,2
4,34,4,11,2012,2,3,1,2,2,1,2,1,1,1,1,1,1,2,4,1,1,1,40,2,2
4,31,4,2,2012,1,2,8,1,2,1,2,1,5,1,1,4,1,2,9,11,1,1,,2,2
3,31,1,3,2012,2,1,8,1,2,1,1,4,1,2,2,4,1,2,4,6,1,1,,2,2
2,31,4,2,2012,3,1,1,2,2,1,1,1,5,1,1,2,5,2,6,11,1,7,,2,2
2,31,4,5,2012,3,7,1,1,2,1,1,1,1,1,1,4,3,2,19,7,2,7,30,2,2
2,31,4,11,2012,2,7,1,2,2,1,1,1,1,1,1,1,4,1,4,6,1,1,30,2,2
7,31,4,7,2012,2,1,1,2,2,1,1,1,1,1,1,4,1,1,14,7,1,7,30,2,2
7,31,3,12,2012,2,1,8,1,2,1,1,1,1,1,1,3,1,1,4,11,1,1,19,2,2
1,33,4,6,2012,2,1,1,2,2,1,1,3,1,1,1,1,1,1,19,6,1,1,,2,2
1,33,3,6,2012,3,7,8,2,2,1,1,1,1,1,1,5,1,2,5,6,1,1,,2,2
1,33,3,10,2012,4,1,2,1,2,1,4,1,1,1,1,3,1,2,14,5,1,1,,2,2
2,33,4,12,2011,3,7,8,2,2,1,1,1,1,1,1,2,1,2,4,6,1,1,,2,2
2,33,4,3,2012,1,7,1,2,2,1,4,1,1,1,1,2,1,2,14,6,1,1,,2,2
2,33,4,4,2012,2,7,1,2,2,1,1,2,1,1,1,3,1,2,19,1,1,1,,2,2
2,33,4,10,2012,1,7,8,2,2,1,1,1,1,1,1,3,1,2,19,6,1,1,,2,2
2,33,4,10,2012,2,1,8,2,2,1,3,1,1,1,1,5,1,2,4,11,1,1,,2,2
7,33,3,8,2012,1,1,1,1,2,1,1,1,1,1,1,4,1,2,19,11,1,3,,2,2
4,33,4,4,2012,4,1,1,2,2,1,2,1,1,1,1,2,1,2,17,6,1,1,,2,2
4,33,4,6,2012,1,1,1,2,2,1,1,1,1,1,1,3,1,2,4,6,1,1,,2,2
3,33,4,1,2012,1,1,1,2,2,1,1,1,1,1,1,4,1,2,9,6,1,1,,2,2
3,33,4,7,2012,2,7,3,2,2,1,1,1,1,1,1,1,1,2,9,6,1,1,,2,2
3,33,4,11,2012,1,1,1,1,2,1,1,1,1,1,1,4,1,2,19,6,1,1,,2,2
5,33,4,1,2012,1,1,1,2,2,1,1,1,1,1,1,1,1,2,9,6,1,1,,2,2
5,33,4,11,2011,1,1,7,2,1,1,1,1,1,1,3,1,2,,9,11,1,7,,2,2
5,33,4,4,2012,4,1,1,2,2,1,4,1,1,1,1,3,1,2,6,6,2,7,,2,2
5,33,1,5,2012,2,7,1,2,2,1,1,1,1,1,1,4,1,2,9,6,1,6,45,2,2
5,33,4,6,2012,3,7,1,2,2,1,1,1,1,1,1,4,1,2,17,5,1,7,27,2,2
5,33,4,6,2012,2,7,1,2,2,1,1,1,1,1,1,4,1,2,2,6,2,7,27,2,2
5,33,4,7,2012,1,1,3,2,2,1,2,1,1,1,1,4,1,2,4,6,2,7,30,2,2
5,33,4,8,2012,4,1,3,2,2,1,2,1,1,1,1,4,1,2,19,6,2,7,20,2,2
5,33,4,11,2012,2,1,8,2,2,1,1,1,1,1,1,3,1,1,9,7,1,1,,2,2
1,27,3,2,2012,2,7,1,2,2,1,2,1,1,1,1,2,1,2,8,6,1,1,,2,2
1,27,4,6,2009,3,7,8,2,2,1,1,1,1,1,1,2,4,1,11,7,1,1,45,2,2
1,27,3,9,2012,2,1,1,2,2,1,1,3,1,1,2,4,1,2,19,6,1,1,,2,2
1,27,4,11,2012,3,1,1,2,2,1,1,3,1,1,2,1,2,,19,6,1,3,28,2,2
1,27,4,11,2012,1,7,1,2,2,1,1,1,1,1,1,3,1,2,19,6,1,7,30,2,2
2,27,4,1,2012,2,1,1,2,2,1,1,1,1,1,1,3,1,1,9,6,1,1,,2,2
2,27,4,1,2012,3,1,1,2,2,1,1,1,1,1,1,3,1,1,4,6,1,1,,2,2
2,27,4,3,2012,3,1,1,2,2,1,1,1,1,1,1,1,1,2,4,11,1,1,,2,2
2,27,4,4,2012,2,1,1,2,2,1,1,2,1,1,1,4,1,2,17,4,1,1,,2,2
2,27,4,5,2012,2,1,1,2,2,1,1,1,1,1,1,3,1,2,9,6,1,1,,2,2
2,27,3,8,2012,2,3,8,2,2,1,1,1,1,1,1,3,1,2,8,6,1,1,,2,2
2,27,4,10,2012,2,2,1,2,2,1,1,1,1,1,1,2,1,2,9,6,1,1,,2,2
2,27,4,12,2012,4,3,8,2,2,4,2,2,1,1,1,1,1,2,9,2,1,3,,2,2
4,27,3,1,2012,3,3,1,2,2,1,1,1,1,1,2,3,1,2,8,6,1,1,,2,2
5,27,4,2,2012,2,1,8,2,2,1,1,1,1,1,1,3,1,2,4,6,1,1,,2,2
5,27,4,5,2012,2,7,8,2,2,1,1,1,1,1,1,3,1,2,4,6,1,1,,2,2
3,27,4,10,2012,2,7,8,2,2,1,1,1,1,1,2,2,1,2,4,6,2,7,20,2,2
3,27,4,10,2012,1,7,8,2,2,1,1,1,1,1,1,2,1,2,4,6,2,7,,2,2
6,27,4,11,2012,3,7,1,2,2,1,1,1,1,1,1,3,1,2,4,6,1,1,,2,2
4,32,4,3,2012,3,1,1,1,2,1,1,1,1,1,1,1,1,2,9,6,1,1,27,2,2
1,32,4,10,2012,2,1,1,2,2,1,4,1,1,1,1,3,1,2,4,6,1,1,,2,2
1,32,4,7,2012,4,1,1,2,2,1,2,1,1,1,1,2,1,2,4,6,1,1,,2,2
1,32,4,7,2012,2,7,1,2,2,1,1,1,1,1,1,2,1,2,4,6,1,1,,2,2
3,32,4,4,2012,2,7,1,2,2,1,1,1,1,1,2,4,1,2,4,6,1,1,,2,2
3,32,4,4,2012,2,2,8,2,2,1,1,1,1,1,1,4,1,2,9,6,1,1,20,2,2
3,32,1,8,2012,1,7,8,2,2,2,4,1,2,1,1,1,1,2,9,11,1,1,,2,2
3,32,4,10,2012,2,7,8,2,2,1,4,1,1,1,1,4,1,2,4,6,1,1,,2,2
3,32,4,11,2012,4,7,1,2,2,1,2,1,1,1,1,1,1,2,9,6,1,7,,2,2
1,30,4,1,2012,2,1,8,2,2,1,1,1,1,1,2,4,2,2,8,6,1,1,30,2,2
1,30,4,6,2012,1,1,8,2,2,1,2,1,1,1,1,4,1,1,6,11,1,1,,2,2
1,30,4,7,2012,2,1,4,2,2,1,1,1,1,1,1,2,1,1,5,6,1,7,16,2,2
1,30,4,9,2012,2,1,1,2,2,1,1,1,1,1,1,1,1,2,12,6,1,1,,2,2
1,30,4,12,2012,3,1,4,2,2,1,1,1,1,1,1,3,1,2,6,6,1,7,,2,2
2,30,4,11,2012,3,7,1,2,2,1,1,2,1,1,1,4,1,2,4,6,1,1,,2,2
4,30,4,8,2012,1,1,1,2,2,1,2,1,1,1,1,4,1,2,4,6,1,1,,2,2
5,30,4,11,2012,4,7,3,2,2,1,4,1,1,1,1,1,1,2,7,6,1,1,25,2,2
6,30,4,1,2012,2,7,2,2,2,1,1,1,1,1,1,1,1,2,12,6,1,1,22,2,2
7,30,4,2,2012,3,1,1,2,2,1,1,1,1,1,1,4,1,2,9,6,1,1,,2,2
7,30,4,4,2012,2,3,1,2,2,1,1,1,5,1,2,2,1,2,19,6,1,1,27,2,2
7,30,4,7,2012,3,1,1,2,2,1,1,1,1,1,1,3,1,2,9,6,1,1,,2,2
7,64,4,1,2012,2,1,1,2,1,1,2,1,1,1,1,5,1,1,8,6,2,1,,1,2
7,64,2,1,2012,1,3,1,2,1,1,3,1,1,1,1,5,1,1,9,6,1,3,,1,2
7,64,3,2,2012,4,2,6,2,1,1,3,1,1,1,1,5,1,1,8,6,1,1,,1,2
7,64,3,3,2012,3,2,6,2,2,1,1,1,1,1,1,5,1,1,8,6,1,1,,1,2
7,64,3,3,2012,2,5,6,2,1,1,2,1,1,1,1,5,1,1,1,6,1,1,27,1,2
7,64,4,4,2012,3,6,6,2,2,1,1,1,1,1,1,5,1,1,8,6,2,1,25,1,2
7,64,4,4,2012,4,3,1,2,1,1,3,1,1,1,1,5,1,1,1,6,1,1,,1,2
7,64,4,10,2012,1,1,1,1,2,1,3,1,1,1,1,5,1,1,5,6,1,1,,1,2
4,64,3,2,2012,4,1,4,2,1,1,3,1,1,1,1,5,1,1,7,6,1,1,28,2,2
4,64,4,3,2012,3,5,4,2,1,1,1,1,1,1,1,5,1,1,13,6,1,3,35,2,2
4,64,4,6,2012,2,1,1,1,2,1,1,1,1,1,1,5,1,1,8,6,1,7,,1,2
4,64,4,8,2012,4,1,1,1,2,1,3,1,1,1,1,5,1,2,11,6,1,1,,1,2
4,64,4,8,2012,4,1,4,1,1,1,3,1,1,1,1,5,1,1,4,6,1,1,30,2,2
4,64,4,9,2012,2,1,3,2,1,1,1,1,1,1,2,5,1,1,8,6,1,1,,1,2
4,64,4,9,2012,4,2,1,1,1,1,3,1,1,1,1,5,1,1,19,6,1,1,,1,2
4,64,4,10,2012,4,2,4,2,2,1,3,1,1,1,1,5,1,1,19,6,1,1,,2,2
4,64,3,12,2012,4,3,1,2,2,4,3,1,1,1,1,5,1,1,16,6,1,1,30,2,2
5,64,4,2,2012,2,1,1,2,1,1,1,1,1,1,1,5,1,1,9,6,1,1,,1,2
5,64,4,3,2012,1,1,5,2,1,1,3,1,1,1,1,1,1,1,15,6,1,1,,1,2
5,64,4,3,2012,1,3,6,2,2,1,3,1,1,1,1,5,1,1,19,6,1,1,,1,2
5,64,4,3,2012,2,1,1,2,2,1,2,1,1,1,1,5,1,1,19,6,1,1,,1,2
5,64,4,7,2012,1,1,1,2,2,1,3,1,1,1,1,5,1,1,15,6,1,1,,1,2
5,64,3,8,2012,3,2,6,2,1,1,1,1,1,1,1,5,,,14,6,1,1,42,1,2
5,64,4,10,2012,4,1,2,2,2,1,2,1,1,1,1,5,1,1,8,6,1,1,,1,2
5,64,4,11,2012,4,1,1,2,1,4,3,1,1,1,1,5,1,1,14,6,1,1,,1,2
5,64,4,11,2012,3,1,6,2,2,2,1,1,2,1,1,5,1,1,8,6,1,1,,1,2
6,64,4,1,2012,1,2,1,2,1,1,3,1,1,1,1,5,1,1,13,6,1,1,,1,2
6,64,4,3,2012,2,1,2,2,1,1,2,1,1,1,1,1,1,1,19,6,1,1,,1,2
6,64,4,3,2012,3,1,2,2,1,1,2,1,1,1,1,5,1,1,19,6,1,1,,1,2
6,64,4,4,2012,2,1,1,2,2,1,1,3,1,1,1,5,1,1,6,6,1,1,,1,2
6,64,4,9,2012,1,2,4,2,1,1,3,1,1,1,1,5,1,1,9,6,1,1,,1,2
9,64,4,3,2012,1,1,1,2,2,1,2,1,1,1,1,1,1,1,19,6,1,1,,1,2
9,64,3,4,2012,3,1,1,2,2,1,1,1,1,1,1,5,1,1,14,6,1,1,40,1,2
9,64,3,5,2012,4,1,1,2,2,1,3,1,1,1,1,5,1,1,5,6,1,1,35,1,2
9,64,3,5,2012,1,1,1,2,2,1,2,1,1,1,1,5,1,1,5,1,1,1,37,1,2
10,64,4,1,2012,3,1,1,2,2,1,1,1,1,1,1,1,1,1,8,6,1,1,,1,2
10,64,4,1,2012,2,1,1,2,2,1,2,1,1,1,1,5,2,1,14,6,1,1,25,1,2
10,64,4,4,2012,1,1,1,2,2,1,4,1,1,1,1,1,1,1,14,6,1,1,40,1,2
10,64,4,5,2012,2,1,1,2,2,1,2,1,1,1,1,1,1,1,13,6,1,1,,1,2
11,64,4,9,2012,4,1,1,2,2,1,3,2,1,1,1,5,1,1,19,1,1,1,,1,2
11,64,4,10,2012,4,1,3,2,1,1,3,1,1,1,1,5,1,1,14,6,1,1,,1,2
11,64,4,12,2012,3,7,1,2,2,1,1,1,1,1,1,5,1,1,14,6,1,3,25,1,2
2,64,3,2,2012,3,1,1,2,1,1,1,1,1,1,1,5,1,1,8,5,1,1,26,1,2
2,64,4,3,2012,4,3,1,2,2,1,3,1,1,1,1,5,1,1,19,6,1,1,,1,2
2,64,4,4,2012,2,3,4,2,2,1,1,1,1,1,1,5,1,1,10,6,1,1,,1,2
2,64,4,5,2012,2,3,4,2,1,1,2,1,1,1,1,1,1,1,8,5,1,1,20,1,2
2,64,4,6,2012,4,1,1,2,1,1,3,1,1,1,1,5,1,1,15,5,1,1,32,1,2
3,64,4,6,2012,2,3,1,2,2,1,1,1,1,1,1,5,1,1,14,5,1,1,35,1,2
2,64,4,6,2012,2,1,1,2,2,1,1,1,1,1,1,5,1,1,7,5,1,1,20,1,2
2,64,4,6,2012,4,1,1,2,1,1,3,1,1,1,1,5,1,1,9,6,1,1,30,1,2
2,64,1,6,2012,3,1,1,2,2,1,1,1,1,1,1,2,1,1,14,6,1,1,22,1,2
2,64,4,6,2012,3,1,1,2,1,1,2,1,1,1,1,5,1,1,15,6,1,1,25,1,2
2,64,1,7,2012,3,1,1,2,2,1,1,1,1,1,1,5,1,1,15,6,1,1,22,1,2
2,64,3,7,2012,4,1,1,2,2,1,2,1,1,1,1,5,1,1,14,6,1,1,45,1,2
2,64,2,7,2012,3,1,1,2,2,1,1,1,1,1,1,2,1,1,13,6,1,1,35,1,2
2,64,4,7,2012,3,1,4,2,1,1,2,1,1,1,1,5,1,1,14,6,1,1,30,1,2
2,64,3,8,2012,1,1,1,2,2,1,3,1,1,1,1,2,1,1,15,6,1,1,,1,2
2,64,4,8,2012,1,1,4,2,1,1,3,1,1,1,1,5,1,1,19,6,1,1,,1,2
2,64,4,8,2012,4,1,1,2,1,1,3,1,1,1,1,5,1,1,8,6,1,3,,1,2
2,64,4,9,2012,1,2,4,2,1,1,3,1,1,1,1,5,1,1,19,6,1,1,,1,2
2,64,4,9,2012,1,3,1,2,1,2,3,2,2,1,1,5,1,1,19,6,1,1,,2,2
2,64,4,9,2012,4,3,4,2,1,1,2,1,1,1,1,5,1,1,9,5,1,1,32,1,2
2,64,4,12,2012,1,1,1,2,2,4,2,1,1,1,1,5,1,1,15,6,1,1,,1,2
14,63,4,5,2012,1,1,1,2,1,1,4,1,1,1,1,1,1,1,16,6,1,1,,2,2
14,63,4,4,2012,4,1,1,2,2,1,4,1,1,1,1,1,1,2,9,6,1,1,,2,2
14,63,4,5,2012,2,1,1,1,2,1,1,1,1,1,1,1,1,1,14,10,1,1,,2,2
14,63,4,5,2012,4,7,1,2,2,1,3,1,1,1,1,1,1,2,14,6,1,1,45,2,2
14,63,4,3,2012,3,1,1,2,2,1,1,1,1,1,1,1,1,2,14,6,1,1,,2,2
14,63,4,5,2012,2,1,2,1,2,1,1,1,1,1,1,1,1,1,,,,,,2,2
14,63,3,4,2012,2,1,2,2,1,1,1,1,1,1,1,1,1,1,8,7,1,1,,2,2
14,63,4,4,2012,4,1,2,2,2,1,1,1,1,1,1,1,1,1,,,,,,2,2
14,63,4,4,2012,2,1,1,2,2,1,1,1,1,1,1,1,1,1,9,5,1,1,,,
14,63,4,3,2012,3,1,1,2,2,1,1,1,1,2,1,2,1,2,14,6,1,1,,,
14,63,4,3,2012,1,1,,2,2,1,1,1,1,1,1,2,1,2,14,5,2,1,,2,2