Thana,District,Accident_Severity,Month,Year,Time,Junction_Type,Traffic_Control,Movement,Divider,Weather,Light,Road_Geometry,Surface_Condition,Surface_Type,Surface_Quality,Road_Class,Road_Feature,Location_Type,Vehicle_Type,Vehicle_Movement,Vehicle_Loading,Vehicle_Defect,Vehicle_Driver_Age,Vehicle_Alcohol,Vehicle_Seat_Belt
14,63,4,2,2012,1,4,8,2,2,1,2,1,1,1,1,1,1,1,14,6,1,7,,2,2
14,63,4,2,2012,4,4,1,2,2,1,1,1,1,1,1,2,1,2,9,5,2,,,,
5,63,4,1,2012,3,3,1,2,2,2,1,2,2,1,1,4,1,2,14,5,1,7,,1,2
11,63,4,5,2012,2,1,8,2,2,2,2,1,2,1,1,2,1,2,14,6,2,7,35,2,2
15,63,4,1,2012,3,1,1,2,2,1,4,4,1,3,2,4,1,2,14,11,,,18,2,2
13,63,4,4,2012,3,7,1,2,2,1,1,1,1,1,1,1,1,2,12,6,1,,26,2,1
4,63,2,1,2012,2,7,1,2,2,1,2,1,1,1,,1,1,2,9,6,1,1,,,
4,63,2,1,2012,2,4,6,,,1,2,4,1,1,1,1,,,9,1,,7,,1,2
4,63,4,5,2012,2,2,4,,,1,1,1,1,1,1,1,1,2,8,7,,1,,,2
7,63,3,3,2012,4,7,1,2,2,1,4,1,1,1,1,1,1,2,13,,,,,,
1,57,3,3,2012,3,,8,2,,1,1,1,1,1,1,2,1,2,9,6,1,1,24,1,2
1,57,4,4,2012,4,7,1,2,2,1,4,1,1,1,1,1,1,1,,6,1,1,,1,2
1,57,4,5,2012,2,,8,2,,1,1,1,1,1,1,2,1,2,,,,,,,
1,57,3,6,2012,4,1,8,2,,1,1,1,1,1,1,2,1,2,9,6,1,1,,1,2
1,57,4,6,2012,3,3,8,2,,1,4,1,1,1,1,2,1,2,4,11,1,1,,2,1
4,57,4,6,2012,4,,1,2,2,1,1,1,1,1,1,1,1,2,14,6,,,32,2,2
7,57,2,3,2012,4,1,,2,2,1,1,1,1,1,1,3,,,,,,,,,
7,57,4,4,2012,2,1,1,2,2,1,1,1,1,1,1,3,,,,,,,,,
9,57,3,4,2012,4,7,1,2,2,1,1,1,1,1,1,4,1,2,14,,1,1,27,2,2
9,57,4,4,2012,4,,1,2,2,1,2,1,1,1,1,1,1,2,14,6,,1,40,2,2
6,57,4,3,2012,3,,8,1,2,1,1,1,1,1,1,4,1,2,6,,,,26,,
6,57,4,7,2012,1,,4,1,,1,1,1,1,1,1,4,1,2,,,,,,,
5,57,4,1,2012,1,7,,2,2,1,4,1,1,1,1,1,1,2,,,,,,,
5,57,4,1,2012,3,7,8,2,2,1,1,1,1,1,1,3,1,2,9,11,,7,37,1,2
2,57,4,4,2012,2,1,1,1,2,2,2,5,2,1,1,1,1,2,9,6,1,,45,2,2
6,58,4,2,2012,3,2,,2,2,1,1,1,1,1,1,1,1,2,9,6,1,,40,,
6,58,4,2,2012,1,2,2,2,2,1,2,1,1,1,1,1,1,2,14,5,1,7,50,,
8,58,4,2,2012,4,2,,2,2,1,3,1,1,1,1,1,1,2,,,,,,,
1,57,3,3,2012,3,5,1,2,2,1,1,1,1,1,1,3,1,1,12,2,1,3,32,2,2
9,57,4,6,2012,4,,,,,,,,,,,,,,,,,,,,
1,58,2,6,2012,4,2,,2,2,1,1,1,1,1,1,5,1,1,11,,,,,,
1,58,2,4,2012,3,,,2,2,1,1,1,1,1,1,1,3,2,14,,1,,,,
1,58,3,3,2012,4,7,3,,,1,1,1,1,1,1,,1,2,,,,,,,
1,58,4,5,2012,4,7,8,2,2,2,4,1,1,1,1,2,1,1,8,,1,1,35,2,2
14,58,4,1,2012,3,7,8,,,1,1,1,1,1,1,,1,2,7,6,1,1,25,2,1
14,58,4,1,2012,4,7,1,,,1,4,1,1,1,1,,1,1,14,11,,,,,
14,58,4,2,2012,3,7,8,,,1,1,1,1,1,1,,,2,7,11,,,,,
14,58,3,4,2012,1,7,8,,,1,4,1,1,1,1,,1,1,14,6,1,,,,
14,58,4,4,2012,1,7,8,,,1,4,1,1,1,1,,2,2,14,6,1,,,2,1
14,58,3,5,2012,1,7,,2,2,1,3,1,1,1,1,2,1,1,9,6,,,,2,2
5,58,4,5,2012,3,,1,,,1,4,1,1,1,1,1,1,2,14,4,1,,,2,2
1,58,2,5,2012,3,1,1,2,2,1,1,1,1,1,1,2,1,2,12,6,1,1,28,2,2
6,58,4,1,2012,1,,,1,2,1,3,2,1,1,1,1,1,2,,2,,,,,2
6,58,3,3,2012,1,7,,1,,1,2,1,1,1,1,1,,,14,1,,,,,
6,58,4,3,2012,4,7,,1,2,1,3,1,1,1,1,1,,2,,1,,,,,
6,58,4,6,2012,4,,,1,2,1,4,1,1,1,1,1,1,2,13,2,,,,,
7,58,4,1,2012,2,7,1,1,1,1,4,1,1,1,1,1,4,1,14,6,1,1,,2,2
7,58,4,2,2012,3,7,1,1,2,1,1,1,1,1,1,1,1,1,8,6,1,1,35,2,2
7,58,4,2,2012,2,4,1,2,2,1,2,1,1,1,1,1,1,2,,,,,,,
7,58,4,2,2012,1,1,1,2,2,1,4,1,1,1,1,1,1,2,,,,,,,
7,58,4,3,2012,4,1,1,1,,1,2,1,1,1,1,1,1,1,,,,,,,
7,58,4,3,2012,2,1,1,2,2,1,1,1,1,1,1,1,1,2,14,6,1,1,,2,2
7,58,4,5,2012,4,1,1,2,2,1,4,1,1,1,1,1,1,2,,,,,,,
7,58,4,6,2012,2,1,1,1,1,1,2,1,1,1,1,1,1,1,,,,,,,
7,58,4,4,2012,4,1,1,2,,1,4,1,1,1,1,1,1,2,,,,,,,
7,58,4,5,2012,4,1,1,2,2,1,2,1,1,1,1,1,1,2,9,6,1,1,,2,2
13,58,3,6,2012,3,7,8,,,1,1,1,1,3,1,2,1,2,9,6,,,32,,2
7,65,3,2,2012,2,3,4,2,1,1,1,1,1,1,1,,1,2,7,11,1,1,,1,2
7,65,4,2,2012,3,1,1,2,2,1,1,1,1,1,2,2,1,2,14,8,1,7,,1,2
6,65,4,2,2012,3,1,1,2,2,1,1,1,,1,1,3,1,2,4,11,,1,,,
6,65,2,2,2012,4,7,1,1,,1,1,4,1,1,1,2,1,2,11,11,1,1,,2,2
7,65,4,3,2012,3,1,8,2,,1,1,1,1,1,2,,1,2,19,6,2,1,,1,2
2,65,3,4,2012,3,,8,2,2,1,1,2,1,1,1,1,1,2,7,,,6,,,
2,65,4,3,2012,3,1,1,2,2,1,1,1,1,,1,1,1,2,14,6,,,,2,2
2,65,1,3,2012,4,1,1,2,2,1,1,2,2,1,,,1,2,7,2,1,,,2,2
14,65,4,6,2012,2,7,,2,2,1,2,1,1,1,1,1,1,1,2,,,6,20,,
2,65,3,5,2012,3,1,1,2,2,2,1,1,2,1,1,3,1,2,5,6,,,,2,2
6,59,4,2,2012,3,1,1,2,2,1,1,1,1,1,1,4,2,2,17,6,2,1,25,1,2
1,59,1,4,2012,3,7,1,1,,1,1,1,1,1,1,1,1,2,19,5,1,1,40,2,2
1,59,4,4,2012,2,7,8,2,2,1,1,1,1,1,1,1,1,2,13,6,1,1,35,2,2
4,59,4,5,2012,2,1,1,2,2,1,1,4,1,3,2,4,1,2,17,1,1,1,28,2,2
1,59,4,5,2012,1,1,1,2,2,1,4,2,1,1,2,4,1,2,14,1,1,1,45,2,2
3,59,4,5,2012,3,7,2,2,,1,1,1,1,1,1,2,1,2,17,6,,,25,,
1,68,3,1,2012,3,4,8,2,2,2,1,2,2,1,2,2,5,1,7,7,1,3,47,2,2
1,68,4,6,2012,4,7,1,2,2,2,4,4,3,1,1,1,1,1,9,6,1,,33,2,2
5,62,3,1,2012,4,1,1,2,2,1,4,1,1,1,1,4,1,2,5,6,1,1,27,2,2
1,62,4,4,2012,1,7,1,2,2,1,2,1,1,1,1,1,1,2,19,,,,,,
1,62,4,4,2012,1,3,3,2,2,1,2,1,1,1,1,1,1,2,,11,,,,,
4,68,4,1,2012,4,7,8,,2,4,1,4,1,1,1,2,1,2,9,1,,,,,2
3,60,4,2,2012,2,7,1,2,2,1,2,,,1,1,,1,2,17,11,1,,,,
7,60,4,3,2012,4,1,1,2,2,1,4,1,1,1,1,2,1,2,14,,,,,,
4,60,4,6,2012,2,1,1,2,2,2,1,2,2,2,2,4,1,2,4,,,,30,,
6,60,3,5,2012,3,1,1,1,2,1,1,1,1,1,1,5,1,1,4,11,1,7,30,,
6,60,2,6,2012,1,1,1,1,,1,1,,,,,,,1,14,,,,20,,
6,60,2,6,2012,4,1,1,,,1,1,,,,,,,,14,,,,,,
2,60,4,5,2012,3,1,1,2,2,1,1,1,1,1,1,2,1,2,4,6,,,,,
2,60,4,5,2012,3,7,1,2,2,1,1,1,1,1,1,2,1,2,9,6,,1,30,2,2
5,60,4,3,2012,2,7,1,2,,1,1,1,1,1,1,1,1,2,,,,,,,
5,60,4,5,2012,3,7,1,2,2,1,1,1,1,1,1,4,3,2,17,,,,,,
1,60,4,1,2012,3,7,1,1,2,1,1,2,1,1,1,4,1,2,9,,,,,,
1,60,4,2,2012,2,7,3,1,2,1,1,1,1,1,1,4,1,2,14,,,,,,
1,60,2,3,2012,1,7,1,2,2,1,1,1,1,1,1,4,1,2,14,,,,,,
1,60,4,3,2012,3,7,1,2,2,1,1,2,1,1,1,4,1,2,14,,,,,,
1,60,4,4,2012,2,7,1,2,1,1,1,1,1,1,1,4,1,2,14,,,,,,
1,60,4,5,2012,2,7,3,2,2,1,1,1,1,1,1,1,1,2,14,,,,,,
1,68,3,8,2012,2,1,1,2,2,1,1,4,1,1,1,2,1,2,9,1,2,,,,
6,67,3,10,2012,2,4,1,1,2,1,1,4,1,1,1,1,1,2,9,3,1,7,,2,2
5,67,4,9,2012,2,,1,2,2,1,4,5,1,1,2,2,1,2,10,10,,6,,,
3,59,4,1,2012,3,2,1,2,2,1,1,1,1,1,2,4,1,2,17,6,2,1,30,1,2
3,59,4,4,2012,3,7,1,2,,1,1,1,1,1,1,2,1,2,5,3,,,35,2,2
7,59,4,10,2012,4,7,8,2,,1,4,1,1,1,1,4,1,2,,,,,,,
7,59,4,12,2012,4,7,8,2,,1,1,1,1,1,1,2,1,2,14,11,,7,35,2,2
1,57,3,9,2012,3,7,8,2,,1,1,,,,,4,1,1,4,,,,21,1,2
1,57,3,9,2012,1,7,4,1,2,1,3,1,1,1,1,1,1,1,14,1,2,7,,2,2
1,57,4,11,2012,1,7,1,2,1,1,4,1,1,1,1,1,,,14,6,,7,25,2,2
3,57,4,9,2012,1,7,1,2,2,1,2,1,1,1,1,1,1,2,14,11,,1,,2,2
3,57,3,10,2012,4,7,1,2,2,1,2,1,1,1,1,1,1,2,9,11,,1,,,
4,57,4,10,2012,2,7,1,2,2,1,1,1,1,1,1,1,1,2,12,11,,,,,
2,57,3,8,2012,4,7,1,2,2,1,4,1,1,1,1,2,1,2,4,6,1,,,1,2
3,58,4,8,2012,3,7,8,2,,2,1,1,2,1,1,4,1,2,14,4,,1,,,
11,58,3,7,2012,2,2,2,2,2,1,1,1,1,1,1,1,1,2,14,5,,7,38,,
1,58,4,8,2012,3,2,1,2,2,1,1,1,1,1,1,1,,,,,,,,,
2,58,4,9,2012,3,7,,2,2,1,1,1,1,1,1,1,,,14,,,,,,
2,58,4,10,2012,1,2,8,2,2,1,4,1,1,1,1,1,1,2,12,5,,1,,1,2
8,65,1,9,2012,2,7,8,2,2,1,1,1,1,1,1,3,2,2,14,6,1,7,,2,
8,65,3,9,2012,3,1,1,2,2,1,1,1,1,1,1,3,1,2,11,6,1,1,,2,2
2,65,4,8,2012,1,1,1,2,2,1,2,1,1,1,1,1,1,2,,,,,,,
2,65,4,8,2012,3,1,1,2,1,1,1,1,1,1,1,2,1,2,10,6,1,1,,2,2
14,58,4,2,2012,2,7,8,,,1,2,1,1,1,1,4,1,2,4,6,,,35,,
6,57,4,9,2012,4,1,1,2,2,1,3,1,1,1,1,4,1,2,14,6,1,1,,2,2
7,57,4,7,2012,2,1,1,2,2,1,1,2,1,1,1,4,1,2,5,1,1,2,24,2,2
8,58,4,2,2012,4,2,,2,2,1,3,1,1,1,1,1,1,2,,,,,,,
1,57,3,6,2012,2,1,8,2,,1,1,1,1,1,1,2,1,2,9,6,1,1,,1,2
1,57,4,6,2012,1,3,1,2,,1,4,1,1,1,1,2,1,2,4,6,1,1,,2,1
4,57,2,5,2012,,1,4,2,1,3,1,1,1,1,1,,2,,14,6,,,27,2,2
6,57,4,7,2012,3,1,4,2,,1,1,1,1,1,1,4,1,2,4,6,1,1,,2,2
6,58,4,5,2012,1,1,1,2,2,1,3,1,1,1,1,3,1,2,17,6,1,1,,2,2
5,58,4,9,2012,2,1,1,2,2,1,1,1,1,1,1,1,1,2,14,6,2,,,2,2
4,57,4,6,2012,2,1,1,2,2,1,1,1,1,1,1,1,2,2,6,,,,,2,2
15,67,4,4,2012,2,1,1,2,2,1,1,4,1,1,2,4,1,2,1,6,1,3,,2,2
4,65,3,9,2012,4,7,1,2,2,1,1,1,1,1,1,2,2,2,3,5,1,1,,2,2
8,57,4,12,2012,2,1,1,2,2,4,1,1,1,1,1,1,1,2,12,6,2,1,,2,2
3,59,4,2,2012,3,1,1,2,2,1,1,1,1,1,1,4,1,2,17,6,2,1,25,2,2
1,51,4,4,2012,3,1,1,2,2,1,1,1,1,1,1,1,1,1,4,6,1,1,1,2,2
2,48,4,5,2012,2,7,1,2,2,1,1,1,1,1,1,2,1,1,14,6,1,1,43,2,2
5,46,4,4,2012,3,1,1,2,2,2,1,1,1,1,1,1,1,1,7,11,1,1,,2,2
1,46,4,5,2012,3,7,4,2,2,1,1,1,1,1,1,1,1,1,9,3,1,7,,2,2
11,47,4,5,2012,2,1,7,2,1,1,1,1,1,1,1,4,1,1,4,7,1,7,,2,2
1,45,3,5,2012,2,1,1,1,1,1,1,1,1,1,1,2,1,1,5,6,1,7,24,2,2
5,45,4,5,2012,2,1,1,1,1,1,1,1,1,1,1,1,1,1,4,11,1,7,,2,2
6,45,4,5,2012,4,1,1,1,1,1,1,1,1,1,1,1,1,1,19,11,1,7,,1,2
2,45,4,5,2012,3,1,8,2,1,1,1,1,1,1,1,1,1,1,1,11,1,1,,2,2
2,37,4,5,2012,3,3,3,1,1,1,1,1,1,1,1,1,1,1,4,6,1,1,,2,2
6,37,4,7,2012,2,1,1,2,2,1,1,1,1,1,1,1,1,1,12,11,1,1,58,2,2
2,47,4,7,2012,3,1,1,2,2,1,1,1,1,1,1,1,1,1,9,3,1,1,,2,1
1,45,4,6,2012,3,1,1,1,2,2,1,1,1,1,1,1,1,1,14,6,1,7,30,1,2
6,45,3,6,2012,2,1,1,2,2,1,1,1,1,2,1,1,2,1,19,6,1,7,22,2,1
6,45,4,6,2012,4,1,1,1,2,1,1,2,1,1,1,2,1,2,19,11,1,7,,2,1
1,45,4,7,2012,1,1,1,2,2,1,1,1,1,1,1,1,1,1,9,6,1,7,,1,2
1,45,3,7,2012,2,1,1,2,2,1,1,1,1,1,1,1,2,1,9,6,1,1,,2,2
6,37,3,6,2012,2,1,1,2,2,1,1,1,1,1,1,1,2,1,9,11,1,4,,2,2
4,38,3,7,2012,2,1,1,2,2,1,1,1,1,1,1,2,1,1,18,5,2,7,,2,2
1,39,4,5,2012,4,1,4,2,2,1,2,1,2,2,1,1,2,1,14,1,1,,32,2,2
2,39,4,6,2012,2,7,8,2,2,1,1,1,1,1,2,1,1,2,14,6,1,7,25,2,2
3,39,4,5,2012,1,7,1,2,2,1,4,1,1,1,1,2,1,2,11,11,1,7,,2,2
1,40,4,6,2012,1,7,1,2,2,1,1,1,1,1,1,1,1,1,1,1,1,1,,2,2
1,40,3,6,2012,2,7,1,2,1,1,1,1,1,1,2,1,2,1,12,7,1,2,,2,2
1,40,4,5,2012,4,6,1,2,2,1,1,1,1,1,1,1,1,2,14,7,1,3,,2,2
1,40,4,5,2012,2,7,1,2,2,1,1,2,1,1,2,1,1,2,6,11,1,1,,2,2
5,45,4,9,2012,2,1,1,2,1,1,1,1,1,1,1,1,1,1,9,11,1,7,,2,1
1,45,3,8,2012,1,1,1,2,2,1,3,1,1,1,1,1,1,1,14,6,1,7,,2,2
4,48,4,8,2012,3,1,8,2,2,1,1,2,1,1,2,1,1,2,4,1,2,7,,2,2
1,49,4,8,2012,3,1,8,2,1,2,1,2,1,2,1,2,2,1,9,11,1,7,,1,2
1,49,4,8,2012,2,1,2,2,1,2,1,1,1,1,2,1,2,1,14,6,1,2,42,2,2
1,49,4,5,2012,3,1,1,2,1,1,2,1,1,1,2,1,1,1,14,6,1,1,40,2,2
11,47,4,8,2012,4,1,8,2,2,1,1,1,1,2,1,3,1,2,19,6,1,7,,2,2
6,38,4,9,2012,4,7,1,2,2,1,1,2,2,1,1,2,1,2,14,6,1,7,,1,2
4,38,4,9,2012,3,1,1,2,1,1,1,1,1,1,1,1,1,1,9,6,1,6,45,2,2
1,38,4,9,2012,2,7,5,2,2,1,1,2,1,1,2,1,2,1,18,6,2,7,,2,2
7,47,4,12,2012,4,7,8,2,2,1,3,5,2,1,2,2,1,1,9,11,2,7,,2,2
9,38,4,12,2012,1,7,1,2,2,1,1,1,1,1,1,2,1,2,9,11,2,7,,2,2
5,49,4,12,2012,4,1,3,2,1,1,2,1,1,1,1,4,1,2,9,6,2,6,,2,2
2,43,4,8,2012,3,1,1,2,2,1,1,1,1,1,1,1,1,2,9,11,2,7,,2,2
2,43,1,6,2012,4,1,1,2,2,1,3,1,1,1,1,1,2,2,13,11,2,7,,2,2
2,43,4,9,2012,4,1,1,2,2,1,1,1,1,1,1,2,1,1,9,11,2,7,,2,2
6,45,4,11,2012,3,1,3,2,2,1,1,1,1,1,1,1,1,2,9,11,1,7,,2,2
6,45,4,11,2012,2,1,1,2,2,1,1,1,1,1,1,2,1,2,9,11,1,7,,2,2
2,45,4,10,2012,2,1,3,2,2,1,1,1,1,1,1,2,1,2,9,11,1,7,,2,2
2,35,4,10,2012,2,1,1,2,2,1,1,2,1,1,1,4,1,2,4,6,1,3,22,2,2
7,47,4,9,2012,1,1,1,2,1,1,2,1,1,1,1,1,1,2,13,6,1,1,,2,2
9,47,4,11,2012,2,1,1,2,2,1,2,1,1,1,1,1,1,2,9,5,2,7,,2,2
9,47,4,11,2012,3,1,1,2,2,1,1,1,1,1,1,1,1,2,9,5,1,7,30,2,2
12,47,3,11,2012,1,1,8,2,2,1,2,1,1,1,1,1,1,2,9,6,2,7,,2,2
3,49,4,11,2012,3,1,8,2,2,1,1,1,1,1,1,3,1,2,14,5,1,7,,2,2
4,38,4,11,2012,3,1,1,2,2,1,1,1,1,1,1,1,1,2,9,6,1,7,,2,2
5,46,4,10,2012,1,1,1,2,2,1,4,1,1,1,1,1,1,2,10,11,1,7,,2,2
5,46,4,11,2012,3,1,1,2,2,1,1,1,1,1,1,1,1,1,14,2,1,7,,2,2
1,46,4,11,2012,4,1,1,2,2,1,4,1,1,1,1,1,1,2,9,11,1,7,,2,2
5,46,4,10,2012,1,1,1,2,2,1,2,1,1,1,1,1,1,2,9,8,2,7,,2,2
1,46,4,10,2012,4,1,1,2,2,1,1,1,1,1,1,1,1,1,14,6,1,7,,1,2
1,45,4,9,2012,3,1,1,2,2,1,1,1,1,1,1,1,1,2,19,6,2,7,,1,2
3,45,4,10,2012,3,1,1,2,2,1,1,1,1,1,1,2,1,2,9,11,1,7,,1,2
3,45,4,10,2012,2,1,1,2,2,1,1,1,1,1,1,2,1,2,9,11,1,7,,1,2
4,45,4,10,2012,4,1,1,2,2,1,2,1,1,1,1,2,1,2,9,6,1,7,,1,2
6,45,4,10,2012,2,1,1,2,2,1,1,1,1,1,1,1,1,2,9,6,1,7,,1,2
6,45,4,10,2012,3,1,1,2,2,1,1,1,1,1,1,2,1,2,9,6,1,7,,1,2
1,39,4,9,2012,3,1,1,2,2,1,4,1,1,1,1,1,1,2,9,5,1,7,,1,2
1,51,4,5,2012,3,1,1,2,1,1,1,1,1,1,1,1,1,2,14,6,1,7,,1,2
6,51,3,5,2012,2,1,1,2,2,1,1,1,1,1,1,1,1,2,12,4,1,7,,1,2
8,51,4,5,2012,4,1,1,2,2,1,4,1,1,1,1,1,1,2,4,6,2,7,,1,2
4,51,3,5,2012,1,1,1,2,1,1,1,3,1,1,1,1,1,1,4,11,2,7,,1,2
4,51,4,5,2012,3,1,8,2,2,1,1,1,1,1,1,1,1,1,4,4,2,7,,1,2
1,51,4,7,2012,2,7,8,2,2,1,1,1,1,1,3,2,1,1,9,10,1,7,,1,2
3,51,4,7,2012,2,1,1,2,2,1,1,1,5,1,1,1,1,2,6,9,1,7,,1,2
1,51,4,8,2012,1,3,1,2,2,1,1,1,1,1,1,1,1,2,9,11,2,7,,1,2
8,51,4,9,2012,2,7,1,2,2,1,1,1,5,1,1,1,1,2,5,6,1,7,,1,2
6,48,4,9,2012,2,7,1,2,2,1,4,1,1,1,1,4,1,2,4,6,2,7,,1,2
2,48,4,10,2012,1,7,1,2,2,1,1,1,1,1,1,2,1,2,14,6,1,1,,1,2
1,47,4,10,2012,3,7,3,2,2,1,1,1,1,1,1,2,1,1,14,6,2,7,,1,2
1,47,4,10,2012,3,1,1,2,2,1,1,1,1,1,1,1,1,2,9,7,1,7,,1,2
9,47,4,10,2012,2,1,1,2,2,1,1,1,1,1,1,1,1,2,14,5,1,1,45,1,2
9,47,4,10,2012,1,1,1,2,2,1,2,1,1,1,1,1,1,2,14,6,1,7,42,1,2
13,47,4,10,2012,1,7,8,2,2,4,4,2,1,1,2,2,5,2,9,6,2,7,38,1,2
1,47,4,12,2012,3,1,2,2,1,1,1,1,1,1,1,2,1,2,9,9,1,7,,1,2
1,39,3,10,2012,1,7,8,2,2,1,2,2,1,1,1,1,1,2,13,1,1,7,30,1,2
1,39,4,10,2012,1,7,3,2,2,1,1,1,1,1,1,1,1,2,4,4,2,7,,1,2
2,37,4,10,2012,2,1,1,2,2,1,1,1,1,1,1,3,1,2,19,6,2,1,,2,2
6,37,3,10,2012,2,1,1,2,2,1,1,1,1,1,1,2,1,1,19,5,2,1,25,2,2
4,37,3,12,2012,3,1,1,2,2,1,1,1,1,1,1,2,1,2,4,6,1,1,25,2,2
3,40,3,7,2012,3,1,1,2,2,2,2,1,2,1,1,1,5,2,9,11,2,7,,2,2
1,40,4,7,2012,3,1,1,1,2,1,1,1,1,1,1,1,1,2,9,6,2,7,42,2,2
1,40,4,8,2012,4,1,1,2,2,1,1,1,1,1,1,1,1,2,9,7,2,7,,1,2
2,40,4,9,2012,2,1,1,1,2,1,1,2,1,1,1,3,1,2,12,6,2,7,30,2,2
1,40,4,10,2012,3,1,1,2,2,1,1,1,1,1,1,1,1,2,14,6,1,1,,2,2
7,40,4,10,2012,3,1,1,2,2,1,4,1,1,3,2,4,1,2,17,11,2,7,,2,2
6,40,4,10,2012,2,1,1,2,2,1,1,4,1,1,3,4,1,2,8,6,1,7,,2,2
5,40,1,12,2012,4,1,1,2,2,1,1,1,1,1,1,2,1,2,10,11,1,7,21,1,2
7,40,4,11,2012,3,1,1,2,2,1,2,1,1,1,1,4,1,2,4,11,2,7,25,1,2
5,40,4,12,2012,3,1,1,2,2,1,1,1,1,1,1,4,1,2,13,11,2,7,,2,2
6,40,4,12,2012,4,1,1,2,2,1,2,1,1,1,1,1,1,2,9,11,2,7,,2,2
3,37,3,2,2012,4,7,8,1,2,1,2,2,1,1,1,4,1,2,6,1,2,7,18,2,2
2,52,4,7,2012,1,1,1,2,2,1,2,1,1,1,1,1,1,2,12,11,1,7,40,1,2
12,50,4,11,2012,3,1,1,2,2,1,2,1,1,1,1,2,1,2,4,6,1,6,,1,1
2,50,4,4,2012,4,1,1,2,2,1,4,1,1,1,1,1,1,2,9,6,1,1,42,2,2
2,50,4,5,2012,3,1,1,2,2,1,1,1,1,1,1,1,1,2,14,6,1,1,48,1,1
2,50,4,11,2012,1,1,1,2,2,1,4,1,1,1,1,1,1,2,19,11,2,7,,2,2
2,50,4,11,2012,3,1,1,2,2,1,2,3,1,2,3,1,4,2,9,6,1,1,41,1,1
6,50,4,6,2012,3,7,8,2,2,1,1,1,1,1,1,2,1,2,4,6,2,3,,2,2
7,50,4,3,2012,4,1,1,2,2,1,2,1,1,1,1,1,1,2,14,11,2,3,,2,2
7,50,4,9,2012,2,1,3,2,2,1,1,1,1,1,1,1,1,1,9,11,1,7,,2,2
7,50,4,3,2012,4,1,8,2,2,1,2,1,1,1,1,1,1,2,14,11,2,3,,2,2
7,50,4,9,2012,2,1,3,2,2,1,1,1,1,1,1,1,1,1,9,11,2,7,,2,2
11,50,1,3,2012,4,1,1,1,2,1,4,1,1,1,1,1,1,2,6,9,1,1,,2,2
11,50,4,4,2012,3,1,1,2,2,1,1,1,1,1,1,1,2,2,9,6,2,1,,2,2
11,50,1,6,2012,3,1,2,2,2,1,1,1,1,1,1,1,1,2,12,6,1,7,,2,2
11,50,1,9,2012,3,1,1,2,2,1,1,1,1,1,1,1,5,2,1,6,1,7,,2,2
5,50,4,1,2012,2,7,1,1,2,1,1,2,1,1,1,1,1,2,9,11,2,7,,2,2
5,50,4,2,2012,2,7,1,2,2,4,1,1,2,1,1,1,1,2,9,11,2,7,,2,2
5,50,4,3,2012,3,7,1,1,2,1,1,1,1,1,1,1,1,2,14,11,2,7,,2,2
8,50,4,1,2012,3,1,1,2,2,1,1,1,1,1,1,1,1,2,17,11,1,1,,2,2
8,50,4,2,2012,3,1,1,2,2,1,1,1,1,1,1,1,1,2,14,11,1,1,,2,2
8,50,3,3,2012,2,1,1,2,2,1,1,1,1,1,1,1,1,2,6,11,1,1,,2,2
8,50,4,3,2012,3,1,1,2,2,1,1,1,1,1,1,1,1,2,9,11,1,1,,2,2
8,50,4,3,2012,2,1,1,2,2,1,1,1,1,1,1,1,1,2,4,11,1,1,,2,2
8,50,4,6,2012,3,1,1,2,2,1,1,1,1,1,1,1,1,2,9,11,1,7,,2,2
8,50,4,7,2012,2,1,1,2,2,1,1,1,1,1,1,1,1,2,9,11,1,1,,2,2
8,50,4,8,2012,4,1,1,2,2,1,1,1,1,1,1,1,1,2,9,11,1,1,,2,2
3,50,4,5,2012,3,1,1,2,2,1,1,1,1,1,1,1,1,2,19,6,2,7,,2,2
13,50,1,1,2012,1,7,8,1,2,1,4,1,1,1,1,1,1,2,14,10,1,1,,2,2
3,52,4,12,2012,2,1,8,2,2,1,1,1,1,1,1,1,1,2,8,1,1,6,35,2,2
1,52,3,12,2012,4,1,1,2,2,1,3,1,1,1,1,1,1,2,19,11,1,7,24,2,2
1,48,4,10,2012,2,1,1,2,1,1,1,1,1,1,1,1,2,,9,6,1,7,,1,1
1,46,4,8,2012,3,1,1,2,2,1,1,1,1,1,1,1,1,2,19,6,2,7,,1,2
12,50,4,4,2012,4,1,1,2,2,1,1,1,1,1,1,1,1,2,9,6,1,1,,2,2
4,37,4,12,2012,,1,1,2,2,4,1,1,1,1,1,4,1,2,,,,,,,
2,37,3,5,2012,2,1,1,2,2,2,1,1,1,1,3,2,4,2,4,6,1,1,28,2,2
4,37,4,4,2012,3,1,1,2,2,1,1,1,1,1,1,1,3,1,9,5,1,1,,2,2
1,37,3,3,2012,3,1,1,2,2,1,1,1,1,1,1,1,4,1,8,1,1,1,48,2,2
11,47,4,5,2012,2,1,1,2,2,1,1,1,1,1,1,4,1,1,4,7,1,1,,2,2
7,47,3,4,2012,1,1,1,2,2,1,1,1,1,1,1,2,1,1,14,6,1,1,38,1,2
2,47,4,4,2012,4,1,1,2,2,1,1,1,1,1,1,1,1,1,2,10,1,7,45,2,2
1,48,4,1,2012,4,1,1,2,2,4,1,2,1,1,1,1,2,,7,6,,,28,2,2