Thana,District,Accident_Severity,Month,Year,Time,Junction_Type,Traffic_Control,Movement,Divider,Weather,Light,Road_Geometry,Surface_Condition,Surface_Type,Surface_Quality,Road_Class,Road_Feature,Location_Type,Vehicle_Type,Vehicle_Movement,Vehicle_Loading,Vehicle_Defect,Vehicle_Driver_Age,Vehicle_Alcohol,Vehicle_Seat_Belt
1,47,4,2,2012,2,3,1,2,2,1,1,1,2,1,2,1,4,1,17,6,1,1,45,2,2
7,48,4,3,2012,2,1,1,2,2,1,1,1,1,1,3,1,2,,14,6,1,1,,2,2
1,48,4,3,2012,1,1,1,2,2,1,1,1,1,1,1,4,2,2,9,6,1,1,28,2,2
4,48,4,8,2012,3,2,1,2,2,1,1,1,2,1,1,1,3,1,5,1,1,1,,2,2
1,48,4,10,2012,2,1,1,2,2,1,1,1,1,1,1,1,1,1,9,6,1,1,,1,2
6,48,4,9,2012,1,1,1,2,2,1,1,1,1,1,1,4,1,1,4,6,,,,2,2
1,51,4,1,2012,1,1,3,2,2,4,4,1,1,1,1,2,1,2,9,6,1,,,2,2
1,51,4,2,2012,3,3,1,2,2,1,1,1,1,1,1,3,1,2,4,6,1,2,,2,2
8,51,4,2,2012,2,1,8,2,2,1,4,2,1,1,1,3,1,2,4,11,1,1,,2,2
1,51,4,3,2012,2,4,3,2,2,1,1,1,1,1,1,4,1,2,6,6,2,6,,2,2
1,51,4,3,2012,3,1,1,2,2,1,1,1,1,1,1,2,1,1,6,6,2,6,22,2,2
1,51,4,4,2012,1,3,1,2,2,1,1,1,1,1,1,4,1,2,12,6,1,6,35,1,2
1,51,4,4,2012,2,2,1,2,2,1,1,1,1,1,2,1,2,,9,6,1,1,40,1,2
1,51,4,4,2012,3,3,1,2,2,1,1,1,1,1,1,2,1,2,4,6,1,1,,2,2
1,37,3,4,2012,1,3,1,2,2,1,1,1,1,1,3,1,2,,9,5,1,1,,2,2
1,39,4,3,2012,3,1,1,2,2,1,1,4,1,1,1,2,2,2,9,6,1,1,45,2,2
5,46,4,3,2012,1,1,1,2,2,1,1,1,1,1,1,1,1,1,16,,2,1,,2,2
5,46,4,2,2012,4,1,1,2,2,1,1,1,1,1,1,1,2,2,14,6,2,1,,2,2
2,48,4,5,2012,2,1,1,2,2,1,1,1,1,1,1,3,1,1,14,6,1,1,,2,2
10,47,1,2,2012,2,1,1,2,2,1,1,1,1,1,1,2,1,2,9,,1,7,,2,2
11,47,4,1,2012,2,2,8,1,2,1,1,1,1,1,1,1,1,2,4,7,1,7,,2,2
5,47,4,1,2012,1,1,1,1,2,1,1,1,1,1,1,1,1,1,4,1,2,7,,2,2
9,47,1,1,2012,4,1,1,2,2,4,1,1,1,1,1,1,2,2,9,11,2,7,,2,2
5,45,4,1,2012,3,1,1,2,2,1,2,1,1,1,1,1,1,1,19,11,1,7,,,
4,45,3,1,2012,4,1,1,2,2,1,2,1,1,1,1,1,1,2,4,1,2,7,,2,2
4,36,4,1,2012,3,1,3,2,2,1,1,1,1,1,1,1,1,2,9,6,1,7,60,2,2
8,38,4,1,2012,4,7,8,2,2,1,1,1,1,1,1,1,1,1,14,6,2,7,,2,2
1,48,4,1,2012,4,7,8,2,2,4,4,5,3,1,1,5,5,2,7,1,1,1,28,2,2
5,46,4,1,2012,3,7,2,2,1,1,1,1,1,1,1,1,1,1,9,7,1,7,,2,2
1,48,4,3,2012,1,1,1,2,2,1,1,1,1,1,1,5,1,2,19,6,1,7,28,2,2
7,48,4,3,2012,2,1,1,1,2,1,1,1,1,1,1,3,1,2,14,6,1,7,,2,2
7,40,3,1,2012,2,7,1,2,2,1,1,1,1,1,1,2,1,1,14,6,1,7,,2,2
3,40,1,1,2012,1,2,8,2,2,1,1,1,5,1,1,1,1,1,9,11,1,1,,2,2
3,40,4,1,2012,,1,8,2,1,1,1,1,1,1,1,1,1,1,7,11,1,1,,2,2
3,40,1,2,2012,1,1,2,2,2,1,1,1,1,2,1,5,1,1,17,1,1,1,,2,2
2,40,4,1,2012,2,1,1,2,2,1,1,2,1,1,1,3,1,2,17,6,1,7,22,2,2
9,47,4,2,2012,1,7,1,2,1,1,4,1,1,1,1,1,5,2,8,6,2,7,,1,2
12,47,4,2,2012,4,1,2,2,2,1,3,1,1,1,1,1,1,1,8,11,1,1,,2,2
12,47,4,3,2012,3,1,1,2,2,1,1,1,1,1,1,1,1,1,9,1,2,1,,2,2
3,39,4,2,2012,3,3,1,2,2,2,1,1,1,1,1,1,1,2,9,9,1,,,1,2
1,39,4,2,2012,3,1,3,1,2,1,1,1,1,1,1,1,1,2,4,6,1,2,,2,2
1,39,4,2,2012,3,1,1,2,1,1,1,1,1,1,1,1,1,1,9,5,1,2,32,2,2
6,45,3,2,2012,3,1,1,2,2,1,1,1,1,1,1,1,1,1,7,11,2,7,,2,2
1,48,4,2,2012,2,2,8,1,1,1,1,1,1,1,1,1,1,1,14,8,2,4,45,1,2
1,38,3,2,2012,3,1,1,2,1,1,1,1,1,1,1,1,1,1,4,5,2,1,,1,2
1,38,4,2,2012,2,1,3,1,2,1,3,1,1,1,1,1,1,1,9,6,2,2,50,1,2
1,41,4,2,2012,2,7,8,1,2,1,1,1,1,1,1,1,1,2,7,11,2,1,25,1,2
1,47,4,1,2012,4,1,1,2,2,4,4,2,1,1,2,1,1,1,9,4,1,1,,1,2
7,41,4,1,2012,2,1,3,1,1,1,1,1,1,1,1,1,5,1,9,6,1,7,,2,2
7,41,4,1,2012,3,1,1,2,2,1,1,1,1,1,1,1,1,1,9,6,2,2,,2,2
7,41,4,1,2012,1,7,1,2,2,1,4,2,1,1,1,1,1,1,19,11,1,7,,2,2
7,41,4,1,2012,2,7,1,2,2,2,2,1,1,1,1,1,2,2,9,11,1,7,,2,2
7,41,3,1,2012,3,1,1,2,2,1,1,1,1,1,1,1,2,2,9,6,1,7,,2,2
7,41,3,1,2012,4,7,8,2,2,1,1,1,1,1,1,1,1,1,9,6,1,7,,2,2
1,45,4,3,2012,2,1,1,2,2,1,1,1,1,1,1,1,1,1,14,6,1,7,,2,2
6,45,4,3,2012,2,1,1,2,2,1,1,1,1,1,1,5,1,2,14,6,1,1,,2,2
6,45,4,3,2012,2,1,1,2,2,1,2,1,1,1,1,1,1,2,19,11,1,1,,2,2
3,52,4,3,2012,2,1,1,1,2,1,2,1,1,1,1,2,1,1,4,6,1,7,,2,2
9,47,4,3,2012,2,1,1,2,2,1,1,1,1,1,1,1,1,1,9,5,1,1,45,2,2
12,47,4,3,2012,1,7,1,2,2,1,3,1,1,1,1,1,1,1,9,6,1,7,35,2,2
4,47,4,3,2012,2,1,1,2,2,1,1,1,1,1,1,1,1,2,9,11,1,1,,2,2
7,38,4,4,2012,1,1,2,1,2,1,1,1,1,1,3,3,4,2,8,6,1,7,,2,2
1,39,3,3,2012,2,1,8,2,2,1,1,1,1,1,1,1,1,1,9,5,1,7,42,2,2
1,37,3,3,2012,3,7,1,2,2,1,1,1,1,1,1,1,1,1,8,1,1,7,48,2,2
7,47,3,4,2012,1,1,2,2,2,1,1,1,1,2,1,3,1,1,14,6,2,1,38,2,2
9,47,4,4,2012,2,1,1,2,2,1,1,1,1,1,1,1,2,1,14,5,1,1,,2,2
4,37,3,4,2012,1,1,1,2,2,1,1,1,1,1,1,2,1,2,9,5,1,1,,2,2
1,39,4,3,2012,2,1,8,2,2,1,2,4,1,1,1,1,1,1,9,11,1,1,45,2,1
1,51,4,1,2012,1,1,3,2,2,1,4,1,1,1,1,4,1,2,9,6,1,7,,1,2
8,51,4,2,2012,1,1,1,1,2,1,1,1,1,1,1,1,1,2,4,11,1,1,,1,2
1,51,4,3,2012,2,4,3,1,2,1,1,1,1,1,1,4,1,2,18,6,1,7,,2,2
1,51,4,3,2012,3,1,1,2,2,1,1,1,1,1,1,1,1,2,19,6,1,6,22,2,2
1,51,4,4,2012,1,3,1,2,2,1,1,1,1,1,1,4,1,2,12,6,1,7,35,1,1
1,51,4,4,2012,2,1,1,2,2,1,1,1,1,1,1,1,1,2,9,6,1,7,40,1,2
1,41,4,1,2012,4,1,1,2,2,1,4,1,1,2,1,1,2,,9,6,1,1,,2,2
18,42,4,2,2012,2,1,1,1,1,1,2,1,1,1,1,1,1,1,9,6,1,1,42,1,2
26,42,4,1,2012,1,3,4,1,1,1,1,1,1,1,1,5,1,1,7,6,1,1,38,2,2
8,42,4,1,2012,4,1,6,1,1,1,3,1,1,1,1,5,1,1,4,6,1,1,32,2,1
32,42,4,1,2012,2,3,4,1,1,1,1,1,1,1,1,5,1,1,6,1,1,1,32,2,2
32,42,4,2,2012,3,1,4,1,1,1,1,1,1,1,1,5,1,1,9,6,1,1,32,2,2
19,42,4,1,2012,2,1,1,2,2,1,1,1,1,1,1,5,1,1,5,6,1,1,20,2,2
19,42,4,2,2012,3,1,1,2,2,1,1,1,1,1,1,5,1,1,14,6,1,1,43,1,2
40,42,4,2,2012,4,1,1,1,1,1,2,1,1,1,1,5,1,1,8,6,1,1,32,2,2
16,42,4,1,2012,2,1,1,2,2,1,1,1,1,1,1,5,1,1,8,6,1,1,36,2,2
16,42,4,1,2012,4,1,1,1,1,1,1,1,1,1,1,5,1,1,9,6,1,1,35,2,2
37,42,3,1,2012,2,1,1,1,1,1,1,1,1,1,1,5,1,1,5,6,1,1,32,1,2
37,42,4,1,2012,3,2,4,1,1,1,1,1,1,1,1,5,1,1,9,6,1,7,32,2,2
10,42,3,2,2012,4,3,5,1,1,1,2,1,1,1,1,5,1,1,9,6,1,1,45,2,2
18,42,4,1,2012,4,1,4,1,1,1,2,1,1,1,1,5,1,1,4,6,1,1,32,2,1
12,42,4,2,2012,3,1,1,1,1,1,1,1,1,1,1,5,1,1,9,6,1,1,32,2,2
12,42,4,2,2012,2,1,1,1,1,1,1,1,1,1,1,5,1,1,6,6,1,7,30,2,2
34,42,4,2,2012,2,1,1,1,1,1,1,1,1,1,1,1,1,1,7,6,1,1,35,2,2
22,42,4,1,2012,3,2,4,1,1,1,1,1,1,1,1,5,1,1,12,6,1,1,33,2,2
22,42,1,1,2012,3,2,4,1,1,1,1,1,1,1,1,1,1,1,9,6,1,1,38,2,2
15,42,4,1,2012,3,1,1,2,2,1,1,1,1,1,1,5,1,1,8,6,1,1,35,2,2
15,42,4,1,2012,2,1,1,2,2,1,1,1,1,1,1,5,1,1,2,6,1,1,26,2,2
15,42,4,2,2012,1,1,1,2,2,1,2,1,1,1,1,5,1,1,,6,,,,,
15,42,4,2,2012,2,1,1,2,2,1,2,1,1,1,1,5,1,1,8,6,1,1,26,2,2
33,42,3,2,2012,3,1,1,1,1,1,1,1,1,1,1,5,1,1,7,6,1,1,38,2,2
33,42,4,2,2012,4,1,1,1,1,1,3,1,1,1,1,1,1,1,,6,,,,,
33,42,4,2,2012,2,1,1,2,2,1,1,1,1,1,1,2,1,1,7,6,1,1,35,2,2
33,42,4,2,2012,4,1,4,1,1,1,2,1,1,1,1,1,1,1,,6,,,,,
33,42,4,2,2012,2,2,4,1,1,1,1,5,1,1,3,5,1,1,,6,,,,,
45,42,4,4,2012,2,1,1,1,1,1,2,1,1,1,1,5,1,1,8,6,1,1,,,
15,42,4,3,2012,4,2,1,2,2,1,2,2,1,1,1,5,1,1,5,6,1,1,32,2,2
2,42,4,3,2012,1,3,1,1,1,1,2,1,1,1,1,5,1,1,14,6,1,1,39,2,2
8,42,4,3,2012,4,2,6,1,1,1,2,1,1,1,1,5,1,1,9,6,1,1,30,2,2
11,42,1,3,2012,3,1,1,1,1,1,1,1,1,1,1,5,1,1,4,6,1,1,28,2,1
26,42,4,3,2012,1,3,1,1,1,1,3,3,1,1,1,5,1,1,14,6,1,1,42,2,2
21,42,4,3,2012,3,7,1,2,2,1,1,3,1,1,1,1,1,1,7,6,1,1,35,1,2
38,42,4,3,2012,3,1,4,2,2,1,1,1,1,1,1,5,1,1,,6,,,,,
38,42,4,4,2012,1,3,1,2,2,2,4,1,2,1,1,5,1,1,14,6,1,7,45,1,2
23,42,4,2,2012,1,1,1,1,1,1,3,1,1,1,1,1,1,1,19,6,,,,,
23,42,4,4,2012,1,1,1,1,1,1,3,1,1,1,1,1,1,1,,6,,,,,
40,42,3,3,2012,2,3,4,1,1,1,1,1,1,1,1,5,1,1,5,6,1,1,35,2,2
40,42,4,5,2012,3,2,4,1,1,1,1,1,1,1,1,5,1,1,8,6,1,1,38,2,2
18,42,3,4,2012,2,1,1,2,2,1,3,2,1,2,2,5,1,1,12,6,1,1,19,2,2
18,42,4,5,2012,4,1,1,1,1,1,3,1,1,1,1,1,1,1,,6,,,,,
32,42,4,5,2012,2,1,1,1,1,1,1,1,1,1,1,5,1,1,10,6,1,1,30,2,2
12,42,4,3,2012,3,1,4,1,1,1,1,1,1,1,1,5,1,1,9,6,1,1,38,2,2
12,42,3,3,2012,3,2,4,1,1,1,1,1,1,1,1,5,1,1,9,6,1,1,40,2,2
12,42,3,3,2012,3,3,4,1,1,1,1,1,1,1,1,5,1,1,9,6,1,1,37,2,2
34,42,4,4,2012,1,1,4,2,2,1,3,2,1,1,1,5,1,1,,6,,,,,
34,42,1,5,2012,3,3,4,1,1,1,1,1,1,1,1,1,1,1,14,6,1,1,35,1,2
36,42,4,2,2012,1,1,1,1,1,1,3,1,1,1,1,5,1,1,,6,,,,,
36,42,4,4,2012,2,1,1,2,2,1,1,3,1,1,1,5,1,1,12,6,2,7,34,1,2
36,42,4,4,2012,3,1,1,2,2,1,1,1,1,1,1,5,1,1,7,6,1,1,23,2,2
36,42,4,5,2012,2,1,1,1,1,1,1,1,1,1,1,1,1,1,9,6,1,1,37,2,2
10,42,2,3,2012,1,1,1,1,1,1,3,1,1,1,1,5,1,1,14,6,2,1,32,1,2
10,42,4,5,2012,2,1,1,1,1,1,2,1,1,1,1,5,1,1,,6,,,,,
10,42,4,5,2012,2,1,1,2,2,1,3,1,1,1,1,5,1,1,10,6,1,1,30,2,2
25,42,4,4,2012,2,1,1,2,2,1,1,1,1,1,1,5,1,1,9,6,1,1,39,2,2
25,42,3,4,2012,2,3,1,2,2,1,1,1,1,1,1,5,1,1,12,6,1,1,35,2,2
25,42,4,4,2012,,1,1,2,2,1,1,1,1,1,1,5,1,1,19,6,,,,,
1,42,3,2,2012,4,3,4,1,1,1,2,1,1,1,1,5,1,1,12,6,1,1,35,2,2
1,42,4,2,2012,4,1,1,1,1,1,3,1,1,1,1,5,1,1,10,6,1,1,33,2,2
1,42,1,4,2012,3,1,1,2,2,1,1,1,1,1,1,5,1,1,4,6,1,1,30,2,1
9,42,4,1,2012,2,2,4,1,1,1,2,1,1,1,1,5,1,1,,6,,,,,
9,42,4,2,2012,3,7,4,1,1,1,1,1,1,1,1,5,1,1,8,6,1,1,38,2,2
9,42,4,4,2012,2,1,1,1,1,1,1,1,1,1,1,5,1,1,8,6,1,1,33,2,2
9,42,3,6,2012,4,1,1,1,1,1,3,1,1,1,1,5,1,1,5,6,1,1,50,2,2
22,42,4,2,2012,2,2,4,1,1,1,1,1,1,1,1,1,1,1,6,1,1,1,32,2,2
22,42,4,3,2012,1,2,4,1,1,1,2,1,1,1,1,1,1,1,9,6,1,1,42,2,2
22,42,4,4,2012,2,1,1,1,1,1,1,1,1,1,1,1,1,1,9,6,1,1,38,2,2
22,42,4,4,2012,1,3,4,1,1,1,3,1,1,1,1,1,1,1,,6,,,,,
22,42,4,5,2012,1,1,1,1,1,1,1,1,1,1,1,1,1,1,10,6,1,1,38,2,2
22,42,4,5,2012,4,1,1,1,1,1,3,1,1,1,1,1,1,1,,6,,,,,
33,42,4,3,2012,2,1,4,1,1,1,1,1,1,1,1,1,1,1,,6,,,,,
33,42,4,3,2012,2,1,4,1,1,3,1,1,1,1,1,1,1,1,,6,,,,,
33,42,4,3,2012,4,1,4,1,1,1,3,1,1,1,1,1,1,1,,6,,,,,
33,42,4,3,2012,2,1,4,1,1,1,1,1,1,1,1,1,1,1,,6,,,,,
33,42,1,3,2012,2,2,4,1,1,1,1,1,1,1,1,1,1,1,,6,,,,,
33,42,4,3,2012,2,3,4,1,1,1,1,1,1,1,1,1,1,1,8,6,1,1,42,2,2
33,42,4,3,2012,2,3,4,1,1,1,3,1,1,1,1,1,1,1,,6,,,,,
33,42,4,4,2012,4,1,4,1,1,1,3,1,1,1,1,1,1,1,,6,,,,,
33,42,4,4,2012,2,1,4,1,1,1,1,1,1,1,1,5,1,1,,6,,,,,
33,42,4,4,2012,1,1,1,1,1,1,3,1,1,1,1,1,1,1,,6,,,,,
33,42,4,4,2012,1,1,1,1,1,1,3,1,1,1,1,1,1,1,,6,,,,,
33,42,4,4,2012,3,1,4,2,2,2,1,1,1,1,3,5,1,1,14,6,1,1,45,1,2
33,42,3,5,2012,2,1,1,1,1,1,1,1,1,1,1,5,1,1,,6,,,,,
33,42,4,5,2012,1,1,1,1,1,1,3,1,1,1,1,1,1,1,,6,,,,,
14,42,4,2,2012,1,1,4,1,1,1,3,1,1,1,1,1,1,1,,6,,,,,
14,42,3,2,2012,2,3,4,1,1,1,3,1,1,1,1,1,1,1,9,6,1,1,30,2,2
14,42,4,2,2012,1,1,1,2,2,1,3,1,1,1,1,1,1,1,,6,,,,,
14,42,4,2,2012,2,3,1,1,1,1,1,1,1,1,1,1,1,1,,6,,,,,
14,42,4,2,2012,4,2,4,1,1,1,3,1,1,1,1,1,1,1,14,6,1,1,25,2,2
14,42,4,2,2012,3,1,1,1,1,1,1,1,1,1,1,1,1,1,10,6,1,1,35,2,2
14,42,4,2,2012,1,1,1,1,1,1,3,1,1,1,1,1,1,1,,6,,,,,
14,42,4,4,2012,1,1,1,1,1,1,3,1,1,1,1,1,1,1,,6,,,,,
14,42,3,4,2012,4,3,1,2,2,1,3,3,1,1,1,5,1,1,13,6,1,1,39,2,2
14,42,4,4,2012,2,3,1,2,2,1,2,1,1,1,1,1,1,1,19,6,,,,,
14,42,4,4,2012,1,1,1,1,1,1,3,1,1,1,1,1,1,1,,6,,,,,
14,42,3,4,2012,2,2,4,1,1,1,1,1,1,1,1,1,1,1,9,6,1,1,28,2,2
14,42,4,5,2012,2,3,4,1,1,1,1,1,1,1,1,1,1,1,4,6,1,1,30,2,1
14,42,4,5,2012,4,2,4,1,1,1,3,1,1,1,1,1,1,1,,6,,,,,
14,42,4,5,2012,1,1,1,2,2,1,3,1,1,1,1,5,1,1,,6,,,,,
34,42,4,6,2012,1,3,1,1,1,1,3,2,1,1,1,1,1,1,14,6,1,1,37,1,2
34,42,4,6,2012,2,1,1,1,1,1,1,1,1,1,1,5,1,1,14,6,1,1,30,2,2
34,42,4,7,2012,3,1,1,2,2,1,1,1,1,1,1,5,1,1,14,6,1,1,,1,
34,42,4,7,2012,1,1,1,2,2,1,4,1,1,1,1,5,1,1,14,6,1,1,35,1,2
34,42,4,8,2012,2,1,1,2,2,1,1,4,1,1,2,5,1,1,6,6,1,1,30,2,2
11,42,3,6,2012,3,1,1,1,1,1,3,1,1,1,1,5,1,1,6,6,1,1,28,2,2
11,42,4,8,2012,3,1,1,1,1,1,1,1,1,1,1,5,1,1,8,6,1,1,30,2,2
11,42,4,8,2012,1,1,1,1,1,1,3,1,1,1,1,5,1,1,,6,,,,,
9,42,4,7,2012,3,1,1,1,1,1,1,1,1,1,1,5,1,1,9,6,1,1,28,2,2
9,42,1,7,2012,2,1,4,1,1,1,1,1,1,1,1,5,1,1,10,6,1,1,28,2,2
9,42,4,7,2012,3,1,1,1,1,1,1,1,1,1,1,5,1,1,9,6,1,1,33,2,2
9,42,3,8,2012,4,3,4,1,1,1,1,1,1,1,1,5,1,1,9,6,1,1,45,2,2
33,42,4,6,2012,4,1,1,1,1,1,3,1,1,1,1,1,1,1,14,6,1,1,45,1,2
33,42,4,6,2012,4,1,1,2,2,1,3,2,1,1,1,1,1,1,14,6,1,1,39,1,2
33,42,4,6,2012,2,3,1,1,1,1,1,1,1,1,1,1,1,1,9,6,1,1,38,2,2
33,42,4,6,2012,2,2,4,1,1,1,1,3,1,1,3,5,2,1,,6,1,1,22,2,2
33,42,4,6,2012,1,7,1,,,1,3,1,1,1,1,5,1,1,9,6,1,1,42,2,2
33,42,4,7,2012,2,3,3,2,1,1,1,1,1,1,1,1,1,1,,6,1,1,,,
33,42,4,7,2012,1,2,4,1,1,1,2,1,1,1,1,5,1,1,,6,,,,,
33,42,4,7,2012,2,1,1,1,1,1,1,1,1,1,1,5,1,1,6,1,1,1,,,
33,42,1,7,2012,2,1,1,2,2,1,1,1,1,1,1,5,1,1,,6,1,1,,2,2
33,42,4,7,2012,2,1,1,2,2,1,2,1,1,1,1,5,1,1,9,6,1,1,40,2,2
33,42,4,7,2012,3,1,4,1,1,1,1,1,1,1,3,5,1,1,7,6,1,1,32,2,2
33,42,4,7,2012,4,5,4,2,2,1,2,2,3,2,3,5,1,1,,6,1,1,45,1,
23,42,3,7,2012,2,3,1,1,1,1,1,1,1,1,1,1,1,1,8,6,1,3,35,1,2
23,42,4,8,2012,4,1,1,1,1,1,3,1,1,1,1,1,1,1,8,6,,1,,1,
18,42,4,8,2012,4,1,1,2,2,1,3,1,1,1,1,5,1,1,10,6,1,7,,1,
48,42,4,9,2012,4,1,1,1,1,1,2,1,1,1,1,5,1,1,,6,,,,,
40,42,4,2,2012,2,2,1,1,1,1,2,1,1,1,1,5,1,1,,6,1,1,,,
15,42,4,7,2012,3,1,1,1,1,2,1,1,2,1,1,5,1,1,9,6,1,7,22,2,2
12,42,4,7,2012,3,3,4,1,1,1,1,1,1,1,1,5,1,1,12,6,1,1,32,2,2
25,42,4,6,2012,3,1,4,1,1,1,1,1,1,1,1,5,1,1,9,6,1,1,38,2,2
14,42,4,6,2012,3,1,1,1,1,1,1,1,1,1,1,1,1,1,7,6,1,1,35,2,2
14,42,4,7,2012,2,1,1,1,1,1,1,1,1,1,1,1,1,1,9,6,1,1,38,2,2
14,42,4,7,2012,2,1,1,2,2,1,1,1,1,1,1,5,1,1,7,6,1,1,35,2,2
14,42,4,7,2012,4,1,1,2,2,1,4,1,1,1,1,1,1,1,9,6,1,1,42,1,2
14,42,4,7,2012,4,1,4,1,1,1,2,1,1,1,1,1,3,1,9,6,1,1,39,2,2
2,42,4,4,2012,4,1,1,1,1,1,3,1,1,1,1,5,1,1,19,6,1,6,,1,2
2,42,3,4,2012,1,1,1,1,1,1,2,1,1,1,1,5,1,1,14,6,1,6,22,1,2
2,42,4,4,2012,4,1,1,1,1,1,3,1,1,1,1,5,1,1,9,6,1,6,21,1,2
2,42,4,4,2012,4,1,1,1,1,1,3,1,1,1,1,5,1,1,14,6,1,1,50,1,2
2,42,4,4,2012,4,1,1,1,1,1,3,1,1,1,1,5,1,1,10,6,1,6,,1,2
23,42,4,9,2012,4,7,8,2,2,2,4,1,1,1,1,1,1,1,19,11,1,1,,2,2
42,42,4,10,2012,3,1,1,1,1,1,1,1,1,1,1,1,1,1,10,6,1,1,35,2,2
42,42,4,10,2012,2,1,1,1,1,1,1,1,1,1,1,1,1,1,9,6,1,1,40,2,2
42,42,4,10,2012,4,4,5,2,1,1,4,1,1,1,1,1,1,1,9,6,1,1,35,1,2
33,42,4,8,2012,4,7,8,2,2,1,3,1,1,1,3,5,1,1,6,6,1,1,30,1,2
14,42,4,1,2012,4,1,1,1,1,1,3,1,1,1,1,1,1,1,13,6,1,7,42,1,2
14,42,4,1,2012,2,1,1,1,1,1,2,1,1,1,1,1,1,1,13,6,1,7,42,1,2
14,42,4,1,2012,4,1,4,1,1,1,3,1,1,1,1,1,1,1,9,6,1,1,38,2,2
14,42,4,8,2012,2,1,4,2,2,1,1,1,1,1,1,1,1,1,19,6,1,1,42,2,2
14,42,4,8,2012,1,1,4,2,1,1,2,1,1,1,1,1,1,1,12,6,1,1,35,2,2
14,42,4,8,2012,1,1,1,1,1,1,1,1,1,1,1,1,1,1,12,6,1,1,35,2,2
14,42,4,8,2012,3,1,1,1,1,1,1,1,1,1,1,1,1,1,14,6,1,1,48,1,2
36,42,4,10,2012,1,2,4,2,2,1,1,1,1,1,1,1,1,1,7,11,1,7,30,2,2
22,42,4,10,2012,1,2,4,1,1,1,2,1,1,1,1,5,1,1,19,4,1,1,35,2,2
22,42,4,10,2012,1,2,4,1,1,1,3,1,1,1,1,5,1,1,14,4,1,1,40,2,2
22,42,4,10,2012,4,1,4,1,1,1,2,1,1,1,1,5,1,1,9,6,1,1,35,2,2
16,42,4,2,2012,2,3,4,2,1,1,1,1,1,1,1,1,1,1,10,7,1,1,30,1,2
16,42,4,5,2012,3,1,1,2,2,1,1,1,1,1,1,5,1,1,8,4,1,1,25,2,2
16,42,4,7,2012,3,1,4,1,1,1,1,1,1,1,1,1,1,1,9,6,1,1,29,2,2
16,42,4,8,2012,4,1,1,1,1,1,3,1,1,1,1,1,2,1,19,11,1,1,40,1,2
16,42,4,9,2012,2,1,1,1,1,1,1,1,1,1,1,1,1,1,9,5,1,1,35,2,2
18,42,4,9,2012,3,7,1,2,2,1,1,1,1,1,1,1,1,2,8,6,1,7,40,1,2
13,42,1,5,2012,3,7,8,1,1,1,1,1,1,1,1,2,1,1,5,6,1,7,45,2,1
13,42,3,7,2012,4,7,8,1,2,1,1,1,1,1,1,5,1,1,10,11,1,1,45,2,2
13,42,4,8,2012,1,3,1,2,1,1,2,1,1,1,1,1,1,1,10,6,1,1,32,2,2
8,42,4,10,2012,4,1,4,2,2,1,3,1,1,1,1,5,1,1,9,6,1,1,34,2,2
8,42,3,9,2012,2,1,4,1,1,1,1,1,1,1,1,5,1,1,9,6,1,1,40,1,2
40,42,3,10,2012,2,1,4,1,1,1,2,1,1,1,1,5,1,1,14,6,1,1,45,2,2
25,42,4,10,2012,3,1,1,2,2,1,1,1,1,1,1,1,1,1,9,6,1,1,30,2,2
17,42,4,10,2012,3,1,1,1,1,1,1,1,1,1,1,5,1,1,9,6,1,1,30,2,2
34,42,2,10,2012,2,1,2,1,1,1,1,1,1,1,1,1,1,1,9,6,2,7,45,1,2
38,42,4,8,2012,4,2,4,2,2,1,3,1,1,1,1,1,1,1,12,6,1,1,28,2,2
41,42,4,7,2012,2,7,1,1,1,1,2,1,1,1,1,5,1,1,8,6,1,1,35,2,2
10,42,4,10,2012,2,7,4,2,2,1,1,1,1,1,2,1,1,1,9,6,1,1,,2,2
10,42,4,8,2012,1,1,4,1,1,1,3,1,1,1,1,5,1,1,9,6,2,1,42,2,2
10,42,4,8,2012,2,1,1,2,2,1,2,1,1,1,1,5,1,1,9,6,2,1,35,2,2
10,42,4,8,2012,4,1,1,2,1,1,3,1,1,1,1,5,1,1,14,6,2,1,40,1,2
10,42,4,8,2012,4,1,1,2,2,1,3,1,1,1,1,5,1,1,19,6,1,1,32,2,2
37,42,4,6,2012,4,7,5,2,2,1,3,1,1,1,1,5,1,1,4,6,1,1,26,2,2
37,42,3,9,2012,2,2,4,2,2,1,1,2,1,1,1,1,1,1,14,1,1,7,26,1,2
37,42,4,8,2012,3,2,4,2,2,1,1,2,1,1,1,1,1,1,4,6,1,1,35,1,2
37,42,4,6,2012,3,7,2,2,1,1,1,1,1,1,1,5,1,1,8,6,1,1,30,2,2
36,42,4,11,2012,2,1,4,2,1,1,2,1,1,1,1,1,1,1,4,6,1,1,25,2,1
18,42,4,11,2012,2,7,8,2,1,1,1,1,1,1,1,1,1,1,9,6,1,7,30,1,2
24,42,4,10,2012,2,3,1,2,2,1,1,1,1,1,1,4,1,1,4,6,1,1,28,2,1
6,42,4,10,2012,4,1,4,1,2,1,3,1,1,1,1,5,1,1,9,6,1,1,25,2,2