Thana,District,Accident_Severity,Month,Year,Time,Junction_Type,Traffic_Control,Movement,Divider,Weather,Light,Road_Geometry,Surface_Condition,Surface_Type,Surface_Quality,Road_Class,Road_Feature,Location_Type,Vehicle_Type,Vehicle_Movement,Vehicle_Loading,Vehicle_Defect,Vehicle_Driver_Age,Vehicle_Alcohol,Vehicle_Seat_Belt
6,42,4,10,2012,4,1,1,1,2,1,3,1,1,1,1,5,1,1,9,6,1,1,25,2,2
34,42,4,11,2012,1,1,1,2,1,1,4,1,1,1,1,5,1,1,14,1,1,1,30,2,2
34,42,4,11,2012,3,1,1,1,2,1,1,1,1,1,1,3,1,1,14,6,1,1,30,1,2
22,42,4,11,2012,4,1,4,1,1,1,2,1,1,1,1,5,1,1,9,6,1,1,32,2,2
44,42,4,1,2012,3,1,1,1,2,1,1,1,1,1,1,5,1,1,7,6,1,1,25,1,2
44,42,4,10,2012,2,7,1,2,1,1,1,1,1,1,1,1,1,1,9,5,1,6,47,1,2
44,42,3,10,2012,4,3,1,1,2,1,3,1,1,1,1,5,1,1,10,1,1,7,33,1,2
44,42,4,11,2012,4,1,4,1,2,1,3,1,1,1,1,1,1,1,13,6,1,7,40,2,2
44,42,4,11,2012,4,7,1,1,2,1,3,1,1,1,1,1,1,1,8,7,1,7,32,1,2
27,42,4,5,2012,4,1,1,2,1,1,3,1,1,1,1,5,1,1,9,6,1,1,28,2,2
3,42,4,11,2012,2,1,4,1,2,1,1,1,1,1,1,5,1,1,9,6,1,1,32,2,2
5,42,4,11,2012,4,1,1,2,2,1,3,1,1,1,1,5,1,1,9,6,1,1,30,2,2
7,42,4,11,2012,4,1,4,2,1,1,3,1,1,1,1,1,1,1,9,6,1,1,30,2,2
7,42,4,12,2012,4,1,1,2,2,1,3,1,1,1,2,5,1,1,12,6,1,1,22,2,2
8,42,4,12,2012,4,3,4,1,2,1,3,1,1,1,1,5,1,1,9,6,1,1,40,2,2
8,42,4,12,2012,2,3,4,1,2,1,1,1,1,1,1,1,1,1,8,6,1,1,30,2,2
48,42,4,12,2012,4,1,4,1,2,1,2,1,1,1,1,1,1,1,9,6,1,1,35,2,2
2,42,4,7,2012,3,1,4,2,2,1,1,1,1,1,1,2,1,1,9,6,1,6,30,1,2
2,42,1,7,2012,2,1,2,2,1,1,1,1,1,1,1,5,1,1,12,11,1,3,24,2,2
2,42,4,8,2012,3,3,2,2,1,1,1,1,1,1,1,5,1,1,9,1,1,1,27,1,1
2,42,4,8,2012,2,1,2,2,1,1,1,1,1,1,1,5,1,1,9,6,1,6,28,1,2
2,42,4,8,2012,1,1,1,1,2,1,2,1,1,1,1,3,1,1,13,6,1,1,30,2,2
2,42,3,8,2012,2,1,2,1,1,1,1,1,1,1,1,5,1,1,10,6,1,1,25,1,2
2,42,4,9,2012,2,1,3,2,1,1,1,1,1,1,1,5,1,1,9,6,1,1,21,1,2
2,42,4,10,2012,3,1,4,1,2,1,1,1,1,1,1,5,1,1,10,6,1,1,55,2,2
2,42,4,11,2012,4,1,2,2,1,1,3,1,1,1,1,5,1,1,19,6,1,6,40,1,2
2,42,4,10,2012,3,1,2,2,1,1,1,1,1,1,1,5,1,1,9,6,2,6,25,2,2
44,42,4,12,2012,2,1,1,1,2,1,1,1,1,1,1,5,1,1,4,11,1,7,32,1,2
22,42,4,12,2012,2,1,4,1,1,1,1,1,1,1,1,5,1,1,9,6,1,1,40,2,2
22,42,4,12,2012,2,1,4,1,1,1,1,1,1,1,1,1,1,1,9,6,1,1,45,2,2
33,42,4,10,2012,2,1,8,2,2,1,2,1,1,1,1,5,1,1,10,6,1,1,40,2,2
33,42,4,10,2012,1,1,3,2,1,1,4,1,1,1,1,1,1,1,9,6,1,1,25,2,2
33,42,4,10,2012,4,3,4,2,1,1,2,1,5,1,3,5,1,1,9,6,1,1,30,2,2
33,42,4,10,2012,2,1,8,2,1,1,1,1,1,1,3,5,1,1,8,6,1,1,32,2,2
33,42,4,10,2012,2,1,2,2,1,1,1,1,1,1,1,1,1,1,9,6,1,1,45,2,2
33,42,4,10,2012,1,1,8,2,1,1,3,1,5,1,3,5,1,1,14,6,1,1,35,2,2
33,42,4,10,2012,2,1,8,2,1,1,1,1,1,1,1,1,1,1,9,6,1,1,33,2,2
33,42,3,10,2012,3,1,1,2,1,1,1,1,1,1,1,1,1,1,16,6,1,1,32,2,2
33,42,4,11,2012,2,1,8,2,1,1,1,1,1,1,1,1,1,1,9,6,1,1,40,2,2
33,42,4,11,2012,3,1,8,2,1,1,1,1,1,1,1,1,1,1,9,6,1,1,30,2,2
33,42,4,11,2012,1,7,8,2,1,1,2,1,1,1,1,3,5,1,9,6,1,1,45,2,2
33,42,4,11,2012,4,7,4,2,1,1,3,1,1,1,1,5,1,1,9,6,1,1,48,2,2
33,42,4,11,2012,1,1,1,2,1,1,3,1,1,1,1,1,1,1,14,6,1,1,40,2,2
33,42,4,11,2012,2,2,4,2,1,1,1,2,1,1,3,5,1,1,7,6,1,1,28,2,2
33,42,4,12,2012,2,3,4,2,1,1,1,1,1,1,1,1,1,1,9,6,1,1,35,2,2
33,42,4,12,2012,1,1,1,2,1,1,3,1,1,1,1,1,1,1,9,6,1,1,48,2,2
33,42,4,12,2012,3,1,1,2,1,1,1,1,1,1,1,1,1,1,14,6,1,1,40,2,2
33,42,4,12,2012,2,1,8,2,1,1,1,1,1,1,1,1,1,1,9,6,1,1,40,2,2
33,42,4,12,2012,2,3,1,2,1,1,1,2,1,1,2,1,1,1,10,6,1,1,40,2,2
23,15,4,1,2012,1,1,1,2,1,1,3,1,1,1,1,1,1,1,,6,1,1,,2,2
27,42,4,2,2012,4,1,1,2,1,1,1,1,1,1,1,5,1,1,1,6,1,6,32,2,2
39,42,4,5,2012,3,2,4,2,1,1,1,1,1,1,1,5,1,1,8,6,1,1,38,2,2
39,42,4,2,2012,4,2,1,2,1,1,1,1,1,1,1,5,1,1,,6,1,1,,2,2
14,42,4,1,2012,1,1,1,2,2,4,2,1,1,1,1,1,1,1,19,6,1,7,,2,2
33,42,4,1,2012,4,3,4,2,1,1,3,1,1,1,1,5,1,1,9,6,1,1,50,2,2
33,42,4,1,2012,4,3,1,2,1,1,3,1,1,1,3,5,1,1,19,6,1,7,,2,2
33,42,4,2,2012,2,1,1,2,1,1,2,1,1,1,1,1,1,1,9,6,1,7,,2,2
33,42,4,3,2012,2,3,1,2,2,1,1,1,1,1,1,3,1,1,9,6,1,1,38,2,2
33,42,4,11,2012,2,1,1,2,2,1,1,1,1,1,1,5,1,1,9,6,1,1,25,2,2
33,42,4,7,2012,4,1,4,2,1,1,3,1,1,1,1,1,1,1,9,6,1,1,45,1,2
33,42,4,8,2012,4,1,4,2,1,1,3,1,1,1,1,1,1,1,19,6,1,1,,2,2
33,42,4,9,2012,2,4,8,2,1,1,1,1,1,1,1,5,1,1,8,6,1,1,42,2,2
33,42,4,9,2012,2,1,1,2,1,1,1,1,1,1,1,1,1,1,19,11,1,1,40,2,2
33,42,4,9,2012,2,2,4,2,2,1,1,1,5,1,3,5,1,1,19,11,1,1,45,2,2
34,42,4,4,2012,1,1,4,2,1,1,3,1,1,1,1,5,1,1,13,6,1,1,35,1,2
4,26,4,5,2012,3,7,1,1,2,1,2,1,1,1,1,2,1,2,14,6,2,7,,1,2
4,26,3,9,2012,4,1,1,2,2,1,4,1,1,1,1,1,5,2,13,6,1,1,,1,2
5,26,4,6,2012,3,1,1,2,2,1,1,1,1,1,1,1,1,2,4,6,2,7,38,1,2
5,26,4,12,2012,4,1,1,2,2,1,4,1,1,1,1,1,1,2,4,6,2,7,,1,2
6,26,4,9,2012,3,1,3,2,2,1,1,1,1,1,1,3,1,2,4,6,1,1,0,1,2
7,26,3,8,2012,3,1,1,2,2,1,1,1,1,1,1,3,1,2,12,1,1,7,0,1,2
9,26,4,12,2012,2,1,1,1,2,3,1,1,2,1,1,3,1,2,19,6,1,7,27,1,2
1,21,4,3,2012,4,1,1,1,2,1,2,1,1,1,1,2,1,2,19,6,2,7,25,1,2
3,21,4,3,2012,2,1,1,1,2,1,1,1,1,1,1,1,1,2,14,6,2,7,,1,2
5,21,4,2,2012,4,1,1,2,2,1,1,1,1,1,1,4,1,2,4,6,1,3,32,1,2
1,29,4,7,2012,1,1,1,1,2,1,1,1,1,1,1,1,1,2,13,6,1,7,,1,2
1,29,4,11,2012,2,3,1,1,2,1,1,1,1,1,2,1,2,,4,6,1,1,,1,2
3,29,4,12,2012,3,1,1,2,2,1,1,1,1,1,1,1,1,2,12,6,1,1,,1,2
3,29,4,1,2012,3,1,1,1,2,1,1,1,1,1,1,4,1,2,4,6,1,7,,1,2
3,29,4,8,2012,3,1,1,2,2,2,1,2,2,1,1,1,1,2,12,6,2,7,,1,2
3,29,4,2,2012,3,1,3,1,2,1,1,1,1,1,1,1,1,2,9,6,2,7,,1,2
3,29,4,10,2012,3,1,8,1,2,1,4,1,1,1,1,1,1,2,19,6,1,6,,1,2
5,29,4,10,2012,3,1,3,1,2,1,1,1,1,1,1,1,1,1,19,6,1,7,,1,2
6,29,4,5,2012,3,1,1,1,2,1,1,1,1,1,1,2,1,2,19,6,2,7,,1,2
6,29,4,7,2012,2,1,1,1,2,1,1,1,1,1,1,1,1,1,8,6,2,7,40,1,2
6,29,4,8,2012,2,1,1,1,2,1,1,1,1,1,2,1,2,,4,6,1,7,27,1,2
6,29,4,10,2012,2,1,1,1,2,1,1,1,1,1,1,2,1,2,4,6,1,7,30,1,2
7,29,4,11,2012,3,1,8,2,2,1,1,1,1,1,1,4,1,2,4,6,2,7,,1,2
7,29,3,12,2012,3,1,1,1,2,1,1,1,1,3,1,4,1,2,4,6,1,7,,1,2
1,22,4,6,2012,1,1,1,2,2,1,2,1,1,1,1,1,1,2,19,6,1,7,,1,2
1,22,4,7,2012,3,1,4,1,1,1,1,1,2,1,1,1,1,2,4,6,1,7,,1,2
1,22,4,9,2012,1,7,1,1,2,1,3,1,1,1,1,1,1,1,19,6,2,7,,1,2
1,22,4,11,2012,3,7,1,2,2,4,4,1,1,1,1,1,1,1,19,6,1,7,,1,2
4,22,4,10,2012,3,7,8,2,2,1,1,1,1,1,1,3,1,2,9,11,2,7,38,1,2
4,22,4,10,2012,2,7,8,2,2,1,1,1,1,1,1,4,1,2,14,6,1,7,,1,2
1,25,3,10,2012,2,1,8,2,2,1,2,1,1,1,1,3,1,2,13,6,1,7,32,1,2
1,25,3,12,2012,2,1,8,2,2,1,2,1,1,1,1,3,1,2,9,6,1,7,32,1,2
4,25,4,11,2012,3,1,1,2,2,1,1,1,1,1,1,2,1,2,4,6,2,7,50,1,2
6,25,4,7,2012,2,2,1,2,2,1,1,1,1,1,1,3,1,2,4,6,1,7,32,1,2
7,25,4,3,2012,1,1,1,2,1,1,1,1,1,1,2,3,2,2,9,6,2,7,32,1,2
8,25,4,7,2012,2,1,1,2,2,1,1,1,1,1,1,1,1,2,14,6,1,7,,1,2
1,19,3,6,2012,3,7,8,2,2,1,1,1,1,1,1,2,1,1,7,6,1,3,20,1,2
1,19,4,11,2012,3,1,1,2,2,1,1,1,1,1,1,2,1,1,4,6,1,7,35,1,2
1,20,1,4,2012,2,1,1,2,2,1,2,1,1,1,1,2,1,2,4,6,1,7,40,1,2
1,20,1,5,2012,3,1,1,2,2,1,1,1,1,1,1,2,1,2,4,6,1,7,35,1,2
1,20,1,7,2012,4,1,1,2,2,1,4,1,1,1,1,2,1,2,13,6,1,1,19,2,2
1,20,4,12,2012,1,5,1,2,2,1,3,2,1,1,1,3,1,2,9,6,2,7,,1,2
3,20,4,2,2012,3,7,8,2,2,1,1,1,1,1,1,3,1,2,19,6,1,7,40,1,2
4,20,4,5,2012,2,1,2,2,2,1,1,1,1,1,1,4,5,2,14,6,1,7,35,1,2
1,24,4,6,2012,2,1,1,2,2,1,2,1,1,1,1,3,1,2,10,6,1,7,,1,2
1,24,4,11,2012,4,1,1,2,2,1,2,1,1,1,1,1,1,2,14,6,2,7,,1,2
1,24,3,12,2012,2,3,3,2,2,1,1,1,1,1,1,1,1,1,7,6,2,7,,1,2
2,24,4,3,2012,1,1,1,2,2,1,3,1,1,1,1,1,1,2,14,6,2,7,,1,2
2,24,4,3,2012,2,1,3,2,2,1,2,1,1,1,1,1,1,2,19,6,2,7,,1,2
5,24,3,8,2012,1,1,1,2,2,1,1,1,1,1,1,1,1,2,13,6,2,7,,1,2
6,24,4,8,2012,3,1,1,2,2,1,1,1,1,1,1,3,1,2,12,6,1,6,,1,2
9,24,4,1,2012,3,1,1,2,2,1,1,1,1,1,1,1,1,2,19,6,1,7,,1,2
1,18,4,4,2012,1,1,1,2,2,1,2,1,1,1,1,1,1,2,14,6,1,7,,1,2
1,18,4,6,2012,1,7,2,2,2,1,4,1,1,1,1,1,1,1,14,6,1,7,,1,2
1,18,4,6,2012,1,1,1,1,1,1,1,1,1,1,1,1,5,1,19,5,1,7,,1,2
1,18,4,9,2012,3,1,1,2,1,1,1,1,1,1,1,1,1,,13,6,1,7,33,1,2
1,18,4,10,2012,3,1,1,2,2,1,1,1,1,1,1,1,2,,19,6,1,7,,1,2
2,18,4,6,2012,2,7,8,2,2,2,1,4,2,3,2,1,2,,19,10,2,7,35,1,2
2,18,4,9,2012,4,2,1,2,2,1,1,1,1,1,1,3,1,2,4,6,1,7,20,1,2
2,18,4,10,2012,3,1,1,2,2,1,1,3,1,1,2,4,1,2,19,6,1,7,45,1,2
3,18,4,12,2012,3,7,1,2,2,1,1,1,1,1,1,4,1,2,14,6,1,7,35,1,2
3,18,4,12,2012,4,1,1,2,2,1,4,1,1,1,3,5,1,2,4,6,1,7,,1,2
5,18,4,12,2012,4,1,1,1,1,1,1,1,1,1,1,1,1,2,8,6,1,7,,1,2
5,18,4,12,2012,2,1,1,2,2,4,1,1,2,1,1,3,1,2,19,6,1,7,22,1,2
6,18,4,4,2012,3,7,8,2,2,1,1,1,1,2,2,4,1,2,9,6,2,7,,1,2
6,18,4,10,2012,4,1,1,2,2,1,4,1,1,1,1,2,1,2,19,6,1,7,,1,2
7,18,3,4,2012,2,1,1,2,2,1,1,1,2,1,1,1,1,2,9,6,2,7,,1,2
7,18,4,4,2012,2,1,1,1,2,1,1,1,1,1,1,1,1,2,19,6,2,7,,2,2
5,29,4,7,2012,2,1,1,2,2,1,1,1,1,1,1,1,1,2,19,6,2,1,,1,2
5,26,4,2,2012,4,1,1,2,2,1,4,1,1,1,1,1,1,2,14,6,1,1,,1,2
4,25,4,9,2012,3,1,1,2,2,1,1,1,1,1,1,1,1,2,9,6,2,1,,1,2
1,24,3,1,2012,2,2,4,2,2,1,1,1,1,1,1,5,1,1,14,6,2,7,,2,2
1,21,4,6,2012,2,1,1,2,2,1,1,1,1,1,1,1,1,2,10,6,1,1,,1,2
2,21,4,3,2012,2,1,1,1,2,1,1,1,1,1,1,3,1,2,19,6,2,7,38,1,2
2,18,4,9,2012,3,2,1,2,2,1,1,1,1,1,1,3,1,2,4,6,1,1,20,1,2
7,18,4,5,2012,2,1,3,2,2,1,1,1,1,1,1,4,1,2,19,6,2,7,22,1,2
2,28,4,9,2010,2,5,4,2,1,1,1,2,1,1,1,5,1,1,2,2,1,7,32,2,2
1,28,4,4,2012,3,7,8,1,1,1,1,1,1,1,1,5,1,1,10,8,1,7,,2,2
1,28,4,4,2012,2,7,8,1,2,1,1,1,1,1,1,5,1,1,4,4,2,7,,2,2
1,28,1,6,2012,2,1,1,2,2,1,1,1,1,1,1,5,1,1,9,11,1,7,40,2,2
2,28,4,1,2012,2,7,8,2,2,1,1,1,1,1,2,5,1,1,9,6,1,7,,1,2
2,28,4,3,2012,2,7,8,2,2,1,1,1,1,1,2,5,1,1,8,11,1,7,,2,2
2,28,4,5,2012,3,7,1,1,2,1,1,1,1,1,1,5,5,1,9,11,1,1,,2,2
4,28,4,1,2012,4,1,1,2,2,4,2,1,1,1,1,1,1,1,19,11,1,7,,2,2
4,28,4,2,2012,2,7,8,1,1,1,1,1,1,1,1,1,1,1,9,11,1,7,,1,2
5,28,3,6,2012,3,7,8,1,2,1,1,1,1,1,1,1,1,1,12,11,1,1,,1,2
5,28,4,4,2012,3,7,8,1,2,1,1,1,1,1,1,1,1,1,12,11,1,1,,1,2
1,28,1,9,2012,3,1,4,2,1,1,1,1,1,1,1,1,1,1,8,11,1,7,29,2,2
2,28,2,8,2012,3,7,5,1,1,1,1,1,1,1,1,1,1,1,12,2,2,7,40,2,2
3,28,4,9,2012,2,1,1,2,2,2,1,1,2,1,1,5,5,1,14,6,1,6,,1,2
4,28,3,8,2012,3,1,8,2,2,1,1,1,1,1,1,1,1,1,14,11,2,7,,1,2
5,28,1,7,2012,3,1,8,1,2,1,1,1,1,1,1,1,1,1,4,11,1,7,,1,2
5,28,4,8,2012,2,7,8,2,2,1,1,1,1,1,1,1,5,1,9,11,1,7,,1,2
5,28,4,11,2012,3,7,8,2,2,1,1,1,1,1,1,2,2,1,14,11,1,7,,1,2
5,28,4,12,2012,3,1,1,1,2,1,2,1,1,1,1,1,1,2,9,11,1,7,,1,2
5,28,4,12,2012,3,7,8,2,2,1,2,1,1,1,1,5,1,1,12,11,1,1,,1,2
10,9,4,8,2012,2,5,1,1,2,1,2,2,1,1,1,1,1,2,9,2,1,7,42,2,2
6,13,4,1,2012,1,2,1,2,2,1,1,1,1,1,1,1,1,2,19,6,1,7,,2,2
3,13,3,3,2012,4,1,1,1,2,1,1,1,1,1,1,5,1,2,4,6,1,1,20,2,2
8,13,4,3,2012,2,1,1,2,2,1,1,1,1,1,1,1,1,2,9,6,1,1,,2,2
8,13,4,6,2012,3,1,1,2,2,1,1,1,1,1,1,1,1,2,9,6,1,1,,2,2
8,13,1,7,2012,2,1,1,2,2,2,1,2,2,1,1,1,1,2,11,5,1,1,48,2,2
8,13,4,7,2012,2,1,1,2,2,1,2,1,1,1,1,1,1,2,14,6,1,1,25,2,2
7,17,4,2,2012,3,1,4,2,1,1,2,1,1,1,1,1,1,2,9,11,1,1,,2,2
9,17,4,12,2012,3,1,1,2,2,1,1,1,1,1,1,2,1,2,9,4,1,1,45,2,2
7,17,4,10,2012,4,1,4,2,1,4,2,1,1,1,1,1,1,2,9,3,1,1,,1,2
5,17,4,10,2012,4,1,1,2,2,1,1,1,1,1,1,1,1,2,14,1,1,1,45,2,2
7,17,4,7,2012,2,1,4,2,1,1,1,1,1,1,1,1,1,2,19,6,1,1,,1,2
7,17,4,6,2012,4,7,1,,,1,4,1,1,1,1,1,,2,,7,,,,,1
9,17,4,5,2012,1,1,1,2,2,1,4,1,1,1,1,1,1,2,14,1,1,1,,1,2
8,17,4,5,2012,1,1,1,2,2,1,2,1,1,1,1,1,1,2,19,1,2,1,,2,2
8,17,4,4,2012,2,1,1,2,2,1,1,1,1,1,1,4,1,2,19,6,2,7,23,2,2
3,17,4,3,2012,2,2,1,2,1,1,1,1,1,1,1,1,2,,14,6,1,1,,2,2
8,17,4,3,2012,3,1,3,2,2,4,2,2,2,1,2,2,1,2,10,7,1,1,,1,2
7,17,4,3,2012,3,2,1,2,2,1,1,1,1,1,1,1,2,2,6,6,1,1,,2,2
6,17,4,2,2012,2,4,8,2,2,1,1,4,1,1,1,4,1,2,17,6,1,1,30,2,2
7,17,4,2,2012,3,4,1,2,2,1,1,3,1,1,1,1,2,2,4,6,1,1,,2,2
8,17,4,1,2012,4,1,1,2,2,1,4,1,1,1,1,1,1,2,14,6,1,1,,1,2
9,17,4,1,2012,1,1,1,2,2,1,4,1,1,1,1,1,1,2,,1,1,1,,1,2
1,10,4,4,2012,2,3,1,2,2,1,1,1,1,1,1,5,1,1,8,6,1,1,30,2,2
5,10,4,5,2012,1,3,2,1,2,1,1,1,1,1,1,1,1,2,14,6,1,1,25,1,2
2,10,4,1,2012,2,1,8,2,2,2,1,1,2,1,1,4,1,2,8,11,1,3,,2,2
7,11,4,11,2012,4,1,1,2,2,1,2,1,1,1,1,3,1,2,19,6,2,1,,2,2
10,11,4,12,2012,3,3,1,2,2,1,1,1,1,1,1,2,1,2,19,6,1,1,25,2,2
9,11,4,12,2012,3,1,1,1,2,1,1,1,1,1,1,2,1,2,4,6,1,1,19,2,2
7,11,4,12,2012,3,1,1,2,2,1,1,1,1,1,1,3,1,2,14,6,2,1,,2,2
8,11,4,10,2012,2,1,1,2,2,1,1,1,1,1,1,2,1,2,8,6,1,1,,2,2
10,11,4,7,2012,4,3,1,2,2,1,2,1,2,1,1,3,1,2,19,6,1,1,,2,2
1,11,4,7,2012,3,1,1,1,2,1,4,1,1,1,1,1,1,2,14,6,1,1,,2,2
10,11,4,7,2012,3,1,1,2,2,1,1,1,1,1,1,3,1,2,4,6,1,1,,2,2
3,15,3,5,2012,3,1,1,1,2,1,1,1,1,1,1,1,1,2,9,6,1,1,,2,2
5,15,4,3,2012,2,1,1,2,2,1,1,1,1,1,2,1,2,,17,6,2,1,22,2,2
5,15,4,6,2012,2,1,1,2,2,1,2,1,1,1,1,1,1,2,19,6,1,1,,2,2
4,15,4,7,2012,4,1,1,2,2,1,2,1,1,1,1,1,1,2,14,6,1,1,,2,2
3,15,4,11,2012,3,1,1,1,2,1,1,1,1,1,1,1,1,2,9,6,1,1,,2,2
4,15,4,12,2012,2,1,1,2,2,1,1,2,1,1,1,1,1,2,7,6,1,1,,2,2
5,15,4,10,2012,3,1,1,1,2,1,1,1,1,1,1,1,1,2,14,6,1,1,,2,2
6,15,4,2,2012,2,1,1,2,2,1,1,1,1,1,1,1,1,2,12,6,1,1,,2,2
6,15,4,2,2012,2,1,1,1,2,1,1,1,1,1,1,2,1,2,5,6,1,1,,2,2
1,15,4,8,2012,2,1,1,2,2,1,1,1,1,1,1,1,1,1,9,6,1,1,35,2,2
10,9,4,3,2012,2,1,1,2,2,1,1,1,1,1,1,1,1,2,14,6,1,1,,2,2
5,9,4,4,2012,1,1,2,2,2,1,4,1,1,1,1,1,2,,9,5,1,1,,2,2
10,9,4,1,2012,4,1,4,2,2,1,4,1,1,1,1,1,1,1,7,6,1,1,,2,2
10,9,4,1,2012,3,1,4,2,2,1,1,1,1,1,1,1,1,1,5,6,1,1,,2,2
10,9,4,2,2012,1,7,4,2,2,1,2,1,1,1,1,1,1,1,9,6,1,1,,2,2
10,9,4,2,2012,3,1,3,2,2,1,1,1,1,1,1,1,1,1,14,6,1,1,,2,2
10,9,4,2,2012,2,7,1,2,2,1,1,1,1,1,1,1,1,2,7,11,1,7,,1,2
6,9,4,4,2012,1,1,1,1,2,1,2,1,1,1,1,2,1,2,19,6,1,1,,2,2
1,9,4,4,2012,4,1,4,2,2,1,2,1,1,1,1,1,1,1,14,6,1,1,,1,2
4,9,4,4,2012,2,1,8,2,2,1,1,1,1,1,1,1,1,1,7,6,1,1,,2,2
9,9,4,4,2012,2,1,8,2,2,1,1,1,1,1,1,1,1,1,13,5,1,1,28,2,2
10,9,4,4,2012,4,1,1,1,2,1,2,1,1,1,1,1,1,1,19,6,1,7,20,2,2
10,9,4,3,2012,2,1,1,2,2,1,1,1,1,1,1,1,1,2,14,6,1,1,,2,2
10,9,4,5,2012,3,1,1,2,2,1,1,1,1,1,1,1,1,2,14,6,1,7,45,2,2
10,9,4,5,2012,1,1,1,1,2,1,2,1,1,1,1,1,1,2,19,6,1,1,,2,2
10,9,4,6,2012,1,1,1,2,1,1,2,1,1,1,1,1,1,2,19,6,1,1,,2,2
10,9,4,6,2012,2,7,1,2,2,1,1,1,1,1,1,1,1,2,14,6,1,7,,2,2
10,9,4,7,2012,2,1,1,1,2,1,2,1,1,1,1,1,1,2,19,6,1,1,,2,2
7,9,4,6,2012,2,7,1,2,2,2,1,1,2,1,1,1,1,2,9,6,1,1,45,2,2
12,9,3,7,2012,3,7,1,2,2,1,1,1,1,1,1,1,1,2,14,6,1,1,,2,2
10,9,4,8,2012,2,3,1,1,2,1,2,1,1,1,1,1,1,2,9,6,1,1,,2,2
10,9,4,9,2012,1,1,1,2,2,1,2,1,1,1,1,1,1,2,13,6,1,1,,1,2
10,9,4,9,2012,1,1,1,1,2,1,2,1,1,1,1,1,1,2,19,6,2,1,,1,2
11,9,4,9,2012,4,1,1,2,2,1,2,1,1,1,1,2,1,2,19,6,2,7,,1,2
10,9,4,10,2012,4,3,4,2,1,1,2,1,1,1,1,1,1,1,14,6,2,7,,1,2
10,9,4,10,2012,2,1,1,1,2,1,1,1,1,1,1,1,1,2,7,6,1,7,,2,2
10,9,4,11,2012,3,1,1,2,2,1,1,1,1,1,1,1,1,2,19,6,2,7,,2,2
10,9,4,11,2012,2,1,1,2,2,1,1,1,1,1,1,1,1,1,9,6,1,7,46,2,2
10,9,4,11,2012,3,1,1,2,2,1,1,1,1,1,1,4,1,2,4,6,1,7,33,2,2
10,9,4,12,2012,3,1,1,2,2,1,1,1,1,1,1,1,1,1,9,6,1,7,41,2,2
10,9,4,12,2012,2,1,1,1,2,4,1,1,2,1,1,1,1,2,14,6,1,7,,2,2
11,9,4,12,2012,1,1,1,2,2,4,2,1,2,1,1,1,1,2,9,6,1,2,,1,2
11,9,4,3,2012,2,1,1,2,2,1,1,1,1,1,1,1,1,2,8,6,1,1,28,1,2
11,9,4,2,2012,4,1,1,2,2,1,3,1,1,1,1,1,1,2,9,6,2,1,,1,2
9,9,4,3,2012,3,1,1,2,2,1,1,1,1,1,1,2,1,2,4,6,1,1,,1,2
12,9,3,3,2012,4,1,1,2,2,1,4,2,1,1,1,1,1,2,14,6,1,1,26,2,2
12,9,4,3,2012,3,7,1,2,2,1,1,1,1,1,1,1,1,2,14,11,1,1,,2,2
1,12,3,2,2012,2,2,3,2,2,1,1,1,1,1,1,1,1,1,4,1,1,1,,2,2
5,12,4,3,2012,2,7,2,2,2,1,1,2,1,1,1,1,1,2,8,11,1,7,,1,2
5,12,4,3,2012,2,1,1,2,2,1,1,1,1,1,1,2,1,2,14,6,1,1,,1,2
4,12,3,5,2012,1,1,1,2,2,1,1,1,1,1,1,2,1,2,9,11,1,1,33,2,2
5,12,3,5,2012,2,1,1,2,2,1,1,1,1,1,1,4,1,2,14,11,1,7,23,2,2
5,12,4,6,2012,3,1,8,2,2,1,1,1,1,1,1,1,1,2,14,6,1,1,,2,2
5,12,4,6,2012,1,1,1,2,1,1,1,1,1,1,1,1,1,2,14,11,1,7,,2,2
5,12,4,6,2012,3,2,3,2,2,1,1,1,1,1,1,1,1,1,14,11,1,1,30,1,2
5,12,4,7,2012,3,1,3,1,2,1,1,1,1,1,1,1,1,2,14,6,1,1,,2,2
2,12,4,7,2012,3,1,1,2,2,1,1,1,1,1,1,4,1,2,9,6,1,1,33,2,2
10,12,4,8,2012,3,1,1,2,2,2,3,1,2,1,1,1,1,2,14,6,1,2,,2,2
4,12,4,11,2012,2,1,1,1,2,1,1,1,1,1,1,4,1,2,14,6,1,1,,2,2
5,12,4,12,2012,3,1,1,2,2,1,1,1,1,1,1,1,1,2,14,6,1,1,,1,2
5,12,4,12,2012,3,1,1,1,2,1,1,1,1,1,1,4,1,2,14,11,1,1,,2,2
3,12,4,12,2012,3,1,1,2,2,1,1,1,1,1,1,2,1,2,17,6,2,1,,2,2
8,13,4,8,2012,3,1,3,2,2,1,1,1,1,1,1,1,1,2,14,6,1,1,,1,2
5,13,4,5,2012,3,1,1,2,2,1,4,1,1,1,1,1,1,2,14,6,2,1,,1,2
5,11,3,3,2012,3,1,8,2,2,1,1,1,1,1,1,1,1,2,9,6,1,1,32,2,2
5,11,4,5,2012,2,7,1,2,2,1,1,1,1,1,2,3,1,2,4,11,1,7,,2,2
5,11,4,5,2012,3,3,1,2,2,2,1,1,2,1,1,1,1,2,12,8,1,7,,2,2