Thana,District,Accident_Severity,Month,Year,Time,Junction_Type,Traffic_Control,Movement,Divider,Weather,Light,Road_Geometry,Surface_Condition,Surface_Type,Surface_Quality,Road_Class,Road_Feature,Location_Type,Vehicle_Type,Vehicle_Movement,Vehicle_Loading,Vehicle_Defect,Vehicle_Driver_Age,Vehicle_Alcohol,Vehicle_Seat_Belt
6,11,4,3,2012,2,1,1,2,2,1,1,1,1,1,1,4,1,2,17,6,1,5,33,2,2
9,11,4,6,2012,3,1,8,2,2,1,1,1,1,1,2,3,1,2,14,6,1,7,40,2,2
9,11,4,5,2012,4,7,8,2,2,1,2,2,1,3,2,4,1,2,17,6,2,1,50,2,2
5,11,4,1,2012,2,3,1,2,2,1,1,1,2,1,1,1,1,2,13,6,1,7,,2,2
11,11,4,4,2012,3,4,8,1,2,2,1,1,1,1,1,3,1,2,17,4,1,1,,2,2
3,11,4,6,2012,3,1,3,1,2,1,1,1,1,1,1,2,1,2,13,6,1,1,35,2,2
1,11,1,4,2012,1,2,3,2,2,1,3,2,1,1,2,5,1,1,4,2,1,1,30,2,2
10,11,4,7,2012,4,1,1,2,2,2,4,1,2,1,1,2,1,2,14,6,2,1,,1,2
10,11,3,2,2012,4,3,1,2,2,1,2,1,1,1,1,3,1,2,4,6,1,1,,2,2
8,11,4,5,2012,4,7,8,2,2,1,1,1,1,1,1,2,1,2,8,11,1,1,28,2,2
1,11,4,4,2012,3,4,1,2,2,1,1,5,5,1,2,2,1,1,17,4,1,7,30,2,2
1,11,4,3,2012,2,7,1,2,2,1,1,1,1,1,1,3,1,1,13,4,1,1,35,2,2
9,16,4,1,2012,3,1,1,2,2,1,1,1,5,1,1,1,1,2,,,,,,,
10,16,4,2,2012,1,1,1,2,1,4,1,1,1,1,1,2,2,2,9,5,1,2,,2,2
10,16,4,2,2012,2,1,1,2,2,1,1,1,1,1,1,1,1,2,15,11,,,,2,2
10,16,4,3,2012,2,1,8,1,2,1,1,1,5,1,1,1,1,2,7,11,1,7,,1,2
11,16,1,3,2012,2,1,1,2,2,1,1,1,1,1,1,1,1,2,12,6,1,1,,2,2
11,16,4,3,2012,1,3,1,2,2,1,2,2,1,1,1,1,1,2,9,6,1,1,,1,2
11,16,4,4,2012,1,1,7,2,1,1,1,1,1,1,1,1,1,2,9,6,1,1,,2,2
2,16,3,5,2012,2,1,1,1,2,1,1,1,1,1,1,4,1,2,8,6,1,1,48,2,2
8,16,4,5,2012,2,1,1,2,2,1,1,1,1,1,1,1,1,2,14,11,1,1,,1,2
9,16,4,5,2012,2,1,1,2,2,1,1,1,1,1,1,1,1,2,19,6,2,7,,2,2
7,16,4,5,2012,1,3,1,2,1,1,2,4,1,1,2,4,1,2,6,6,1,7,45,2,2
11,16,4,5,2012,2,1,6,2,2,1,1,1,1,1,1,1,1,2,9,6,1,1,,,
11,16,4,6,2012,2,1,1,2,2,1,1,1,1,1,1,1,1,2,12,6,1,1,,1,2
11,16,4,6,2012,2,1,1,2,2,1,1,1,1,1,1,1,1,2,9,6,2,1,,1,2
10,16,1,6,2012,1,1,6,2,2,1,2,1,1,1,1,1,1,2,13,6,1,1,,2,2
11,16,4,7,2012,2,1,2,2,2,1,1,1,1,1,1,1,1,2,9,6,1,1,,1,2
6,16,4,7,2012,2,1,1,2,2,1,1,2,1,1,1,1,1,2,14,6,2,1,,1,2
11,16,4,7,2012,1,1,1,2,2,1,4,1,1,1,1,1,1,2,,,,,,,
6,16,1,7,2012,2,1,1,2,2,1,1,1,1,1,1,1,1,2,12,6,1,1,,2,2
10,16,4,9,2012,2,1,1,2,2,2,1,1,1,1,1,1,1,2,,,,,,,
11,16,4,10,2012,3,1,1,2,2,1,1,1,1,1,1,1,1,2,14,6,1,1,,2,2
10,16,4,10,2012,4,1,2,2,2,1,1,1,1,1,1,1,1,1,,,,,,,
11,16,4,11,2012,1,1,1,2,2,1,4,1,1,1,1,1,1,2,,,,,,,
6,16,4,11,2012,1,1,3,2,2,1,2,1,1,1,1,1,1,2,,,,,,,
10,16,4,10,2012,4,4,3,2,2,1,1,1,1,1,1,1,1,,,6,,,,,
10,16,4,6,2012,3,1,3,2,2,1,1,1,1,1,1,1,1,2,4,6,1,1,28,1,1
10,9,4,9,2012,3,1,1,1,2,1,1,1,1,1,1,1,2,1,14,9,1,1,,2,2
10,9,4,9,2012,1,1,1,1,2,1,1,1,1,1,1,1,1,2,19,6,1,1,,2,2
1,14,4,2,2012,3,1,1,2,1,1,1,1,1,1,1,5,1,1,4,6,1,1,25,2,2
1,14,4,7,2012,3,7,1,2,2,1,1,1,1,1,1,3,1,2,19,11,2,7,25,2,2
1,14,3,8,2012,4,2,4,1,1,1,1,1,1,1,1,5,1,1,8,2,1,3,40,2,2
1,14,4,10,2012,4,1,1,2,2,1,2,1,1,1,1,1,1,1,19,6,2,7,,2,2
3,14,4,2,2012,3,1,1,1,2,1,1,1,1,1,1,5,1,1,19,6,1,1,30,2,2
2,14,3,12,2011,3,4,8,2,2,1,1,1,1,1,1,1,1,2,4,2,2,7,28,2,2
2,14,3,8,2012,2,7,1,2,2,1,1,1,1,1,1,1,1,2,19,11,1,7,25,2,2
2,14,3,10,2012,3,7,1,2,1,1,1,1,1,1,1,1,1,1,10,5,1,7,,2,2
2,14,4,12,2012,1,4,1,2,2,4,2,1,2,1,1,1,1,1,19,11,1,7,,1,1
4,14,1,3,2012,2,7,1,2,1,1,1,1,1,1,1,1,1,1,4,11,1,1,25,1,1
4,14,4,3,2012,2,7,3,2,2,1,1,1,1,1,1,1,1,2,4,6,1,7,26,2,2
4,14,4,4,2012,2,7,8,2,2,1,2,1,1,1,1,2,1,1,19,6,1,3,,2,2
4,14,4,12,2012,3,7,8,2,2,4,1,1,5,1,1,3,1,2,4,11,1,1,25,2,2
1,2,4,2,2012,3,7,8,2,2,1,1,2,1,1,1,2,1,2,4,5,2,1,,2,2
5,6,4,1,2012,3,1,1,2,2,1,1,1,1,1,1,4,1,2,4,6,1,1,,1,2
1,2,4,3,2012,4,1,1,2,2,1,2,1,1,1,1,4,1,2,19,6,2,1,34,2,2
4,2,4,4,2012,2,1,1,2,2,1,1,1,1,1,1,4,1,2,17,6,2,1,25,2,2
4,2,4,2,2012,4,1,1,2,2,1,2,1,1,1,1,4,1,2,17,6,1,1,,2,2
10,7,4,12,2012,3,2,1,2,2,1,1,1,1,1,1,4,1,2,19,6,2,6,22,2,2
1,1,4,3,2012,3,1,1,2,2,1,1,1,1,1,1,1,1,1,14,6,1,1,,2,2
1,1,4,5,2012,4,1,1,2,2,1,4,1,1,1,1,1,1,2,12,6,1,1,35,2,2
5,1,4,10,2012,3,1,1,2,2,1,1,1,1,1,1,1,1,2,8,6,1,1,,2,2
3,6,4,1,2012,3,1,1,2,2,1,1,1,1,1,1,1,1,2,14,6,1,1,,2,2
2,6,4,2,2012,3,1,1,2,2,1,1,1,1,1,1,3,1,1,19,6,2,1,26,2,2
1,6,4,3,2012,2,1,1,2,2,1,4,1,1,1,1,5,1,2,19,11,1,1,,2,2
5,6,3,5,2012,4,1,1,2,2,1,4,1,1,1,1,4,1,2,1,6,1,1,,2,2
4,6,4,6,2012,3,3,1,2,2,1,1,2,1,3,3,3,3,2,9,2,1,1,,2,2
5,6,4,7,2012,1,1,1,2,2,1,1,1,1,1,1,4,1,1,14,6,1,1,,2,2
3,6,4,7,2012,4,1,1,2,2,1,2,2,1,1,1,4,1,2,8,1,1,1,,2,2
3,6,4,10,2012,2,1,1,2,2,1,1,1,1,1,1,1,1,2,8,6,1,1,45,2,2
2,6,4,11,2012,2,1,1,2,2,4,2,1,1,1,1,1,1,2,14,6,1,1,,2,2
4,6,4,11,2012,3,3,1,2,2,1,1,1,1,1,1,4,1,2,17,2,1,1,27,2,2
2,4,4,2,2012,3,1,1,2,2,1,1,1,1,1,1,3,1,2,4,6,1,1,24,2,2
1,4,4,3,2012,3,3,1,2,2,1,1,1,1,1,3,4,1,2,8,6,2,1,,2,2
1,4,3,5,2012,4,1,1,2,2,1,4,1,1,1,1,2,1,1,12,6,1,3,28,2,2
1,4,3,6,2012,3,1,1,2,2,1,1,1,1,1,1,4,1,2,9,6,1,1,30,2,2
6,6,4,8,2012,3,1,1,2,2,1,1,1,1,1,1,3,1,2,17,6,2,1,,2,2
4,8,4,3,2012,3,1,1,2,2,1,2,1,1,1,1,1,1,2,4,6,1,1,,2,2
3,8,3,5,2012,1,1,1,2,2,1,4,1,1,1,1,1,1,2,9,6,1,1,,2,2
1,8,4,5,2012,4,1,1,1,2,1,2,1,1,1,1,2,1,1,7,6,1,1,28,2,2
1,8,1,8,2012,3,1,1,2,1,1,1,1,1,1,1,2,1,2,9,5,1,1,,2,2
3,8,4,9,2012,3,1,1,2,2,1,1,1,1,1,1,1,1,2,14,6,1,1,30,2,2
7,8,4,9,2012,2,1,1,2,2,1,1,1,1,1,1,3,1,2,4,1,1,1,,2,2
3,8,4,12,2012,1,1,1,2,2,1,2,1,1,1,1,1,1,2,14,6,1,1,,2,2
3,8,4,12,2012,2,1,1,2,2,1,1,1,1,1,1,1,1,2,14,6,1,1,,2,2
1,5,4,2,2012,2,1,1,1,1,1,1,1,1,1,1,1,1,2,14,6,1,1,,2,2
1,5,4,2,2012,4,1,1,2,2,1,4,1,1,1,1,1,1,1,14,6,1,1,,2,2
8,5,4,2,2012,4,1,1,2,2,1,4,1,1,1,1,1,1,2,11,6,1,1,,2,2
5,5,4,2,2012,4,1,1,2,2,1,2,1,1,1,1,1,1,2,12,6,1,1,,2,2
2,5,3,1,2012,2,4,1,2,2,4,1,2,1,1,1,2,1,2,17,6,2,7,,2,2
5,5,4,3,2012,3,1,1,2,2,1,2,1,1,1,1,1,1,2,9,6,1,1,,2,2
5,5,4,3,2012,2,1,1,2,2,1,1,1,1,1,1,1,1,2,14,6,1,1,,2,2
6,5,4,3,2012,4,1,1,2,2,1,4,1,1,1,1,1,1,2,19,6,1,1,,2,2
8,5,4,4,2012,3,1,1,2,2,1,1,1,1,1,1,1,1,1,14,6,2,1,,2,2
5,5,4,6,2012,3,1,1,2,2,1,1,1,1,1,1,1,1,2,14,6,1,1,,2,2
5,5,4,7,2012,3,1,1,2,2,1,1,1,1,1,1,1,1,2,6,1,1,1,,2,2
5,5,4,7,2012,4,1,1,2,2,1,2,1,1,1,1,1,1,2,9,6,1,1,,2,2
6,5,4,7,2012,3,1,1,2,2,1,1,1,1,1,1,1,1,2,9,6,1,1,,2,2
1,5,4,7,2012,4,1,1,2,2,1,4,1,1,1,1,1,1,2,9,6,1,1,,2,2
5,5,4,7,2012,4,1,1,2,2,1,4,1,1,1,1,1,1,2,9,6,1,1,,2,2
6,5,4,9,2012,1,1,1,2,2,1,4,1,1,1,1,1,1,2,14,6,1,1,,2,2
8,5,4,10,2012,2,1,1,2,2,1,4,1,1,1,1,1,1,2,14,6,1,1,,2,2
5,5,4,10,2012,4,1,1,2,2,1,4,1,1,1,1,1,1,2,9,6,1,1,45,2,2
2,5,3,11,2012,4,1,1,2,2,1,2,1,1,1,2,4,1,2,9,6,1,1,33,1,2
5,5,4,12,2012,4,1,1,2,2,1,4,1,1,1,1,1,1,2,9,6,1,1,,2,2
2,5,4,12,2012,3,1,1,2,2,1,1,1,1,1,1,4,1,2,13,1,1,1,,2,2
4,3,4,6,2012,1,1,1,2,2,2,4,1,2,1,1,1,1,2,14,6,1,1,,2,2
2,3,4,6,2012,1,1,1,2,2,2,4,1,2,1,1,4,1,2,4,6,1,1,,2,2
12,3,4,11,2012,3,1,1,2,2,1,1,1,1,1,1,2,1,2,4,6,1,1,45,2,2
13,3,4,1,2012,2,1,1,2,2,1,1,1,1,1,1,4,1,2,6,7,1,1,25,2,2
13,3,4,2,2012,2,1,1,2,2,1,1,1,1,1,1,5,1,2,8,6,1,1,,1,2
13,3,4,6,2012,2,1,1,2,2,1,1,1,1,1,1,3,1,2,4,6,1,1,32,2,2
13,3,3,11,2012,4,1,1,2,2,1,4,1,1,1,1,4,1,2,14,6,1,1,,1,2
1,2,4,2,2012,3,1,1,2,2,1,1,2,1,1,1,2,1,1,4,5,2,1,,2,2
3,70,4,1,2012,1,7,1,2,2,4,4,1,1,1,1,1,1,2,9,11,1,7,35,2,2
3,70,4,2,2012,1,7,1,2,2,1,2,1,1,1,1,1,1,2,9,11,1,7,35,2,2
1,70,3,3,2012,2,1,1,2,2,1,3,1,1,1,1,5,1,1,14,6,1,7,35,2,2
2,70,4,10,2012,3,7,1,1,2,1,1,1,1,1,1,1,1,1,13,6,1,7,45,2,2
2,70,4,12,2012,4,7,4,2,1,1,3,1,1,1,1,5,1,1,14,6,1,7,25,2,1
3,70,3,11,2012,4,7,8,1,2,1,1,1,1,1,1,5,1,1,5,6,1,7,20,1,2
6,70,4,3,2012,4,7,1,2,2,1,4,1,1,1,1,1,1,2,16,6,1,7,45,2,2
6,70,4,4,2012,4,2,1,2,2,2,4,1,2,1,1,3,1,2,19,1,1,7,35,2,2
6,70,4,4,2012,1,1,1,2,2,2,4,1,2,2,1,1,1,2,9,6,1,7,30,1,2
6,70,4,5,2012,3,3,1,2,2,1,1,1,1,1,1,1,1,2,14,6,1,7,,1,2
6,70,3,8,2012,2,7,8,2,1,1,4,1,1,1,1,1,1,2,9,6,1,7,35,2,2
4,70,1,2,2012,2,1,1,2,2,1,1,1,1,1,1,4,2,2,19,6,1,7,35,2,2
6,70,4,10,2012,2,3,8,1,2,1,2,1,1,1,1,5,5,1,10,6,1,3,28,2,2
2,70,4,11,2012,4,7,6,2,1,3,1,1,1,1,1,5,1,1,14,6,1,7,,2,2
1,70,3,12,2012,2,4,1,2,1,3,1,1,1,1,1,5,1,1,5,5,1,7,35,2,2
1,56,4,1,2012,3,3,8,2,2,1,1,2,5,1,2,4,1,2,6,6,1,3,30,2,2
6,56,4,1,2012,3,1,1,2,2,1,1,1,1,3,1,4,1,2,12,11,1,1,25,2,2
1,56,4,2,2012,2,7,8,2,2,1,1,1,1,1,1,2,1,1,14,6,1,1,18,2,2
3,56,4,1,2012,2,1,1,2,2,1,1,1,1,1,1,1,1,2,9,5,1,1,25,1,2
1,56,4,3,2012,3,1,1,2,2,1,1,1,1,1,1,2,1,1,6,6,1,7,25,2,2
7,56,4,3,2012,2,4,1,2,2,1,1,1,1,1,1,3,1,2,17,11,1,1,,1,2
2,56,4,3,2012,3,1,1,2,2,1,1,1,1,1,1,4,1,2,19,6,1,7,,1,2
6,56,4,4,2012,2,1,2,1,2,1,1,1,1,1,1,2,1,2,8,11,1,1,,2,2
3,53,4,1,2012,3,1,1,2,2,1,1,1,1,3,1,4,1,2,17,11,1,7,25,2,2
5,53,4,1,2012,2,1,1,1,2,1,1,1,1,1,1,2,1,1,6,8,1,1,26,2,2
11,53,4,1,2012,1,1,2,2,2,1,1,1,1,1,1,4,1,2,4,5,2,1,40,1,2
6,53,4,1,2012,2,1,1,1,2,1,1,1,1,1,1,4,1,2,5,8,1,7,25,2,2
12,53,3,2,2012,3,3,1,2,2,1,1,1,1,1,1,1,1,1,8,6,1,1,40,2,2
6,53,1,2,2012,3,1,1,1,2,1,2,1,1,1,1,4,1,2,8,11,1,1,40,2,2
12,53,4,3,2012,4,7,1,2,2,1,2,1,1,1,1,3,1,2,4,6,1,1,,2,2
8,53,4,3,2012,2,1,1,2,2,1,1,1,1,1,1,4,1,2,4,6,2,6,35,2,2
12,53,4,3,2012,2,7,1,2,2,1,1,1,1,1,1,4,1,2,6,6,2,1,25,2,2
4,53,3,3,2012,2,1,1,2,2,1,1,1,1,1,1,4,1,2,6,6,2,7,45,2,2
3,53,4,3,2012,3,7,1,2,2,1,1,1,1,1,1,2,1,2,12,6,1,1,,2,2
1,53,1,3,2012,3,1,1,1,2,1,1,1,1,1,1,2,4,2,4,7,2,7,,2,2
4,53,4,5,2012,3,1,1,2,2,1,1,1,1,1,1,2,1,2,19,11,2,7,30,2,2
11,54,4,1,2012,2,7,8,2,2,1,1,1,1,1,1,4,1,2,12,11,2,7,28,2,2
5,54,4,1,2012,3,7,1,2,2,1,1,1,1,1,1,2,1,2,13,6,1,1,25,2,2
6,55,4,1,2012,3,1,1,2,2,1,1,1,1,1,1,2,1,1,13,6,2,7,23,2,2
4,55,3,1,2012,3,2,1,2,1,1,1,1,1,1,1,1,1,2,10,4,1,7,,2,2
6,55,4,2,2012,4,1,1,2,2,1,4,1,1,1,1,2,1,2,19,11,2,7,,1,2
4,55,4,7,2012,1,1,1,2,2,1,1,1,1,1,1,2,1,2,17,11,2,7,28,2,2
4,55,4,7,2012,2,4,1,1,2,1,1,3,5,1,1,4,1,2,8,11,2,7,35,2,2
3,56,4,5,2012,2,1,1,2,2,1,2,1,1,1,1,1,1,2,14,6,1,1,0,2,2
7,56,4,3,2012,3,7,1,2,2,4,4,1,1,1,1,1,1,2,19,11,2,7,,1,2
3,53,4,6,2012,4,1,1,1,2,2,2,1,2,1,2,4,1,2,4,6,1,7,19,2,2
4,53,4,6,2012,3,7,8,2,2,1,1,1,1,1,1,4,1,2,19,6,2,1,24,2,2
1,53,1,8,2012,2,7,8,1,2,1,1,1,1,1,1,4,1,2,4,11,2,7,27,2,2
7,53,4,9,2012,2,1,1,2,2,1,1,1,1,1,1,4,1,2,13,6,1,1,,2,2
1,53,1,10,2012,3,7,1,2,2,1,1,1,1,1,1,4,1,2,12,11,1,1,26,2,2
3,53,4,10,2012,2,7,1,2,2,1,1,1,5,1,1,2,1,2,4,11,1,7,19,2,2
12,53,4,11,2012,4,3,1,2,2,1,4,1,1,1,1,1,1,2,19,11,2,7,,1,2
6,55,4,8,2012,4,7,8,1,2,1,2,1,2,1,1,2,4,1,13,6,1,1,50,2,2
5,55,4,8,2012,4,7,1,2,2,1,1,1,1,1,1,1,1,2,7,6,1,7,,,
1,55,4,9,2012,4,1,1,2,2,2,2,1,2,1,1,2,1,2,7,6,2,7,,2,2
6,55,3,9,2012,4,7,1,2,2,1,1,1,1,1,1,1,1,2,19,11,2,1,35,2,2
9,56,4,11,2012,2,7,1,1,2,1,1,1,1,1,1,1,1,2,13,6,1,1,,1,2
2,56,3,11,2012,4,1,1,2,2,1,1,1,1,1,1,2,1,2,4,11,1,1,20,2,2
7,56,4,10,2012,1,7,1,2,2,1,3,1,1,1,1,1,1,2,,,1,7,,2,2
9,56,4,10,2012,4,7,1,2,2,1,1,1,1,1,1,1,1,2,,,,,,,
7,56,4,9,2012,4,7,1,2,2,1,2,1,1,1,1,1,1,2,,,1,7,,2,2
6,56,4,7,2012,3,7,8,1,2,2,1,1,2,1,1,4,1,2,8,11,1,1,,2,2
13,54,4,5,2012,4,7,1,1,2,1,3,1,1,1,1,1,1,2,14,6,2,1,,1,2
1,55,3,11,2012,4,2,1,2,2,1,4,1,1,1,1,1,1,2,13,6,2,7,39,2,2
4,55,4,11,2012,1,3,8,2,2,2,1,1,2,1,1,1,1,2,,,,,,,
1,55,4,10,2012,1,7,1,2,2,1,4,1,1,1,1,1,1,2,19,11,2,7,25,2,2
6,55,4,10,2012,4,1,1,2,2,1,2,1,1,1,1,4,1,2,15,11,1,7,22,1,1
8,54,4,12,2012,3,7,1,2,2,1,1,1,1,1,1,1,2,,14,11,1,1,48,2,2
5,54,4,9,2012,2,1,1,2,2,1,1,3,1,3,2,3,4,2,14,6,1,1,35,2,2
4,54,4,10,2012,3,1,1,2,2,1,1,1,1,1,1,4,,,5,11,1,1,24,2,2
4,54,4,11,2012,2,7,1,2,2,1,1,1,1,1,1,4,1,2,12,6,1,1,,2,2
3,54,4,5,2012,2,2,1,2,2,1,1,1,1,1,1,4,1,1,4,6,2,1,19,2,2
3,54,1,9,2012,4,2,1,2,2,1,3,1,1,1,1,2,1,1,4,6,2,1,,2,2
3,54,3,7,2012,2,1,1,2,2,1,1,1,1,1,1,4,1,2,8,5,1,1,,2,2
13,54,4,1,2012,3,7,8,2,2,1,1,1,1,3,2,4,1,2,17,11,1,7,21,2,2
13,54,4,11,2012,2,1,1,2,2,1,1,1,1,1,1,1,1,2,9,6,1,7,44,2,2
8,56,4,10,2012,1,1,1,2,2,1,4,1,1,1,1,1,1,2,9,6,1,1,,2,2
8,56,4,10,2012,1,2,1,2,2,1,1,1,1,1,1,1,1,2,9,6,1,1,45,2,2
8,56,4,11,2012,2,1,1,1,2,1,1,1,1,1,1,1,1,2,9,6,1,1,,2,2
6,55,4,5,2012,2,1,3,2,2,1,1,1,1,1,1,1,1,1,9,6,1,1,,2,2
8,53,4,8,2012,3,1,1,2,2,1,1,1,1,2,2,4,4,2,19,6,2,1,,2,2
9,54,4,3,2012,3,1,8,2,2,1,2,4,1,1,2,4,1,2,18,11,1,7,,2,2
3,54,4,10,2012,2,3,1,1,2,1,1,1,1,1,1,1,1,2,7,6,1,1,30,2,2
8,54,4,7,2012,2,7,1,2,2,1,4,1,1,1,1,4,1,2,19,6,2,7,,1,2
8,54,4,9,2012,4,7,1,2,2,1,4,1,1,1,2,1,1,2,13,6,1,1,,2,2
8,54,4,10,2012,3,7,1,2,2,1,1,1,1,1,1,4,1,2,5,6,2,1,,2,2
3,53,4,6,2012,3,1,8,1,2,1,1,1,1,1,1,4,1,2,5,5,1,1,20,2,2
8,54,4,10,2012,1,6,8,1,2,1,1,1,1,1,2,2,1,2,19,1,2,7,,1,2
8,54,4,11,2012,2,7,8,1,2,1,1,1,1,1,1,2,1,2,13,1,2,7,,1,2
5,54,4,1,2012,1,7,1,2,2,1,4,3,2,1,2,3,1,2,2,1,2,7,35,1,2
10,54,3,7,2012,3,1,1,2,2,1,1,1,1,1,1,4,1,2,5,11,2,1,,2,2
8,54,4,12,2012,3,7,1,2,2,1,1,1,1,1,1,1,1,2,13,6,1,7,35,2,2
9,54,4,3,2012,1,1,7,1,1,1,4,1,1,1,2,4,1,2,17,6,,4,,2,2
13,54,4,5,2012,1,2,1,2,1,2,2,1,1,1,2,2,1,1,14,2,2,7,52,2,2
2,56,4,4,2012,2,1,1,2,2,1,1,3,2,3,2,4,1,1,6,6,1,1,,2,2
12,53,4,10,2012,3,7,1,2,2,1,1,1,1,1,1,2,1,2,9,6,1,7,,2,2
1,69,3,8,2013,3,1,1,2,2,1,1,2,2,1,1,1,1,1,6,6,1,1,28,2,2
3,69,4,8,2013,3,1,3,2,2,1,1,1,1,1,1,5,1,1,6,6,1,1,27,2,2
2,69,4,1,2013,3,3,1,2,2,1,1,1,1,1,1,1,1,1,12,6,1,1,,1,2
2,69,4,2,2013,2,1,1,2,2,1,1,1,1,1,1,5,1,2,8,6,1,3,,2,2
4,69,4,5,2013,2,1,1,2,2,2,1,1,2,1,1,4,1,2,14,6,1,1,,2,2
4,69,1,5,2013,2,1,1,2,2,3,2,2,2,1,2,1,1,2,9,2,1,1,,2,2
1,69,4,11,2013,3,1,1,2,2,1,1,1,1,1,1,5,1,1,4,6,1,1,22,2,2
10,34,1,1,2013,2,3,1,2,2,1,1,1,1,1,1,1,1,2,19,6,1,1,20,2,2
10,34,3,4,2013,3,7,1,2,2,1,1,1,1,1,1,1,1,2,10,6,1,5,,2,2
4,34,4,4,2013,3,7,8,2,2,1,1,4,1,2,2,4,1,2,9,11,1,3,35,2,2
6,34,4,3,2013,4,1,1,2,2,1,2,1,1,1,1,1,1,2,4,6,1,1,,2,2
8,34,4,1,2013,3,1,1,2,2,1,1,1,1,1,1,2,1,2,4,6,2,7,27,2,2
4,30,4,2,2013,2,1,1,2,2,1,1,1,1,1,1,4,1,2,19,6,1,1,,2,2
5,30,4,2,2013,4,3,3,2,2,1,2,1,1,1,1,1,1,2,9,6,1,1,,2,2
5,30,4,4,2013,2,4,8,2,2,1,1,4,1,3,2,3,4,2,17,6,1,1,,2,2
3,30,3,2,2013,2,1,1,2,2,1,2,1,1,1,1,3,1,2,6,9,2,3,60,2,2
7,30,4,3,2013,2,1,1,2,2,1,1,1,1,1,1,1,1,2,9,6,1,1,30,2,2
2,30,4,4,2013,2,1,1,2,2,1,1,2,1,1,1,4,1,2,4,6,1,1,,2,2
4,32,4,3,2013,1,1,1,2,2,1,4,1,1,1,1,1,1,2,14,6,1,1,,2,2
1,31,4,2,2013,2,1,1,2,2,1,2,2,1,1,1,2,1,2,6,1,1,7,35,2,2
1,31,3,3,2013,4,1,1,2,2,1,2,1,1,1,1,2,1,2,19,6,1,1,40,2,2
2,31,4,4,2013,3,3,1,2,2,1,1,1,1,1,1,5,1,1,19,6,1,1,25,2,2
6,34,4,6,2013,2,1,1,2,2,1,2,1,1,1,1,1,1,2,4,6,1,1,32,2,2
2,30,4,5,2013,1,1,1,2,2,1,1,1,1,1,1,4,1,2,6,1,1,7,,2,2
1,33,4,5,2013,1,1,8,2,2,1,4,1,1,1,1,3,1,2,4,6,1,1,,2,2
6,34,4,6,2013,3,1,1,2,2,1,2,1,1,1,1,1,1,2,14,6,1,1,,2,2
4,32,1,6,2013,4,1,1,2,2,1,4,1,1,1,1,1,1,2,9,6,1,1,,2,2
5,34,4,6,2013,2,1,1,2,2,1,1,2,1,1,1,1,1,2,9,6,1,1,,2,2
10,34,4,8,2013,2,1,1,2,2,1,1,1,1,1,1,1,1,2,7,1,1,1,,2,2
7,34,4,8,2013,2,2,8,2,2,1,1,2,1,1,2,3,1,2,19,1,2,7,,2,2
2,31,4,7,2013,4,7,1,2,2,1,1,1,1,1,1,4,1,2,12,6,1,1,,2,2
6,34,4,9,2013,3,1,1,2,2,1,1,1,1,1,1,1,1,2,14,6,1,1,42,2,2
4,34,4,10,2013,4,7,3,2,2,1,2,1,1,1,2,3,1,2,4,11,1,1,,2,2
10,34,4,10,2013,3,1,1,2,2,1,1,1,1,1,1,2,3,,19,6,1,3,,2,2
8,34,3,10,2013,2,7,8,2,2,1,1,1,1,2,3,4,1,2,4,2,1,7,26,2,2
1,33,4,10,2013,2,1,1,2,2,1,2,1,1,1,1,2,1,2,19,6,1,1,,1,1
1,33,4,9,2013,3,1,1,2,2,1,1,5,1,1,2,2,1,2,19,6,2,7,,2,2
5,33,4,9,2013,2,7,8,2,2,1,2,4,1,1,1,4,1,1,12,1,2,7,,2,2
4,32,4,10,2013,2,1,1,2,2,1,1,1,1,1,1,3,1,2,9,6,1,1,,2,2
2,32,4,10,2013,2,1,8,2,2,1,1,1,1,1,1,1,1,2,19,6,1,6,,2,2
5,31,4,1,2013,2,7,1,1,2,1,1,1,1,1,1,4,1,2,19,6,2,7,20,2,2
2,31,4,1,2013,4,7,1,2,2,1,4,2,1,1,1,4,4,2,19,11,2,7,32,2,2
2,31,4,3,2013,2,1,1,2,2,1,2,1,1,1,1,4,1,2,19,6,1,1,,2,2
2,31,3,10,2013,4,3,1,2,2,1,1,1,1,1,1,4,1,2,4,4,1,1,,2,2
2,33,4,12,2013,3,7,8,2,2,1,3,1,1,1,1,1,1,2,19,6,1,7,,2,2
5,33,4,12,2013,3,7,8,1,1,4,2,1,1,1,1,2,1,2,4,6,1,4,,2,2
9,33,4,12,2013,2,7,8,1,2,4,2,1,1,1,1,3,1,2,13,6,2,7,,2,2
1,30,4,7,2013,2,2,1,2,2,1,1,1,1,1,1,1,1,2,9,5,1,7,45,2,2
2,30,4,8,2013,4,7,8,2,2,1,1,1,1,1,1,4,1,2,9,6,1,1,,2,2
2,30,4,9,2013,2,7,8,2,2,1,1,1,1,1,1,1,1,2,19,11,1,7,,2,2
5,30,4,9,2013,4,1,8,2,2,2,1,1,2,1,1,4,4,2,4,6,1,1,,2,2
3,30,3,10,2013,2,1,1,2,2,2,1,1,2,1,3,4,1,2,4,4,1,1,28,2,2
3,32,4,12,2013,2,7,1,2,2,1,3,1,1,1,1,1,1,2,4,6,1,7,43,2,2
1,32,4,12,2013,3,3,1,2,2,4,1,1,2,1,1,2,1,2,19,11,1,7,,2,2