Thana,District,Accident_Severity,Month,Year,Time,Junction_Type,Traffic_Control,Movement,Divider,Weather,Light,Road_Geometry,Surface_Condition,Surface_Type,Surface_Quality,Road_Class,Road_Feature,Location_Type,Vehicle_Type,Vehicle_Movement,Vehicle_Loading,Vehicle_Defect,Vehicle_Driver_Age,Vehicle_Alcohol,Vehicle_Seat_Belt
4,34,4,12,2013,3,1,1,2,2,1,1,1,1,1,1,4,1,2,4,6,1,1,28,2,2
2,30,4,11,2013,2,7,1,2,2,1,1,1,1,1,1,4,1,2,4,11,1,1,,2,2
2,30,4,11,2013,2,7,8,2,2,1,1,1,1,1,1,4,1,2,19,1,1,7,,2,2
2,30,4,12,2013,3,1,1,2,2,1,1,1,1,1,2,4,1,2,19,9,1,7,,2,2
5,30,4,12,2013,3,7,1,2,2,1,1,1,1,1,1,4,1,2,4,6,1,1,,2,2
2,27,4,1,2013,2,1,1,2,2,1,1,1,1,1,1,3,1,2,9,11,1,1,,2,2
2,27,4,4,2013,4,1,1,2,2,1,1,1,1,1,1,3,1,2,9,6,1,1,,2,2
2,27,3,7,2013,4,7,1,2,2,1,1,1,1,1,1,2,1,2,12,8,1,7,,2,2
2,27,4,8,2013,4,1,1,2,2,1,1,1,1,1,1,2,1,2,4,6,2,6,15,2,2
2,27,4,8,2013,,1,8,2,2,1,1,1,1,1,1,4,1,2,4,6,1,1,,2,2
2,27,4,9,2013,4,1,1,2,2,1,1,2,1,1,1,4,,,4,1,1,1,25,2,2
2,27,4,12,2013,2,3,1,2,2,1,1,2,1,1,1,2,1,2,4,6,2,1,,2,2
2,27,3,11,2013,4,2,1,2,2,1,2,1,1,1,1,1,1,2,12,6,1,7,36,2,2
5,27,4,6,2013,2,7,8,2,2,1,4,1,1,1,1,3,1,2,4,6,1,7,,2,2
5,27,3,7,2013,4,7,1,2,2,1,1,1,1,1,2,3,1,2,12,6,2,7,,2,2
5,27,4,10,2013,2,7,1,2,2,1,1,1,1,1,1,3,1,2,6,6,1,2,28,2,2
5,27,3,11,2013,4,7,1,2,2,1,2,1,1,1,1,3,1,2,4,6,2,7,,2,2
4,27,4,8,2013,4,1,8,2,2,2,1,1,5,1,3,2,1,2,4,6,1,1,22,2,2
4,32,4,2,2013,,1,1,1,1,1,1,1,1,1,1,2,,,13,6,1,1,,2,2
13,64,4,6,2013,2,1,1,1,1,2,1,1,1,1,3,5,4,1,9,6,1,7,,1,2
5,64,4,4,2013,3,1,1,2,2,1,2,1,1,1,1,5,1,1,14,6,1,1,,1,2
5,64,4,7,2013,2,3,1,2,2,1,1,1,1,1,1,5,1,1,9,6,1,1,,1,2
7,64,3,2,2013,1,3,1,2,2,1,4,1,1,1,1,5,1,1,13,6,1,3,,1,2
7,64,4,5,2013,2,5,6,1,1,1,1,1,1,1,1,5,1,1,6,6,2,6,28,1,2
7,64,4,8,2013,3,1,4,2,2,1,1,1,1,1,1,5,1,1,5,6,1,3,35,1,2
1,64,4,1,2013,1,2,6,2,2,1,2,1,1,1,1,5,1,1,14,6,2,1,41,2,2
1,64,3,2,2013,2,2,4,2,1,1,2,1,1,1,1,5,1,1,9,6,1,1,35,1,2
1,64,3,3,2013,4,1,4,2,1,1,3,1,1,1,3,5,1,1,13,6,2,1,27,2,2
1,64,4,3,2013,2,5,4,2,1,1,1,2,1,1,1,5,1,1,6,6,1,7,23,2,2
1,64,3,5,2013,4,5,4,2,2,1,3,1,1,1,1,5,1,1,14,2,1,1,,2,2
1,64,3,5,2013,2,2,6,2,2,2,1,2,2,1,1,5,1,1,14,2,1,7,32,2,2
1,64,4,7,2013,4,1,1,2,1,1,3,2,1,1,1,5,1,1,5,6,1,7,,1,2
1,64,4,8,2013,3,3,2,1,1,1,1,1,1,1,1,5,3,1,8,6,1,1,26,2,2
1,64,4,10,2013,1,1,8,2,1,1,3,1,1,1,1,5,1,1,9,6,1,1,,1,2
1,64,3,11,2013,2,1,4,2,1,1,1,1,1,1,1,5,1,1,9,6,1,7,22,2,2
2,64,4,1,2013,1,3,1,1,2,1,3,1,1,1,1,5,1,1,14,6,1,1,,1,2
2,64,4,4,2013,3,1,1,1,1,1,1,1,1,1,1,5,1,1,14,6,2,1,,1,2
2,64,4,4,2013,4,5,4,2,2,1,3,1,1,1,1,5,1,1,14,6,1,1,,1,2
2,64,4,5,2013,2,3,4,2,2,1,1,1,1,1,1,5,1,1,19,6,1,1,,1,2
2,64,4,7,2013,1,3,1,2,2,1,3,1,1,1,1,5,1,1,14,6,1,1,,1,2
6,64,4,12,2013,3,1,1,1,1,1,1,1,1,1,1,5,1,1,8,4,1,1,,1,2
16,64,4,7,2013,4,1,1,1,1,1,4,1,1,1,1,5,1,1,8,6,1,1,25,2,2
10,64,4,5,2013,2,7,1,2,2,1,1,1,1,3,1,5,1,1,11,6,1,7,25,1,2
10,64,4,5,2013,2,5,6,1,1,1,1,1,1,1,1,1,1,1,5,6,1,1,,2,2
10,64,3,6,2013,3,7,1,2,2,1,2,1,1,1,1,1,1,1,14,6,1,7,35,1,2
10,64,4,7,2013,3,1,1,2,2,1,1,1,1,1,1,1,1,1,9,6,1,7,35,1,2
3,64,4,4,2013,3,7,1,2,2,1,1,1,1,2,1,5,3,1,13,2,1,1,40,2,2
3,64,4,5,2013,4,5,5,2,2,1,1,1,1,1,1,5,1,1,14,6,1,1,28,1,2
3,64,4,7,2013,3,3,1,1,2,1,1,1,1,1,1,5,1,1,9,6,1,7,,2,2
3,64,4,9,2013,4,1,1,2,1,1,3,1,1,1,1,5,1,1,4,6,1,1,24,1,2
3,64,4,11,2013,2,1,1,1,1,1,1,1,1,1,1,5,1,1,19,6,1,3,,2,2
4,64,4,2,2013,4,1,4,1,1,1,2,1,1,1,1,5,1,1,8,5,1,1,,1,2
4,64,4,4,2013,2,3,6,2,2,1,1,1,1,2,2,5,1,1,14,6,1,1,,1,2
4,64,4,6,2013,1,1,4,2,1,1,2,1,1,1,1,5,1,1,14,6,1,1,,1,2
4,64,4,6,2013,4,1,4,2,1,1,3,1,1,1,1,5,1,1,9,6,1,1,,1,2
4,64,4,8,2013,3,2,5,2,2,1,1,1,1,1,1,5,1,1,9,6,1,1,25,2,2
4,64,3,9,2013,4,5,5,2,1,1,3,1,1,1,1,5,1,1,9,6,1,1,25,2,2
4,64,4,9,2013,2,1,3,2,2,1,1,1,1,1,1,5,1,1,9,6,1,1,,1,2
4,64,4,12,2013,4,1,1,2,1,1,2,1,1,1,1,5,1,1,2,6,1,1,,1,2
4,64,3,12,2013,3,1,2,2,1,1,1,1,1,1,1,5,1,1,6,5,1,1,27,2,2
4,64,4,9,2013,2,1,3,2,2,1,1,1,1,1,1,5,1,1,9,6,1,1,,1,2
11,64,4,2,2013,2,6,1,2,2,1,1,3,1,1,1,5,1,1,10,6,1,3,27,1,2
4,64,4,12,2013,4,1,1,2,1,1,2,1,1,1,1,5,1,1,2,6,1,1,,1,2
11,64,4,3,2013,2,2,1,2,1,1,1,1,1,1,1,5,1,1,9,6,1,1,30,1,2
11,64,3,4,2013,4,1,1,2,1,1,2,1,1,1,1,5,1,1,9,6,1,1,,1,2
11,64,4,7,2013,1,1,1,2,1,2,3,1,2,1,1,5,1,1,10,6,,,,1,1
11,64,4,8,2013,4,1,1,2,1,2,3,1,3,1,2,5,1,1,14,6,1,1,22,1,2
8,64,4,7,2013,3,1,3,2,2,1,1,1,1,1,1,5,1,1,7,6,1,1,22,1,2
8,64,4,8,2013,2,2,1,2,1,1,1,1,1,1,3,5,1,1,5,6,1,1,,1,2
8,64,4,9,2013,2,1,1,2,2,1,1,1,1,1,1,5,1,1,9,6,1,1,28,2,2
8,64,4,10,2013,2,1,1,2,1,1,2,1,1,1,1,5,1,2,9,6,2,1,,1,2
4,57,1,1,2013,2,7,8,2,2,1,1,1,1,1,1,4,1,2,12,6,,7,,,
1,68,3,1,2013,2,7,1,2,2,1,1,2,1,1,1,1,1,1,9,1,2,1,,,
8,59,4,1,2013,2,3,1,2,2,1,1,1,1,3,1,4,1,2,10,6,1,1,26,2,2
1,59,3,1,2013,2,7,8,2,2,1,1,1,1,1,1,3,1,2,12,6,1,1,,2,1
2,59,4,1,2013,2,7,8,,,1,1,1,1,1,1,4,1,2,17,,,1,,,
7,59,4,1,2013,2,7,3,,,1,1,1,1,1,1,4,1,2,14,6,1,1,,2,2
1,68,4,5,2013,4,7,1,2,2,2,4,4,2,1,1,2,1,1,14,6,2,1,,2,2
1,68,4,4,2013,2,7,1,2,2,1,1,4,1,1,1,2,1,2,12,1,2,,,,
2,59,4,3,2013,2,7,8,,2,1,1,3,1,1,1,4,2,2,17,5,2,7,35,1,2
2,59,3,2,2013,2,1,3,,,1,1,1,1,1,1,3,2,2,13,11,1,1,,2,
1,68,3,2,2013,2,1,1,2,2,1,1,4,1,1,1,1,1,1,13,1,2,1,28,,
6,68,4,1,2013,3,1,8,2,2,1,1,4,1,3,2,4,4,2,14,6,1,,40,2,2
1,68,4,4,2013,3,7,1,2,2,1,1,4,1,1,1,1,1,2,11,,2,,,,
1,68,4,3,2013,3,7,1,2,2,1,1,5,1,1,1,1,1,1,9,1,2,1,,,
3,57,3,2,2013,3,7,1,2,2,1,1,1,1,1,1,1,1,2,10,6,1,1,25,2,1
8,57,1,1,2013,2,7,8,2,2,1,1,1,1,1,1,4,1,2,12,6,1,1,,,
7,57,4,1,2013,3,7,1,,,1,1,1,1,1,1,4,1,2,17,2,2,7,,,2
2,57,1,5,2013,3,7,8,2,2,1,1,2,1,1,1,4,1,2,4,6,2,1,,1,2
1,57,3,3,2013,2,7,8,2,,1,3,2,1,1,1,1,1,2,14,2,2,1,,,
1,57,4,3,2013,2,2,1,2,,1,1,1,1,1,1,1,2,,9,11,,,32,2,2
1,68,4,4,2013,3,1,1,2,2,1,1,2,1,1,1,4,4,2,14,6,2,1,,2,2
1,57,4,4,2013,1,2,1,1,2,1,1,1,1,1,1,3,1,2,9,1,1,1,,2,2
1,57,4,2,2013,4,7,1,2,2,1,1,1,1,3,1,3,1,2,17,6,,1,,1,2
3,57,4,6,2013,1,7,1,2,2,1,3,1,1,1,1,1,1,2,9,6,1,1,48,2,2
8,57,4,6,2013,2,1,1,2,2,1,2,1,1,1,1,1,1,2,,6,,,,1,2
1,68,4,9,2013,2,1,1,1,2,1,2,4,1,1,1,4,3,2,11,6,1,3,,1,
1,68,4,10,2013,2,1,1,1,2,1,1,4,1,1,1,2,1,2,11,6,1,3,,1,
1,57,1,5,2013,4,3,8,1,2,1,2,1,1,1,1,1,1,1,4,11,2,,,1,
1,57,4,7,2013,2,7,1,2,2,1,2,1,1,1,1,1,1,2,14,11,1,7,35,2,2
1,57,4,7,2013,2,7,1,2,2,1,2,1,1,1,1,1,1,1,19,6,,,,,
1,57,4,8,2013,3,3,3,2,2,1,1,1,1,1,1,4,1,1,14,6,1,1,,2,2
3,57,4,8,2013,1,7,3,2,2,1,2,1,1,1,1,1,1,2,19,11,,,,1,
3,57,3,9,2013,3,7,3,2,2,1,1,1,1,1,1,4,1,2,5,5,,,,1,2
8,57,4,6,2013,2,7,1,2,2,1,4,1,1,1,1,4,1,2,19,,2,,,1,
7,57,4,8,2013,3,2,4,2,2,1,1,1,1,1,1,4,1,2,5,6,,1,,,2
6,57,3,8,2013,4,1,3,1,1,1,1,1,1,1,1,3,1,2,2,6,1,1,25,2,2
4,57,4,9,2013,2,3,8,1,2,1,1,1,1,1,1,3,1,2,2,6,,,,1,2
5,57,4,6,2013,2,1,6,1,2,1,1,1,1,1,1,1,1,2,14,6,1,1,,1,2
5,57,4,8,2013,2,1,6,1,2,1,1,1,1,1,1,1,1,2,9,6,,1,,1,2
2,57,4,5,2013,3,1,3,2,2,1,1,1,1,1,1,3,1,2,19,,,,,1,2
1,61,4,8,2013,4,7,3,2,2,1,4,1,1,1,1,1,1,2,,6,,,,1,
1,61,2,8,2013,2,7,8,2,2,1,1,1,1,1,1,1,1,2,19,6,1,7,42,,
1,61,4,10,2013,1,7,3,2,2,1,4,1,1,1,1,1,1,2,19,,,,,1,
1,61,4,11,2013,3,7,3,2,2,1,1,1,1,1,1,1,1,2,13,11,1,7,,1,2
1,61,4,10,2013,1,1,3,2,2,1,4,1,1,1,1,4,1,2,,5,2,,,1,2
1,61,4,10,2013,,7,8,2,2,1,1,1,1,1,1,2,1,1,,11,2,7,,1,
1,61,4,5,2013,4,1,8,1,1,1,1,1,1,1,1,2,1,1,10,6,1,7,,,2
1,61,4,7,2013,1,7,1,2,2,1,2,1,1,1,1,1,1,2,,,,,,1,
1,61,4,5,2013,2,7,1,2,2,1,1,1,1,1,1,1,1,2,19,,,,,1,
1,61,4,5,2013,2,7,1,2,1,1,1,1,1,1,1,1,1,2,9,6,1,,,2,2
1,61,4,4,2013,3,7,8,2,2,1,1,1,1,1,1,4,1,1,,,,,,1,
3,61,4,6,2013,3,1,8,2,2,3,1,1,5,1,2,4,1,2,14,8,1,7,40,2,2
3,61,4,5,2013,2,2,1,2,2,3,1,1,2,1,2,2,1,2,12,6,,,,1,2
6,61,4,4,2013,1,4,1,2,2,1,1,1,1,1,2,2,1,2,4,6,,7,25,1,2
6,61,3,7,2013,2,7,1,2,2,1,1,1,1,1,1,3,1,2,5,6,1,7,22,1,2
6,61,3,9,2013,3,7,1,2,2,1,1,4,1,1,2,3,1,2,6,11,1,7,27,1,2
2,61,4,9,2013,2,7,1,2,2,1,1,1,1,1,1,1,1,2,,,,,,1,
2,61,4,3,2013,4,1,1,1,2,1,4,3,1,1,1,1,1,1,9,11,,7,,1,2
1,65,4,5,2013,2,3,1,2,2,1,1,1,1,1,1,5,1,2,13,6,1,1,,1,2
5,65,4,7,2013,3,3,1,2,2,1,1,2,1,1,1,1,1,2,8,6,,1,,1,2
5,65,3,7,2013,3,3,1,2,2,1,1,1,1,1,1,1,1,2,12,6,,3,38,1,2
2,65,3,10,2013,2,1,1,2,2,1,1,1,1,1,1,1,1,2,9,6,1,7,,2,2
1,65,4,6,2013,1,1,1,2,2,1,1,1,1,1,1,1,1,2,9,6,,,,1,
2,65,3,8,2013,4,1,8,1,1,1,1,2,1,1,1,3,1,2,8,6,,,,1,
6,65,1,3,2013,2,7,1,2,2,1,1,1,1,1,1,3,1,1,14,6,,7,40,1,2
2,59,4,4,2013,1,1,1,2,2,2,4,1,1,1,1,3,1,2,13,6,1,1,22,2,2
8,59,2,9,2013,1,7,8,2,2,1,1,1,1,1,1,3,1,1,10,10,,3,,1,2
1,59,4,9,2013,2,4,8,2,1,1,2,1,1,1,1,2,1,1,19,6,,,,1,
1,59,4,9,2013,3,7,1,2,2,1,1,1,1,1,1,4,1,2,4,6,1,1,,2,2
2,59,4,7,2013,,1,1,2,2,2,4,1,2,1,1,2,3,2,,6,,,,1,
1,59,4,10,2013,2,3,1,2,2,1,1,1,1,1,1,4,1,2,5,6,1,1,,2,2
6,59,4,10,2013,1,1,1,2,2,2,4,1,2,1,1,4,1,2,4,6,2,1,42,2,2
6,59,4,12,2013,3,7,8,1,,1,1,2,1,1,1,4,1,2,,6,,7,22,1,2
7,67,3,2,2013,3,7,8,1,2,1,1,2,1,1,1,3,2,2,5,1,,6,,2,2
7,67,1,9,2013,4,7,8,1,2,1,1,2,1,1,1,5,1,2,5,6,,6,19,2,2
7,67,2,9,2013,2,7,8,1,2,1,2,2,1,1,1,3,1,2,10,6,,6,,,2
5,68,4,3,2013,3,7,1,2,2,1,1,4,1,1,1,4,1,2,11,11,,3,,1,2
5,68,4,4,2013,3,7,8,2,2,1,1,3,5,3,2,4,1,2,13,11,,,,,2
5,68,4,5,2013,3,,1,2,2,1,1,4,1,1,1,4,1,2,9,11,,,,,2
1,66,4,6,2013,4,3,1,1,2,1,2,3,1,1,1,5,1,1,12,6,1,1,25,2,1
1,66,4,9,2013,2,7,1,2,2,1,2,1,1,1,1,3,1,1,9,11,1,7,,1,2
2,66,4,2,2013,3,7,8,2,2,1,1,4,5,1,1,3,1,2,19,6,1,7,45,2,2
9,66,4,3,2013,1,1,1,2,2,1,4,2,1,1,1,3,1,2,4,3,,,28,1,2
9,66,3,11,2013,3,1,1,2,2,1,1,4,1,1,3,3,1,1,9,2,1,,55,2,2
9,66,4,12,2013,3,7,1,2,2,1,1,4,1,1,3,3,2,2,11,1,1,,,2,2
4,66,4,5,2013,3,1,1,2,2,1,1,4,1,1,1,3,1,2,14,6,,,,2,2
4,66,4,5,2013,4,1,1,2,2,1,1,4,1,1,1,3,1,2,14,6,,,,2,2
8,66,4,6,2013,2,1,2,2,2,1,3,1,1,1,1,4,1,2,9,6,1,7,,2,2
8,66,3,7,2013,4,1,,2,2,1,2,4,1,1,1,4,3,2,12,2,1,7,25,2,2
1,58,4,10,2013,4,1,3,2,2,1,2,1,1,1,1,1,1,2,,,,,,1,
13,58,4,6,2013,4,1,4,2,2,1,4,1,1,1,1,1,1,1,,6,,,,1,
13,58,4,5,2013,4,1,1,1,2,1,4,1,1,1,1,1,1,2,,,,,,1,
13,58,4,9,2013,3,3,1,2,1,1,1,1,1,1,1,1,1,1,19,6,,,,1,
13,58,4,7,2013,1,1,,2,2,1,2,1,1,1,1,1,1,2,,,,,,1,
13,58,4,4,2013,2,1,4,2,2,1,1,1,1,1,1,1,1,2,,,,,,1,
13,58,4,4,2013,1,7,3,2,2,1,3,1,1,1,1,2,1,1,,,,,,1,
13,58,4,6,2013,2,,1,2,2,1,1,1,1,1,1,2,1,2,9,6,1,6,,2,2
7,58,4,3,2013,3,1,1,2,2,1,1,1,1,1,1,1,1,2,12,6,1,,,1,
7,58,4,9,2013,2,3,1,2,2,1,2,1,1,1,1,1,1,2,,,,,,1,
7,58,4,10,2013,1,1,1,2,2,1,2,1,1,1,3,1,1,2,9,6,1,1,35,2,2
6,58,4,2,2013,4,7,8,1,2,1,1,1,1,1,1,1,1,2,4,1,,7,25,1,2
6,58,4,9,2013,2,7,8,1,2,1,1,1,1,1,1,1,1,2,19,1,,,,1,2
6,58,4,2,2013,2,7,8,1,2,1,1,1,1,1,1,1,1,2,9,2,,,25,1,2
6,58,4,2,2013,1,7,8,1,2,1,1,1,1,1,1,1,1,2,19,1,,,,1,2
6,58,3,2,2013,2,7,8,1,2,1,1,1,1,1,1,3,1,2,19,2,,,,1,2
6,58,4,7,2013,2,7,8,2,2,1,2,1,1,1,1,1,1,2,19,2,,7,,1,2
6,58,4,7,2013,3,7,8,2,2,1,1,1,1,1,1,1,1,2,1,1,,,,1,2
6,58,4,6,2013,4,7,3,1,2,1,1,1,1,1,1,1,1,2,19,2,,,,1,2
6,58,3,3,2013,2,7,8,1,2,1,1,1,1,1,1,1,1,2,7,1,,,30,1,2
6,58,4,8,2013,1,7,8,1,,1,2,1,1,1,1,1,1,2,19,1,,,,1,2
6,58,4,1,2013,3,7,8,1,2,1,1,1,1,1,1,3,1,2,17,1,,,26,1,2
6,58,4,1,2013,1,7,8,1,2,1,1,1,1,1,1,1,1,2,14,1,,,,1,2
6,58,4,10,2013,1,7,,1,2,1,1,1,1,1,1,1,1,2,9,1,,,,1,2
14,58,4,8,2013,1,,3,2,2,1,2,1,1,1,1,3,1,2,13,6,1,3,,1,2
15,63,4,4,2013,3,1,1,2,2,1,1,1,1,1,1,3,1,2,11,6,1,7,,1,2
8,63,4,8,2013,2,2,2,2,2,1,1,1,1,1,1,1,1,2,14,6,,,37,1,2
8,63,4,2,2013,2,2,1,2,2,1,1,1,1,1,1,1,1,2,14,1,,,35,1,2
8,63,4,4,2013,2,2,,2,2,1,1,1,1,1,1,1,1,2,14,6,,,24,1,2
13,63,4,3,2013,1,1,3,2,2,1,3,1,1,1,1,1,1,2,14,11,,,,1,2
5,63,4,8,2013,4,1,,2,2,1,1,1,1,1,1,3,1,2,9,2,1,3,,2,2
16,63,4,11,2013,4,7,3,2,2,1,4,1,1,1,1,1,1,2,14,11,1,7,,1,2
7,63,4,6,2013,1,1,3,2,2,1,3,1,1,1,1,1,1,2,,6,,,,1,
14,63,4,3,2013,4,7,1,2,2,1,2,1,1,1,1,1,1,2,14,6,1,1,35,2,2
14,63,4,4,2013,2,7,1,2,2,1,1,1,1,1,1,1,1,2,19,6,1,1,18,2,2
14,63,4,5,2013,1,7,1,2,2,1,1,1,1,1,1,1,1,2,13,6,1,1,,2,2
14,63,4,5,2013,2,7,1,2,2,1,1,1,1,1,1,1,1,2,14,6,1,1,,2,2
14,63,4,1,2013,1,1,3,2,2,1,1,1,1,1,1,1,1,1,,6,,,,2,2
14,63,4,2,2013,2,7,1,2,2,1,1,1,1,1,1,1,1,2,,6,,,,2,2
14,63,4,8,2013,2,7,1,2,2,1,1,1,1,1,1,1,1,2,14,6,1,1,,2,2
14,63,4,10,2013,4,6,1,2,1,1,4,1,1,1,1,1,1,2,14,11,1,,,,2
14,63,4,9,2013,3,2,1,2,2,1,1,3,1,1,1,1,1,1,14,5,,,,1,2
14,63,4,10,2013,1,1,,2,2,1,1,1,1,1,1,1,1,2,,6,,,,1,
14,63,4,8,2013,1,1,1,2,2,1,2,1,1,1,1,1,1,2,,6,,,,1,
14,63,4,8,2013,3,1,3,2,1,1,1,1,1,1,1,1,1,2,14,6,1,,,1,2
9,63,3,11,2013,4,1,1,2,2,1,2,2,1,1,1,1,1,2,5,1,,1,35,2,2
4,63,4,5,2013,1,1,8,2,2,1,3,1,1,1,1,1,1,2,13,11,1,,,1,2
15,63,4,4,2013,1,7,3,2,2,1,1,1,1,1,1,4,1,2,11,6,,,,2,2
11,63,4,5,2013,3,1,2,2,2,1,1,1,1,1,1,3,1,2,14,5,,,,2,2
14,63,4,1,2013,4,1,1,2,2,1,2,1,1,1,1,1,1,2,14,6,,1,,1,2
14,63,4,4,2013,1,1,1,2,2,1,3,1,1,1,1,3,1,2,5,6,,,,1,2
14,63,4,10,2013,3,7,1,2,2,1,1,1,1,1,1,1,1,2,,6,,,,1,
14,63,3,7,2013,3,1,3,1,2,1,1,1,1,1,1,1,2,1,13,6,,,35,1,1
14,63,4,7,2013,2,1,3,2,2,1,3,1,1,1,1,1,1,2,,6,,,,1,
14,63,4,10,2013,1,3,1,2,2,1,4,1,1,1,1,1,1,2,,6,,,,1,
14,63,4,4,2013,2,1,2,2,2,1,3,1,1,1,1,1,1,2,9,5,,,,2,2
14,63,4,10,2013,1,1,3,2,2,1,3,1,1,1,1,1,1,2,13,6,,,,,
1,63,4,11,2013,2,2,,2,2,1,1,1,1,1,1,1,1,2,9,5,1,3,35,2,2
6,60,3,7,2013,3,1,1,2,2,1,1,1,1,1,1,3,1,1,12,11,,,35,1,2
6,60,4,7,2013,4,1,1,2,2,1,4,1,1,1,1,3,1,1,19,6,,,,,2
6,60,4,6,2013,4,7,1,2,2,1,2,1,1,1,1,3,1,2,14,11,,,42,1,2
2,60,4,4,2013,2,1,1,2,2,1,1,1,1,1,1,3,1,2,9,11,,3,38,,
1,60,4,2,2013,2,7,8,2,2,1,1,2,1,1,1,4,1,2,8,6,,,,1,2
1,60,2,4,2013,1,1,,2,2,1,1,1,1,1,1,4,1,2,14,6,,,,1,2
1,60,4,12,2013,1,1,,2,2,1,1,1,1,1,1,4,1,2,,,,,,1,
1,60,4,3,2013,2,1,1,2,2,1,1,1,1,1,1,4,1,2,,,,,,1,
1,65,4,2,2013,4,1,1,2,2,1,4,1,1,1,1,5,1,1,4,6,2,1,,2,2
1,65,3,8,2013,4,1,1,2,2,1,4,1,1,1,2,5,1,2,11,6,,1,,1,2
1,65,4,12,2013,3,1,,2,2,1,1,1,1,1,1,5,1,1,4,6,1,7,,1,
3,57,4,11,2013,1,7,1,1,2,1,1,1,1,1,1,3,1,2,17,11,2,,27,2,2
9,57,4,12,2013,4,1,1,2,2,1,2,1,1,1,1,1,1,2,,6,,,,1,
14,63,3,2,2013,3,3,1,2,2,1,1,1,1,1,1,1,1,2,9,6,1,,38,2,2
1,39,4,3,2013,3,7,1,2,2,1,1,1,1,1,1,2,1,2,6,3,1,7,,2,2
1,49,4,3,2013,3,7,3,2,2,1,1,1,1,1,1,1,1,2,9,11,1,7,,2,2
5,37,4,3,2013,2,1,1,2,2,1,1,1,1,1,1,1,1,2,2,5,1,7,,2,2
3,45,4,3,2013,3,1,1,2,2,1,1,1,1,1,1,4,1,2,19,11,1,7,,2,2
6,45,4,3,2013,4,1,1,2,2,1,1,1,1,1,1,1,1,2,19,11,1,7,,2,2
4,45,4,3,2013,2,1,1,2,2,1,1,1,1,1,1,1,1,2,14,11,1,7,,2,2
1,47,4,3,2013,3,7,1,2,2,1,1,1,1,1,1,2,1,2,4,6,1,7,,2,2
4,47,4,4,2013,1,1,1,2,2,1,1,1,1,1,1,1,1,2,9,11,1,7,,2,2
12,47,4,4,2013,2,1,1,2,2,1,4,1,1,1,1,1,1,2,9,11,1,7,,2,2
1,38,4,4,2013,1,1,3,2,2,1,1,1,1,1,1,1,1,2,19,11,1,7,,2,2
3,38,4,5,2013,4,1,1,2,2,1,1,1,1,1,1,1,1,2,7,6,1,7,30,2,2
7,37,4,4,2013,3,1,1,2,2,1,1,1,1,1,1,1,1,2,13,11,1,7,36,2,2
5,39,4,5,2013,4,1,1,2,2,1,1,1,1,1,1,1,1,2,14,10,1,7,25,2,2
1,39,4,4,2013,4,7,1,2,2,1,1,1,1,1,1,1,1,2,14,11,1,7,,2,2
1,39,4,4,2013,4,7,1,2,2,1,1,1,1,1,1,1,1,2,14,11,1,7,,2,2
2,43,4,4,2013,4,7,3,2,2,1,1,1,1,1,1,1,1,2,9,6,1,7,,2,2
9,47,4,9,2013,3,1,1,2,2,1,1,1,1,1,1,1,1,2,14,11,1,7,,2,2
9,47,4,6,2013,2,1,3,2,2,1,1,1,1,1,1,1,1,2,14,6,1,7,,2,2
2,47,4,9,2013,4,3,8,2,2,1,1,1,1,1,1,1,1,2,11,9,1,7,,2,2
4,47,4,9,2013,4,1,8,2,2,1,1,1,1,1,1,1,1,2,19,11,1,7,,2,2
9,47,4,9,2013,4,1,3,2,2,1,1,1,1,1,1,1,1,2,11,7,1,7,,2,2
2,43,4,9,2013,2,7,1,2,2,1,1,1,1,1,1,1,1,2,14,6,1,7,,2,2
2,43,4,10,2013,3,7,1,2,2,1,1,1,1,1,1,1,1,2,14,6,1,7,28,2,2
1,45,4,9,2013,4,1,1,2,2,1,1,1,1,1,1,1,1,2,19,11,1,7,,2,2
5,45,4,10,2013,4,1,1,2,2,1,1,1,1,1,1,1,1,2,19,11,1,7,,2,2
6,45,4,10,2013,4,1,1,2,2,1,1,1,1,1,1,1,1,2,19,11,1,7,,2,2
3,38,4,10,2013,2,7,8,2,2,1,1,1,1,1,1,1,1,2,19,11,1,7,,2,2
9,38,4,10,2013,4,7,8,2,2,1,1,1,1,1,1,1,1,2,14,2,1,7,,2,2
3,39,4,10,2013,3,7,1,2,2,1,1,1,1,1,1,1,1,2,12,11,1,7,,2,2
5,39,4,10,2013,2,7,1,2,2,1,1,1,1,1,1,1,1,2,9,11,1,7,,2,2
3,39,4,10,2013,4,7,1,2,2,1,1,1,1,1,1,1,1,2,9,6,1,7,28,2,2
3,39,4,10,2013,3,1,3,2,2,1,1,1,1,1,1,1,1,2,19,11,1,7,,2,2
3,39,4,10,2013,2,7,3,2,2,1,1,1,1,1,1,1,1,2,13,4,1,7,,2,2
1,39,4,10,2013,4,7,1,2,2,1,1,1,1,1,1,1,1,2,19,11,1,7,,2,2
10,47,4,10,2013,4,1,1,2,2,2,1,2,1,1,2,1,1,2,13,11,1,7,,2,2
1,39,4,5,2013,3,7,1,2,2,1,1,1,1,1,1,1,1,2,19,11,1,7,,2,2
1,49,4,5,2013,4,2,3,2,2,1,1,1,1,1,1,1,1,2,14,6,1,7,,2,2