Thana,District,Accident_Severity,Month,Year,Time,Junction_Type,Traffic_Control,Movement,Divider,Weather,Light,Road_Geometry,Surface_Condition,Surface_Type,Surface_Quality,Road_Class,Road_Feature,Location_Type,Vehicle_Type,Vehicle_Movement,Vehicle_Loading,Vehicle_Defect,Vehicle_Driver_Age,Vehicle_Alcohol,Vehicle_Seat_Belt
4,49,4,5,2013,3,7,8,2,2,1,1,1,1,1,1,1,1,2,6,6,1,7,,2,2
5,43,4,6,2013,1,7,1,2,2,1,1,1,1,1,1,1,1,2,19,11,1,7,,2,2
3,38,4,6,2013,3,1,6,2,2,1,1,1,1,1,1,1,1,2,19,11,1,7,,2,2
3,37,4,6,2013,3,7,8,2,2,1,1,1,1,1,1,1,1,2,19,11,1,7,,2,2
7,37,4,6,2013,2,1,8,2,2,1,1,1,1,1,1,1,1,2,4,11,1,7,,2,2
2,37,3,6,2013,3,7,1,2,2,1,1,1,1,1,1,1,1,2,9,11,1,7,,2,2
1,49,4,6,2013,3,1,1,2,2,1,1,1,1,1,1,1,1,2,13,11,1,7,,2,2
1,49,4,6,2013,3,3,3,2,2,1,1,1,1,1,1,1,1,2,19,11,1,7,,2,2
1,45,4,6,2013,1,1,1,2,2,1,1,1,1,1,1,1,1,2,9,11,1,7,,2,2
2,45,4,6,2013,4,1,1,2,2,1,1,1,1,1,1,1,1,2,19,11,1,7,,2,2
6,45,4,4,2013,1,1,1,2,2,1,1,1,1,1,1,1,1,2,19,11,1,7,,2,2
2,45,4,6,2013,4,1,1,2,2,1,1,1,1,1,1,1,1,2,9,11,1,7,,2,2
1,48,4,6,2013,2,7,1,2,2,1,1,1,1,1,1,1,1,2,14,2,1,7,,2,2
4,48,4,5,2013,1,7,1,2,2,1,1,1,1,1,1,1,1,2,19,1,1,7,,2,2
1,47,4,5,2013,4,7,1,2,2,1,1,1,1,1,1,1,1,2,14,11,1,7,32,2,2
1,47,4,6,2013,1,7,1,2,2,1,1,1,1,1,1,1,1,2,19,11,1,7,,2,2
2,47,4,6,2013,4,1,8,2,2,1,1,1,1,1,1,1,1,2,19,11,1,7,,2,2
1,47,4,6,2013,3,7,1,2,2,1,1,1,1,1,1,1,1,2,14,11,1,7,,2,2
9,47,4,6,2013,4,1,8,2,2,1,1,1,1,1,1,1,1,2,19,11,1,7,,2,2
10,52,1,12,2013,3,7,8,2,2,1,1,1,1,1,1,1,1,2,14,6,1,7,,2,2
9,52,4,12,2013,3,1,1,2,2,1,1,1,1,1,1,1,1,2,4,6,1,7,20,2,2
5,45,4,12,2013,2,1,1,2,2,1,1,1,1,1,1,1,1,2,9,11,1,7,,2,2
6,45,4,12,2013,4,1,1,2,2,1,1,1,1,1,1,1,1,2,14,11,1,7,,2,2
6,45,3,12,2013,4,1,1,2,2,1,1,1,1,1,1,1,1,2,19,11,1,7,,2,2
6,45,4,12,2013,4,1,1,2,2,1,1,1,1,1,1,1,1,,14,11,1,7,,2,2
5,45,4,11,2013,2,1,1,2,2,1,1,1,1,1,1,1,1,2,8,11,1,7,,2,2
6,45,4,10,2013,4,1,1,2,2,1,1,1,1,1,1,1,1,2,7,11,1,7,,2,2
6,45,4,11,2013,4,1,1,2,2,1,1,1,1,1,1,1,1,2,13,11,1,7,45,2,2
1,48,4,7,2013,2,1,1,2,2,1,1,1,1,1,1,1,1,2,10,5,1,7,23,2,2
7,38,4,2,2013,4,1,1,2,2,1,1,1,1,1,1,1,1,2,19,6,1,7,,2,2
1,47,4,1,2013,4,1,1,2,2,1,1,1,1,1,1,1,1,2,9,11,1,7,,2,2
9,47,4,1,2013,4,1,1,2,2,1,1,1,1,1,1,1,1,2,8,11,1,7,33,2,2
13,47,4,1,2013,3,1,1,2,2,1,1,1,1,1,1,1,1,2,9,1,1,7,,2,2
1,35,4,1,2013,4,1,8,2,2,1,1,1,1,1,1,1,1,2,8,11,1,7,,2,2
1,35,4,1,2013,3,1,8,2,2,1,1,1,1,1,1,1,1,2,14,11,1,7,,2,2
9,47,4,2,2013,3,7,1,2,2,1,1,1,1,1,1,1,1,2,9,4,1,7,40,2,2
12,47,4,2,2013,1,7,1,2,2,1,1,1,1,1,1,1,1,2,19,11,1,7,,2,2
10,47,4,2,2013,1,3,1,2,2,1,1,1,1,1,1,1,1,2,4,6,1,7,,2,2
5,47,4,2,2013,4,7,8,2,2,1,1,1,1,1,1,1,1,2,19,11,1,7,,2,2
7,47,4,2,2013,4,7,3,2,2,1,1,1,1,1,1,1,1,2,12,11,1,7,,2,2
6,46,4,5,2013,1,3,1,2,2,1,1,1,1,1,1,1,1,2,19,11,1,7,,2,2
6,46,4,3,2013,3,7,1,2,2,1,1,1,1,1,1,1,1,2,19,11,1,7,,2,2
6,46,4,2,2013,2,7,1,2,2,1,1,1,1,1,1,1,1,2,19,11,1,7,,2,2
4,46,4,12,2013,3,1,1,2,2,1,1,1,1,1,1,1,1,2,19,11,1,7,,2,2
3,49,4,1,2013,3,7,3,2,2,1,1,1,1,1,1,1,1,2,19,6,1,7,,2,2
1,52,4,12,2013,2,3,4,2,2,1,1,1,1,1,1,1,1,2,9,11,1,7,,2,2
3,45,4,2,2013,1,1,1,2,2,1,1,1,1,1,1,1,1,2,4,11,1,7,,2,2
4,45,4,2,2013,4,1,1,2,2,1,1,1,1,1,1,1,1,2,19,11,1,7,,2,2
2,45,4,2,2013,1,1,1,2,2,1,1,1,1,1,1,1,1,2,19,11,1,7,,2,2
4,49,4,2,2013,4,7,1,2,2,1,1,1,1,1,1,1,1,2,12,11,1,7,,2,2
1,43,4,12,2013,2,1,1,2,2,1,1,1,1,1,1,1,1,2,13,6,1,7,,2,2
5,43,4,6,2013,1,7,1,2,2,1,1,1,1,1,1,1,1,2,19,11,1,7,,2,2
5,43,4,6,2013,3,7,1,2,2,1,1,1,1,1,1,1,1,2,19,11,1,7,,2,2
5,43,4,7,2013,3,7,1,2,2,1,1,1,1,1,1,1,1,2,19,11,1,7,,2,2
5,43,4,7,2013,4,2,2,2,2,1,1,1,1,1,1,1,1,2,19,11,1,7,,2,2
5,43,4,8,2013,4,7,1,2,2,1,1,1,1,1,1,1,1,2,19,11,1,7,,2,2
5,43,4,8,2013,4,7,1,2,2,1,1,1,1,1,1,1,1,2,19,11,1,7,,2,2
5,43,4,8,2013,4,7,1,2,2,1,1,1,1,1,1,1,1,2,19,11,1,7,38,2,2
5,43,4,8,2013,1,1,1,2,2,1,1,1,1,1,1,1,1,2,19,11,1,7,,2,2
5,43,4,8,2013,4,7,1,2,2,1,1,1,1,1,1,1,1,2,19,11,1,7,,2,2
5,43,4,10,2013,4,7,1,2,2,1,1,1,1,1,1,1,1,2,19,11,1,7,,2,2
3,39,4,1,2013,4,7,1,2,2,1,1,1,1,1,1,1,1,2,9,11,1,7,,2,2
1,39,4,2,2013,3,1,1,2,2,1,1,1,1,1,1,1,1,2,14,1,1,7,,2,2
4,46,4,7,2013,1,7,1,2,2,1,1,1,1,1,1,1,1,2,9,11,1,7,29,2,2
1,46,4,1,2013,3,7,1,2,2,1,1,1,1,1,1,1,1,2,18,11,1,7,,2,2
1,46,4,1,2013,1,1,1,2,2,1,1,1,1,1,1,1,2,,19,11,1,7,1,2,2
1,46,4,2,2013,2,7,1,2,2,1,1,1,1,1,1,1,1,2,19,11,1,7,,2,2
1,46,4,2,2013,2,7,1,2,2,1,1,1,1,1,1,1,1,2,19,11,1,7,,2,2
1,46,4,3,2013,2,1,1,2,2,1,1,1,1,1,1,1,1,2,19,11,1,7,,2,2
1,46,4,3,2013,3,7,1,2,2,1,1,1,1,1,1,1,1,2,19,11,1,7,,2,2
1,46,4,3,2013,2,1,1,2,2,1,1,1,1,1,1,1,1,2,19,11,1,7,,2,2
1,46,4,3,2013,2,7,1,2,2,1,1,1,1,1,1,1,1,2,19,11,1,7,,2,2
1,46,4,3,2013,4,7,1,2,2,1,1,1,1,1,1,1,1,2,19,11,1,7,,2,2
1,46,4,3,2013,2,7,1,2,2,1,1,1,1,1,1,1,1,2,19,11,1,7,,2,2
1,46,4,4,2013,2,7,1,2,2,1,1,1,1,1,1,1,1,2,19,11,1,7,,2,2
1,46,4,4,2013,2,7,1,2,2,1,1,1,1,1,1,1,1,2,19,11,1,7,,2,2
1,46,4,4,2013,2,1,1,2,2,1,1,1,1,1,1,1,1,2,19,11,1,7,,2,2
1,46,4,6,2013,3,7,1,2,2,1,1,1,1,1,1,1,1,2,19,11,1,7,,2,2
1,46,4,7,2013,1,7,1,2,2,1,1,1,1,1,1,1,1,2,19,11,1,7,,2,2
1,46,4,7,2013,2,7,1,2,2,1,1,1,1,1,1,1,1,2,19,11,1,7,,2,2
1,46,4,7,2013,1,7,1,2,2,1,1,1,1,1,1,1,1,2,19,11,1,7,,2,2
1,46,4,10,2013,1,7,1,2,2,1,1,1,1,1,1,1,1,2,19,11,1,7,,2,2
1,46,4,10,2013,4,7,1,2,2,1,1,1,1,1,1,1,1,2,19,11,1,7,,2,2
5,44,4,1,2013,3,7,1,2,2,1,1,1,1,1,1,1,1,2,4,11,1,7,,2,2
3,44,4,4,2013,3,7,1,2,2,1,1,1,1,1,1,1,1,2,19,11,1,7,,2,2
5,44,4,6,2013,4,7,1,2,2,1,1,1,1,1,1,1,1,2,19,11,1,7,,2,2
2,44,4,6,2013,4,7,1,2,2,1,1,1,1,1,1,1,1,2,19,11,1,7,,2,2
3,44,4,6,2013,4,7,1,2,2,1,1,1,1,1,1,1,1,2,19,11,1,7,,2,2
4,44,4,6,2013,2,7,1,2,2,1,1,1,1,1,1,1,1,2,19,11,1,7,,2,2
6,44,4,7,2013,2,7,1,2,2,1,1,1,1,1,1,1,1,2,19,11,1,7,,2,2
5,44,4,7,2013,4,7,1,2,2,1,1,1,1,1,1,1,1,2,19,11,1,7,1,2,2
5,44,3,7,2013,1,7,1,2,2,1,1,1,1,1,1,1,1,2,19,11,1,7,,2,2
4,44,4,6,2013,3,7,1,2,2,1,1,1,1,1,1,1,1,2,19,11,1,7,,2,2
2,44,4,8,2013,1,7,1,2,2,1,1,1,1,1,1,1,1,,19,11,1,7,,2,2
4,44,4,9,2013,3,7,1,2,2,1,1,1,1,1,1,1,1,2,19,11,1,7,,2,2
5,44,4,10,2013,3,7,1,2,2,1,1,1,1,1,1,1,1,2,19,11,1,7,1,2,2
5,41,4,8,2013,4,7,1,2,2,1,1,1,1,1,1,1,1,2,19,11,1,7,,2,2
5,41,4,1,2013,2,7,3,2,2,1,1,1,1,1,1,1,1,2,19,11,1,7,,2,2
5,41,4,7,2013,2,7,3,2,2,1,1,1,1,1,1,1,1,2,19,11,1,7,,2,2
5,41,4,10,2013,2,7,3,2,2,1,1,1,1,1,1,1,1,2,19,11,1,7,,2,2
5,41,4,6,2013,2,7,1,2,2,1,1,1,1,1,1,1,1,2,19,11,1,7,,2,2
5,41,4,9,2013,2,7,1,2,2,1,1,1,1,1,1,1,1,2,19,11,1,7,,2,2
5,41,4,3,2013,1,7,1,2,2,1,1,1,1,1,1,1,1,2,19,11,1,7,,2,2
5,41,4,7,2013,2,7,1,2,2,1,1,1,1,1,1,1,1,2,19,11,1,7,,2,2
5,41,4,6,2013,2,7,1,2,2,1,1,1,1,1,1,1,1,2,19,11,1,7,,2,2
5,41,4,8,2013,2,3,6,2,2,1,1,1,1,1,1,1,1,2,8,11,1,7,32,2,2
2,41,4,11,2013,2,7,1,2,2,1,1,1,1,1,1,1,1,2,14,5,1,7,40,2,2
6,41,4,2,2013,4,1,1,2,2,1,1,1,1,1,1,1,1,2,14,11,1,7,,2,2
7,41,4,9,2013,3,7,1,2,2,1,1,1,1,1,1,1,1,2,9,11,1,7,,2,2
7,41,4,9,2013,2,7,1,2,2,1,1,1,1,1,1,1,1,2,19,11,1,7,,2,2
7,41,4,8,2013,2,1,1,2,2,1,1,1,1,1,1,1,1,2,8,11,1,7,,2,2
7,41,4,10,2013,4,1,1,2,2,1,1,1,1,1,1,1,1,2,9,11,1,7,,2,2
1,41,4,11,2013,4,2,1,2,2,1,1,1,1,1,1,1,1,2,9,8,1,7,,2,2
1,47,4,5,2013,2,7,8,2,2,1,1,1,1,1,1,1,1,2,13,11,1,7,,2,2
6,47,3,5,2013,3,7,1,2,2,1,1,1,1,1,1,1,1,2,4,11,1,7,,2,2
4,47,4,5,2013,1,1,1,2,2,1,1,1,1,1,1,1,1,2,9,11,1,7,,2,2
2,47,4,5,2013,3,1,8,2,2,1,1,1,1,1,1,1,1,2,19,11,1,7,,2,2
5,41,4,5,2013,1,1,8,2,2,1,1,1,1,1,1,1,1,2,19,11,1,7,,2,2
6,48,3,11,2013,4,7,1,2,2,1,1,1,1,1,1,1,1,2,14,11,1,7,45,2,2
2,37,4,11,2013,3,1,1,2,2,1,1,1,1,1,1,1,1,2,19,11,1,7,,2,2
9,47,4,11,2013,1,6,1,2,2,1,1,1,1,1,1,1,1,2,11,11,1,7,,2,2
2,47,4,11,2013,4,1,3,2,2,1,1,1,1,1,1,1,1,2,9,5,1,7,25,2,2
9,47,4,11,2013,4,7,1,2,2,1,1,1,1,1,1,1,1,2,19,11,1,7,,2,2
5,40,3,2,2013,1,7,1,2,2,1,1,1,1,1,1,1,1,2,9,11,1,7,,2,2
5,45,4,2,2013,4,1,1,2,2,1,1,1,1,1,1,1,1,2,14,6,1,7,,2,2
6,40,4,2,2013,2,7,1,2,2,1,1,1,1,1,1,1,1,2,19,11,1,7,,2,2
1,40,4,5,2013,2,1,1,2,2,1,1,1,2,1,1,1,1,2,14,11,1,7,,2,2
1,40,3,4,2013,2,1,1,2,2,1,1,1,1,1,1,1,1,2,9,5,1,7,45,2,2
1,40,4,4,2013,1,1,1,2,2,1,1,1,1,1,1,1,1,2,15,11,1,7,,2,2
1,40,4,6,2013,4,1,1,2,2,1,1,1,1,1,1,1,1,2,9,5,1,7,45,2,2
1,40,4,3,2013,1,1,1,2,2,1,1,1,1,1,1,1,1,2,8,6,1,7,,2,2
6,40,1,3,2013,3,7,1,2,2,1,1,1,1,1,1,1,1,2,8,6,1,7,45,2,2
1,40,4,1,2013,4,7,1,2,2,1,1,1,1,1,1,1,1,2,9,11,1,7,45,2,2
4,35,4,2,2013,4,1,1,2,2,1,1,1,1,1,1,1,1,2,9,6,1,7,34,2,2
1,51,4,6,2013,2,1,1,2,2,1,1,1,1,1,1,1,1,2,7,11,1,7,40,2,2
12,41,4,8,2013,4,3,1,2,2,1,1,1,1,1,1,1,1,2,9,11,1,7,,2,2
4,51,4,10,2013,2,7,1,2,2,1,1,1,1,1,1,2,1,2,19,11,1,7,,2,2
4,40,4,11,2013,3,1,3,2,2,1,1,1,1,1,1,4,1,2,17,11,1,7,25,2,2
1,40,4,8,2013,4,1,1,2,2,1,1,1,1,1,1,1,1,2,19,11,1,7,,2,2
1,40,4,7,2013,4,1,1,2,2,1,1,1,1,1,1,1,1,2,9,11,1,7,,2,2
5,40,4,11,2013,3,1,1,2,2,1,1,1,1,1,1,1,1,2,19,11,1,7,,2,2
1,40,4,12,2013,4,7,1,2,2,1,1,1,1,1,1,1,1,2,13,11,1,7,49,2,2
6,40,4,11,2013,4,7,1,2,2,1,1,1,1,1,1,2,1,2,19,11,1,7,,2,2
3,40,1,7,2013,4,1,1,2,2,1,1,1,1,1,1,1,1,2,19,11,1,7,47,2,2
7,40,3,7,2013,3,7,1,2,2,1,1,1,1,1,1,1,1,2,6,11,1,7,30,2,2
6,40,4,8,2013,2,7,1,2,2,1,1,1,1,1,1,1,1,2,19,11,1,7,,2,2
6,40,4,10,2013,2,7,1,2,2,1,1,1,1,1,1,1,1,2,9,11,1,7,,2,2
5,40,4,9,2013,3,1,1,2,2,1,1,1,1,1,1,1,1,2,12,11,1,7,,2,2
5,40,4,11,2013,2,1,1,2,2,1,1,1,1,1,1,2,1,2,14,11,1,7,,2,2
5,40,4,4,2013,3,3,4,2,2,2,1,1,1,1,1,1,1,2,9,11,1,7,,2,2
3,40,1,12,2013,4,7,1,2,2,1,4,1,1,1,1,1,1,2,9,6,1,7,,2,2
6,40,4,12,2013,2,7,1,2,2,1,1,1,1,1,1,1,1,2,19,11,1,7,,2,2
6,40,4,12,2013,4,7,1,2,2,1,1,1,1,1,1,1,1,2,13,11,1,7,1,2,2
1,40,4,7,2013,2,7,1,2,2,1,1,1,1,1,1,2,1,2,9,11,1,7,42,2,2
1,40,4,7,2013,4,7,1,2,2,1,1,1,1,1,1,2,1,2,19,11,1,7,20,2,2
1,40,4,7,2013,2,7,1,2,2,1,1,1,1,1,1,2,1,2,14,11,1,7,,2,2
1,40,4,12,2013,3,7,1,2,2,1,1,1,1,1,1,2,1,2,17,11,1,7,,2,2
1,40,4,12,2013,2,7,1,2,2,1,1,1,1,1,1,2,1,2,9,11,1,7,,2,2
6,40,4,8,2013,2,1,1,2,2,1,1,1,1,1,1,2,1,2,14,11,1,7,35,2,2
3,40,4,12,2013,3,3,1,2,2,1,1,1,1,1,1,2,1,2,9,11,1,7,,2,2
4,37,1,9,2013,2,7,1,2,2,1,1,1,1,1,1,1,1,2,4,6,1,7,35,2,2
2,37,4,11,2013,3,1,1,2,2,1,1,1,1,1,1,2,1,2,11,11,1,7,,2,2
2,37,4,6,2013,3,7,1,2,2,1,1,1,1,1,1,2,1,2,8,11,1,7,30,2,2
7,37,4,6,2013,2,7,1,2,2,1,1,1,1,1,1,2,1,2,19,11,1,7,28,2,2
7,37,4,4,2013,3,7,1,2,2,1,1,1,1,1,1,2,1,2,13,11,1,7,36,2,2
5,37,4,3,2013,2,7,1,2,2,1,1,1,1,1,1,2,1,2,2,11,1,7,,2,2
1,52,4,6,2013,4,2,1,2,2,1,1,1,1,1,1,1,1,2,4,11,1,7,25,2,2
1,52,4,6,2013,1,7,1,2,2,1,1,1,1,1,1,2,1,2,4,11,1,7,25,2,2
6,52,4,6,2013,3,7,1,2,2,1,1,1,1,1,1,2,1,2,9,11,1,7,23,2,2
5,41,4,12,2013,3,4,1,2,2,1,1,1,1,1,1,2,1,2,14,11,1,7,33,2,2
7,41,4,12,2013,4,7,1,2,2,1,1,1,1,1,1,2,1,2,9,11,1,7,,2,2
1,41,4,12,2013,3,7,1,2,2,1,1,1,1,1,1,2,1,2,19,11,1,7,,2,2
1,41,4,12,2013,4,7,1,2,2,1,1,1,1,1,1,1,1,2,14,11,1,7,,2,2
12,47,4,12,2013,3,7,1,2,2,1,1,1,1,1,1,2,1,2,19,11,1,7,,2,2
12,47,4,11,2013,3,7,1,2,2,1,4,1,1,1,1,2,1,2,18,11,1,7,,2,2
4,39,1,8,2013,3,7,1,2,2,1,4,1,2,1,1,1,1,2,13,11,1,7,,2,2
3,39,4,12,2013,3,1,3,2,2,1,1,1,1,1,1,2,1,2,9,5,1,7,,2,2
1,39,4,11,2013,1,7,1,2,2,2,1,1,1,1,1,1,1,2,14,11,1,7,,2,2
5,45,4,8,2013,3,1,1,2,2,1,1,1,1,1,1,2,1,2,9,11,1,7,,2,2
4,35,4,8,2013,3,1,1,2,2,1,1,1,1,1,1,1,1,2,7,6,1,7,,2,2
4,37,4,8,2013,1,1,1,2,2,1,1,1,1,1,1,1,1,2,19,11,1,7,,2,2
1,47,4,8,2013,2,7,3,2,2,1,1,1,1,1,1,1,1,2,9,2,1,7,,2,2
12,47,4,8,2013,3,7,8,2,2,1,1,1,1,1,1,1,1,2,13,1,1,7,33,2,2
10,52,4,8,2013,1,7,8,2,2,1,1,1,1,1,1,1,1,2,6,6,1,7,,2,2
6,38,4,3,2013,4,3,1,2,2,1,1,1,1,1,1,1,1,2,14,6,1,7,,2,2
3,49,4,12,2013,4,7,1,2,2,1,1,1,1,1,1,1,1,2,19,11,1,7,,2,2
4,35,4,12,2013,4,7,8,2,2,1,1,1,1,1,1,1,1,2,19,11,1,7,,2,2
4,40,3,12,2013,3,7,1,2,2,1,1,1,1,1,1,2,1,2,9,11,1,7,27,2,2
6,46,4,5,2013,4,1,1,2,1,1,3,1,1,1,1,1,1,2,9,11,1,1,,2,2
4,40,4,11,2013,4,1,1,2,2,1,1,1,1,1,1,2,1,2,9,6,1,7,30,2,2
5,41,4,5,2013,1,1,2,2,2,1,1,1,1,1,1,1,1,1,19,6,1,1,,2,2
5,40,4,2,2013,3,1,1,2,2,1,1,1,1,1,1,4,1,2,17,9,1,7,,2,2
6,40,4,2,2013,2,1,1,2,2,1,1,1,1,1,1,1,2,2,19,6,1,1,,2,2
1,38,4,2,2013,3,7,8,2,2,1,1,1,5,1,1,4,2,2,19,6,2,7,,1,1
7,42,4,1,2013,3,1,1,2,2,1,1,2,1,1,1,5,1,1,9,6,1,1,34,2,2
33,42,4,1,2013,3,1,1,2,1,1,3,1,1,1,1,1,1,1,9,6,1,1,35,2,2
33,42,4,1,2013,1,1,1,2,1,1,3,1,1,1,1,1,1,1,9,6,1,1,35,2,2
10,42,4,1,2013,2,1,4,2,2,1,2,1,1,1,1,5,1,1,14,6,1,1,45,1,2
6,42,4,1,2013,3,1,1,1,2,1,1,1,1,1,1,5,1,1,14,6,1,1,30,2,2
15,42,4,1,2013,3,1,1,2,2,4,3,1,1,1,1,5,1,1,10,6,1,1,30,1,2
11,42,1,1,2013,3,1,1,2,1,1,1,1,1,1,1,5,1,1,8,6,1,1,35,2,2
14,42,4,1,2013,4,1,2,1,1,1,2,1,1,1,1,1,1,1,9,6,1,1,30,1,2
12,42,4,2,2013,4,1,4,2,1,1,3,1,1,1,1,5,1,1,9,6,1,1,40,2,2
11,42,4,2,2013,3,7,1,2,1,1,1,1,1,1,1,1,1,1,8,2,1,1,30,2,2
34,42,4,2,2013,2,1,4,2,1,1,1,1,1,1,1,5,1,1,8,6,1,1,35,2,2
22,42,4,2,2013,1,1,4,2,1,1,3,1,1,1,1,1,1,1,9,6,1,1,30,2,2
22,42,4,2,2013,3,2,4,2,1,1,1,1,1,1,1,1,1,1,9,6,1,1,38,2,2
33,42,4,1,2013,4,1,8,2,2,1,3,1,1,1,1,5,1,1,9,6,1,1,30,2,2
33,42,4,2,2013,2,7,1,2,1,1,1,1,1,1,1,1,1,1,9,6,1,1,30,2,2
33,42,4,2,2013,3,7,8,2,2,1,3,1,1,1,1,5,1,1,14,6,1,1,40,2,2
36,42,4,3,2013,4,2,5,2,1,1,3,1,1,1,1,5,1,1,9,6,1,1,35,2,2
42,42,4,3,2013,3,4,1,2,1,1,1,1,5,1,2,5,1,1,6,6,1,1,,2,2
38,42,4,3,2013,3,3,4,2,1,1,2,1,1,1,1,5,1,1,13,6,1,1,30,2,2
41,42,4,2,2013,1,4,1,2,2,1,3,1,1,1,1,5,1,1,9,6,1,1,35,1,2
6,42,4,3,2013,2,1,4,2,1,1,1,1,1,1,1,1,1,1,14,6,1,1,30,2,2
33,42,4,3,2013,2,7,1,2,1,1,1,1,1,1,1,3,1,1,9,6,1,1,30,2,2
33,42,4,3,2013,3,7,4,2,1,1,1,2,1,1,3,5,1,1,9,6,1,1,35,2,2
33,42,4,3,2013,2,1,1,2,1,1,1,1,1,1,1,1,1,1,8,6,1,1,32,2,2
11,42,3,3,2013,4,7,1,2,1,1,3,1,1,2,2,5,1,1,8,6,1,1,30,2,2
22,42,4,3,2013,2,1,2,2,1,1,2,1,1,1,1,1,1,1,9,6,1,1,30,2,2
22,42,3,3,2013,3,1,2,2,1,1,1,1,1,1,1,1,1,1,5,6,1,1,32,2,2
14,42,4,3,2013,1,1,1,2,1,1,2,1,1,1,1,1,1,1,9,6,1,1,30,2,2
23,42,4,3,2013,3,1,1,2,2,1,3,1,1,1,1,5,1,1,9,6,1,1,30,2,2
27,42,4,4,2013,2,1,2,2,1,1,3,1,1,1,1,5,1,1,4,6,1,1,28,2,2
8,42,1,4,2013,4,2,6,2,1,1,2,1,1,1,1,5,1,1,10,6,1,1,30,2,2
20,42,4,4,2013,3,1,3,1,2,1,1,1,1,1,2,2,1,1,13,6,1,1,28,2,2
12,42,3,4,2013,2,2,5,2,1,1,1,1,1,1,1,5,1,1,10,6,1,1,30,1,2
32,42,4,4,2013,3,2,4,1,2,1,3,1,1,1,1,5,1,1,14,4,1,1,28,1,2
11,42,3,3,2013,3,2,4,1,2,1,1,1,1,2,2,5,1,1,8,6,1,1,30,1,2
34,42,4,4,2013,1,1,4,2,1,1,3,1,1,1,1,5,1,1,14,6,1,1,30,2,2
34,42,4,4,2013,3,1,8,2,2,1,1,1,1,1,1,5,1,1,9,6,1,1,26,1,2
34,42,4,4,2013,3,7,4,2,1,1,1,1,1,1,1,1,1,1,19,6,1,1,25,2,2
34,42,4,4,2013,3,1,8,1,2,1,1,1,1,2,1,5,1,1,6,6,1,6,28,2,2
34,42,4,4,2013,3,7,1,1,2,1,3,1,1,1,1,5,1,1,9,6,1,1,30,2,2
15,42,2,4,2013,3,2,1,1,2,1,1,1,1,1,1,5,1,1,8,6,1,1,30,1,2
33,42,4,5,2013,2,1,8,2,1,1,1,1,1,1,1,1,1,1,9,6,1,1,40,2,2
33,42,4,5,2013,3,7,8,2,1,1,1,4,1,1,3,5,1,1,9,6,1,1,32,2,2
33,42,1,5,2013,2,3,4,2,1,1,1,1,1,1,1,5,1,1,9,6,1,1,45,2,2
33,42,4,5,2013,4,1,4,2,1,1,2,4,1,1,1,1,2,1,9,6,1,1,40,2,2
33,42,4,5,2013,3,3,4,2,2,1,1,1,1,1,1,5,1,2,9,6,1,1,30,2,2
42,42,2,5,2013,1,1,1,1,1,1,2,1,1,1,1,5,1,1,9,6,1,1,30,1,2
37,42,4,4,2013,2,1,4,2,1,1,2,1,1,1,1,1,1,1,8,1,1,1,30,1,2
16,42,4,3,2013,2,3,4,2,1,1,2,1,1,1,1,1,1,1,8,6,1,1,26,2,2
46,42,4,5,2013,3,1,4,2,1,1,1,1,1,1,1,5,1,1,2,6,1,1,36,2,1
11,42,4,5,2013,2,1,8,2,1,1,1,1,1,1,1,5,1,1,8,2,1,1,30,2,2
13,42,4,4,2013,1,1,8,2,1,1,3,1,1,1,1,1,1,1,14,6,1,1,30,1,2
23,42,4,6,2013,3,7,4,2,1,1,1,1,1,1,1,5,1,1,9,6,1,1,28,1,2
22,42,4,6,2013,1,1,2,2,1,1,2,1,1,1,1,1,1,1,9,6,1,1,20,2,2
22,42,4,6,2013,1,1,4,2,2,1,3,1,1,1,1,1,1,1,9,6,1,1,45,2,2
22,42,4,6,2013,1,1,4,2,1,1,3,1,1,1,1,1,1,1,9,6,1,1,25,2,2
44,42,4,5,2013,3,2,6,1,1,1,1,1,1,1,1,5,1,1,9,9,1,1,31,2,2
44,42,4,5,2013,2,2,6,1,2,1,1,1,1,1,1,5,1,1,9,9,1,3,43,2,2
2,42,4,2,2013,4,5,4,2,1,1,2,1,1,1,1,5,1,1,9,6,2,6,36,1,2
2,42,4,3,2013,4,5,4,2,1,1,1,1,1,1,1,5,1,1,9,6,2,6,30,2,2
44,42,4,6,2013,1,2,1,2,1,1,3,1,1,1,1,5,1,1,9,6,1,1,30,2,2
44,42,4,6,2013,1,1,4,2,1,1,3,1,1,1,1,5,1,1,9,6,1,1,30,2,2
44,42,4,6,2013,4,2,6,2,1,1,3,1,1,1,1,5,1,1,9,9,1,7,32,2,2
44,42,4,6,2013,2,1,4,2,1,1,2,1,1,1,1,5,1,1,12,6,1,1,28,1,2
44,42,4,6,2013,1,1,4,1,2,1,1,1,1,1,1,5,1,1,10,4,1,7,30,2,2
47,42,4,6,2013,2,2,4,2,1,1,2,1,1,1,1,5,1,1,6,6,1,1,35,2,2