Thana,District,Accident_Severity,Month,Year,Time,Junction_Type,Traffic_Control,Movement,Divider,Weather,Light,Road_Geometry,Surface_Condition,Surface_Type,Surface_Quality,Road_Class,Road_Feature,Location_Type,Vehicle_Type,Vehicle_Movement,Vehicle_Loading,Vehicle_Defect,Vehicle_Driver_Age,Vehicle_Alcohol,Vehicle_Seat_Belt
24,42,4,6,2013,3,1,8,2,2,1,3,1,1,1,1,1,1,1,12,6,1,1,30,2,2
29,42,4,1,2013,4,1,3,1,1,1,3,1,1,1,1,1,5,1,9,6,1,1,40,2,2
29,42,4,1,2013,3,1,1,2,1,1,3,1,1,1,1,5,1,1,14,6,1,1,35,2,2
29,42,4,1,2013,4,1,4,2,1,1,2,1,2,2,2,5,1,2,10,8,1,1,18,2,2
29,42,4,4,2013,3,1,1,2,1,1,1,1,1,1,1,5,1,1,8,6,1,1,26,2,2
29,42,3,5,2013,4,2,1,2,1,1,2,1,1,1,1,5,1,1,10,2,1,1,30,2,2
29,42,4,6,2013,3,2,1,2,1,1,1,1,1,1,1,5,1,1,9,6,1,1,30,2,2
48,42,4,5,2013,3,3,1,2,2,1,1,1,5,1,3,5,4,1,9,6,1,1,26,2,2
33,42,4,6,2013,2,3,8,2,2,1,1,3,1,1,1,3,1,1,9,6,1,1,40,2,2
33,42,4,6,2013,3,7,4,2,2,1,1,1,1,1,1,5,1,1,9,6,1,1,45,2,2
33,42,3,6,2013,3,7,8,2,1,1,1,1,1,1,1,5,1,1,9,6,1,1,30,2,2
14,42,4,7,2013,1,1,1,1,2,1,2,1,1,1,1,1,1,1,9,6,1,1,35,2,2
23,42,4,7,2013,4,1,1,2,1,1,3,1,1,1,1,5,1,1,9,6,1,1,50,2,2
23,42,4,7,2013,1,1,1,1,1,1,3,1,1,1,1,5,1,1,9,6,1,1,30,2,2
22,42,4,7,2013,3,1,4,2,1,1,1,1,1,1,1,1,1,1,5,6,1,1,30,2,2
22,42,4,7,2013,4,1,2,2,1,1,2,1,1,1,1,1,1,1,9,6,1,1,40,2,2
22,42,4,7,2013,1,1,2,2,1,1,2,1,1,1,1,1,1,1,9,6,1,1,30,2,2
22,42,4,7,2013,3,5,2,2,1,1,1,1,1,1,1,1,1,1,8,6,1,1,27,2,2
33,42,4,7,2013,3,1,1,2,1,1,1,1,1,1,1,5,1,1,9,6,1,1,40,2,2
33,42,4,7,2013,3,7,1,2,1,1,1,1,1,1,3,5,1,1,8,6,1,1,28,2,2
33,42,3,7,2013,2,1,4,2,1,1,2,2,4,1,3,5,1,1,8,6,1,1,22,2,2
33,42,4,7,2013,4,3,4,2,2,1,2,1,1,1,1,5,1,1,9,6,1,1,32,2,2
16,42,4,7,2013,2,1,1,2,1,1,2,1,1,1,1,5,1,1,16,6,1,1,40,2,2
10,42,4,6,2013,4,1,4,2,1,1,3,1,1,1,1,5,1,1,9,6,1,1,30,1,2
10,42,4,7,2013,1,1,1,2,2,1,2,1,1,1,1,5,1,1,14,6,1,1,35,1,2
10,42,4,7,2013,1,1,4,2,1,1,1,1,1,1,1,5,5,1,9,6,1,1,30,1,2
9,42,4,1,2013,4,7,4,1,1,1,2,1,1,1,1,5,1,1,9,6,1,1,38,2,2
9,42,4,1,2013,4,1,1,1,1,1,3,1,1,1,1,5,1,1,9,6,1,1,32,2,2
9,42,4,3,2013,4,1,1,1,1,1,2,1,1,1,1,5,1,1,4,6,1,1,25,2,1
9,42,4,4,2013,1,1,1,2,1,1,3,1,1,1,1,5,1,1,14,6,1,1,30,1,2
9,42,4,7,2013,4,1,1,1,2,1,3,1,1,1,1,5,1,1,14,6,1,1,30,2,2
34,42,4,7,2013,1,7,1,2,2,2,3,1,2,1,1,5,1,1,9,6,1,1,25,1,2
34,42,3,7,2013,2,1,1,2,2,1,1,3,1,1,1,5,1,1,9,6,1,1,27,2,2
8,42,4,7,2013,3,1,4,2,1,1,3,1,1,1,1,5,1,1,13,6,1,1,30,2,2
25,42,4,7,2013,4,1,1,2,2,1,4,3,1,1,1,5,1,1,10,6,1,1,25,2,2
16,42,3,8,2013,3,2,4,2,1,1,1,1,1,1,1,5,1,1,4,6,1,1,25,2,2
42,42,4,8,2013,3,1,1,2,1,1,1,1,1,1,1,5,1,1,9,6,1,1,25,2,2
42,42,4,8,2013,4,2,2,2,1,1,3,1,1,1,1,5,5,1,9,4,1,1,30,1,2
26,42,4,8,2013,2,3,6,2,1,1,1,2,1,1,1,5,1,1,9,6,1,1,25,1,2
46,42,4,8,2013,3,1,1,2,1,1,1,1,1,1,1,5,1,1,8,6,1,1,30,2,2
46,42,4,8,2013,2,1,1,2,2,1,1,2,1,1,1,4,1,1,8,2,1,3,45,2,2
25,42,4,8,2013,4,1,4,1,2,1,3,3,1,1,1,5,1,1,13,7,1,1,27,1,2
34,42,3,8,2013,2,3,5,2,1,1,1,1,1,1,1,1,5,1,6,7,1,1,20,2,2
34,42,3,8,2013,2,3,4,2,1,1,1,1,1,1,1,5,1,1,9,6,1,1,35,2,2
15,42,4,8,2013,4,2,4,2,1,1,3,1,1,1,1,5,1,1,8,6,1,1,40,2,2
17,42,3,4,2013,3,1,4,2,1,1,1,1,1,1,1,5,1,1,9,6,1,1,20,1,2
17,42,4,6,2013,2,1,1,2,1,1,1,1,1,1,1,5,1,1,12,6,1,1,30,2,2
17,42,4,8,2013,4,2,4,2,1,1,3,1,1,1,1,5,1,1,9,6,1,1,30,2,2
44,42,4,8,2013,2,1,4,2,2,1,1,1,1,1,1,3,1,1,7,4,1,1,25,1,2
44,42,4,8,2013,4,7,4,2,1,1,3,1,1,1,1,5,1,1,10,6,1,1,30,1,2
30,42,3,8,2013,3,1,1,2,2,1,1,1,1,1,1,4,1,1,8,6,1,1,30,2,2
10,42,4,8,2013,2,3,8,1,1,1,1,1,1,1,1,5,1,1,9,6,1,1,30,2,2
22,42,4,8,2013,3,1,4,2,1,1,1,1,1,1,1,1,1,1,9,6,1,1,40,2,2
33,42,4,8,2013,3,1,8,2,1,1,1,1,1,1,1,1,1,1,8,6,1,1,20,2,2
33,42,4,8,2013,2,1,4,2,2,1,1,1,1,1,1,5,1,1,6,6,1,1,35,2,2
13,42,4,9,2013,1,6,1,1,1,1,2,1,1,1,1,1,1,1,9,6,1,1,30,2,2
40,42,4,9,2013,1,1,4,2,1,1,3,1,1,1,1,5,1,1,14,6,1,1,40,1,2
20,42,4,9,2013,2,1,1,2,1,1,1,1,1,1,1,2,1,1,14,6,1,1,30,2,2
23,42,4,9,2013,4,1,1,2,1,1,2,1,1,1,1,5,1,1,9,6,1,1,35,2,2
1,42,4,1,2013,1,1,1,1,2,1,2,1,1,1,1,5,1,1,9,6,1,1,33,2,2
1,42,1,2,2013,3,3,4,2,1,1,1,1,1,1,1,5,1,1,10,6,1,1,35,2,2
1,42,4,4,2013,3,1,1,2,1,1,1,1,1,1,1,5,1,1,9,6,1,1,23,2,2
1,42,3,5,2013,2,2,4,2,1,1,1,1,1,1,1,5,1,1,4,2,1,1,45,1,1
1,42,4,7,2013,2,1,1,1,1,1,1,1,1,1,1,5,1,1,10,6,1,1,30,2,2
1,42,4,8,2013,2,7,3,1,1,1,1,1,2,1,1,5,1,1,9,6,1,1,21,2,2
22,42,4,9,2013,3,5,2,2,1,1,1,1,1,1,1,1,1,1,9,6,1,1,40,2,2
22,42,4,9,2013,4,1,2,2,2,1,3,1,1,1,1,1,1,1,9,6,1,1,35,2,2
1,42,4,9,2013,3,1,1,2,1,1,1,1,1,1,1,5,1,1,9,6,1,1,42,2,2
1,42,4,9,2013,1,2,4,2,1,1,3,1,1,1,1,5,1,1,14,6,1,1,42,2,2
33,42,4,9,2013,3,1,1,2,1,1,1,1,1,1,3,5,1,1,9,6,1,1,30,2,2
11,42,1,9,2013,4,1,4,2,1,1,3,1,1,1,1,2,1,1,8,2,1,1,30,2,2
34,42,4,8,2013,3,7,6,1,2,1,1,1,1,1,1,5,1,1,9,6,1,1,30,2,2
46,42,4,9,2013,2,1,3,2,1,1,1,2,1,1,1,5,1,1,12,2,1,1,28,2,2
26,42,4,9,2013,2,2,6,2,1,1,1,1,1,1,1,5,1,1,8,6,1,1,30,2,2
45,42,4,9,2013,3,2,6,2,2,1,1,1,1,1,1,5,1,1,8,6,1,1,30,2,2
28,42,4,10,2013,2,2,4,2,1,1,1,1,1,1,1,5,1,1,8,2,1,1,30,2,2
28,42,4,10,2013,4,1,1,2,1,1,3,1,1,1,1,5,1,1,9,6,1,1,28,2,2
36,42,4,10,2013,2,1,4,1,2,1,1,1,1,1,1,5,1,1,7,6,1,1,30,2,2
49,42,4,10,2013,3,2,3,2,1,1,1,1,1,1,1,3,1,1,9,6,1,1,34,2,2
9,42,4,8,2013,3,1,1,2,1,1,1,1,1,1,1,5,1,1,9,6,1,1,25,2,2
9,42,4,8,2013,2,1,4,2,1,1,2,1,1,1,1,5,1,1,8,6,1,1,30,2,2
9,42,3,8,2013,1,3,4,1,1,1,3,1,1,1,1,5,1,1,10,6,1,1,35,2,1
9,42,4,9,2013,2,1,1,2,1,1,1,1,1,1,1,5,1,1,9,6,1,1,30,2,2
9,42,4,9,2013,4,1,1,2,1,1,3,1,1,1,1,5,1,1,9,6,2,1,30,2,2
44,42,4,10,2013,4,1,4,2,2,1,2,1,2,1,1,1,1,1,9,6,1,7,30,1,2
44,42,4,10,2013,1,1,4,2,2,1,2,1,1,1,1,3,1,1,13,6,1,7,28,2,2
44,42,4,10,2013,1,3,4,1,2,1,3,1,1,1,1,3,1,1,9,6,1,7,40,1,2
44,42,4,10,2013,1,2,4,2,2,1,3,1,1,1,1,5,1,1,9,6,1,1,35,1,2
44,42,4,10,2013,1,1,4,2,1,1,3,1,1,1,1,3,1,1,9,6,1,1,35,1,2
11,42,3,9,2013,2,1,4,2,1,1,1,1,1,1,1,5,1,1,6,6,1,1,30,2,2
34,42,4,11,2013,2,1,1,1,1,1,1,1,1,1,1,1,1,1,9,6,1,1,40,2,2
15,42,4,11,2013,4,3,1,1,2,1,3,1,1,1,1,5,1,1,4,6,1,1,1,2,1
22,42,4,10,2013,4,1,2,2,1,1,2,1,1,1,1,1,1,1,11,6,1,1,40,2,2
22,42,4,10,2013,1,1,4,2,1,1,2,1,1,1,1,1,1,1,9,6,1,1,35,2,2
22,42,2,10,2013,1,1,1,2,1,1,3,1,1,1,1,3,1,1,1,2,1,1,40,1,2
22,42,4,10,2013,3,5,4,2,1,1,1,1,1,1,1,1,1,1,8,6,1,1,35,2,2
22,42,4,10,2013,1,5,2,2,2,1,2,1,1,1,1,1,1,1,9,6,1,1,38,2,2
13,42,4,11,2013,2,1,4,1,2,1,2,1,1,1,1,1,1,1,9,6,1,1,30,2,2
29,42,4,10,2013,4,1,4,2,1,1,1,1,1,1,1,5,1,1,6,6,1,1,20,2,2
29,42,1,10,2013,2,1,4,2,1,1,1,1,1,1,1,5,1,1,9,6,1,1,30,2,2
29,42,4,10,2013,3,1,4,2,1,1,1,1,1,1,1,5,1,1,9,1,1,1,30,2,2
36,42,4,10,2013,4,3,1,1,2,1,3,1,1,1,1,5,1,1,7,1,1,1,30,2,2
30,42,4,3,2013,2,1,4,2,1,1,1,1,1,1,1,5,1,1,13,6,1,1,40,2,2
30,42,3,8,2013,3,1,4,1,1,1,1,1,1,1,1,1,1,1,8,6,1,1,38,2,2
43,42,4,9,2013,2,3,4,2,1,1,2,1,1,1,1,5,1,1,9,6,1,1,40,2,2
27,42,3,4,2013,2,1,4,2,1,1,1,1,1,1,1,5,1,1,4,6,1,1,28,2,1
27,42,3,6,2013,4,2,6,2,1,1,2,1,1,1,1,5,1,1,4,6,1,1,30,2,1
27,42,4,8,2013,1,2,5,1,1,1,2,1,1,1,1,5,1,1,9,6,1,1,30,2,2
18,42,4,10,2013,2,7,1,2,2,1,1,1,1,2,2,5,1,1,19,6,1,7,25,2,2
14,42,4,11,2013,4,1,1,1,1,1,3,1,1,1,1,1,1,1,14,6,1,1,32,2,2
44,42,3,11,2013,3,1,1,2,2,1,1,1,1,1,1,5,1,1,7,6,1,1,30,2,2
44,42,4,11,2013,4,2,1,2,2,1,3,1,1,1,1,5,1,1,13,2,1,1,37,2,2
22,42,4,11,2013,2,7,4,2,1,1,2,1,1,1,1,1,1,1,9,6,1,1,40,2,2
6,42,4,11,2013,1,1,4,2,1,1,2,1,1,1,1,5,1,1,14,6,1,1,40,1,2
35,42,4,11,2013,1,3,1,2,2,1,3,2,1,1,1,5,1,1,13,6,1,1,23,2,2
23,42,4,10,2013,1,1,1,2,1,1,2,1,1,1,1,5,1,1,9,6,1,1,30,2,2
23,42,3,10,2013,4,1,1,2,1,1,3,1,1,1,1,5,1,1,8,6,1,1,35,2,2
40,42,4,10,2013,4,1,1,2,1,1,2,1,1,1,1,5,1,1,9,6,1,1,30,2,2
44,42,4,9,2013,1,7,8,2,1,1,4,1,1,1,1,1,1,1,9,6,1,1,50,1,2
44,42,4,9,2013,1,3,8,2,1,1,1,1,1,1,1,1,1,1,14,7,1,7,40,1,2
21,42,3,6,2013,2,3,1,1,1,1,1,1,1,1,2,5,1,1,13,5,1,1,65,2,2
1,42,4,11,2013,3,2,1,1,1,1,2,1,1,1,1,5,1,1,10,6,1,7,25,1,1
32,42,4,10,2013,3,3,4,1,1,1,1,1,1,1,1,5,1,1,9,6,1,1,40,2,2
9,42,3,11,2013,4,1,4,1,2,1,3,1,1,1,1,5,1,1,9,6,1,1,30,1,2
33,42,4,11,2013,3,3,1,2,1,1,1,3,1,1,3,5,1,1,9,6,1,1,32,2,2
29,42,4,12,2013,2,1,4,2,1,1,1,1,1,1,1,5,1,1,9,6,1,1,30,2,2
29,42,4,12,2013,4,1,4,2,1,1,3,1,1,1,1,5,1,1,9,6,1,1,40,2,2
28,42,4,12,2013,2,7,8,1,1,1,1,1,1,1,1,5,1,1,8,6,1,1,42,2,2
20,42,4,12,2013,3,1,1,2,1,1,1,1,1,1,1,5,1,1,19,6,2,1,30,2,2
7,42,4,10,2013,4,1,1,2,2,1,2,1,1,1,1,2,1,1,14,6,1,1,35,1,2
36,42,4,12,2013,2,1,4,2,2,1,1,1,1,1,1,5,1,1,9,6,1,1,35,2,2
24,42,4,12,2013,1,7,1,2,2,4,2,2,1,1,1,5,1,1,9,6,1,1,30,2,2
44,42,4,12,2013,1,1,4,2,2,1,3,1,1,1,1,5,1,1,9,6,1,6,40,1,2
22,42,4,12,2013,4,1,2,2,1,1,3,1,1,1,1,1,1,1,9,6,1,1,40,2,2
22,42,4,12,2013,1,7,3,2,1,1,2,1,1,1,1,5,1,1,10,6,1,1,38,2,2
22,42,3,12,2013,4,5,2,2,1,1,3,1,1,1,1,5,1,1,9,6,1,1,30,2,2
14,42,4,12,2013,2,4,4,2,1,1,2,1,1,1,1,1,1,1,19,11,1,1,30,1,2
14,42,4,12,2013,1,1,3,1,1,1,2,1,1,1,1,1,1,1,9,6,1,1,40,2,2
17,42,4,8,2013,2,7,4,2,1,1,1,1,1,1,1,5,1,1,9,6,1,1,30,2,2
16,42,4,12,2013,4,1,1,2,1,1,3,1,1,1,1,5,1,1,9,4,1,1,28,1,2
33,42,4,12,2013,4,1,1,2,1,1,3,1,1,1,1,5,1,1,13,6,1,1,50,1,2
33,42,4,12,2013,3,1,4,1,2,1,1,4,1,2,3,5,1,1,9,6,1,1,35,2,2
33,42,4,12,2013,1,1,8,2,1,1,4,1,1,1,1,5,1,1,9,6,1,1,40,2,2
10,42,4,12,2013,2,7,8,1,1,1,1,1,1,1,1,5,1,1,6,11,1,1,30,1,2
29,42,3,11,2013,1,1,4,2,1,1,1,1,1,1,1,1,5,1,8,6,1,1,30,2,2
32,42,4,12,2013,4,1,3,2,1,1,3,1,1,1,1,5,1,1,4,6,1,7,28,2,2
32,42,4,12,2013,2,1,4,2,1,1,1,1,1,1,1,1,5,1,19,6,1,7,35,2,2
32,42,4,12,2013,2,3,1,1,1,1,2,1,1,1,1,5,1,1,19,6,1,7,50,2,2
39,42,4,10,2013,4,1,1,2,1,1,2,1,1,1,1,5,1,1,9,,1,1,30,2,2
23,42,4,2,2013,1,4,1,2,1,1,4,1,1,1,1,5,1,1,14,6,2,6,32,1,2
18,42,3,5,2013,4,1,8,2,1,1,2,1,1,1,1,5,1,1,7,5,1,1,28,1,2
4,25,4,1,2013,2,1,8,2,2,1,1,2,2,1,1,2,1,2,9,6,2,7,,1,2
2,22,3,1,2013,2,1,1,2,2,1,1,1,1,1,1,4,1,2,14,6,1,7,,1,2
6,29,4,3,2013,2,1,1,2,2,1,4,2,1,1,1,3,1,2,4,6,1,7,,1,2
1,26,4,2,2013,2,2,1,2,2,1,1,1,1,1,1,1,1,2,14,6,2,7,,1,2
6,26,4,1,2013,2,1,1,2,2,1,1,1,1,1,1,3,1,2,19,9,2,7,26,1,2
3,21,4,1,2013,4,1,1,2,2,2,4,1,2,1,1,1,1,2,19,6,1,7,,1,2
1,23,4,2,2013,2,1,1,2,2,1,1,2,1,1,2,2,1,2,9,6,1,7,23,1,2
1,20,3,4,2013,4,1,1,2,2,1,1,1,1,1,2,3,1,2,14,6,1,7,35,1,2
2,20,4,2,2013,3,1,1,2,2,1,1,1,1,1,1,3,1,2,8,6,1,7,,1,2
3,19,4,3,2013,2,1,1,2,2,1,1,2,1,1,1,4,1,2,17,3,2,1,32,1,2
3,19,4,3,2013,3,1,1,2,2,1,1,1,1,1,1,1,1,2,7,6,2,1,,1,2
1,19,3,5,2013,1,3,1,2,2,1,1,1,1,1,1,5,1,1,4,6,1,7,24,1,2
1,18,4,3,2013,2,7,1,2,2,1,2,1,1,1,1,3,1,2,9,6,2,3,35,1,2
2,18,4,2,2013,3,1,1,2,2,1,1,3,1,3,1,4,1,2,19,6,2,7,25,1,2
2,18,4,3,2013,2,1,1,2,2,1,1,3,5,2,1,5,1,2,14,6,1,7,,1,2
3,18,3,2,2013,2,1,1,2,2,1,1,1,1,2,1,3,1,2,19,6,1,7,28,1,2
3,18,4,4,2013,3,1,1,2,2,1,1,1,1,1,1,3,1,2,4,6,2,7,,1,2
5,18,4,2,2013,2,7,1,2,2,1,1,1,1,1,1,1,1,2,9,6,2,3,,1,2
6,18,4,1,2013,4,1,1,2,2,1,4,1,1,1,1,4,1,2,4,6,1,7,25,1,2
7,18,4,3,2013,1,1,1,2,2,1,1,1,1,1,1,1,1,2,12,6,2,7,,1,2
1,26,4,9,2013,3,1,1,2,2,1,1,1,1,1,1,2,1,2,8,6,2,3,42,1,2
4,26,4,8,2013,3,1,1,2,2,1,1,1,1,1,1,2,1,2,4,6,2,1,21,1,2
5,26,3,8,2013,2,1,1,2,2,2,1,2,2,1,1,1,1,1,4,6,2,7,40,1,2
6,26,3,8,2013,2,1,1,2,2,1,4,1,1,1,1,4,1,2,19,6,2,3,28,1,2
1,29,1,1,2013,3,1,1,2,2,1,1,1,1,1,1,2,1,1,13,6,2,7,40,1,2
1,29,4,5,2013,2,1,1,2,2,1,1,2,1,1,2,3,1,2,6,6,1,6,32,1,2
1,29,3,6,2013,3,1,1,2,2,1,1,1,1,1,1,1,1,1,19,2,2,7,26,1,2
1,29,4,9,2013,2,1,1,2,2,1,2,1,1,1,1,2,1,2,11,6,1,1,,1,2
1,19,4,7,2013,2,1,1,1,2,1,2,1,1,1,1,4,1,2,19,11,,,,,
3,19,4,7,2013,2,1,1,2,2,1,1,1,1,1,1,4,1,2,17,6,2,1,35,1,2
1,29,3,9,2013,2,7,1,2,2,1,1,1,1,1,1,5,1,1,19,11,2,7,,1,2
2,29,4,9,2013,2,1,1,2,2,1,1,1,1,1,1,3,1,2,9,6,1,1,37,2,2
2,29,4,11,2013,3,1,1,2,2,1,1,1,1,1,1,3,2,1,9,1,1,1,,2,2
3,29,4,8,2013,3,1,1,2,2,1,1,1,1,1,1,2,1,1,,4,2,7,,1,2
3,29,4,8,2013,1,1,8,2,1,1,1,1,1,1,1,1,1,1,8,6,1,1,,1,2
6,29,4,7,2013,2,1,1,2,2,1,1,1,1,1,1,1,1,1,13,6,1,1,,1,2
8,29,1,3,2013,3,1,1,2,2,1,1,1,1,1,1,4,1,2,19,6,2,7,35,2,2
8,29,4,9,2013,1,1,1,2,2,1,1,1,1,1,1,4,1,2,4,6,1,1,,1,2
5,24,3,6,2013,3,1,3,2,2,1,1,1,1,1,1,1,1,2,9,6,1,1,,1,2
5,24,4,6,2013,1,1,1,2,2,1,2,1,1,1,1,1,1,1,19,6,1,3,,1,2
1,22,4,5,2013,3,1,1,2,2,1,1,1,1,1,1,3,1,2,9,6,1,1,,1,2
1,22,4,7,2013,1,1,1,2,2,1,2,1,1,1,1,3,1,2,11,6,1,7,,1,2
4,22,3,11,2013,1,1,1,2,2,1,1,2,1,1,1,4,1,2,19,6,1,3,,1,2
1,25,3,1,2013,4,1,3,2,2,1,3,3,1,1,1,3,1,2,14,6,1,3,,1,2
1,25,4,7,2013,1,1,3,2,2,1,1,1,1,1,1,4,1,2,14,6,1,3,,1,2
2,25,4,5,2013,1,1,1,2,2,1,2,1,1,1,1,3,1,2,4,6,2,3,,1,2
4,25,3,3,2013,1,1,3,2,2,1,1,1,1,1,1,2,1,2,14,6,2,3,,1,2
1,18,4,7,2013,1,7,1,1,2,1,4,2,1,1,1,1,1,1,14,6,1,1,,1,2
2,18,4,6,2013,1,7,2,2,2,1,1,1,1,1,1,1,1,2,14,10,2,7,40,1,2
2,18,3,9,2013,4,1,4,2,2,1,4,1,1,1,1,3,1,2,4,9,1,3,22,1,2
2,18,4,12,2013,2,2,1,2,2,2,4,1,1,1,1,4,1,2,4,6,1,1,30,2,2
3,18,4,8,2013,2,7,1,2,2,1,1,1,1,1,2,2,3,2,4,6,1,1,25,1,2
4,18,4,6,2013,4,1,1,2,2,1,4,1,1,1,1,2,1,2,5,6,1,3,,1,2
4,18,4,10,2013,2,1,1,2,2,1,1,1,1,1,1,4,1,2,19,6,2,3,,1,2
4,18,4,12,2013,3,1,3,2,2,1,1,1,1,1,1,4,1,2,14,6,2,3,,1,2
5,18,4,10,2013,1,1,1,2,1,1,1,1,1,1,1,1,1,1,4,6,1,1,,1,2
7,18,4,9,2013,1,1,1,2,2,1,4,1,1,1,1,1,1,1,14,6,2,1,22,1,2
6,18,4,10,2013,3,1,1,2,2,1,1,1,1,1,1,1,1,1,14,6,1,1,35,2,2
6,18,4,11,2013,2,1,1,2,2,1,4,5,1,1,1,3,2,1,13,6,1,7,,1,2
7,18,4,9,2013,4,1,1,2,2,1,3,1,1,1,1,1,1,1,9,9,1,7,,2,2
3,25,3,6,2013,2,1,1,2,2,1,1,1,1,1,1,3,1,2,19,1,2,7,,1,2
1,21,3,3,2013,3,1,1,2,2,1,1,1,1,1,1,1,1,2,9,6,1,1,49,1,2
3,21,4,8,2013,2,1,1,2,2,1,1,1,1,1,1,1,1,2,9,6,1,1,,2,2
6,21,4,8,2013,2,1,1,2,2,1,1,1,1,1,1,3,1,2,7,6,1,1,35,2,2
1,24,2,7,2013,1,1,1,2,2,1,3,1,1,1,1,5,1,1,14,6,1,1,,2,2
6,25,4,10,2013,4,,1,2,1,1,2,1,1,1,1,3,1,2,4,5,1,1,,1,2
3,29,3,5,2013,2,1,1,2,2,2,1,1,2,1,2,1,1,2,6,6,1,1,,2,2
1,26,4,8,2013,2,1,1,2,2,1,,1,1,1,1,1,1,2,8,5,1,1,,2,2
4,26,4,1,2013,3,1,1,2,,,,,,,,2,,,4,6,1,1,,2,2
6,26,4,8,2013,4,1,1,1,2,1,1,1,1,1,1,3,1,2,18,6,1,1,,2,2
9,26,4,4,2013,2,1,1,2,2,1,1,2,1,1,1,3,1,2,9,2,1,1,35,1,2
6,18,4,10,2013,3,1,1,2,2,1,1,1,1,1,1,3,1,2,19,6,1,1,,2,2
7,18,1,7,2013,3,7,1,2,2,1,1,1,1,1,1,1,1,1,9,6,1,1,,2,2
1,28,4,5,2013,4,4,8,2,2,1,3,1,1,1,1,5,1,1,4,6,1,7,16,2,2
4,28,4,5,2013,3,7,8,2,2,1,3,1,1,1,1,5,1,1,5,11,1,7,,1,2
5,28,4,5,2013,2,6,8,1,1,1,1,1,1,1,1,1,1,1,14,11,1,7,20,1,2
1,28,4,1,2013,3,7,8,1,2,1,1,1,1,1,1,5,1,1,19,11,1,7,,1,2
2,28,4,8,2013,3,7,8,1,1,1,1,1,2,1,1,1,1,1,9,2,1,1,47,1,2
5,28,4,8,2013,4,1,1,2,2,1,1,1,1,1,1,5,1,1,19,11,1,1,,1,2
2,28,3,10,2013,2,1,8,2,2,1,1,1,1,1,1,5,1,1,10,5,1,1,,1,2
8,28,4,10,2013,2,1,1,2,2,1,1,1,1,1,1,5,1,1,14,6,1,7,,1,2
8,28,4,10,2013,3,2,1,1,2,1,2,1,1,1,1,1,1,2,13,11,1,7,,1,2
7,28,4,11,2013,3,1,1,2,2,1,1,1,1,1,1,5,1,1,14,6,2,7,30,1,2
2,28,1,1,2013,4,1,8,2,2,1,1,1,1,1,1,5,1,1,4,6,1,7,28,2,1
8,13,4,2,2013,2,1,1,1,2,1,1,1,1,1,1,1,1,1,14,7,1,1,,2,2
4,13,4,3,2013,4,1,1,1,2,1,4,1,1,1,2,3,1,2,17,6,1,1,22,2,2
5,13,4,4,2013,4,1,1,2,2,1,4,1,1,1,1,3,1,2,,,,,,,
5,13,4,6,2013,4,1,1,2,2,1,4,1,1,1,1,1,1,2,19,11,1,1,,1,2
3,12,4,9,2013,3,7,3,1,2,1,1,1,1,1,1,4,1,1,12,11,1,1,24,2,2
5,12,3,2,2013,2,3,8,2,2,1,1,1,1,1,1,4,1,2,4,6,1,7,35,2,2
3,15,4,9,2013,4,1,1,2,2,1,1,1,1,1,1,1,2,,19,6,1,1,,2,2
1,15,4,10,2013,1,1,8,2,2,1,4,1,1,1,1,1,1,2,14,5,2,7,,2,2
3,15,4,11,2013,4,1,1,2,2,4,4,1,1,1,1,1,1,1,19,6,1,1,,2,2
3,15,4,11,2013,1,1,1,1,2,1,2,2,1,1,2,1,1,2,14,6,1,1,,2,2
3,15,4,4,2013,4,1,1,2,2,3,4,2,2,1,1,1,1,2,19,6,1,1,,1,2
3,15,4,5,2013,1,1,1,2,2,2,4,3,2,1,1,1,1,2,9,6,1,1,,1,2
5,17,1,6,2013,2,1,1,2,2,1,1,2,1,1,1,2,1,2,9,1,1,4,,2,2
7,17,4,7,2013,1,1,4,2,1,1,2,1,1,1,1,1,1,2,19,6,1,1,,1,2
3,17,4,10,2013,2,3,1,2,2,1,1,2,1,1,1,3,1,2,13,1,2,7,,2,2
9,17,4,10,2013,2,1,1,2,2,1,1,1,1,1,1,3,1,2,4,6,1,7,25,1,2
8,17,4,10,2013,2,1,1,2,2,1,1,1,1,1,1,1,1,2,19,6,1,1,,2,2
11,9,4,8,2013,4,7,8,2,2,1,2,1,1,1,1,1,1,2,14,11,1,1,,2,2
10,9,4,3,2013,4,1,1,2,2,1,2,1,1,1,1,1,1,2,9,6,1,1,,1,2
1,9,4,6,2013,4,1,1,2,1,1,2,1,1,1,1,5,1,1,19,6,1,7,42,2,2
8,16,4,9,2013,2,1,1,2,2,1,1,1,1,1,1,1,1,2,11,6,1,1,,2,2
10,16,4,9,2013,3,3,3,2,2,1,1,1,1,1,1,1,1,1,9,7,1,1,32,2,2
11,16,4,9,2013,3,1,1,2,1,1,1,1,1,1,1,1,1,1,9,6,1,1,,1,2