Thana,District,Accident_Severity,Month,Year,Time,Junction_Type,Traffic_Control,Movement,Divider,Weather,Light,Road_Geometry,Surface_Condition,Surface_Type,Surface_Quality,Road_Class,Road_Feature,Location_Type,Vehicle_Type,Vehicle_Movement,Vehicle_Loading,Vehicle_Defect,Vehicle_Driver_Age,Vehicle_Alcohol,Vehicle_Seat_Belt
10,16,4,9,2013,2,2,3,2,2,1,1,1,1,1,1,1,1,2,9,5,1,1,40,2,2
6,16,4,9,2013,3,1,1,2,1,1,1,1,1,1,1,1,1,1,9,6,1,1,,2,2
8,16,4,11,2013,1,1,1,2,2,1,4,1,1,1,1,1,1,2,19,6,1,1,,2,2
8,16,4,11,2013,1,1,3,2,2,1,2,1,1,1,1,1,1,2,19,6,1,1,,2,2
7,16,4,12,2013,3,1,1,2,2,1,1,1,1,1,1,1,1,2,9,6,1,1,45,1,2
10,16,4,3,2013,2,2,1,2,2,1,1,1,1,1,1,1,1,2,19,11,1,7,,2,2
8,16,4,3,2013,2,1,1,2,2,1,1,1,1,1,1,1,1,2,19,6,1,1,,2,2
6,16,4,4,2013,4,1,1,2,2,1,4,1,1,1,1,1,1,2,14,11,1,1,,2,2
9,11,4,3,2013,2,3,1,2,2,1,1,1,1,1,1,3,1,2,1,1,1,1,30,2,2
9,16,4,7,2013,4,1,1,2,2,1,1,1,1,1,1,1,1,1,12,6,1,1,,2,2
9,16,4,11,2013,2,1,1,1,2,1,1,1,1,1,2,2,1,2,19,6,1,1,40,2,2
11,16,4,3,2013,3,1,1,2,2,1,1,1,1,1,1,1,1,2,9,6,1,1,,2,2
7,16,4,7,2013,4,1,1,2,2,1,1,1,1,1,1,1,1,1,12,,1,1,,2,2
10,11,3,5,2013,2,3,1,2,2,1,1,1,1,1,1,3,1,2,6,6,1,1,,2,2
11,11,3,8,2013,3,1,3,1,2,1,1,1,1,1,1,3,1,2,4,6,1,1,24,1,2
2,12,4,12,2013,3,1,1,2,2,1,1,1,1,1,1,4,1,2,19,6,2,1,32,2,2
1,9,4,7,2013,4,1,1,1,2,1,4,1,1,1,1,1,1,2,14,6,2,1,,2,2
1,2,4,5,2013,2,1,1,2,2,1,1,1,1,1,1,1,1,2,9,6,1,1,,2,2
5,6,4,1,2013,3,1,1,2,2,1,1,1,1,1,1,2,1,2,14,6,1,1,,2,2
4,6,4,3,2013,1,1,1,2,2,1,1,1,1,1,1,1,1,1,8,6,1,1,35,2,2
1,6,4,5,2013,4,1,1,2,2,1,4,2,1,1,1,1,1,2,14,1,1,1,,2,2
3,8,4,1,2013,3,1,1,2,2,1,1,1,1,1,1,1,1,2,9,6,1,1,,2,2
3,8,4,1,2013,3,1,1,2,2,1,1,1,1,1,1,4,1,2,4,6,1,1,,2,2
1,8,4,3,2013,2,1,1,2,2,1,1,1,1,1,1,2,1,2,4,6,1,1,,2,2
7,3,4,4,2013,2,1,1,2,2,1,1,1,1,1,1,3,1,2,14,6,1,1,65,2,2
2,3,4,6,2013,1,1,1,2,2,2,4,1,2,1,1,3,1,2,4,6,1,1,35,1,2
7,7,4,6,2013,4,1,1,2,2,1,1,1,1,1,1,3,1,1,13,6,1,1,,2,2
1,7,4,9,2013,3,1,1,2,2,1,1,1,1,1,1,2,1,2,8,6,1,1,38,2,2
1,7,4,10,2013,1,1,1,2,2,1,4,1,1,1,3,5,1,1,7,6,1,1,,2,2
3,3,4,2,2013,4,1,1,2,2,1,2,1,1,1,2,2,1,1,14,6,1,1,,2,2
2,3,3,5,2013,1,1,1,2,2,1,1,1,2,1,2,4,4,2,14,6,1,1,52,2,2
7,3,4,5,2013,2,1,1,2,2,1,1,1,1,1,1,3,1,2,14,6,1,1,,2,2
5,3,4,6,2013,3,1,1,2,2,1,1,1,1,1,1,3,2,2,14,6,1,1,35,1,2
5,3,3,7,2013,2,1,1,2,2,1,1,2,1,1,1,3,5,1,9,2,1,1,40,1,2
3,3,4,7,2013,3,1,1,2,2,1,1,1,1,1,1,1,5,1,14,6,1,1,38,2,2
4,8,4,6,2013,3,1,1,2,2,1,1,1,1,1,1,4,1,2,4,6,1,1,,2,2
3,8,4,6,2013,1,1,1,2,2,1,2,1,1,1,1,1,1,2,14,6,1,1,,2,2
4,8,4,6,2013,2,1,5,2,2,2,2,1,2,1,1,1,1,1,14,6,1,1,,1,2
3,8,4,8,2013,3,1,1,2,2,1,1,1,1,1,1,1,1,2,9,6,1,1,,2,2
3,8,4,8,2013,1,1,1,2,2,1,2,1,1,1,1,1,1,2,8,6,1,1,,2,2
3,8,3,8,2013,2,1,1,2,2,1,1,1,1,1,1,1,1,2,9,6,1,1,41,2,2
3,8,3,10,2013,3,1,1,2,2,1,1,1,1,1,1,1,1,1,4,6,1,1,,2,2
3,8,2,10,2013,2,1,1,2,2,1,1,1,1,1,1,1,1,2,9,6,1,1,,2,2
3,8,2,10,2013,2,1,1,2,2,1,1,1,1,1,1,1,1,2,9,6,1,1,,2,2
1,5,4,6,2013,1,1,1,2,2,1,2,1,1,1,1,1,2,2,14,6,1,1,,2,2
1,5,1,12,2013,1,1,1,2,2,1,2,1,1,1,1,1,1,2,17,6,1,1,,2,2
8,5,4,6,2013,3,1,1,2,2,1,1,1,1,1,1,1,1,2,7,6,1,1,,2,2
8,5,4,10,2013,2,1,1,2,2,1,1,1,1,1,1,1,1,2,14,6,1,1,,2,2
2,8,4,9,2013,2,1,1,2,2,2,1,2,2,1,2,3,5,1,17,6,1,1,25,2,2
5,5,4,11,2013,3,1,1,2,2,1,1,1,1,1,1,1,1,1,14,6,1,1,35,2,2
5,5,4,7,2013,4,1,1,2,2,1,2,1,1,1,1,1,1,2,12,6,1,1,28,2,2
5,4,4,8,2013,3,1,1,2,2,1,1,1,1,3,1,4,1,2,19,6,1,1,,2,2
3,5,4,1,2013,2,1,1,2,2,1,1,1,1,1,1,3,1,2,17,6,1,1,42,2,2
8,5,4,12,2013,4,1,1,2,2,4,4,1,1,1,1,1,1,2,14,6,1,1,,2,2
2,5,4,9,2013,2,1,1,2,2,1,1,1,2,1,2,3,5,1,17,6,1,1,25,2,2
5,6,4,1,2013,2,1,1,2,1,1,1,1,1,1,1,4,1,2,4,6,1,1,,1,2
7,3,4,6,2013,2,1,1,2,2,1,1,1,1,1,1,3,1,1,4,6,1,1,,2,2
3,14,4,3,2013,3,7,1,2,2,1,1,2,1,1,2,5,1,1,14,11,1,7,,2,2
3,14,4,5,2013,3,2,7,2,2,1,1,1,1,1,1,1,5,1,9,6,1,7,,,2
4,14,4,5,2013,2,7,1,1,1,1,1,2,1,3,2,4,1,2,17,2,1,1,,2,2
3,14,3,8,2013,3,7,8,2,2,1,1,2,3,1,1,5,1,1,19,11,,7,30,2,2
3,14,4,9,2013,3,1,1,1,2,1,1,1,1,1,1,5,1,1,19,6,,7,,,2
3,14,1,10,2013,3,7,8,1,2,1,1,1,1,1,1,5,1,1,4,7,,7,22,2,2
3,14,4,12,2013,2,7,8,2,2,1,1,1,1,1,1,5,1,1,14,6,,7,40,2,2
2,14,4,5,2013,3,3,1,2,2,1,1,1,1,1,1,1,1,2,9,6,1,3,,2,1
2,14,4,12,2013,2,7,1,2,2,1,2,1,1,1,1,1,1,1,19,11,,7,,2,
4,14,4,10,2013,4,2,8,2,2,1,1,1,1,1,1,1,1,1,4,11,,7,30,2,2
4,14,4,11,2013,3,1,1,2,1,1,1,1,1,1,1,1,1,2,9,6,,7,,2,2
4,14,4,11,2013,3,1,1,2,1,1,1,1,1,1,1,1,1,2,14,6,,7,,,
2,14,4,2,2013,2,1,1,2,2,1,1,2,1,1,1,1,1,1,9,4,1,1,36,1,2
1,14,4,10,2013,2,2,1,2,2,1,1,1,1,1,1,1,1,1,9,2,,,,2,2
3,14,1,12,2013,3,1,8,1,2,1,1,1,1,1,1,5,1,1,4,11,1,7,21,2,2
6,70,4,6,2013,1,1,1,2,2,1,4,1,1,1,1,5,1,2,14,6,1,1,42,2,2
1,70,3,6,2013,2,1,1,2,2,1,1,1,1,1,1,5,1,1,10,6,1,1,24,2,2
4,70,3,12,2013,4,1,1,2,2,1,2,1,1,1,1,5,2,2,5,6,2,1,27,1,2
4,70,4,5,2013,4,1,1,2,2,1,3,1,1,1,1,5,1,2,13,6,1,1,45,1,2
4,70,4,7,2013,2,1,1,2,2,1,1,1,1,1,1,5,1,2,5,11,1,1,21,2,2
4,70,4,10,2013,4,1,1,2,2,1,3,1,1,1,1,5,2,2,10,8,2,1,35,1,2
3,70,4,3,2013,2,7,1,1,2,1,1,1,1,1,1,5,1,1,10,6,1,7,40,2,2
3,70,4,3,2013,4,7,2,1,1,1,3,1,1,1,1,5,1,1,4,6,1,1,22,1,2
3,56,4,3,2013,4,7,8,2,2,1,3,1,1,1,1,4,1,2,4,6,1,1,24,2,2
3,70,4,6,2013,3,7,1,1,2,1,1,1,1,1,1,5,1,2,9,6,1,7,32,2,2
3,70,4,8,2013,3,7,1,2,2,1,1,1,1,1,1,5,1,2,4,6,1,7,23,2,2
5,70,3,2,2013,2,7,1,2,1,1,1,1,1,1,1,5,,,2,6,1,1,32,2,2
5,70,4,5,2013,3,3,2,2,1,1,1,1,1,1,1,5,5,1,13,9,1,1,30,2,2
12,53,4,1,2013,3,7,1,2,2,1,1,1,1,1,1,2,,,12,6,1,7,,2,2
6,53,4,1,2013,2,7,1,2,2,1,1,3,1,1,1,3,3,2,4,11,1,7,22,2,2
3,53,4,1,2013,4,7,3,2,2,1,4,1,1,1,1,5,1,2,14,11,1,1,,1,2
3,53,4,1,2013,2,7,1,2,2,1,1,1,1,1,1,2,1,1,19,6,1,7,,2,2
3,53,4,2,2013,2,7,1,2,2,1,1,2,1,1,1,2,1,2,13,1,1,7,,2,2
12,53,4,2,2013,3,7,1,2,2,1,1,1,1,1,1,2,1,2,8,6,1,7,,1,2
3,53,3,3,2013,3,7,4,2,2,1,2,1,1,1,1,1,2,2,19,6,1,7,25,1,2
8,53,4,12,2013,2,1,8,1,2,1,1,1,1,1,1,4,1,2,19,6,,7,21,2,2
3,53,4,12,2013,4,7,8,2,2,1,1,1,1,1,1,5,1,1,19,2,2,7,28,1,2
1,53,3,6,2013,4,7,8,2,2,1,1,1,1,1,1,2,1,2,19,11,1,7,,2,2
3,53,3,9,2013,3,7,1,2,2,1,1,1,1,1,1,2,1,2,10,6,1,7,,2,2
11,53,4,9,2013,3,7,8,1,2,1,1,1,1,1,1,4,1,2,4,6,1,1,,2,2
1,53,4,11,2013,2,7,1,2,2,1,1,1,1,1,1,1,1,2,4,6,1,7,28,1,2
7,53,4,9,2013,4,1,8,2,2,1,3,1,1,2,1,4,1,2,19,11,1,7,42,1,2
12,53,4,10,2013,2,1,1,2,2,1,2,1,1,1,1,2,1,2,9,6,1,7,,2,2
8,53,4,7,2013,3,1,1,1,2,1,1,1,1,1,1,4,1,2,4,6,1,1,,2,2
1,53,4,5,2013,2,7,8,2,2,1,1,2,1,1,1,2,1,2,4,6,1,7,,2,2
1,53,4,7,2013,2,7,8,1,2,3,1,1,1,1,1,3,1,1,,,,,,1,2
12,53,4,5,2013,4,3,1,1,2,1,1,2,1,1,1,1,2,1,8,1,1,7,,1,2
12,53,4,4,2013,2,1,1,1,2,1,2,1,1,1,1,3,1,2,12,8,1,7,,2,2
1,53,4,3,2013,3,7,1,2,2,1,1,2,1,1,1,2,1,2,,,,,,1,2
1,55,4,1,2013,3,1,8,2,2,1,1,1,1,1,1,1,1,2,13,11,1,7,,2,2
2,55,4,1,2013,2,1,1,2,2,1,1,1,1,3,2,4,,2,17,3,1,7,55,2,2
4,55,4,2,2013,3,7,8,2,2,1,1,1,1,1,1,4,1,2,4,6,1,7,25,2,2
1,55,4,4,2013,3,7,1,2,2,1,1,3,2,1,3,4,1,2,13,8,1,7,45,2,2
4,55,4,6,2013,3,7,1,2,2,1,1,5,5,1,1,4,1,2,19,11,1,7,22,2,2
3,55,4,8,2013,3,1,1,2,2,1,1,1,2,1,1,2,,,10,11,1,1,,2,2
1,55,4,8,2013,3,7,1,2,2,1,1,1,5,1,1,1,1,2,8,11,2,7,,2,2
6,55,4,8,2013,3,4,1,2,2,1,1,1,1,1,1,4,1,2,11,1,1,1,,2,2
4,55,4,10,2013,3,1,3,1,2,1,1,1,1,1,1,1,1,1,14,11,1,7,19,2,2
2,55,3,10,2013,4,1,1,2,2,1,1,1,1,1,1,4,1,2,4,11,1,7,20,2,2
4,55,4,11,2013,3,1,1,2,2,1,1,1,1,1,1,1,1,2,12,6,1,7,,2,2
4,55,3,11,2013,4,7,8,2,2,1,2,1,1,1,1,5,1,1,4,6,1,7,22,2,2
1,55,4,11,2013,3,7,1,2,2,4,4,2,1,1,1,3,1,1,19,11,,,,1,2
3,55,4,11,2013,4,7,8,2,2,1,1,4,1,1,1,4,1,2,12,6,1,7,25,2,2
4,55,4,12,2013,4,7,1,2,2,1,1,1,1,1,1,4,1,1,19,11,,7,,1,2
3,54,3,4,2013,2,7,1,2,2,1,1,1,1,1,1,1,1,2,5,2,1,1,21,2,2
11,54,3,4,2013,4,1,3,2,2,1,2,1,1,1,1,1,1,2,14,5,1,1,27,2,2
11,54,4,3,2013,1,1,3,2,2,1,1,1,1,1,1,1,1,2,,,,,,1,2
8,54,4,3,2013,4,1,3,2,2,1,2,1,1,1,1,1,1,2,,,,,,1,2
11,54,4,1,2013,1,3,6,1,2,1,2,1,1,1,1,1,1,1,14,6,1,1,,2,2
8,54,4,7,2013,3,1,1,2,2,1,4,1,1,1,1,1,1,2,8,6,1,1,,2,2
11,54,4,7,2013,4,7,1,2,1,4,1,1,1,1,1,1,2,,19,11,1,7,,2,2
11,54,4,6,2013,3,7,3,2,1,1,1,1,1,1,1,1,1,2,4,11,1,7,25,2,2
8,54,4,6,2013,1,3,1,2,2,1,1,1,1,1,1,1,1,2,4,6,1,7,24,1,2
4,54,4,5,2013,4,1,4,2,2,2,2,1,2,1,1,3,1,2,19,11,1,7,,1,2
11,54,4,9,2013,1,1,1,2,2,1,1,1,1,1,1,1,1,2,9,6,1,7,,1,2
9,54,4,8,2013,4,1,1,2,2,1,1,1,1,1,1,4,1,2,8,6,1,1,,2,2
3,56,3,1,2013,2,7,1,2,2,1,1,1,1,1,1,1,1,2,9,6,1,7,42,2,2
7,56,4,2,2013,1,7,1,2,2,1,4,1,1,1,1,1,1,2,9,2,1,7,,2,2
1,56,4,3,2013,2,7,1,2,2,1,1,3,1,1,1,4,1,2,19,6,1,3,,2,2
7,56,4,3,2013,4,1,1,2,2,1,2,1,1,1,1,1,1,2,,,,,,1,2
7,56,4,3,2013,4,1,1,2,2,1,2,1,1,1,1,2,1,2,19,6,1,7,20,2,2
1,56,4,4,2013,4,3,8,1,2,1,2,2,1,1,1,3,4,2,13,7,2,,20,2,2
7,56,4,4,2013,3,7,1,2,2,1,1,1,1,1,1,1,1,2,19,11,,,,2,2
7,56,4,5,2013,2,7,1,2,2,1,2,1,1,1,1,1,1,2,10,6,1,7,52,2,2
3,56,4,5,2013,1,7,1,2,2,1,1,1,1,1,1,1,1,2,9,6,1,1,31,2,2
8,56,4,5,2013,2,3,1,2,2,1,1,1,1,1,1,1,1,2,10,6,2,1,,2,2
8,56,4,5,2013,3,3,1,2,2,1,1,1,1,1,1,1,1,2,10,6,2,1,,2,2
8,56,4,5,2013,3,3,1,2,2,1,1,1,1,1,1,1,1,2,19,6,2,1,,2,2
7,56,4,6,2013,3,7,1,2,2,1,4,1,1,1,1,1,1,2,19,11,1,7,,1,2
9,56,4,6,2013,4,3,1,2,2,1,1,1,1,1,1,1,1,2,9,8,1,7,39,2,2
2,56,4,3,2013,3,1,1,2,2,1,1,3,5,3,2,4,1,2,19,6,1,7,,2,2
7,56,4,7,2013,4,7,1,2,2,1,4,1,1,1,1,1,2,,19,11,,,,2,2
7,56,4,7,2013,4,7,1,2,2,1,3,1,1,1,1,1,1,1,19,11,1,1,,2,2
7,56,4,7,2013,2,7,1,2,2,1,1,1,1,1,1,1,1,2,,6,1,1,,2,2
8,56,4,8,2013,1,1,2,2,1,4,1,1,1,1,1,1,2,2,19,6,2,1,,2,2
7,56,4,8,2013,2,7,1,2,2,1,2,1,1,1,1,1,1,2,19,,2,7,,,
3,56,4,8,2013,3,7,1,2,2,2,1,1,2,1,1,1,1,2,7,6,1,7,25,2,2
7,56,3,9,2013,4,7,1,2,2,2,1,1,1,1,1,1,1,2,7,11,1,7,40,2,2
3,56,4,9,2013,2,1,5,2,1,1,1,1,1,1,1,1,1,2,14,6,1,1,25,2,2
3,56,4,9,2013,3,7,1,2,2,1,1,1,1,1,1,1,1,2,9,6,1,1,,2,2
9,56,4,9,2013,4,7,1,2,2,1,1,1,1,1,1,1,1,2,19,11,1,7,,2,2
7,56,4,10,2013,4,7,1,2,2,1,2,1,1,1,1,1,1,2,7,6,1,7,27,2,2
7,56,4,10,2013,4,7,1,2,2,1,3,1,1,1,1,1,1,2,19,11,1,7,,1,2
7,56,4,10,2013,4,7,1,2,2,1,4,1,1,1,1,1,1,2,19,11,1,7,,2,2
3,56,4,11,2013,1,7,1,2,2,1,2,1,1,1,1,1,1,2,9,11,1,7,35,2,2
9,56,4,12,2013,2,7,1,2,2,1,1,1,1,1,1,1,1,2,10,2,1,7,28,2,2
3,56,4,5,2013,4,7,1,2,2,1,1,1,1,1,1,1,1,2,14,6,1,1,30,2,2
1,69,4,1,2014,3,1,1,2,2,1,1,1,1,1,1,1,1,1,5,2,1,1,45,2,2
1,69,4,1,2014,3,1,1,2,2,1,1,1,1,1,1,1,1,1,9,1,1,1,35,1,2
4,69,3,7,2014,3,3,4,2,2,1,1,1,1,1,2,5,1,1,7,1,1,1,,1,2
9,13,4,1,2014,3,1,1,1,2,1,1,1,1,1,1,3,1,2,1,5,1,1,38,1,2
5,13,4,6,2014,1,1,1,2,2,1,4,2,1,1,1,1,1,2,19,6,1,1,,,
5,13,3,6,2014,1,1,1,2,2,2,4,1,1,1,1,1,1,2,1,7,1,1,,,
1,13,4,6,2014,3,3,1,2,2,1,1,1,1,1,1,4,1,2,17,1,1,1,,,
8,13,3,11,2014,2,1,1,2,2,1,1,1,2,1,1,1,1,1,19,11,1,1,25,1,2
1,12,4,1,2014,3,1,1,2,2,1,1,1,1,1,1,2,1,2,14,6,1,1,30,2,2
1,12,4,3,2014,2,1,1,2,2,1,1,1,1,1,1,1,1,2,14,6,1,7,32,2,2
1,12,4,3,2014,2,1,1,1,2,1,1,1,1,1,1,4,1,2,13,6,1,1,30,2,2
1,12,4,3,2014,2,1,1,1,1,1,1,1,1,1,1,1,2,2,14,1,1,1,30,2,2
6,11,4,5,2014,1,1,1,2,1,2,2,1,1,1,1,1,1,2,12,6,1,1,,2,2
4,11,4,12,2014,3,1,1,2,2,1,1,1,1,1,1,2,1,2,17,6,1,7,,2,2
9,11,4,12,2014,2,1,1,2,2,1,1,1,1,1,1,2,1,2,8,6,1,1,35,1,2
1,15,4,3,2014,3,1,1,2,2,1,4,1,1,1,1,1,1,1,9,6,1,1,45,2,2
1,15,4,5,2014,2,1,1,2,2,1,1,1,1,1,1,1,1,1,13,1,1,1,50,2,2
1,15,4,5,2014,4,1,1,2,2,1,1,1,1,1,1,1,1,1,13,1,1,1,30,2,2
1,15,4,5,2014,1,1,1,2,2,1,1,1,1,1,1,1,1,1,14,6,1,1,,2,2
1,15,4,6,2014,2,1,4,2,2,1,1,1,1,1,1,1,2,2,19,1,1,1,,,
6,15,4,1,2014,2,1,3,2,2,1,1,1,1,1,1,1,1,1,19,6,1,1,,2,2
6,15,4,4,2014,2,1,1,2,2,1,1,1,1,1,1,1,2,,9,11,1,1,45,2,2
6,15,4,5,2014,2,1,1,2,2,1,1,1,1,1,1,1,1,1,4,6,1,1,20,2,2
6,15,4,7,2014,4,1,1,2,2,1,1,1,1,1,1,1,2,2,4,6,1,1,25,2,2
4,15,4,5,2014,3,2,1,2,2,1,1,1,1,1,1,1,1,1,16,4,1,1,24,2,2
4,15,4,6,2014,4,7,1,2,2,1,1,1,1,1,1,1,1,2,9,6,1,1,25,2,2
3,15,4,3,2014,4,1,1,1,1,1,1,1,1,1,1,1,1,1,14,6,1,1,,2,2
3,15,3,8,2014,3,1,1,2,2,1,1,1,1,1,1,1,1,2,14,1,1,1,30,2,2
5,15,4,3,2014,2,1,1,1,1,1,1,1,1,1,1,1,1,1,14,6,1,1,26,2,2
5,15,4,6,2014,4,1,1,2,2,1,4,1,1,1,1,1,1,1,14,6,1,1,,,
6,15,4,12,2014,1,1,1,1,2,1,1,1,1,1,1,1,1,2,9,6,1,1,,2,2
1,15,4,12,2014,4,1,1,2,1,1,2,1,1,1,1,1,1,1,13,6,1,1,,2,2
7,17,4,1,2014,1,1,1,2,2,1,2,1,1,1,1,1,1,2,13,6,1,1,,2,2
8,17,4,3,2014,2,1,1,1,1,1,1,1,1,1,1,1,1,2,14,6,1,1,,2,2
11,17,4,6,2014,4,1,1,1,2,1,2,1,1,1,1,1,1,2,14,6,1,1,,2,2
1,17,4,7,2014,3,3,1,1,2,1,1,1,1,1,1,1,1,2,14,9,1,1,,2,2
10,17,4,7,2014,2,1,1,1,1,1,1,1,1,1,1,1,1,2,14,6,1,1,,2,2
10,9,4,6,2014,2,1,1,2,2,1,1,1,1,1,1,1,1,2,9,6,1,1,43,2,2
11,9,3,6,2014,3,1,1,2,2,1,1,1,1,1,1,1,1,1,19,6,1,1,,2,2
11,9,4,6,2014,1,1,1,2,2,1,1,1,1,1,1,1,1,1,14,6,1,7,40,1,2
5,9,4,9,2014,1,1,1,2,2,1,1,1,1,1,1,1,1,1,4,6,2,7,20,2,2
10,9,4,10,2014,3,1,1,2,2,1,1,1,1,1,1,1,1,2,7,6,1,1,,2,2
1,9,4,10,2014,2,1,1,2,2,1,1,1,1,1,1,1,1,1,19,6,1,1,,2,2
11,9,4,11,2014,1,1,1,1,2,1,1,1,1,1,1,1,1,1,19,6,1,1,,2,2
11,9,4,11,2014,2,1,1,1,1,1,1,1,1,1,1,1,1,2,9,6,1,1,,2,2
2,9,4,1,2014,1,1,1,1,1,1,1,1,1,1,1,1,1,2,19,6,1,1,,2,2
7,9,4,7,2014,2,1,1,1,1,1,1,1,1,1,1,1,1,1,10,6,1,1,,2,2
12,9,4,5,2014,4,1,1,1,1,1,1,1,1,1,1,1,1,1,13,6,1,1,,2,2
11,9,4,3,2014,2,1,1,1,1,1,1,1,1,1,1,1,1,1,9,6,1,1,,2,2
11,9,4,3,2014,2,1,1,1,1,1,1,1,1,1,1,1,1,1,9,6,1,1,,2,2
11,9,4,3,2014,3,1,1,1,1,1,1,1,1,1,1,1,1,2,9,6,1,1,,2,2
6,9,4,3,2014,2,1,1,1,1,1,1,1,1,1,1,1,1,2,19,6,1,1,,2,2
11,16,4,1,2014,2,2,1,2,2,1,1,1,1,1,1,1,1,2,14,6,1,1,,2,2
11,16,4,2,2014,4,1,1,1,2,1,1,1,1,1,1,1,1,2,14,6,1,1,,2,2
11,16,4,2,2014,3,1,1,1,1,1,1,1,1,1,1,1,1,2,19,6,1,1,,2,2
11,16,4,2,2014,1,1,1,1,2,1,1,1,1,1,1,1,2,2,19,6,1,1,,1,2
2,16,4,2,2014,3,1,1,1,2,1,1,1,1,1,1,1,1,1,8,6,1,1,,1,2
10,16,4,1,2014,1,1,1,1,2,1,2,1,1,1,1,1,1,2,9,1,1,1,,1,2
7,16,4,3,2014,1,1,1,2,2,1,1,1,1,1,1,1,1,1,19,6,1,1,,1,2
2,16,4,4,2014,3,1,1,2,2,1,1,1,1,1,1,1,1,2,19,6,1,1,,2,2
6,16,4,4,2014,1,1,1,1,1,1,1,1,1,1,1,1,1,2,19,6,1,1,,1,2
7,16,4,5,2014,4,1,1,2,2,1,2,1,1,1,1,1,1,1,13,6,1,1,,1,2
11,16,4,5,2014,1,1,1,2,2,1,2,1,1,1,1,1,1,1,19,6,1,1,,1,2
2,16,4,6,2014,3,1,1,2,2,1,1,1,1,1,1,1,1,1,19,6,1,1,,1,2
9,16,4,6,2014,3,1,1,2,2,1,1,1,1,1,1,1,1,1,9,6,1,1,,2,2
1,16,4,7,2014,1,1,1,2,2,1,1,1,1,1,1,1,2,2,19,6,1,1,23,2,2
2,16,4,7,2014,4,1,1,2,1,1,1,1,1,1,1,1,1,1,13,6,1,1,,2,2
11,16,4,8,2014,1,1,1,2,2,1,1,1,1,1,1,1,1,2,14,6,1,1,,1,2
2,16,4,9,2014,3,1,1,2,2,1,1,1,1,1,1,1,1,1,8,6,1,1,,2,2
2,16,4,9,2014,2,1,1,1,2,1,1,1,1,1,1,1,1,1,14,6,1,1,,1,2
10,16,4,9,2014,1,1,1,2,2,1,1,1,1,1,1,1,2,2,19,6,1,1,,1,2
11,16,4,9,2014,4,1,1,2,2,1,2,1,1,1,1,1,1,2,9,6,1,1,,1,2
11,16,3,10,2014,3,1,1,1,2,1,1,1,1,1,1,1,1,2,9,1,1,1,,2,2
6,16,4,10,2014,3,1,1,2,2,1,1,1,1,1,1,1,1,2,14,6,1,1,46,1,2
11,16,4,10,2014,3,1,1,2,2,1,1,1,1,1,1,1,1,2,19,6,1,1,,1,2
10,16,4,10,2014,1,1,1,2,2,1,2,1,1,1,1,1,1,2,19,6,1,1,,1,1
11,16,4,11,2014,1,1,1,2,2,1,2,1,1,1,1,1,1,2,19,6,1,1,,2,2
10,17,4,10,2014,1,1,1,2,2,1,1,1,1,1,1,1,2,2,9,6,1,1,38,1,2
8,17,4,10,2014,3,1,1,2,2,1,1,1,1,1,1,1,2,2,14,6,1,1,40,1,2
10,17,4,10,2014,2,1,1,2,2,1,1,1,1,1,1,1,1,1,5,6,1,1,,1,2
10,17,4,9,2014,2,1,1,2,2,1,1,1,1,1,1,1,2,2,19,6,1,1,18,2,2
7,17,4,11,2014,3,1,1,1,2,1,1,1,1,1,1,1,1,2,14,6,1,1,,1,2
7,17,4,12,2014,3,1,1,2,2,1,1,1,1,1,1,1,1,2,4,6,1,1,16,2,2
11,17,4,12,2014,2,1,1,1,1,1,1,1,1,1,1,1,2,2,4,6,1,1,18,2,2
4,69,4,12,2014,3,1,1,2,2,1,2,2,1,1,1,1,1,2,9,6,1,1,22,1,2
4,69,4,7,2014,2,1,1,2,2,2,1,1,2,1,1,1,1,1,9,8,1,1,,1,2
5,34,3,5,2014,1,1,1,2,2,1,1,2,5,1,2,4,1,2,4,6,1,7,,2,2
10,34,4,5,2014,3,1,1,2,2,2,1,3,2,1,1,1,1,2,9,6,1,7,30,2,2
4,34,4,4,2014,2,4,1,2,2,1,1,1,1,1,1,3,1,2,9,6,1,6,,2,2
4,34,4,3,2014,4,1,1,2,2,1,2,1,1,1,1,1,1,2,19,6,1,7,,2,2
7,34,4,3,2014,3,1,1,2,2,1,1,1,1,1,1,3,1,2,19,6,1,1,,2,2
8,34,4,4,2014,1,7,1,2,2,1,1,1,1,1,1,4,1,2,4,6,1,1,,2,2
8,34,4,3,2014,4,2,1,2,2,1,2,2,1,1,1,4,1,2,6,11,1,7,,2,2
6,34,4,5,2014,1,1,1,2,2,1,1,1,1,1,1,2,2,2,19,6,1,7,,2,2
6,34,4,4,2014,4,1,1,2,2,1,3,1,1,1,1,2,1,1,13,11,1,1,,2,2
6,34,4,2,2014,3,3,1,2,2,1,1,2,1,1,1,2,1,2,4,6,1,7,,2,2
6,34,4,1,2014,4,1,1,2,2,1,2,1,1,1,1,1,1,2,13,11,1,7,,2,2
6,34,3,1,2014,3,1,1,2,2,1,1,1,1,1,1,1,1,1,9,11,2,7,,2,2
3,34,4,1,2014,2,1,1,2,2,1,1,1,1,1,1,1,1,2,4,11,1,7,,2,2
1,27,4,1,2014,2,7,1,2,2,1,1,1,1,1,1,3,1,2,9,6,1,1,,2,2
2,27,4,1,2014,4,7,8,2,2,1,4,1,1,1,1,1,1,2,9,6,1,1,,2,2