Thana,District,Accident_Severity,Month,Year,Time,Junction_Type,Traffic_Control,Movement,Divider,Weather,Light,Road_Geometry,Surface_Condition,Surface_Type,Surface_Quality,Road_Class,Road_Feature,Location_Type,Vehicle_Type,Vehicle_Movement,Vehicle_Loading,Vehicle_Defect,Vehicle_Driver_Age,Vehicle_Alcohol,Vehicle_Seat_Belt
2,27,4,2,2014,3,1,1,2,2,1,1,1,1,1,1,1,1,2,8,5,1,1,,2,2
2,27,3,3,2014,2,7,1,2,2,1,4,1,1,1,1,1,1,2,9,6,1,3,,2,2
2,27,4,5,2014,4,1,8,2,2,1,1,3,1,1,1,1,1,2,9,11,1,1,,2,2
2,27,4,5,2014,4,7,1,1,1,1,1,1,1,1,1,1,1,2,11,7,1,1,35,2,2
5,27,4,5,2014,4,7,8,2,2,1,1,3,1,3,3,3,1,2,4,6,1,7,,2,2
5,27,3,5,2014,4,7,1,2,2,1,1,4,1,1,1,3,1,2,4,2,1,7,,2,2
6,27,3,1,2014,2,1,1,2,2,1,1,1,1,1,2,4,1,2,4,6,1,1,,2,2
6,27,4,3,2014,3,7,8,2,2,1,1,1,1,1,2,3,1,2,17,6,1,1,20,2,2
2,27,4,4,2014,3,7,8,2,2,1,2,1,1,1,1,1,1,2,19,4,1,7,,2,2
2,27,4,4,2014,3,1,8,2,2,1,1,1,1,1,1,1,1,2,7,6,1,1,,2,2
3,30,4,1,2014,4,1,8,2,2,1,1,1,1,1,1,2,1,1,4,6,1,7,,2,2
1,30,1,2,2014,3,3,1,2,2,1,1,1,1,1,1,1,1,1,9,6,1,1,,2,2
5,30,4,1,2014,1,1,1,2,2,4,4,1,1,1,1,1,1,2,8,6,1,7,,2,2
5,30,4,2,2014,4,1,1,2,2,1,2,1,1,1,1,1,1,2,8,6,1,1,35,2,2
7,31,4,5,2014,2,7,8,2,2,1,2,1,1,1,1,3,1,2,4,11,1,1,,2,2
1,33,4,5,2014,4,7,8,2,2,2,1,1,2,1,1,4,1,2,11,6,1,1,,2,2
5,33,4,5,2014,4,1,8,2,2,1,1,1,1,1,1,4,1,2,4,6,2,7,,2,2
5,33,4,4,2014,2,1,1,2,2,1,1,1,1,1,1,1,1,1,4,6,1,1,,2,2
1,31,4,7,2014,4,1,1,2,2,1,1,1,1,1,1,2,1,1,19,6,1,1,,2,2
5,33,4,6,2014,3,7,8,2,2,2,1,1,2,1,2,4,1,2,19,11,2,6,,2,2
3,33,4,7,2014,4,1,1,2,2,2,2,1,2,1,1,2,1,2,9,6,1,7,,2,2
2,34,4,7,2014,2,7,8,1,2,1,2,1,1,1,1,3,1,2,4,6,1,7,,2,2
6,34,4,7,2014,3,7,8,2,2,1,1,2,5,1,1,1,1,2,7,6,1,7,,2,2
6,34,4,7,2014,4,7,8,2,2,1,4,2,1,1,1,1,1,2,9,6,1,7,50,2,2
4,34,3,7,2014,1,7,8,2,2,1,1,1,1,1,1,1,1,1,19,6,1,7,,2,2
10,34,4,7,2014,4,7,8,2,2,1,2,1,1,1,1,1,1,2,9,11,1,3,45,2,1
4,30,4,7,2014,2,1,1,2,2,1,1,1,2,1,1,4,1,2,19,6,1,1,40,2,2
6,34,4,12,2014,3,1,1,1,2,1,1,2,1,1,1,1,1,2,9,2,1,1,,2,2
4,32,4,11,2014,4,1,1,2,2,4,1,2,1,1,1,2,1,2,4,11,1,1,,2,2
2,34,4,12,2014,3,1,1,2,2,1,1,4,1,1,1,3,1,2,4,6,1,1,35,2,2
5,30,4,10,2014,2,1,1,2,2,1,1,2,1,1,1,4,1,2,4,1,1,1,,2,2
4,32,4,12,2014,3,1,1,2,2,1,1,4,1,1,1,2,1,2,9,6,1,1,,2,2
1,32,4,11,2014,3,1,4,2,2,1,1,1,1,1,1,2,1,1,6,6,1,1,25,2,2
2,31,4,12,2014,2,1,1,2,2,4,1,1,2,1,2,3,2,2,9,6,1,1,43,1,2
1,31,4,12,2014,4,1,3,2,2,1,1,3,1,1,3,4,1,2,9,5,1,1,,2,2
2,31,4,11,2014,2,1,1,2,2,1,1,1,1,1,1,3,1,1,9,6,1,1,25,1,2
7,31,4,11,2014,1,1,1,2,2,1,4,1,1,1,1,1,1,2,9,6,1,1,,2,2
3,31,4,10,2014,3,1,1,2,2,1,1,1,1,1,1,2,1,2,9,6,1,3,34,2,2
5,33,4,11,2014,3,1,1,2,2,1,1,1,1,1,1,3,1,2,9,6,1,3,35,2,2
5,3,4,10,2014,3,1,1,2,2,1,1,1,1,1,1,2,1,2,17,6,1,1,,1,2
6,34,4,11,2014,2,1,1,2,2,1,1,2,1,1,1,4,1,2,2,6,1,1,35,2,2
10,34,4,12,2014,3,1,1,2,2,1,1,1,1,1,1,2,1,2,4,8,1,1,25,1,2
1,64,4,1,2014,2,1,3,2,1,1,1,1,1,1,1,5,1,1,9,6,1,1,,1,2
1,64,4,2,2014,3,3,1,2,2,1,1,1,1,1,1,5,1,1,14,6,1,1,,2,2
1,64,4,3,2014,4,3,1,2,2,1,4,1,1,1,1,5,1,1,9,6,1,1,,1,2
1,64,4,5,2014,2,3,1,2,2,1,2,1,1,1,1,5,1,1,14,6,1,1,48,1,2
1,64,4,7,2014,2,3,1,2,2,1,1,1,1,1,1,5,1,1,14,6,1,1,,1,2
1,64,4,7,2014,2,4,1,1,2,2,1,3,3,3,2,5,4,1,14,6,1,1,29,2,2
1,64,4,11,2014,3,1,1,2,2,1,1,1,1,1,1,5,1,1,6,6,1,1,,1,2
2,64,4,2,2014,4,1,1,1,1,1,3,1,1,1,1,5,1,1,19,6,1,1,,1,2
2,64,4,3,2014,3,1,1,1,1,1,1,1,1,1,1,1,1,1,14,6,1,1,,1,2
2,64,4,5,2014,4,1,1,2,2,1,3,1,1,1,1,1,1,1,19,4,1,1,,1,2
2,64,3,5,2014,4,1,4,1,1,1,3,1,1,1,1,1,1,1,8,6,1,1,,1,2
3,64,4,1,2014,1,1,1,1,1,1,3,1,1,1,1,5,1,1,6,6,1,7,,1,2
3,64,4,3,2014,1,1,1,1,2,1,2,1,1,1,1,5,1,1,14,6,1,1,,1,2
3,64,4,3,2014,4,1,1,1,1,1,3,1,1,1,1,5,1,1,6,6,1,3,,1,2
3,64,4,5,2014,4,1,1,1,2,1,3,1,1,2,2,5,1,1,8,6,1,1,20,1,2
3,64,4,5,2014,2,1,1,1,1,1,1,1,1,1,1,5,1,1,7,5,1,1,24,1,2
3,64,4,10,2014,2,1,1,2,2,1,1,1,1,1,1,5,1,1,19,6,1,1,,1,2
3,64,4,12,2014,4,1,1,2,2,4,4,1,1,2,2,5,1,1,19,6,1,1,,1,2
4,64,4,1,2014,4,3,1,2,1,1,3,1,1,1,1,5,1,1,9,6,1,1,,1,2
4,64,4,2,2014,2,1,2,2,2,1,1,1,1,1,1,5,1,1,5,6,1,1,,1,2
4,64,4,3,2014,4,1,1,2,2,1,3,1,1,1,1,5,1,1,9,6,1,1,,1,2
4,64,4,4,2014,3,1,1,2,2,1,1,1,1,1,1,5,1,1,5,6,1,1,,1,2
4,64,4,5,2014,4,1,1,2,1,1,2,1,1,1,1,5,1,1,9,6,1,1,,1,2
4,64,4,5,2014,2,1,2,2,1,1,1,1,1,1,1,5,1,1,5,6,1,1,,1,2
4,64,4,6,2014,4,1,1,2,1,1,3,1,1,1,1,5,1,1,19,6,1,1,,1,2
5,64,4,8,2014,2,1,1,2,1,1,2,1,1,1,1,5,1,1,6,6,1,1,22,1,2
6,64,3,8,2014,3,2,6,2,1,1,1,1,1,1,1,5,1,1,8,6,1,1,,1,2
7,64,4,4,2014,4,3,4,2,2,1,3,1,1,1,1,5,1,1,14,5,2,3,19,1,2
7,64,4,4,2014,3,5,4,1,1,1,1,1,1,1,1,5,1,1,8,6,1,1,,1,2
8,64,3,10,2014,3,2,1,2,1,1,2,1,1,1,1,5,1,1,9,6,1,1,,1,2
9,64,4,3,2014,2,1,1,2,1,1,1,1,1,1,1,1,1,1,14,5,1,1,,1,2
10,64,4,2,2014,3,1,1,1,2,1,1,1,1,1,1,1,1,1,5,6,1,1,,1,2
13,64,3,9,2014,2,1,1,2,2,1,1,1,1,1,1,1,1,1,14,8,1,1,35,1,2
15,64,4,1,2014,3,1,3,1,1,1,1,1,1,1,1,1,1,1,14,6,1,1,28,2,2
15,64,4,4,2014,4,3,1,2,2,1,3,1,1,1,1,1,1,1,14,6,1,1,,1,2
15,64,4,9,2014,3,3,1,2,2,1,2,1,1,1,1,5,1,1,5,6,1,1,,1,2
15,64,4,9,2014,1,1,1,2,2,2,4,1,2,1,1,1,1,1,14,6,1,1,,1,2
16,64,3,1,2014,4,3,8,2,1,1,2,1,1,1,1,5,1,1,8,6,1,1,32,2,2
16,64,4,6,2014,1,1,1,2,1,2,4,1,4,1,1,5,1,1,19,6,1,1,,1,2
7,65,4,1,2014,2,1,1,2,2,1,1,1,1,1,1,1,1,2,9,6,,,26,1,2
7,65,4,5,2014,2,1,4,2,2,1,1,2,1,1,1,2,1,2,8,6,,,,1,
2,59,4,2,2014,2,1,1,2,2,1,1,1,2,1,1,1,1,2,9,11,,,,2,2
4,59,3,3,2014,3,7,1,2,2,1,1,1,1,1,1,2,1,2,7,6,1,1,39,2,1
2,59,4,3,2014,2,7,1,2,2,1,1,1,1,1,1,4,1,2,14,6,1,,,1,2
4,59,4,7,2014,2,7,3,1,2,2,1,1,2,1,1,2,1,2,12,11,,1,45,,2
14,63,4,2,2014,3,7,3,2,1,1,2,1,1,1,1,1,1,2,,6,,,,1,
14,63,4,4,2014,4,4,8,2,2,1,3,1,1,1,1,1,1,2,14,9,,,,,
14,63,4,4,2014,1,1,3,1,1,2,4,1,1,1,1,1,1,2,19,,,,,,
14,63,4,7,2014,4,1,1,2,1,1,1,1,1,1,1,1,1,2,19,,,,,1,
14,63,4,6,2014,3,7,2,2,1,1,4,1,1,1,1,1,1,2,15,6,,,,,
14,63,4,3,2014,2,1,1,2,2,1,1,1,1,1,2,1,1,2,9,8,2,7,33,1,2
14,63,4,3,2014,1,1,3,1,1,1,1,1,1,1,1,2,1,1,,6,,,,1,
14,63,4,8,2014,3,7,1,2,2,1,1,1,1,1,1,1,1,2,14,6,1,1,,2,2
14,63,4,8,2014,4,7,1,2,2,1,4,1,1,1,1,1,1,2,16,6,1,1,,2,2
14,63,4,7,2014,2,7,1,1,1,1,1,1,1,1,1,1,1,2,19,6,,1,,2,2
14,63,4,7,2014,2,7,1,2,2,1,1,1,1,1,1,1,1,2,,,,,,1,
14,63,4,7,2014,4,1,,2,2,1,1,1,1,1,1,1,1,1,14,6,1,1,,2,2
14,63,4,9,2014,2,7,3,2,2,1,1,1,1,1,1,1,1,2,9,6,1,1,,2,2
14,63,4,7,2014,2,7,1,2,2,1,1,1,1,1,1,1,1,1,19,6,,,,1,2
16,63,4,3,2014,2,1,1,2,1,1,2,1,1,1,1,1,1,2,19,11,,7,,,
16,63,4,5,2014,3,1,8,2,1,1,1,1,1,1,1,1,1,2,,6,1,7,42,2,2
16,63,4,7,2014,1,1,1,,,1,2,1,1,1,1,1,1,1,14,6,1,,,2,
16,63,4,9,2014,2,1,1,2,1,1,2,1,1,1,1,1,1,2,19,11,,7,,,
16,63,4,10,2014,1,1,6,2,2,1,2,2,1,1,1,1,1,2,9,6,,,,1,
16,63,4,10,2014,2,1,1,2,1,1,1,1,1,1,1,1,1,2,19,11,,7,,1,
16,63,4,12,2014,3,2,2,2,1,1,1,1,1,1,1,1,1,1,14,6,,,,1,2
16,63,4,6,2014,3,7,1,,,1,1,1,1,1,1,1,1,2,5,6,1,1,26,2,2
9,63,4,3,2014,1,1,1,1,1,1,1,1,1,1,1,1,1,2,7,1,1,3,35,2,2
9,63,4,4,2014,1,1,1,1,1,1,4,1,1,1,1,1,1,2,13,5,1,1,,2,2
9,63,4,6,2014,3,1,1,1,1,1,1,1,1,1,1,1,1,2,9,4,1,3,35,2,
9,63,4,1,2014,2,1,2,2,2,1,2,1,1,1,1,1,1,2,9,9,1,1,40,2,
11,63,4,2,2014,2,1,1,2,2,1,1,2,1,1,1,1,1,2,14,5,1,,,1,2
15,63,3,11,2014,1,1,7,2,2,4,4,1,1,1,1,1,4,2,16,6,2,7,20,2,2
2,63,3,7,2014,2,7,1,2,2,2,1,1,2,1,3,2,1,2,8,6,1,1,33,2,2
4,63,3,3,2014,2,1,8,2,2,1,1,2,2,1,1,1,1,2,9,2,,,28,1,2
4,63,3,12,2014,1,7,1,2,2,1,1,2,1,1,1,1,1,2,19,6,,,,1,
13,63,4,5,2014,1,1,1,2,,2,4,1,2,1,1,2,1,2,19,6,,,,,
7,63,4,11,2014,2,1,1,2,1,1,1,1,1,1,1,1,1,2,9,6,1,1,,2,2
5,65,4,3,2014,4,1,8,1,2,1,4,4,1,1,1,1,1,2,14,6,2,7,40,1,2
2,65,4,8,2014,2,7,1,2,2,1,1,1,1,1,1,1,1,2,9,6,,,,1,
2,65,4,12,2014,2,,1,2,2,1,3,1,1,1,1,1,1,2,14,,1,,,1,2
9,58,4,3,2014,3,1,3,1,2,1,1,3,1,1,2,2,2,2,12,2,,,43,2,2
7,58,4,11,2014,2,1,1,2,2,1,1,1,1,1,2,1,1,2,19,6,,,,,
12,58,3,1,2014,3,1,3,1,2,1,1,1,1,1,1,2,1,2,5,6,,,,,2
12,58,4,4,2014,2,1,3,2,2,1,1,3,1,3,1,2,1,2,17,6,,,22,,2
12,58,1,10,2014,2,7,1,1,2,1,1,1,1,1,1,2,2,2,14,11,2,7,,1,2
6,58,4,4,2014,4,7,8,2,2,1,3,1,1,1,1,1,1,1,19,6,,,,,
6,58,4,6,2014,1,7,8,2,2,1,4,1,1,1,1,1,1,1,19,6,,,,,
10,58,4,5,2014,2,7,8,2,2,1,1,2,1,1,1,2,1,2,,6,,,,,
10,58,4,9,2014,1,1,1,2,2,1,2,1,1,1,1,2,1,2,,,,,,,
10,58,4,12,2014,1,1,1,2,2,1,2,1,1,1,1,2,1,2,,,,,,,
16,58,4,12,2014,1,3,1,2,2,1,1,1,1,1,1,2,1,2,4,2,2,,30,1,2
1,57,4,1,2014,,1,1,2,2,1,,1,1,1,1,1,1,1,9,6,1,1,,2,2
1,57,4,8,2014,,1,1,2,2,2,4,1,2,1,1,2,1,2,5,6,,,,,
8,57,3,3,2014,1,3,4,2,2,1,4,1,1,1,1,1,1,2,14,5,2,1,,1,
2,57,4,8,2014,,7,,1,2,1,2,2,1,1,2,1,1,2,19,6,,,,,
3,57,4,6,2014,2,,,2,2,1,1,1,1,1,1,1,1,2,,6,,,,,
9,57,4,6,2014,2,2,,2,2,1,1,1,1,1,1,1,1,2,14,6,1,,45,,2
9,57,4,7,2014,1,2,,2,2,1,3,1,1,1,1,1,1,2,19,6,,,,,
9,57,4,9,2014,2,2,1,2,2,1,1,1,1,1,1,1,1,2,14,2,,,32,,2
8,57,4,9,2014,1,2,2,2,2,1,1,1,1,1,1,1,1,2,19,,,,,,
1,57,4,4,2014,4,1,1,2,2,1,4,1,1,1,1,1,1,2,5,6,1,,,,
3,57,3,4,2014,1,1,1,2,2,1,1,1,1,1,1,1,,2,9,6,,,,,
8,57,3,4,2014,1,,1,2,2,1,4,1,1,1,1,1,5,2,14,6,1,,,1,2
6,57,4,4,2014,2,1,,2,2,1,1,1,1,1,1,4,1,2,5,6,,7,,,
4,57,4,5,2014,3,3,1,2,2,1,1,2,1,1,1,2,1,2,14,6,,,30,,
5,57,4,3,2014,2,1,4,2,2,1,1,1,1,1,1,2,1,2,12,6,1,,,,
5,57,4,4,2014,2,1,4,2,2,1,1,1,1,1,1,2,1,2,14,6,,,,,
1,57,4,10,2014,1,1,8,2,2,1,2,1,1,1,1,2,2,2,7,11,1,7,,,2
8,57,4,12,2014,2,7,1,2,2,1,2,1,1,1,1,1,1,2,19,6,,,,,
5,57,4,10,2014,3,1,4,2,2,1,1,3,1,1,1,2,1,2,14,6,1,7,,,2
4,59,3,9,2014,2,7,1,2,,1,2,1,1,1,1,4,1,1,5,6,1,1,20,2,2
1,59,3,9,2014,2,2,3,2,2,4,3,1,1,1,1,5,1,1,4,4,1,,30,2,2
6,59,4,12,2014,2,1,1,2,2,1,1,1,1,3,2,4,1,2,17,6,1,,,2,2
9,60,3,8,2014,2,7,3,2,2,2,1,1,1,1,1,2,1,2,14,6,2,1,50,2,2
9,60,4,12,2014,2,7,8,2,2,4,1,1,1,1,1,2,1,2,19,6,,,,,
1,60,4,1,2014,4,,,1,1,1,4,1,1,1,1,2,1,2,13,6,,,,,
1,60,3,1,2014,3,,,1,1,1,1,1,1,1,1,2,1,2,9,6,,,30,,
1,60,4,1,2014,3,1,,,,1,1,1,1,1,1,2,1,2,,6,,,,,
1,60,4,3,2014,3,1,,,,1,1,1,1,1,1,2,1,2,,6,,,,,
1,61,4,7,2014,2,7,1,2,2,1,1,1,1,1,2,1,1,1,19,6,,,,,
1,61,4,8,2014,2,7,1,2,2,1,1,2,1,1,1,1,1,2,12,11,1,7,25,2,2
1,61,4,7,2014,1,7,1,2,2,1,4,2,1,1,2,1,,,9,5,1,7,,2,2
2,61,4,10,2014,3,2,1,2,1,1,1,1,1,1,1,1,1,2,9,6,1,1,46,2,2
1,67,4,5,2014,4,1,1,2,2,1,2,2,1,1,1,1,1,2,19,6,,,,1,2
1,67,4,5,2014,2,1,,2,2,1,1,2,1,1,1,1,1,2,19,6,,,,1,
8,67,4,8,2014,3,1,1,1,2,1,1,4,1,1,1,1,1,2,14,6,,,40,2,2
4,67,1,11,2014,3,1,1,2,2,1,1,2,1,2,1,4,1,2,4,6,1,7,28,1,2
1,66,4,11,2014,,,1,,,1,,2,1,1,2,4,1,2,9,6,,,35,,
1,66,4,7,2014,2,1,,2,2,3,1,5,2,1,2,5,1,2,19,6,,,,,
9,66,4,6,2014,2,,8,2,2,1,1,2,1,1,1,1,1,2,9,2,1,1,36,2,2
4,66,3,6,2014,3,7,8,2,2,1,1,1,1,1,2,2,2,2,14,11,2,,,,
8,66,3,4,2014,3,7,,2,2,1,1,4,1,1,1,1,1,2,9,,,1,,2,2
9,66,4,2,2014,1,,,2,2,1,1,3,1,2,1,4,1,2,11,6,2,7,,1,2
1,66,2,1,2014,1,7,8,2,2,1,1,1,1,1,1,2,2,1,14,11,2,7,40,1,2
1,68,4,12,2014,3,1,1,2,2,1,1,2,1,1,1,2,1,2,11,11,,,,1,2
3,68,4,8,2014,3,7,1,2,2,1,1,1,2,3,2,4,4,2,4,6,2,,,1,
4,68,3,7,2014,3,7,8,1,2,2,2,2,2,1,1,2,2,2,14,11,1,7,34,2,2
1,61,4,7,2014,1,7,1,2,2,1,4,1,1,1,1,2,1,1,9,11,1,7,38,2,2
2,61,4,10,2014,3,2,1,2,1,1,1,1,1,1,1,1,1,2,9,6,1,1,46,2,2
1,61,4,9,2014,4,,3,2,1,1,3,2,1,1,1,1,1,2,19,6,,,,,
1,61,4,10,2014,4,7,3,2,2,2,1,2,2,1,1,2,1,2,19,6,,,,,
1,61,4,11,2014,1,7,8,2,2,1,1,1,1,1,1,1,1,1,19,6,,,,,
1,61,2,6,2014,2,2,1,2,2,1,2,1,1,1,1,1,2,2,16,11,1,1,,2,2
1,61,4,8,2014,1,2,1,2,2,1,2,1,1,1,1,1,1,2,19,6,,,,,
1,61,4,10,2014,1,2,1,2,2,1,4,1,1,1,1,1,1,2,9,6,1,1,37,2,2
12,58,4,4,2014,2,4,4,2,2,1,1,1,1,1,1,2,1,1,14,11,,1,,1,2
12,58,4,4,2014,3,3,1,2,2,1,1,1,1,1,1,2,1,2,14,11,,,,1,2
10,58,4,5,2014,2,7,8,2,2,1,1,1,1,1,1,2,1,2,19,6,,,,1,2
7,58,4,9,2014,4,2,1,1,1,1,2,1,1,1,1,1,1,2,19,6,,,,1,
7,58,4,7,2014,4,2,1,1,1,1,1,1,1,1,1,1,1,1,19,6,,,,1,
7,58,4,5,2014,3,2,1,2,,1,1,1,1,1,1,1,1,2,14,6,,,,,
7,58,4,2,2014,1,1,1,2,1,1,1,1,1,1,1,1,1,2,19,6,,,,,
13,58,4,1,2014,3,7,8,2,2,1,1,1,1,1,1,2,1,1,14,11,1,7,,,
13,58,4,6,2014,2,7,8,2,2,1,1,1,1,1,1,1,1,1,14,6,,,,,
13,58,4,6,2014,4,7,8,2,2,1,4,1,1,1,1,1,1,1,19,6,,,,,
13,58,4,9,2014,2,1,8,2,2,1,1,1,1,1,1,1,1,1,19,6,,,,,
13,58,4,9,2014,1,1,8,2,2,1,3,1,1,1,1,1,1,1,19,6,,,,,
13,58,3,8,2014,3,7,8,2,2,1,1,1,1,1,1,1,1,1,9,6,,,,,2
13,58,4,10,2014,1,1,8,2,2,1,2,1,1,1,1,1,1,1,9,6,,,,,
6,58,4,4,2014,4,1,1,2,2,1,3,1,1,1,1,1,1,2,19,11,1,7,,1,2
5,58,4,9,2014,1,2,2,2,2,1,1,1,2,1,1,1,1,2,19,6,,,,,
5,58,4,8,2014,2,1,1,2,1,1,1,1,1,1,1,1,1,2,9,7,,,,,
5,58,4,5,2014,4,1,1,2,2,1,2,1,1,1,1,1,1,2,9,6,,,,,
12,47,4,2,2014,3,7,1,2,2,1,1,1,1,1,1,2,1,2,19,11,1,7,,2,2
9,47,4,2,2014,3,1,1,2,2,1,1,1,1,1,1,2,1,2,4,6,1,7,,2,2
7,48,4,3,2014,4,7,1,2,2,1,1,1,1,1,1,2,1,2,4,11,1,7,,2,2
4,48,4,3,2014,3,7,1,2,2,1,1,1,1,1,1,2,1,2,12,11,1,7,,2,2
1,39,4,3,2014,3,3,1,2,2,1,1,1,1,1,1,2,1,2,18,11,1,7,,2,2
3,37,4,2,2014,3,7,1,2,2,1,1,1,1,1,1,2,1,2,8,2,1,7,,2,2
3,39,4,2,2014,4,1,1,2,2,1,1,1,1,1,1,2,1,2,19,11,1,7,,2,2
4,39,4,2,2014,4,7,1,2,2,2,1,1,1,1,1,2,1,2,19,11,1,7,,2,2
1,52,4,1,2014,3,7,1,2,2,1,1,1,1,1,1,2,1,2,19,11,1,7,,2,2
10,52,1,1,2014,2,7,1,2,2,1,1,1,1,1,1,2,1,2,19,11,1,7,,2,2
5,38,4,1,2014,3,1,1,2,2,1,1,1,1,1,1,2,1,2,19,11,1,7,,2,2
7,47,4,1,2014,4,1,1,2,2,1,1,1,1,1,1,2,1,2,14,11,1,7,,2,2
4,47,4,1,2014,4,1,1,2,2,1,1,1,1,1,1,2,1,2,14,5,1,7,,2,2
1,47,4,1,2014,4,7,3,2,2,1,1,1,1,1,1,2,1,2,9,11,1,7,,2,2
1,45,4,2,2014,1,1,1,2,2,1,1,1,1,1,1,2,1,2,8,11,1,7,,2,2
5,45,4,2,2014,4,1,1,2,2,1,1,1,1,1,1,2,1,2,7,11,1,7,28,2,2
2,45,4,2,2014,3,1,1,2,2,1,1,1,1,1,1,2,1,2,14,11,1,7,,2,2
1,45,4,1,2014,2,1,1,2,2,1,1,1,1,1,1,2,1,2,7,11,1,7,,2,2
1,45,4,1,2014,2,1,1,2,2,1,1,1,1,1,1,2,1,2,6,11,1,7,,2,2
5,45,4,1,2014,3,1,1,2,2,1,1,1,1,1,1,2,1,2,9,11,1,7,20,2,2
5,45,4,1,2014,4,1,1,2,2,1,1,1,1,1,1,2,1,2,17,11,1,7,18,2,2
8,47,4,3,2014,2,1,1,2,2,1,1,1,1,1,1,2,1,2,19,11,1,7,,2,2
1,47,4,3,2014,3,1,1,2,2,1,1,1,1,1,1,2,1,2,14,11,1,7,,2,2
2,47,4,3,2014,4,1,1,2,2,1,1,1,1,1,1,2,1,2,19,11,1,7,54,2,2
10,47,3,3,2014,4,7,1,2,2,1,1,1,1,1,1,2,1,2,14,11,1,7,,2,2
3,49,4,4,2014,3,1,1,2,2,1,1,1,1,1,1,2,1,2,9,11,1,7,50,1,2
8,52,4,3,2014,1,7,1,2,2,1,1,1,1,1,1,2,1,2,14,11,1,7,28,2,2
1,45,4,3,2014,4,1,1,2,2,1,1,1,1,1,1,2,1,2,9,11,1,7,,2,2
6,45,4,3,2014,4,1,1,2,2,1,1,1,1,1,1,2,1,2,19,11,1,7,30,2,2
5,37,4,1,2014,2,7,1,2,2,1,1,1,1,1,1,2,1,2,19,11,1,7,,2,2
4,37,4,1,2014,3,7,1,2,2,1,1,1,1,1,1,2,1,2,19,11,1,7,,2,2
1,37,4,1,2014,2,1,1,2,2,1,1,1,1,1,1,2,1,2,19,11,1,7,20,2,2
1,37,4,4,2014,2,7,1,2,2,1,1,1,1,1,1,2,1,2,19,11,1,7,,2,2
9,47,4,4,2014,4,1,1,2,2,1,1,1,1,1,1,2,1,2,10,5,1,7,,2,2
5,47,4,4,2014,2,1,1,2,2,1,1,1,1,1,1,2,1,2,4,11,1,7,,2,2
3,38,4,3,2014,2,7,1,2,2,1,1,1,1,1,1,2,1,2,19,11,1,7,,2,2
4,44,4,1,2014,3,7,1,2,2,1,1,1,1,1,1,2,1,2,9,11,1,7,,2,2
4,44,3,2,2014,3,7,1,2,2,1,1,1,1,1,1,2,1,2,9,11,1,7,50,2,2
4,44,4,2,2014,4,7,1,2,2,1,1,1,1,1,1,2,1,2,9,11,1,7,,2,2
4,44,4,3,2014,4,7,1,2,2,1,1,1,1,1,1,2,1,2,13,11,1,7,,2,2
4,44,4,3,2014,2,7,1,2,2,1,1,1,1,1,1,2,1,2,13,11,1,7,26,2,2
4,44,3,4,2014,3,7,1,2,2,1,1,1,1,1,1,2,1,2,4,11,1,7,,2,2
4,44,4,4,2014,4,7,1,2,2,1,1,1,1,1,1,2,1,2,13,11,1,7,,2,2
4,44,4,4,2014,4,7,1,2,2,1,1,1,1,1,1,2,1,2,13,11,1,7,,2,2
5,44,4,3,2014,3,1,1,2,2,1,1,1,1,1,1,2,1,2,9,11,1,7,,2,2
5,44,4,1,2014,4,7,1,2,2,1,1,1,1,1,1,2,1,2,9,11,1,7,,2,2
5,44,4,4,2014,4,1,1,2,2,1,1,1,1,1,1,2,1,2,19,11,1,7,,2,2
3,44,3,4,2014,2,7,1,2,2,1,1,1,1,1,1,2,1,2,19,11,1,7,37,2,2
2,44,3,3,2014,3,7,1,2,2,1,1,1,1,1,1,2,1,2,19,11,1,7,40,2,2
1,44,4,4,2014,3,7,1,2,2,1,1,1,1,1,1,2,1,2,12,11,1,7,,2,2
1,44,4,4,2014,3,1,1,2,2,1,1,1,1,1,1,2,1,2,9,11,1,7,,2,2
7,44,4,4,2014,1,7,1,2,2,1,1,1,1,1,1,2,1,2,19,11,1,7,,2,2
6,51,4,3,2014,2,1,1,2,2,1,1,1,1,1,1,2,1,2,9,11,1,7,40,2,2
9,51,4,3,2014,2,7,1,2,2,1,1,1,1,1,1,2,1,2,4,11,1,7,30,2,2
4,51,4,3,2014,3,1,1,2,2,1,1,1,1,1,1,2,1,2,4,11,1,7,30,2,2
2,51,4,4,2014,3,1,1,2,2,1,1,1,1,1,1,2,1,2,17,11,1,7,,2,2
11,51,4,4,2014,1,7,1,2,2,1,1,1,1,1,1,2,1,2,4,11,1,7,40,2,2
5,40,4,2,2014,3,1,1,2,2,1,1,1,1,1,1,2,1,2,13,11,1,7,32,2,2
3,40,3,2,2014,2,7,1,2,2,1,1,1,1,1,1,2,1,2,8,11,1,7,,2,2
4,40,3,3,2014,3,1,1,2,2,1,1,1,1,1,1,2,1,2,4,11,1,7,16,2,2
3,40,3,4,2014,3,1,5,2,1,1,1,1,1,1,1,2,1,2,8,11,1,7,,2,2
3,40,3,4,2014,4,7,1,2,2,1,1,1,1,1,1,2,1,2,9,11,1,7,,2,2
1,40,3,4,2014,3,1,1,2,2,1,1,1,1,1,1,2,1,2,9,11,1,7,40,2,2