Thana,District,Accident_Severity,Month,Year,Time,Junction_Type,Traffic_Control,Movement,Divider,Weather,Light,Road_Geometry,Surface_Condition,Surface_Type,Surface_Quality,Road_Class,Road_Feature,Location_Type,Vehicle_Type,Vehicle_Movement,Vehicle_Loading,Vehicle_Defect,Vehicle_Driver_Age,Vehicle_Alcohol,Vehicle_Seat_Belt
9,42,4,6,2014,1,3,1,1,1,1,3,1,1,1,1,5,1,1,7,6,1,1,27,2,2
9,42,4,6,2014,2,3,1,1,1,1,1,1,1,1,1,5,1,1,12,6,1,1,20,2,2
37,42,4,7,2014,4,3,1,1,1,1,3,1,1,1,1,5,1,1,13,6,1,7,40,1,2
10,42,4,7,2014,2,1,4,2,2,1,1,1,5,1,1,5,3,1,12,6,1,1,40,2,2
44,42,4,7,2014,2,2,4,2,2,1,2,3,1,1,1,1,1,1,9,6,1,1,40,1,2
7,42,4,7,2014,4,1,1,2,2,1,4,1,1,1,2,2,1,1,19,6,1,1,25,2,2
10,42,1,6,2014,3,1,4,1,1,1,1,1,1,1,1,5,1,1,6,6,1,1,40,1,2
33,42,4,7,2014,4,1,1,2,1,1,3,1,1,1,1,3,2,1,13,6,1,1,50,2,2
33,42,4,7,2014,1,5,4,2,1,1,3,2,1,1,3,5,1,1,13,6,1,1,50,2,2
33,42,4,7,2014,2,3,4,2,1,1,1,4,1,1,1,5,1,1,9,6,1,1,45,2,2
29,42,4,7,2014,1,1,4,1,1,1,1,1,1,1,1,5,1,1,9,6,1,1,30,2,2
37,42,4,7,2014,4,3,1,1,2,1,4,1,1,1,1,5,1,1,9,6,1,1,40,1,2
13,42,4,6,2014,1,7,8,2,2,1,3,3,1,1,1,3,2,1,9,6,1,1,40,2,2
22,42,4,8,2014,1,3,2,1,1,1,3,1,1,1,1,1,1,1,9,6,1,1,30,2,2
11,42,4,8,2014,2,4,1,1,2,1,1,1,1,2,2,5,1,1,9,6,1,1,40,2,2
11,42,3,8,2014,4,3,1,2,1,1,3,1,1,1,1,5,1,1,10,6,1,1,45,2,2
17,42,4,8,2014,4,7,8,1,1,1,2,1,1,1,1,5,1,1,7,6,1,1,40,2,2
34,42,4,8,2014,1,7,8,1,1,1,2,1,1,1,1,2,1,1,14,6,2,1,32,1,2
34,42,4,8,2014,4,7,8,1,1,1,1,1,1,1,1,5,1,1,9,6,1,1,40,2,2
45,42,4,8,2014,2,5,3,1,1,1,2,1,1,1,1,5,1,1,8,6,1,1,40,2,2
42,42,4,8,2014,3,5,4,1,1,1,1,2,1,1,1,5,1,1,9,1,1,1,40,1,2
28,42,4,8,2014,1,1,2,2,1,1,3,1,1,1,1,5,1,1,9,6,1,1,40,2,2
7,42,3,8,2014,4,2,4,2,1,1,3,2,1,1,1,5,1,1,6,2,1,1,35,2,2
43,42,4,8,2014,4,1,4,1,2,1,2,1,1,1,1,5,1,1,9,6,1,1,40,2,2
43,42,4,8,2014,1,1,1,1,1,1,3,1,1,1,1,5,1,1,14,6,1,1,45,2,2
1,42,3,7,2014,2,3,7,1,1,1,1,2,1,1,1,5,1,1,4,2,1,1,22,2,1
1,42,3,3,2014,3,2,4,2,1,1,1,1,1,1,1,5,1,1,8,5,1,1,32,2,2
1,42,3,8,2014,4,2,4,2,1,1,3,1,1,1,1,5,1,1,13,6,1,1,40,2,2
1,42,4,8,2014,3,7,4,2,1,1,1,1,1,1,1,5,1,1,10,6,1,1,40,1,2
10,42,4,8,2014,2,1,8,1,2,1,1,1,1,1,1,5,1,1,7,6,1,1,40,2,2
23,42,4,9,2014,1,1,2,2,2,2,3,1,2,1,1,5,1,1,9,6,1,1,30,2,2
29,42,4,8,2014,3,2,3,2,1,1,1,1,1,1,1,5,1,1,9,6,1,1,40,2,2
12,42,3,9,2014,1,1,4,2,1,1,3,1,1,1,1,5,1,1,7,1,1,1,25,1,2
12,42,3,9,2014,2,3,4,2,1,1,1,1,1,1,1,5,1,1,9,6,1,1,45,2,2
1,42,3,9,2014,4,2,1,1,1,1,3,2,1,1,1,5,1,1,9,1,1,1,22,2,2
17,42,4,9,2014,4,3,4,2,1,1,3,2,3,1,1,5,2,1,12,3,1,1,27,2,2
6,42,4,9,2014,2,1,4,2,1,1,2,1,1,1,1,5,1,1,6,6,1,1,40,2,2
6,42,3,9,2014,3,1,4,2,1,1,1,1,1,1,1,5,1,1,14,6,1,1,40,2,2
6,42,4,9,2014,4,1,4,2,2,1,3,1,1,1,1,5,1,1,9,6,1,1,45,2,2
6,42,4,9,2014,2,1,4,2,1,1,1,1,1,1,1,5,1,1,14,6,1,1,35,2,2
14,42,4,9,2014,4,2,4,2,2,1,3,1,1,1,1,1,1,1,14,6,1,1,40,2,2
44,42,4,9,2014,1,3,1,1,1,1,3,1,1,1,1,1,1,1,14,2,1,1,45,1,2
30,42,4,9,2014,4,3,3,2,2,1,4,1,1,1,1,4,1,2,19,6,1,2,40,1,2
30,42,1,9,2014,3,1,4,1,2,1,1,1,1,1,1,5,1,1,19,6,1,1,19,2,2
9,42,4,9,2014,2,2,1,2,1,1,2,1,1,1,1,5,1,1,9,6,1,1,45,2,2
9,42,4,9,2014,4,2,1,2,1,1,3,1,1,1,1,5,1,1,9,6,1,1,30,2,2
25,42,4,9,2014,4,2,1,2,1,1,3,1,1,1,1,2,1,1,14,6,1,1,30,2,2
25,42,3,9,2014,3,1,1,2,2,1,1,1,1,1,1,5,1,1,13,6,1,1,30,2,2
34,42,4,9,2014,2,1,4,1,1,1,1,1,1,1,1,5,1,1,8,6,1,1,18,2,2
34,42,4,9,2014,3,3,1,1,1,1,1,1,1,1,1,5,1,1,9,6,1,1,30,1,2
34,42,4,9,2014,3,1,4,2,1,1,1,1,1,3,1,5,1,1,14,6,1,1,40,1,2
34,42,4,9,2014,1,3,3,2,1,1,3,1,1,1,1,5,1,1,9,3,1,1,25,1,2
37,42,3,9,2014,2,1,1,1,1,1,3,1,1,1,1,5,1,1,8,8,1,1,35,2,2
42,42,4,10,2014,3,2,4,2,1,1,1,1,1,1,1,5,1,1,10,6,1,1,30,2,1
37,42,4,10,2014,2,1,4,2,1,1,1,1,1,1,1,5,1,1,8,6,2,1,42,1,2
9,42,4,10,2014,3,1,4,2,2,1,1,1,1,1,1,5,1,1,9,6,1,1,40,2,2
25,42,4,10,2014,1,1,4,2,1,1,2,1,1,1,1,5,1,1,9,6,1,1,40,2,2
45,42,4,10,2014,4,1,4,1,2,1,1,1,1,1,1,5,1,1,8,6,1,1,30,2,2
17,42,3,10,2014,2,1,4,1,2,1,1,1,1,1,1,5,1,1,8,4,1,1,25,2,2
36,42,4,10,2014,3,1,4,2,2,1,1,1,1,1,1,5,2,1,13,6,1,1,42,2,2
36,42,4,10,2014,2,1,4,2,1,1,1,1,1,1,1,5,1,1,9,6,1,1,32,1,2
16,42,4,10,2014,2,1,1,2,1,1,1,1,1,1,1,5,1,1,8,5,1,1,40,1,2
23,42,4,10,2014,4,1,4,1,2,1,1,1,1,1,1,1,1,1,10,5,1,1,30,2,2
23,42,4,10,2014,4,1,1,2,2,1,3,1,1,1,1,3,1,1,10,6,1,1,30,2,
44,42,4,10,2014,3,3,1,1,2,1,1,1,1,1,1,1,1,1,9,1,1,1,40,1,2
44,42,4,10,2014,2,3,1,2,2,1,1,1,1,1,1,1,1,1,7,6,1,1,40,2,2
36,42,3,11,2014,2,1,4,2,1,1,1,1,1,1,1,5,1,1,8,6,1,1,31,2,2
36,42,3,11,2014,3,1,4,2,1,1,1,1,1,1,1,5,1,1,10,6,1,1,40,2,2
28,42,4,11,2014,2,3,4,2,1,1,1,1,1,1,1,5,1,1,19,6,1,1,40,2,2
40,42,4,3,2014,3,2,4,2,1,1,1,1,1,1,1,5,1,1,9,6,1,1,35,2,2
40,42,4,3,2014,2,2,1,2,1,1,2,1,1,1,1,5,1,1,9,6,1,1,50,2,2
40,42,4,6,2014,2,1,4,2,1,1,1,1,1,1,1,5,1,1,9,6,1,1,35,2,2
40,42,4,7,2014,4,2,1,2,1,1,3,1,1,1,1,5,1,1,9,6,1,1,35,2,2
40,42,3,8,2014,3,1,4,2,1,1,1,1,1,1,1,5,1,1,9,6,1,1,30,2,2
17,42,3,11,2014,4,1,4,2,1,1,2,1,1,1,1,5,1,1,12,6,1,1,28,2,1
17,42,4,11,2014,3,1,4,2,1,1,1,1,1,1,1,5,1,1,7,6,1,1,40,2,1
23,42,3,11,2014,2,1,4,2,1,1,1,1,1,1,1,1,1,1,8,5,1,1,35,2,2
23,42,4,11,2014,2,1,6,1,2,1,1,1,1,1,1,1,1,1,9,6,1,1,40,2,2
34,42,3,10,2014,2,3,4,2,1,1,1,1,1,1,1,5,1,1,14,6,1,1,41,2,2
34,42,4,11,2014,4,3,4,2,1,1,3,1,1,1,1,5,1,1,13,6,1,1,45,2,2
34,42,4,11,2014,1,1,4,2,1,1,3,1,1,1,1,5,1,1,14,6,1,1,40,2,2
44,42,4,11,2014,2,3,4,1,1,1,1,1,1,1,1,1,1,1,9,6,1,1,32,1,2
44,42,4,11,2014,3,4,4,2,1,1,1,1,1,1,1,1,1,1,7,5,1,1,35,1,2
22,42,4,11,2014,4,1,4,2,1,1,3,1,1,1,1,1,1,1,9,6,1,1,45,2,2
22,42,4,11,2014,3,1,4,2,1,1,1,1,1,1,1,1,1,1,9,6,1,1,45,2,2
1,42,3,11,2014,2,1,4,1,1,1,1,1,1,1,1,5,1,1,9,6,1,1,28,1,2
33,42,1,12,2014,1,3,4,2,1,1,3,1,1,1,1,5,1,1,14,6,1,1,26,2,2
33,42,4,12,2014,2,5,4,1,2,1,1,1,1,1,1,1,1,1,9,6,1,1,40,2,2
33,42,4,12,2014,1,3,4,1,1,4,3,1,1,1,1,5,1,1,9,6,1,1,30,2,2
14,42,1,12,2014,3,1,4,1,1,1,1,1,1,1,1,1,1,1,9,6,1,1,28,2,2
14,42,4,12,2014,1,3,1,2,2,1,2,1,1,1,1,3,1,1,9,6,1,1,40,1,2
27,42,4,11,2014,4,2,4,2,1,1,3,1,1,1,1,5,1,1,14,6,1,1,45,2,2
27,42,3,11,2014,4,1,4,2,1,1,2,1,1,1,1,5,1,1,12,6,1,1,28,2,2
34,42,4,12,2014,4,2,6,2,2,1,3,1,1,1,1,5,1,1,14,4,1,1,40,2,2
11,42,3,11,2014,1,1,4,2,1,1,2,1,1,1,1,2,1,1,9,6,1,1,48,2,2
17,42,1,12,2014,1,3,4,1,2,2,1,1,1,1,1,5,1,1,12,6,1,1,35,2,2
9,42,4,11,2014,4,1,1,1,1,1,3,1,1,1,1,5,1,1,9,6,1,1,40,2,2
9,42,3,11,2014,4,1,1,1,1,1,2,1,1,1,1,5,1,1,6,6,1,1,30,1,2
9,42,1,12,2014,3,1,1,2,2,1,1,1,1,1,1,5,1,1,9,6,1,1,40,1,2
9,42,4,12,2014,1,1,1,2,1,1,2,1,1,1,1,5,1,1,14,6,1,1,65,1,2
32,42,3,11,2014,2,1,4,2,1,1,1,1,1,1,1,2,1,1,10,6,1,1,40,2,2
10,42,4,11,2014,2,7,4,2,2,1,1,1,1,1,1,5,1,1,9,6,1,1,40,2,2
29,42,3,10,2014,2,1,4,2,1,1,3,1,1,1,1,5,1,1,9,6,1,1,40,2,2
29,42,4,12,2014,3,2,4,2,1,1,3,1,1,1,1,5,1,1,14,6,1,1,32,2,2
48,42,1,6,2014,2,1,8,1,1,1,1,1,1,1,1,5,1,1,9,6,1,1,32,2,2
48,42,4,6,2014,1,1,4,1,2,1,2,1,1,1,1,5,1,1,9,6,1,1,40,2,2
48,42,4,9,2014,1,1,1,1,1,1,4,1,1,1,1,5,1,1,13,6,1,1,28,2,2
33,42,1,12,2014,4,1,1,2,1,1,4,1,1,1,3,5,1,1,15,6,1,1,35,2,2
48,42,3,1,2014,4,1,4,2,1,1,2,1,1,1,1,5,1,1,9,6,1,1,40,2,2
40,42,4,3,2014,2,2,4,2,1,1,2,1,1,1,1,5,1,1,9,6,1,1,30,2,2
40,42,4,6,2014,2,1,4,2,1,1,1,1,1,1,1,5,1,1,9,6,1,1,35,2,2
33,42,1,1,2014,4,7,8,2,1,1,3,2,1,1,1,5,5,1,9,6,1,1,45,2,2
15,42,4,9,2014,2,1,6,1,1,1,1,1,1,1,1,5,1,1,9,6,1,1,30,2,2
39,42,4,3,2014,3,2,4,2,1,1,1,1,1,1,1,5,1,1,9,6,1,1,35,2,2
39,42,4,3,2014,2,2,1,2,1,1,2,1,1,1,1,5,1,1,9,6,1,1,50,2,2
2,42,4,7,2014,4,2,,2,2,1,3,1,1,1,1,4,1,,9,6,1,1,35,2,2
39,42,3,8,2014,3,1,4,2,2,1,1,1,1,1,1,5,1,1,9,,1,,30,2,2
39,42,4,3,2014,2,2,4,2,1,1,2,1,1,1,1,5,,,9,6,1,2,30,2,2
39,42,4,6,2014,2,1,4,2,1,1,1,1,1,1,1,5,1,1,9,6,1,1,35,2,2
20,42,4,12,2014,4,1,1,2,1,1,4,2,1,2,2,1,1,,9,6,1,1,40,2,2
3,24,4,4,2014,1,1,2,2,2,1,4,1,1,1,1,4,1,2,19,6,2,7,,1,2
4,24,4,2,2014,4,7,8,2,2,2,2,2,2,1,1,2,1,2,9,6,1,7,,2,2
1,21,4,3,2014,4,1,1,2,2,1,2,1,1,1,1,1,1,1,19,6,2,7,,1,2
4,22,4,4,2014,2,1,1,2,2,1,4,1,1,1,1,2,1,2,4,6,1,1,42,2,2
2,23,3,4,2014,2,1,1,2,2,1,1,1,1,1,2,4,1,2,18,6,1,1,,2,2
3,23,4,4,2014,1,1,1,2,1,1,1,1,1,1,1,3,1,2,8,6,1,1,35,2,2
4,26,4,2,2014,4,1,1,2,2,1,4,1,1,1,1,2,1,1,19,6,2,7,,1,2
5,26,4,1,2014,1,4,1,2,2,1,1,4,1,1,1,1,1,1,14,6,2,7,,1,2
7,26,4,6,2014,3,3,1,1,2,1,1,4,1,1,2,4,1,2,8,6,1,1,,1,2
8,26,4,6,2014,4,7,1,2,2,1,4,1,1,1,1,4,1,2,4,6,1,1,25,1,2
3,19,1,8,2014,2,1,1,2,2,1,1,1,1,1,1,3,1,2,4,6,1,1,40,1,2
1,18,4,3,2014,2,1,1,2,2,1,1,1,1,1,1,5,1,1,9,8,1,1,,2,2
1,18,4,3,2014,3,1,8,2,2,1,1,1,1,1,1,4,1,2,19,6,1,7,26,2,2
1,18,4,3,2014,2,1,8,2,2,1,1,1,1,1,1,5,1,2,7,6,1,1,,2,2
1,18,4,5,2014,3,1,1,2,2,1,1,1,1,1,1,5,1,1,14,6,1,1,,2,2
1,18,4,5,2014,2,1,1,2,2,1,1,1,1,1,2,5,1,1,19,6,1,1,,1,2
2,18,4,2,2014,2,1,1,2,2,1,2,1,1,1,1,3,1,1,9,6,1,1,,1,2
3,18,3,4,2014,3,1,1,2,2,1,1,1,1,1,1,3,1,2,6,2,1,7,,2,2
4,18,4,9,2014,3,1,1,2,2,1,1,2,1,1,1,2,1,2,19,6,2,7,22,2,2
1,18,3,8,2014,3,1,1,1,1,1,1,1,1,1,1,4,1,2,8,6,1,1,50,2,2
1,18,4,7,2014,1,1,1,2,1,2,1,1,1,1,2,5,2,,14,6,1,1,21,2,2
5,18,1,2,2014,3,1,1,2,2,1,1,1,1,1,1,2,2,2,9,6,1,1,,2,2
6,18,4,5,2014,2,1,1,2,2,1,3,1,1,1,1,2,1,2,14,6,2,1,,2,2
6,18,4,8,2014,2,1,1,2,2,1,1,1,1,1,1,1,1,2,9,6,1,5,,2,2
7,18,4,2,2014,2,1,1,2,2,1,1,2,1,1,1,1,1,2,14,6,2,1,45,2,2
1,20,4,5,2014,3,1,1,2,2,1,1,1,1,1,1,2,1,2,9,6,1,3,35,2,2
3,25,1,5,2014,4,1,1,2,2,2,4,1,2,1,1,4,1,2,1,6,1,1,35,1,2
1,24,3,11,2014,3,3,1,2,2,1,1,1,1,1,1,1,1,2,11,4,1,1,,1,2
4,26,4,8,2014,1,4,1,2,2,1,4,1,1,1,1,2,1,2,19,6,2,1,,,
5,24,4,10,2014,3,1,1,2,2,1,1,1,1,1,1,5,1,2,8,6,2,1,35,2,2
5,24,4,7,2014,2,1,1,2,2,2,2,1,2,1,1,,,,9,6,1,1,40,2,2
8,24,4,9,2014,2,1,2,2,2,1,1,1,1,1,1,1,1,2,14,6,1,1,,2,2
3,29,3,12,2014,2,1,8,2,2,1,1,1,1,1,1,2,1,2,4,6,1,1,27,2,2
6,29,4,7,2014,2,1,1,2,2,1,1,1,1,1,1,2,1,2,4,6,1,1,36,2,2
5,21,4,5,2014,1,1,1,2,2,1,4,1,1,1,1,4,1,2,,,2,1,,2,2
6,25,4,8,2014,3,2,1,2,2,1,1,1,1,1,1,4,1,2,9,6,2,1,,2,2
1,22,4,6,2014,1,1,1,2,2,1,1,1,1,1,1,1,1,1,9,6,2,1,,2,2
6,25,4,7,2014,4,3,1,2,2,1,2,1,1,1,1,4,1,2,9,6,2,1,,1,2
1,25,4,7,2014,1,1,7,2,1,1,3,1,1,1,2,1,2,,9,6,1,3,,2,2
1,25,4,7,2014,1,1,1,2,2,1,1,1,1,1,1,4,1,2,14,6,1,1,35,2,2
1,25,4,11,2014,1,1,1,2,2,1,1,3,1,1,2,4,1,2,9,6,1,3,,2,2
1,25,4,1,2014,2,1,1,2,2,1,1,1,1,1,1,2,1,2,14,7,2,1,,2,2
1,25,4,2,2014,2,1,1,2,2,1,1,1,1,1,1,4,1,2,14,7,2,1,,2,2
1,25,4,3,2014,2,1,1,1,1,1,2,1,1,1,1,2,1,2,14,6,2,1,,2,2
1,25,4,4,2014,3,1,1,2,2,1,1,1,1,1,1,4,1,2,14,6,1,1,,2,2
1,25,4,9,2014,2,1,1,2,2,1,1,1,1,1,1,4,1,2,14,6,1,1,,2,2
1,25,4,9,2014,1,1,1,2,2,1,1,1,1,1,1,4,1,2,18,6,2,1,,2,2
7,18,4,7,2014,2,1,1,2,2,2,1,2,2,1,3,1,1,2,9,6,1,1,,2,2
1,24,4,8,2014,1,7,1,2,2,1,4,1,1,1,1,5,1,2,14,6,1,1,,2,2
1,19,4,6,2014,2,2,1,2,2,1,1,1,1,1,1,5,1,1,9,3,2,1,26,2,2
2,18,4,4,2014,4,1,1,2,2,1,1,1,1,1,1,4,1,2,19,6,2,1,24,2,2
6,25,3,6,2014,1,1,1,2,2,1,3,2,1,1,2,2,1,2,17,6,2,1,,1,2
3,28,4,4,2014,2,7,6,2,2,1,2,1,1,1,1,5,1,1,9,6,1,7,,1,2
4,28,4,2,2014,2,1,8,2,2,1,1,1,1,1,1,5,1,1,7,6,1,1,31,2,1
8,28,3,1,2014,4,2,1,1,2,1,2,1,1,1,1,5,2,2,9,8,1,1,,1,2
8,28,4,4,2014,4,7,8,1,2,1,4,1,1,1,1,5,1,2,19,6,1,7,,1,2
2,28,4,7,2014,3,7,8,2,2,1,1,1,1,1,1,5,1,1,9,6,1,7,,2,2
3,28,1,7,2014,3,1,1,2,2,1,1,1,1,1,1,5,1,1,4,6,1,1,28,2,2
8,28,1,8,2014,4,3,4,1,2,1,2,1,1,1,1,1,1,2,13,4,1,1,34,2,2
3,28,4,9,2014,3,4,1,2,2,1,1,2,1,1,1,5,1,1,14,6,1,7,40,1,2
5,28,4,9,2014,3,7,1,2,2,1,1,1,1,1,1,5,1,1,19,7,1,7,,1,2
3,28,4,9,2014,3,1,8,2,2,1,1,1,1,1,1,5,1,1,4,11,1,7,22,2,2
3,28,4,10,2014,3,7,8,2,2,1,1,1,1,1,1,5,1,1,9,6,1,7,,1,2
3,28,3,11,2014,3,7,8,2,2,1,2,1,1,1,1,5,1,1,14,5,1,1,,2,2
4,28,4,11,2014,4,7,8,1,2,1,3,1,1,1,1,5,1,1,14,11,1,1,,1,2
5,28,3,10,2014,4,7,1,2,2,1,2,1,1,1,1,5,1,1,14,7,1,1,,1,2
5,28,4,11,2014,4,4,8,2,2,1,2,1,1,1,1,5,1,1,9,11,1,1,25,2,2
10,9,4,6,2014,4,1,1,1,2,1,2,1,1,1,1,1,1,1,9,6,1,1,36,2,2
3,8,2,4,2014,1,1,1,2,1,1,2,1,1,1,1,1,3,2,19,6,1,1,,2,2
3,8,4,4,2014,3,1,1,2,2,1,1,1,1,1,1,1,1,2,9,6,1,1,40,2,2
3,8,4,4,2014,1,1,1,2,1,1,2,1,1,1,1,1,1,2,14,6,1,1,,2,2
3,8,4,5,2014,1,1,1,2,2,1,4,1,1,1,1,1,1,2,14,6,1,1,35,2,2
3,8,3,5,2014,3,1,1,2,1,1,1,1,1,1,1,1,1,2,14,6,1,1,35,2,2
3,8,1,6,2014,2,1,1,2,1,1,4,1,1,1,1,1,1,2,14,6,1,1,,2,2
3,8,4,7,2014,1,1,1,2,1,1,2,1,1,1,1,1,1,2,9,5,1,1,,2,2
3,8,4,7,2014,2,1,1,2,1,1,1,1,1,1,1,1,1,2,13,6,1,1,,2,2
1,8,4,5,2014,1,1,1,2,2,1,1,1,1,1,1,4,1,2,17,11,1,1,,2,2
7,8,4,7,2014,4,7,1,2,2,1,3,1,1,1,1,3,1,2,19,6,1,1,,2,2
3,6,1,5,2014,3,1,1,2,2,1,1,1,1,1,1,3,1,2,4,6,1,1,20,2,2
2,6,4,2,2014,4,7,1,2,2,1,2,1,1,1,1,1,1,1,12,4,1,1,,2,2
5,6,4,7,2014,2,1,1,2,2,1,2,1,1,1,1,1,1,2,14,6,1,1,,2,2
1,6,4,3,2014,3,1,1,2,2,1,1,1,1,1,1,1,1,2,9,6,1,1,,2,2
1,2,3,2,2014,3,1,1,2,2,1,1,1,1,1,1,3,1,2,12,6,1,1,26,2,2
2,2,4,2,2014,3,1,1,2,2,1,1,1,1,1,1,3,1,2,12,6,1,1,,2,2
1,2,4,4,2014,3,1,1,2,2,1,1,1,1,1,1,1,1,1,14,6,1,1,,1,2
4,2,4,7,2014,3,1,1,2,2,1,1,1,1,1,1,4,1,2,1,8,1,6,40,2,2
4,2,4,8,2014,2,1,1,2,2,1,1,1,1,1,1,3,1,1,19,6,1,6,30,2,2
5,1,3,2,2014,2,1,1,2,2,1,1,1,1,1,1,1,1,2,14,5,1,1,28,2,2
5,1,4,8,2014,3,1,1,2,2,1,1,1,1,1,1,1,1,2,7,6,1,1,,2,2
1,1,4,5,2014,4,1,1,2,2,1,4,1,1,1,1,3,1,2,19,6,2,1,25,2,2
6,6,4,12,2014,1,1,4,2,1,4,2,1,1,1,1,1,1,2,12,6,1,1,,2,2
5,6,4,10,2014,2,1,1,2,2,1,1,1,1,1,1,4,1,2,14,6,1,1,45,2,2
3,6,4,11,2014,4,1,3,2,2,1,4,2,1,1,1,1,1,2,14,6,1,1,,2,2
2,14,4,1,2014,3,7,8,1,2,4,1,1,1,2,1,5,1,2,17,6,1,7,,1,2
2,14,4,2,2014,2,7,6,2,2,1,3,1,1,1,1,5,1,1,14,11,1,7,,,
2,14,4,2,2014,4,1,1,2,2,1,1,1,1,1,1,5,1,1,9,6,1,1,,2,2
3,14,4,2,2014,4,1,1,1,2,1,2,1,1,1,1,5,1,1,9,6,1,1,,2,2
4,14,4,4,2014,4,3,3,2,2,1,1,1,1,1,1,5,1,2,5,9,1,7,,2,2
1,14,4,5,2014,2,7,1,2,2,1,1,1,1,1,1,5,1,1,8,6,1,7,34,2,2
4,14,4,6,2014,2,2,1,2,2,2,2,1,1,1,1,5,1,1,14,9,1,7,,,2
2,14,1,11,2014,3,7,1,2,1,1,1,2,1,1,1,5,1,1,14,1,1,7,,2,2
3,14,1,12,2014,4,2,1,2,2,1,3,1,1,1,1,5,1,1,19,6,1,1,22,2,2
4,14,4,3,2014,4,2,1,2,2,1,2,1,1,1,1,5,1,1,18,11,1,7,,2,2
4,14,4,4,2014,3,3,1,2,2,1,1,1,1,1,1,5,1,1,19,11,1,7,,2,2
4,14,4,9,2014,3,3,1,2,2,1,1,1,1,1,1,5,1,1,9,11,1,7,,2,2
4,14,4,10,2014,3,3,1,2,2,1,1,1,1,1,1,5,1,1,14,11,1,7,,2,2
1,14,4,3,2014,4,7,3,2,2,1,4,1,1,1,1,5,1,1,14,11,1,1,32,2,2
4,14,3,9,2014,4,2,1,2,2,1,1,1,1,1,1,5,1,1,4,11,1,7,20,2,2
2,70,3,1,2014,3,7,3,2,2,1,1,1,1,1,1,5,1,1,14,8,1,1,32,2,2
2,70,4,10,2014,4,7,1,2,1,2,2,4,1,1,1,5,4,1,14,6,1,1,29,2,2
6,70,4,7,2014,1,7,8,2,2,1,4,1,1,1,1,5,1,2,9,11,1,3,42,2,2
6,70,4,8,2014,2,7,8,2,2,1,1,1,1,1,1,5,1,1,11,6,1,7,40,2,2
6,56,4,10,2014,3,1,1,1,2,1,1,1,1,1,1,1,1,2,8,11,1,7,45,2,2
6,56,4,10,2014,3,3,4,2,2,1,1,1,1,1,1,5,1,2,9,6,1,7,55,2,1
5,70,4,4,2014,2,7,1,1,2,1,1,1,1,1,1,5,1,1,6,5,1,1,20,2,2
7,54,4,1,2014,2,2,1,1,2,1,2,1,1,1,1,1,1,2,19,11,1,7,0,2,2
11,54,4,2,2014,3,2,1,1,1,2,1,1,1,1,1,1,2,1,14,6,1,1,0,2,2
2,54,4,2,2014,2,1,1,2,2,1,1,1,3,1,1,1,1,2,9,5,1,1,26,2,2
9,54,4,4,2014,3,7,1,1,1,1,1,1,1,1,1,2,1,2,12,6,1,1,27,2,2
6,54,4,4,2014,3,3,1,2,2,1,1,1,1,1,1,2,1,2,12,6,1,7,41,2,2
11,54,4,5,2014,4,2,8,2,2,1,2,1,1,1,1,2,1,1,14,6,1,7,29,2,2
10,54,4,5,2014,4,7,3,1,2,1,1,1,1,1,1,2,1,2,13,8,1,1,35,1,2
11,54,4,5,2014,3,2,8,2,1,1,1,1,1,1,1,1,1,2,7,6,1,1,35,2,2
9,54,4,6,2014,4,6,1,1,2,1,1,1,1,1,1,2,1,2,9,6,2,1,35,2,2
2,54,4,6,2014,2,7,8,1,2,1,2,1,1,1,1,2,4,2,4,5,1,7,25,2,2
11,54,4,7,2014,3,7,1,2,2,1,1,1,1,1,1,1,1,2,19,11,1,7,29,2,1
11,54,4,3,2014,2,3,1,2,2,1,1,1,1,1,1,1,1,2,11,6,1,1,30,2,2
2,54,4,7,2014,3,3,1,2,2,1,1,2,1,1,1,5,4,1,13,11,1,7,35,2,2
2,54,4,10,2014,3,7,8,2,2,1,2,2,1,1,1,2,1,2,8,6,1,7,35,2,2
2,54,4,10,2014,4,7,8,1,2,1,1,1,1,1,1,1,1,2,8,6,1,7,25,2,2
8,54,4,11,2014,3,2,1,1,2,1,1,1,1,1,1,1,1,2,9,6,1,1,38,2,2
11,54,4,12,2014,2,2,3,2,2,1,1,1,1,1,1,1,2,1,9,8,1,1,42,2,2
8,54,4,12,2014,4,2,1,1,2,1,1,1,1,1,1,1,1,2,12,6,1,1,30,2,2
3,55,4,1,2014,2,7,8,2,2,1,1,4,1,1,1,4,1,2,5,1,1,1,48,2,2
2,55,4,1,2014,4,7,8,2,2,1,2,2,1,1,1,4,4,2,12,2,1,7,30,1,2
1,55,4,1,2014,2,1,1,2,2,4,2,1,2,1,2,1,1,1,13,6,1,1,30,2,2
6,55,4,2,2014,3,7,1,2,2,1,4,1,1,1,1,1,1,2,10,1,1,7,22,2,2
1,55,4,4,2014,2,3,3,1,2,1,1,1,1,1,1,1,1,1,5,6,1,1,30,2,2
4,55,4,4,2014,2,1,8,2,2,1,1,1,1,1,1,3,1,2,19,6,1,1,30,2,2