Thana,District,Accident_Severity,Month,Year,Time,Junction_Type,Traffic_Control,Movement,Divider,Weather,Light,Road_Geometry,Surface_Condition,Surface_Type,Surface_Quality,Road_Class,Road_Feature,Location_Type,Vehicle_Type,Vehicle_Movement,Vehicle_Loading,Vehicle_Defect,Vehicle_Driver_Age,Vehicle_Alcohol,Vehicle_Seat_Belt
4,55,4,6,2014,4,7,8,2,2,1,1,1,1,1,1,1,1,2,7,6,1,1,25,2,2
6,55,4,9,2014,4,1,8,1,2,1,3,1,1,1,1,1,1,2,6,7,1,1,30,2,2
6,55,4,8,2014,4,3,1,2,2,1,1,1,1,1,1,2,1,2,8,6,1,7,35,2,2
4,55,4,8,2014,3,3,1,2,2,1,1,1,1,1,1,1,1,2,7,6,1,1,35,2,2
11,53,4,1,2014,2,7,8,2,2,1,1,1,1,1,1,4,1,2,17,6,1,7,18,2,2
6,53,4,4,2014,4,7,1,1,2,1,1,1,1,1,3,1,2,2,6,11,2,7,36,2,2
8,53,4,5,2014,3,7,8,2,2,1,1,1,1,1,2,4,1,2,17,11,2,7,29,2,2
3,53,4,8,2014,4,7,8,2,2,1,4,1,1,1,1,1,1,2,19,11,2,1,29,2,2
2,53,4,10,2014,2,7,7,2,2,1,1,1,1,1,1,4,1,1,4,6,2,7,29,2,2
5,53,4,9,2014,4,1,1,2,2,1,1,1,1,1,1,4,1,2,4,6,1,1,24,2,2
12,53,4,9,2014,4,1,1,2,2,1,1,1,1,1,1,2,1,2,12,1,1,5,25,2,2
3,53,4,3,2014,4,1,1,2,2,1,1,1,1,1,1,1,1,2,10,11,1,7,25,2,2
12,53,4,3,2014,3,7,1,2,2,1,1,1,1,1,1,1,1,2,9,6,1,7,29,2,2
8,53,4,3,2014,2,7,8,2,2,1,1,1,1,1,3,2,1,2,17,11,2,7,36,2,2
3,53,4,3,2014,3,4,8,2,2,1,1,1,1,1,1,2,1,1,14,6,1,1,26,2,2
1,53,4,3,2014,1,4,8,2,2,1,2,3,1,3,3,2,1,2,12,7,1,7,45,2,2
1,53,4,3,2014,1,2,8,1,2,1,2,1,1,1,1,2,1,1,9,11,1,2,29,2,2
3,56,4,1,2014,4,7,1,2,2,1,2,1,1,1,1,1,1,2,9,6,1,1,30,2,2
9,56,4,1,2014,4,7,1,2,2,1,4,1,1,1,1,1,1,1,19,11,2,7,29,2,2
7,56,4,1,2014,2,7,1,2,2,1,2,1,1,1,1,1,1,2,19,6,2,7,0,1,2
7,56,4,2,2014,4,7,1,2,2,1,4,1,1,1,1,1,1,2,19,6,2,7,35,2,2
8,56,3,2,2014,2,3,1,1,2,1,1,1,1,1,1,1,1,2,7,6,2,1,39,2,2
9,56,4,2,2014,4,7,1,2,2,1,1,1,1,1,1,1,1,2,8,11,1,7,41,2,2
7,56,4,3,2014,3,7,1,2,2,1,1,1,1,1,1,1,1,2,14,6,1,7,30,2,2
8,56,4,3,2014,4,3,1,2,2,1,2,1,1,1,1,1,1,2,19,6,2,7,40,2,2
7,56,4,4,2014,4,7,1,2,2,1,1,1,1,1,1,1,1,2,14,11,1,7,30,2,2
7,56,4,4,2014,4,7,1,2,2,1,1,1,1,1,1,1,1,2,14,6,2,7,26,2,2
9,56,4,4,2014,3,7,1,2,2,1,1,1,1,1,1,1,1,2,19,1,1,1,40,2,2
3,56,4,4,2014,4,7,1,2,2,1,1,1,1,1,1,1,1,2,14,7,1,7,35,2,2
5,56,4,4,2014,1,1,1,2,1,1,1,5,1,1,1,1,1,1,19,11,1,7,29,2,2
1,56,3,4,2014,2,2,4,1,1,1,1,1,1,1,1,2,1,1,6,11,1,1,29,2,2
7,56,4,6,2014,4,7,1,2,2,1,1,1,1,1,1,1,1,1,19,11,1,7,40,2,2
7,56,4,9,2014,4,7,1,2,2,1,4,1,1,1,1,1,1,2,19,11,1,7,35,2,2
7,56,4,8,2014,4,7,1,2,2,1,1,1,1,1,1,1,1,2,7,6,1,7,45,2,2
1,56,4,10,2014,4,1,1,2,2,1,2,1,1,1,1,5,1,1,4,6,1,7,22,2,2
5,56,4,10,2014,3,1,1,2,2,1,1,1,1,1,1,1,1,2,19,2,2,7,29,2,2
8,56,4,11,2014,4,7,1,2,1,4,4,4,1,1,1,1,1,2,14,6,1,7,36,2,2
8,56,4,12,2014,4,7,1,2,2,4,2,1,1,1,1,1,1,2,14,6,1,1,35,2,2
6,34,3,4,2015,3,1,1,1,2,1,1,1,1,1,1,1,1,2,12,6,1,3,,1,2
6,34,3,4,2015,2,1,1,2,2,1,1,1,1,1,1,1,1,2,4,6,1,1,22,1,2
6,34,4,1,2015,4,1,1,1,2,1,2,1,1,1,1,1,1,2,12,6,1,7,,1,2
6,34,4,3,2015,1,1,1,1,2,1,1,1,1,1,1,1,1,2,9,6,1,1,,1,2
6,34,3,1,2015,2,1,1,2,2,1,1,1,1,1,1,1,1,2,7,6,1,1,30,1,2
10,34,3,3,2015,3,1,1,2,2,1,1,1,1,1,1,2,1,1,4,6,1,1,,1,2
9,34,2,4,2015,4,1,1,2,2,1,1,2,1,1,1,3,1,2,9,2,1,1,1,2,2
4,34,3,12,2014,1,1,8,2,2,1,3,2,1,1,1,3,1,2,4,1,1,7,25,2,2
4,34,4,4,2015,2,1,8,2,2,1,2,2,1,1,1,3,1,2,6,2,1,7,19,1,2
2,27,4,9,2015,2,7,1,1,2,1,1,1,1,1,1,2,1,1,9,11,1,1,45,1,2
4,32,4,2,2015,4,1,4,2,2,1,1,1,1,1,1,2,1,1,7,6,1,1,,2,2
4,32,4,2,2015,2,1,2,1,2,1,1,1,1,1,1,3,1,2,2,1,1,1,,1,2
4,32,4,5,2015,2,1,1,2,2,1,1,1,1,1,1,3,1,2,9,1,1,1,,1,2
3,32,4,4,2015,2,1,1,2,2,1,1,1,1,1,1,2,1,1,9,1,1,1,,1,2
3,34,4,1,2015,2,1,1,2,2,1,1,1,1,1,1,1,1,2,9,6,1,1,32,2,1
5,30,4,3,2015,1,3,1,2,2,1,1,1,1,2,2,2,,,4,9,1,3,,1,2
5,30,4,1,2015,4,1,8,2,2,1,1,1,1,1,1,5,1,2,4,,1,1,35,2,1
5,30,4,1,2015,2,1,8,2,1,1,1,1,1,1,1,4,1,2,13,7,2,1,,2,2
5,30,4,4,2015,2,1,1,2,2,1,1,1,1,1,1,4,5,2,4,6,1,7,,2,2
3,30,4,5,2015,1,7,2,2,2,1,1,1,1,1,1,4,1,2,4,6,1,1,,2,2
1,30,4,5,2015,4,1,1,1,2,2,1,1,1,1,1,1,1,2,7,6,1,1,25,2,2
5,33,4,5,2015,2,1,1,1,2,1,2,1,1,1,1,4,1,2,19,6,1,1,,1,2
5,33,3,6,2015,3,1,1,1,2,2,1,1,2,1,1,4,1,2,14,6,2,1,28,2,2
5,33,4,6,2015,3,1,1,2,2,1,1,1,2,1,1,4,1,2,11,6,1,1,,2,2
5,33,4,8,2015,2,1,1,2,2,1,1,1,1,1,1,2,1,2,9,6,1,1,35,1,2
7,31,4,2,2015,2,1,1,1,2,1,1,1,1,1,1,2,1,2,14,6,1,1,40,2,2
7,34,3,5,2015,2,7,8,1,2,1,1,4,1,1,1,3,1,2,4,11,1,7,22,1,2
2,31,4,5,2015,2,1,1,1,2,1,1,1,1,1,1,3,1,2,9,6,1,7,,2,2
7,31,4,2,2015,2,7,8,1,2,1,1,1,1,1,1,2,1,2,14,6,1,1,40,1,2
3,31,4,5,2015,4,7,1,1,2,1,3,1,1,1,1,4,1,2,7,1,1,7,27,1,2
6,31,4,7,2015,2,1,1,2,2,2,2,2,1,1,1,4,1,2,14,6,1,7,36,1,2
7,31,4,4,2015,2,1,8,2,2,1,1,2,1,1,1,2,1,2,19,2,1,1,,1,2
2,31,4,12,2015,4,1,1,1,2,1,1,5,1,1,1,2,1,2,9,8,1,1,35,2,1
4,31,4,12,2015,2,7,1,1,2,4,4,4,1,1,1,3,1,2,12,1,1,7,,2,2
5,33,4,12,2015,2,1,1,1,2,1,1,1,1,1,1,4,1,2,4,11,1,1,28,1,2
5,33,4,12,2015,2,4,1,1,2,1,1,2,1,1,2,4,1,2,19,6,1,7,,2,2
1,33,1,12,2015,2,7,8,2,1,1,1,1,1,1,1,4,1,1,7,11,1,7,30,2,2
6,34,3,7,2015,3,1,1,1,2,1,1,1,2,1,1,1,1,2,14,6,1,1,,2,2
9,34,4,9,2015,4,7,1,2,2,1,1,3,1,1,1,3,1,2,19,5,1,1,,2,2
4,34,4,7,2015,1,1,8,2,2,2,1,1,2,1,2,4,1,1,19,11,1,1,35,2,2
9,34,4,12,2015,4,1,1,1,1,1,2,3,1,1,1,4,1,2,19,6,1,7,,2,2
10,34,4,9,2015,4,7,8,2,2,1,1,1,1,1,1,4,1,2,4,6,1,1,,2,2
9,34,4,8,2015,2,7,1,2,2,1,1,3,1,1,1,4,1,2,4,6,1,1,,2,2
3,34,4,12,2015,4,1,1,2,2,1,1,1,1,1,1,3,1,2,9,6,1,1,50,2,2
6,34,4,12,2015,3,1,7,2,2,1,1,1,1,1,1,1,1,2,9,6,1,7,35,2,2
2,27,3,12,2015,2,7,1,1,2,1,1,1,1,1,1,2,1,2,7,6,1,1,,2,2
1,27,4,11,2015,3,1,1,1,2,1,2,1,1,1,1,4,1,2,4,6,1,1,,2,2
6,27,4,8,2015,3,7,1,1,2,1,1,3,1,3,2,2,,,15,11,2,1,37,2,2
3,32,4,4,2015,4,1,1,1,2,1,1,1,1,1,1,1,1,2,9,6,1,1,24,2,2
1,32,4,12,2015,3,1,8,2,2,1,1,1,1,1,1,3,,,6,6,1,1,38,2,2
3,32,4,8,2015,4,7,1,2,2,1,2,1,1,1,1,1,,,9,6,1,1,,2,2
5,30,4,1,2015,4,1,8,2,2,1,1,1,1,1,1,4,1,2,4,6,1,1,,2,2
4,30,4,7,2015,4,1,1,2,2,1,1,1,5,1,1,3,1,2,4,6,1,1,18,2,2
4,30,3,8,2015,3,1,1,1,2,1,4,1,1,1,1,3,1,2,9,6,1,1,,2,2
1,30,4,9,2015,1,1,1,1,2,1,4,1,1,1,1,1,1,1,19,6,1,1,,2,2
1,30,4,9,2015,3,1,1,1,2,1,1,1,1,1,1,1,1,2,9,11,2,7,25,2,2
1,30,3,10,2015,4,1,4,1,2,1,2,1,1,1,1,1,1,2,9,6,1,1,45,2,2
1,30,4,10,2015,2,1,1,2,2,1,1,1,1,1,1,5,,,19,6,1,1,45,2,2
1,30,4,11,2015,3,1,8,2,2,1,1,1,1,1,1,4,1,2,19,6,1,1,35,2,2
1,31,4,11,2015,4,1,1,2,1,1,2,2,1,1,1,3,2,1,9,2,1,3,,2,
1,27,3,6,2015,2,7,8,1,2,1,1,1,1,1,1,2,2,2,14,6,1,1,37,1,2
2,30,4,3,2015,1,3,1,2,2,1,4,1,1,1,1,4,1,2,13,6,1,1,,2,2
3,30,4,3,2015,3,1,8,2,2,1,1,1,1,1,1,4,,,4,,2,1,25,2,2
1,30,4,4,2015,3,1,1,1,2,1,4,1,1,1,1,2,4,1,4,,1,1,,2,2
5,30,4,4,2015,3,7,3,1,,1,1,1,1,1,1,5,1,2,19,6,1,1,,2,2
5,30,4,4,2015,3,7,1,1,2,1,4,1,1,1,1,5,1,2,18,6,1,1,,2,2
1,30,3,8,2015,2,1,1,2,2,1,1,3,1,1,1,5,1,1,19,6,,,32,2,2
16,64,4,6,2015,4,2,5,1,2,1,2,1,1,1,1,5,1,1,8,6,1,1,,1,2
16,64,1,7,2015,2,2,4,1,1,1,1,1,1,1,1,5,1,1,7,6,1,1,45,2,2
1,64,4,2,2015,2,1,1,2,1,1,2,1,1,1,1,5,1,1,8,6,1,1,35,2,2
1,64,3,1,2015,2,5,4,2,1,1,1,2,1,1,1,5,1,1,8,2,1,1,,2,2
1,64,4,6,2015,1,5,4,2,1,4,2,1,1,1,1,5,5,1,9,6,1,1,,2,2
3,64,4,1,2015,4,7,1,2,2,1,1,1,1,1,1,5,1,1,,,1,1,,1,2
3,64,4,4,2015,2,2,1,2,2,1,1,2,1,1,1,5,1,1,14,5,1,1,,2,2
3,64,4,10,2015,3,7,1,1,2,1,1,1,1,1,1,5,1,1,14,7,1,1,,2,2
3,64,4,10,2015,3,7,1,2,2,1,1,1,1,1,1,5,1,1,14,7,1,1,,1,2
5,64,4,6,2015,1,1,2,2,1,1,1,1,1,1,1,2,1,1,14,6,1,1,,1,2
5,64,3,8,2015,1,4,4,2,1,1,1,1,1,1,1,5,1,1,9,6,1,1,,1,2
5,64,4,8,2015,3,2,4,2,1,1,1,1,1,1,1,5,1,1,1,6,1,1,,1,2
5,64,3,11,2015,2,2,3,1,1,1,2,1,1,1,1,5,1,1,14,6,1,1,23,1,2
7,64,4,4,2015,4,1,4,2,1,1,3,1,1,1,1,5,1,1,9,6,1,1,,2,2
4,64,4,9,2015,2,3,4,2,1,1,1,1,1,1,1,5,1,1,8,6,1,1,,2,2
4,64,4,3,2015,3,1,4,2,1,1,1,1,1,1,1,5,1,1,14,6,1,1,,2,2
4,64,3,6,2015,2,3,4,2,2,1,1,1,1,1,1,5,1,1,14,2,1,1,,2,2
9,64,4,1,2015,2,1,1,2,1,1,2,1,1,1,1,5,1,1,8,6,1,1,,,
9,64,4,1,2015,4,1,1,2,1,2,1,1,1,1,1,5,1,1,6,6,1,3,,,
9,64,4,5,2015,2,1,4,2,1,1,1,1,1,1,1,5,1,1,9,11,1,1,,1,2
9,64,4,8,2015,2,1,1,2,2,1,4,1,1,1,1,1,1,1,14,,,6,,1,2
11,64,3,3,2015,4,1,1,1,1,1,2,1,1,1,1,5,1,1,19,11,1,7,,,2
11,64,3,6,2015,1,1,1,2,2,1,1,2,1,1,1,5,4,1,19,11,1,7,,2,2
11,64,4,7,2015,2,3,2,2,1,1,1,1,2,1,1,5,4,1,8,6,1,7,,2,2
11,64,3,8,2015,2,1,1,1,1,1,1,1,1,1,1,5,1,1,7,6,1,1,,2,2
11,64,4,8,2015,1,1,1,2,,1,1,1,1,1,1,5,1,1,19,6,1,1,37,2,2
8,64,3,1,2015,2,7,4,2,1,1,1,1,1,1,1,5,1,1,8,6,1,1,18,1,2
8,64,3,3,2015,3,7,1,2,2,1,1,1,1,1,1,5,1,1,9,7,1,1,,1,2
8,64,4,3,2015,3,7,4,2,1,1,1,1,1,1,1,5,1,1,14,6,1,1,,1,2
8,64,4,9,2015,3,2,3,2,1,1,1,1,1,1,1,5,1,1,9,6,1,1,,2,2
8,64,4,11,2015,4,7,4,2,1,1,1,1,1,1,1,5,1,1,13,6,1,1,,1,2
10,64,3,6,2015,4,1,1,2,1,1,4,2,1,1,1,5,1,1,8,6,1,7,,1,2
10,64,4,9,2015,3,1,1,2,1,1,1,1,1,1,1,5,1,1,7,6,1,3,,1,2
2,64,4,4,2015,3,1,2,2,2,1,3,5,1,1,1,5,1,1,,6,1,1,,1,2
2,64,3,4,2015,2,3,2,2,1,1,1,1,1,1,1,5,1,1,9,6,1,1,,1,2
2,64,4,5,2015,2,7,1,2,2,1,1,1,1,1,1,5,1,1,14,6,1,1,35,1,2
2,64,4,6,2015,4,7,1,2,1,1,1,1,1,1,1,5,1,1,19,6,1,1,,1,2
2,64,4,7,2015,3,1,1,1,2,1,1,1,1,1,1,5,1,1,,6,1,1,,1,2
2,64,4,7,2015,2,7,1,2,2,1,1,1,1,1,1,5,1,1,14,6,1,1,,1,2
2,64,4,8,2015,1,2,4,2,1,1,1,1,1,1,1,5,1,1,8,1,1,1,,1,2
2,64,4,10,2015,2,3,4,2,2,1,1,1,1,1,1,5,1,1,,6,1,1,,1,2
2,64,3,11,2015,4,2,4,2,2,1,1,1,1,1,1,5,1,1,9,11,1,1,,1,2
2,64,4,11,2015,2,2,4,1,2,1,1,1,1,1,1,5,2,1,19,6,1,1,1,1,2
2,64,4,11,2015,3,2,4,2,,1,1,1,1,1,1,5,1,1,,6,1,1,,1,2
2,64,4,11,2015,3,3,4,2,1,1,1,1,1,1,1,5,1,1,15,6,1,1,,1,2
2,64,4,12,2015,3,3,4,2,1,1,1,1,1,1,1,5,1,1,14,6,1,1,18,1,2
13,64,4,1,2015,2,7,3,2,1,1,1,1,1,1,1,5,1,1,8,6,1,1,,1,2
13,64,3,3,2015,4,2,1,2,2,1,3,1,1,1,1,5,1,1,10,6,1,1,,1,2
14,64,4,1,2015,4,5,1,2,2,1,3,2,1,1,1,5,1,1,14,2,1,1,,1,2
14,64,4,3,2015,4,3,1,2,2,1,3,1,1,1,1,5,1,1,14,6,1,1,,1,2
14,64,4,6,2015,2,7,1,2,1,1,1,1,1,1,1,5,1,1,14,6,1,1,20,,
14,65,4,11,2015,4,1,4,2,1,1,2,1,1,1,1,1,1,1,9,6,1,1,,1,2
4,59,4,1,2015,3,7,8,1,2,1,1,2,1,1,1,2,1,2,14,6,,1,42,2,2
6,59,1,1,2015,3,7,1,2,2,1,1,1,1,1,1,4,1,2,19,6,1,7,,2,2
4,59,3,3,2015,2,,8,2,2,1,1,1,1,1,1,1,1,2,19,11,1,1,,2,2
5,59,4,3,2015,,,8,2,2,1,2,2,1,1,2,4,1,2,12,2,1,,,2,
1,59,3,5,2015,1,3,3,2,2,1,1,4,1,1,1,4,3,2,4,2,2,3,23,1,2
6,59,4,5,2015,3,7,1,2,2,1,1,1,1,1,1,4,1,2,17,6,2,7,,1,2
1,59,1,8,2015,1,1,8,2,2,1,4,1,1,1,1,1,1,1,10,6,,,30,2,2
1,59,4,8,2015,3,1,3,2,1,1,1,3,1,1,1,2,1,1,9,6,1,,,1,2
4,59,4,10,2015,1,3,8,2,2,2,1,1,1,1,1,4,1,2,14,9,,7,40,,
3,59,4,11,2015,2,3,8,1,2,1,2,1,1,1,1,4,1,2,14,6,,,,,
1,59,4,12,2015,2,,8,2,2,1,1,1,1,1,1,4,1,2,14,6,1,7,,2,
4,59,4,12,2015,3,1,1,1,2,1,1,1,1,1,1,2,1,2,5,7,,,28,,
14,63,4,11,2015,2,1,1,2,2,1,1,1,1,1,1,1,1,2,7,6,,1,,,2
14,63,4,12,2015,3,2,3,2,2,1,2,1,1,1,3,1,1,1,14,6,1,1,40,1,2
14,63,4,7,2015,2,1,1,2,1,1,1,1,1,1,1,1,1,2,19,6,,,,,
14,63,4,6,2015,2,2,3,1,2,1,1,1,1,1,1,1,1,2,14,5,1,,,1,2
14,63,4,5,2015,4,1,,1,1,1,4,1,1,1,1,1,1,1,19,6,,,,,
14,63,4,9,2015,3,1,,1,1,1,1,1,1,1,1,1,1,2,19,6,,,,,
14,63,4,12,2015,3,2,1,2,2,1,1,1,1,1,1,1,1,2,7,6,,1,,,2
11,63,4,5,2015,4,1,1,2,2,1,2,2,1,3,2,4,4,2,11,2,2,4,22,,2
11,63,4,8,2015,2,1,1,2,2,1,1,2,2,1,1,1,1,2,9,5,1,7,,,2
5,63,4,5,2015,3,7,1,2,2,1,1,1,1,1,1,1,1,2,17,6,,,,,2
15,63,1,4,2015,2,1,1,2,2,1,1,1,1,1,1,2,1,2,4,6,,1,20,2,2
15,63,1,8,2015,3,7,8,2,2,1,1,1,1,3,2,4,1,2,4,8,,,25,,
1,63,1,4,2015,3,1,1,2,2,1,3,1,1,1,1,4,5,2,19,6,,2,35,2,2
2,63,4,10,2015,3,1,1,2,2,1,1,1,1,1,1,2,1,2,13,6,1,1,37,2,2
2,63,4,5,2015,4,1,1,2,2,1,4,1,1,1,1,2,1,2,9,6,1,1,32,2,2
13,63,4,5,2015,2,1,3,2,2,1,2,1,1,1,1,3,1,2,19,6,,,,,
13,63,4,6,2015,,1,8,2,2,1,2,1,1,1,1,3,1,2,19,11,,7,,2,2
13,63,1,11,2015,2,1,8,2,2,1,1,1,1,1,1,3,1,2,9,11,,7,,2,2
6,65,4,6,2015,2,2,1,2,2,1,1,1,1,1,1,1,1,2,8,6,,,40,,
6,65,4,4,2015,3,1,1,2,2,1,1,1,1,1,1,1,1,2,8,6,1,,60,2,2
6,65,4,7,2015,2,7,1,2,2,1,1,1,1,1,1,1,1,1,12,6,,,,,
6,65,4,8,2015,3,7,1,1,1,1,1,1,1,1,1,1,1,1,4,6,,,,,
6,65,4,8,2015,1,7,1,1,2,1,1,1,1,1,1,1,1,2,19,6,,,,1,1
6,65,3,8,2015,3,7,1,1,2,1,1,1,1,1,1,1,1,2,7,2,,,,,
6,65,4,10,2015,3,1,1,1,2,1,1,1,1,1,1,1,1,1,12,6,,,,,
6,65,4,4,2015,3,7,3,2,2,1,1,3,1,1,2,1,1,2,19,6,,,,,
7,65,4,12,2015,3,7,8,2,2,2,2,1,2,1,1,4,1,2,11,11,1,7,,2,2
1,65,4,1,2015,1,1,1,2,2,4,2,4,5,1,1,4,1,1,9,6,,,,,
1,65,3,7,2015,3,2,8,2,2,1,1,1,1,1,1,5,1,1,4,4,,,28,1,2
1,65,3,11,2015,4,1,1,2,2,1,3,2,1,1,1,5,4,1,4,1,,6,,2,2
1,58,4,8,2015,1,1,8,1,2,2,4,1,2,1,2,1,1,2,14,6,2,,,1,2
13,58,4,9,2015,2,1,3,2,2,1,1,1,1,1,1,1,1,2,9,6,1,1,40,2,2
13,58,4,8,2015,3,7,8,2,2,1,1,2,1,1,1,1,1,2,7,11,1,1,29,2,1
13,58,4,3,2015,1,7,8,2,2,1,1,1,1,1,1,1,1,1,13,6,,,,1,2
13,58,4,1,2015,1,7,8,2,2,1,4,1,1,1,1,2,1,1,19,6,,,,1,
7,58,4,1,2015,3,1,1,1,1,1,1,1,1,1,1,1,1,1,19,6,,,,,
7,58,4,2,2015,4,7,1,1,2,1,3,2,1,1,1,1,1,2,19,6,,,,,
7,58,4,2,2015,1,1,1,1,2,1,2,1,1,1,1,1,1,2,19,6,,,,,
7,58,4,2,2015,3,7,3,2,1,1,1,1,1,1,3,1,1,2,14,6,,,40,1,2
7,58,4,3,2015,3,1,1,1,2,1,1,1,1,1,1,1,1,2,19,6,,,,1,
7,58,4,5,2015,2,2,1,2,1,1,1,1,1,1,1,1,2,,14,5,2,1,33,1,1
7,58,4,6,2015,3,2,3,1,1,1,1,1,1,1,1,1,1,2,19,6,,,,,
7,58,4,6,2015,3,1,1,2,2,1,1,1,1,1,1,1,1,2,14,8,,,,1,
7,58,4,6,2015,4,1,1,2,1,1,4,1,1,1,1,1,1,2,19,6,,,,,
7,58,4,7,2015,4,1,1,2,1,1,1,1,1,1,1,1,1,2,19,6,,,,,
7,58,4,8,2015,3,1,1,2,1,1,1,1,1,1,1,1,1,2,9,8,,,,,
6,58,4,8,2015,1,1,1,2,2,1,4,2,1,1,1,1,1,2,19,6,,,,,
6,58,4,8,2015,2,1,1,1,2,1,2,1,1,1,1,1,1,2,11,11,1,1,,2,1
6,58,4,7,2015,2,1,1,1,1,2,1,1,2,1,1,1,1,2,9,11,1,7,35,1,2
6,58,4,7,2015,3,1,1,2,2,1,1,1,1,1,1,1,1,2,9,11,1,7,40,1,2
8,58,4,5,2015,3,1,6,2,2,2,1,,1,1,1,1,1,2,19,6,,,,,
8,58,4,2,2015,3,1,6,2,2,2,1,,1,1,1,1,1,2,19,6,,,,,
2,58,3,7,2015,3,2,,2,2,1,1,1,1,1,1,2,1,2,14,6,1,7,50,2,2
2,58,4,7,2015,2,1,1,2,2,2,1,1,2,1,1,2,1,2,9,6,1,2,,2,2
6,58,4,11,2015,3,1,1,2,1,1,1,1,1,1,1,1,1,2,9,6,,1,50,2,2
6,58,4,7,2015,3,1,1,2,2,1,1,1,1,1,1,1,1,2,9,11,1,7,40,1,2
13,58,4,5,2015,1,1,1,2,2,1,4,1,1,1,1,1,1,2,19,6,,,,,
13,58,4,6,2015,1,1,1,1,2,1,2,5,2,1,3,1,1,1,14,6,1,1,,2,2
13,58,4,6,2015,2,1,1,2,2,1,2,1,1,1,1,1,1,2,19,6,,,,,
13,58,4,9,2015,2,1,8,2,2,1,1,,1,1,1,1,1,1,14,9,1,1,24,2,2
10,58,4,6,2015,2,7,1,2,2,1,1,1,1,1,1,2,1,1,9,6,,,,,
10,58,4,9,2015,1,7,1,2,2,1,1,1,1,1,1,2,1,1,19,6,,,,,
7,58,4,12,2015,2,1,1,1,2,2,4,1,1,1,1,1,1,2,14,6,,,,1,2
7,58,4,9,2015,4,4,1,2,1,1,2,2,1,1,3,1,1,2,19,6,,,,,
7,58,4,9,2015,2,1,1,1,2,1,2,1,1,1,1,1,1,2,19,6,,,,,
7,58,4,9,2015,3,1,1,1,2,1,1,1,1,1,1,1,1,2,19,6,,,,,
7,58,4,10,2015,1,1,1,2,2,1,2,1,1,1,1,3,1,2,12,6,1,1,55,2,2
7,58,4,10,2015,3,1,1,1,2,1,1,1,1,1,1,1,1,2,12,6,1,1,25,2,2
7,58,4,10,2015,4,1,1,1,2,1,2,1,1,1,1,1,1,2,14,6,1,1,48,2,2
7,58,4,10,2015,1,,1,2,1,1,2,1,1,1,1,1,5,2,19,6,,,,,
7,58,3,10,2015,1,,1,2,2,1,2,1,1,1,1,1,1,2,19,6,,,,,
7,58,4,10,2015,3,,1,2,1,1,1,1,1,1,1,1,1,2,19,6,,,,,
7,58,4,11,2015,2,1,2,2,2,1,1,1,1,1,1,4,1,2,9,6,,,,,
7,58,4,11,2015,4,1,1,1,2,1,4,1,1,1,1,1,1,2,19,5,,,,,
7,58,4,11,2015,3,1,1,1,2,1,1,1,1,1,1,1,1,2,9,6,1,1,,,
7,58,4,11,2015,3,7,1,2,2,1,1,1,1,1,1,1,1,2,14,6,,,,,
7,58,4,12,2015,2,7,1,1,2,1,2,1,1,1,1,1,1,2,14,5,2,1,30,1,2
7,58,4,12,2015,4,7,1,1,1,1,2,1,1,1,1,1,1,2,9,6,1,1,35,1,2
1,57,4,6,2015,2,1,1,2,2,1,2,1,1,1,1,1,1,1,12,6,,,,,
1,61,4,9,2015,2,7,8,2,1,2,3,1,2,1,1,1,1,2,9,11,,,,,
1,61,4,10,2015,1,7,,1,1,1,4,1,1,1,1,1,1,2,19,6,,,,,
1,61,4,11,2015,4,2,1,1,1,1,4,1,1,1,1,1,1,2,19,6,,,,,
1,61,4,11,2015,4,1,3,1,1,1,4,1,1,1,1,1,1,1,19,11,,7,,,
2,61,3,11,2015,3,1,8,1,1,1,1,1,1,1,1,1,1,2,19,6,2,,45,,2
1,61,4,11,2015,3,1,3,2,1,1,1,1,1,1,1,1,1,2,7,11,,,,,
1,61,4,10,2015,3,1,8,2,2,1,1,1,1,1,1,1,1,2,19,6,1,1,,1,
1,61,4,10,2015,2,1,2,1,1,1,1,1,1,1,1,1,1,2,9,6,,,,1,2
1,61,4,8,2015,4,1,1,1,1,1,2,1,1,1,1,1,1,2,19,5,,,,,
1,61,4,8,2015,4,,3,2,1,1,3,1,1,1,1,1,1,2,14,6,1,,46,1,2
1,61,4,7,2015,1,7,1,1,1,2,4,1,2,1,1,1,1,2,14,11,1,7,40,,2
1,61,4,7,2015,4,7,,1,1,1,2,1,1,1,1,1,1,2,19,6,,,,,
1,61,3,7,2015,2,7,4,1,1,3,1,1,1,1,1,1,1,1,14,1,,,,1,2
1,61,4,6,2015,1,,1,2,1,2,2,1,2,1,1,1,,1,19,6,,,,,
1,61,4,6,2015,4,7,3,2,1,1,4,1,1,1,1,1,1,1,14,6,1,1,23,2,2
1,61,4,5,2015,3,7,3,2,1,1,1,1,1,1,1,1,1,1,14,6,,,,,
1,61,4,6,2015,1,7,3,2,1,1,3,1,1,1,1,1,1,2,19,6,,,,,
3,61,4,6,2015,3,7,3,2,2,1,1,1,1,1,1,1,1,2,9,5,,,,,2
1,61,4,5,2015,2,7,1,2,1,1,2,1,1,1,1,1,1,2,19,6,,,,,
1,61,3,4,2015,4,7,8,2,1,1,2,1,1,1,1,1,1,1,9,11,1,7,40,2,2