Thana,District,Accident_Severity,Month,Year,Time,Junction_Type,Traffic_Control,Movement,Divider,Weather,Light,Road_Geometry,Surface_Condition,Surface_Type,Surface_Quality,Road_Class,Road_Feature,Location_Type,Vehicle_Type,Vehicle_Movement,Vehicle_Loading,Vehicle_Defect,Vehicle_Driver_Age,Vehicle_Alcohol,Vehicle_Seat_Belt
1,61,4,2,2015,1,2,1,2,2,1,2,1,1,1,1,1,1,2,19,6,,7,,,
10,67,3,3,2015,3,1,1,2,2,1,1,1,1,1,1,2,1,2,8,1,1,3,,,
1,67,3,9,2015,3,7,8,1,2,1,1,4,1,1,1,1,1,1,13,11,1,7,27,2,2
1,66,4,3,2015,3,2,1,2,2,1,1,4,1,2,2,3,1,2,17,4,2,7,32,2,2
1,66,4,2,2015,3,4,1,2,2,1,1,4,1,1,1,3,1,2,19,3,2,,33,2,2
1,66,4,2,2015,1,3,1,2,2,1,3,1,1,1,1,3,1,1,4,4,2,7,18,2,2
1,66,4,2,2015,3,2,1,2,2,1,1,4,1,1,1,3,1,2,19,4,2,7,24,2,2
5,66,4,10,2015,2,7,1,2,2,1,1,5,1,1,2,4,1,2,8,11,2,3,,1,2
8,66,4,12,2015,4,7,,1,2,4,4,4,1,2,2,4,1,2,11,7,2,6,,2,2
8,66,4,6,2015,2,7,1,1,,1,1,4,1,1,2,2,1,2,5,6,1,1,20,2,2
4,66,4,5,2015,3,7,,2,2,1,2,4,5,2,2,4,4,2,11,,1,7,26,1,2
4,66,4,5,2015,2,1,8,1,2,1,1,1,1,1,1,1,1,2,14,10,1,3,,2,2
4,66,4,4,2015,3,1,8,1,2,1,1,4,1,3,2,4,3,2,14,11,1,3,,2,2
3,66,4,2,2015,3,7,1,2,2,1,1,4,1,3,2,4,4,2,11,11,1,7,35,,2
1,68,4,4,2015,3,7,8,2,2,1,1,4,1,1,1,2,1,2,14,1,2,1,26,1,2
1,68,4,4,2015,4,7,8,2,2,1,3,2,1,1,1,2,1,1,14,6,,,,1,
2,68,1,3,2015,3,7,,1,2,1,1,4,1,1,1,4,1,2,14,6,1,,,,
6,68,4,4,2015,1,7,8,2,2,1,1,5,1,1,1,4,1,2,11,6,,,24,,
1,66,4,1,2015,2,7,8,2,2,1,1,4,1,1,1,4,1,2,19,8,1,1,30,2,1
7,58,4,11,2015,4,4,1,2,1,1,2,1,1,1,1,1,1,2,12,6,,,,,
2,58,3,6,2015,2,1,1,1,,1,1,2,1,1,3,1,1,2,9,6,1,7,,1,2
1,65,4,9,2015,2,1,1,2,2,1,2,1,1,1,1,1,1,2,7,6,,,,,
7,41,4,10,2015,2,7,7,2,2,1,1,1,1,1,1,1,1,2,9,1,1,7,43,1,2
7,41,4,10,2015,3,3,3,2,2,1,1,1,1,1,1,1,1,2,9,2,1,7,38,1,2
7,41,3,4,2015,2,7,3,2,2,1,1,1,1,1,1,1,1,2,12,1,1,7,55,2,2
7,41,4,7,2015,2,7,3,2,2,1,1,1,1,1,1,1,1,1,19,11,1,7,30,2,2
7,41,4,9,2015,1,7,3,1,1,1,1,1,1,1,1,1,1,2,9,11,1,7,28,2,2
7,41,4,9,2015,1,7,4,2,2,1,1,1,1,1,1,1,1,1,19,11,1,7,42,2,2
7,41,4,9,2015,1,7,8,1,1,1,2,1,1,1,1,1,1,2,11,11,1,7,35,2,2
7,41,4,7,2015,1,7,8,1,1,1,2,1,1,1,1,2,1,2,19,11,1,7,38,2,2
7,41,4,8,2015,2,7,3,1,1,1,2,1,1,1,1,2,1,2,19,11,1,7,28,2,2
7,41,4,4,2015,2,7,3,1,1,1,1,1,1,1,1,1,1,2,14,2,1,7,25,1,2
7,41,4,3,2015,3,7,3,1,1,1,1,1,1,1,1,2,1,2,9,11,1,7,20,2,2
7,41,4,2,2015,2,7,8,2,2,1,1,1,1,1,1,2,1,1,9,1,1,7,22,2,1
7,41,4,1,2015,2,7,8,2,2,1,1,1,1,1,1,1,1,1,19,11,1,7,24,2,2
5,41,4,8,2015,3,7,8,1,1,1,3,5,5,1,1,1,1,1,19,11,1,7,45,2,2
5,41,3,7,2015,4,7,8,2,2,1,1,1,1,1,1,3,1,2,19,6,1,7,42,2,2
1,41,4,11,2015,2,1,1,2,2,1,1,1,1,1,1,1,1,1,8,6,1,1,36,2,2
1,41,1,10,2015,3,1,1,2,2,1,1,1,1,1,1,1,1,2,8,11,1,1,32,2,2
6,41,4,5,2015,2,7,3,2,2,1,1,3,1,1,1,1,2,2,9,11,1,7,25,2,2
6,41,4,6,2015,3,5,8,2,2,1,1,1,1,1,1,3,1,1,4,2,1,1,35,2,2
6,41,4,9,2015,4,7,3,2,2,1,4,1,1,1,1,1,1,2,19,11,1,7,40,2,2
6,41,4,10,2015,2,7,3,2,2,1,1,1,1,1,1,4,1,2,19,11,1,7,38,2,2
1,40,2,4,2015,1,2,8,2,1,1,3,5,1,1,2,1,1,1,14,11,1,7,40,2,1
6,43,1,11,2015,3,1,1,2,2,1,1,1,1,1,1,1,1,2,13,6,1,1,38,2,2
6,40,4,11,2015,3,1,1,2,2,1,1,1,1,1,1,1,1,2,9,6,1,1,42,2,2
4,40,4,11,2015,1,3,1,1,2,1,1,1,1,2,2,4,4,2,14,11,2,1,30,2,2
6,40,1,11,2015,1,1,1,2,2,1,1,1,1,1,1,1,1,2,9,6,1,1,52,2,1
6,40,4,10,2015,2,1,1,2,2,1,2,1,1,1,1,1,1,2,9,6,1,1,52,2,1
1,40,1,10,2015,3,1,1,2,2,2,1,1,2,1,1,1,1,2,9,11,1,7,43,2,2
1,40,4,10,2015,3,7,2,2,2,1,1,1,1,1,1,1,1,1,4,1,1,7,32,2,2
1,40,4,10,2015,4,1,1,2,2,1,4,1,1,1,1,1,1,2,19,11,1,7,35,2,2
3,40,4,10,2015,2,7,8,1,2,1,1,2,1,1,1,2,1,2,9,2,1,1,30,2,2
1,40,4,9,2015,2,7,8,1,2,1,1,1,5,1,1,2,1,2,19,7,1,7,32,2,2
6,40,3,9,2015,2,1,1,2,2,1,2,1,1,1,1,1,1,2,14,6,1,1,23,2,2
6,40,4,12,2015,3,1,1,2,2,1,1,1,1,1,1,1,1,2,14,6,1,1,36,2,2
1,40,4,12,2015,2,7,8,2,2,1,1,1,1,1,1,1,1,2,4,11,1,7,38,2,2
7,40,4,12,2015,2,7,3,1,2,1,1,1,1,1,1,4,1,2,19,11,1,7,28,2,2
6,43,3,12,2015,1,7,8,2,2,1,1,2,1,1,1,4,3,2,14,11,1,1,27,2,2
1,43,4,5,2015,1,7,1,2,2,1,2,1,1,1,1,3,1,1,14,6,1,1,23,2,2
1,43,4,7,2015,2,7,1,2,2,1,2,1,1,1,1,2,1,1,14,6,1,1,32,2,2
2,43,4,1,2015,3,7,8,1,2,1,1,1,1,1,1,1,1,1,18,11,1,7,28,2,2
2,43,4,3,2015,3,7,8,2,2,1,1,1,1,1,1,2,1,1,19,11,1,7,38,2,2
2,43,4,3,2015,2,7,8,1,1,1,1,2,2,1,1,1,1,1,19,11,1,7,35,2,2
2,43,4,5,2015,2,7,8,1,2,1,1,1,1,1,1,1,1,1,19,11,1,7,25,2,2
2,43,4,7,2015,2,7,8,1,2,1,1,1,1,1,1,1,1,1,19,11,1,7,42,2,2
2,43,4,8,2015,3,7,8,1,2,2,1,1,1,1,1,2,1,1,19,11,1,7,40,2,2
2,43,4,8,2015,3,7,3,1,2,1,1,1,1,1,1,2,1,1,19,11,1,7,35,2,2
2,43,4,9,2015,4,7,8,1,2,1,1,1,1,1,1,1,1,1,19,11,1,7,45,2,2
12,47,4,1,2015,4,1,1,1,1,1,4,1,1,1,1,1,1,2,14,11,2,7,38,2,2
12,47,4,2,2015,1,1,1,2,2,1,4,1,1,1,1,1,1,2,14,6,1,7,36,1,2
4,27,4,2,2015,1,1,1,2,2,1,4,1,1,1,1,1,1,2,14,11,1,7,38,2,2
2,47,3,3,2015,2,1,1,1,2,1,1,1,1,1,1,1,1,1,9,6,2,7,34,2,2
1,39,4,1,2015,3,1,1,2,2,1,1,1,1,1,1,2,1,2,8,6,1,7,37,2,2
3,39,3,1,2015,4,1,8,1,1,1,3,1,1,1,1,1,1,2,19,11,1,7,30,2,2
3,39,1,8,2015,3,1,3,1,1,1,1,1,1,1,1,1,1,1,7,6,1,1,48,2,2
3,39,4,8,2015,2,1,3,1,2,1,1,2,1,1,1,1,1,2,9,6,1,7,48,2,1
3,39,3,9,2015,3,1,1,1,2,1,1,1,1,1,1,1,1,2,9,2,1,7,38,2,2
7,27,4,12,2015,3,1,1,2,2,1,1,1,1,1,1,1,1,2,8,6,1,7,38,2,2
1,38,3,1,2015,4,7,1,2,2,1,4,1,1,1,1,1,5,2,4,6,1,7,32,2,2
6,38,4,2,2015,2,3,1,2,2,4,2,1,2,1,1,1,1,2,2,5,1,7,42,2,2
6,8,4,3,2015,4,7,1,2,2,1,4,1,5,1,1,1,1,2,19,11,1,7,42,2,2
1,38,4,6,2015,3,7,1,2,2,1,1,1,1,1,1,1,1,1,19,11,1,7,34,2,2
1,38,4,6,2015,2,7,8,1,2,1,1,1,1,1,1,1,1,2,14,6,2,7,30,2,2
6,38,4,7,2015,3,7,1,2,2,1,4,1,5,1,1,1,1,2,19,11,1,7,35,2,2
7,38,4,5,2015,1,1,1,1,2,1,1,1,1,1,1,1,1,2,19,6,1,7,30,2,2
7,38,4,8,2015,1,1,1,2,2,1,4,1,1,1,1,1,1,2,19,11,1,7,40,2,2
4,38,3,10,2015,2,7,8,2,2,1,1,1,1,1,1,1,1,1,14,7,1,7,25,2,2
5,35,4,5,2015,2,7,8,2,2,1,1,1,1,1,1,1,1,2,4,11,1,7,28,2,2
7,37,4,3,2015,2,4,1,2,2,1,2,1,1,1,1,2,1,2,14,5,1,7,47,2,2
6,37,3,3,2015,2,7,8,1,2,1,1,1,1,1,1,4,1,2,5,11,1,7,28,2,2
2,37,4,6,2015,3,7,8,1,2,1,1,1,2,1,1,4,1,2,19,11,1,7,32,2,2
2,37,4,9,2015,1,7,8,2,2,1,1,3,1,1,1,4,1,2,14,7,1,7,25,2,2
4,51,4,3,2015,2,7,8,1,2,1,1,3,1,3,2,4,1,2,19,6,1,7,24,2,2
4,51,4,9,2015,2,7,8,2,1,1,1,1,1,1,1,1,1,1,9,11,1,7,28,2,2
1,51,4,9,2015,2,7,8,2,2,1,1,1,1,3,1,4,1,2,19,7,1,7,21,2,2
3,46,4,12,2015,2,7,1,2,2,1,1,1,1,1,1,1,2,1,14,11,1,7,38,2,2
1,46,4,1,2015,1,1,3,2,2,1,2,1,1,1,1,1,1,1,14,11,1,7,42,2,2
1,46,4,2,2015,2,7,3,2,1,1,1,1,1,1,1,1,1,1,12,11,1,7,38,2,2
1,46,4,2,2015,3,7,8,2,1,1,1,1,1,1,1,1,1,2,9,5,1,7,18,2,2
1,46,4,3,2015,1,7,1,2,2,1,2,1,1,1,1,1,1,1,19,11,1,7,25,2,2
2,46,3,9,2015,3,1,1,2,2,1,1,1,1,1,1,1,1,2,9,11,1,7,35,2,2
2,46,3,8,2015,2,1,1,2,2,1,1,1,1,1,1,1,1,2,8,6,1,7,25,2,2
6,46,3,10,2015,2,7,2,2,1,1,3,1,1,1,1,1,1,1,19,11,1,7,42,2,2
6,46,4,11,2015,2,7,2,1,1,1,1,1,1,1,1,1,1,1,19,11,1,7,29,2,2
6,46,4,8,2015,2,7,3,1,1,1,1,1,1,1,1,1,1,1,19,11,1,7,30,2,2
6,46,4,7,2015,2,7,3,2,1,1,2,1,1,1,1,1,1,1,19,11,1,7,42,2,2
5,46,4,2,2015,2,1,1,2,2,1,1,1,1,1,1,1,1,2,14,6,1,7,28,2,2
5,46,4,9,2015,2,1,1,2,2,1,4,1,1,1,1,1,1,2,14,11,1,7,28,2,2
5,46,4,6,2015,3,1,1,1,1,1,1,1,1,1,1,1,1,2,19,6,1,7,30,2,2
5,46,3,1,2015,4,1,1,1,1,1,2,1,1,1,1,1,1,2,19,6,1,7,38,2,2
5,46,3,1,2015,2,1,1,1,1,1,1,1,1,1,1,1,1,2,19,6,1,7,35,2,2
4,46,4,7,2015,1,7,1,2,2,1,2,2,1,1,1,1,1,2,19,11,1,7,28,2,2
1,44,4,9,2015,2,1,8,1,2,1,1,1,1,1,1,4,2,2,14,11,1,7,34,2,2
1,44,4,9,2015,2,1,1,2,1,1,1,1,1,1,1,5,1,1,9,11,1,7,42,2,2
5,44,4,3,2015,1,7,8,2,1,1,1,1,1,1,1,1,1,1,9,11,1,7,45,2,2
7,44,4,2,2015,3,1,8,2,1,1,1,1,1,1,1,1,1,1,14,11,1,7,40,2,2
7,44,3,4,2015,2,1,3,1,1,1,1,1,1,1,1,1,1,1,9,11,1,7,40,2,2
7,44,4,6,2015,2,1,8,1,1,1,1,1,1,1,1,1,1,1,19,11,1,7,45,2,2
7,44,4,7,2015,2,1,8,1,1,1,1,1,1,1,1,1,1,1,19,11,1,7,42,2,2
7,44,4,6,2015,1,1,8,1,2,1,1,1,1,1,1,1,1,1,19,11,1,7,45,2,2
4,44,3,9,2015,4,1,4,2,2,1,4,1,1,1,1,5,1,1,12,6,1,7,48,2,2
4,44,4,9,2015,3,1,8,2,2,1,1,1,1,1,1,3,1,1,14,6,1,7,28,2,2
4,44,1,11,2015,4,2,1,2,2,1,3,1,1,1,1,1,1,1,2,11,1,1,30,2,2
4,44,4,9,2015,2,7,8,2,2,1,3,1,1,1,1,3,1,1,14,11,1,7,27,2,2
4,44,4,1,2015,4,3,8,2,1,1,3,1,1,1,1,1,1,1,14,11,1,1,30,2,2
2,44,4,4,2015,4,1,1,2,1,1,1,1,1,1,1,1,1,1,7,11,1,7,42,2,2
2,44,4,4,2015,1,1,1,2,1,1,1,1,1,1,1,1,1,1,19,11,1,7,35,2,2
2,44,4,7,2015,2,1,1,2,1,1,1,1,1,1,1,1,1,1,19,11,1,7,41,2,2
2,44,4,8,2015,1,1,1,2,1,1,1,1,1,1,1,1,1,1,9,11,1,7,35,2,2
3,44,4,2,2015,2,1,4,1,1,1,1,1,1,1,1,1,2,1,14,11,1,7,48,2,2
3,44,4,3,2015,3,7,4,1,1,1,4,1,1,1,1,1,1,1,9,5,1,7,40,2,2
3,44,4,5,2015,4,1,4,2,2,1,2,1,1,1,1,1,1,2,19,5,1,7,35,2,2
5,44,4,7,2015,3,1,6,1,1,1,1,1,1,1,1,1,1,2,19,5,1,7,42,2,2
6,44,4,7,2015,1,1,1,2,2,1,1,1,1,1,1,1,1,2,14,11,1,7,38,2,2
6,44,4,2,2015,2,7,1,2,2,1,1,1,1,1,1,1,1,1,14,11,1,7,40,2,2
6,44,4,11,2015,2,7,1,1,1,1,1,1,1,1,1,1,1,1,13,5,1,7,30,2,2
6,44,4,1,2015,1,7,1,2,2,1,1,1,1,1,1,2,1,2,9,11,1,7,35,2,2
1,45,4,2,2015,4,7,1,2,2,1,4,1,1,1,1,1,1,1,19,11,1,7,34,2,2
2,45,4,3,2015,2,2,8,2,1,1,1,1,1,1,1,1,1,1,8,11,2,7,32,2,2
1,45,4,3,2015,1,7,8,2,2,1,4,1,1,1,1,1,1,2,19,11,1,7,19,2,2
1,45,4,3,2015,2,7,8,2,2,1,1,1,1,1,1,4,1,2,19,11,1,7,38,2,2
1,45,4,3,2015,1,7,8,2,2,1,4,1,1,1,1,2,1,2,4,11,1,7,30,2,2
2,45,4,3,2015,1,7,8,2,2,1,4,1,1,1,1,1,1,2,19,11,1,7,35,2,2
6,45,4,5,2015,1,3,8,2,2,1,3,1,1,1,1,1,1,2,19,11,1,7,28,2,2
5,45,4,4,2015,2,7,1,2,2,1,1,1,1,1,1,1,1,1,17,11,1,7,40,2,2
3,45,4,3,2015,2,7,8,2,2,1,2,1,1,1,1,2,1,2,19,11,1,7,38,2,2
3,45,4,3,2015,1,7,8,2,2,1,1,1,1,1,1,4,1,2,14,11,2,7,55,2,2
3,45,4,5,2015,2,1,8,2,2,1,1,1,1,1,1,3,1,2,19,11,1,7,35,2,2
1,52,4,12,2015,1,1,8,2,2,1,4,2,1,1,1,1,1,2,19,4,1,7,19,2,2
2,52,3,3,2015,1,1,1,2,2,1,1,1,1,1,1,1,1,2,8,11,1,7,28,2,2
3,48,4,1,2015,2,7,8,2,1,1,1,1,1,1,1,1,1,2,14,11,1,7,35,2,2
2,48,3,11,2015,2,7,8,1,2,1,1,1,5,1,1,4,1,2,19,11,1,7,40,2,2
4,49,4,11,2015,1,7,1,1,2,1,1,1,1,1,1,2,1,2,9,6,1,4,40,2,2
2,49,4,3,2015,2,3,1,1,2,1,1,4,1,1,1,4,1,2,19,6,2,7,40,2,2
2,49,4,3,2015,4,3,1,2,2,1,1,1,1,1,1,4,1,2,6,11,1,7,28,2,2
3,49,4,3,2015,2,1,8,2,2,1,1,1,1,1,1,2,1,1,9,11,1,7,30,2,2
7,47,4,11,2015,2,7,1,2,2,1,1,1,1,1,1,1,1,2,8,11,1,7,38,2,2
4,47,4,11,2015,3,1,1,2,2,1,1,1,1,1,1,1,1,2,14,6,1,7,38,2,2
4,47,4,11,2015,2,1,1,2,2,1,1,1,1,1,1,1,1,2,13,6,1,1,30,2,2
9,47,4,11,2015,3,1,1,2,2,1,1,1,1,1,1,1,1,2,19,6,1,1,45,2,2
9,47,4,11,2015,2,7,3,2,2,1,2,1,1,1,1,1,1,2,19,11,1,7,38,2,2
1,47,4,10,2015,2,1,1,2,2,1,2,1,1,1,2,1,1,,4,11,2,7,40,2,2
5,47,4,11,2015,3,2,1,2,2,1,1,1,1,1,1,5,1,2,4,11,1,7,18,1,2
2,47,4,1,2015,4,3,3,2,2,1,4,1,1,1,1,1,1,2,14,6,1,7,40,2,2
9,47,4,2,2015,2,1,1,2,2,1,1,1,1,1,1,1,1,2,9,6,1,7,40,2,2
4,47,4,2,2015,1,1,1,2,2,1,4,1,1,1,1,1,1,2,14,6,1,7,38,2,2
9,47,4,3,2015,2,1,3,2,2,1,1,1,1,1,1,1,1,2,13,11,1,7,48,2,2
6,40,3,11,2015,3,1,1,2,2,1,1,1,1,1,1,1,1,2,13,6,1,1,38,2,2
7,40,4,11,2015,3,1,1,2,2,1,1,1,1,1,1,4,1,2,19,11,1,1,19,2,2
7,41,4,3,2015,4,7,8,1,1,1,4,1,5,1,1,1,1,2,9,1,1,7,19,2,2
1,41,3,1,2015,3,1,1,2,2,1,1,1,1,1,1,1,1,2,1,1,1,1,24,2,2
1,41,3,10,2015,4,3,1,2,2,1,1,1,1,1,1,1,1,2,9,11,1,1,32,2,2
22,42,4,1,2015,3,1,4,1,1,1,1,1,1,1,1,1,1,1,9,5,1,1,40,2,2
14,42,4,1,2015,2,1,4,2,1,1,2,1,1,1,1,1,1,1,8,6,1,1,40,2,2
14,42,4,1,2015,1,1,4,2,1,1,2,1,1,1,1,1,1,1,9,6,1,1,40,1,2
34,42,4,1,2015,1,1,4,1,1,1,3,1,1,1,1,5,1,1,14,6,1,1,45,2,2
34,42,4,1,2015,3,1,1,1,1,1,1,1,1,1,1,5,1,1,12,6,1,1,30,1,2
12,42,4,1,2015,2,2,4,1,1,1,1,1,1,1,1,5,1,1,9,6,1,1,35,2,2
12,42,4,1,2015,3,1,4,1,1,1,1,1,1,1,1,5,1,1,13,6,1,1,40,2,2
41,42,4,1,2015,4,3,4,1,1,1,2,1,1,1,1,5,1,1,14,11,1,1,40,2,2
25,42,4,1,2015,2,1,1,2,2,4,2,1,1,1,1,1,5,1,9,6,1,1,30,2,2
24,42,4,1,2015,2,1,4,2,2,1,1,1,1,3,1,5,1,1,13,6,1,1,20,2,2
33,42,3,1,2015,2,1,4,2,2,1,1,1,1,1,1,2,1,1,9,6,1,1,35,2,2
33,42,4,1,2015,4,3,4,2,2,1,2,2,1,1,1,5,1,1,9,6,1,1,40,2,2
33,42,4,1,2015,1,5,4,2,2,4,2,2,1,1,1,3,1,1,14,6,1,1,45,2,2
44,42,3,1,2015,3,5,4,2,1,1,1,1,1,1,1,1,1,1,9,6,1,1,40,1,2
49,42,1,1,2015,2,2,4,1,1,1,1,1,1,1,1,5,1,1,6,6,1,1,38,2,2
2,42,4,1,2015,4,5,6,2,1,1,3,1,1,1,1,5,1,1,9,6,1,7,35,2,2
34,42,4,2,2015,1,1,1,2,1,1,3,1,1,1,1,5,1,1,14,6,1,1,38,1,2
34,42,4,2,2015,2,1,1,2,2,1,2,1,1,1,1,5,1,1,14,6,1,1,45,2,2
15,42,4,2,2015,3,1,1,2,1,1,1,1,1,1,1,2,1,1,9,6,1,1,40,2,2
11,42,3,2,2015,2,1,4,2,1,1,1,1,1,1,1,2,1,1,8,6,1,1,40,2,2
46,42,4,2,2015,3,3,4,1,1,1,1,1,1,1,1,5,1,1,9,5,1,1,40,2,2
46,42,4,2,2015,1,1,1,1,2,1,1,1,1,1,1,5,1,1,14,6,1,1,37,1,2
45,42,4,2,2015,3,5,4,1,2,1,1,1,1,1,1,5,1,1,8,6,1,1,40,2,2
16,42,4,2,2015,2,1,1,1,2,1,1,1,1,1,3,2,1,2,5,6,1,1,35,2,2
21,42,4,2,2015,4,3,1,1,1,1,3,1,1,1,3,1,1,1,14,6,1,1,24,1,2
35,42,4,2,2015,1,1,4,1,2,1,2,4,1,1,1,5,1,1,14,6,1,1,45,2,2
9,42,3,2,2015,4,1,1,2,1,1,3,1,1,1,1,3,1,1,10,6,1,1,40,2,2
22,42,4,2,2015,1,1,4,2,2,1,3,1,1,1,1,1,1,1,9,6,1,1,40,2,2
14,42,1,2,2015,2,1,1,2,2,1,2,1,1,1,1,5,1,1,7,5,1,1,40,2,2
33,42,4,2,2015,1,7,4,1,2,4,2,2,1,1,1,1,1,1,9,6,1,1,45,2,2
33,42,4,2,2015,3,3,3,2,1,1,1,2,1,1,1,5,1,1,9,6,1,1,45,2,2
33,42,4,1,2015,4,1,4,1,1,1,3,1,1,1,1,1,1,1,9,6,1,1,35,2,2
33,42,4,2,2015,1,1,1,2,1,1,2,1,1,1,1,1,1,1,9,6,1,1,45,2,2
23,42,4,3,2015,1,6,4,2,2,1,3,1,1,1,1,2,1,1,14,6,1,1,40,2,2
16,42,3,3,2015,3,2,4,2,1,1,1,1,1,1,1,2,1,1,9,6,1,1,40,2,2
44,42,3,2,2015,4,7,1,2,1,1,3,1,1,1,1,5,1,1,10,4,1,1,23,1,2
44,42,4,2,2015,1,1,4,2,1,1,2,1,1,1,1,1,1,1,12,6,1,1,40,1,2
48,42,4,3,2015,3,2,4,2,2,1,1,1,1,1,1,5,1,1,8,5,1,1,32,1,2
29,42,4,1,2015,4,5,4,2,2,1,3,1,1,1,1,5,1,1,14,6,1,1,40,2,2
29,42,4,1,2015,2,1,4,2,1,1,1,1,1,1,1,5,1,1,9,6,1,1,40,2,2
29,42,4,2,2015,2,1,4,2,1,1,1,1,1,1,1,5,1,1,14,6,1,1,40,2,2
29,42,4,3,2015,3,1,4,2,1,1,1,1,1,1,1,5,1,1,9,6,1,1,30,2,2
29,42,4,3,2015,4,2,4,2,1,1,2,1,1,1,1,5,1,1,9,8,1,1,45,2,2
33,42,4,3,2015,4,5,1,2,2,1,2,4,1,1,1,1,1,1,8,6,1,1,35,2,2
2,42,4,2,2015,4,1,2,1,1,1,4,1,1,1,1,5,1,1,9,6,1,1,40,2,2
2,42,4,3,2015,4,1,2,1,1,1,4,1,1,1,1,5,1,1,6,6,1,7,30,2,2
12,42,3,2,2015,3,1,8,1,2,1,1,1,1,1,1,5,1,1,4,6,1,1,28,2,1
49,42,4,3,2015,1,1,4,1,1,1,3,1,1,1,1,5,1,1,12,6,1,1,28,2,2
43,42,4,3,2015,2,2,1,1,1,1,2,1,1,1,1,5,1,1,9,6,1,1,40,2,2
22,42,4,3,2015,2,1,4,2,1,1,1,1,1,1,1,1,1,1,9,6,1,1,40,1,2
22,42,4,3,2015,2,1,4,2,2,1,1,1,1,1,1,1,1,1,9,6,1,1,40,2,2
34,42,4,3,2015,1,1,4,2,1,1,3,1,1,1,1,5,1,1,9,6,1,1,45,2,2
34,42,4,3,2015,4,1,1,1,1,1,2,1,1,1,1,1,1,1,9,6,1,1,40,2,2
17,42,4,3,2015,2,1,1,1,1,1,1,1,1,1,1,5,1,1,8,6,1,1,30,2,2
15,42,3,2,2015,3,1,4,2,1,1,1,1,1,1,1,2,1,1,9,6,1,1,45,2,2
9,42,4,3,2015,3,1,1,1,1,1,3,1,1,1,1,5,1,1,9,6,1,1,40,2,2
33,42,4,3,2015,4,7,4,2,1,1,3,1,1,1,1,1,1,1,9,6,1,1,40,2,2
44,42,4,3,2015,4,5,6,2,2,1,2,1,1,1,1,1,1,1,13,1,1,1,38,2,2
44,42,4,3,2015,2,3,1,2,2,1,1,1,1,1,1,5,1,1,6,4,1,1,30,1,2
1,42,4,4,2015,2,2,4,2,1,1,1,1,1,1,3,5,1,1,9,6,1,1,40,2,2
33,42,4,4,2015,4,7,1,2,2,1,3,1,1,1,1,1,1,1,9,6,1,,42,2,2
33,42,1,4,2015,3,1,4,1,1,1,1,1,1,1,1,1,1,1,9,6,1,1,40,2,2
33,42,4,4,2015,4,1,4,2,1,1,3,1,1,1,1,1,1,1,9,6,1,1,40,2,2
33,42,4,4,2015,2,7,1,1,2,1,1,1,1,1,1,5,1,1,9,6,1,1,40,2,2
33,42,4,4,2015,3,7,1,1,2,1,1,1,1,1,1,2,1,1,9,6,1,1,40,2,2
33,42,4,4,2015,2,1,1,1,2,1,1,1,1,1,1,1,1,1,13,6,1,1,40,2,2
33,42,4,4,2015,4,1,8,1,1,1,3,1,1,1,1,2,1,1,12,6,1,1,40,2,2
33,42,4,4,2015,1,7,4,2,1,1,3,1,1,1,1,1,1,1,9,6,1,1,40,2,2
23,42,4,4,2015,1,1,1,1,1,1,2,1,1,1,1,1,1,1,9,6,1,1,40,2,2
23,42,4,4,2015,2,4,1,2,2,1,2,2,1,1,1,5,1,1,9,6,1,1,40,2,2
34,42,4,4,2015,4,1,1,1,1,1,3,1,1,1,1,1,1,1,9,6,1,1,40,2,2
34,42,4,4,2015,2,3,1,2,2,1,1,1,1,1,1,5,1,1,8,5,1,1,50,1,2
34,42,4,4,2015,4,1,1,1,1,1,1,1,1,1,1,5,1,1,10,6,1,1,35,2,2
12,42,4,4,2015,3,7,4,2,1,1,1,1,1,1,1,5,1,1,6,6,1,1,45,2,2
21,42,4,4,2015,4,1,1,2,2,1,3,1,1,1,1,1,1,1,9,6,1,1,45,1,2
11,42,1,4,2015,2,5,1,1,1,1,3,1,1,1,1,5,1,1,8,6,1,1,30,2,2
24,42,4,4,2015,4,1,1,2,2,1,3,4,1,1,1,5,1,2,14,6,1,1,40,2,2
7,42,3,4,2015,4,1,4,2,1,1,1,1,1,1,1,5,1,1,9,6,1,1,27,2,2
36,42,4,4,2015,2,1,4,2,1,1,2,1,1,1,1,5,1,1,10,6,1,1,45,2,2
22,42,4,4,2015,4,1,4,2,1,1,3,1,1,1,1,1,1,1,9,6,1,1,40,2,2
22,42,4,4,2015,2,1,4,2,1,1,1,1,1,1,1,1,1,1,9,6,1,1,40,2,2
29,42,4,4,2015,2,1,4,2,1,1,1,1,1,1,1,5,1,1,9,6,1,1,,1,2
44,42,4,4,2015,1,3,4,2,2,1,2,1,1,1,1,1,1,1,9,6,1,1,40,1,2