Thana,District,Accident_Severity,Month,Year,Time,Junction_Type,Traffic_Control,Movement,Divider,Weather,Light,Road_Geometry,Surface_Condition,Surface_Type,Surface_Quality,Road_Class,Road_Feature,Location_Type,Vehicle_Type,Vehicle_Movement,Vehicle_Loading,Vehicle_Defect,Vehicle_Driver_Age,Vehicle_Alcohol,Vehicle_Seat_Belt
9,42,4,4,2015,1,7,1,1,1,1,3,1,1,1,1,1,1,1,9,6,1,1,40,1,2
10,42,4,4,2015,1,1,1,2,2,1,2,1,1,1,1,2,1,1,12,6,1,1,21,2,2
32,42,4,4,2015,2,1,4,2,1,1,2,1,1,1,1,5,1,1,9,6,1,1,40,2,2
27,42,3,5,2015,3,1,4,2,1,1,1,1,1,1,1,5,1,1,9,6,1,1,40,2,2
17,42,3,5,2015,3,3,4,2,1,1,1,1,1,2,1,5,3,1,8,6,1,2,26,2,2
13,42,4,5,2015,1,2,1,1,1,1,3,1,1,1,1,1,1,1,14,6,1,1,38,2,2
49,42,3,5,2015,2,1,1,1,2,1,1,2,1,1,1,3,1,1,13,1,1,1,25,2,2
34,42,4,5,2015,4,1,1,2,1,1,3,1,1,1,1,5,1,1,6,6,1,1,40,2,2
25,42,3,5,2015,3,2,1,2,1,1,1,2,1,1,1,5,1,1,6,7,1,1,30,2,2
22,42,4,5,2015,4,1,4,1,1,1,3,1,1,1,1,1,1,1,9,6,1,1,35,2,2
36,42,3,5,2015,2,1,4,2,1,1,1,1,1,1,1,2,1,1,8,6,1,1,30,2,2
33,42,4,5,2015,3,1,4,1,1,1,1,3,1,1,3,2,1,1,9,6,1,1,30,2,2
32,42,4,5,2015,1,2,4,2,1,1,3,1,1,1,2,5,1,1,9,6,1,1,40,1,2
9,42,4,5,2015,1,1,1,1,1,1,3,1,1,1,1,1,1,1,9,6,1,1,30,2,2
9,42,4,5,2015,2,1,1,1,1,1,1,1,1,1,1,1,1,1,9,6,1,1,40,2,2
7,42,1,5,2015,4,1,4,2,2,1,3,1,1,1,1,5,1,1,15,1,1,1,30,2,2
9,42,3,6,2015,2,1,4,1,1,1,1,1,1,1,1,1,1,1,9,6,1,1,28,2,2
9,42,4,6,2015,4,1,4,1,1,1,3,1,1,1,1,1,1,1,9,6,1,1,40,2,2
49,42,4,6,2015,3,3,8,2,2,1,1,1,1,1,1,3,4,1,12,7,1,1,24,2,2
24,42,4,6,2015,1,1,1,2,2,1,2,1,1,1,1,1,1,1,14,6,1,1,40,2,2
24,42,4,6,2015,3,3,1,2,2,1,1,2,3,1,1,5,1,1,14,6,1,1,35,2,2
24,42,4,6,2015,3,1,1,2,2,1,1,1,1,1,1,5,1,1,14,6,1,1,50,2,2
34,42,4,6,2015,1,1,1,1,1,1,2,1,1,1,1,1,1,1,9,6,1,1,30,1,2
48,42,4,6,2015,2,4,4,2,2,1,1,1,1,1,1,5,1,1,9,6,1,1,30,1,2
11,42,4,6,2015,4,1,4,1,1,1,2,1,1,1,1,5,1,1,9,6,1,1,30,2,2
15,42,4,6,2015,4,3,8,2,2,1,4,2,1,1,1,5,1,1,14,6,1,1,30,2,2
15,42,4,6,2015,2,7,8,2,2,1,1,1,1,1,3,2,1,1,14,6,1,1,30,1,2
12,42,4,6,2015,3,1,4,1,1,2,1,1,1,1,1,1,1,1,9,6,1,1,30,2,2
23,42,4,6,2015,4,7,4,1,1,1,3,3,1,1,1,1,1,1,9,6,1,1,30,2,2
23,42,4,6,2015,3,7,4,1,1,1,1,2,1,1,1,1,1,1,8,6,1,1,30,2,2
30,42,3,6,2015,3,1,1,2,2,1,1,4,3,2,2,5,4,1,10,6,1,1,20,2,2
30,42,4,6,2015,3,1,4,2,2,1,1,1,1,1,1,3,1,1,10,6,1,1,35,2,2
30,42,1,5,2015,1,7,4,2,2,1,1,1,1,1,2,4,4,2,19,6,1,1,30,2,2
43,42,1,6,2015,2,1,1,1,1,1,1,1,1,1,1,5,1,1,12,9,1,1,40,2,2
42,42,4,6,2015,3,1,6,1,1,1,3,1,1,1,1,1,1,1,9,6,1,1,40,2,2
44,42,4,6,2015,4,1,8,2,2,2,4,1,2,1,1,1,1,1,19,11,1,7,42,2,2
22,42,4,6,2015,3,1,4,2,1,1,1,1,1,1,1,1,1,1,9,6,1,1,40,1,1
22,42,4,6,2015,1,1,4,2,1,1,1,1,1,1,1,1,1,1,9,6,1,1,40,2,2
22,42,4,6,2015,2,1,4,2,1,1,2,1,1,1,1,1,1,1,9,6,1,1,30,2,2
40,42,4,6,2015,1,1,4,2,1,1,3,1,1,1,1,5,1,1,14,6,1,1,40,1,2
40,42,4,6,2015,3,1,4,2,1,1,1,1,1,1,1,5,1,1,9,6,1,1,35,2,2
33,42,4,6,2015,3,5,1,2,2,1,1,1,1,1,1,3,1,1,9,6,1,1,40,2,2
33,42,4,6,2015,2,7,1,2,1,1,3,1,1,1,1,1,1,1,9,6,1,1,35,2,2
33,42,4,6,2015,4,7,1,1,2,1,2,1,1,1,1,1,1,1,9,6,1,1,30,2,2
33,42,4,6,2015,2,7,4,1,2,1,1,1,1,1,1,1,1,1,14,6,1,1,40,2,2
1,42,3,5,2015,1,2,1,2,1,1,1,1,1,1,3,5,1,1,9,6,1,1,40,2,2
33,42,4,6,2015,2,3,4,2,2,1,1,2,1,1,1,1,1,1,9,6,1,1,40,2,2
33,42,4,6,2015,1,7,4,1,2,1,1,1,1,1,1,1,1,1,9,6,1,1,40,2,2
33,42,4,6,2015,1,7,4,1,2,1,1,1,1,1,1,2,1,1,12,6,1,1,45,2,1
33,42,4,6,2015,2,1,1,1,1,1,1,1,1,1,1,1,1,1,8,6,1,1,35,2,2
33,42,4,6,2015,2,7,1,1,1,1,1,1,1,1,1,1,1,1,9,6,1,1,45,2,2
23,42,4,7,2015,4,3,1,1,2,1,2,2,1,1,1,1,1,1,9,6,1,1,40,2,2
23,42,3,7,2015,1,7,1,1,1,2,2,3,2,1,1,1,1,1,8,11,1,7,40,2,2
32,42,4,7,2015,3,1,5,1,2,1,2,2,1,1,2,1,1,1,13,1,1,1,30,1,2
43,42,4,7,2015,4,7,1,1,1,2,3,1,2,1,1,5,1,1,9,11,1,7,32,2,2
40,42,4,7,2015,1,3,1,1,1,1,2,1,1,1,1,5,1,1,13,6,1,1,40,2,1
14,42,4,7,2015,1,4,3,2,1,1,3,1,1,1,1,1,1,1,9,6,1,1,40,2,2
17,42,1,7,2015,1,3,1,1,1,2,1,1,2,1,1,5,1,1,12,6,1,1,40,2,1
24,42,4,7,2015,1,7,1,2,2,2,4,1,1,1,1,1,1,2,14,6,1,1,40,2,2
10,42,4,7,2015,4,3,8,1,1,1,2,1,1,1,1,3,1,1,9,6,1,1,40,2,2
33,42,4,7,2015,2,7,4,1,2,2,1,1,2,1,1,1,1,1,9,6,1,1,40,2,2
33,42,4,7,2015,1,7,4,1,1,2,1,1,2,1,1,1,1,1,9,6,1,1,40,2,2
33,42,4,7,2015,3,7,4,1,1,2,2,4,2,1,2,1,1,1,9,6,1,1,40,2,2
33,42,4,7,2015,3,7,4,1,2,1,1,1,2,1,1,1,1,1,9,6,1,1,40,2,2
33,42,1,7,2015,3,7,4,1,1,1,1,1,1,1,1,1,1,1,9,6,1,1,35,2,2
33,42,4,7,2015,1,7,4,1,2,1,1,1,2,1,1,1,1,1,9,6,1,1,40,2,2
33,42,4,7,2015,4,7,4,1,1,1,1,1,2,1,1,1,1,1,10,6,1,1,35,2,1
37,42,3,7,2015,3,7,4,1,1,1,1,1,1,1,1,1,1,1,9,6,1,1,40,2,2
40,42,4,8,2015,3,2,4,1,1,1,1,1,1,1,1,5,1,1,9,6,1,1,40,2,2
13,42,4,8,2015,4,2,4,1,1,1,3,2,1,1,1,1,1,1,9,6,1,1,40,2,2
16,42,4,8,2015,3,2,1,1,1,1,1,1,1,1,1,2,1,2,4,6,1,1,45,2,1
32,42,4,8,2015,4,1,1,2,1,1,3,1,1,1,1,3,1,1,12,6,1,3,35,2,2
42,42,4,8,2015,1,2,4,2,1,1,1,1,1,1,1,5,1,1,9,6,1,1,40,2,2
42,42,3,8,2015,4,2,4,1,1,1,3,1,1,1,1,5,1,1,9,6,1,1,40,2,2
24,42,4,8,2015,4,2,1,2,2,1,4,2,1,1,1,5,1,2,14,6,1,1,35,2,2
24,42,3,8,2015,3,3,4,2,2,1,1,1,1,1,1,5,1,1,5,6,1,1,50,2,2
24,42,4,8,2015,2,2,4,2,2,1,1,3,1,1,1,5,1,1,14,6,1,1,50,2,2
15,42,3,8,2015,2,2,4,2,2,1,1,1,5,2,2,2,1,1,9,6,1,1,40,2,2
25,42,4,8,2015,4,2,4,2,1,1,3,2,1,1,1,1,1,1,9,6,1,1,35,2,2
15,42,4,8,2015,3,2,4,2,2,1,4,2,1,1,1,1,1,1,9,6,1,1,45,2,2
1,42,4,8,2015,2,4,1,2,1,1,2,1,1,1,1,5,1,1,9,6,1,1,35,2,2
1,42,4,8,2015,1,3,4,2,1,1,1,1,1,1,1,5,1,1,10,6,1,1,54,2,1
43,42,4,7,2015,4,2,4,2,1,2,3,1,2,1,1,5,1,1,9,6,1,1,40,2,2
34,42,4,8,2015,4,1,2,2,1,1,3,1,1,1,1,5,1,1,14,6,1,1,45,2,2
34,42,4,8,2015,3,1,4,2,1,1,1,1,1,1,1,5,1,1,9,6,1,1,35,1,2
34,42,1,8,2015,2,5,6,2,1,1,1,1,1,1,1,5,1,1,8,6,1,1,33,1,2
11,42,4,8,2015,4,1,4,1,2,1,1,1,1,1,1,5,1,1,9,6,1,1,40,2,2
25,42,1,8,2015,2,2,4,1,1,1,1,1,1,1,1,5,1,1,4,6,1,1,35,2,1
45,42,4,8,2015,2,2,4,1,1,1,1,1,1,1,1,1,1,1,8,6,2,1,50,2,2
33,42,4,8,2015,1,3,3,1,1,1,3,1,1,1,1,2,1,1,14,6,1,1,45,1,2
33,42,4,8,2015,1,3,4,1,2,1,3,1,2,1,3,1,1,1,8,6,1,1,45,2,2
33,42,4,8,2015,1,2,4,1,2,1,2,1,1,1,1,1,1,1,8,6,1,1,50,2,2
17,42,3,8,2015,1,2,4,1,1,1,1,1,1,1,1,5,1,1,9,6,1,1,30,2,2
17,42,4,8,2015,1,3,4,1,1,1,1,1,1,1,1,5,1,1,8,6,1,1,45,2,2
22,42,4,8,2015,4,2,4,2,1,1,3,1,1,1,1,1,1,1,9,6,1,1,32,2,2
11,42,3,7,2015,1,2,4,1,1,1,4,1,1,1,1,1,1,1,9,6,1,1,40,2,2
8,42,4,4,2015,1,3,4,1,1,1,2,1,1,1,1,5,1,1,9,6,1,1,40,2,2
3,42,3,8,2015,1,3,4,1,1,1,3,1,1,1,1,1,1,1,14,6,1,1,40,2,2
8,42,4,5,2015,3,2,4,1,1,1,2,1,1,1,1,5,1,1,9,6,1,1,40,2,2
8,42,3,5,2015,3,2,4,1,1,2,1,1,2,1,1,5,1,1,4,6,1,1,42,2,1
9,42,4,8,2015,2,2,4,1,1,1,1,1,1,1,1,1,2,1,10,6,1,1,45,2,1
9,42,3,8,2015,4,3,4,1,1,1,3,1,1,1,1,1,1,1,14,6,1,1,26,2,2
5,42,4,8,2015,2,2,4,2,1,1,2,1,1,1,1,1,1,1,8,2,1,1,35,2,2
49,42,1,9,2015,1,2,4,2,2,1,1,1,1,1,1,1,1,1,7,6,1,1,30,2,1
42,42,4,9,2015,1,2,4,1,1,1,3,4,1,1,1,1,1,1,12,6,1,1,40,2,2
16,42,4,9,2015,3,2,4,1,1,1,1,1,1,1,1,1,1,1,14,6,1,1,40,2,2
2,42,3,9,2015,4,1,2,1,1,1,3,1,1,1,1,5,1,1,7,6,1,1,45,1,2
9,42,4,9,2015,4,2,1,1,1,1,3,1,1,1,1,1,1,1,7,6,1,1,38,2,2
34,42,4,9,2015,3,2,4,1,1,1,1,1,1,1,1,1,1,1,9,6,1,1,40,2,2
34,42,4,9,2015,3,3,4,1,1,2,1,1,2,1,1,1,1,1,8,6,1,1,30,2,2
34,42,4,9,2015,2,1,1,1,1,1,3,1,1,1,1,1,1,1,9,6,1,1,35,2,2
29,42,4,9,2015,1,2,4,1,1,1,2,1,1,1,1,1,1,1,14,6,1,1,35,2,2
41,42,4,9,2015,2,2,4,2,1,1,1,1,1,1,1,5,1,1,9,6,1,1,24,2,2
41,42,3,9,2015,2,2,1,2,2,1,2,1,1,1,1,5,1,1,14,6,1,1,42,2,2
6,42,4,9,2015,3,1,2,1,2,1,1,1,1,1,1,1,1,1,4,6,1,1,30,2,2
24,42,4,9,2015,2,3,4,2,2,1,1,1,1,1,1,5,1,2,9,6,1,1,18,2,2
33,42,4,9,2015,2,5,4,2,1,1,1,2,1,1,1,1,1,1,8,6,1,1,40,2,2
33,42,4,9,2015,1,2,4,2,2,1,1,4,5,1,1,1,1,1,9,6,1,1,25,2,2
33,42,4,9,2015,4,7,4,2,2,1,3,1,1,1,1,1,2,1,8,6,1,1,28,2,2
6,42,4,9,2015,1,7,4,1,1,1,3,1,1,1,1,2,2,1,9,6,1,1,35,2,2
44,42,4,9,2015,1,2,4,2,1,1,3,1,1,1,1,1,1,1,8,6,1,1,30,2,2
44,42,1,9,2015,1,2,4,2,2,1,1,1,1,1,1,5,1,1,11,6,1,2,25,2,1
44,42,4,9,2015,1,7,4,2,2,1,2,1,1,1,1,1,1,1,7,6,1,1,28,2,2
4,42,3,9,2015,2,3,4,1,1,1,1,1,5,1,1,5,1,1,8,5,1,1,45,2,2
46,42,4,9,2015,1,2,4,2,1,1,2,4,1,1,1,4,1,2,12,4,1,1,30,2,2
11,42,4,9,2015,2,3,4,1,1,1,4,1,1,2,1,1,1,1,9,6,1,1,35,2,2
2,42,4,9,2015,2,2,4,1,1,1,3,2,1,1,1,5,1,1,9,6,1,1,35,2,2
22,42,4,9,2015,2,1,4,2,1,1,2,1,1,1,1,1,2,1,9,6,1,1,35,2,2
40,42,4,9,2015,1,2,4,1,2,1,1,1,1,1,1,1,1,1,14,6,1,1,35,2,2
35,42,4,9,2015,4,7,4,1,2,1,2,1,1,3,1,3,1,2,14,6,1,1,40,2,2
37,42,4,9,2015,4,7,4,2,2,1,1,1,1,2,2,2,2,1,19,6,1,1,37,2,2
15,42,3,9,2015,4,2,4,2,1,1,1,1,1,1,1,5,1,1,9,6,1,1,23,2,2
5,42,3,9,2015,2,2,4,2,1,1,1,1,1,1,1,5,1,1,9,6,1,1,23,2,2
23,42,4,10,2015,4,7,1,1,1,1,3,1,1,1,1,1,1,1,7,6,1,1,30,2,1
16,42,4,10,2015,4,3,4,2,1,1,3,1,1,1,1,1,1,1,9,6,1,1,35,2,2
42,42,4,10,2015,2,2,4,1,1,1,3,4,1,1,1,1,1,1,9,6,1,1,30,1,2
37,42,4,10,2015,4,7,4,2,2,1,3,1,1,1,1,3,1,1,10,6,1,1,26,2,1
2,42,4,10,2015,4,1,4,1,1,1,3,1,1,1,1,5,1,1,4,6,1,7,30,2,1
2,42,4,10,2015,1,1,4,1,1,1,3,1,1,1,1,5,1,1,4,6,1,7,28,1,2
33,42,4,10,2015,1,7,4,2,2,1,2,1,1,1,2,1,1,1,8,6,1,1,29,2,2
33,42,4,10,2015,1,1,1,2,2,1,1,1,1,1,1,5,1,1,14,6,1,1,40,2,2
33,42,4,10,2015,1,7,4,2,2,1,3,1,1,1,1,1,1,1,14,6,1,1,35,2,2
33,42,4,10,2015,1,7,4,2,2,1,1,1,1,1,1,1,1,1,9,6,1,1,30,2,2
33,42,3,10,2015,1,1,4,2,2,1,1,1,1,1,1,1,1,1,7,6,1,1,35,2,2
34,42,3,10,2015,2,7,4,2,1,1,1,1,1,1,1,1,1,1,9,5,1,7,32,2,2
34,42,4,10,2015,1,1,4,2,1,1,2,1,1,1,1,1,1,1,9,6,1,1,30,2,2
34,42,4,10,2015,1,2,4,1,1,1,2,1,1,1,1,5,1,1,8,6,1,1,35,2,2
44,42,4,10,2015,4,2,4,2,1,1,3,1,1,1,1,1,1,1,14,6,1,1,55,2,2
30,42,4,10,2015,2,7,4,2,2,1,1,1,1,1,1,2,1,1,19,6,1,1,28,2,2
14,42,4,10,2015,1,7,4,2,1,1,3,1,1,1,1,1,1,1,8,6,1,1,40,2,2
9,42,3,10,2015,1,7,4,1,1,1,3,1,1,1,1,1,1,1,7,6,1,1,28,2,2
5,42,4,10,2015,2,2,4,1,2,1,1,1,1,1,1,1,1,1,14,6,1,1,33,2,2
5,42,4,10,2015,2,1,4,2,2,1,1,1,1,1,1,1,1,1,9,6,1,1,35,2,2
5,42,3,10,2015,4,2,4,1,1,1,1,1,1,1,1,1,1,1,9,6,1,1,26,2,2
18,42,4,11,2015,1,2,4,2,1,1,2,1,1,1,1,1,1,1,14,6,1,1,40,2,2
12,42,3,11,2015,4,2,4,1,1,2,2,1,1,1,1,5,1,1,9,2,1,1,42,2,2
33,42,4,11,2015,4,1,4,2,1,1,1,1,1,1,1,1,1,1,12,6,1,1,35,2,2
48,42,4,11,2015,1,1,1,2,1,1,3,1,1,1,1,5,1,1,8,6,1,1,30,2,2
24,42,4,11,2015,1,1,1,2,2,4,2,2,1,1,1,1,1,2,14,2,2,7,30,1,2
38,42,4,11,2015,4,1,4,2,2,1,2,1,1,1,1,5,1,1,14,6,1,1,30,2,2
25,42,4,11,2015,2,2,4,1,2,1,1,2,1,1,1,1,1,1,9,2,1,1,35,2,2
1,42,4,11,2015,1,1,1,1,2,1,3,1,1,1,1,5,1,1,14,6,1,1,30,2,2
49,42,4,11,2015,4,2,4,2,2,1,3,1,1,1,1,1,1,1,6,6,1,1,25,2,2
44,42,4,11,2015,4,2,4,2,1,1,3,1,1,1,1,1,1,1,9,6,1,1,35,2,2
17,42,4,11,2015,2,2,4,1,2,1,1,1,1,1,1,1,1,1,9,6,1,1,30,2,2
17,42,3,11,2015,3,2,4,2,2,1,1,1,1,1,1,1,1,1,10,6,1,1,35,2,1
19,42,4,11,2015,4,2,4,2,1,1,2,1,1,1,1,1,1,1,9,8,1,1,22,2,2
7,42,4,11,2015,2,2,4,1,1,1,1,1,1,1,1,1,1,1,14,6,1,1,30,2,2
36,42,4,12,2015,3,2,4,1,2,1,1,1,1,1,1,1,1,1,9,6,1,1,28,2,2
13,42,3,12,2015,3,1,4,2,1,1,1,1,1,1,1,1,1,1,8,6,1,1,35,2,2
40,42,4,12,2015,4,2,4,1,1,1,3,1,1,1,1,5,1,1,14,6,1,1,32,2,2
34,42,4,12,2015,4,3,4,2,2,1,3,1,1,1,1,1,1,1,14,6,1,1,32,2,2
49,42,4,12,2015,4,2,4,1,1,1,2,1,1,1,1,1,1,1,9,6,1,1,29,2,2
48,42,4,12,2015,2,1,4,1,1,1,1,1,1,1,1,1,1,1,9,6,1,1,30,2,2
2,42,4,12,2015,2,1,2,1,1,1,1,2,1,1,1,2,1,1,9,1,1,1,30,2,2
29,42,4,12,2015,3,2,4,1,2,1,1,1,1,1,1,1,1,1,14,6,1,1,35,2,2
29,42,4,12,2015,2,2,4,1,2,1,2,1,1,1,1,1,1,1,9,6,1,1,30,2,2
33,42,4,12,2015,4,2,4,2,2,1,3,1,1,1,1,1,1,1,9,6,1,1,32,2,2
33,42,4,12,2015,2,2,4,2,2,1,3,1,1,1,1,1,1,1,8,6,1,1,40,2,2
33,42,4,12,2015,2,2,4,2,2,1,1,1,1,1,1,1,1,1,9,6,1,1,38,2,2
33,42,4,12,2015,1,1,4,2,1,1,3,1,1,1,2,2,1,1,8,6,1,1,29,2,2
17,42,4,12,2015,2,2,4,1,1,1,1,3,1,1,1,1,1,,9,6,1,1,35,2,2
46,42,4,12,2015,4,2,1,2,1,1,1,1,1,1,1,1,1,1,14,6,1,1,35,2,2
15,42,4,12,2015,4,7,4,2,1,1,1,1,1,1,1,2,2,2,9,6,1,1,30,2,2
22,42,4,12,2015,3,2,4,2,2,1,2,1,1,1,1,1,1,1,9,6,1,1,32,2,2
24,42,4,12,2015,3,2,4,2,2,1,2,1,1,1,1,5,1,1,9,6,1,1,30,2,2
44,42,4,12,2015,3,2,4,2,1,1,1,1,1,1,1,1,1,1,8,6,1,1,38,2,2
44,42,4,12,2015,3,5,4,2,1,1,2,1,1,1,1,2,1,1,9,6,1,1,35,2,2
1,42,4,12,2015,3,2,4,2,2,1,1,1,1,1,1,1,1,1,14,6,1,1,40,2,2
5,42,3,1,2015,3,1,1,2,1,1,1,1,1,1,1,5,1,1,9,6,1,1,30,2,2
5,42,3,3,2015,4,1,4,2,2,1,3,1,1,1,1,5,1,1,19,6,1,1,30,2,2
5,42,4,6,2015,3,1,4,2,1,1,1,1,1,1,1,5,1,1,13,6,1,1,38,2,2
5,42,4,11,2015,2,2,4,2,1,1,1,1,1,1,1,5,1,1,9,6,1,1,30,2,2
5,42,4,12,2015,4,1,4,2,1,1,3,1,1,1,1,5,1,1,9,6,1,1,35,2,2
19,42,4,3,2015,2,1,8,1,2,1,2,1,1,1,1,5,1,1,14,6,1,3,22,2,2
19,42,4,1,2015,3,7,1,2,1,1,1,1,1,1,1,5,1,2,5,6,1,1,30,2,2
19,42,1,3,2015,3,1,1,2,2,1,1,1,1,1,1,5,1,1,4,6,1,1,23,2,1
16,42,1,12,2015,4,2,1,1,1,1,2,1,1,1,1,5,1,1,8,6,1,1,40,2,2
28,42,4,4,2015,4,3,1,2,1,1,2,1,1,1,1,5,1,1,9,11,1,1,22,2,2
28,42,3,6,2015,3,5,6,2,1,1,1,4,1,1,1,5,1,1,8,1,1,1,30,2,2
26,42,4,8,2015,4,1,1,2,2,1,3,1,1,1,1,1,1,1,12,11,,,,,
15,42,4,8,2015,4,3,1,2,1,1,3,1,1,1,1,2,,,,,,,,2,2
5,18,3,5,2015,3,2,1,2,1,1,1,1,1,1,3,5,1,1,9,6,1,7,40,2,2
22,42,4,9,2015,1,5,4,2,1,1,3,1,1,1,1,1,1,1,8,6,1,6,,1,2
1,24,4,2,2015,2,1,1,2,2,1,1,1,1,1,1,1,1,2,14,6,1,1,36,2,2
2,24,4,2,2015,2,2,1,2,2,1,1,1,1,1,1,4,1,2,4,6,2,7,35,2,2
2,24,4,2,2015,2,4,1,2,2,1,1,2,1,1,1,2,1,1,13,6,1,1,35,2,2
5,24,4,4,2015,3,3,1,2,2,1,1,2,1,1,1,4,1,2,13,1,1,1,,2,2
1,18,3,3,2015,4,3,1,2,2,1,2,1,1,1,1,4,1,2,19,1,2,7,45,2,2
2,18,3,2,2015,1,2,8,2,2,1,1,1,1,1,1,5,1,1,4,6,1,1,24,2,2
4,18,4,2,2015,2,1,1,2,2,1,1,1,1,1,1,4,1,1,19,6,2,1,32,2,2
3,29,4,6,2015,2,1,1,2,2,1,1,1,1,1,1,1,1,1,9,6,1,1,,2,2
6,21,4,4,2015,4,1,1,2,2,1,4,1,1,1,1,2,1,2,19,6,2,1,,2,2
5,26,4,2,2015,2,1,3,2,2,1,1,1,1,2,1,1,1,1,9,6,1,1,,2,2
7,26,3,12,2015,3,1,1,2,2,1,1,2,1,2,2,4,1,2,4,9,1,1,32,2,2
8,26,4,4,2015,4,3,1,2,2,1,2,1,1,1,1,3,1,2,4,6,1,3,25,2,2
9,26,3,9,2015,2,1,1,2,2,1,2,1,1,1,1,4,1,2,13,5,1,1,40,2,2
1,20,4,4,2015,2,1,1,2,2,1,1,1,1,1,1,4,1,1,4,6,2,1,20,2,2
1,20,4,10,2015,3,1,1,2,2,1,1,4,2,2,3,5,1,2,6,6,1,3,,2,2
1,20,4,11,2015,3,1,1,2,2,1,1,1,1,1,1,2,1,2,14,6,1,1,,2,2
3,18,4,12,2015,3,1,1,2,2,1,1,1,1,1,2,3,1,2,9,6,2,1,28,2,2
6,18,4,4,2015,1,7,1,2,2,1,4,2,1,1,1,1,1,2,8,2,1,1,,2,2
7,18,4,11,2015,2,1,1,2,2,1,1,1,1,1,1,1,1,2,19,6,1,1,,2,2
2,22,4,4,2015,2,1,1,2,2,1,4,1,1,1,1,4,1,2,4,6,2,1,25,2,2
2,29,4,9,2015,2,1,1,2,2,1,1,1,1,1,1,4,1,2,6,5,1,1,,2,2
5,29,4,8,2015,2,1,1,2,2,1,1,1,1,1,1,1,1,1,19,6,1,1,,2,2
8,29,4,7,2015,3,2,1,2,2,1,1,1,1,1,1,1,1,2,9,3,1,3,35,2,2
8,29,4,8,2015,4,1,1,2,2,1,4,1,1,1,1,5,1,2,2,5,1,1,60,2,2
5,29,4,4,2015,1,1,1,2,2,1,1,1,1,1,1,2,1,2,19,6,1,1,,2,2
8,29,4,12,2015,1,1,1,2,2,1,1,1,1,1,1,2,2,2,8,6,1,1,50,2,2
2,22,4,6,2015,3,1,1,2,2,1,1,1,1,1,1,4,1,2,19,6,1,1,35,2,2
3,22,4,3,2015,4,1,2,2,2,1,3,1,1,1,1,1,1,1,9,6,1,1,35,2,2
3,22,4,9,2015,2,1,4,2,1,1,1,1,1,1,1,1,2,,7,6,1,1,,2,2
1,24,4,6,2015,1,7,7,2,2,1,1,1,1,1,1,1,1,2,12,6,1,1,,2,2
1,24,4,8,2015,1,1,1,2,2,1,3,1,1,1,1,1,1,1,19,6,1,1,,2,2
1,24,4,10,2015,2,1,1,2,2,1,4,1,1,1,1,4,1,1,9,6,1,1,,2,2
1,24,4,10,2015,4,1,1,2,2,1,3,1,1,1,1,3,1,1,14,6,1,7,,1,2
1,24,4,10,2015,1,1,5,2,1,1,1,1,1,1,1,2,1,2,8,2,1,1,,2,2
1,24,4,11,2015,2,1,2,2,2,1,1,1,1,1,1,4,1,2,9,6,1,7,,1,2
1,24,4,11,2015,1,1,1,2,2,1,2,1,1,1,1,1,1,2,14,6,1,7,,1,2
1,24,4,12,2015,2,1,2,2,2,1,1,1,1,1,1,1,1,2,9,6,1,1,,1,2
4,24,4,2,2015,4,1,1,2,2,1,2,1,1,1,2,4,1,2,9,6,1,1,30,2,2
5,24,4,8,2015,2,1,1,2,2,2,1,2,2,1,2,4,1,2,14,6,1,1,,2,2
5,24,4,8,2015,2,1,3,2,2,1,1,1,1,1,1,1,1,2,14,6,1,1,54,2,2
5,24,4,8,2015,2,1,8,2,2,1,1,1,1,1,1,1,1,2,14,1,1,1,,2,2
5,29,4,5,2015,1,,1,2,2,1,1,1,1,1,1,1,2,2,9,6,1,1,,2,2
8,29,4,12,2015,1,1,5,2,1,1,1,1,1,1,1,1,2,,8,6,1,1,50,2,2
1,24,3,11,2015,3,7,1,2,2,1,1,1,1,1,1,5,1,1,4,5,1,1,,2,2
41,24,4,11,2015,2,1,1,2,2,1,1,1,1,1,1,2,1,2,9,6,,7,,2,2
6,28,4,3,2015,4,7,8,2,2,1,3,1,1,1,1,5,1,1,14,11,2,7,47,2,2
8,28,4,6,2015,3,7,8,2,2,1,2,1,1,1,1,5,1,2,19,11,2,7,,1,2
7,28,4,7,2015,4,7,8,2,2,1,2,1,1,1,1,5,1,2,19,11,2,7,,1,2
2,28,4,12,2015,2,7,8,2,1,1,1,1,1,1,1,5,1,1,9,2,1,7,30,2,2
3,28,3,9,2015,2,7,1,1,2,1,4,2,1,1,1,5,1,1,4,11,1,1,,2,2
6,28,4,10,2015,3,1,1,1,2,1,1,1,1,1,1,5,1,1,4,11,1,1,,2,2
1,16,4,1,2015,4,3,1,2,2,4,4,1,1,1,1,2,1,1,14,6,1,1,40,2,2
11,16,4,1,2015,3,,1,2,2,1,1,1,1,1,1,1,1,2,8,6,,,22,2,2